# hmmsearch :: search profile(s) against a sequence database
# HMMER 3.3.2 (Nov 2020); http://hmmer.org/
# Copyright (C) 2020 Howard Hughes Medical Institute.
# Freely distributed under the BSD open source license.
# - - - - - - - - - - - - - - - - - - - - - - - - - - - - - - - - - - - -
# query HMM file:                  ../output/hmm_round_3/ihelix_round3_hmm.hmm
# target sequence database:        ../input/databases/pfam_cytochrome_p450_sequences.fasta
# MSA of all hits saved to file:   ../output/hmm_search_3/pfam/4//ihelixhits_e_0p0001_z__T_.aln
# sequence reporting threshold:    E-value <= 0.0001
# - - - - - - - - - - - - - - - - - - - - - - - - - - - - - - - - - - - -

Query:       Round3_FinalIHelix  [M=33]
Scores for complete sequences (score includes all domains):
   --- full sequence ---   --- best 1 domain ---    -#dom-
    E-value  score  bias    E-value  score  bias    exp  N  Sequence                       Description
    ------- ------ -----    ------- ------ -----   ---- --  --------                       -----------
      2e-16   63.0  12.3       0.54   15.1   0.0    7.0  6  tr|A0A8J4WTT4|A0A8J4WTT4_CLAMG  Germinal-center associated nucle
      5e-16   61.7  10.7      0.077   17.7   0.0    6.0  5  tr|T1IQ14|T1IQ14_STRMM          Cytochrome P450 OS=Strigamia mar
    2.4e-15   59.6  19.7        0.4   15.5   0.1    8.0  6  tr|A0A7R8X8W7|A0A7R8X8W7_9CRUS  Cytochrome P450 (Fragment) OS=Da
    4.2e-14   55.7   0.8    2.1e-05   28.7   0.1    2.7  2  tr|A0A914TY97|A0A914TY97_9BILA  Cytochrome P450 OS=Panagrolaimus
    3.7e-11   46.6  17.6       0.35   15.7   0.2    5.8  5  tr|A0A2P4UUB4|A0A2P4UUB4_CAERE  Cytochrome P450 OS=Caenorhabditi
    1.5e-09   41.6   2.6      0.001   23.5   0.2    2.7  2  tr|A0A6P8J260|A0A6P8J260_ACTTE  Uncharacterized protein LOC11630
    3.2e-09   40.6   2.8        0.2   16.4   0.0    4.4  4  tr|A0A7R9AEE9|A0A7R9AEE9_9CRUS  Cytochrome P450 (Fragment) OS=Da
    4.9e-09   40.0   2.7     0.0061   21.1   0.4    2.8  2  tr|A0A6H0JLQ2|A0A6H0JLQ2_APHGO  Cytochrome P450 monooxygenase CY
    5.3e-09   39.9   1.9       0.69   14.7   0.1    3.8  3  tr|A0A9D3SN64|A0A9D3SN64_9TELE  Cytochrome P450 OS=Hemibagrus wy
    8.8e-09   39.2   2.8      0.024   19.3   0.2    2.9  2  tr|A0A7R8D2R9|A0A7R8D2R9_LEPSM  (salmon louse) hypothetical prot
    9.5e-09   39.1   2.8      0.025   19.2   0.2    2.9  2  tr|A0A7R8D2D1|A0A7R8D2D1_LEPSM  (salmon louse) hypothetical prot
      1e-08   39.0   3.5       0.39   15.5   0.1    3.6  3  tr|A0A182K8E3|A0A182K8E3_9DIPT  Cytochrome P450 OS=Anopheles chr
    1.4e-08   38.6   4.5     0.0079   20.8   0.4    2.6  2  tr|A0A6J2X2Z7|A0A6J2X2Z7_SITOR  Uncharacterized protein LOC11587
    2.3e-08   37.9   7.1      0.014   20.0   0.8    3.0  2  tr|A0A3Q0JHQ7|A0A3Q0JHQ7_DIACI  Uncharacterized protein LOC10351
    2.7e-08   37.7   1.2      0.011   20.3   0.1    2.7  2  tr|A0A498NHQ1|A0A498NHQ1_LABRO  Sterol 26-mitochondrial-like pro
    3.9e-08   37.2  22.9        1.4   13.8   0.2    5.4  4  tr|A0AA47P344|A0AA47P344_MERPO  Cytochrome P450 2D15 OS=Merlucci
    4.1e-08   37.1   8.4       0.68   14.8   0.2    3.5  3  tr|C3XV68|C3XV68_BRAFL          Cytochrome P450 OS=Branchiostoma
    4.2e-08   37.1   9.6       0.78   14.6   0.1    5.7  5  tr|A0A182NTP7|A0A182NTP7_9DIPT  Cytochrome P450 OS=Anopheles dir
    4.4e-08   37.1   7.0     0.0052   21.3   0.2    3.0  2  tr|A0A9J6AKC7|A0A9J6AKC7_SOLCO  Cytochrome P450 OS=Solanum comme
      5e-08   36.9   1.3       0.05   18.3   0.1    2.7  2  tr|A0A8S1CB21|A0A8S1CB21_9INSE  Cytochrome P450 OS=Cloeon dipter
    5.3e-08   36.8   7.0     0.0059   21.2   0.2    3.0  2  tr|M1DND6|M1DND6_SOLTU          Cytochrome P450 OS=Solanum tuber
    5.6e-08   36.7   7.0      0.017   19.8   0.8    2.6  2  tr|A0A2A4K8G4|A0A2A4K8G4_HELVI  Cytochrome P450 301a1, mitochond
    5.7e-08   36.7   3.8      0.018   19.7   0.3    2.8  2  tr|A0A7R9BFG6|A0A7R9BFG6_9CRUS  Cytochrome P450 OS=Notodromas mo
    6.1e-08   36.6   4.6        9.7   11.2   0.0    5.2  4  tr|A0A8J6HEY8|A0A8J6HEY8_TENMO  HAT C-terminal dimerisation doma
    9.1e-08   36.1   0.2       0.17   16.6   0.0    2.8  2  tr|A0A1I7RLW6|A0A1I7RLW6_BURXY  Cytochrome P450 OS=Bursaphelench
    9.7e-08   36.0   9.3        1.2   14.0   0.3    4.0  3  tr|A0A8J4UMJ4|A0A8J4UMJ4_CLAMG  Cytochrome P450 2F2-like OS=Clar
    1.7e-07   35.3   0.2    2.3e-07   34.9   0.2    1.2  1  tr|A0A146B458|A0A146B458_BUBBU  Cytochrome P450 aromatase (Fragm
    2.1e-07   35.0   4.1          4   12.4   0.1    4.7  4  tr|A0A2P4USE4|A0A2P4USE4_CAERE  Uncharacterized protein OS=Caeno
    2.1e-07   35.0   9.8       0.49   15.2   0.9    3.9  3  tr|A0A5C6MWB6|A0A5C6MWB6_9TELE  Cytochrome P450 2J2 OS=Takifugu 
    2.1e-07   34.9   4.6      0.081   17.6   0.4    3.1  2  tr|E3NG39|E3NG39_CAERE          CYtochrome P450 family OS=Caenor
    3.5e-07   34.3   0.2    6.8e-07   33.4   0.2    1.5  1  tr|A0A2J8VBN7|A0A2J8VBN7_PONAB  Aromatase (Fragment) OS=Pongo ab
    3.5e-07   34.3   0.2    6.8e-07   33.4   0.2    1.5  1  tr|A0A2J8NSX2|A0A2J8NSX2_PANTR  Aromatase (Fragment) OS=Pan trog
    3.5e-07   34.3   0.2    6.9e-07   33.4   0.2    1.4  1  tr|H0YK57|H0YK57_HUMAN          Aromatase (Fragment) OS=Homo sap
    3.8e-07   34.2   7.8        4.2   12.3   0.1    5.0  4  tr|A0A261CMN1|A0A261CMN1_9PELO  Cytochrome P450 (Fragment) OS=Ca
    4.1e-07   34.1   6.2         29    9.7   0.1    6.4  5  tr|A0A0D9YNE9|A0A0D9YNE9_9ORYZ  Cytochrome P450 OS=Oryza glumipa
    5.1e-07   33.8  35.9        2.1   13.3   1.0    7.9  6  tr|A0A498MRQ1|A0A498MRQ1_LABRO  Cytochrome P450 2J2-like isoform
    5.1e-07   33.8   7.3      0.058   18.1   0.8    2.8  2  tr|A0A8H3GYA2|A0A8H3GYA2_9AGAM  Benzoate 4-monooxygenase OS=Rhiz
    5.3e-07   33.7   2.1       0.12   17.1   0.1    2.9  2  tr|A0A7R9Q1U2|A0A7R9Q1U2_9ACAR  Cytochrome P450 OS=Medioppia sub
    5.3e-07   33.7   7.6        4.2   12.3   0.1    4.8  4  tr|A0A2P4WPX1|A0A2P4WPX1_CAERE  Cytochrome P450 OS=Caenorhabditi
    6.8e-07   33.4   1.8     0.0083   20.7   0.2    2.6  2  tr|A0A6J1N4F9|A0A6J1N4F9_BICAN  Uncharacterized protein LOC11204
    7.4e-07   33.3   3.8        3.7   12.5   0.1    5.8  4  tr|A0A0D3F1P3|A0A0D3F1P3_9ORYZ  Cytochrome P450 OS=Oryza barthii
    7.8e-07   33.2   3.1          9   11.3   0.1    3.7  3  tr|A0A182XZZ6|A0A182XZZ6_ANOST  Uncharacterized protein OS=Anoph
    7.9e-07   33.2   1.2    2.9e-06   31.4   0.2    2.4  1  tr|A0A2J8NSW7|A0A2J8NSW7_PANTR  Aromatase (Fragment) OS=Pan trog
      8e-07   33.1   1.2    2.9e-06   31.4   0.2    2.4  1  tr|E7EQ08|E7EQ08_HUMAN          Aromatase OS=Homo sapiens OX=960
    8.1e-07   33.1   1.2      3e-06   31.4   0.2    2.4  1  tr|Q7Z471|Q7Z471_HUMAN          Aromatase (Fragment) OS=Homo sap
    8.2e-07   33.1   0.2    1.8e-06   32.1   0.2    1.5  1  tr|A3EYF4|A3EYF4_BUBBU          Aromatase cytochrome P450 (Fragm
    8.3e-07   33.1   1.2    2.9e-06   31.4   0.2    2.4  1  tr|A0A2J8VBP2|A0A2J8VBP2_PONAB  Aromatase (Fragment) OS=Pongo ab
    8.6e-07   33.1   1.2      3e-06   31.4   0.2    2.4  1  tr|Q05CU4|Q05CU4_HUMAN          Aromatase (Fragment) OS=Homo sap
    9.4e-07   32.9   0.5    2.2e-05   28.7   0.3    2.7  1  tr|A0A8J6FXK7|A0A8J6FXK7_MICOH  Aromatase OS=Microtus ochrogaste
      1e-06   32.8   1.5    0.00069   24.1   0.2    3.3  2  tr|H3ALV3|H3ALV3_LATCH          Cytochrome P450 family 19 subfam
    1.2e-06   32.6   1.0    4.6e-06   30.8   0.2    2.4  1  tr|A0A1D5QZ23|A0A1D5QZ23_MACMU  Aromatase OS=Macaca mulatta OX=9
    1.2e-06   32.6   1.0    4.6e-06   30.8   0.2    2.4  1  tr|A0A8J8XT54|A0A8J8XT54_MACMU  Aromatase OS=Macaca mulatta OX=9
    1.2e-06   32.6   1.0    4.6e-06   30.8   0.2    2.4  1  tr|A0A8J8YF18|A0A8J8YF18_MACFA  Aromatase OS=Macaca fascicularis
    1.2e-06   32.6   1.0    4.6e-06   30.8   0.2    2.4  1  tr|Q95LY0|Q95LY0_MACFA          Aromatase OS=Macaca fascicularis
    1.3e-06   32.5   2.4    5.8e-05   27.4   0.5    3.5  1  tr|A0A8C5PHZ9|A0A8C5PHZ9_9ANUR  aromatase OS=Leptobrachium leish
    1.7e-06   32.2   0.8    7.4e-06   30.2   0.2    2.4  1  tr|A0A8C0R3Y2|A0A8C0R3Y2_CANLU  Aromatase OS=Canis lupus dingo O
    1.8e-06   32.1   0.4    7.6e-06   30.1   0.4    2.1  1  tr|A0A8X7XPU8|A0A8X7XPU8_POLSE  aromatase (Fragment) OS=Polypter
    1.8e-06   32.1   1.4    4.6e-06   30.8   0.2    2.4  1  tr|A0A2K6CXJ1|A0A2K6CXJ1_MACNE  Aromatase OS=Macaca nemestrina O
    1.8e-06   32.1   1.4    4.6e-06   30.8   0.2    2.4  1  tr|A0A2J8NSX0|A0A2J8NSX0_PANTR  Aromatase OS=Pan troglodytes OX=
    1.8e-06   32.1   1.4    4.6e-06   30.8   0.2    2.4  1  tr|A0A6D2Y496|A0A6D2Y496_PANTR  Aromatase OS=Pan troglodytes OX=
    1.8e-06   32.1   1.4    4.6e-06   30.8   0.2    2.4  1  tr|A0A2K5KCE1|A0A2K5KCE1_COLAP  Aromatase OS=Colobus angolensis 
    1.8e-06   32.1   1.4    4.6e-06   30.8   0.2    2.4  1  tr|A0A2K5L4E2|A0A2K5L4E2_CERAT  Aromatase OS=Cercocebus atys OX=
    1.8e-06   32.1   1.4    4.6e-06   30.8   0.2    2.4  1  tr|Q45RG7|Q45RG7_HUMAN          Aromatase OS=Homo sapiens OX=960
    1.8e-06   32.1   1.4    4.6e-06   30.8   0.2    2.4  1  tr|Q8IYG4|Q8IYG4_HUMAN          Aromatase OS=Homo sapiens OX=960
    1.8e-06   32.1   1.4    4.6e-06   30.8   0.2    2.3  1  tr|A8K6W3|A8K6W3_HUMAN          Aromatase OS=Homo sapiens OX=960
    1.8e-06   32.1   1.4    4.6e-06   30.8   0.2    2.3  1  tr|A0A2K6N010|A0A2K6N010_RHIBE  Aromatase OS=Rhinopithecus bieti
    1.8e-06   32.1   1.4    4.6e-06   30.8   0.2    2.3  1  tr|A0A2K6NTQ0|A0A2K6NTQ0_RHIRO  Aromatase OS=Rhinopithecus roxel
    1.8e-06   32.1   1.4    4.6e-06   30.8   0.2    2.3  1  tr|A0A8C9GPQ8|A0A8C9GPQ8_9PRIM  Aromatase OS=Piliocolobus tephro
    1.8e-06   32.0   1.4    4.6e-06   30.8   0.2    2.3  1  sp|P11511|CP19A_HUMAN           Aromatase OS=Homo sapiens OX=960
    1.8e-06   32.0   1.4    4.6e-06   30.8   0.2    2.3  1  tr|A0A2R9A604|A0A2R9A604_PANPA  Aromatase OS=Pan paniscus OX=959
    1.8e-06   32.0   1.4    4.6e-06   30.8   0.2    2.3  1  tr|G3RDS5|G3RDS5_GORGO          Aromatase OS=Gorilla gorilla gor
    1.8e-06   32.0   1.4    4.6e-06   30.8   0.2    2.3  1  tr|A0A096NM34|A0A096NM34_PAPAN  Aromatase OS=Papio anubis OX=955
    1.8e-06   32.0   1.4    4.6e-06   30.8   0.2    2.3  1  tr|A0A0D9RFI7|A0A0D9RFI7_CHLSB  Aromatase OS=Chlorocebus sabaeus
    1.8e-06   32.0   1.4    4.6e-06   30.8   0.2    2.3  1  tr|A0A2K6A906|A0A2K6A906_MANLE  Aromatase OS=Mandrillus leucopha
    1.8e-06   32.0   1.4    4.6e-06   30.8   0.2    2.3  1  tr|A0A8D2K1I4|A0A8D2K1I4_THEGE  Aromatase OS=Theropithecus gelad
    1.9e-06   32.0   1.4    4.6e-06   30.8   0.2    2.3  1  tr|A0A6D2WR21|A0A6D2WR21_PONAB  Aromatase OS=Pongo abelii OX=960
    1.9e-06   32.0   1.4    4.6e-06   30.8   0.2    2.3  1  tr|A0A2I3NHQ8|A0A2I3NHQ8_PAPAN  Aromatase OS=Papio anubis OX=955
    2.1e-06   31.8   0.2    9.1e-06   29.9   0.2    2.2  1  tr|A0A8D1I0T9|A0A8D1I0T9_PIG    Uncharacterized protein OS=Sus s
    2.2e-06   31.8   0.2    1.2e-05   29.5   0.2    2.3  1  sp|P46194|CP19A_BOVIN           Aromatase OS=Bos taurus OX=9913 
    2.2e-06   31.8   0.9    2.2e-05   28.7   0.2    2.7  1  tr|A0A6P3FG77|A0A6P3FG77_OCTDE  Aromatase OS=Octodon degus OX=10
    2.2e-06   31.8   3.0       0.14   16.9   0.5    2.8  2  tr|A0A6J1P1G8|A0A6J1P1G8_BICAN  Uncharacterized protein LOC11205
    2.3e-06   31.8   0.9    2.5e-05   28.5   0.2    2.8  1  tr|H0VPL2|H0VPL2_CAVPO          Aromatase OS=Cavia porcellus OX=
    2.3e-06   31.8   0.7       0.68   14.8   0.0    3.0  2  tr|Q4STF7|Q4STF7_TETNG          (spotted green pufferfish) hypot
    2.4e-06   31.7   1.7      5e-06   30.7   0.2    2.4  1  tr|A0A1S3AAJ1|A0A1S3AAJ1_ERIEU  aromatase OS=Erinaceus europaeus
    2.4e-06   31.7   0.2    6.3e-06   30.4   0.2    1.8  1  tr|A0A8D1SXV6|A0A8D1SXV6_PIG    aromatase OS=Sus scrofa OX=9823 
    2.5e-06   31.6   0.2    8.2e-06   30.0   0.2    1.9  1  tr|A0A643BN43|A0A643BN43_BALPH  Cytochrome P450 family 19 subfam
    2.5e-06   31.6   0.2    1.2e-05   29.5   0.2    2.2  1  tr|A0A340X6F7|A0A340X6F7_LIPVE  aromatase OS=Lipotes vexillifer 
    2.5e-06   31.6   0.2    1.2e-05   29.5   0.2    2.2  1  tr|A0A8C6D9I3|A0A8C6D9I3_MOSMO  aromatase OS=Moschus moschiferus
    2.5e-06   31.6   2.5        3.3   12.6   0.1    4.9  4  tr|A0A0D3F1P4|A0A0D3F1P4_9ORYZ  Cytochrome P450 OS=Oryza barthii
    2.6e-06   31.6   0.2    1.2e-05   29.5   0.2    2.2  1  tr|L8I947|L8I947_9CETA          aromatase OS=Bos mutus OX=72004 
    2.6e-06   31.6   0.2    1.2e-05   29.5   0.2    2.2  1  tr|A0A4W2G0D8|A0A4W2G0D8_BOBOX  aromatase OS=Bos indicus x Bos t
    2.6e-06   31.6   0.2    1.2e-05   29.5   0.2    2.2  1  tr|A0A6B0RA67|A0A6B0RA67_9CETA  aromatase OS=Bos mutus OX=72004 
    2.6e-06   31.6   0.2    1.2e-05   29.5   0.2    2.2  1  tr|A0A6P5CER6|A0A6P5CER6_BOSIN  aromatase OS=Bos indicus OX=9915
    2.6e-06   31.6   0.2    1.2e-05   29.5   0.2    2.2  1  tr|F2Z4F2|F2Z4F2_BOVIN          aromatase OS=Bos taurus OX=9913 
    2.6e-06   31.6   0.7    1.1e-05   29.6   0.2    2.3  1  tr|A0A6P6HHE0|A0A6P6HHE0_PUMCO  aromatase OS=Puma concolor OX=96
    2.7e-06   31.5   0.2    8.9e-06   29.9   0.2    2.0  1  tr|A0A8D1QUM0|A0A8D1QUM0_PIG    aromatase OS=Sus scrofa OX=9823 
    2.7e-06   31.5   0.2    1.2e-05   29.5   0.2    2.2  1  tr|K7TVY1|K7TVY1_BUBBU          aromatase OS=Bubalus bubalis OX=
    2.7e-06   31.5   0.2    7.8e-06   30.1   0.2    1.8  1  tr|A0A212CTA7|A0A212CTA7_CEREH  CYP19A1 (Fragment) OS=Cervus ela
    2.8e-06   31.5   1.1    4.4e-05   27.8   0.2    3.1  1  tr|A0A8C2VRD8|A0A8C2VRD8_CHILA  Aromatase OS=Chinchilla lanigera
    2.8e-06   31.5   0.2    1.2e-05   29.5   0.2    2.2  1  tr|Q208A6|Q208A6_BUBBU          aromatase OS=Bubalus bubalis OX=
    2.8e-06   31.5   0.2    9.4e-06   29.8   0.2    2.0  1  tr|P79286|P79286_PIG            aromatase OS=Sus scrofa OX=9823 
    2.8e-06   31.5   0.2    9.4e-06   29.8   0.2    2.0  1  tr|A0A4X1SYE6|A0A4X1SYE6_PIG    aromatase OS=Sus scrofa OX=9823 
    2.8e-06   31.5   0.2    9.4e-06   29.8   0.2    2.0  1  tr|I3LPP5|I3LPP5_PIG            aromatase OS=Sus scrofa OX=9823 
    2.8e-06   31.5   0.2    7.2e-06   30.2   0.2    1.7  1  tr|A0A8D1SVX4|A0A8D1SVX4_PIG    aromatase OS=Sus scrofa OX=9823 
    2.8e-06   31.5   0.2    9.4e-06   29.8   0.2    2.0  1  tr|A0A8D0NN40|A0A8D0NN40_PIG    aromatase OS=Sus scrofa OX=9823 
    2.8e-06   31.4   0.2    1.2e-05   29.5   0.2    2.2  1  tr|A0A8C2P619|A0A8C2P619_CAPHI  aromatase OS=Capra hircus OX=992
    2.9e-06   31.4   0.4    8.4e-06   30.0   0.4    1.9  1  tr|A0A5N3V6P0|A0A5N3V6P0_MUNMU  Cytochrome P450 family 19 subfam
    2.9e-06   31.4   0.2    9.4e-06   29.8   0.2    2.0  1  tr|A0A8D1YA89|A0A8D1YA89_PIG    aromatase OS=Sus scrofa OX=9823 
    2.9e-06   31.4   0.2    9.6e-06   29.8   0.2    1.9  1  tr|G3T3M3|G3T3M3_LOXAF          aromatase OS=Loxodonta africana 
    2.9e-06   31.4   0.7       0.17   16.6   0.0    2.9  2  tr|A0A8J2RD02|A0A8J2RD02_9CRUS  S1 motif domain-containing prote
    2.9e-06   31.4   0.2    9.4e-06   29.8   0.2    2.0  1  tr|A0A8D0VSZ3|A0A8D0VSZ3_PIG    aromatase OS=Sus scrofa OX=9823 
    2.9e-06   31.4   4.8       0.23   16.3   0.4    2.6  2  tr|A0A0B7G0E2|A0A0B7G0E2_THACB  Uncharacterized protein OS=Thana
    2.9e-06   31.4   0.2    1.3e-05   29.4   0.2    2.2  1  tr|A0A8C2PDH2|A0A8C2PDH2_CAPHI  aromatase OS=Capra hircus OX=992
    2.9e-06   31.4   0.2    1.1e-05   29.7   0.2    2.0  1  tr|W5QIJ0|W5QIJ0_SHEEP          aromatase OS=Ovis aries OX=9940 
      3e-06   31.4   3.4        3.9   12.4   0.1    4.7  4  tr|A0A260ZQ36|A0A260ZQ36_CAERE  Uncharacterized protein (Fragmen
      3e-06   31.4   0.7    1.3e-05   29.4   0.2    2.4  1  tr|A0A4U1EBV8|A0A4U1EBV8_MONMO  Cytochrome P450 family 19 subfam
    3.1e-06   31.4   0.2    1.3e-05   29.4   0.2    2.2  1  sp|Q6YI21|CP19A_CAPHI           Aromatase OS=Capra hircus OX=992
    3.1e-06   31.4   0.2    1.3e-05   29.4   0.2    2.2  1  sp|Q9XS28|CP19A_SHEEP           Aromatase OS=Ovis aries OX=9940 
    3.1e-06   31.3   0.2    8.1e-06   30.0   0.2    1.8  1  tr|A0A5N4E3E5|A0A5N4E3E5_CAMDR  aromatase OS=Camelus dromedarius
    3.1e-06   31.3   0.2    1.2e-05   29.5   0.2    2.1  1  tr|A0A7J8JT89|A0A7J8JT89_MOLMO  aromatase OS=Molossus molossus O
    3.1e-06   31.3   0.4    1.3e-05   29.4   0.2    2.1  1  tr|G5C8S5|G5C8S5_HETGA          Aromatase OS=Heterocephalus glab
    3.2e-06   31.3   1.6      8e-06   30.1   0.4    2.4  1  tr|A0A8C4T3V6|A0A8C4T3V6_ERPCA  aromatase OS=Erpetoichthys calab
    3.4e-06   31.2   0.2    8.7e-06   29.9   0.2    1.8  1  tr|A0A5N4E2D8|A0A5N4E2D8_CAMDR  aromatase (Fragment) OS=Camelus 
    3.4e-06   31.2   0.2    9.1e-06   29.9   0.2    1.8  1  tr|A0A6J3A280|A0A6J3A280_VICPA  aromatase OS=Vicugna pacos OX=30
    3.5e-06   31.2   2.0    3.6e-06   31.1   0.2    2.0  1  tr|Q2XVA0|Q2XVA0_MACFA          Aromatase (Fragment) OS=Macaca f
    3.6e-06   31.1   0.2      1e-05   29.7   0.2    1.8  1  tr|A0A2Y9MJL7|A0A2Y9MJL7_DELLE  aromatase OS=Delphinapterus leuc
    3.6e-06   31.1   0.9    1.3e-05   29.4   0.2    2.3  1  tr|A0A6P6HHH2|A0A6P6HHH2_PUMCO  aromatase OS=Puma concolor OX=96
    3.6e-06   31.1   0.2    1.5e-05   29.2   0.2    2.1  1  sp|Q29624|CP19A_PIG             Aromatase 1 OS=Sus scrofa OX=982
    3.7e-06   31.1   4.1       0.14   16.9   0.5    3.0  2  tr|A0A6J8EGF9|A0A6J8EGF9_MYTCO  Cytochrome P450 3A41,Cytochrome 
    3.7e-06   31.1   6.8       0.32   15.8   0.1    4.8  3  tr|A0A553PP19|A0A553PP19_TIGCA  Cytochrome P450 (Fragment) OS=Ti
    3.7e-06   31.1   0.2    1.9e-05   28.9   0.2    2.3  1  tr|G1PEN3|G1PEN3_MYOLU          aromatase OS=Myotis lucifugus OX
    3.8e-06   31.1   0.2    1.3e-05   29.4   0.2    2.0  1  tr|A0A8D1QUG3|A0A8D1QUG3_PIG    aromatase OS=Sus scrofa OX=9823 
    3.8e-06   31.1   0.2    1.9e-05   28.9   0.2    2.2  1  tr|S7PEE2|S7PEE2_MYOBR          aromatase OS=Myotis brandtii OX=
    3.9e-06   31.0   0.2    1.5e-05   29.2   0.2    2.1  1  tr|A0A5S6HC39|A0A5S6HC39_PIG    aromatase OS=Sus scrofa OX=9823 
    3.9e-06   31.0   0.2    1.5e-05   29.2   0.2    2.1  1  tr|A0A8D1Y6K2|A0A8D1Y6K2_PIG    aromatase OS=Sus scrofa OX=9823 
    3.9e-06   31.0   0.1    1.7e-05   29.0   0.1    2.2  1  tr|A0A8C9B464|A0A8C9B464_PHOSS  aromatase OS=Phocoena sinus OX=4
    3.9e-06   31.0   0.2    1.5e-05   29.2   0.2    2.1  1  tr|A0A8D0VRV5|A0A8D0VRV5_PIG    aromatase OS=Sus scrofa OX=9823 
    3.9e-06   31.0   0.2    1.1e-05   29.6   0.2    1.9  1  tr|Q9TSH1|Q9TSH1_PIG            aromatase (Fragment) OS=Sus scro
    3.9e-06   31.0   0.2    1.5e-05   29.2   0.2    2.1  1  tr|A0A8D0NPU7|A0A8D0NPU7_PIG    aromatase OS=Sus scrofa OX=9823 
    3.9e-06   31.0   0.2    1.5e-05   29.2   0.2    2.1  1  tr|A0A8D0ZCU4|A0A8D0ZCU4_PIG    aromatase OS=Sus scrofa OX=9823 
    3.9e-06   31.0   0.1    1.7e-05   29.0   0.1    2.2  1  sp|Q69FB6|CP19A_LAGAC           Aromatase OS=Lagenorhynchus acut
    3.9e-06   31.0   0.1    1.7e-05   29.0   0.1    2.2  1  tr|A0A8C6BIC7|A0A8C6BIC7_MONMO  aromatase OS=Monodon monoceros O
      4e-06   31.0   0.1    1.7e-05   29.0   0.1    2.2  1  tr|A0A2Y9MYF4|A0A2Y9MYF4_DELLE  aromatase OS=Delphinapterus leuc
      4e-06   31.0   0.8    0.00013   26.3   0.3    2.8  1  tr|A0A6J1UPQ4|A0A6J1UPQ4_9SAUR  aromatase OS=Notechis scutatus O
      4e-06   31.0   0.2    9.9e-06   29.8   0.2    1.7  1  tr|A0A9W3GRH6|A0A9W3GRH6_CAMBA  aromatase OS=Camelus bactrianus 
      4e-06   31.0   3.5    6.4e-05   27.2   0.5    3.4  1  tr|A0A8C5PHM5|A0A8C5PHM5_9ANUR  aromatase OS=Leptobrachium leish
      4e-06   31.0   1.3    1.2e-05   29.5   0.2    2.5  1  tr|A0A383Z5M0|A0A383Z5M0_BALAS  aromatase OS=Balaenoptera acutor
      4e-06   31.0   9.2        9.1   11.3   0.3    4.4  3  tr|A0A226MIA2|A0A226MIA2_CALSU  Cytochrome P450 2J2 (Fragment) O
      4e-06   31.0   1.3    1.2e-05   29.5   0.2    2.5  1  tr|A0A2Y9S1I1|A0A2Y9S1I1_PHYMC  aromatase OS=Physeter macrocepha
    4.1e-06   31.0   9.9        4.7   12.2   0.2    4.0  3  tr|A0A8S4BMR2|A0A8S4BMR2_9TELE  (Atlantic silverside) hypothetic
    4.1e-06   31.0   0.1    1.7e-05   29.0   0.1    2.2  1  tr|A0A341B5G2|A0A341B5G2_NEOAA  aromatase OS=Neophocaena asiaeor
    4.1e-06   31.0   1.3      1e-05   29.7   0.2    2.3  1  tr|A0A6J2BAC1|A0A6J2BAC1_ZALCA  aromatase OS=Zalophus california
    4.1e-06   30.9   1.3      1e-05   29.7   0.2    2.3  1  tr|A0A2Y9HJM6|A0A2Y9HJM6_NEOSC  aromatase OS=Neomonachus schauin
    4.2e-06   30.9   0.2    1.2e-05   29.5   0.2    1.8  1  tr|A0A7J7FBI8|A0A7J7FBI8_DICBM  aromatase OS=Diceros bicornis mi
    4.2e-06   30.9   0.1    1.7e-05   29.0   0.1    2.1  1  tr|A0A6J3R1G7|A0A6J3R1G7_TURTR  aromatase OS=Tursiops truncatus 
    4.2e-06   30.9   0.1    1.4e-05   29.3   0.1    2.0  1  tr|A0A4U1EC89|A0A4U1EC89_MONMO  aromatase (Fragment) OS=Monodon 
    4.3e-06   30.9   0.2    1.9e-05   28.9   0.2    2.2  1  tr|L5MCK1|L5MCK1_MYODS          aromatase OS=Myotis davidii OX=2
    4.3e-06   30.9   0.7    1.3e-05   29.4   0.2    2.2  1  tr|A0A8B6YCQ2|A0A8B6YCQ2_CAMFR  aromatase OS=Camelus ferus OX=41
    4.3e-06   30.9   0.2    1.5e-05   29.2   0.2    2.0  1  tr|A0A8D1QW76|A0A8D1QW76_PIG    aromatase OS=Sus scrofa OX=9823 
    4.5e-06   30.8   0.2    1.9e-05   28.9   0.2    2.1  1  tr|A0A7J8AJN1|A0A7J8AJN1_MYOMY  aromatase OS=Myotis myotis OX=51
    4.6e-06   30.8   6.0        6.5   11.7   0.1    4.0  3  tr|A0A6P4YM69|A0A6P4YM69_BRABE  Uncharacterized protein LOC10946
    4.6e-06   30.8   1.3    1.2e-05   29.5   0.2    2.4  1  tr|A0A8B8WR26|A0A8B8WR26_BALMU  aromatase OS=Balaenoptera muscul
    4.6e-06   30.8   1.2    1.5e-05   29.2   0.2    2.5  1  tr|A0A8D1E091|A0A8D1E091_PIG    aromatase OS=Sus scrofa OX=9823 
    4.7e-06   30.8   1.4    1.3e-05   29.4   0.2    2.5  1  tr|A0A8B6ZCI0|A0A8B6ZCI0_ORYAF  aromatase OS=Orycteropus afer af
    4.7e-06   30.8   5.8        6.1   11.8   0.1    5.7  4  tr|A0A0E0CGV1|A0A0E0CGV1_9ORYZ  Cytochrome P450 OS=Oryza meridio
    4.8e-06   30.7   2.6        0.2   16.4   0.2    3.0  2  tr|A0A0L0C020|A0A0L0C020_LUCCU  Cytochrome P450 12a5, mitochondr
    4.8e-06   30.7   1.8    9.2e-06   29.9   0.2    2.4  1  tr|A0A8D1E2U5|A0A8D1E2U5_PIG    aromatase OS=Sus scrofa OX=9823 
    4.9e-06   30.7   1.3    1.2e-05   29.5   0.2    2.3  1  sp|Q5QQX7|CP19A_CANLF           Aromatase OS=Canis lupus familia
    4.9e-06   30.7   1.3    1.2e-05   29.5   0.2    2.3  1  tr|A0A3Q7TH54|A0A3Q7TH54_VULVU  aromatase OS=Vulpes vulpes OX=96
    4.9e-06   30.7   1.3    1.2e-05   29.5   0.2    2.3  1  tr|A0A8C0TCX1|A0A8C0TCX1_CANLF  aromatase OS=Canis lupus familia
    4.9e-06   30.7   1.3    1.2e-05   29.5   0.2    2.3  1  tr|A0A8I3PXC9|A0A8I3PXC9_CANLF  aromatase OS=Canis lupus familia
    4.9e-06   30.7   1.3    1.2e-05   29.5   0.2    2.3  1  tr|A0A811Y5L1|A0A811Y5L1_NYCPR  aromatase OS=Nyctereutes procyon
      5e-06   30.7   1.3    1.2e-05   29.5   0.2    2.3  1  tr|A0A3Q7Q1J8|A0A3Q7Q1J8_CALUR  aromatase OS=Callorhinus ursinus
      5e-06   30.7   1.3    1.2e-05   29.5   0.2    2.3  1  tr|A0A2U3VNE3|A0A2U3VNE3_ODORO  aromatase OS=Odobenus rosmarus d
      5e-06   30.7   1.3    1.2e-05   29.5   0.2    2.3  1  tr|A0A2U3YTF3|A0A2U3YTF3_LEPWE  aromatase OS=Leptonychotes wedde
      5e-06   30.7   1.3    1.2e-05   29.5   0.2    2.3  1  tr|A0A6J2B7T1|A0A6J2B7T1_ZALCA  aromatase OS=Zalophus california
      5e-06   30.7   1.3    1.2e-05   29.5   0.2    2.3  1  tr|A0A2Y9HDD8|A0A2Y9HDD8_NEOSC  aromatase OS=Neomonachus schauin
      5e-06   30.7   1.4    1.1e-05   29.6   0.2    2.3  1  tr|K7NAC7|K7NAC7_LYNPA          aromatase OS=Lynx pardinus OX=19
      5e-06   30.7   1.0    1.6e-05   29.1   0.2    2.4  1  tr|A0A2Y9MJE2|A0A2Y9MJE2_DELLE  Aromatase-like OS=Delphinapterus
      5e-06   30.7   0.2      2e-05   28.8   0.2    2.1  1  tr|A0A836A5V0|A0A836A5V0_SHEEP  aromatase OS=Ovis aries OX=9940 
    5.1e-06   30.7   1.8       0.38   15.6   0.1    2.7  2  tr|A0A1B0F0M7|A0A1B0F0M7_PHLPP  Cytochrome P450 OS=Phlebotomus p
    5.1e-06   30.7   1.4    1.1e-05   29.6   0.2    2.3  1  tr|K7N9Z5|K7N9Z5_FELCA          aromatase OS=Felis catus OX=9685
    5.1e-06   30.7   0.7    1.3e-05   29.4   0.2    2.1  1  tr|A0A5N4E2I3|A0A5N4E2I3_CAMDR  aromatase OS=Camelus dromedarius
    5.1e-06   30.7   0.3    1.2e-05   29.5   0.3    1.6  1  tr|A0A1A6GMM0|A0A1A6GMM0_NEOLE  Aromatase (Fragment) OS=Neotoma 
    5.2e-06   30.6   2.8       0.13   17.0   0.2    2.9  2  tr|A0A260ZHC3|A0A260ZHC3_CAERE  CYtochrome P450 family (Fragment
    5.3e-06   30.6   1.3    1.2e-05   29.5   0.2    2.3  1  tr|G3UND5|G3UND5_LOXAF          aromatase OS=Loxodonta africana 
    5.3e-06   30.6   1.0    1.3e-05   29.4   0.2    2.2  1  tr|A0A384DAX2|A0A384DAX2_URSMA  aromatase OS=Ursus maritimus OX=
    5.3e-06   30.6   1.0    1.3e-05   29.4   0.2    2.2  1  tr|C9K5T2|C9K5T2_URSTH          aromatase OS=Ursus thibetanus ja
    5.3e-06   30.6   1.0    1.3e-05   29.4   0.2    2.2  1  tr|D2HEH6|D2HEH6_AILME          aromatase (Fragment) OS=Ailuropo
    5.3e-06   30.6   1.0    1.2e-05   29.5   0.2    2.1  1  tr|A0A452QBZ3|A0A452QBZ3_URSAM  aromatase OS=Ursus americanus OX
    5.3e-06   30.6   0.6    4.2e-05   27.8   0.2    2.7  1  tr|A0A8J5ZPF1|A0A8J5ZPF1_GALPY  aromatase (Fragment) OS=Galemys 
    5.4e-06   30.6   0.9    1.5e-05   29.2   0.1    2.3  1  tr|A0A9B0T5R1|A0A9B0T5R1_CHRAS  aromatase OS=Chrysochloris asiat
    5.5e-06   30.6   0.2    2.3e-05   28.6   0.2    2.1  1  tr|A0AA40HX56|A0AA40HX56_EPTNI  Aromatase OS=Eptesicus nilssonii
    5.6e-06   30.5   1.4    1.3e-05   29.4   0.2    2.3  1  tr|A0A5N4E2N3|A0A5N4E2N3_CAMDR  aromatase OS=Camelus dromedarius
    5.9e-06   30.5   1.4    1.3e-05   29.4   0.2    2.3  1  tr|A0A8B8T4L6|A0A8B8T4L6_CAMFR  aromatase OS=Camelus ferus OX=41
    5.9e-06   30.5   1.4    1.2e-05   29.6   0.2    2.2  1  tr|S9Y8A1|S9Y8A1_CAMFR          aromatase OS=Camelus ferus OX=41
    6.1e-06   30.4   0.9    2.1e-05   28.7   0.2    2.4  1  sp|Q29605|CP19A_RABIT           Aromatase OS=Oryctolagus cunicul
    6.1e-06   30.4   1.4    1.3e-05   29.4   0.2    2.3  1  tr|A0A667GXF9|A0A667GXF9_LYNCA  aromatase OS=Lynx canadensis OX=
    6.1e-06   30.4   1.4    1.3e-05   29.4   0.2    2.3  1  tr|K7NAI8|K7NAI8_LYNPA          aromatase OS=Lynx pardinus OX=19
    6.1e-06   30.4   1.4    1.3e-05   29.4   0.2    2.3  1  tr|A0A6I9ZI52|A0A6I9ZI52_ACIJB  aromatase OS=Acinonyx jubatus OX
    6.1e-06   30.4   1.4    1.3e-05   29.4   0.2    2.3  1  tr|A0A8C8WMB9|A0A8C8WMB9_PANLE  aromatase OS=Panthera leo OX=968
    6.1e-06   30.4   1.4    1.3e-05   29.4   0.2    2.3  1  tr|A0A8C9J912|A0A8C9J912_PANTA  aromatase OS=Panthera tigris alt
    6.1e-06   30.4   1.4    1.3e-05   29.4   0.2    2.3  1  tr|A0A9W2UFY1|A0A9W2UFY1_PANPR  aromatase OS=Panthera pardus OX=
    6.2e-06   30.4   1.4    1.3e-05   29.4   0.2    2.3  1  tr|A0A6G1AXR0|A0A6G1AXR0_CROCR  aromatase (Fragment) OS=Crocuta 
    6.2e-06   30.4   1.4    1.3e-05   29.4   0.2    2.3  1  tr|K7NAJ2|K7NAJ2_FELCA          aromatase OS=Felis catus OX=9685
    6.3e-06   30.4   1.7    1.2e-05   29.5   0.2    2.3  1  tr|H0WJG7|H0WJG7_OTOGA          Aromatase OS=Otolemur garnettii 
    6.6e-06   30.3   1.5    1.6e-05   29.2   0.3    2.3  1  tr|G1R3I0|G1R3I0_NOMLE          Aromatase OS=Nomascus leucogenys
    6.7e-06   30.3   2.0        0.5   15.2   0.3    3.0  2  tr|A0A182Y1B2|A0A182Y1B2_ANOST  Uncharacterized protein OS=Anoph
    7.2e-06   30.2   1.3        2.9   12.8   0.0    4.0  2  tr|A0A811KXK1|A0A811KXK1_9BILA  CYtochrome P450 family OS=Bursap
    7.4e-06   30.2   1.0         21   10.1   0.0    3.8  3  tr|A0A6G1ED27|A0A6G1ED27_9ORYZ  Cytochrome P450 OS=Oryza meyeria
    7.4e-06   30.2   1.0    2.1e-05   28.7   0.2    2.3  1  tr|A0A341B782|A0A341B782_NEOAA  aromatase OS=Neophocaena asiaeor
    7.4e-06   30.2   3.4    0.00052   24.4   0.2    3.1  2  tr|F7ADA9|F7ADA9_ORNAN          aromatase OS=Ornithorhynchus ana
    7.5e-06   30.1   1.0    2.1e-05   28.7   0.2    2.3  1  tr|A0A8C9B7K7|A0A8C9B7K7_PHOSS  aromatase OS=Phocoena sinus OX=4
    7.5e-06   30.1   0.2      2e-05   28.8   0.2    1.8  1  tr|A0A8D1DGT6|A0A8D1DGT6_PIG    aromatase OS=Sus scrofa OX=9823 
    7.6e-06   30.1   0.2      3e-05   28.3   0.2    2.1  1  tr|A0A8D1CL66|A0A8D1CL66_PIG    aromatase OS=Sus scrofa OX=9823 
    7.8e-06   30.1   2.1       0.49   15.2   0.2    2.8  2  tr|A0A7R8YLE5|A0A7R8YLE5_HERIL  Cytochrome P450 OS=Hermetia illu
    7.8e-06   30.1   0.2    3.3e-05   28.2   0.2    2.1  1  tr|A0A7J8AZ37|A0A7J8AZ37_PIPKU  aromatase OS=Pipistrellus kuhlii
    7.9e-06   30.1   1.0    2.1e-05   28.7   0.2    2.3  1  tr|A0A8C6BGT4|A0A8C6BGT4_MONMO  aromatase OS=Monodon monoceros O
      8e-06   30.1   1.0    2.1e-05   28.7   0.2    2.2  1  tr|A0A6J3R200|A0A6J3R200_TURTR  aromatase OS=Tursiops truncatus 
    8.1e-06   30.0   1.2    2.1e-05   28.7   0.2    2.3  1  tr|A0A8C9A8Q6|A0A8C9A8Q6_PROSS  Aromatase OS=Prolemur simus OX=1
    8.8e-06   29.9   0.7       0.52   15.1   0.1    2.7  2  tr|A0A182TWT1|A0A182TWT1_9DIPT  Uncharacterized protein OS=Anoph
    8.9e-06   29.9   1.2    2.7e-05   28.4   0.1    2.4  1  tr|A0A8D2AQY8|A0A8D2AQY8_SCIVU  Aromatase OS=Sciurus vulgaris OX
    8.9e-06   29.9   0.2    3.2e-05   28.2   0.2    2.0  1  tr|A0A8D0R3G1|A0A8D0R3G1_PIG    aromatase OS=Sus scrofa OX=9823 
      9e-06   29.9   1.1    6.8e-05   27.2   0.2    2.7  1  tr|A0A6J2L7H2|A0A6J2L7H2_9CHIR  aromatase OS=Phyllostomus discol
    9.1e-06   29.9   1.2    2.6e-05   28.5   0.1    2.4  1  tr|A0AA41MIZ6|A0AA41MIZ6_SCICA  Aromatase OS=Sciurus carolinensi
    9.5e-06   29.8   2.9       0.57   15.0   0.2    2.4  2  tr|A0A5N4CXY9|A0A5N4CXY9_CAMDR  unspecific monooxygenase OS=Came
    9.5e-06   29.8   0.7       0.52   15.1   0.1    2.6  2  tr|A0A8W7PEZ2|A0A8W7PEZ2_ANOCL  Cytochrome P450 OS=Anopheles col
    9.5e-06   29.8   0.2    3.2e-05   28.2   0.2    2.0  1  tr|A0A8D0M1N2|A0A8D0M1N2_PIG    aromatase OS=Sus scrofa OX=9823 
      1e-05   29.7   2.4    1.2e-05   29.5   0.2    2.4  1  tr|A0A6P3H2N8|A0A6P3H2N8_BISBB  aromatase OS=Bison bison bison O
    1.1e-05   29.6   2.4      0.069   17.8   0.2    2.4  2  tr|A0A8J4XUZ7|A0A8J4XUZ7_CHIOP  Cytochrome P450 2L1 OS=Chionoece
    1.1e-05   29.6  15.7      0.057   18.1   0.5    5.1  4  tr|V8NF26|V8NF26_OPHHA          Cytochrome protein (Fragment) OS
    1.1e-05   29.6   1.3    2.7e-05   28.4   0.2    2.3  1  tr|A0A8B7G920|A0A8B7G920_MICMU  Aromatase OS=Microcebus murinus 
    1.1e-05   29.6   0.2    4.8e-05   27.7   0.2    2.2  1  tr|A0A8D0YPX2|A0A8D0YPX2_PIG    aromatase OS=Sus scrofa OX=9823 
    1.1e-05   29.6   2.5         32    9.6   0.1    4.1  3  tr|A0AA88UMX3|A0AA88UMX3_9ASTE  Uncharacterized protein OS=Escal
    1.2e-05   29.5   0.8         26    9.9   0.0    4.1  3  tr|A0A2H5P5B7|A0A2H5P5B7_CITUN  Cytochrome P450 OS=Citrus unshiu
    1.2e-05   29.5   0.2    5.4e-05   27.5   0.2    2.2  1  tr|A0A6J0VMY1|A0A6J0VMY1_ODOVR  aromatase OS=Odocoileus virginia
    1.2e-05   29.5   0.1       0.29   15.9   0.0    3.0  2  tr|A0A8T2LIQ0|A0A8T2LIQ0_ASTMX  Cytochrome P450, family 2, subfa
    1.2e-05   29.5   0.5      0.048   18.3   0.1    3.0  2  tr|A0A1B0FKE5|A0A1B0FKE5_GLOMM  Cytochrome P450 OS=Glossina mors
    1.2e-05   29.5   2.8       0.86   14.5   0.1    3.0  2  tr|A0A835L9E4|A0A835L9E4_SPOEX  Cytochrome p450 OS=Spodoptera ex
    1.2e-05   29.5   0.2    4.5e-05   27.7   0.2    2.1  1  tr|A0A8D0YL82|A0A8D0YL82_PIG    aromatase OS=Sus scrofa OX=9823 
    1.2e-05   29.5   0.2      5e-05   27.6   0.2    2.2  1  tr|A0A8D0M1T3|A0A8D0M1T3_PIG    aromatase OS=Sus scrofa OX=9823 
    1.2e-05   29.5   2.6         28    9.8   0.1    3.9  3  tr|A0AA89BBT7|A0AA89BBT7_9ASTE  Uncharacterized protein (Fragmen
    1.2e-05   29.5   0.2    5.1e-05   27.6   0.2    2.1  1  tr|A0A6P3PXK2|A0A6P3PXK2_PTEVA  aromatase OS=Pteropus vampyrus O
    1.3e-05   29.4   2.3      2e-05   28.8   0.3    2.5  1  sp|Q95M61|CP19A_CALJA           Aromatase OS=Callithrix jacchus 
    1.3e-05   29.4   1.5    5.5e-05   27.5   0.6    2.4  1  tr|B2L5T0|B2L5T0_9PIPI          Cytochrome P450 aromatase alpha 
    1.3e-05   29.4   0.2    4.5e-05   27.7   0.2    2.0  1  tr|A0A8D0YPF1|A0A8D0YPF1_PIG    aromatase OS=Sus scrofa OX=9823 
    1.3e-05   29.4   0.2    6.3e-05   27.3   0.2    2.2  1  tr|A0A5N3XLE2|A0A5N3XLE2_MUNRE  aromatase OS=Muntiacus reevesi O
    1.3e-05   29.4   2.3      2e-05   28.8   0.3    2.5  1  tr|F7HXX8|F7HXX8_CALJA          Aromatase OS=Callithrix jacchus 
    1.3e-05   29.4   2.3      2e-05   28.8   0.3    2.5  1  tr|A0A2K6UJX8|A0A2K6UJX8_SAIBB  Aromatase OS=Saimiri boliviensis
    1.3e-05   29.4   2.3      2e-05   28.8   0.3    2.5  1  tr|A0A2K5CLZ5|A0A2K5CLZ5_AOTNA  Aromatase OS=Aotus nancymaae OX=
    1.3e-05   29.4   2.3      2e-05   28.8   0.3    2.5  1  tr|A0A2K5PZK7|A0A2K5PZK7_CEBIM  Aromatase OS=Cebus imitator OX=2
    1.3e-05   29.4   2.3      2e-05   28.8   0.3    2.5  1  tr|A0A6J3JH06|A0A6J3JH06_SAPAP  Aromatase OS=Sapajus apella OX=9
    1.3e-05   29.4   0.2    6.1e-05   27.3   0.2    2.2  1  tr|A0A8C3WXA2|A0A8C3WXA2_9CETA  aromatase OS=Catagonus wagneri O
    1.3e-05   29.4   2.2    1.9e-05   28.9   0.4    2.3  1  tr|A0A2Y9DN13|A0A2Y9DN13_TRIMA  aromatase OS=Trichechus manatus 
    1.4e-05   29.3   0.2    3.8e-05   28.0   0.2    1.8  1  tr|A0A8D1H6W3|A0A8D1H6W3_PIG    aromatase OS=Sus scrofa OX=9823 
    1.4e-05   29.3   0.2    3.8e-05   28.0   0.2    1.8  1  tr|L5K169|L5K169_PTEAL          aromatase OS=Pteropus alecto OX=
    1.4e-05   29.3   3.3         30    9.7   0.1    4.1  3  tr|A0A498LSD6|A0A498LSD6_LABRO  Cytochrome P450 2J6-like protein
    1.5e-05   29.2   1.2    3.2e-05   28.2   0.2    2.2  1  tr|A0A287BIF0|A0A287BIF0_PIG    aromatase OS=Sus scrofa OX=9823 
    1.5e-05   29.2   1.2    3.2e-05   28.2   0.2    2.2  1  tr|A0A4X1SX35|A0A4X1SX35_PIG    aromatase OS=Sus scrofa OX=9823 
    1.5e-05   29.2   0.8    4.4e-05   27.7   0.2    2.2  1  tr|A0A673U6S3|A0A673U6S3_SURSU  aromatase OS=Suricata suricatta 
    1.5e-05   29.2   0.9      5e-05   27.6   0.2    2.4  1  sp|P79430|CP192_PIG             Aromatase 2 OS=Sus scrofa OX=982
    1.5e-05   29.2   0.2    4.7e-05   27.7   0.2    1.8  1  tr|A0A5N3UVP4|A0A5N3UVP4_MUNMU  aromatase (Fragment) OS=Muntiacu
    1.6e-05   29.2   0.9      5e-05   27.6   0.2    2.4  1  tr|A0A4X1SYG6|A0A4X1SYG6_PIG    aromatase OS=Sus scrofa OX=9823 
    1.6e-05   29.2   0.9      5e-05   27.6   0.2    2.4  1  tr|I3LP12|I3LP12_PIG            aromatase OS=Sus scrofa OX=9823 
    1.6e-05   29.1   0.2    4.4e-05   27.7   0.2    1.8  1  tr|A0A8D1N4R1|A0A8D1N4R1_PIG    aromatase OS=Sus scrofa OX=9823 
    1.7e-05   29.1   2.6         36    9.4   0.1    3.9  3  tr|A0AA88WY17|A0AA88WY17_9ASTE  Uncharacterized protein (Fragmen
    1.7e-05   29.0   0.2    1.7e-05   29.0   0.2    2.4  1  tr|Q28684|Q28684_RABIT          Aromatase OS=Oryctolagus cunicul
    1.7e-05   29.0   0.2    7.2e-05   27.1   0.2    2.1  1  tr|A0A8B8WR71|A0A8B8WR71_BALMU  aromatase OS=Balaenoptera muscul
    1.8e-05   29.0   0.2    5.1e-05   27.6   0.2    1.8  1  tr|A0A834BB55|A0A834BB55_9CHIR  aromatase OS=Phyllostomus discol
    1.8e-05   29.0   0.3    7.9e-05   27.0   0.3    2.2  1  tr|A0A7J8IHS3|A0A7J8IHS3_ROUAE  aromatase OS=Rousettus aegyptiac
    1.8e-05   29.0   1.5    3.8e-05   28.0   0.2    2.3  1  tr|A0A8B7T294|A0A8B7T294_HIPAR  aromatase OS=Hipposideros armige
    1.8e-05   29.0   2.3    3.3e-05   28.1   0.3    2.6  1  sp|P28649|CP19A_MOUSE           Aromatase OS=Mus musculus OX=100
    1.8e-05   29.0   2.3    3.3e-05   28.1   0.3    2.6  1  tr|Q3ZAT3|Q3ZAT3_MOUSE          Aromatase OS=Mus musculus OX=100
    1.8e-05   28.9   5.6       0.46   15.3   0.5    2.7  2  tr|A0A3Q0IZM7|A0A3Q0IZM7_DIACI  Probable cytochrome P450 303a1 O
    1.9e-05   28.9   0.9      5e-05   27.6   0.2    2.2  1  tr|A0A8D0R0D6|A0A8D0R0D6_PIG    aromatase OS=Sus scrofa OX=9823 
      2e-05   28.8   0.3      2e-05   28.8   0.3    2.2  1  tr|G3I0C1|G3I0C1_CRIGR          Aromatase OS=Cricetulus griseus 
    2.1e-05   28.8   0.3    4.6e-05   27.7   0.3    1.6  1  tr|Q4R1I5|Q4R1I5_HYNRE          aromatase (Fragment) OS=Hynobius
    2.1e-05   28.7   0.2    2.1e-05   28.7   0.2    2.8  1  tr|G1T309|G1T309_RABIT          Aromatase OS=Oryctolagus cunicul
    2.2e-05   28.7   0.8      4e-05   27.9   0.8    1.4  1  tr|A0A7K9HX61|A0A7K9HX61_9AVES  CP19A Aromatase (Fragment) OS=Bu
    2.2e-05   28.7   2.4    2.4e-05   28.6   0.3    2.3  1  tr|A0A061IC63|A0A061IC63_CRIGR  Aromatase OS=Cricetulus griseus 
    2.2e-05   28.7   0.8      4e-05   27.9   0.8    1.4  1  tr|A0A7K4RBA1|A0A7K4RBA1_9TYRA  CP19A Aromatase (Fragment) OS=Ne
    2.3e-05   28.6   2.0    4.4e-05   27.8   0.3    2.4  1  tr|A0A7J7XP55|A0A7J7XP55_RHIFE  aromatase OS=Rhinolophus ferrume
    2.3e-05   28.6   2.0    4.4e-05   27.8   0.3    2.4  1  tr|A0A671DUA0|A0A671DUA0_RHIFE  aromatase OS=Rhinolophus ferrume
    2.3e-05   28.6   2.3    2.8e-05   28.4   0.3    2.3  1  tr|A0A1L1SUD6|A0A1L1SUD6_MOUSE  Aromatase OS=Mus musculus OX=100
    2.4e-05   28.6   0.5    6.6e-05   27.2   0.5    1.7  1  tr|U4U9R9|U4U9R9_DENPD          Cytochrome P450 OS=Dendroctonus 
    2.4e-05   28.6   1.1    0.00024   25.5   0.3    2.7  1  tr|A0A9Q0XEC6|A0A9Q0XEC6_9SAUR  aromatase OS=Phrynocephalus fors
    2.4e-05   28.6   2.6    2.7e-05   28.4   0.4    2.4  1  tr|A0A6I9L4Y5|A0A6I9L4Y5_PERMB  Aromatase OS=Peromyscus manicula
    2.5e-05   28.5   1.1    7.2e-05   27.1   0.2    2.3  1  tr|A0A2Y9S6F2|A0A2Y9S6F2_PHYMC  aromatase OS=Physeter macrocepha
    2.6e-05   28.5   0.2       0.14   16.9   0.1    3.7  2  tr|A0A914EZI6|A0A914EZI6_9BILA  Cytochrome P450 OS=Panagrolaimus
    2.6e-05   28.5   1.7    5.5e-05   27.5   0.6    2.2  1  tr|B2L5T2|B2L5T2_9PIPI          Cytochrome P450 aromatase beta (
    2.6e-05   28.5   1.7    5.5e-05   27.5   0.6    2.2  1  tr|B2L5T1|B2L5T1_9PIPI          Cytochrome P450 aromatase alpha 
    2.6e-05   28.5   0.3    7.3e-05   27.1   0.3    1.7  1  tr|A0A0D6A8G6|A0A0D6A8G6_ANGDI  Cytochrome P450 aromatase (Fragm
    2.7e-05   28.4   1.1    7.2e-05   27.1   0.2    2.3  1  tr|A0A383Z5Y1|A0A383Z5Y1_BALAS  aromatase OS=Balaenoptera acutor
    2.7e-05   28.4   1.1    7.2e-05   27.1   0.2    2.3  1  tr|A0A8B8WR03|A0A8B8WR03_BALMU  aromatase OS=Balaenoptera muscul
    2.8e-05   28.4   5.5     0.0017   22.8   0.2    3.8  2  tr|A0A6Q2YLN5|A0A6Q2YLN5_ESOLU  Cytochrome P450, family 19, subf
    2.9e-05   28.3   1.8    0.00014   26.2   1.8    2.2  1  tr|A0A6L2PVA0|A0A6L2PVA0_COPFO  Cytochrome P450 OS=Coptotermes f
    3.1e-05   28.2   4.4        3.8   12.4   0.1    4.6  3  tr|A0A261CKC4|A0A261CKC4_9PELO  Cytochrome P450 (Fragment) OS=Ca
    3.2e-05   28.2   0.5    3.2e-05   28.2   0.5    3.0  1  tr|C0KWX6|C0KWX6_XENTR          Cytochrome P450 aromatase (Fragm
    3.2e-05   28.2   0.4     0.0001   26.6   0.4    1.9  1  tr|Q6IWP6|Q6IWP6_ANGJA          Neural aromatase (Fragment) OS=A
    3.3e-05   28.2   1.8    0.00012   26.4   1.8    2.0  1  tr|C1K313|C1K313_RETFL          Cytochrome p450 OS=Reticuliterme
    3.4e-05   28.1   1.5    9.4e-05   26.7   1.5    1.8  1  tr|D6CJJ9|D6CJJ9_BLAGE          CYP15A1 protein (Fragment) OS=Bl
    3.4e-05   28.1   0.6         69    8.5   0.0    3.9  3  tr|A0A0N5CBL9|A0A0N5CBL9_STREA  Cytochrome P450 18a1 (inferred b
    3.4e-05   28.1   0.2    6.8e-05   27.2   0.2    1.5  1  tr|A0A914K8F0|A0A914K8F0_9BILA  Cytochrome P450 OS=Panagrolaimus
    3.4e-05   28.1   1.1    0.00013   26.3   0.3    2.5  1  tr|A0A091E299|A0A091E299_FUKDA  Cytochrome P450 19A1 OS=Fukomys 
    3.4e-05   28.1   1.6      9e-05   26.8   0.5    2.3  1  tr|I1VJ28|I1VJ28_DENPD          Cytochrome P450 CYP393a1 OS=Dend
    3.4e-05   28.1   4.1      4e-05   27.9   0.2    3.0  1  tr|A0A1S3ENI8|A0A1S3ENI8_DIPOR  Aromatase OS=Dipodomys ordii OX=
    3.6e-05   28.0   2.8      4e-05   27.9   0.3    2.4  1  tr|A0A8D2HCL7|A0A8D2HCL7_UROPR  Aromatase OS=Urocitellus parryii
    3.6e-05   28.0   2.8      4e-05   27.9   0.3    2.4  1  tr|A0A8C9P470|A0A8C9P470_SPEDA  Aromatase OS=Spermophilus dauric
    3.7e-05   28.0   2.8      4e-05   27.9   0.3    2.4  1  tr|I3M742|I3M742_ICTTR          Aromatase OS=Ictidomys trideceml
    3.7e-05   28.0   0.3    8.6e-05   26.9   0.3    1.6  1  tr|A0A6P9AZY3|A0A6P9AZY3_PANGU  Aromatase-like OS=Pantherophis g
    3.8e-05   28.0   2.3    4.2e-05   27.8   0.3    2.2  1  tr|A0A1U7QCQ7|A0A1U7QCQ7_MESAU  Aromatase OS=Mesocricetus auratu
    3.8e-05   28.0   0.1     0.0019   22.7   0.1    2.8  1  tr|A0A7I8W8N4|A0A7I8W8N4_9ANNE  DgyrCDS12723 OS=Dimorphilus gyro
    3.9e-05   27.9   3.3         23   10.0   0.1    4.5  3  tr|A0A9D3ZKZ3|A0A9D3ZKZ3_9ROSI  Cytochrome P450 OS=Gossypium sto
    3.9e-05   27.9   5.5     0.0021   22.5   0.2    4.0  2  tr|A0A6Q2YQZ7|A0A6Q2YQZ7_ESOLU  aromatase OS=Esox lucius OX=8010
      4e-05   27.9   5.5       0.45   15.3   0.5    2.6  2  tr|U4UH14|U4UH14_DENPD          Cytochrome P450 OS=Dendroctonus 
    4.1e-05   27.9   0.2    0.00013   26.3   0.2    1.9  1  tr|A0A0M4H5A4|A0A0M4H5A4_9CUCU  Cytochrome P450 OS=Dendroctonus 
    4.1e-05   27.9   1.3    0.00011   26.5   0.2    2.4  1  tr|A0A2K6FYZ2|A0A2K6FYZ2_PROCO  Aromatase OS=Propithecus coquere
    4.2e-05   27.8   5.5     0.0021   22.5   0.2    3.9  2  tr|A0A6Q2WTG5|A0A6Q2WTG5_ESOLU  aromatase OS=Esox lucius OX=8010
    4.3e-05   27.8   2.5        4.4   12.3   0.1    3.8  3  tr|A0A1I8F2M7|A0A1I8F2M7_9PLAT  Cytochrome P450 OS=Macrostomum l
    4.3e-05   27.8   5.5     0.0021   22.5   0.2    3.9  2  tr|A0A6Q2XVT8|A0A6Q2XVT8_ESOLU  aromatase OS=Esox lucius OX=8010
    4.3e-05   27.8   1.3    0.00022   25.6   0.5    2.6  1  tr|A0A161CLL7|A0A161CLL7_ANDDA  aromatase OS=Andrias davidianus 
    4.4e-05   27.8   0.5        1.6   13.6   0.1    2.8  2  tr|A0A1Q3CYL3|A0A1Q3CYL3_CEPFO  p450 domain-containing protein (
    4.5e-05   27.7   0.1    9.3e-05   26.8   0.1    1.5  1  tr|A0A914YUU0|A0A914YUU0_9BILA  Cytochrome P450 OS=Panagrolaimus
    4.5e-05   27.7   1.5    0.00027   25.3   0.3    2.6  1  tr|A0AA97KMB4|A0AA97KMB4_EUBMA  aromatase OS=Eublepharis macular
    4.6e-05   27.7   0.3    0.00017   25.9   0.3    2.1  1  tr|A0A1U7UBR7|A0A1U7UBR7_CARSF  Aromatase OS=Carlito syrichta OX
    4.7e-05   27.7   0.3    0.00012   26.5   0.3    1.7  1  tr|A0A0L0BP54|A0A0L0BP54_LUCCU  Putative cytochrome P450 12d1 pr
    4.7e-05   27.7   5.5     0.0022   22.5   0.2    3.9  2  tr|A0A6Q2YS14|A0A6Q2YS14_ESOLU  aromatase OS=Esox lucius OX=8010
    4.7e-05   27.7   5.5     0.0021   22.5   0.2    3.9  2  tr|A0A6Q2X349|A0A6Q2X349_ESOLU  aromatase OS=Esox lucius OX=8010
    4.9e-05   27.6   2.5        4.6   12.2   0.1    3.8  3  tr|A0A1I8IDM8|A0A1I8IDM8_9PLAT  Cytochrome P450 OS=Macrostomum l
    4.9e-05   27.6   0.2        2.9   12.8   0.0    3.0  2  tr|A0A8T0EDM9|A0A8T0EDM9_ARGBR  Cytochrome P450 4c3 like protein
      5e-05   27.6   1.0      5e-05   27.6   1.0    1.8  1  tr|A0A067QFQ4|A0A067QFQ4_ZOONE  Cytochrome P450 2U1 OS=Zootermop
      5e-05   27.6   5.5     0.0021   22.6   0.2    3.7  2  tr|A0A6Q2XAY6|A0A6Q2XAY6_ESOLU  aromatase OS=Esox lucius OX=8010
      5e-05   27.6   0.1    0.00086   23.8   0.1    2.7  1  tr|A0A401PVY6|A0A401PVY6_SCYTO  aromatase OS=Scyliorhinus toraza
    5.1e-05   27.6   1.1    0.00043   24.7   0.3    2.7  1  tr|A0A6J0THM9|A0A6J0THM9_9SAUR  aromatase OS=Pogona vitticeps OX
    5.1e-05   27.6   0.0    0.00018   25.9   0.0    2.0  1  tr|V5K5D4|V5K5D4_LEPDE          Cytochrome P450 413a1 OS=Leptino
    5.1e-05   27.6   0.1    0.00014   26.2   0.1    1.8  1  tr|A8XD01|A8XD01_CAEBR          Protein CBR-CYP-35C1 OS=Caenorha
    5.2e-05   27.5   5.5     0.0023   22.4   0.2    3.9  2  tr|A0A3P8ZGF8|A0A3P8ZGF8_ESOLU  aromatase OS=Esox lucius OX=8010
    5.3e-05   27.5   5.5     0.0022   22.5   0.2    3.9  2  tr|A0A6Q2YR36|A0A6Q2YR36_ESOLU  aromatase OS=Esox lucius OX=8010
    5.3e-05   27.5   5.5     0.0023   22.4   0.2    3.9  2  tr|A0A6Q2XTB2|A0A6Q2XTB2_ESOLU  aromatase OS=Esox lucius OX=8010
    5.3e-05   27.5   0.6    9.3e-05   26.8   0.6    1.4  1  tr|A0A7L3ATP7|A0A7L3ATP7_9AVES  CP19A Aromatase (Fragment) OS=Sy
    5.4e-05   27.5   0.1       0.95   14.3   0.0    3.0  2  tr|A0A8J4RIJ4|A0A8J4RIJ4_9ROSI  Cytochrome P450 OS=Castanea moll
    5.4e-05   27.5   0.6    8.7e-05   26.8   0.6    1.3  1  tr|A0A7L4HE75|A0A7L4HE75_PODST  CP19A Aromatase (Fragment) OS=Po
    5.6e-05   27.4   1.2    0.00043   24.7   0.3    2.6  1  tr|A0A9F2NVB8|A0A9F2NVB8_PYTBI  aromatase OS=Python bivittatus O
    5.6e-05   27.4   0.1    0.00022   25.6   0.1    2.1  1  tr|A0A2Y9S2P9|A0A2Y9S2P9_PHYMC  aromatase OS=Physeter macrocepha
    5.6e-05   27.4   0.5    5.6e-05   27.4   0.5    2.9  1  tr|A0A974DCV6|A0A974DCV6_XENLA  aromatase OS=Xenopus laevis OX=8
    5.6e-05   27.4   0.5    5.6e-05   27.4   0.5    2.9  1  tr|Q68FK0|Q68FK0_XENLA          aromatase OS=Xenopus laevis OX=8
    5.6e-05   27.4   0.5    5.6e-05   27.4   0.5    2.9  1  tr|Q9IBE6|Q9IBE6_XENLA          aromatase OS=Xenopus laevis OX=8
      6e-05   27.3   2.0      0.019   19.6   0.3    3.3  2  tr|A0A9W7TQ03|A0A9W7TQ03_TRIRA  Cytochrome P450 2J2 OS=Triplophy
      6e-05   27.3   0.5      6e-05   27.3   0.5    2.6  1  tr|U4UG23|U4UG23_DENPD          Cytochrome P450 OS=Dendroctonus 
      6e-05   27.3   2.5        4.9   12.1   0.1    3.8  3  tr|A0A1I8J256|A0A1I8J256_9PLAT  Cytochrome P450 OS=Macrostomum l
    6.1e-05   27.3   0.8    8.2e-05   26.9   0.2    1.5  1  tr|A0A0U2S7G9|A0A0U2S7G9_CYPCA  Cytochrome P450 family 19 (Fragm
    6.1e-05   27.3   0.7     0.0018   22.7   0.3    2.7  1  tr|A0A670Z1Q8|A0A670Z1Q8_PSETE  aromatase OS=Pseudonaja textilis
    6.1e-05   27.3   0.4    6.1e-05   27.3   0.4    2.8  1  tr|A0A803K279|A0A803K279_XENTR  aromatase OS=Xenopus tropicalis 
    6.1e-05   27.3   0.5    0.00027   25.3   0.3    2.2  1  tr|Q402H1|Q402H1_EUBMA          aromatase OS=Eublepharis macular
    6.2e-05   27.3   5.5       0.59   15.0   0.5    2.7  2  tr|N6TN81|N6TN81_DENPD          Cytochrome P450 CYP347b1 (Fragme
    6.4e-05   27.2   0.8    0.00011   26.5   0.8    1.4  1  tr|A0A7K8SNU8|A0A7K8SNU8_9AVES  CP19A Aromatase (Fragment) OS=Ny
    6.5e-05   27.2   0.4    6.5e-05   27.2   0.4    2.8  1  tr|Q0EDH6|Q0EDH6_XENTR          aromatase OS=Xenopus tropicalis 
    6.5e-05   27.2   0.4    6.5e-05   27.2   0.4    2.8  1  tr|Q0VFH8|Q0VFH8_XENTR          aromatase OS=Xenopus tropicalis 
    6.6e-05   27.2   0.4    6.6e-05   27.2   0.4    2.8  1  tr|A0A8T2J805|A0A8T2J805_9PIPI  aromatase OS=Hymenochirus boettg
    6.7e-05   27.2   1.9    0.00016   26.0   0.3    2.6  1  sp|P22443|CP19A_RAT             Aromatase OS=Rattus norvegicus O
    6.8e-05   27.2   1.2    0.00023   25.5   0.4    2.3  1  tr|A0A8J7NHQ3|A0A8J7NHQ3_ATRSP  aromatase (Fragment) OS=Atractos
    6.9e-05   27.2   1.9    0.00015   26.1   0.3    2.6  1  tr|A0A8I5ZQN3|A0A8I5ZQN3_RAT    Aromatase OS=Rattus norvegicus O
    6.9e-05   27.1   0.3    6.9e-05   27.1   0.3    2.6  1  tr|A0A5E4DA27|A0A5E4DA27_MARMO  Aromatase OS=Marmota monax OX=99
    6.9e-05   27.1  11.7        5.9   11.9   0.7    4.1  3  tr|A0A7J6LM14|A0A7J6LM14_PEROL  Cytochrome P450 OS=Perkinsus ols
      7e-05   27.1  11.7        5.9   11.9   0.7    4.1  3  tr|A0A7J6LCL4|A0A7J6LCL4_PEROL  Cytochrome P450 OS=Perkinsus ols
    7.2e-05   27.1   0.6    0.00016   26.0   0.6    1.6  1  tr|A0A7L2R0L1|A0A7L2R0L1_9PASS  CP19A Aromatase (Fragment) OS=Ox
    7.2e-05   27.1   1.9    0.00016   26.0   0.3    2.6  1  tr|A0A822I2K2|A0A822I2K2_9NEOB  aromatase OS=Ranitomeya imitator
    7.2e-05   27.1   1.9    0.00016   26.0   0.3    2.6  1  tr|A6J4K5|A6J4K5_RAT            Aromatase OS=Rattus norvegicus O
    7.2e-05   27.1   1.9    0.00016   26.0   0.3    2.6  1  tr|F1LPY2|F1LPY2_RAT            Aromatase OS=Rattus norvegicus O
    7.3e-05   27.1   0.6    0.00014   26.2   0.6    1.4  1  tr|A0A7K8GLE2|A0A7K8GLE2_ORTSP  CP19A Aromatase (Fragment) OS=Or
    7.3e-05   27.1   0.5    0.00015   26.1   0.5    1.5  1  tr|A0A7K7W299|A0A7K7W299_9AVES  CP19A Aromatase (Fragment) OS=No
    7.3e-05   27.1   0.2    7.3e-05   27.1   0.2    2.8  1  tr|A0A2Y9IDC8|A0A2Y9IDC8_ENHLU  aromatase OS=Enhydra lutris keny
    7.4e-05   27.1   0.3    0.00024   25.5   0.3    1.9  1  tr|Q7YS76|Q7YS76_TRIVU          aromatase (Fragment) OS=Trichosu
    7.4e-05   27.1   0.3    7.4e-05   27.1   0.3    2.6  1  tr|A0A8C5ZQ71|A0A8C5ZQ71_MARMA  Aromatase OS=Marmota marmota mar
    7.8e-05   27.0   0.3    7.8e-05   27.0   0.3    2.9  1  tr|A0A6P5QCP1|A0A6P5QCP1_MUSCR  Aromatase OS=Mus caroli OX=10089
    7.8e-05   27.0   0.6    0.00016   26.0   0.6    1.5  1  tr|A0A7K8ZBX4|A0A7K8ZBX4_9PASS  CP19A Aromatase (Fragment) OS=Gr
    7.9e-05   27.0   0.6    0.00015   26.1   0.6    1.5  1  tr|A0A7K9CZA3|A0A7K9CZA3_9AVES  CP19A Aromatase (Fragment) OS=He
    7.9e-05   27.0   0.6    0.00016   26.0   0.6    1.5  1  tr|A0A7K5BCD4|A0A7K5BCD4_9FURN  CP19A Aromatase (Fragment) OS=Fu
    7.9e-05   27.0   0.6    0.00016   26.0   0.6    1.5  1  tr|A0A7L3PHY1|A0A7L3PHY1_9DEND  CP19A Aromatase (Fragment) OS=Xi
    7.9e-05   27.0   0.6    0.00016   26.0   0.6    1.5  1  tr|A0A851N137|A0A851N137_9DEND  CP19A Aromatase (Fragment) OS=Ca
    7.9e-05   27.0   0.6    0.00016   26.0   0.6    1.5  1  tr|A0A7K8WFM6|A0A7K8WFM6_9FURN  CP19A Aromatase (Fragment) OS=Sc
    7.9e-05   27.0   0.6    0.00016   26.0   0.6    1.5  1  tr|A0A852FQ16|A0A852FQ16_PEUTA  CP19A Aromatase (Fragment) OS=Pe
      8e-05   26.9   0.6    0.00015   26.1   0.6    1.4  1  tr|A0A7K9JPF4|A0A7K9JPF4_9PASE  CP19A Aromatase (Fragment) OS=Di
      8e-05   26.9   0.4     0.0002   25.8   0.4    1.7  1  tr|A0A9P0NDW0|A0A9P0NDW0_9DIPT  Cytochrome P450 OS=Chironomus ri
      8e-05   26.9   0.6    0.00016   26.0   0.6    1.5  1  tr|A0A7K4XDJ3|A0A7K4XDJ3_REGSA  CP19A Aromatase (Fragment) OS=Re
      8e-05   26.9   1.5    0.00027   25.3   1.5    2.0  1  sp|Q6R7M4|C15A1_DIPPU           Methyl farnesoate epoxidase OS=D
    8.1e-05   26.9   0.5    0.00015   26.1   0.5    1.4  1  tr|A0A7K7UXW6|A0A7K7UXW6_EUDEL  CP19A Aromatase (Fragment) OS=Eu
    8.2e-05   26.9   0.4    0.00015   26.1   0.4    1.4  1  tr|A0A8D8C4Q9|A0A8D8C4Q9_CULPI  Probable cytochrome P450 301a1, 
    8.2e-05   26.9   0.5    0.00015   26.1   0.5    1.4  1  tr|A0A7K6ZQZ3|A0A7K6ZQZ3_9AVES  CP19A Aromatase (Fragment) OS=No
    8.2e-05   26.9   0.5    0.00015   26.1   0.5    1.4  1  tr|A0A7K7ALR1|A0A7K7ALR1_9AVES  CP19A Aromatase (Fragment) OS=No
    8.2e-05   26.9   0.6    0.00016   26.0   0.6    1.5  1  tr|A0A7K6BAJ5|A0A7K6BAJ5_UPUEP  CP19A Aromatase (Fragment) OS=Up
    8.2e-05   26.9   0.6    0.00015   26.1   0.6    1.4  1  tr|A0A7L2WMK4|A0A7L2WMK4_PANHA  CP19A Aromatase (Fragment) OS=Pa
    8.2e-05   26.9   0.6    0.00015   26.1   0.6    1.4  1  tr|A0A7K9U8H2|A0A7K9U8H2_9AVES  CP19A Aromatase (Fragment) OS=Ch
    8.2e-05   26.9   0.5    0.00015   26.1   0.5    1.4  1  tr|A0A851SSS5|A0A851SSS5_9AVES  CP19A Aromatase (Fragment) OS=No
    8.2e-05   26.9   0.6    0.00016   26.0   0.6    1.5  1  tr|A0A7K5YP52|A0A7K5YP52_9AVES  CP19A Aromatase (Fragment) OS=Pt
    8.3e-05   26.9   0.5    0.00015   26.1   0.5    1.4  1  tr|A0A7K4KQT6|A0A7K4KQT6_9AVES  CP19A Aromatase (Fragment) OS=Cr
    8.3e-05   26.9   0.5    0.00015   26.1   0.5    1.4  1  tr|A0A7K4LI95|A0A7K4LI95_9AVES  CP19A Aromatase (Fragment) OS=Cr
    8.3e-05   26.9   0.6    0.00016   26.0   0.6    1.5  1  tr|A0A851CQ74|A0A851CQ74_CALVR  CP19A Aromatase (Fragment) OS=Ca
    8.3e-05   26.9   0.6    0.00016   26.0   0.6    1.4  1  tr|A0A7K5VHT5|A0A7K5VHT5_9CORV  CP19A Aromatase (Fragment) OS=Pl
    8.3e-05   26.9   0.6    0.00016   26.0   0.6    1.4  1  tr|A0A7K6P6M5|A0A7K6P6M5_9CORV  CP19A Aromatase (Fragment) OS=If
    8.3e-05   26.9   0.6    0.00016   26.0   0.6    1.4  1  tr|A0A851TV90|A0A851TV90_9PASS  CP19A Aromatase (Fragment) OS=El
    8.3e-05   26.9   0.6    0.00015   26.1   0.6    1.4  1  tr|A0A7L4FXA3|A0A7L4FXA3_9COLU  CP19A Aromatase (Fragment) OS=Al
    8.3e-05   26.9   0.6    0.00016   26.0   0.6    1.4  1  tr|A0A851BG60|A0A851BG60_PICGY  CP19A Aromatase (Fragment) OS=Pi
    8.3e-05   26.9   0.9    0.00027   25.3   0.3    2.2  1  tr|A7RT69|A7RT69_NEMVE          Uncharacterized protein OS=Nemat
    8.3e-05   26.9   0.6    0.00016   26.0   0.6    1.4  1  tr|A0A7L4F363|A0A7L4F363_HIRRU  CP19A Aromatase (Fragment) OS=Hi
    8.3e-05   26.9   0.6    0.00016   26.0   0.6    1.4  1  tr|A0A851PIS0|A0A851PIS0_ANHAN  CP19A Aromatase (Fragment) OS=An
    8.4e-05   26.9   0.6    0.00015   26.1   0.6    1.4  1  tr|A0A7L2VUW6|A0A7L2VUW6_9AVES  CP19A Aromatase (Fragment) OS=Br
    8.4e-05   26.9   0.6    0.00016   26.0   0.6    1.4  1  tr|A0A7K9R1R4|A0A7K9R1R4_IRECY  CP19A Aromatase (Fragment) OS=Ir
    8.4e-05   26.9   0.6    0.00016   26.0   0.6    1.4  1  tr|A0AA97M8G0|A0AA97M8G0_9PASS  CP19A Aromatase (Fragment) OS=Me
    8.4e-05   26.9   0.6    0.00016   26.0   0.6    1.4  1  tr|A0A8J4LH81|A0A8J4LH81_APTPA  CP19A Aromatase (Fragment) OS=Ap
    8.4e-05   26.9   0.6    0.00016   26.0   0.6    1.4  1  tr|A0A7K7MJB6|A0A7K7MJB6_9PASS  CP19A Aromatase (Fragment) OS=Br
    8.4e-05   26.9   0.6    0.00016   26.0   0.6    1.4  1  tr|A0A7L1YDZ6|A0A7L1YDZ6_9PASS  CP19A Aromatase (Fragment) OS=Sc
    8.4e-05   26.9   0.6    0.00016   26.0   0.6    1.4  1  tr|A0A7L3QUF0|A0A7L3QUF0_9SYLV  CP19A Aromatase (Fragment) OS=Ce
    8.4e-05   26.9   0.6    0.00015   26.1   0.6    1.4  1  tr|A0A7L1EFA3|A0A7L1EFA3_OENON  CP19A Aromatase (Fragment) OS=Oe
    8.4e-05   26.9   0.6    0.00016   26.0   0.6    1.4  1  tr|A0A7K6H1I6|A0A7K6H1I6_9PASS  CP19A Aromatase (Fragment) OS=Ma
    8.4e-05   26.9   0.6    0.00016   26.0   0.6    1.4  1  tr|A0A7K7ZY81|A0A7K7ZY81_9PASE  CP19A Aromatase (Fragment) OS=Me
    8.4e-05   26.9   0.6    0.00016   26.0   0.6    1.4  1  tr|A0A7K6QXX7|A0A7K6QXX7_9PASS  CP19A Aromatase (Fragment) OS=Cl
    8.4e-05   26.9   0.6    0.00016   26.0   0.6    1.4  1  tr|A0A7K9WNU7|A0A7K9WNU7_9PASS  CP19A Aromatase (Fragment) OS=Rh
    8.4e-05   26.9   0.6    0.00016   26.0   0.6    1.4  1  tr|A0A850Z9L4|A0A850Z9L4_9PASS  CP19A Aromatase (Fragment) OS=Ti
    8.4e-05   26.9   0.6    0.00016   26.0   0.6    1.4  1  tr|A0A7L0PEK5|A0A7L0PEK5_9AVES  CP19A Aromatase (Fragment) OS=Me
    8.4e-05   26.9   0.6    0.00016   26.0   0.6    1.4  1  tr|A0A7K5LJP0|A0A7K5LJP0_VIRAL  CP19A Aromatase (Fragment) OS=Vi
    8.4e-05   26.9   0.6    0.00016   26.0   0.6    1.4  1  tr|A0A7K6LGK6|A0A7K6LGK6_9CORV  CP19A Aromatase (Fragment) OS=Fa
    8.4e-05   26.9   0.6    0.00016   26.0   0.6    1.4  1  tr|A0A7L1ZNC5|A0A7L1ZNC5_LEILU  CP19A Aromatase (Fragment) OS=Le
    8.4e-05   26.9   0.6    0.00016   26.0   0.6    1.4  1  tr|A0A7L2XWA0|A0A7L2XWA0_9PASS  CP19A Aromatase (Fragment) OS=Er
    8.4e-05   26.9   0.6    0.00016   26.0   0.6    1.4  1  tr|A0A7K4STA1|A0A7K4STA1_9CHAR  CP19A Aromatase (Fragment) OS=Bu
    8.4e-05   26.9   0.6    0.00016   26.0   0.6    1.4  1  tr|A0A7K5E4P9|A0A7K5E4P9_POLCE  CP19A Aromatase (Fragment) OS=Po
    8.4e-05   26.9   0.6    0.00016   26.0   0.6    1.4  1  tr|A0A7K5SPF0|A0A7K5SPF0_9FRIN  CP19A Aromatase (Fragment) OS=Ur
    8.4e-05   26.9   0.6    0.00016   26.0   0.6    1.4  1  tr|A0A7K6BNL5|A0A7K6BNL5_PTIVI  CP19A Aromatase (Fragment) OS=Pt
    8.4e-05   26.9   0.6    0.00016   26.0   0.6    1.4  1  tr|A0A7K6CZ56|A0A7K6CZ56_9PASS  CP19A Aromatase (Fragment) OS=Or
    8.4e-05   26.9   0.6    0.00016   26.0   0.6    1.4  1  tr|A0A7K6EG90|A0A7K6EG90_9PASS  CP19A Aromatase (Fragment) OS=Gr
    8.4e-05   26.9   0.6    0.00016   26.0   0.6    1.4  1  tr|A0A7K6HDA0|A0A7K6HDA0_9PASS  CP19A Aromatase (Fragment) OS=Da
    8.4e-05   26.9   0.6    0.00016   26.0   0.6    1.4  1  tr|A0A7K6M6Z2|A0A7K6M6Z2_PANBI  CP19A Aromatase (Fragment) OS=Pa
    8.4e-05   26.9   0.6    0.00016   26.0   0.6    1.4  1  tr|A0A7K7E971|A0A7K7E971_9SYLV  CP19A Aromatase (Fragment) OS=Sy
    8.4e-05   26.9   0.6    0.00016   26.0   0.6    1.4  1  tr|A0A7K7P5X2|A0A7K7P5X2_ACRAR  CP19A Aromatase (Fragment) OS=Ac
    8.4e-05   26.9   0.6    0.00016   26.0   0.6    1.4  1  tr|A0A7K7QH69|A0A7K7QH69_POEAT  CP19A Aromatase (Fragment) OS=Po
    8.4e-05   26.9   0.6    0.00016   26.0   0.6    1.4  1  tr|A0A7K7X1I2|A0A7K7X1I2_9PASS  CP19A Aromatase (Fragment) OS=Mo
    8.4e-05   26.9   0.6    0.00016   26.0   0.6    1.4  1  tr|A0A7K7YT35|A0A7K7YT35_THRLU  CP19A Aromatase (Fragment) OS=Th
    8.4e-05   26.9   0.6    0.00016   26.0   0.6    1.4  1  tr|A0A7K8BLU1|A0A7K8BLU1_9CORV  CP19A Aromatase (Fragment) OS=Rh
    8.4e-05   26.9   0.6    0.00016   26.0   0.6    1.4  1  tr|A0A7K8D3P7|A0A7K8D3P7_9CORV  CP19A Aromatase (Fragment) OS=Eu
    8.4e-05   26.9   0.6    0.00016   26.0   0.6    1.4  1  tr|A0A7K8F4M2|A0A7K8F4M2_9CORV  CP19A Aromatase (Fragment) OS=St
    8.4e-05   26.9   0.6    0.00016   26.0   0.6    1.4  1  tr|A0A7K8IKC0|A0A7K8IKC0_9PASS  CP19A Aromatase (Fragment) OS=Ch
    8.4e-05   26.9   0.6    0.00016   26.0   0.6    1.4  1  tr|A0A7K8QBQ7|A0A7K8QBQ7_9PASS  CP19A Aromatase (Fragment) OS=Sm
    8.4e-05   26.9   0.6    0.00016   26.0   0.6    1.4  1  tr|A0A7K9IZY6|A0A7K9IZY6_9CORV  CP19A Aromatase (Fragment) OS=My
    8.4e-05   26.9   0.6    0.00016   26.0   0.6    1.4  1  tr|A0A7K9P100|A0A7K9P100_9CORV  CP19A Aromatase (Fragment) OS=Ed
    8.4e-05   26.9   0.6    0.00016   26.0   0.6    1.4  1  tr|A0A7L1DIY7|A0A7L1DIY7_9PASS  CP19A Aromatase (Fragment) OS=Se
    8.4e-05   26.9   0.6    0.00016   26.0   0.6    1.4  1  tr|A0A7L1FC26|A0A7L1FC26_SYLBO  CP19A Aromatase (Fragment) OS=Sy
    8.4e-05   26.9   0.6    0.00016   26.0   0.6    1.4  1  tr|A0A7L1PHU8|A0A7L1PHU8_ORIOR  CP19A Aromatase (Fragment) OS=Or
    8.4e-05   26.9   0.6    0.00016   26.0   0.6    1.4  1  tr|A0A7L1TQG6|A0A7L1TQG6_PHANI  CP19A Aromatase (Fragment) OS=Ph
    8.4e-05   26.9   0.6    0.00016   26.0   0.6    1.4  1  tr|A0A7L2CHK9|A0A7L2CHK9_9PASS  CP19A Aromatase (Fragment) OS=Al
    8.4e-05   26.9   0.6    0.00016   26.0   0.6    1.4  1  tr|A0A7L2DRL1|A0A7L2DRL1_ANTMN  CP19A Aromatase (Fragment) OS=An
    8.4e-05   26.9   0.6    0.00016   26.0   0.6    1.4  1  tr|A0A7L2JJF6|A0A7L2JJF6_CINMU  CP19A Aromatase (Fragment) OS=Ci
    8.4e-05   26.9   0.6    0.00016   26.0   0.6    1.4  1  tr|A0A7L2LAV4|A0A7L2LAV4_9SYLV  CP19A Aromatase (Fragment) OS=Hi
    8.4e-05   26.9   0.6    0.00016   26.0   0.6    1.4  1  tr|A0A7L2MDV6|A0A7L2MDV6_9PASS  CP19A Aromatase (Fragment) OS=Rh
    8.4e-05   26.9   0.6    0.00016   26.0   0.6    1.4  1  tr|A0A7L2SCM8|A0A7L2SCM8_9PASS  CP19A Aromatase (Fragment) OS=My
    8.4e-05   26.9   0.6    0.00016   26.0   0.6    1.4  1  tr|A0A7L2TUR7|A0A7L2TUR7_POMRU  CP19A Aromatase (Fragment) OS=Po
    8.4e-05   26.9   0.6    0.00016   26.0   0.6    1.4  1  tr|A0A7L3E8T6|A0A7L3E8T6_9PASS  CP19A Aromatase (Fragment) OS=Ch
    8.4e-05   26.9   0.6    0.00016   26.0   0.6    1.4  1  tr|A0A7L3KWV7|A0A7L3KWV7_9PASS  CP19A Aromatase (Fragment) OS=Dr
    8.4e-05   26.9   0.6    0.00016   26.0   0.6    1.4  1  tr|A0A7L3MGW6|A0A7L3MGW6_9PASS  CP19A Aromatase (Fragment) OS=Ho
    8.4e-05   26.9   0.6    0.00016   26.0   0.6    1.4  1  tr|A0A7L4IKY4|A0A7L4IKY4_9PASS  CP19A Aromatase (Fragment) OS=Po
    8.4e-05   26.9   0.6    0.00016   26.0   0.6    1.4  1  tr|A0A7L4KP06|A0A7L4KP06_9CORV  CP19A Aromatase (Fragment) OS=Ca
    8.4e-05   26.9   0.6    0.00016   26.0   0.6    1.4  1  tr|A0A850UJR3|A0A850UJR3_9CORV  CP19A Aromatase (Fragment) OS=Ch
    8.4e-05   26.9   0.6    0.00016   26.0   0.6    1.4  1  tr|A0A851EEZ9|A0A851EEZ9_9CORV  CP19A Aromatase (Fragment) OS=Dr
    8.4e-05   26.9   0.6    0.00016   26.0   0.6    1.4  1  tr|A0A851K8G0|A0A851K8G0_VIDCH  CP19A Aromatase (Fragment) OS=Vi
    8.4e-05   26.9   0.6    0.00016   26.0   0.6    1.4  1  tr|A0A852ALB3|A0A852ALB3_9CORV  CP19A Aromatase (Fragment) OS=Ch
    8.4e-05   26.9   0.6    0.00016   26.0   0.6    1.4  1  tr|A0A852E123|A0A852E123_VIDMA  CP19A Aromatase (Fragment) OS=Vi
    8.4e-05   26.9   0.6    0.00016   26.0   0.6    1.4  1  tr|A0A852H1B3|A0A852H1B3_9PASS  CP19A Aromatase (Fragment) OS=Ni
    8.4e-05   26.9   0.6    0.00016   26.0   0.6    1.4  1  tr|A0A852NKL0|A0A852NKL0_9PASS  CP19A Aromatase (Fragment) OS=At
    8.4e-05   26.9   0.6    0.00016   26.0   0.6    1.4  1  tr|A0A7K6JXJ8|A0A7K6JXJ8_9PASE  CP19A Aromatase (Fragment) OS=Or
    8.4e-05   26.9   0.6    0.00016   26.0   0.6    1.4  1  tr|A0A7L1RKZ6|A0A7L1RKZ6_9PASS  CP19A Aromatase (Fragment) OS=Lo
    8.4e-05   26.9   0.6    0.00016   26.0   0.6    1.4  1  tr|A0A851J6N2|A0A851J6N2_9PASS  CP19A Aromatase (Fragment) OS=Do
    8.4e-05   26.9   0.6    0.00016   26.0   0.6    1.4  1  tr|A0A7L1AFY6|A0A7L1AFY6_GYMTI  CP19A Aromatase (Fragment) OS=Gy
    8.4e-05   26.9   0.6    0.00015   26.1   0.6    1.4  1  tr|A0A852BTB4|A0A852BTB4_9PICI  CP19A Aromatase (Fragment) OS=Ra
    8.4e-05   26.9   0.6    0.00016   26.0   0.6    1.4  1  tr|A0A7K4UJL5|A0A7K4UJL5_9SYLV  CP19A Aromatase (Fragment) OS=Si
    8.4e-05   26.9   0.6    0.00016   26.0   0.6    1.4  1  tr|A0A7L1QB62|A0A7L1QB62_9PASS  CP19A Aromatase (Fragment) OS=Ci
    8.4e-05   26.9   0.6    0.00016   26.0   0.6    1.4  1  tr|A0A7L2KAQ7|A0A7L2KAQ7_9PASS  CP19A Aromatase (Fragment) OS=Zo
    8.4e-05   26.9   0.6    0.00016   26.0   0.6    1.4  1  tr|A0A7K9MS74|A0A7K9MS74_OCETE  CP19A Aromatase (Fragment) OS=Oc
    8.4e-05   26.9   0.6    0.00016   26.0   0.6    1.4  1  tr|A0A7L0B8M9|A0A7L0B8M9_9AVES  CP19A Aromatase (Fragment) OS=Ci
    8.4e-05   26.9   0.6    0.00016   26.0   0.6    1.4  1  tr|A0A7L3XNP0|A0A7L3XNP0_9AVES  CP19A Aromatase (Fragment) OS=Ca
    8.4e-05   26.9   0.6    0.00016   26.0   0.6    1.4  1  tr|A0A8J4IIJ5|A0A8J4IIJ5_SPHME  CP19A Aromatase (Fragment) OS=Sp
    8.4e-05   26.9   0.6    0.00016   26.0   0.6    1.4  1  tr|A0A8S9EQQ9|A0A8S9EQQ9_9AVES  CP19A Aromatase (Fragment) OS=Eu
    8.4e-05   26.9   0.6    0.00016   26.0   0.6    1.4  1  tr|A0AA40L7R0|A0AA40L7R0_PYGPA  CP19A Aromatase (Fragment) OS=Py
    8.4e-05   26.9   0.6    0.00016   26.0   0.6    1.4  1  tr|A0A7L3NC18|A0A7L3NC18_9AVES  CP19A Aromatase (Fragment) OS=Or
    8.4e-05   26.9   0.6    0.00016   26.0   0.6    1.4  1  tr|A0A850Y1M9|A0A850Y1M9_AEGCA  CP19A Aromatase (Fragment) OS=Ae
    8.4e-05   26.9   0.6    0.00015   26.1   0.6    1.4  1  tr|A0A7K8XX69|A0A7K8XX69_9PICI  CP19A Aromatase (Fragment) OS=Eu
    8.4e-05   26.9   0.6    0.00016   26.0   0.6    1.4  1  tr|A0A7L0VPX6|A0A7L0VPX6_9PASE  CP19A Aromatase (Fragment) OS=Le
    8.4e-05   26.9   0.6    0.00016   26.0   0.6    1.4  1  tr|A0A7L0MV69|A0A7L0MV69_9PSIT  CP19A Aromatase (Fragment) OS=Am
    8.4e-05   26.9   0.6    0.00016   26.0   0.6    1.4  1  tr|A0A851XKY9|A0A851XKY9_EOLRO  CP19A Aromatase (Fragment) OS=Eo
    8.4e-05   26.9   0.6    0.00016   26.0   0.6    1.4  1  tr|A0A7L3RNZ9|A0A7L3RNZ9_CEPGR  CP19A Aromatase (Fragment) OS=Ce
    8.4e-05   26.9   0.6    0.00015   26.1   0.6    1.4  1  tr|A0A7L0INZ1|A0A7L0INZ1_PIPCL  CP19A Aromatase (Fragment) OS=Pi
    8.4e-05   26.9   0.6    0.00015   26.1   0.6    1.4  1  tr|A0A852J5Q7|A0A852J5Q7_9PICI  CP19A Aromatase (Fragment) OS=Tr
    8.5e-05   26.9   0.6    0.00016   26.0   0.6    1.4  1  tr|A0A7K5QC90|A0A7K5QC90_9PASE  CP19A Aromatase (Fragment) OS=Pr
    8.5e-05   26.9   0.6    0.00016   26.0   0.6    1.4  1  tr|A0A7L2P400|A0A7L2P400_PYCJO  CP19A Aromatase (Fragment) OS=Py
    8.5e-05   26.9   0.6    0.00016   26.0   0.6    1.4  1  tr|A0A7L0HLI7|A0A7L0HLI7_AREIN  CP19A Aromatase (Fragment) OS=Ar
    8.5e-05   26.9   0.6    0.00016   26.0   0.6    1.4  1  tr|A0A7K5GAT6|A0A7K5GAT6_9AVES  CP19A Aromatase (Fragment) OS=Ch
    8.5e-05   26.9   0.6    0.00016   26.0   0.6    1.4  1  tr|A0A7K8BBN2|A0A7K8BBN2_9CORV  CP19A Aromatase (Fragment) OS=Cn
    8.5e-05   26.9   0.6    0.00016   26.0   0.6    1.4  1  tr|A0A7L1N7H8|A0A7L1N7H8_RHICY  CP19A Aromatase (Fragment) OS=Rh
    8.5e-05   26.9   0.6    0.00016   26.0   0.6    1.4  1  tr|A0A7L1MRY0|A0A7L1MRY0_BOMGA  CP19A Aromatase (Fragment) OS=Bo
    8.5e-05   26.9   0.6    0.00016   26.0   0.6    1.4  1  tr|A0A7L0XN10|A0A7L0XN10_TYRSA  CP19A Aromatase (Fragment) OS=Ty
    8.5e-05   26.9   0.6    0.00016   26.0   0.6    1.4  1  tr|A0A7K8TVZ0|A0A7K8TVZ0_OCEOC  CP19A Aromatase (Fragment) OS=Oc
    8.5e-05   26.9   0.6    0.00016   26.0   0.6    1.4  1  tr|A0A7K5JNB9|A0A7K5JNB9_9TYRA  CP19A Aromatase (Fragment) OS=Mi
    8.5e-05   26.9   0.6    0.00016   26.0   0.6    1.4  1  tr|A0A7K9RCW8|A0A7K9RCW8_9PASS  CP19A Aromatase (Fragment) OS=St
    8.6e-05   26.9   0.6    0.00016   26.0   0.6    1.4  1  tr|A0A7L3YHQ5|A0A7L3YHQ5_FREGA  CP19A Aromatase (Fragment) OS=Fr
    8.6e-05   26.9   0.6    0.00016   26.0   0.6    1.4  1  tr|A0A8J4MZI8|A0A8J4MZI8_EUDMI  Aromatase (Fragment) OS=Eudyptul
    8.6e-05   26.9   0.6    0.00016   26.0   0.6    1.4  1  tr|A0A7L1W3G0|A0A7L1W3G0_9PASS  CP19A Aromatase (Fragment) OS=Ce
    8.6e-05   26.9   0.6    0.00016   26.0   0.6    1.4  1  tr|A0A851RR70|A0A851RR70_CERFA  CP19A Aromatase (Fragment) OS=Ce
    8.6e-05   26.9   0.6    0.00016   26.0   0.6    1.4  1  tr|A0A7L0G989|A0A7L0G989_HERCA  CP19A Aromatase (Fragment) OS=He
    8.6e-05   26.9   0.6    0.00016   26.0   0.6    1.4  1  tr|A0A7L1X3L5|A0A7L1X3L5_9AVES  CP19A Aromatase (Fragment) OS=Th
    8.6e-05   26.9   0.6    0.00016   26.0   0.6    1.4  1  tr|A0A7K8H727|A0A7K8H727_9CORV  CP19A Aromatase (Fragment) OS=Al
    8.6e-05   26.9   0.6    0.00015   26.1   0.6    1.4  1  tr|A0A851NY68|A0A851NY68_9GALL  CP19A Aromatase (Fragment) OS=Pe
    8.6e-05   26.9   0.6    0.00016   26.0   0.6    1.4  1  tr|A0A7K6XN28|A0A7K6XN28_9PASE  CP19A Aromatase (Fragment) OS=Pr
    8.6e-05   26.9   1.2    0.00028   25.3   0.4    2.3  1  tr|W5N6Z3|W5N6Z3_LEPOC          aromatase OS=Lepisosteus oculatu
    8.6e-05   26.9   0.6    0.00016   26.0   0.6    1.4  1  tr|A0A7K7K0Z3|A0A7K7K0Z3_AGEPH  CP19A Aromatase (Fragment) OS=Ag
    8.6e-05   26.9   0.6    0.00016   26.0   0.6    1.4  1  tr|A0A7L2F723|A0A7L2F723_QUIME  CP19A Aromatase (Fragment) OS=Qu
    8.6e-05   26.9   0.6    0.00016   26.0   0.6    1.4  1  tr|A0A7L3VVS3|A0A7L3VVS3_MOLAT  CP19A Aromatase (Fragment) OS=Mo
    8.6e-05   26.9   0.6    0.00015   26.1   0.6    1.4  1  tr|A0A7L2HWX7|A0A7L2HWX7_SAGSE  CP19A Aromatase (Fragment) OS=Sa
    8.6e-05   26.9   0.6    0.00016   26.0   0.6    1.4  1  tr|A0A7L0QPY1|A0A7L0QPY1_SETKR  CP19A Aromatase (Fragment) OS=Se
    8.6e-05   26.9   0.6    0.00016   26.0   0.6    1.4  1  tr|A0A7K6RJB0|A0A7K6RJB0_9AVES  CP19A Aromatase (Fragment) OS=Rh
    8.6e-05   26.9   0.6    0.00016   26.0   0.6    1.4  1  tr|A0A7K4V4A9|A0A7K4V4A9_9EMBE  CP19A Aromatase (Fragment) OS=Em
    8.6e-05   26.9   0.6    0.00016   26.0   0.6    1.4  1  tr|A0A7K9ATL0|A0A7K9ATL0_DRONO  CP19A Aromatase (Fragment) OS=Dr
    8.6e-05   26.9   0.6    0.00016   26.0   0.6    1.4  1  tr|A0A7L3ZG83|A0A7L3ZG83_9AVES  CP19A Aromatase (Fragment) OS=Ci
    8.6e-05   26.9   0.6    0.00016   26.0   0.6    1.4  1  tr|A0A851ZZ80|A0A851ZZ80_CALOR  CP19A Aromatase (Fragment) OS=Ca
    8.6e-05   26.9   0.6    0.00016   26.0   0.6    1.4  1  tr|A0A7K6SWJ5|A0A7K6SWJ5_CALNI  CP19A Aromatase (Fragment) OS=Ca
    8.6e-05   26.9   0.6    0.00016   26.0   0.6    1.4  1  tr|A0A7K8YFM7|A0A7K8YFM7_9PASS  CP19A Aromatase (Fragment) OS=Sa
    8.6e-05   26.9   0.6    0.00016   26.0   0.6    1.4  1  tr|A0A974B5B1|A0A974B5B1_9PASS  CP19A Aromatase (Fragment) OS=Rh
    8.6e-05   26.9   0.6    0.00016   26.0   0.6    1.4  1  tr|A0A852MT82|A0A852MT82_9PASS  CP19A Aromatase (Fragment) OS=Pt
    8.6e-05   26.9   0.6    0.00016   26.0   0.6    1.4  1  tr|A0A7K5ZKB9|A0A7K5ZKB9_ONYCO  CP19A Aromatase (Fragment) OS=On
    8.6e-05   26.9   0.6    0.00016   26.0   0.6    1.4  1  tr|A0A7K9LGL7|A0A7K9LGL7_9PASS  CP19A Aromatase (Fragment) OS=Rh
    8.6e-05   26.9   0.6    0.00016   26.0   0.6    1.4  1  tr|A0A7K5W1C1|A0A7K5W1C1_9SYLV  CP19A Aromatase (Fragment) OS=Hy
    8.6e-05   26.9   0.2    8.6e-05   26.9   0.2    2.8  1  tr|A0A2Y9IDC3|A0A2Y9IDC3_ENHLU  aromatase OS=Enhydra lutris keny
    8.6e-05   26.9   0.2    8.6e-05   26.9   0.2    2.5  1  tr|A0A8C7BP06|A0A8C7BP06_NEOVI  aromatase OS=Neovison vison OX=4
    8.6e-05   26.9   0.2    8.6e-05   26.9   0.2    2.5  1  tr|M3Y8W5|M3Y8W5_MUSPF          aromatase OS=Mustela putorius fu
    8.6e-05   26.9   0.6    0.00016   26.0   0.6    1.4  1  tr|A0A7K5J2N3|A0A7K5J2N3_TOXRE  CP19A Aromatase (Fragment) OS=To
    8.6e-05   26.9   0.6    0.00016   26.0   0.6    1.4  1  tr|A0A093QI33|A0A093QI33_9PASS  Cytochrome P450 19A1 (Fragment) 
    8.6e-05   26.9   0.6    0.00016   26.0   0.6    1.4  1  tr|A0A7K4PZM5|A0A7K4PZM5_MELMO  CP19A Aromatase (Fragment) OS=Me
    8.6e-05   26.9   0.6    0.00016   26.0   0.6    1.4  1  tr|A0A7K5D4N4|A0A7K5D4N4_9TYRA  CP19A Aromatase (Fragment) OS=Pa
    8.6e-05   26.9   0.6    0.00016   26.0   0.6    1.4  1  tr|A0A7K5U820|A0A7K5U820_CEPOR  CP19A Aromatase (Fragment) OS=Ce
    8.6e-05   26.9   0.6    0.00016   26.0   0.6    1.4  1  tr|A0A7K7BS64|A0A7K7BS64_APHCE  CP19A Aromatase (Fragment) OS=Ap
    8.6e-05   26.9   0.6    0.00016   26.0   0.6    1.4  1  tr|A0A7K8E374|A0A7K8E374_LEURO  CP19A Aromatase (Fragment) OS=Le
    8.6e-05   26.9   0.6    0.00016   26.0   0.6    1.4  1  tr|A0A7L0ZFG4|A0A7L0ZFG4_9PASS  CP19A Aromatase (Fragment) OS=Ox
    8.6e-05   26.9   0.6    0.00016   26.0   0.6    1.4  1  tr|A0A7L1VEF4|A0A7L1VEF4_SITEU  CP19A Aromatase (Fragment) OS=Si
    8.6e-05   26.9   0.6    0.00016   26.0   0.6    1.4  1  tr|A0A7L3H865|A0A7L3H865_9PASS  CP19A Aromatase (Fragment) OS=Bu
    8.6e-05   26.9   0.6    0.00016   26.0   0.6    1.4  1  tr|A0A7L0YKI2|A0A7L0YKI2_9PASE  CP19A Aromatase (Fragment) OS=Pl
    8.6e-05   26.9   0.6    0.00016   26.0   0.6    1.4  1  tr|A0A7K4W5I1|A0A7K4W5I1_9TYRA  CP19A Aromatase (Fragment) OS=Ta
    8.6e-05   26.9   0.6    0.00016   26.0   0.6    1.4  1  tr|A0A7K6V3H2|A0A7K6V3H2_9PASS  CP19A Aromatase (Fragment) OS=No
    8.6e-05   26.9   0.6    0.00016   26.0   0.6    1.4  1  tr|A0A7K5RXS4|A0A7K5RXS4_LANLU  CP19A Aromatase (Fragment) OS=La
    8.7e-05   26.8   0.6    0.00016   26.0   0.6    1.4  1  tr|A0A7L0T5S7|A0A7L0T5S7_PODPO  CP19A Aromatase (Fragment) OS=Po
    8.7e-05   26.8   0.6    0.00016   26.0   0.6    1.4  1  tr|A0A7L3BY38|A0A7L3BY38_PELUR  CP19A Aromatase (Fragment) OS=Pe
    8.7e-05   26.8   0.6    0.00016   26.0   0.6    1.4  1  tr|A0A7K4YGX0|A0A7K4YGX0_BUCAB  CP19A Aromatase (Fragment) OS=Bu
    8.7e-05   26.8   0.6    0.00016   26.0   0.6    1.4  1  tr|A0A7K7NLS6|A0A7K7NLS6_HALAL  CP19A Aromatase (Fragment) OS=Ha
    8.7e-05   26.8   0.6    0.00016   26.0   0.6    1.4  1  tr|A0A7K7TUJ6|A0A7K7TUJ6_9CHAR  CP19A Aromatase (Fragment) OS=Ib
    8.7e-05   26.8   0.6    0.00016   26.0   0.6    1.4  1  tr|A0A7K9E344|A0A7K9E344_BARMA  CP19A Aromatase (Fragment) OS=Ba
    8.7e-05   26.8   0.6    0.00016   26.0   0.6    1.4  1  tr|A0A7K9XDR5|A0A7K9XDR5_9GRUI  CP19A Aromatase (Fragment) OS=Ps
    8.7e-05   26.8   0.6    0.00016   26.0   0.6    1.4  1  tr|A0A7L0CFL3|A0A7L0CFL3_9AVES  CP19A Aromatase (Fragment) OS=Sp
    8.7e-05   26.8   0.6    0.00016   26.0   0.6    1.4  1  tr|A0A7L0EWU1|A0A7L0EWU1_CORCN  CP19A Aromatase (Fragment) OS=Co
    8.7e-05   26.8   0.6    0.00016   26.0   0.6    1.4  1  tr|A0A7L1SVV9|A0A7L1SVV9_ARAGA  CP19A Aromatase (Fragment) OS=Ar
    8.7e-05   26.8   0.6    0.00016   26.0   0.6    1.4  1  tr|A0A7L2YZE6|A0A7L2YZE6_JACJC  CP19A Aromatase (Fragment) OS=Ja
    8.7e-05   26.8   0.6    0.00016   26.0   0.6    1.4  1  tr|A0A850XFE5|A0A850XFE5_PIACA  CP19A Aromatase (Fragment) OS=Pi
    8.7e-05   26.8   0.6    0.00016   26.0   0.6    1.4  1  tr|A0A852KLX4|A0A852KLX4_UROIN  CP19A Aromatase (Fragment) OS=Ur
    8.7e-05   26.8   0.6    0.00016   26.0   0.6    1.4  1  tr|A0A7L4N0P3|A0A7L4N0P3_9AVES  CP19A Aromatase (Fragment) OS=Ce
    8.7e-05   26.8   0.6    0.00016   26.0   0.6    1.4  1  tr|A0A7K4ZCH8|A0A7K4ZCH8_9AVES  CP19A Aromatase (Fragment) OS=Ce
    8.7e-05   26.8   0.6    0.00016   26.0   0.6    1.4  1  tr|A0A850TXC3|A0A850TXC3_GRUAM  CP19A Aromatase (Fragment) OS=Gr
    8.7e-05   26.8   0.6    0.00016   26.0   0.6    1.4  1  tr|A0A7K6N6I0|A0A7K6N6I0_PEDTO  CP19A Aromatase (Fragment) OS=Pe
    8.7e-05   26.8   0.6    0.00016   26.0   0.6    1.4  1  tr|A0A7L0UCM7|A0A7L0UCM7_CHOAC  CP19A Aromatase (Fragment) OS=Ch
    8.7e-05   26.8   0.6    0.00016   26.0   0.6    1.4  1  tr|A0A7L2G6G3|A0A7L2G6G3_NYCGR  CP19A Aromatase (Fragment) OS=Ny
    8.7e-05   26.8   0.6    0.00016   26.0   0.6    1.4  1  tr|A0A7K6WTF6|A0A7K6WTF6_STECA  CP19A Aromatase (Fragment) OS=St
    8.7e-05   26.8   0.6    0.00016   26.0   0.6    1.4  1  tr|A0A7L4JMR4|A0A7L4JMR4_9AVES  CP19A Aromatase (Fragment) OS=Ce
    8.7e-05   26.8   0.6    0.00016   26.0   0.6    1.4  1  tr|A0A7K8VLQ7|A0A7K8VLQ7_9STRI  CP19A Aromatase (Fragment) OS=Ci
    8.7e-05   26.8   0.6    0.00016   26.0   0.6    1.4  1  tr|A0A7L0RCK6|A0A7L0RCK6_GLABR  CP19A Aromatase (Fragment) OS=Gl
    8.7e-05   26.8   0.6    0.00016   26.0   0.6    1.4  1  tr|A0A7L3IDN8|A0A7L3IDN8_9PASS  CP19A Aromatase (Fragment) OS=Pa
    8.7e-05   26.8   0.6    0.00016   26.0   0.6    1.4  1  tr|A0A7L3F226|A0A7L3F226_9GRUI  CP19A Aromatase (Fragment) OS=Za
    8.7e-05   26.8   0.6    0.00016   26.0   0.6    1.4  1  tr|A0A7K7FLG8|A0A7K7FLG8_CHIMN  CP19A Aromatase (Fragment) OS=Ch
    8.7e-05   26.8   0.6    0.00016   26.0   0.6    1.4  1  tr|A0A7L0CV48|A0A7L0CV48_9CHAR  CP19A Aromatase (Fragment) OS=Ro
    8.7e-05   26.8   0.6    0.00016   26.0   0.6    1.4  1  tr|A0A7K4JM50|A0A7K4JM50_GEOCA  CP19A Aromatase (Fragment) OS=Ge
    8.7e-05   26.8   0.6    0.00016   26.0   0.6    1.4  1  tr|A0A7K8M7D1|A0A7K8M7D1_9CORV  CP19A Aromatase (Fragment) OS=Pt
    8.7e-05   26.8   0.6    0.00016   26.0   0.6    1.4  1  tr|A0A7K4RTU7|A0A7K4RTU7_COLPI  CP19A Aromatase (Fragment) OS=Co
    8.7e-05   26.8   0.6    0.00016   26.0   0.6    1.4  1  tr|A0A7L4IBQ5|A0A7L4IBQ5_SCOUM  CP19A Aromatase (Fragment) OS=Sc
    8.7e-05   26.8   0.6    0.00016   26.0   0.6    1.4  1  tr|A0A7L2Q141|A0A7L2Q141_9PASS  CP19A Aromatase (Fragment) OS=Hy
    8.7e-05   26.8   0.6    0.00016   26.0   0.6    1.4  1  tr|A0A7K5PBF2|A0A7K5PBF2_9CORV  CP19A Aromatase (Fragment) OS=Er
    8.7e-05   26.8   0.6    0.00016   26.0   0.6    1.4  1  tr|A0A7L1C492|A0A7L1C492_9PASS  CP19A Aromatase (Fragment) OS=Il
    8.7e-05   26.8   0.6    0.00016   26.0   0.6    1.4  1  tr|A0A7L0NRP8|A0A7L0NRP8_9PASS  CP19A Aromatase (Fragment) OS=Fo
    8.7e-05   26.8   0.6    0.00016   26.0   0.6    1.4  1  tr|A0A7K9GDX1|A0A7K9GDX1_LOXLE  CP19A Aromatase (Fragment) OS=Lo
    8.7e-05   26.8   0.6    0.00016   26.0   0.6    1.4  1  tr|A0A7K7GIZ4|A0A7K7GIZ4_ERIRU  CP19A Aromatase (Fragment) OS=Er
    8.7e-05   26.8   0.6    0.00016   26.0   0.6    1.4  1  tr|A0A851QPH3|A0A851QPH3_TYCCO  CP19A Aromatase (Fragment) OS=Ty
    8.7e-05   26.8   0.6    0.00016   26.0   0.6    1.4  1  tr|A0A7L0L694|A0A7L0L694_9SYLV  CP19A Aromatase (Fragment) OS=Sy
    8.7e-05   26.8   0.6    0.00016   26.0   0.6    1.4  1  tr|A0A7K6IPS6|A0A7K6IPS6_9CORV  CP19A Aromatase (Fragment) OS=Ma
    8.7e-05   26.8   0.6    0.00016   26.0   0.6    1.4  1  tr|A0A7K8N6H4|A0A7K8N6H4_CASCA  CP19A Aromatase (Fragment) OS=Ca
    8.7e-05   26.8   0.6    0.00016   26.0   0.6    1.4  1  tr|A0A7K7SQ10|A0A7K7SQ10_9TYRA  CP19A Aromatase (Fragment) OS=Sa
    8.7e-05   26.8   0.6    0.00016   26.0   0.6    1.4  1  tr|A0A7L2CV68|A0A7L2CV68_CATFU  CP19A Aromatase (Fragment) OS=Ca
    8.7e-05   26.8   0.6    0.00016   26.0   0.6    1.4  1  tr|A0A7K9PP73|A0A7K9PP73_9CORV  CP19A Aromatase (Fragment) OS=Pa
    8.7e-05   26.8   0.5    0.00021   25.6   0.5    1.6  1  tr|A0A9P0A9C8|A0A9P0A9C8_BEMTA  Cytochrome P450 OS=Bemisia tabac
    8.7e-05   26.8   0.6    0.00016   26.0   0.6    1.4  1  tr|A0A7K5HEV1|A0A7K5HEV1_CROSL  CP19A Aromatase (Fragment) OS=Cr
    8.8e-05   26.8   0.6    0.00016   26.0   0.6    1.4  1  tr|A0A7K7S7F7|A0A7K7S7F7_9PASS  CP19A Aromatase (Fragment) OS=Ne
    8.8e-05   26.8   0.6    0.00016   26.0   0.6    1.4  1  tr|A0A7K9CNV6|A0A7K9CNV6_9PICI  CP19A Aromatase (Fragment) OS=Ps
    8.8e-05   26.8   0.6    0.00016   26.0   0.6    1.4  1  tr|A0A7L3A6Z4|A0A7L3A6Z4_9PASE  CP19A Aromatase (Fragment) OS=Pr
    8.8e-05   26.8   0.6    0.00024   25.5   0.1    2.0  1  tr|A0A914SW07|A0A914SW07_9BILA  Uncharacterized protein OS=Panag
    8.8e-05   26.8   0.5    8.8e-05   26.8   0.5    2.7  1  tr|Q8JG51|Q8JG51_PLEWA          aromatase OS=Pleurodeles waltl O
    8.8e-05   26.8   0.6    0.00016   26.0   0.6    1.4  1  tr|A0A7L1I799|A0A7L1I799_9CHAR  CP19A Aromatase (Fragment) OS=Ny
    8.8e-05   26.8   0.6    0.00016   26.0   0.6    1.4  1  tr|A0A7K9V0N2|A0A7K9V0N2_ANSSE  CP19A Aromatase (Fragment) OS=An
    8.8e-05   26.8   0.6    0.00016   26.0   0.6    1.4  1  tr|A0A7L1KVQ1|A0A7L1KVQ1_HIMHI  CP19A Aromatase (Fragment) OS=Hi
    8.8e-05   26.8   0.6    0.00016   26.0   0.6    1.4  1  tr|A0A851YX12|A0A851YX12_9AVES  CP19A Aromatase (Fragment) OS=Ha
    8.8e-05   26.8   0.6    0.00016   26.0   0.6    1.4  1  tr|A0A7K6U4Q7|A0A7K6U4Q7_9AVES  CP19A Aromatase (Fragment) OS=Ae
    8.8e-05   26.8   0.6    0.00016   26.0   0.6    1.4  1  tr|A0A7K7JA57|A0A7K7JA57_LOXCU  CP19A Aromatase (Fragment) OS=Lo
    8.8e-05   26.8   0.2    0.00021   25.7   0.2    1.7  1  tr|A0A2Z4SWU2|A0A2Z4SWU2_ACISI  aromatase (Fragment) OS=Acipense
    8.8e-05   26.8   0.6    0.00016   26.0   0.6    1.4  1  tr|A0A851FZZ1|A0A851FZZ1_PITSO  CP19A Aromatase (Fragment) OS=Pi
    8.8e-05   26.8   0.2    8.8e-05   26.8   0.2    2.5  1  tr|A0A8C6RU85|A0A8C6RU85_NANGA  Aromatase OS=Nannospalax galili 
    8.8e-05   26.8   0.2    8.8e-05   26.8   0.2    2.7  1  tr|A0A8C6GBW7|A0A8C6GBW7_MUSSI  Aromatase OS=Mus spicilegus OX=1
    8.8e-05   26.8   0.6    0.00016   26.0   0.6    1.4  1  tr|A0A7K5LZX7|A0A7K5LZX7_CARCD  CP19A Aromatase (Fragment) OS=Ca
    8.8e-05   26.8   0.6    0.00016   26.0   0.6    1.4  1  tr|A0A852D3I8|A0A852D3I8_PASAF  CP19A Aromatase (Fragment) OS=Pa
    8.8e-05   26.8   0.6    0.00016   26.0   0.6    1.4  1  tr|A0A7K6F8Q6|A0A7K6F8Q6_9CORV  CP19A Aromatase (Fragment) OS=Da
    8.9e-05   26.8   0.6    0.00016   26.0   0.6    1.4  1  tr|A0A7K5C5C4|A0A7K5C5C4_MOTAL  CP19A Aromatase (Fragment) OS=Mo
    8.9e-05   26.8   0.6    0.00016   26.0   0.6    1.4  1  tr|A0A7K7DDH2|A0A7K7DDH2_PHEME  CP19A Aromatase (Fragment) OS=Ph
    8.9e-05   26.8   0.6    0.00016   26.0   0.6    1.4  1  tr|A0A7K8RLA5|A0A7K8RLA5_9PASS  CP19A Aromatase (Fragment) OS=Rh
    8.9e-05   26.8   0.6    0.00016   26.0   0.6    1.4  1  tr|A0A852K017|A0A852K017_SPIPA  CP19A Aromatase (Fragment) OS=Sp
    8.9e-05   26.8   0.6    0.00016   26.0   0.6    1.4  1  tr|A0A851W874|A0A851W874_CORMO  CP19A Aromatase (Fragment) OS=Co
    8.9e-05   26.8   0.6    0.00016   26.0   0.6    1.4  1  tr|A0A7L0WNI0|A0A7L0WNI0_ALELA  CP19A Aromatase (Fragment) OS=Al
    8.9e-05   26.8   0.6    0.00016   26.0   0.6    1.4  1  tr|A0A7L1J3T4|A0A7L1J3T4_SMUAF  CP19A Aromatase (Fragment) OS=Sm
    8.9e-05   26.8   0.6    0.00016   26.0   0.6    1.4  1  tr|A0A7K5NQ61|A0A7K5NQ61_CHRMC  CP19A Aromatase (Fragment) OS=Ch
    8.9e-05   26.8   0.6    0.00016   26.0   0.6    1.4  1  tr|A0A7K9FA20|A0A7K9FA20_STEPR  CP19A Aromatase (Fragment) OS=St
    8.9e-05   26.8   0.6    0.00016   26.0   0.6    1.4  1  tr|A0A7L3SKJ8|A0A7L3SKJ8_RISTR  CP19A Aromatase (Fragment) OS=Ri
    8.9e-05   26.8   0.6    0.00016   26.0   0.6    1.4  1  tr|A0A7L3U8M9|A0A7L3U8M9_URIAL  CP19A Aromatase (Fragment) OS=Ur
    8.9e-05   26.8   0.6    0.00016   26.0   0.6    1.4  1  tr|A0A7L4B514|A0A7L4B514_9CHAR  CP19A Aromatase (Fragment) OS=Ph
    8.9e-05   26.8   0.6    0.00016   26.0   0.6    1.4  1  tr|A0A7L4LQ06|A0A7L4LQ06_GLAPT  CP19A Aromatase (Fragment) OS=Gl
    8.9e-05   26.8   0.6    0.00016   26.0   0.6    1.4  1  tr|A0A852HEQ6|A0A852HEQ6_9CHAR  CP19A Aromatase (Fragment) OS=La
    8.9e-05   26.8   0.6    0.00016   26.0   0.6    1.4  1  tr|A0A7K6Y8H6|A0A7K6Y8H6_ALCTO  CP19A Aromatase (Fragment) OS=Al
    8.9e-05   26.8   0.6    0.00016   26.0   0.6    1.4  1  tr|A0A7L1JXZ0|A0A7L1JXZ0_RYNNI  CP19A Aromatase (Fragment) OS=Ry
    8.9e-05   26.8   0.6    0.00016   26.0   0.6    1.4  1  tr|A0A851V8A1|A0A851V8A1_9PASS  CP19A Aromatase (Fragment) OS=Co
      9e-05   26.8   0.3    0.00012   26.5   0.3    1.2  1  tr|A0A099YRC7|A0A099YRC7_TINGU  Cytochrome P450 2J6 (Fragment) O
      9e-05   26.8   0.6    0.00016   26.0   0.6    1.4  1  tr|A0A7L2BFM6|A0A7L2BFM6_9GRUI  CP19A Aromatase (Fragment) OS=He
    9.1e-05   26.8   0.6    0.00016   26.0   0.6    1.4  1  tr|A0A7L0EDS0|A0A7L0EDS0_TROML  CP19A Aromatase (Fragment) OS=Tr
    9.1e-05   26.8   0.6    0.00016   26.0   0.6    1.4  1  tr|A0A7L3LRB2|A0A7L3LRB2_9CHAR  CP19A Aromatase (Fragment) OS=Tu
    9.4e-05   26.7   2.0    0.00068   24.1   0.4    2.7  1  tr|A0A6P7X2J4|A0A6P7X2J4_9AMPH  aromatase OS=Microcaecilia unico
    9.5e-05   26.7   0.1    0.00027   25.3   0.1    1.8  1  tr|A0A914ST70|A0A914ST70_9BILA  Cytochrome P450 OS=Panagrolaimus
    9.5e-05   26.7   5.7         12   10.9   0.1    5.4  2  tr|A0AA88RAF4|A0AA88RAF4_9ASTE  Uncharacterized protein OS=Escal
    9.7e-05   26.7   0.5        4.9   12.1   0.1    2.7  2  tr|A0A0N5BLX9|A0A0N5BLX9_STREA  Cytochrome P450 OS=Strongyloides


Domain annotation for each sequence (and alignments):
>> tr|A0A8J4WTT4|A0A8J4WTT4_CLAMG  Germinal-center associated nuclear protein (Fragment) OS=Clarias magur OX=1594786 GN=
   #    score  bias  c-Evalue  i-Evalue hmmfrom  hmm to    alifrom  ali to    envfrom  env to     acc
 ---   ------ ----- --------- --------- ------- -------    ------- -------    ------- -------    ----
   1 ?   10.7   0.1     0.018        14       5      32 ..     477     503 ..     473     504 .. 0.86
   2 !   12.7   0.1     0.004       3.1       8      32 ..     896     919 ..     889     920 .. 0.85
   3 ?   10.3   0.1     0.023        18       8      32 ..    1259    1281 ..    1252    1282 .. 0.80
   4 ?    9.0   0.0     0.064        50       5      31 ..    1657    1682 ..    1653    1684 .. 0.77
   5 ?    7.9   0.1      0.15   1.1e+02       8      32 ..    2061    2084 ..    2056    2085 .. 0.88
   6 !   15.1   0.0   0.00069      0.54       5      32 ..    2478    2504 ..    2474    2505 .. 0.86

  Alignments for each domain:
  == domain 1  score: 10.7 bits;  conditional E-value: 0.018
              Round3_FinalIHelix   5 eglalllfiagletisnsllsslLfyll 32 
                                     +g +++l++ag++t+s +l  + L+ l+
  tr|A0A8J4WTT4|A0A8J4WTT4_CLAMG 477 YGSVAELLLAGVDTTSITL-MWALYLLS 503
                                     566799*************.5*999986 PP

  == domain 2  score: 12.7 bits;  conditional E-value: 0.004
              Round3_FinalIHelix   8 alllfiagletisnsllsslLfyll 32 
                                     + +l++ag++t+sn++  + L+ l+
  tr|A0A8J4WTT4|A0A8J4WTT4_CLAMG 896 VTELLLAGVDTTSNTM-MWALYLLS 919
                                     679*************.5*999986 PP

  == domain 3  score: 10.3 bits;  conditional E-value: 0.023
              Round3_FinalIHelix    8 alllfiagletisnsllsslLfyll 32  
                                      + +l++ag++t+sn++  +  fyll
  tr|A0A8J4WTT4|A0A8J4WTT4_CLAMG 1259 VTELLLAGVDTTSNTM-MW-AFYLL 1281
                                      679*************.59.77776 PP

  == domain 4  score: 9.0 bits;  conditional E-value: 0.064
              Round3_FinalIHelix    5 eglalllfiagletisnsllsslLfyl 31  
                                      +g +++l++ag++t+sn+   +  + l
  tr|A0A8J4WTT4|A0A8J4WTT4_CLAMG 1657 YGSVAELLLAGVDTTSNTI-MWAMYLL 1682
                                      566799************9.5844444 PP

  == domain 5  score: 7.9 bits;  conditional E-value: 0.15
              Round3_FinalIHelix    8 alllfiagletisnsllsslLfyll 32  
                                      +++++  g++t+sn++ ++ L+ l+
  tr|A0A8J4WTT4|A0A8J4WTT4_CLAMG 2061 VAEMLVGGVDTTSNTM-LWALYLLS 2084
                                      5789999*********.6*9*9986 PP

  == domain 6  score: 15.1 bits;  conditional E-value: 0.00069
              Round3_FinalIHelix    5 eglalllfiagletisnsllsslLfyll 32  
                                      +g +++l++ag++t+sn+l  + L+ l+
  tr|A0A8J4WTT4|A0A8J4WTT4_CLAMG 2478 NGSIAELLLAGVDTTSNTL-MWALYLLS 2504
                                      66789**************.5*9**997 PP

>> tr|T1IQ14|T1IQ14_STRMM  Cytochrome P450 OS=Strigamia maritima OX=126957 PE=3 SV=1
   #    score  bias  c-Evalue  i-Evalue hmmfrom  hmm to    alifrom  ali to    envfrom  env to     acc
 ---   ------ ----- --------- --------- ------- -------    ------- -------    ------- -------    ----
   1 !   13.5   0.2    0.0023       1.8       9      31 ..     303     325 ..     296     326 .. 0.85
   2 ?    5.2   0.2         1     8e+02      10      26 ..     697     712 ..     690     718 .. 0.79
   3 !   16.1   0.1   0.00032      0.25       2      29 ..    1155    1182 ..    1154    1185 .. 0.82
   4 ?   11.4   0.0     0.011       8.4       3      31 ..    1687    1715 ..    1685    1716 .. 0.84
   5 !   17.7   0.0   9.9e-05     0.077       2      31 ..    2107    2136 ..    2106    2137 .. 0.91

  Alignments for each domain:
  == domain 1  score: 13.5 bits;  conditional E-value: 0.0023
      Round3_FinalIHelix   9 lllfiagletisnsllsslLfyl 31 
                              +lf+ag++t++n+l+ slL+++
  tr|T1IQ14|T1IQ14_STRMM 303 FDLFLAGSDTTTNTLGWSLLYMI 325
                             478*************9999985 PP

  == domain 2  score: 5.2 bits;  conditional E-value: 1
      Round3_FinalIHelix  10 llfiagletisnsllss 26 
                             + fiag+et++n+l  +
  tr|T1IQ14|T1IQ14_STRMM 697 DFFIAGSETSTNTLE-W 712
                             67***********94.5 PP

  == domain 3  score: 16.1 bits;  conditional E-value: 0.00032
      Round3_FinalIHelix    2 keaeglalllfiagletisnsllsslLf 29  
                              k+++g  l+lf+ag++t++n+l+  lL+
  tr|T1IQ14|T1IQ14_STRMM 1155 KHLSGVLLDLFFAGSDTTTNTLGWCLLY 1182
                              7888889***************944444 PP

  == domain 4  score: 11.4 bits;  conditional E-value: 0.011
      Round3_FinalIHelix    3 eaeglalllfiagletisnsllsslLfyl 31  
                              +++g   +lf+ag++t++n+ + slL+++
  tr|T1IQ14|T1IQ14_STRMM 1687 QLPGVLFDLFAAGSDTTTNTIGWSLLYMI 1715
                              555666799*************9999985 PP

  == domain 5  score: 17.7 bits;  conditional E-value: 9.9e-05
      Round3_FinalIHelix    2 keaeglalllfiagletisnsllsslLfyl 31  
                              k++++  l+lf+ag++t++n+l+ slL+++
  tr|T1IQ14|T1IQ14_STRMM 2107 KQLPMVLLDLFLAGSDTTTNTLGWSLLYMI 2136
                              6888999****************9999985 PP

>> tr|A0A7R8X8W7|A0A7R8X8W7_9CRUS  Cytochrome P450 (Fragment) OS=Darwinula stevensoni OX=69355 GN=DSTB1V02_LOCUS3234 PE=
   #    score  bias  c-Evalue  i-Evalue hmmfrom  hmm to    alifrom  ali to    envfrom  env to     acc
 ---   ------ ----- --------- --------- ------- -------    ------- -------    ------- -------    ----
   1 !   13.6   0.1     0.002       1.6       6      32 ..     313     338 ..     309     339 .. 0.88
   2 !   15.1   0.1   0.00066      0.52       2      32 ..     543     572 ..     542     573 .. 0.84
   3 ?    7.3   0.1      0.23   1.8e+02       3      26 ..     949     971 ..     947     976 .. 0.82
   4 !   15.5   0.1   0.00051       0.4       3      32 ..    1425    1453 ..    1423    1454 .. 0.84
   5 ?    3.2   0.0       4.5   3.5e+03       2      28 ..    1813    1837 ..    1812    1841 .. 0.83
   6 ?   11.0   0.3     0.014        11       4      31 ..    2164    2191 ..    2161    2192 .. 0.83

  Alignments for each domain:
  == domain 1  score: 13.6 bits;  conditional E-value: 0.002
              Round3_FinalIHelix   6 glalllfiagletisnsllsslLfyll 32 
                                      ++l++++ag++t+s s   +++++l+
  tr|A0A7R8X8W7|A0A7R8X8W7_9CRUS 313 VMILDMLLAGIDTTSHSI-AFTIYNLA 338
                                     799***************.599***98 PP

  == domain 2  score: 15.1 bits;  conditional E-value: 0.00066
              Round3_FinalIHelix   2 keaeglalllfiagletisnsllsslLfyll 32 
                                     ke+  ++l++++ag++t+sn+ + + L+ l+
  tr|A0A7R8X8W7|A0A7R8X8W7_9CRUS 543 KEVLVMILDMLLAGVDTTSNTIG-FALYHLA 572
                                     5666899***************9.5588876 PP

  == domain 3  score: 7.3 bits;  conditional E-value: 0.23
              Round3_FinalIHelix   3 eaeglalllfiagletisnsllss 26 
                                     e+  ++l++++ag++t   ++l s
  tr|A0A7R8X8W7|A0A7R8X8W7_9CRUS 949 EVLVMILDMLFAGIDTVCFTCL-S 971
                                     566799***********99995.6 PP

  == domain 4  score: 15.5 bits;  conditional E-value: 0.00051
              Round3_FinalIHelix    3 eaeglalllfiagletisnsllsslLfyll 32  
                                      e+  ++l++++ag++t+sn++  ++ f l+
  tr|A0A7R8X8W7|A0A7R8X8W7_9CRUS 1425 EVLVMILDMLFAGIDTTSNTVA-FTMFHLA 1453
                                      566799***************5.8888776 PP

  == domain 5  score: 3.2 bits;  conditional E-value: 4.5
              Round3_FinalIHelix    2 keaeglalllfiagletisnsllsslL 28  
                                      ke+  ++l++++ g++t   ++ +s +
  tr|A0A7R8X8W7|A0A7R8X8W7_9CRUS 1813 KEVLVMILDMLLGGIDTVCFTC-FS-V 1837
                                      5666799***************.57.3 PP

  == domain 6  score: 11.0 bits;  conditional E-value: 0.014
              Round3_FinalIHelix    4 aeglalllfiagletisnsllsslLfyl 31  
                                      +  ++l++++ag++t   ++ls l++ +
  tr|A0A7R8X8W7|A0A7R8X8W7_9CRUS 2164 VFVMILDMLFAGIDTVCFTCLSVLCQVI 2191
                                      55799***************87777766 PP

>> tr|A0A914TY97|A0A914TY97_9BILA  Cytochrome P450 OS=Panagrolaimus sp. PS1159 OX=55785 PE=3 SV=1
   #    score  bias  c-Evalue  i-Evalue hmmfrom  hmm to    alifrom  ali to    envfrom  env to     acc
 ---   ------ ----- --------- --------- ------- -------    ------- -------    ------- -------    ----
   1 !   24.9   0.1   4.7e-07   0.00037       3      31 ..     228     255 ..     226     257 .. 0.90
   2 !   28.7   0.1   2.7e-08   2.1e-05       3      31 ..     350     377 ..     348     379 .. 0.93

  Alignments for each domain:
  == domain 1  score: 24.9 bits;  conditional E-value: 4.7e-07
              Round3_FinalIHelix   3 eaeglalllfiagletisnsllsslLfyl 31 
                                     ++++ +l+l+iag+et s++l s+++ yl
  tr|A0A914TY97|A0A914TY97_9BILA 228 QLYATILDLWIAGQETVSYTL-SWMCIYL 255
                                     668889***************.****998 PP

  == domain 2  score: 28.7 bits;  conditional E-value: 2.7e-08
              Round3_FinalIHelix   3 eaeglalllfiagletisnsllsslLfyl 31 
                                     ++++++l+l+iag+et+s++l s+++ yl
  tr|A0A914TY97|A0A914TY97_9BILA 350 QLYAIILDLWIAGQETASYTL-SWMCIYL 377
                                     7899*****************.****998 PP

>> tr|A0A2P4UUB4|A0A2P4UUB4_CAERE  Cytochrome P450 OS=Caenorhabditis remanei OX=31234 GN=FL81_17644 PE=3 SV=1
   #    score  bias  c-Evalue  i-Evalue hmmfrom  hmm to    alifrom  ali to    envfrom  env to     acc
 ---   ------ ----- --------- --------- ------- -------    ------- -------    ------- -------    ----
   1 ?    5.6   0.1       0.8   6.3e+02      10      30 ..     333     352 ..     328     355 .. 0.82
   2 !   12.6   0.2    0.0042       3.3      10      32 ..     830     851 ..     824     852 .. 0.92
   3 ?   10.1   0.2     0.029        22      10      32 ..    1246    1267 ..    1241    1268 .. 0.91
   4 !   11.5   0.3    0.0099       7.8      10      32 ..    1683    1704 ..    1677    1705 .. 0.92
   5 !   15.7   0.2   0.00044      0.35      10      32 ..    2162    2183 ..    2154    2184 .. 0.88

  Alignments for each domain:
  == domain 1  score: 5.6 bits;  conditional E-value: 0.8
              Round3_FinalIHelix  10 llfiagletisnsllsslLfy 30 
                                     +l+ ag+et+s +l s+   +
  tr|A0A2P4UUB4|A0A2P4UUB4_CAERE 333 DLWQAGQETTSTTL-SWAFSC 352
                                     78************.995555 PP

  == domain 2  score: 12.6 bits;  conditional E-value: 0.0042
              Round3_FinalIHelix  10 llfiagletisnsllsslLfyll 32 
                                     +l++ag+et+s +l ++ +++ll
  tr|A0A2P4UUB4|A0A2P4UUB4_CAERE 830 DLWLAGQETTSTTL-TWACACLL 851
                                     89************.8*****98 PP

  == domain 3  score: 10.1 bits;  conditional E-value: 0.029
              Round3_FinalIHelix   10 llfiagletisnsllsslLfyll 32  
                                      +l++ag+et+s +l ++ + ++l
  tr|A0A2P4UUB4|A0A2P4UUB4_CAERE 1246 DLWLAGQETTSTTL-TWACVCFL 1267
                                      89************.8*999986 PP

  == domain 4  score: 11.5 bits;  conditional E-value: 0.0099
              Round3_FinalIHelix   10 llfiagletisnsllsslLfyll 32  
                                      +l++ag+et+s +l ++ + +ll
  tr|A0A2P4UUB4|A0A2P4UUB4_CAERE 1683 DLWLAGQETTSTTL-TWACVCLL 1704
                                      89************.8*****97 PP

  == domain 5  score: 15.7 bits;  conditional E-value: 0.00044
              Round3_FinalIHelix   10 llfiagletisnsllsslLfyll 32  
                                      +l+iag+et+s +l s+ +++ll
  tr|A0A2P4UUB4|A0A2P4UUB4_CAERE 2162 DLWIAGQETTSTTL-SWACACLL 2183
                                      89************.******98 PP

>> tr|A0A6P8J260|A0A6P8J260_ACTTE  Uncharacterized protein LOC116305923 OS=Actinia tenebrosa OX=6105 GN=LOC116305923 PE=
   #    score  bias  c-Evalue  i-Evalue hmmfrom  hmm to    alifrom  ali to    envfrom  env to     acc
 ---   ------ ----- --------- --------- ------- -------    ------- -------    ------- -------    ----
   1 !   17.5   0.2   0.00012     0.091       9      32 ..     323     345 ..     320     346 .. 0.92
   2 !   23.5   0.2   1.3e-06     0.001       6      32 ..     874     899 ..     870     900 .. 0.88

  Alignments for each domain:
  == domain 1  score: 17.5 bits;  conditional E-value: 0.00012
              Round3_FinalIHelix   9 lllfiagletisnsllsslLfyll 32 
                                     +++f+ g++t+sn++ ++lL++l+
  tr|A0A6P8J260|A0A6P8J260_ACTTE 323 IEMFMGGVDTTSNTA-LWLLYNLA 345
                                     69*************.6******8 PP

  == domain 2  score: 23.5 bits;  conditional E-value: 1.3e-06
              Round3_FinalIHelix   6 glalllfiagletisnsllsslLfyll 32 
                                     + a+++f+ag++t+sn++ ++lL++l+
  tr|A0A6P8J260|A0A6P8J260_ACTTE 874 MSAIEMFMAGVDTTSNTA-LWLLYSLA 899
                                     5589**************.6******8 PP

>> tr|A0A7R9AEE9|A0A7R9AEE9_9CRUS  Cytochrome P450 (Fragment) OS=Darwinula stevensoni OX=69355 GN=DSTB1V02_LOCUS12045 PE
   #    score  bias  c-Evalue  i-Evalue hmmfrom  hmm to    alifrom  ali to    envfrom  env to     acc
 ---   ------ ----- --------- --------- ------- -------    ------- -------    ------- -------    ----
   1 ?    2.2   0.0       9.7   7.6e+03      10      24 ..     247     261 ..     244     262 .. 0.89
   2 !   16.4   0.0   0.00026       0.2       3      32 ..     329     357 ..     327     358 .. 0.88
   3 ?    2.2   0.0       9.7   7.6e+03      10      24 ..     559     573 ..     556     574 .. 0.89
   4 !   16.4   0.0   0.00026       0.2       3      32 ..     641     669 ..     639     670 .. 0.88

  Alignments for each domain:
  == domain 1  score: 2.2 bits;  conditional E-value: 9.7
              Round3_FinalIHelix  10 llfiagletisnsll 24 
                                     ll++a++et s++++
  tr|A0A7R9AEE9|A0A7R9AEE9_9CRUS 247 LLINAVFETFSAFSY 261
                                     69*********9987 PP

  == domain 2  score: 16.4 bits;  conditional E-value: 0.00026
              Round3_FinalIHelix   3 eaeglalllfiagletisnsllsslLfyll 32 
                                     e+ +++ +++iag++t++n l+ ++L+ l+
  tr|A0A7R9AEE9|A0A7R9AEE9_9CRUS 329 EVLTMITDMLIAGIDTTGNCLG-FTLYHLA 357
                                     556899***************8.99**987 PP

  == domain 3  score: 2.2 bits;  conditional E-value: 9.7
              Round3_FinalIHelix  10 llfiagletisnsll 24 
                                     ll++a++et s++++
  tr|A0A7R9AEE9|A0A7R9AEE9_9CRUS 559 LLINAVFETFSAFSY 573
                                     69*********9987 PP

  == domain 4  score: 16.4 bits;  conditional E-value: 0.00026
              Round3_FinalIHelix   3 eaeglalllfiagletisnsllsslLfyll 32 
                                     e+ +++ +++iag++t++n l+ ++L+ l+
  tr|A0A7R9AEE9|A0A7R9AEE9_9CRUS 641 EVLTMITDMLIAGIDTTGNCLG-FTLYHLA 669
                                     556899***************8.99**987 PP

>> tr|A0A6H0JLQ2|A0A6H0JLQ2_APHGO  Cytochrome P450 monooxygenase CYP301B1 OS=Aphis gossypii OX=80765 PE=2 SV=1
   #    score  bias  c-Evalue  i-Evalue hmmfrom  hmm to    alifrom  ali to    envfrom  env to     acc
 ---   ------ ----- --------- --------- ------- -------    ------- -------    ------- -------    ----
   1 !   21.1   0.4   7.8e-06    0.0061       6      32 ..     325     350 ..     321     351 .. 0.90
   2 !   18.2   0.1   6.7e-05     0.052       7      32 ..     865     889 ..     860     890 .. 0.90

  Alignments for each domain:
  == domain 1  score: 21.1 bits;  conditional E-value: 7.8e-06
              Round3_FinalIHelix   6 glalllfiagletisnsllsslLfyll 32 
                                      lal+l+++g++tis+++ +s+L++++
  tr|A0A6H0JLQ2|A0A6H0JLQ2_APHGO 325 ILALDLILVGIDTISMAV-CSMLYQIA 350
                                     589***************.9****987 PP

  == domain 2  score: 18.2 bits;  conditional E-value: 6.7e-05
              Round3_FinalIHelix   7 lalllfiagletisnsllsslLfyll 32 
                                     l l++fi+g++t+s++l  s+L++l+
  tr|A0A6H0JLQ2|A0A6H0JLQ2_APHGO 865 LSLDMFIVGIDTTSAAL-ASILYQLS 889
                                     789**************.6*****97 PP

>> tr|A0A9D3SN64|A0A9D3SN64_9TELE  Cytochrome P450 OS=Hemibagrus wyckioides OX=337641 GN=KOW79_004935 PE=3 SV=1
   #    score  bias  c-Evalue  i-Evalue hmmfrom  hmm to    alifrom  ali to    envfrom  env to     acc
 ---   ------ ----- --------- --------- ------- -------    ------- -------    ------- -------    ----
   1 ?   11.3   0.0     0.011       8.8       6      31 ..     315     339 ..     310     341 .. 0.79
   2 ?   11.3   0.0     0.011       8.8       6      31 ..     755     779 ..     750     781 .. 0.79
   3 !   14.7   0.1   0.00088      0.69       8      32 ..    1130    1153 ..    1123    1154 .. 0.85

  Alignments for each domain:
  == domain 1  score: 11.3 bits;  conditional E-value: 0.011
              Round3_FinalIHelix   6 glalllfiagletisnsllsslLfyl 31 
                                     g + +l++ag++t+sn++  + L  l
  tr|A0A9D3SN64|A0A9D3SN64_9TELE 315 GSVTELLLAGVDTTSNTM-MWALHLL 339
                                     55679*************.5877655 PP

  == domain 2  score: 11.3 bits;  conditional E-value: 0.011
              Round3_FinalIHelix   6 glalllfiagletisnsllsslLfyl 31 
                                     g + +l++ag++t+sn++  + L  l
  tr|A0A9D3SN64|A0A9D3SN64_9TELE 755 GSVTELLLAGVDTTSNTM-MWALHLL 779
                                     55679*************.5877655 PP

  == domain 3  score: 14.7 bits;  conditional E-value: 0.00088
              Round3_FinalIHelix    8 alllfiagletisnsllsslLfyll 32  
                                      + +l++ag++t+sn++  + L+ l+
  tr|A0A9D3SN64|A0A9D3SN64_9TELE 1130 VTELLLAGVDTTSNTM-MWALYLLS 1153
                                      679*************.5*999986 PP

>> tr|A0A7R8D2R9|A0A7R8D2R9_LEPSM  (salmon louse) hypothetical protein OS=Lepeophtheirus salmonis OX=72036 GN=LSAA_13237
   #    score  bias  c-Evalue  i-Evalue hmmfrom  hmm to    alifrom  ali to    envfrom  env to     acc
 ---   ------ ----- --------- --------- ------- -------    ------- -------    ------- -------    ----
   1 !   19.3   0.2     3e-05     0.024       3      31 ..     271     298 ..     269     299 .. 0.88
   2 !   19.2   0.2   3.2e-05     0.025       3      31 ..     638     665 ..     636     666 .. 0.88

  Alignments for each domain:
  == domain 1  score: 19.3 bits;  conditional E-value: 3e-05
              Round3_FinalIHelix   3 eaeglalllfiagletisnsllsslLfyl 31 
                                     ++  + ++lf ag+et+s +l +++L+y 
  tr|A0A7R8D2R9|A0A7R8D2R9_LEPSM 271 QLAVICMDLFVAGSETSSITL-TWMLMYM 298
                                     666788***************.8****96 PP

  == domain 2  score: 19.2 bits;  conditional E-value: 3.2e-05
              Round3_FinalIHelix   3 eaeglalllfiagletisnsllsslLfyl 31 
                                     ++  + ++lf ag+et+s +l +++L+y 
  tr|A0A7R8D2R9|A0A7R8D2R9_LEPSM 638 QLAVICMDLFVAGSETSSTTL-TWMLMYM 665
                                     666788***************.8****96 PP

>> tr|A0A7R8D2D1|A0A7R8D2D1_LEPSM  (salmon louse) hypothetical protein OS=Lepeophtheirus salmonis OX=72036 GN=LSAA_13237
   #    score  bias  c-Evalue  i-Evalue hmmfrom  hmm to    alifrom  ali to    envfrom  env to     acc
 ---   ------ ----- --------- --------- ------- -------    ------- -------    ------- -------    ----
   1 !   19.2   0.2   3.2e-05     0.025       3      31 ..     271     298 ..     269     299 .. 0.88
   2 !   19.2   0.2   3.3e-05     0.026       3      31 ..     665     692 ..     663     693 .. 0.88

  Alignments for each domain:
  == domain 1  score: 19.2 bits;  conditional E-value: 3.2e-05
              Round3_FinalIHelix   3 eaeglalllfiagletisnsllsslLfyl 31 
                                     ++  + ++lf ag+et+s +l +++L+y 
  tr|A0A7R8D2D1|A0A7R8D2D1_LEPSM 271 QLAVICMDLFVAGSETSSITL-TWMLMYM 298
                                     666788***************.8****96 PP

  == domain 2  score: 19.2 bits;  conditional E-value: 3.3e-05
              Round3_FinalIHelix   3 eaeglalllfiagletisnsllsslLfyl 31 
                                     ++  + ++lf ag+et+s +l +++L+y 
  tr|A0A7R8D2D1|A0A7R8D2D1_LEPSM 665 QLAVICMDLFVAGSETSSTTL-TWMLMYM 692
                                     666788***************.8****96 PP

>> tr|A0A182K8E3|A0A182K8E3_9DIPT  Cytochrome P450 OS=Anopheles christyi OX=43041 PE=3 SV=1
   #    score  bias  c-Evalue  i-Evalue hmmfrom  hmm to    alifrom  ali to    envfrom  env to     acc
 ---   ------ ----- --------- --------- ------- -------    ------- -------    ------- -------    ----
   1 !   15.5   0.1    0.0005      0.39       7      32 ..      31      55 ..      25      56 .. 0.90
   2 ?    8.9   0.0     0.067        53       7      32 ..     540     564 ..     534     565 .. 0.88
   3 !   13.5   0.1    0.0022       1.8       6      32 ..    1040    1065 ..    1035    1066 .. 0.90

  Alignments for each domain:
  == domain 1  score: 15.5 bits;  conditional E-value: 0.0005
              Round3_FinalIHelix  7 lalllfiagletisnsllsslLfyll 32
                                    +al++++ag++t+s  ++ ++L++l+
  tr|A0A182K8E3|A0A182K8E3_9DIPT 31 MALDMIFAGIDTTSSGSV-AILYCLA 55
                                    89***************7.******8 PP

  == domain 2  score: 8.9 bits;  conditional E-value: 0.067
              Round3_FinalIHelix   7 lalllfiagletisnsllsslLfyll 32 
                                     + l+++ ag++t+s  + + +L++l+
  tr|A0A182K8E3|A0A182K8E3_9DIPT 540 MSLDMLVAGIDTTSSGS-TGILYCLA 564
                                     889**********9999.899***98 PP

  == domain 3  score: 13.5 bits;  conditional E-value: 0.0022
              Round3_FinalIHelix    6 glalllfiagletisnsllsslLfyll 32  
                                       +a ++++ag++t+s s  + +L++l+
  tr|A0A182K8E3|A0A182K8E3_9DIPT 1040 VMAFDMLMAGIDTTSSST-FGILYCLA 1065
                                      6889**************.6******8 PP

>> tr|A0A6J2X2Z7|A0A6J2X2Z7_SITOR  Uncharacterized protein LOC115874478 OS=Sitophilus oryzae OX=7048 GN=LOC115874478 PE=
   #    score  bias  c-Evalue  i-Evalue hmmfrom  hmm to    alifrom  ali to    envfrom  env to     acc
 ---   ------ ----- --------- --------- ------- -------    ------- -------    ------- -------    ----
   1 !   20.8   0.4     1e-05    0.0079       6      32 ..     321     346 ..     317     347 .. 0.91
   2 !   18.9   0.3     4e-05     0.031       4      32 ..     893     920 ..     890     920 .. 0.89

  Alignments for each domain:
  == domain 1  score: 20.8 bits;  conditional E-value: 1e-05
              Round3_FinalIHelix   6 glalllfiagletisnsllsslLfyll 32 
                                      lal+l+++g++tis+++ +s+L++l+
  tr|A0A6J2X2Z7|A0A6J2X2Z7_SITOR 321 ILALDLILVGIDTISMAV-CSILYQLA 346
                                     589***************.9*****98 PP

  == domain 2  score: 18.9 bits;  conditional E-value: 4e-05
              Round3_FinalIHelix   4 aeglalllfiagletisnsllsslLfyll 32 
                                     a+ lal++f++g++tisn++  s+L++l+
  tr|A0A6J2X2Z7|A0A6J2X2Z7_SITOR 893 ASILALDMFLVGVDTISNAV-ASILYQLA 920
                                     5669****************.6*****97 PP

>> tr|A0A3Q0JHQ7|A0A3Q0JHQ7_DIACI  Uncharacterized protein LOC103519287 OS=Diaphorina citri OX=121845 GN=LOC103519287 PE
   #    score  bias  c-Evalue  i-Evalue hmmfrom  hmm to    alifrom  ali to    envfrom  env to     acc
 ---   ------ ----- --------- --------- ------- -------    ------- -------    ------- -------    ----
   1 !   20.0   0.8   1.8e-05     0.014       7      30 ..      19      42 ..      14      44 .. 0.85
   2 !   20.0   0.8   1.8e-05     0.014       7      30 ..     354     377 ..     349     379 .. 0.85

  Alignments for each domain:
  == domain 1  score: 20.0 bits;  conditional E-value: 1.8e-05
              Round3_FinalIHelix  7 lalllfiagletisnsllsslLfy 30
                                    l l+lf+ag+et+snsl +s+L+ 
  tr|A0A3Q0JHQ7|A0A3Q0JHQ7_DIACI 19 LLLDLFMAGSETTSNSLSFSVLYL 42
                                    679**************8787775 PP

  == domain 2  score: 20.0 bits;  conditional E-value: 1.8e-05
              Round3_FinalIHelix   7 lalllfiagletisnsllsslLfy 30 
                                     l l+lf+ag+et+snsl +s+L+ 
  tr|A0A3Q0JHQ7|A0A3Q0JHQ7_DIACI 354 LLLDLFMAGSETTSNSLSFSVLYL 377
                                     679**************8787775 PP

>> tr|A0A498NHQ1|A0A498NHQ1_LABRO  Sterol 26-mitochondrial-like protein OS=Labeo rohita OX=84645 GN=ROHU_017039 PE=1 SV=
   #    score  bias  c-Evalue  i-Evalue hmmfrom  hmm to    alifrom  ali to    envfrom  env to     acc
 ---   ------ ----- --------- --------- ------- -------    ------- -------    ------- -------    ----
   1 !   15.6   0.1   0.00047      0.37       8      32 ..     321     344 ..     315     345 .. 0.84
   2 !   20.3   0.1   1.4e-05     0.011       3      32 ..     693     721 ..     691     722 .. 0.87

  Alignments for each domain:
  == domain 1  score: 15.6 bits;  conditional E-value: 0.00047
              Round3_FinalIHelix   8 alllfiagletisnsllsslLfyll 32 
                                     + +l++ag++t+sn++ +++L  l+
  tr|A0A498NHQ1|A0A498NHQ1_LABRO 321 ISELLLAGVDTTSNTM-LWTLHLLS 344
                                     6799************.6**98775 PP

  == domain 2  score: 20.3 bits;  conditional E-value: 1.4e-05
              Round3_FinalIHelix   3 eaeglalllfiagletisnsllsslLfyll 32 
                                     e++g + +l++ag++t+sn++ +++L+ l+
  tr|A0A498NHQ1|A0A498NHQ1_LABRO 693 EVYGSVSELLLAGVDTTSNTM-LWTLYLLS 721
                                     66777789*************.6****997 PP

>> tr|A0AA47P344|A0AA47P344_MERPO  Cytochrome P450 2D15 OS=Merluccius polli OX=89951 GN=CYP2D15_0 PE=3 SV=1
   #    score  bias  c-Evalue  i-Evalue hmmfrom  hmm to    alifrom  ali to    envfrom  env to     acc
 ---   ------ ----- --------- --------- ------- -------    ------- -------    ------- -------    ----
   1 !   13.8   0.2    0.0018       1.4       3      30 ..     284     311 ..     282     313 .. 0.89
   2 !   12.0   0.2    0.0068       5.3       6      30 ..     751     775 ..     747     777 .. 0.87
   3 !   13.8   0.2    0.0018       1.4       3      30 ..    1248    1275 ..    1246    1277 .. 0.89
   4 !   12.4   0.2     0.005       3.9       6      30 ..    1752    1776 ..    1747    1778 .. 0.86

  Alignments for each domain:
  == domain 1  score: 13.8 bits;  conditional E-value: 0.0018
              Round3_FinalIHelix   3 eaeglalllfiagletisnsllsslLfy 30 
                                     +++++a +l +ag +t+sn+ll+slL+ 
  tr|A0AA47P344|A0AA47P344_MERPO 284 QLSSFAQDLHFAGTDTTSNTLLTSLLYL 311
                                     6789999***************998885 PP

  == domain 2  score: 12.0 bits;  conditional E-value: 0.0068
              Round3_FinalIHelix   6 glalllfiagletisnsllsslLfy 30 
                                     ++a +l +ag +t+sn+ll+slL+ 
  tr|A0AA47P344|A0AA47P344_MERPO 751 AFAQDLHFAGTDTTSNTLLTSLLYL 775
                                     5788999************998885 PP

  == domain 3  score: 13.8 bits;  conditional E-value: 0.0018
              Round3_FinalIHelix    3 eaeglalllfiagletisnsllsslLfy 30  
                                      +++++a +l +ag +t+sn+ll+slL+ 
  tr|A0AA47P344|A0AA47P344_MERPO 1248 QLSSFAQDLHFAGTDTTSNTLLTSLLYL 1275
                                      6789999***************998885 PP

  == domain 4  score: 12.4 bits;  conditional E-value: 0.005
              Round3_FinalIHelix    6 glalllfiagletisnsllsslLfy 30  
                                      ++a +l +ag +t+sn+ll+slL+ 
  tr|A0AA47P344|A0AA47P344_MERPO 1752 AFAQDLHFAGTDTTSNTLLTSLLYL 1776
                                      688999*************998885 PP

>> tr|C3XV68|C3XV68_BRAFL  Cytochrome P450 OS=Branchiostoma floridae OX=7739 GN=BRAFLDRAFT_91871 PE=3 SV=1
   #    score  bias  c-Evalue  i-Evalue hmmfrom  hmm to    alifrom  ali to    envfrom  env to     acc
 ---   ------ ----- --------- --------- ------- -------    ------- -------    ------- -------    ----
   1 !   13.0   0.3    0.0032       2.5       7      32 ..     330     354 ..     325     355 .. 0.88
   2 !   13.0   0.3    0.0032       2.5       7      32 ..     787     811 ..     782     812 .. 0.88
   3 !   14.8   0.2   0.00086      0.68       3      32 ..    1267    1295 ..    1266    1296 .. 0.88

  Alignments for each domain:
  == domain 1  score: 13.0 bits;  conditional E-value: 0.0032
      Round3_FinalIHelix   7 lalllfiagletisnsllsslLfyll 32 
                             +a +l +ag++t++n+l  + Lf+l+
  tr|C3XV68|C3XV68_BRAFL 330 MAVDLMAAGIDTSGNTLM-FNLFCLA 354
                             7889*************5.99****8 PP

  == domain 2  score: 13.0 bits;  conditional E-value: 0.0032
      Round3_FinalIHelix   7 lalllfiagletisnsllsslLfyll 32 
                             +a +l +ag++t++n+l  + Lf+l+
  tr|C3XV68|C3XV68_BRAFL 787 MAVDLMAAGIDTSGNTLM-FNLFCLA 811
                             7889*************5.99****8 PP

  == domain 3  score: 14.8 bits;  conditional E-value: 0.00086
      Round3_FinalIHelix    3 eaeglalllfiagletisnsllsslLfyll 32  
                              ea  +a +l+ ag++t++n+l  + Lf+l+
  tr|C3XV68|C3XV68_BRAFL 1267 EAMEMAVDLLSAGIDTTGNTLM-FNLFCLA 1295
                              5667999**************5.99****8 PP

>> tr|A0A182NTP7|A0A182NTP7_9DIPT  Cytochrome P450 OS=Anopheles dirus OX=7168 PE=3 SV=1
   #    score  bias  c-Evalue  i-Evalue hmmfrom  hmm to    alifrom  ali to    envfrom  env to     acc
 ---   ------ ----- --------- --------- ------- -------    ------- -------    ------- -------    ----
   1 ?    7.1   0.0      0.26     2e+02       4      32 ..     350     377 ..     348     378 .. 0.86
   2 !   14.6   0.1     0.001      0.78       5      32 ..     781     807 ..     776     808 .. 0.86
   3 ?    4.2   0.0       2.1   1.7e+03       5      32 ..    1264    1290 ..    1259    1291 .. 0.86
   4 ?   10.3   0.1     0.025        19       7      32 ..    1756    1780 ..    1750    1781 .. 0.85
   5 ?    2.6   0.1       7.2   5.6e+03      10      32 ..    2275    2296 ..    2269    2297 .. 0.81

  Alignments for each domain:
  == domain 1  score: 7.1 bits;  conditional E-value: 0.26
              Round3_FinalIHelix   4 aeglalllfiagletisnsllsslLfyll 32 
                                     a+++ l+ ++ag++t+s  + + +L+ l+
  tr|A0A182NTP7|A0A182NTP7_9DIPT 350 AYTMSLDAIFAGVDTTSSGS-TGVLYLLA 377
                                     689*************9888.78888887 PP

  == domain 2  score: 14.6 bits;  conditional E-value: 0.001
              Round3_FinalIHelix   5 eglalllfiagletisnsllsslLfyll 32 
                                       +al++++ag+et+s s  + +L++l+
  tr|A0A182NTP7|A0A182NTP7_9DIPT 781 VIMALDMIFAGIETTSTST-LGTLYCLA 807
                                     569****************.599****8 PP

  == domain 3  score: 4.2 bits;  conditional E-value: 2.1
              Round3_FinalIHelix    5 eglalllfiagletisnsllsslLfyll 32  
                                        +al++++ g+e +s++ +  +L++l+
  tr|A0A182NTP7|A0A182NTP7_9DIPT 1264 VIMALDMIFGGIEMTSATTV-GTLYCLA 1290
                                      5699***************7.99****8 PP

  == domain 4  score: 10.3 bits;  conditional E-value: 0.025
              Round3_FinalIHelix    7 lalllfiagletisnsllsslLfyll 32  
                                      + l++++ag++t+s  ++  +L++l+
  tr|A0A182NTP7|A0A182NTP7_9DIPT 1756 MSLDMLMAGIDTTSSGSV-GILYCLA 1780
                                      89**********998886.89***98 PP

  == domain 5  score: 2.6 bits;  conditional E-value: 7.2
              Round3_FinalIHelix   10 llfiagletisnsllsslLfyll 32  
                                      +  + g++t+s s  + +L++l+
  tr|A0A182NTP7|A0A182NTP7_9DIPT 2275 DTVMGGIDTTSSST-FGILYCLA 2296
                                      556679********.6******8 PP

>> tr|A0A9J6AKC7|A0A9J6AKC7_SOLCO  Cytochrome P450 OS=Solanum commersonii OX=4109 GN=H5410_009681 PE=3 SV=1
   #    score  bias  c-Evalue  i-Evalue hmmfrom  hmm to    alifrom  ali to    envfrom  env to     acc
 ---   ------ ----- --------- --------- ------- -------    ------- -------    ------- -------    ----
   1 !   21.3   0.2   6.6e-06    0.0052       5      32 ..      13      39 ..      10      40 .. 0.91
   2 !   18.8   0.4   4.4e-05     0.034       6      32 ..     391     416 ..     387     417 .. 0.90

  Alignments for each domain:
  == domain 1  score: 21.3 bits;  conditional E-value: 6.6e-06
              Round3_FinalIHelix  5 eglalllfiagletisnsllsslLfyll 32
                                     +++l+l++ag+et+s+ l s+l+++l+
  tr|A0A9J6AKC7|A0A9J6AKC7_SOLCO 13 VSIVLDLLFAGFETTSGLL-SLLVYFLA 39
                                    5799***************.9*****98 PP

  == domain 2  score: 18.8 bits;  conditional E-value: 4.4e-05
              Round3_FinalIHelix   6 glalllfiagletisnsllsslLfyll 32 
                                     ++ l+l++ag+et+s+ l s+l+++l+
  tr|A0A9J6AKC7|A0A9J6AKC7_SOLCO 391 SILLDLLLAGYETTSGLL-SLLVYFLA 416
                                     6789**************.9****997 PP

>> tr|A0A8S1CB21|A0A8S1CB21_9INSE  Cytochrome P450 OS=Cloeon dipterum OX=197152 GN=CLODIP_2_CD14423 PE=3 SV=1
   #    score  bias  c-Evalue  i-Evalue hmmfrom  hmm to    alifrom  ali to    envfrom  env to     acc
 ---   ------ ----- --------- --------- ------- -------    ------- -------    ------- -------    ----
   1 !   18.3   0.1   6.3e-05      0.05       8      32 ..     322     345 ..     319     346 .. 0.92
   2 !   16.7   0.1    0.0002      0.16       8      31 ..     805     827 ..     801     829 .. 0.93

  Alignments for each domain:
  == domain 1  score: 18.3 bits;  conditional E-value: 6.3e-05
              Round3_FinalIHelix   8 alllfiagletisnsllsslLfyll 32 
                                     ++++++ag++t+sns+  ++L+yl+
  tr|A0A8S1CB21|A0A8S1CB21_9INSE 322 GMDIILAGVDTTSNSA-AMILYYLA 345
                                     589*************.6******8 PP

  == domain 2  score: 16.7 bits;  conditional E-value: 0.0002
              Round3_FinalIHelix   8 alllfiagletisnsllsslLfyl 31 
                                     ++++++ag++t+sns+  ++L+yl
  tr|A0A8S1CB21|A0A8S1CB21_9INSE 805 GMDIILAGVDTTSNSA-AMVLYYL 827
                                     589*************.6*****8 PP

>> tr|M1DND6|M1DND6_SOLTU  Cytochrome P450 OS=Solanum tuberosum OX=4113 PE=3 SV=1
   #    score  bias  c-Evalue  i-Evalue hmmfrom  hmm to    alifrom  ali to    envfrom  env to     acc
 ---   ------ ----- --------- --------- ------- -------    ------- -------    ------- -------    ----
   1 !   21.2   0.2   7.5e-06    0.0059       5      32 ..      82     108 ..      79     109 .. 0.91
   2 !   18.6   0.4     5e-05     0.039       6      32 ..     460     485 ..     456     486 .. 0.90

  Alignments for each domain:
  == domain 1  score: 21.2 bits;  conditional E-value: 7.5e-06
      Round3_FinalIHelix   5 eglalllfiagletisnsllsslLfyll 32 
                              +++l+l++ag+et+s+ l s+l+++l+
  tr|M1DND6|M1DND6_SOLTU  82 VSIVLDLLFAGFETTSGLL-SLLVYFLA 108
                             5799***************.9*****98 PP

  == domain 2  score: 18.6 bits;  conditional E-value: 5e-05
      Round3_FinalIHelix   6 glalllfiagletisnsllsslLfyll 32 
                             ++ l+l++ag+et+s+ l s+l+++l+
  tr|M1DND6|M1DND6_SOLTU 460 SILLDLLLAGYETTSGLL-SLLVYFLA 485
                             6789**************.9****997 PP

>> tr|A0A2A4K8G4|A0A2A4K8G4_HELVI  Cytochrome P450 301a1, mitochondrial OS=Heliothis virescens OX=7102 GN=B5V51_12880 PE
   #    score  bias  c-Evalue  i-Evalue hmmfrom  hmm to    alifrom  ali to    envfrom  env to     acc
 ---   ------ ----- --------- --------- ------- -------    ------- -------    ------- -------    ----
   1 !   19.8   0.8   2.1e-05     0.017       7      32 ..     334     358 ..     330     359 .. 0.93
   2 !   19.8   0.8   2.1e-05     0.017       7      32 ..     565     589 ..     561     590 .. 0.93

  Alignments for each domain:
  == domain 1  score: 19.8 bits;  conditional E-value: 2.1e-05
              Round3_FinalIHelix   7 lalllfiagletisnsllsslLfyll 32 
                                     +al+l+++g++tis+++ +s+L++++
  tr|A0A2A4K8G4|A0A2A4K8G4_HELVI 334 MALDLILVGIDTISMAV-CSILYQAA 358
                                     89***************.9****998 PP

  == domain 2  score: 19.8 bits;  conditional E-value: 2.1e-05
              Round3_FinalIHelix   7 lalllfiagletisnsllsslLfyll 32 
                                     +al+l+++g++tis+++ +s+L++++
  tr|A0A2A4K8G4|A0A2A4K8G4_HELVI 565 MALDLILVGIDTISMAV-CSILYQAA 589
                                     89***************.9****998 PP

>> tr|A0A7R9BFG6|A0A7R9BFG6_9CRUS  Cytochrome P450 OS=Notodromas monacha OX=399045 GN=NMOB1V02_LOCUS2139 PE=3 SV=1
   #    score  bias  c-Evalue  i-Evalue hmmfrom  hmm to    alifrom  ali to    envfrom  env to     acc
 ---   ------ ----- --------- --------- ------- -------    ------- -------    ------- -------    ----
   1 !   19.7   0.3   2.3e-05     0.018       7      32 ..     318     342 ..     314     343 .. 0.94
   2 !   17.1   0.3   0.00015      0.12       7      32 ..     824     848 ..     823     849 .. 0.93

  Alignments for each domain:
  == domain 1  score: 19.7 bits;  conditional E-value: 2.3e-05
              Round3_FinalIHelix   7 lalllfiagletisnsllsslLfyll 32 
                                     l+l+l++ag++t+s s++ +lLf+l+
  tr|A0A7R9BFG6|A0A7R9BFG6_9CRUS 318 LILDLLMAGIDTTSHSMG-FLLFQLA 342
                                     79***************8.*****98 PP

  == domain 2  score: 17.1 bits;  conditional E-value: 0.00015
              Round3_FinalIHelix   7 lalllfiagletisnsllsslLfyll 32 
                                     l+l+l++ag++t+s s++ +lL+ l+
  tr|A0A7R9BFG6|A0A7R9BFG6_9CRUS 824 LILDLLMAGIDTTSHSMG-FLLYHLA 848
                                     79***************8.****987 PP

>> tr|A0A8J6HEY8|A0A8J6HEY8_TENMO  HAT C-terminal dimerisation domain-containing protein OS=Tenebrio molitor OX=7067 GN=
   #    score  bias  c-Evalue  i-Evalue hmmfrom  hmm to    alifrom  ali to    envfrom  env to     acc
 ---   ------ ----- --------- --------- ------- -------    ------- -------    ------- -------    ----
   1 ?    9.2   0.0     0.056        44       3      32 ..     260     289 ..     258     290 .. 0.87
   2 ?   11.2   0.0     0.012       9.7       4      32 ..     840     868 ..     837     869 .. 0.88
   3 ?    6.3   0.0      0.47   3.7e+02       5      31 ..    2026    2051 ..    2022    2053 .. 0.82
   4 ?    7.9   0.0      0.14   1.1e+02       3      32 ..    2551    2580 ..    2549    2581 .. 0.88

  Alignments for each domain:
  == domain 1  score: 9.2 bits;  conditional E-value: 0.056
              Round3_FinalIHelix   3 ea.eglalllfiagletisnsllsslLfyll 32 
                                     ++  ++  ++ iag++t++ +l  + L+yl+
  tr|A0A8J6HEY8|A0A8J6HEY8_TENMO 260 NVaIAMSVDMMIAGVDTTGRVL-AAALYYLS 289
                                     55689999**************.599***97 PP

  == domain 2  score: 11.2 bits;  conditional E-value: 0.012
              Round3_FinalIHelix   4 a.eglalllfiagletisnsllsslLfyll 32 
                                     +  g+ l++ iag++t++ +l  s L+yl+
  tr|A0A8J6HEY8|A0A8J6HEY8_TENMO 840 VaVGMSLDMMIAGIDTTGRVL-ASGLYYLS 868
                                     4489*****************.599***97 PP

  == domain 3  score: 6.3 bits;  conditional E-value: 0.47
              Round3_FinalIHelix    5 eglalllfiagletisnsllsslLfyl 31  
                                       g+ l++ iag++t++ +l    L+yl
  tr|A0A8J6HEY8|A0A8J6HEY8_TENMO 2026 VGMSLDMMIAGIDTTGRVLA-GGLYYL 2051
                                      689************99983.666666 PP

  == domain 4  score: 7.9 bits;  conditional E-value: 0.14
              Round3_FinalIHelix    3 ea.eglalllfiagletisnsllsslLfyll 32  
                                      ++  g+ +++ +ag++t++ +l  + L+yl+
  tr|A0A8J6HEY8|A0A8J6HEY8_TENMO 2551 NVaVGMSIDMMLAGIDTTGRVL-AAGLYYLS 2580
                                      66689*****************.59999997 PP

>> tr|A0A1I7RLW6|A0A1I7RLW6_BURXY  Cytochrome P450 OS=Bursaphelenchus xylophilus OX=6326 PE=3 SV=1
   #    score  bias  c-Evalue  i-Evalue hmmfrom  hmm to    alifrom  ali to    envfrom  env to     acc
 ---   ------ ----- --------- --------- ------- -------    ------- -------    ------- -------    ----
   1 !   16.6   0.0   0.00022      0.17       6      32 ..     297     322 ..     294     323 .. 0.89
   2 !   16.6   0.0   0.00022      0.17       6      32 ..     491     516 ..     488     517 .. 0.89

  Alignments for each domain:
  == domain 1  score: 16.6 bits;  conditional E-value: 0.00022
              Round3_FinalIHelix   6 glalllfiagletisnsllsslLfyll 32 
                                     ++ ++l+ ag+et+s +l +++++yl 
  tr|A0A1I7RLW6|A0A1I7RLW6_BURXY 297 NICMDLWVAGQETTSSTL-TWIIAYLI 322
                                     678***************.8****995 PP

  == domain 2  score: 16.6 bits;  conditional E-value: 0.00022
              Round3_FinalIHelix   6 glalllfiagletisnsllsslLfyll 32 
                                     ++ ++l+ ag+et+s +l +++++yl 
  tr|A0A1I7RLW6|A0A1I7RLW6_BURXY 491 NICMDLWVAGQETTSSTL-TWIIAYLI 516
                                     678***************.8****995 PP

>> tr|A0A8J4UMJ4|A0A8J4UMJ4_CLAMG  Cytochrome P450 2F2-like OS=Clarias magur OX=1594786 GN=DAT39_012293 PE=3 SV=1
   #    score  bias  c-Evalue  i-Evalue hmmfrom  hmm to    alifrom  ali to    envfrom  env to     acc
 ---   ------ ----- --------- --------- ------- -------    ------- -------    ------- -------    ----
   1 !   13.4   0.2    0.0025       1.9       2      30 ..     329     357 ..     328     360 .. 0.88
   2 !   14.0   0.3    0.0015       1.2       2      30 ..     755     783 ..     754     786 .. 0.89
   3 !   12.4   0.3    0.0051         4       2      30 ..    1202    1230 ..    1201    1232 .. 0.92

  Alignments for each domain:
  == domain 1  score: 13.4 bits;  conditional E-value: 0.0025
              Round3_FinalIHelix   2 keaeglalllfiagletisnsllsslLfy 30 
                                     +++ +++++l  ag +t+sn+ll+++L+ 
  tr|A0A8J4UMJ4|A0A8J4UMJ4_CLAMG 329 ENLVSYIIDLHVAGTDTTSNTLLTAILYL 357
                                     67799*****************9998886 PP

  == domain 2  score: 14.0 bits;  conditional E-value: 0.0015
              Round3_FinalIHelix   2 keaeglalllfiagletisnsllsslLfy 30 
                                     ++++++++ l +ag +t+sn+ll+++L+ 
  tr|A0A8J4UMJ4|A0A8J4UMJ4_CLAMG 755 EQLSTYIMNLHLAGTDTTSNTLLTAILYL 783
                                     7899******************9998886 PP

  == domain 3  score: 12.4 bits;  conditional E-value: 0.0051
              Round3_FinalIHelix    2 keaeglalllfiagletisnsllsslLfy 30  
                                      +++ +++l l  ag +t+sn+ll+++L+ 
  tr|A0A8J4UMJ4|A0A8J4UMJ4_CLAMG 1202 EQLVAYILNLHVAGTDTTSNTLLTAMLYL 1230
                                      78899**********************96 PP

>> tr|A0A146B458|A0A146B458_BUBBU  Cytochrome P450 aromatase (Fragment) OS=Bubalus bubalis OX=89462 GN=Cyp19 PE=3 SV=1
   #    score  bias  c-Evalue  i-Evalue hmmfrom  hmm to    alifrom  ali to    envfrom  env to     acc
 ---   ------ ----- --------- --------- ------- -------    ------- -------    ------- -------    ----
   1 !   34.9   0.2   2.9e-10   2.3e-07       2      32 ..       8      37 ..       7      38 .. 0.92

  Alignments for each domain:
  == domain 1  score: 34.9 bits;  conditional E-value: 2.9e-10
              Round3_FinalIHelix  2 keaeglalllfiagletisnsllsslLfyll 32
                                    +++++++l+++ia+++t+s+s+ +++Lf ++
  tr|A0A146B458|A0A146B458_BUBBU  8 ENVNQCILEMLIAAPDTMSVSV-FFMLFLIA 37
                                    789*******************.6****987 PP

>> tr|A0A2P4USE4|A0A2P4USE4_CAERE  Uncharacterized protein OS=Caenorhabditis remanei OX=31234 GN=FL81_18256 PE=3 SV=1
   #    score  bias  c-Evalue  i-Evalue hmmfrom  hmm to    alifrom  ali to    envfrom  env to     acc
 ---   ------ ----- --------- --------- ------- -------    ------- -------    ------- -------    ----
   1 !   12.4   0.1    0.0051         4       4      25 ..     295     316 ..     292     323 .. 0.86
   2 ?    4.8   0.0       1.4   1.1e+03      10      24 ..     771     785 ..     765     789 .. 0.87
   3 ?    8.0   0.1      0.13     1e+02       5      25 ..    1244    1264 ..    1240    1271 .. 0.82
   4 ?    7.4   0.0       0.2   1.6e+02      10      24 ..    1712    1726 ..    1706    1730 .. 0.87

  Alignments for each domain:
  == domain 1  score: 12.4 bits;  conditional E-value: 0.0051
              Round3_FinalIHelix   4 aeglalllfiagletisnslls 25 
                                     +++++++l+i+g+et++ +l+s
  tr|A0A2P4USE4|A0A2P4USE4_CAERE 295 LKTMIIDLWITGQETTTTTLIS 316
                                     589***************9974 PP

  == domain 2  score: 4.8 bits;  conditional E-value: 1.4
              Round3_FinalIHelix  10 llfiagletisnsll 24 
                                     +l++ag++t++ +l+
  tr|A0A2P4USE4|A0A2P4USE4_CAERE 771 DLWLAGQDTTATTLV 785
                                     89*********9997 PP

  == domain 3  score: 8.0 bits;  conditional E-value: 0.13
              Round3_FinalIHelix    5 eglalllfiagletisnslls 25  
                                      +++  +l+i+g+et++ +l+s
  tr|A0A2P4USE4|A0A2P4USE4_CAERE 1244 KTMLFDLWITGQETTTTTLIS 1264
                                      5667789**********9974 PP

  == domain 4  score: 7.4 bits;  conditional E-value: 0.2
              Round3_FinalIHelix   10 llfiagletisnsll 24  
                                      +l++ag++t+s +l+
  tr|A0A2P4USE4|A0A2P4USE4_CAERE 1712 DLWFAGQDTTSTTLV 1726
                                      89***********97 PP

>> tr|A0A5C6MWB6|A0A5C6MWB6_9TELE  Cytochrome P450 2J2 OS=Takifugu flavidus OX=433684 GN=D4764_07G0004060 PE=3 SV=1
   #    score  bias  c-Evalue  i-Evalue hmmfrom  hmm to    alifrom  ali to    envfrom  env to     acc
 ---   ------ ----- --------- --------- ------- -------    ------- -------    ------- -------    ----
   1 !   11.9   0.6    0.0071       5.6       6      31 ..     234     258 ..     229     260 .. 0.85
   2 !   15.2   0.9   0.00063      0.49       3      31 ..     631     658 ..     629     660 .. 0.84
   3 !   11.5   0.0    0.0099       7.8       3      31 ..    1100    1127 ..    1098    1129 .. 0.81

  Alignments for each domain:
  == domain 1  score: 11.9 bits;  conditional E-value: 0.0071
              Round3_FinalIHelix   6 glalllfiagletisnsllsslLfyl 31 
                                      + l+lf+ag et++ +ll + L yl
  tr|A0A5C6MWB6|A0A5C6MWB6_9TELE 234 LCSLDLFLAGTETTATTLL-WALVYL 258
                                     599***************5.888877 PP

  == domain 2  score: 15.2 bits;  conditional E-value: 0.00063
              Round3_FinalIHelix   3 eaeglalllfiagletisnsllsslLfyl 31 
                                     ++ ++ l+lfiag et++ +ll + L yl
  tr|A0A5C6MWB6|A0A5C6MWB6_9TELE 631 NLAMCSLDLFIAGTETTATTLL-WALVYL 658
                                     5679*****************6.777666 PP

  == domain 3  score: 11.5 bits;  conditional E-value: 0.0099
              Round3_FinalIHelix    3 eaeglalllfiagletisnsllsslLfyl 31  
                                      ++  + l+lf+ag+et+s +l  + L yl
  tr|A0A5C6MWB6|A0A5C6MWB6_9TELE 1100 NLVLCCLDLFLAGSETTSKTL-QWGLIYL 1127
                                      556699*************99.5877666 PP

>> tr|E3NG39|E3NG39_CAERE  CYtochrome P450 family OS=Caenorhabditis remanei OX=31234 GN=CRE_02666 PE=3 SV=1
   #    score  bias  c-Evalue  i-Evalue hmmfrom  hmm to    alifrom  ali to    envfrom  env to     acc
 ---   ------ ----- --------- --------- ------- -------    ------- -------    ------- -------    ----
   1 !   17.6   0.4    0.0001     0.081       4      32 ..     292     319 ..     289     320 .. 0.81
   2 !   17.6   0.4    0.0001     0.081       4      32 ..     605     632 ..     602     633 .. 0.81

  Alignments for each domain:
  == domain 1  score: 17.6 bits;  conditional E-value: 0.0001
      Round3_FinalIHelix   4 aeglalllfiagletisnsllsslLfyll 32 
                             ++ +++ l+ ag et+sn+l+ slL+ ll
  tr|E3NG39|E3NG39_CAERE 292 DSVCFD-LWVAGMETTSNTLYWSLLYVLL 319
                             466755.5*************99999886 PP

  == domain 2  score: 17.6 bits;  conditional E-value: 0.0001
      Round3_FinalIHelix   4 aeglalllfiagletisnsllsslLfyll 32 
                             ++ +++ l+ ag et+sn+l+ slL+ ll
  tr|E3NG39|E3NG39_CAERE 605 DSVCFD-LWVAGMETTSNTLYWSLLYVLL 632
                             466755.5*************99999886 PP

>> tr|A0A2J8VBN7|A0A2J8VBN7_PONAB  Aromatase (Fragment) OS=Pongo abelii OX=9601 GN=CR201_G0020169 PE=3 SV=1
   #    score  bias  c-Evalue  i-Evalue hmmfrom  hmm to    alifrom  ali to    envfrom  env to     acc
 ---   ------ ----- --------- --------- ------- -------    ------- -------    ------- -------    ----
   1 !   33.4   0.2   8.6e-10   6.8e-07       2      32 ..       5      34 ..       4      35 .. 0.92

  Alignments for each domain:
  == domain 1  score: 33.4 bits;  conditional E-value: 8.6e-10
              Round3_FinalIHelix  2 keaeglalllfiagletisnsllsslLfyll 32
                                    +++++++l+++ia+++t+s+sl +++Lf ++
  tr|A0A2J8VBN7|A0A2J8VBN7_PONAB  5 ENVNQCILEMLIAAPDTMSVSL-FFMLFLIA 34
                                    789*******************.6****987 PP

>> tr|A0A2J8NSX2|A0A2J8NSX2_PANTR  Aromatase (Fragment) OS=Pan troglodytes OX=9598 GN=CK820_G0008582 PE=3 SV=1
   #    score  bias  c-Evalue  i-Evalue hmmfrom  hmm to    alifrom  ali to    envfrom  env to     acc
 ---   ------ ----- --------- --------- ------- -------    ------- -------    ------- -------    ----
   1 !   33.4   0.2   8.6e-10   6.8e-07       2      32 ..       5      34 ..       4      35 .. 0.92

  Alignments for each domain:
  == domain 1  score: 33.4 bits;  conditional E-value: 8.6e-10
              Round3_FinalIHelix  2 keaeglalllfiagletisnsllsslLfyll 32
                                    +++++++l+++ia+++t+s+sl +++Lf ++
  tr|A0A2J8NSX2|A0A2J8NSX2_PANTR  5 ENVNQCILEMLIAAPDTMSVSL-FFMLFLIA 34
                                    789*******************.6****987 PP

>> tr|H0YK57|H0YK57_HUMAN  Aromatase (Fragment) OS=Homo sapiens OX=9606 GN=CYP19A1 PE=1 SV=1
   #    score  bias  c-Evalue  i-Evalue hmmfrom  hmm to    alifrom  ali to    envfrom  env to     acc
 ---   ------ ----- --------- --------- ------- -------    ------- -------    ------- -------    ----
   1 !   33.4   0.2   8.7e-10   6.9e-07       2      32 ..       6      35 ..       5      36 .. 0.92

  Alignments for each domain:
  == domain 1  score: 33.4 bits;  conditional E-value: 8.7e-10
      Round3_FinalIHelix  2 keaeglalllfiagletisnsllsslLfyll 32
                            +++++++l+++ia+++t+s+sl +++Lf ++
  tr|H0YK57|H0YK57_HUMAN  6 ENVNQCILEMLIAAPDTMSVSL-FFMLFLIA 35
                            789*******************.6****987 PP

>> tr|A0A261CMN1|A0A261CMN1_9PELO  Cytochrome P450 (Fragment) OS=Caenorhabditis latens OX=1503980 GN=FL83_01912 PE=3 SV=
   #    score  bias  c-Evalue  i-Evalue hmmfrom  hmm to    alifrom  ali to    envfrom  env to     acc
 ---   ------ ----- --------- --------- ------- -------    ------- -------    ------- -------    ----
   1 !   12.3   0.1    0.0053       4.2       3      26 ..     249     271 ..     247     277 .. 0.84
   2 ?    7.0   0.1      0.27   2.1e+02       8      30 ..     711     732 ..     705     735 .. 0.83
   3 ?    7.9   0.1      0.14   1.1e+02       8      30 ..    1190    1211 ..    1187    1214 .. 0.85
   4 ?    7.9   0.1      0.14   1.1e+02       8      30 ..    1650    1671 ..    1646    1674 .. 0.86

  Alignments for each domain:
  == domain 1  score: 12.3 bits;  conditional E-value: 0.0053
              Round3_FinalIHelix   3 eaeglalllfiagletisnsllss 26 
                                     ++ ++al+ ++ag et+sn+l  +
  tr|A0A261CMN1|A0A261CMN1_9PELO 249 NLCACALDFWMAGMETTSNAL-RW 271
                                     5668****************9.36 PP

  == domain 2  score: 7.0 bits;  conditional E-value: 0.27
              Round3_FinalIHelix   8 alllfiagletisnsllsslLfy 30 
                                     +l+ + ag et+snsl  + L+y
  tr|A0A261CMN1|A0A261CMN1_9PELO 711 VLDFWVAGMETTSNSL-RWHLAY 732
                                     7899************.587766 PP

  == domain 3  score: 7.9 bits;  conditional E-value: 0.14
              Round3_FinalIHelix    8 alllfiagletisnsllsslLfy 30  
                                      +l+ ++ag et+snsl  + L+y
  tr|A0A261CMN1|A0A261CMN1_9PELO 1190 VLDFWLAGMETTSNSL-RWHLAY 1211
                                      5899************.587766 PP

  == domain 4  score: 7.9 bits;  conditional E-value: 0.14
              Round3_FinalIHelix    8 alllfiagletisnsllsslLfy 30  
                                      +l+ ++ag et+snsl  + L+y
  tr|A0A261CMN1|A0A261CMN1_9PELO 1650 VLDFWLAGMETTSNSL-RWHLAY 1671
                                      5899************.587766 PP

>> tr|A0A0D9YNE9|A0A0D9YNE9_9ORYZ  Cytochrome P450 OS=Oryza glumipatula OX=40148 PE=4 SV=1
   #    score  bias  c-Evalue  i-Evalue hmmfrom  hmm to    alifrom  ali to    envfrom  env to     acc
 ---   ------ ----- --------- --------- ------- -------    ------- -------    ------- -------    ----
   1 ?    9.7   0.1     0.037        29       5      26 ..     114     134 ..     112     137 .. 0.85
   2 ?    3.3   0.0       4.2   3.3e+03       8      26 ..     420     437 ..     416     440 .. 0.84
   3 ?    5.0   0.0       1.2   9.5e+02       6      23 ..     928     945 ..     925     949 .. 0.86
   4 ?    4.2   0.0       2.3   1.8e+03       4      23 ..    1445    1464 ..    1442    1468 .. 0.85
   5 ?    8.0   0.0      0.13     1e+02       4      22 ..    1696    1714 ..    1693    1718 .. 0.87

  Alignments for each domain:
  == domain 1  score: 9.7 bits;  conditional E-value: 0.037
              Round3_FinalIHelix   5 eglalllfiagletisnsllss 26 
                                     +++ l+lf+ag+et++n+l  +
  tr|A0A0D9YNE9|A0A0D9YNE9_9ORYZ 114 KAILLDLFNAGSETSANTL-QW 134
                                     57889*************9.47 PP

  == domain 2  score: 3.3 bits;  conditional E-value: 4.2
              Round3_FinalIHelix   8 alllfiagletisnsllss 26 
                                     + +lf ag+et++n+l  +
  tr|A0A0D9YNE9|A0A0D9YNE9_9ORYZ 420 IRDLFGAGSETSANTL-QW 437
                                     6799***********9.46 PP

  == domain 3  score: 5.0 bits;  conditional E-value: 1.2
              Round3_FinalIHelix   6 glalllfiagletisnsl 23 
                                     + +l+lf ag+et++n+l
  tr|A0A0D9YNE9|A0A0D9YNE9_9ORYZ 928 AVVLDLFGAGSETSANTL 945
                                     5689************99 PP

  == domain 4  score: 4.2 bits;  conditional E-value: 2.3
              Round3_FinalIHelix    4 aeglalllfiagletisnsl 23  
                                      +++ +l+lf ag+et+s +l
  tr|A0A0D9YNE9|A0A0D9YNE9_9ORYZ 1445 LKAVILDLFGAGSETSSDAL 1464
                                      67889***********9776 PP

  == domain 5  score: 8.0 bits;  conditional E-value: 0.13
              Round3_FinalIHelix    4 aeglalllfiagletisns 22  
                                      +++ +l+lf ag+et+sn+
  tr|A0A0D9YNE9|A0A0D9YNE9_9ORYZ 1696 LKAVILELFCAGSETSSNA 1714
                                      67889************98 PP

>> tr|A0A498MRQ1|A0A498MRQ1_LABRO  Cytochrome P450 2J2-like isoform X1 OS=Labeo rohita OX=84645 GN=ROHU_022301 PE=1 SV=1
   #    score  bias  c-Evalue  i-Evalue hmmfrom  hmm to    alifrom  ali to    envfrom  env to     acc
 ---   ------ ----- --------- --------- ------- -------    ------- -------    ------- -------    ----
   1 ?    7.2   0.3      0.24   1.9e+02       8      29 ..     305     326 ..     302     328 .. 0.85
   2 ?    7.8   0.2      0.15   1.2e+02       9      30 ..     475     495 ..     474     497 .. 0.86
   3 ?    8.6   0.7     0.084        66       7      30 ..     785     807 ..     780     809 .. 0.82
   4 ?    6.3   0.8      0.46   3.6e+02       7      29 ..    1121    1142 ..    1116    1145 .. 0.82
   5 !   13.3   1.0    0.0026       2.1       7      30 ..    1366    1389 ..    1361    1390 .. 0.89
   6 ?   11.2   0.7     0.012       9.7       7      30 ..    1643    1665 ..    1638    1667 .. 0.82

  Alignments for each domain:
  == domain 1  score: 7.2 bits;  conditional E-value: 0.24
              Round3_FinalIHelix   8 alllfiagletisnsllsslLf 29 
                                     +l+lf ag et+s +ll ++++
  tr|A0A498MRQ1|A0A498MRQ1_LABRO 305 VLDLFVAGTETTSTTLLWAFVY 326
                                     59**************766665 PP

  == domain 2  score: 7.8 bits;  conditional E-value: 0.15
              Round3_FinalIHelix   9 lllfiagletisnsllsslLfy 30 
                                     l+lfi g+et+s +l+ + L+y
  tr|A0A498MRQ1|A0A498MRQ1_LABRO 475 LDLFIRGSETTSTTLY-WGLLY 495
                                     79*************9.76665 PP

  == domain 3  score: 8.6 bits;  conditional E-value: 0.084
              Round3_FinalIHelix   7 lalllfiagletisnsllsslLfy 30 
                                     + l+lf ag et+s +l+ + L+y
  tr|A0A498MRQ1|A0A498MRQ1_LABRO 785 CTLDLFVAGTETTSTTLY-WGLLY 807
                                     889**************9.64433 PP

  == domain 4  score: 6.3 bits;  conditional E-value: 0.46
              Round3_FinalIHelix    7 lalllfiagletisnsllsslLf 29  
                                      + l+lf ag+et+  +l+ + L+
  tr|A0A498MRQ1|A0A498MRQ1_LABRO 1121 CTLDLFVAGSETTFTTLY-WGLL 1142
                                      889**************9.6443 PP

  == domain 5  score: 13.3 bits;  conditional E-value: 0.0026
              Round3_FinalIHelix    7 lalllfiagletisnsllsslLfy 30  
                                      +al+lf ag et+s +l+ +lL++
  tr|A0A498MRQ1|A0A498MRQ1_LABRO 1366 CALDLFVAGTETTSTTLYWALLYM 1389
                                      9*****************888776 PP

  == domain 6  score: 11.2 bits;  conditional E-value: 0.012
              Round3_FinalIHelix    7 lalllfiagletisnsllsslLfy 30  
                                      + l+lfiag et+s +l+ + L+y
  tr|A0A498MRQ1|A0A498MRQ1_LABRO 1643 CTLDLFIAGTETTSTTLY-WGLLY 1665
                                      889**************9.64433 PP

>> tr|A0A8H3GYA2|A0A8H3GYA2_9AGAM  Benzoate 4-monooxygenase OS=Rhizoctonia solani OX=456999 GN=RDB_LOCUS177404 PE=4 SV=1
   #    score  bias  c-Evalue  i-Evalue hmmfrom  hmm to    alifrom  ali to    envfrom  env to     acc
 ---   ------ ----- --------- --------- ------- -------    ------- -------    ------- -------    ----
   1 !   18.1   0.8   7.4e-05     0.058      11      32 ..     330     350 ..     327     350 .. 0.95
   2 !   18.1   0.8   7.4e-05     0.058      11      32 ..     669     689 ..     666     689 .. 0.95

  Alignments for each domain:
  == domain 1  score: 18.1 bits;  conditional E-value: 7.4e-05
              Round3_FinalIHelix  11 lfiagletisnsllsslLfyll 32 
                                     +f+ag++t+sn+l ssl+++l+
  tr|A0A8H3GYA2|A0A8H3GYA2_9AGAM 330 MFLAGSDTSSNTL-SSLCYQLA 350
                                     79***********.******97 PP

  == domain 2  score: 18.1 bits;  conditional E-value: 7.4e-05
              Round3_FinalIHelix  11 lfiagletisnsllsslLfyll 32 
                                     +f+ag++t+sn+l ssl+++l+
  tr|A0A8H3GYA2|A0A8H3GYA2_9AGAM 669 MFLAGSDTSSNTL-SSLCYQLA 689
                                     79***********.******97 PP

>> tr|A0A7R9Q1U2|A0A7R9Q1U2_9ACAR  Cytochrome P450 OS=Medioppia subpectinata OX=1979941 GN=OSB1V03_LOCUS9420 PE=3 SV=1
   #    score  bias  c-Evalue  i-Evalue hmmfrom  hmm to    alifrom  ali to    envfrom  env to     acc
 ---   ------ ----- --------- --------- ------- -------    ------- -------    ------- -------    ----
   1 !   15.6   0.2   0.00045      0.36       9      32 ..     542     564 ..     537     565 .. 0.91
   2 !   17.1   0.1   0.00015      0.12       4      32 ..     566     593 ..     564     594 .. 0.88

  Alignments for each domain:
  == domain 1  score: 15.6 bits;  conditional E-value: 0.00045
              Round3_FinalIHelix   9 lllfiagletisnsllsslLfyll 32 
                                     +l fiag++t+s+sl s +++yl+
  tr|A0A7R9Q1U2|A0A7R9Q1U2_9ACAR 542 ILFFIAGYDTTSASL-SHVVYYLS 564
                                     578************.******97 PP

  == domain 2  score: 17.1 bits;  conditional E-value: 0.00015
              Round3_FinalIHelix   4 aeglalllfiagletisnsllsslLfyll 32 
                                     +++ ++l fiag++t+s+sl s +++yl+
  tr|A0A7R9Q1U2|A0A7R9Q1U2_9ACAR 566 NKDXGILFFIAGYDTTSASL-SHVVYYLS 593
                                     56677899************.******97 PP

>> tr|A0A2P4WPX1|A0A2P4WPX1_CAERE  Cytochrome P450 OS=Caenorhabditis remanei OX=31234 GN=FL81_03529 PE=3 SV=1
   #    score  bias  c-Evalue  i-Evalue hmmfrom  hmm to    alifrom  ali to    envfrom  env to     acc
 ---   ------ ----- --------- --------- ------- -------    ------- -------    ------- -------    ----
   1 !   12.3   0.1    0.0053       4.2       3      26 ..     237     259 ..     235     265 .. 0.84
   2 ?    6.5   0.1       0.4   3.1e+02       8      30 ..     728     749 ..     724     752 .. 0.85
   3 ?    7.9   0.1      0.14   1.1e+02       8      30 ..    1174    1195 ..    1171    1198 .. 0.85
   4 ?    7.9   0.1      0.14   1.1e+02       8      30 ..    1634    1655 ..    1630    1658 .. 0.86

  Alignments for each domain:
  == domain 1  score: 12.3 bits;  conditional E-value: 0.0053
              Round3_FinalIHelix   3 eaeglalllfiagletisnsllss 26 
                                     ++ ++al+ ++ag et+sn+l  +
  tr|A0A2P4WPX1|A0A2P4WPX1_CAERE 237 NLCACALDFWMAGMETTSNAL-RW 259
                                     5668****************9.36 PP

  == domain 2  score: 6.5 bits;  conditional E-value: 0.4
              Round3_FinalIHelix   8 alllfiagletisnsllsslLfy 30 
                                     +l+ + ag et+snsl  + L+y
  tr|A0A2P4WPX1|A0A2P4WPX1_CAERE 728 VLDFWVAGMETTSNSL-RWHLAY 749
                                     5899************.587766 PP

  == domain 3  score: 7.9 bits;  conditional E-value: 0.14
              Round3_FinalIHelix    8 alllfiagletisnsllsslLfy 30  
                                      +l+ ++ag et+snsl  + L+y
  tr|A0A2P4WPX1|A0A2P4WPX1_CAERE 1174 VLDFWLAGMETTSNSL-RWHLAY 1195
                                      5899************.587766 PP

  == domain 4  score: 7.9 bits;  conditional E-value: 0.14
              Round3_FinalIHelix    8 alllfiagletisnsllsslLfy 30  
                                      +l+ ++ag et+snsl  + L+y
  tr|A0A2P4WPX1|A0A2P4WPX1_CAERE 1634 VLDFWLAGMETTSNSL-RWHLAY 1655
                                      5899************.587766 PP

>> tr|A0A6J1N4F9|A0A6J1N4F9_BICAN  Uncharacterized protein LOC112049185 OS=Bicyclus anynana OX=110368 GN=LOC112049185 PE
   #    score  bias  c-Evalue  i-Evalue hmmfrom  hmm to    alifrom  ali to    envfrom  env to     acc
 ---   ------ ----- --------- --------- ------- -------    ------- -------    ------- -------    ----
   1 !   11.6   0.1     0.009         7       7      32 ..     313     337 ..     308     338 .. 0.85
   2 !   20.7   0.2   1.1e-05    0.0083       3      32 ..     809     838 ..     807     839 .. 0.89

  Alignments for each domain:
  == domain 1  score: 11.6 bits;  conditional E-value: 0.009
              Round3_FinalIHelix   7 lalllfiagletisnsllsslLfyll 32 
                                     +a+++++ag++t++n+ +   Lf l+
  tr|A0A6J1N4F9|A0A6J1N4F9_BICAN 313 MANDMLFAGVDTTANTII-GALFLLA 337
                                     89**************98.4488886 PP

  == domain 2  score: 20.7 bits;  conditional E-value: 1.1e-05
              Round3_FinalIHelix   3 ea.eglalllfiagletisnsllsslLfyll 32 
                                     ++  +la++lf+ag++t+++++ +++L+ l+
  tr|A0A6J1N4F9|A0A6J1N4F9_BICAN 809 NVaVTLANDLFLAGVDTSAGTA-LAILYLLA 838
                                     66689*****************.6*****98 PP

>> tr|A0A0D3F1P3|A0A0D3F1P3_9ORYZ  Cytochrome P450 OS=Oryza barthii OX=65489 PE=4 SV=1
   #    score  bias  c-Evalue  i-Evalue hmmfrom  hmm to    alifrom  ali to    envfrom  env to     acc
 ---   ------ ----- --------- --------- ------- -------    ------- -------    ------- -------    ----
   1 ?    5.1   0.0       1.1   8.9e+02       6      23 ..      10      27 ..       7      31 .. 0.86
   2 ?    3.6   0.0       3.4   2.7e+03       8      26 ..     737     754 ..     733     757 .. 0.84
   3 ?    5.3   0.0      0.98   7.7e+02       6      23 ..    1262    1279 ..    1259    1283 .. 0.86
   4 !   12.5   0.1    0.0047       3.7       5      26 ..    1749    1769 ..    1746    1772 .. 0.87

  Alignments for each domain:
  == domain 1  score: 5.1 bits;  conditional E-value: 1.1
              Round3_FinalIHelix  6 glalllfiagletisnsl 23
                                    + +l+lf ag+et++n+l
  tr|A0A0D3F1P3|A0A0D3F1P3_9ORYZ 10 AVVLELFGAGSETSANTL 27
                                    5689************99 PP

  == domain 2  score: 3.6 bits;  conditional E-value: 3.4
              Round3_FinalIHelix   8 alllfiagletisnsllss 26 
                                     + +lf ag+et++n+l  +
  tr|A0A0D3F1P3|A0A0D3F1P3_9ORYZ 737 IRDLFGAGSETSANTL-QW 754
                                     6799***********9.46 PP

  == domain 3  score: 5.3 bits;  conditional E-value: 0.98
              Round3_FinalIHelix    6 glalllfiagletisnsl 23  
                                      + +l+lf ag+et++n+l
  tr|A0A0D3F1P3|A0A0D3F1P3_9ORYZ 1262 AVVLDLFGAGSETSANTL 1279
                                      5689************99 PP

  == domain 4  score: 12.5 bits;  conditional E-value: 0.0047
              Round3_FinalIHelix    5 eglalllfiagletisnsllss 26  
                                      ++++l+lf+ag+et++n+l  +
  tr|A0A0D3F1P3|A0A0D3F1P3_9ORYZ 1749 KAIILDLFNAGSETSANTL-QW 1769
                                      689***************9.47 PP

>> tr|A0A182XZZ6|A0A182XZZ6_ANOST  Uncharacterized protein OS=Anopheles stephensi OX=30069 PE=3 SV=1
   #    score  bias  c-Evalue  i-Evalue hmmfrom  hmm to    alifrom  ali to    envfrom  env to     acc
 ---   ------ ----- --------- --------- ------- -------    ------- -------    ------- -------    ----
   1 ?   10.0   0.0     0.029        23       6      32 ..     316     341 ..     311     342 .. 0.90
   2 ?   11.3   0.1     0.011         9       8      32 ..     821     844 ..     815     845 .. 0.92
   3 ?   10.4   0.1     0.022        18       7      32 ..    1305    1329 ..    1299    1330 .. 0.89

  Alignments for each domain:
  == domain 1  score: 10.0 bits;  conditional E-value: 0.029
              Round3_FinalIHelix   6 glalllfiagletisnsllsslLfyll 32 
                                     ++ +++++ag++t+s  + + +L++l+
  tr|A0A182XZZ6|A0A182XZZ6_ANOST 316 TMSMDSLFAGVDTTSSGS-TGVLYCLA 341
                                     799************999.89****98 PP

  == domain 2  score: 11.3 bits;  conditional E-value: 0.011
              Round3_FinalIHelix   8 alllfiagletisnsllsslLfyll 32 
                                     al++++ag++t+s  +  ++L++l+
  tr|A0A182XZZ6|A0A182XZZ6_ANOST 821 ALDMIFAGIDTTSSGA-AAILYCLA 844
                                     79***********999.5******8 PP

  == domain 3  score: 10.4 bits;  conditional E-value: 0.022
              Round3_FinalIHelix    7 lalllfiagletisnsllsslLfyll 32  
                                      + l++++ag++t+s  ++  +L++l+
  tr|A0A182XZZ6|A0A182XZZ6_ANOST 1305 MSLDMLMAGIDTTSSGSI-GILYCLA 1329
                                      789**********99996.89***98 PP

>> tr|A0A2J8NSW7|A0A2J8NSW7_PANTR  Aromatase (Fragment) OS=Pan troglodytes OX=9598 GN=CK820_G0008582 PE=3 SV=1
   #    score  bias  c-Evalue  i-Evalue hmmfrom  hmm to    alifrom  ali to    envfrom  env to     acc
 ---   ------ ----- --------- --------- ------- -------    ------- -------    ------- -------    ----
   1 !   31.4   0.2   3.7e-09   2.9e-06       2      32 ..     294     323 ..     293     324 .. 0.92

  Alignments for each domain:
  == domain 1  score: 31.4 bits;  conditional E-value: 3.7e-09
              Round3_FinalIHelix   2 keaeglalllfiagletisnsllsslLfyll 32 
                                     +++++++l+++ia+++t+s+sl +++Lf ++
  tr|A0A2J8NSW7|A0A2J8NSW7_PANTR 294 ENVNQCILEMLIAAPDTMSVSL-FFMLFLIA 323
                                     789*******************.6****987 PP

>> tr|E7EQ08|E7EQ08_HUMAN  Aromatase OS=Homo sapiens OX=9606 GN=CYP19A1 PE=1 SV=2
   #    score  bias  c-Evalue  i-Evalue hmmfrom  hmm to    alifrom  ali to    envfrom  env to     acc
 ---   ------ ----- --------- --------- ------- -------    ------- -------    ------- -------    ----
   1 !   31.4   0.2   3.7e-09   2.9e-06       2      32 ..     294     323 ..     293     324 .. 0.92

  Alignments for each domain:
  == domain 1  score: 31.4 bits;  conditional E-value: 3.7e-09
      Round3_FinalIHelix   2 keaeglalllfiagletisnsllsslLfyll 32 
                             +++++++l+++ia+++t+s+sl +++Lf ++
  tr|E7EQ08|E7EQ08_HUMAN 294 ENVNQCILEMLIAAPDTMSVSL-FFMLFLIA 323
                             789*******************.6****987 PP

>> tr|Q7Z471|Q7Z471_HUMAN  Aromatase (Fragment) OS=Homo sapiens OX=9606 GN=CYP19A1 PE=2 SV=1
   #    score  bias  c-Evalue  i-Evalue hmmfrom  hmm to    alifrom  ali to    envfrom  env to     acc
 ---   ------ ----- --------- --------- ------- -------    ------- -------    ------- -------    ----
   1 !   31.4   0.2   3.8e-09     3e-06       2      32 ..     294     323 ..     293     324 .. 0.92

  Alignments for each domain:
  == domain 1  score: 31.4 bits;  conditional E-value: 3.8e-09
      Round3_FinalIHelix   2 keaeglalllfiagletisnsllsslLfyll 32 
                             +++++++l+++ia+++t+s+sl +++Lf ++
  tr|Q7Z471|Q7Z471_HUMAN 294 ENVNQCILEMLIAAPDTMSVSL-FFMLFLIA 323
                             789*******************.6****987 PP

>> tr|A3EYF4|A3EYF4_BUBBU  Aromatase cytochrome P450 (Fragment) OS=Bubalus bubalis OX=89462 PE=3 SV=1
   #    score  bias  c-Evalue  i-Evalue hmmfrom  hmm to    alifrom  ali to    envfrom  env to     acc
 ---   ------ ----- --------- --------- ------- -------    ------- -------    ------- -------    ----
   1 !   32.1   0.2   2.3e-09   1.8e-06       2      32 ..       8      37 ..       7      38 .. 0.92

  Alignments for each domain:
  == domain 1  score: 32.1 bits;  conditional E-value: 2.3e-09
      Round3_FinalIHelix  2 keaeglalllfiagletisnsllsslLfyll 32
                            +++++++l+++ia+++t+s+s+ +++Lf ++
  tr|A3EYF4|A3EYF4_BUBBU  8 ENVNQCILEMLIAAPDTMSVSV-FFMLFLIA 37
                            789*******************.6****987 PP

>> tr|A0A2J8VBP2|A0A2J8VBP2_PONAB  Aromatase (Fragment) OS=Pongo abelii OX=9601 GN=CR201_G0020169 PE=3 SV=1
   #    score  bias  c-Evalue  i-Evalue hmmfrom  hmm to    alifrom  ali to    envfrom  env to     acc
 ---   ------ ----- --------- --------- ------- -------    ------- -------    ------- -------    ----
   1 !   31.4   0.2   3.7e-09   2.9e-06       2      32 ..     294     323 ..     293     324 .. 0.92

  Alignments for each domain:
  == domain 1  score: 31.4 bits;  conditional E-value: 3.7e-09
              Round3_FinalIHelix   2 keaeglalllfiagletisnsllsslLfyll 32 
                                     +++++++l+++ia+++t+s+sl +++Lf ++
  tr|A0A2J8VBP2|A0A2J8VBP2_PONAB 294 ENVNQCILEMLIAAPDTMSVSL-FFMLFLIA 323
                                     789*******************.6****987 PP

>> tr|Q05CU4|Q05CU4_HUMAN  Aromatase (Fragment) OS=Homo sapiens OX=9606 GN=CYP19A1 PE=2 SV=1
   #    score  bias  c-Evalue  i-Evalue hmmfrom  hmm to    alifrom  ali to    envfrom  env to     acc
 ---   ------ ----- --------- --------- ------- -------    ------- -------    ------- -------    ----
   1 !   31.4   0.2   3.8e-09     3e-06       2      32 ..     294     323 ..     293     324 .. 0.92

  Alignments for each domain:
  == domain 1  score: 31.4 bits;  conditional E-value: 3.8e-09
      Round3_FinalIHelix   2 keaeglalllfiagletisnsllsslLfyll 32 
                             +++++++l+++ia+++t+s+sl +++Lf ++
  tr|Q05CU4|Q05CU4_HUMAN 294 ENVNQCILEMLIAAPDTMSVSL-FFMLFLIA 323
                             789*******************.6****987 PP

>> tr|A0A8J6FXK7|A0A8J6FXK7_MICOH  Aromatase OS=Microtus ochrogaster OX=79684 GN=LTLLF_200080 PE=3 SV=1
   #    score  bias  c-Evalue  i-Evalue hmmfrom  hmm to    alifrom  ali to    envfrom  env to     acc
 ---   ------ ----- --------- --------- ------- -------    ------- -------    ------- -------    ----
   1 !   28.7   0.3   2.8e-08   2.2e-05       2      30 ..     294     322 ..     292     324 .. 0.84

  Alignments for each domain:
  == domain 1  score: 28.7 bits;  conditional E-value: 2.8e-08
              Round3_FinalIHelix   2 keaeglalllfiagletisnsllsslLfy 30 
                                     +++++++l+++ia+++t+s++l+++lL++
  tr|A0A8J6FXK7|A0A8J6FXK7_MICOH 294 ENVNQCILEMLIAAPDTMSVTLYFMLLLI 322
                                     577*******************9666654 PP

>> tr|H3ALV3|H3ALV3_LATCH  Cytochrome P450 family 19 subfamily A member 1 OS=Latimeria chalumnae OX=7897 GN=CYP19A1 PE=3
   #    score  bias  c-Evalue  i-Evalue hmmfrom  hmm to    alifrom  ali to    envfrom  env to     acc
 ---   ------ ----- --------- --------- ------- -------    ------- -------    ------- -------    ----
   1 ?    6.1   0.0      0.52   4.1e+02       5      23 ..      17      34 ..      14      38 .. 0.84
   2 !   24.1   0.2   8.7e-07   0.00069       2      32 ..     311     340 ..     310     341 .. 0.91

  Alignments for each domain:
  == domain 1  score: 6.1 bits;  conditional E-value: 0.52
      Round3_FinalIHelix  5 eglalllfiagletisnsl 23
                            e+  +++f+ +++++sn++
  tr|H3ALV3|H3ALV3_LATCH 17 EM-MMDVFNPVQHNSSNVM 34
                            45.5*************98 PP

  == domain 2  score: 24.1 bits;  conditional E-value: 8.7e-07
      Round3_FinalIHelix   2 keaeglalllfiagletisnsllsslLfyll 32 
                             +++ ++ l+++iag++t+s++l + +L+ ++
  tr|H3ALV3|H3ALV3_LATCH 311 ENVQQCLLEMLIAGPDTMSVTL-FYMLMLVA 340
                             7889******************.699*9886 PP

>> tr|A0A1D5QZ23|A0A1D5QZ23_MACMU  Aromatase OS=Macaca mulatta OX=9544 GN=CYP19A1 PE=3 SV=2
   #    score  bias  c-Evalue  i-Evalue hmmfrom  hmm to    alifrom  ali to    envfrom  env to     acc
 ---   ------ ----- --------- --------- ------- -------    ------- -------    ------- -------    ----
   1 !   30.8   0.2   5.8e-09   4.6e-06       2      32 ..     294     323 ..     293     324 .. 0.92

  Alignments for each domain:
  == domain 1  score: 30.8 bits;  conditional E-value: 5.8e-09
              Round3_FinalIHelix   2 keaeglalllfiagletisnsllsslLfyll 32 
                                     +++++++l+++ia+++t+s+sl +++Lf ++
  tr|A0A1D5QZ23|A0A1D5QZ23_MACMU 294 ENVNQCILEMLIAAPDTMSVSL-FFMLFLIA 323
                                     789*******************.6****987 PP

>> tr|A0A8J8XT54|A0A8J8XT54_MACMU  Aromatase OS=Macaca mulatta OX=9544 GN=EGK_17491 PE=3 SV=1
   #    score  bias  c-Evalue  i-Evalue hmmfrom  hmm to    alifrom  ali to    envfrom  env to     acc
 ---   ------ ----- --------- --------- ------- -------    ------- -------    ------- -------    ----
   1 !   30.8   0.2   5.8e-09   4.6e-06       2      32 ..     294     323 ..     293     324 .. 0.92

  Alignments for each domain:
  == domain 1  score: 30.8 bits;  conditional E-value: 5.8e-09
              Round3_FinalIHelix   2 keaeglalllfiagletisnsllsslLfyll 32 
                                     +++++++l+++ia+++t+s+sl +++Lf ++
  tr|A0A8J8XT54|A0A8J8XT54_MACMU 294 ENVNQCILEMLIAAPDTMSVSL-FFMLFLIA 323
                                     789*******************.6****987 PP

>> tr|A0A8J8YF18|A0A8J8YF18_MACFA  Aromatase OS=Macaca fascicularis OX=9541 GN=EGM_15975 PE=3 SV=1
   #    score  bias  c-Evalue  i-Evalue hmmfrom  hmm to    alifrom  ali to    envfrom  env to     acc
 ---   ------ ----- --------- --------- ------- -------    ------- -------    ------- -------    ----
   1 !   30.8   0.2   5.8e-09   4.6e-06       2      32 ..     294     323 ..     293     324 .. 0.92

  Alignments for each domain:
  == domain 1  score: 30.8 bits;  conditional E-value: 5.8e-09
              Round3_FinalIHelix   2 keaeglalllfiagletisnsllsslLfyll 32 
                                     +++++++l+++ia+++t+s+sl +++Lf ++
  tr|A0A8J8YF18|A0A8J8YF18_MACFA 294 ENVNQCILEMLIAAPDTMSVSL-FFMLFLIA 323
                                     789*******************.6****987 PP

>> tr|Q95LY0|Q95LY0_MACFA  Aromatase OS=Macaca fascicularis OX=9541 GN=CYP19A1 PE=2 SV=1
   #    score  bias  c-Evalue  i-Evalue hmmfrom  hmm to    alifrom  ali to    envfrom  env to     acc
 ---   ------ ----- --------- --------- ------- -------    ------- -------    ------- -------    ----
   1 !   30.8   0.2   5.8e-09   4.6e-06       2      32 ..     294     323 ..     293     324 .. 0.92

  Alignments for each domain:
  == domain 1  score: 30.8 bits;  conditional E-value: 5.8e-09
      Round3_FinalIHelix   2 keaeglalllfiagletisnsllsslLfyll 32 
                             +++++++l+++ia+++t+s+sl +++Lf ++
  tr|Q95LY0|Q95LY0_MACFA 294 ENVNQCILEMLIAAPDTMSVSL-FFMLFLIA 323
                             789*******************.6****987 PP

>> tr|A0A8C5PHZ9|A0A8C5PHZ9_9ANUR  aromatase OS=Leptobrachium leishanense OX=445787 GN=CYP19A1 PE=3 SV=1
   #    score  bias  c-Evalue  i-Evalue hmmfrom  hmm to    alifrom  ali to    envfrom  env to     acc
 ---   ------ ----- --------- --------- ------- -------    ------- -------    ------- -------    ----
   1 !   27.4   0.5   7.4e-08   5.8e-05       2      31 ..     306     334 ..     305     336 .. 0.85

  Alignments for each domain:
  == domain 1  score: 27.4 bits;  conditional E-value: 7.4e-08
              Round3_FinalIHelix   2 keaeglalllfiagletisnsllsslLfyl 31 
                                     +++++++l+++ia+++t+s+sl+ ++L  +
  tr|A0A8C5PHZ9|A0A8C5PHZ9_9ANUR 306 ENVNQCILEMLIAAPDTMSVSLF-FMLVLI 334
                                     789*******************6.666554 PP

>> tr|A0A8C0R3Y2|A0A8C0R3Y2_CANLU  Aromatase OS=Canis lupus dingo OX=286419 GN=CYP19A1 PE=3 SV=1
   #    score  bias  c-Evalue  i-Evalue hmmfrom  hmm to    alifrom  ali to    envfrom  env to     acc
 ---   ------ ----- --------- --------- ------- -------    ------- -------    ------- -------    ----
   1 !   30.2   0.2   9.4e-09   7.4e-06       2      32 ..     294     323 ..     293     324 .. 0.92

  Alignments for each domain:
  == domain 1  score: 30.2 bits;  conditional E-value: 9.4e-09
              Round3_FinalIHelix   2 keaeglalllfiagletisnsllsslLfyll 32 
                                     +++++++l+++ia+++t+s+s+ +++Lf ++
  tr|A0A8C0R3Y2|A0A8C0R3Y2_CANLU 294 ENVNQCILEMLIAAPDTMSVSV-FFMLFLIA 323
                                     789*******************.6****987 PP

>> tr|A0A8X7XPU8|A0A8X7XPU8_POLSE  aromatase (Fragment) OS=Polypterus senegalus OX=55291 GN=Cyp19a1 PE=3 SV=1
   #    score  bias  c-Evalue  i-Evalue hmmfrom  hmm to    alifrom  ali to    envfrom  env to     acc
 ---   ------ ----- --------- --------- ------- -------    ------- -------    ------- -------    ----
   1 !   30.1   0.4   9.7e-09   7.6e-06       3      32 ..     260     288 ..     258     289 .. 0.90

  Alignments for each domain:
  == domain 1  score: 30.1 bits;  conditional E-value: 9.7e-09
              Round3_FinalIHelix   3 eaeglalllfiagletisnsllsslLfyll 32 
                                      +++++l+++iag++t+s++l +++L+ l+
  tr|A0A8X7XPU8|A0A8X7XPU8_POLSE 260 DVTQCILEMLIAGPDTMSVTL-FFMLMLLA 288
                                     569******************.6****997 PP

>> tr|A0A2K6CXJ1|A0A2K6CXJ1_MACNE  Aromatase OS=Macaca nemestrina OX=9545 GN=CYP19A1 PE=3 SV=1
   #    score  bias  c-Evalue  i-Evalue hmmfrom  hmm to    alifrom  ali to    envfrom  env to     acc
 ---   ------ ----- --------- --------- ------- -------    ------- -------    ------- -------    ----
   1 !   30.8   0.2   5.8e-09   4.6e-06       2      32 ..     294     323 ..     293     324 .. 0.92

  Alignments for each domain:
  == domain 1  score: 30.8 bits;  conditional E-value: 5.8e-09
              Round3_FinalIHelix   2 keaeglalllfiagletisnsllsslLfyll 32 
                                     +++++++l+++ia+++t+s+sl +++Lf ++
  tr|A0A2K6CXJ1|A0A2K6CXJ1_MACNE 294 ENVNQCILEMLIAAPDTMSVSL-FFMLFLIA 323
                                     789*******************.6****987 PP

>> tr|A0A2J8NSX0|A0A2J8NSX0_PANTR  Aromatase OS=Pan troglodytes OX=9598 GN=CYP19A1 PE=3 SV=1
   #    score  bias  c-Evalue  i-Evalue hmmfrom  hmm to    alifrom  ali to    envfrom  env to     acc
 ---   ------ ----- --------- --------- ------- -------    ------- -------    ------- -------    ----
   1 !   30.8   0.2   5.8e-09   4.6e-06       2      32 ..     294     323 ..     293     324 .. 0.92

  Alignments for each domain:
  == domain 1  score: 30.8 bits;  conditional E-value: 5.8e-09
              Round3_FinalIHelix   2 keaeglalllfiagletisnsllsslLfyll 32 
                                     +++++++l+++ia+++t+s+sl +++Lf ++
  tr|A0A2J8NSX0|A0A2J8NSX0_PANTR 294 ENVNQCILEMLIAAPDTMSVSL-FFMLFLIA 323
                                     789*******************.6****987 PP

>> tr|A0A6D2Y496|A0A6D2Y496_PANTR  Aromatase OS=Pan troglodytes OX=9598 GN=CK820_G0008582 PE=3 SV=1
   #    score  bias  c-Evalue  i-Evalue hmmfrom  hmm to    alifrom  ali to    envfrom  env to     acc
 ---   ------ ----- --------- --------- ------- -------    ------- -------    ------- -------    ----
   1 !   30.8   0.2   5.8e-09   4.6e-06       2      32 ..     294     323 ..     293     324 .. 0.92

  Alignments for each domain:
  == domain 1  score: 30.8 bits;  conditional E-value: 5.8e-09
              Round3_FinalIHelix   2 keaeglalllfiagletisnsllsslLfyll 32 
                                     +++++++l+++ia+++t+s+sl +++Lf ++
  tr|A0A6D2Y496|A0A6D2Y496_PANTR 294 ENVNQCILEMLIAAPDTMSVSL-FFMLFLIA 323
                                     789*******************.6****987 PP

>> tr|A0A2K5KCE1|A0A2K5KCE1_COLAP  Aromatase OS=Colobus angolensis palliatus OX=336983 GN=CYP19A1 PE=3 SV=1
   #    score  bias  c-Evalue  i-Evalue hmmfrom  hmm to    alifrom  ali to    envfrom  env to     acc
 ---   ------ ----- --------- --------- ------- -------    ------- -------    ------- -------    ----
   1 !   30.8   0.2   5.8e-09   4.6e-06       2      32 ..     294     323 ..     293     324 .. 0.92

  Alignments for each domain:
  == domain 1  score: 30.8 bits;  conditional E-value: 5.8e-09
              Round3_FinalIHelix   2 keaeglalllfiagletisnsllsslLfyll 32 
                                     +++++++l+++ia+++t+s+sl +++Lf ++
  tr|A0A2K5KCE1|A0A2K5KCE1_COLAP 294 ENVNQCILEMLIAAPDTMSVSL-FFMLFLIA 323
                                     789*******************.6****987 PP

>> tr|A0A2K5L4E2|A0A2K5L4E2_CERAT  Aromatase OS=Cercocebus atys OX=9531 GN=CYP19A1 PE=3 SV=1
   #    score  bias  c-Evalue  i-Evalue hmmfrom  hmm to    alifrom  ali to    envfrom  env to     acc
 ---   ------ ----- --------- --------- ------- -------    ------- -------    ------- -------    ----
   1 !   30.8   0.2   5.8e-09   4.6e-06       2      32 ..     294     323 ..     293     324 .. 0.92

  Alignments for each domain:
  == domain 1  score: 30.8 bits;  conditional E-value: 5.8e-09
              Round3_FinalIHelix   2 keaeglalllfiagletisnsllsslLfyll 32 
                                     +++++++l+++ia+++t+s+sl +++Lf ++
  tr|A0A2K5L4E2|A0A2K5L4E2_CERAT 294 ENVNQCILEMLIAAPDTMSVSL-FFMLFLIA 323
                                     789*******************.6****987 PP

>> tr|Q45RG7|Q45RG7_HUMAN  Aromatase OS=Homo sapiens OX=9606 GN=CYP19A1 PE=2 SV=1
   #    score  bias  c-Evalue  i-Evalue hmmfrom  hmm to    alifrom  ali to    envfrom  env to     acc
 ---   ------ ----- --------- --------- ------- -------    ------- -------    ------- -------    ----
   1 !   30.8   0.2   5.8e-09   4.6e-06       2      32 ..     294     323 ..     293     324 .. 0.92

  Alignments for each domain:
  == domain 1  score: 30.8 bits;  conditional E-value: 5.8e-09
      Round3_FinalIHelix   2 keaeglalllfiagletisnsllsslLfyll 32 
                             +++++++l+++ia+++t+s+sl +++Lf ++
  tr|Q45RG7|Q45RG7_HUMAN 294 ENVNQCILEMLIAAPDTMSVSL-FFMLFLIA 323
                             789*******************.6****987 PP

>> tr|Q8IYG4|Q8IYG4_HUMAN  Aromatase OS=Homo sapiens OX=9606 GN=CYP19A1 PE=2 SV=1
   #    score  bias  c-Evalue  i-Evalue hmmfrom  hmm to    alifrom  ali to    envfrom  env to     acc
 ---   ------ ----- --------- --------- ------- -------    ------- -------    ------- -------    ----
   1 !   30.8   0.2   5.8e-09   4.6e-06       2      32 ..     294     323 ..     293     324 .. 0.92

  Alignments for each domain:
  == domain 1  score: 30.8 bits;  conditional E-value: 5.8e-09
      Round3_FinalIHelix   2 keaeglalllfiagletisnsllsslLfyll 32 
                             +++++++l+++ia+++t+s+sl +++Lf ++
  tr|Q8IYG4|Q8IYG4_HUMAN 294 ENVNQCILEMLIAAPDTMSVSL-FFMLFLIA 323
                             789*******************.6****987 PP

>> tr|A8K6W3|A8K6W3_HUMAN  Aromatase OS=Homo sapiens OX=9606 PE=2 SV=1
   #    score  bias  c-Evalue  i-Evalue hmmfrom  hmm to    alifrom  ali to    envfrom  env to     acc
 ---   ------ ----- --------- --------- ------- -------    ------- -------    ------- -------    ----
   1 !   30.8   0.2   5.8e-09   4.6e-06       2      32 ..     294     323 ..     293     324 .. 0.92

  Alignments for each domain:
  == domain 1  score: 30.8 bits;  conditional E-value: 5.8e-09
      Round3_FinalIHelix   2 keaeglalllfiagletisnsllsslLfyll 32 
                             +++++++l+++ia+++t+s+sl +++Lf ++
  tr|A8K6W3|A8K6W3_HUMAN 294 ENVNQCILEMLIAAPDTMSVSL-FFMLFLIA 323
                             789*******************.6****987 PP

>> tr|A0A2K6N010|A0A2K6N010_RHIBE  Aromatase OS=Rhinopithecus bieti OX=61621 GN=CYP19A1 PE=3 SV=1
   #    score  bias  c-Evalue  i-Evalue hmmfrom  hmm to    alifrom  ali to    envfrom  env to     acc
 ---   ------ ----- --------- --------- ------- -------    ------- -------    ------- -------    ----
   1 !   30.8   0.2   5.8e-09   4.6e-06       2      32 ..     294     323 ..     293     324 .. 0.92

  Alignments for each domain:
  == domain 1  score: 30.8 bits;  conditional E-value: 5.8e-09
              Round3_FinalIHelix   2 keaeglalllfiagletisnsllsslLfyll 32 
                                     +++++++l+++ia+++t+s+sl +++Lf ++
  tr|A0A2K6N010|A0A2K6N010_RHIBE 294 ENVNQCILEMLIAAPDTMSVSL-FFMLFLIA 323
                                     789*******************.6****987 PP

>> tr|A0A2K6NTQ0|A0A2K6NTQ0_RHIRO  Aromatase OS=Rhinopithecus roxellana OX=61622 GN=CYP19A1 PE=3 SV=1
   #    score  bias  c-Evalue  i-Evalue hmmfrom  hmm to    alifrom  ali to    envfrom  env to     acc
 ---   ------ ----- --------- --------- ------- -------    ------- -------    ------- -------    ----
   1 !   30.8   0.2   5.8e-09   4.6e-06       2      32 ..     294     323 ..     293     324 .. 0.92

  Alignments for each domain:
  == domain 1  score: 30.8 bits;  conditional E-value: 5.8e-09
              Round3_FinalIHelix   2 keaeglalllfiagletisnsllsslLfyll 32 
                                     +++++++l+++ia+++t+s+sl +++Lf ++
  tr|A0A2K6NTQ0|A0A2K6NTQ0_RHIRO 294 ENVNQCILEMLIAAPDTMSVSL-FFMLFLIA 323
                                     789*******************.6****987 PP

>> tr|A0A8C9GPQ8|A0A8C9GPQ8_9PRIM  Aromatase OS=Piliocolobus tephrosceles OX=591936 GN=LOC111552757 PE=3 SV=1
   #    score  bias  c-Evalue  i-Evalue hmmfrom  hmm to    alifrom  ali to    envfrom  env to     acc
 ---   ------ ----- --------- --------- ------- -------    ------- -------    ------- -------    ----
   1 !   30.8   0.2   5.8e-09   4.6e-06       2      32 ..     294     323 ..     293     324 .. 0.92

  Alignments for each domain:
  == domain 1  score: 30.8 bits;  conditional E-value: 5.8e-09
              Round3_FinalIHelix   2 keaeglalllfiagletisnsllsslLfyll 32 
                                     +++++++l+++ia+++t+s+sl +++Lf ++
  tr|A0A8C9GPQ8|A0A8C9GPQ8_9PRIM 294 ENVNQCILEMLIAAPDTMSVSL-FFMLFLIA 323
                                     789*******************.6****987 PP

>> sp|P11511|CP19A_HUMAN  Aromatase OS=Homo sapiens OX=9606 GN=CYP19A1 PE=1 SV=3
   #    score  bias  c-Evalue  i-Evalue hmmfrom  hmm to    alifrom  ali to    envfrom  env to     acc
 ---   ------ ----- --------- --------- ------- -------    ------- -------    ------- -------    ----
   1 !   30.8   0.2   5.8e-09   4.6e-06       2      32 ..     294     323 ..     293     324 .. 0.92

  Alignments for each domain:
  == domain 1  score: 30.8 bits;  conditional E-value: 5.8e-09
     Round3_FinalIHelix   2 keaeglalllfiagletisnsllsslLfyll 32 
                            +++++++l+++ia+++t+s+sl +++Lf ++
  sp|P11511|CP19A_HUMAN 294 ENVNQCILEMLIAAPDTMSVSL-FFMLFLIA 323
                            789*******************.6****987 PP

>> tr|A0A2R9A604|A0A2R9A604_PANPA  Aromatase OS=Pan paniscus OX=9597 GN=CYP19A1 PE=3 SV=1
   #    score  bias  c-Evalue  i-Evalue hmmfrom  hmm to    alifrom  ali to    envfrom  env to     acc
 ---   ------ ----- --------- --------- ------- -------    ------- -------    ------- -------    ----
   1 !   30.8   0.2   5.8e-09   4.6e-06       2      32 ..     294     323 ..     293     324 .. 0.92

  Alignments for each domain:
  == domain 1  score: 30.8 bits;  conditional E-value: 5.8e-09
              Round3_FinalIHelix   2 keaeglalllfiagletisnsllsslLfyll 32 
                                     +++++++l+++ia+++t+s+sl +++Lf ++
  tr|A0A2R9A604|A0A2R9A604_PANPA 294 ENVNQCILEMLIAAPDTMSVSL-FFMLFLIA 323
                                     789*******************.6****987 PP

>> tr|G3RDS5|G3RDS5_GORGO  Aromatase OS=Gorilla gorilla gorilla OX=9595 GN=CYP19A1 PE=3 SV=1
   #    score  bias  c-Evalue  i-Evalue hmmfrom  hmm to    alifrom  ali to    envfrom  env to     acc
 ---   ------ ----- --------- --------- ------- -------    ------- -------    ------- -------    ----
   1 !   30.8   0.2   5.8e-09   4.6e-06       2      32 ..     294     323 ..     293     324 .. 0.92

  Alignments for each domain:
  == domain 1  score: 30.8 bits;  conditional E-value: 5.8e-09
      Round3_FinalIHelix   2 keaeglalllfiagletisnsllsslLfyll 32 
                             +++++++l+++ia+++t+s+sl +++Lf ++
  tr|G3RDS5|G3RDS5_GORGO 294 ENVNQCILEMLIAAPDTMSVSL-FFMLFLIA 323
                             789*******************.6****987 PP

>> tr|A0A096NM34|A0A096NM34_PAPAN  Aromatase OS=Papio anubis OX=9555 PE=3 SV=1
   #    score  bias  c-Evalue  i-Evalue hmmfrom  hmm to    alifrom  ali to    envfrom  env to     acc
 ---   ------ ----- --------- --------- ------- -------    ------- -------    ------- -------    ----
   1 !   30.8   0.2   5.8e-09   4.6e-06       2      32 ..     294     323 ..     293     324 .. 0.92

  Alignments for each domain:
  == domain 1  score: 30.8 bits;  conditional E-value: 5.8e-09
              Round3_FinalIHelix   2 keaeglalllfiagletisnsllsslLfyll 32 
                                     +++++++l+++ia+++t+s+sl +++Lf ++
  tr|A0A096NM34|A0A096NM34_PAPAN 294 ENVNQCILEMLIAAPDTMSVSL-FFMLFLIA 323
                                     789*******************.6****987 PP

>> tr|A0A0D9RFI7|A0A0D9RFI7_CHLSB  Aromatase OS=Chlorocebus sabaeus OX=60711 GN=CYP19A1 PE=3 SV=1
   #    score  bias  c-Evalue  i-Evalue hmmfrom  hmm to    alifrom  ali to    envfrom  env to     acc
 ---   ------ ----- --------- --------- ------- -------    ------- -------    ------- -------    ----
   1 !   30.8   0.2   5.8e-09   4.6e-06       2      32 ..     294     323 ..     293     324 .. 0.92

  Alignments for each domain:
  == domain 1  score: 30.8 bits;  conditional E-value: 5.8e-09
              Round3_FinalIHelix   2 keaeglalllfiagletisnsllsslLfyll 32 
                                     +++++++l+++ia+++t+s+sl +++Lf ++
  tr|A0A0D9RFI7|A0A0D9RFI7_CHLSB 294 ENVNQCILEMLIAAPDTMSVSL-FFMLFLIA 323
                                     789*******************.6****987 PP

>> tr|A0A2K6A906|A0A2K6A906_MANLE  Aromatase OS=Mandrillus leucophaeus OX=9568 GN=CYP19A1 PE=3 SV=1
   #    score  bias  c-Evalue  i-Evalue hmmfrom  hmm to    alifrom  ali to    envfrom  env to     acc
 ---   ------ ----- --------- --------- ------- -------    ------- -------    ------- -------    ----
   1 !   30.8   0.2   5.8e-09   4.6e-06       2      32 ..     294     323 ..     293     324 .. 0.92

  Alignments for each domain:
  == domain 1  score: 30.8 bits;  conditional E-value: 5.8e-09
              Round3_FinalIHelix   2 keaeglalllfiagletisnsllsslLfyll 32 
                                     +++++++l+++ia+++t+s+sl +++Lf ++
  tr|A0A2K6A906|A0A2K6A906_MANLE 294 ENVNQCILEMLIAAPDTMSVSL-FFMLFLIA 323
                                     789*******************.6****987 PP

>> tr|A0A8D2K1I4|A0A8D2K1I4_THEGE  Aromatase OS=Theropithecus gelada OX=9565 GN=LOC112627390 PE=3 SV=1
   #    score  bias  c-Evalue  i-Evalue hmmfrom  hmm to    alifrom  ali to    envfrom  env to     acc
 ---   ------ ----- --------- --------- ------- -------    ------- -------    ------- -------    ----
   1 !   30.8   0.2   5.8e-09   4.6e-06       2      32 ..     294     323 ..     293     324 .. 0.92

  Alignments for each domain:
  == domain 1  score: 30.8 bits;  conditional E-value: 5.8e-09
              Round3_FinalIHelix   2 keaeglalllfiagletisnsllsslLfyll 32 
                                     +++++++l+++ia+++t+s+sl +++Lf ++
  tr|A0A8D2K1I4|A0A8D2K1I4_THEGE 294 ENVNQCILEMLIAAPDTMSVSL-FFMLFLIA 323
                                     789*******************.6****987 PP

>> tr|A0A6D2WR21|A0A6D2WR21_PONAB  Aromatase OS=Pongo abelii OX=9601 GN=CYP19A1 PE=3 SV=1
   #    score  bias  c-Evalue  i-Evalue hmmfrom  hmm to    alifrom  ali to    envfrom  env to     acc
 ---   ------ ----- --------- --------- ------- -------    ------- -------    ------- -------    ----
   1 !   30.8   0.2   5.8e-09   4.6e-06       2      32 ..     294     323 ..     293     324 .. 0.92

  Alignments for each domain:
  == domain 1  score: 30.8 bits;  conditional E-value: 5.8e-09
              Round3_FinalIHelix   2 keaeglalllfiagletisnsllsslLfyll 32 
                                     +++++++l+++ia+++t+s+sl +++Lf ++
  tr|A0A6D2WR21|A0A6D2WR21_PONAB 294 ENVNQCILEMLIAAPDTMSVSL-FFMLFLIA 323
                                     789*******************.6****987 PP

>> tr|A0A2I3NHQ8|A0A2I3NHQ8_PAPAN  Aromatase OS=Papio anubis OX=9555 PE=3 SV=2
   #    score  bias  c-Evalue  i-Evalue hmmfrom  hmm to    alifrom  ali to    envfrom  env to     acc
 ---   ------ ----- --------- --------- ------- -------    ------- -------    ------- -------    ----
   1 !   30.8   0.2   5.8e-09   4.6e-06       2      32 ..     294     323 ..     293     324 .. 0.92

  Alignments for each domain:
  == domain 1  score: 30.8 bits;  conditional E-value: 5.8e-09
              Round3_FinalIHelix   2 keaeglalllfiagletisnsllsslLfyll 32 
                                     +++++++l+++ia+++t+s+sl +++Lf ++
  tr|A0A2I3NHQ8|A0A2I3NHQ8_PAPAN 294 ENVNQCILEMLIAAPDTMSVSL-FFMLFLIA 323
                                     789*******************.6****987 PP

>> tr|A0A8D1I0T9|A0A8D1I0T9_PIG  Uncharacterized protein OS=Sus scrofa OX=9823 PE=3 SV=1
   #    score  bias  c-Evalue  i-Evalue hmmfrom  hmm to    alifrom  ali to    envfrom  env to     acc
 ---   ------ ----- --------- --------- ------- -------    ------- -------    ------- -------    ----
   1 !   29.9   0.2   1.2e-08   9.1e-06       2      32 ..     294     323 ..     292     324 .. 0.91

  Alignments for each domain:
  == domain 1  score: 29.9 bits;  conditional E-value: 1.2e-08
            Round3_FinalIHelix   2 keaeglalllfiagletisnsllsslLfyll 32 
                                   +++++++l+++ia+++t+s+++ +++Lf ++
  tr|A0A8D1I0T9|A0A8D1I0T9_PIG 294 ENVNQCILEMLIAAPDTMSVTV-FFMLFLIA 323
                                   577*******************.6****987 PP

>> sp|P46194|CP19A_BOVIN  Aromatase OS=Bos taurus OX=9913 GN=CYP19A1 PE=2 SV=3
   #    score  bias  c-Evalue  i-Evalue hmmfrom  hmm to    alifrom  ali to    envfrom  env to     acc
 ---   ------ ----- --------- --------- ------- -------    ------- -------    ------- -------    ----
   1 !   29.5   0.2   1.5e-08   1.2e-05       2      32 ..     294     323 ..     293     324 .. 0.92

  Alignments for each domain:
  == domain 1  score: 29.5 bits;  conditional E-value: 1.5e-08
     Round3_FinalIHelix   2 keaeglalllfiagletisnsllsslLfyll 32 
                            +++++++l+++ia+++t+s+s+ +++Lf ++
  sp|P46194|CP19A_BOVIN 294 ENVNQCILEMLIAAPDTMSVSV-FFMLFLIA 323
                            789*******************.6****987 PP

>> tr|A0A6P3FG77|A0A6P3FG77_OCTDE  Aromatase OS=Octodon degus OX=10160 GN=LOC101569378 PE=3 SV=1
   #    score  bias  c-Evalue  i-Evalue hmmfrom  hmm to    alifrom  ali to    envfrom  env to     acc
 ---   ------ ----- --------- --------- ------- -------    ------- -------    ------- -------    ----
   1 !   28.7   0.2   2.8e-08   2.2e-05       2      32 ..     294     323 ..     293     324 .. 0.92

  Alignments for each domain:
  == domain 1  score: 28.7 bits;  conditional E-value: 2.8e-08
              Round3_FinalIHelix   2 keaeglalllfiagletisnsllsslLfyll 32 
                                     +++++++l+++ia+++t+s+s++ ++Lf ++
  tr|A0A6P3FG77|A0A6P3FG77_OCTDE 294 ENVNQCILEMLIAAPDTMSVSVY-FMLFLIA 323
                                     789*******************9.99**987 PP

>> tr|A0A6J1P1G8|A0A6J1P1G8_BICAN  Uncharacterized protein LOC112055283 OS=Bicyclus anynana OX=110368 GN=LOC112055283 PE
   #    score  bias  c-Evalue  i-Evalue hmmfrom  hmm to    alifrom  ali to    envfrom  env to     acc
 ---   ------ ----- --------- --------- ------- -------    ------- -------    ------- -------    ----
   1 !   14.4   0.1    0.0011      0.88       7      32 ..     317     341 ..     311     342 .. 0.90
   2 !   16.9   0.5   0.00017      0.14       6      32 ..     824     849 ..     818     850 .. 0.87

  Alignments for each domain:
  == domain 1  score: 14.4 bits;  conditional E-value: 0.0011
              Round3_FinalIHelix   7 lalllfiagletisnsllsslLfyll 32 
                                     +a ++++ag++t+sn++ + +L+ l+
  tr|A0A6J1P1G8|A0A6J1P1G8_BICAN 317 MASDMLFAGVDTASNTM-TGTLYLLA 341
                                     788**************.8****998 PP

  == domain 2  score: 16.9 bits;  conditional E-value: 0.00017
              Round3_FinalIHelix   6 glalllfiagletisnsllsslLfyll 32 
                                      +a ++++ag++t++n++ +s+Lf l+
  tr|A0A6J1P1G8|A0A6J1P1G8_BICAN 824 IMASDMLFAGVDTAANTM-TSTLFLLA 849
                                     5899**************.8****997 PP

>> tr|H0VPL2|H0VPL2_CAVPO  Aromatase OS=Cavia porcellus OX=10141 GN=CYP19A1 PE=3 SV=2
   #    score  bias  c-Evalue  i-Evalue hmmfrom  hmm to    alifrom  ali to    envfrom  env to     acc
 ---   ------ ----- --------- --------- ------- -------    ------- -------    ------- -------    ----
   1 !   28.5   0.2   3.2e-08   2.5e-05       2      32 ..     294     323 ..     293     324 .. 0.92

  Alignments for each domain:
  == domain 1  score: 28.5 bits;  conditional E-value: 3.2e-08
      Round3_FinalIHelix   2 keaeglalllfiagletisnsllsslLfyll 32 
                             +++++++l+++ia+++t+s++++ ++Lf ++
  tr|H0VPL2|H0VPL2_CAVPO 294 ENVNQCILEMLIAAPDTMSVTVY-FMLFLIA 323
                             789*******************9.99**987 PP

>> tr|Q4STF7|Q4STF7_TETNG  (spotted green pufferfish) hypothetical protein OS=Tetraodon nigroviridis OX=99883 GN=GSTENG0
   #    score  bias  c-Evalue  i-Evalue hmmfrom  hmm to    alifrom  ali to    envfrom  env to     acc
 ---   ------ ----- --------- --------- ------- -------    ------- -------    ------- -------    ----
   1 !   14.8   0.0   0.00086      0.68       3      30 ..     173     201 ..     171     203 .. 0.86
   2 !   14.2   0.1    0.0013         1       5      30 ..     414     439 ..     410     441 .. 0.87

  Alignments for each domain:
  == domain 1  score: 14.8 bits;  conditional E-value: 0.00086
      Round3_FinalIHelix   3 ea.eglalllfiagletisnsllsslLfy 30 
                             ++ +++al+l +ag +t+sn+ll+ +L+ 
  tr|Q4STF7|Q4STF7_TETNG 173 NRlPRYALDLHFAGTDTTSNTLLTGFLYL 201
                             56699*****************9877775 PP

  == domain 2  score: 14.2 bits;  conditional E-value: 0.0013
      Round3_FinalIHelix   5 eglalllfiagletisnsllsslLfy 30 
                             +++al+l +ag +t+sn+ll+ +L+ 
  tr|Q4STF7|Q4STF7_TETNG 414 PMYALDLHFAGTDTTSNTLLTGFLYL 439
                             89*****************9877775 PP

>> tr|A0A1S3AAJ1|A0A1S3AAJ1_ERIEU  aromatase OS=Erinaceus europaeus OX=9365 GN=LOC103121348 PE=3 SV=1
   #    score  bias  c-Evalue  i-Evalue hmmfrom  hmm to    alifrom  ali to    envfrom  env to     acc
 ---   ------ ----- --------- --------- ------- -------    ------- -------    ------- -------    ----
   1 !   30.7   0.2   6.3e-09     5e-06       2      32 ..     294     323 ..     292     324 .. 0.91

  Alignments for each domain:
  == domain 1  score: 30.7 bits;  conditional E-value: 6.3e-09
              Round3_FinalIHelix   2 keaeglalllfiagletisnsllsslLfyll 32 
                                     +++++++l+++ia+++t+s+sl +++Lf ++
  tr|A0A1S3AAJ1|A0A1S3AAJ1_ERIEU 294 ENVNQCILEMLIAAPDTMSVSL-FFMLFLIA 323
                                     577*******************.6****987 PP

>> tr|A0A8D1SXV6|A0A8D1SXV6_PIG  aromatase OS=Sus scrofa OX=9823 PE=3 SV=1
   #    score  bias  c-Evalue  i-Evalue hmmfrom  hmm to    alifrom  ali to    envfrom  env to     acc
 ---   ------ ----- --------- --------- ------- -------    ------- -------    ------- -------    ----
   1 !   30.4   0.2   8.1e-09   6.3e-06       2      32 ..      59      88 ..      57      89 .. 0.91

  Alignments for each domain:
  == domain 1  score: 30.4 bits;  conditional E-value: 8.1e-09
            Round3_FinalIHelix  2 keaeglalllfiagletisnsllsslLfyll 32
                                  +++++++l+++ia+++t+s+++ +++Lf ++
  tr|A0A8D1SXV6|A0A8D1SXV6_PIG 59 ENVNQCILEMLIAAPDTMSVTV-FFMLFLIA 88
                                  577*******************.6****987 PP

>> tr|A0A643BN43|A0A643BN43_BALPH  Cytochrome P450 family 19 subfamily A member 1 (Fragment) OS=Balaenoptera physalus OX
   #    score  bias  c-Evalue  i-Evalue hmmfrom  hmm to    alifrom  ali to    envfrom  env to     acc
 ---   ------ ----- --------- --------- ------- -------    ------- -------    ------- -------    ----
   1 !   30.0   0.2     1e-08   8.2e-06       2      32 ..     327     356 ..     326     357 .. 0.92

  Alignments for each domain:
  == domain 1  score: 30.0 bits;  conditional E-value: 1e-08
              Round3_FinalIHelix   2 keaeglalllfiagletisnsllsslLfyll 32 
                                     +++++++l+++ia+++t+s+s+ +++Lf ++
  tr|A0A643BN43|A0A643BN43_BALPH 327 ENVNQCILEMLIAAPDTMSVSV-FFMLFLIA 356
                                     789*******************.6****987 PP

>> tr|A0A340X6F7|A0A340X6F7_LIPVE  aromatase OS=Lipotes vexillifer OX=118797 GN=LOC103080853 PE=3 SV=1
   #    score  bias  c-Evalue  i-Evalue hmmfrom  hmm to    alifrom  ali to    envfrom  env to     acc
 ---   ------ ----- --------- --------- ------- -------    ------- -------    ------- -------    ----
   1 !   29.5   0.2   1.5e-08   1.2e-05       2      32 ..     294     323 ..     293     324 .. 0.92

  Alignments for each domain:
  == domain 1  score: 29.5 bits;  conditional E-value: 1.5e-08
              Round3_FinalIHelix   2 keaeglalllfiagletisnsllsslLfyll 32 
                                     +++++++l+++ia+++t+s+s+ +++Lf ++
  tr|A0A340X6F7|A0A340X6F7_LIPVE 294 ENVNQCILEMLIAAPDTMSVSV-FFMLFLIA 323
                                     789*******************.6****987 PP

>> tr|A0A8C6D9I3|A0A8C6D9I3_MOSMO  aromatase OS=Moschus moschiferus OX=68415 GN=CYP19A1 PE=3 SV=1
   #    score  bias  c-Evalue  i-Evalue hmmfrom  hmm to    alifrom  ali to    envfrom  env to     acc
 ---   ------ ----- --------- --------- ------- -------    ------- -------    ------- -------    ----
   1 !   29.5   0.2   1.5e-08   1.2e-05       2      32 ..     294     323 ..     293     324 .. 0.92

  Alignments for each domain:
  == domain 1  score: 29.5 bits;  conditional E-value: 1.5e-08
              Round3_FinalIHelix   2 keaeglalllfiagletisnsllsslLfyll 32 
                                     +++++++l+++ia+++t+s+s+ +++Lf ++
  tr|A0A8C6D9I3|A0A8C6D9I3_MOSMO 294 ENVNQCILEMLIAAPDTMSVSV-FFMLFLIA 323
                                     789*******************.6****987 PP

>> tr|A0A0D3F1P4|A0A0D3F1P4_9ORYZ  Cytochrome P450 OS=Oryza barthii OX=65489 PE=4 SV=1
   #    score  bias  c-Evalue  i-Evalue hmmfrom  hmm to    alifrom  ali to    envfrom  env to     acc
 ---   ------ ----- --------- --------- ------- -------    ------- -------    ------- -------    ----
   1 ?    5.3   0.0         1   7.9e+02       6      23 ..      10      27 ..       7      31 .. 0.86
   2 ?    3.8   0.0         3   2.4e+03       8      26 ..     536     553 ..     532     556 .. 0.84
   3 ?    5.5   0.0      0.87   6.8e+02       6      23 ..    1061    1078 ..    1058    1082 .. 0.86
   4 !   12.6   0.1    0.0042       3.3       5      26 ..    1548    1568 ..    1545    1571 .. 0.87

  Alignments for each domain:
  == domain 1  score: 5.3 bits;  conditional E-value: 1
              Round3_FinalIHelix  6 glalllfiagletisnsl 23
                                    + +l+lf ag+et++n+l
  tr|A0A0D3F1P4|A0A0D3F1P4_9ORYZ 10 AVVLELFGAGSETSANTL 27
                                    5689************99 PP

  == domain 2  score: 3.8 bits;  conditional E-value: 3
              Round3_FinalIHelix   8 alllfiagletisnsllss 26 
                                     + +lf ag+et++n+l  +
  tr|A0A0D3F1P4|A0A0D3F1P4_9ORYZ 536 IRDLFGAGSETSANTL-QW 553
                                     6799***********9.46 PP

  == domain 3  score: 5.5 bits;  conditional E-value: 0.87
              Round3_FinalIHelix    6 glalllfiagletisnsl 23  
                                      + +l+lf ag+et++n+l
  tr|A0A0D3F1P4|A0A0D3F1P4_9ORYZ 1061 AVVLDLFGAGSETSANTL 1078
                                      5689************99 PP

  == domain 4  score: 12.6 bits;  conditional E-value: 0.0042
              Round3_FinalIHelix    5 eglalllfiagletisnsllss 26  
                                      ++++l+lf+ag+et++n+l  +
  tr|A0A0D3F1P4|A0A0D3F1P4_9ORYZ 1548 KAIILDLFNAGSETSANTL-QW 1568
                                      689***************9.47 PP

>> tr|L8I947|L8I947_9CETA  aromatase OS=Bos mutus OX=72004 GN=M91_14099 PE=3 SV=1
   #    score  bias  c-Evalue  i-Evalue hmmfrom  hmm to    alifrom  ali to    envfrom  env to     acc
 ---   ------ ----- --------- --------- ------- -------    ------- -------    ------- -------    ----
   1 !   29.5   0.2   1.5e-08   1.2e-05       2      32 ..     294     323 ..     293     324 .. 0.92

  Alignments for each domain:
  == domain 1  score: 29.5 bits;  conditional E-value: 1.5e-08
      Round3_FinalIHelix   2 keaeglalllfiagletisnsllsslLfyll 32 
                             +++++++l+++ia+++t+s+s+ +++Lf ++
  tr|L8I947|L8I947_9CETA 294 ENVNQCILEMLIAAPDTMSVSV-FFMLFLIA 323
                             789*******************.6****987 PP

>> tr|A0A4W2G0D8|A0A4W2G0D8_BOBOX  aromatase OS=Bos indicus x Bos taurus OX=30522 GN=CYP19A1 PE=3 SV=1
   #    score  bias  c-Evalue  i-Evalue hmmfrom  hmm to    alifrom  ali to    envfrom  env to     acc
 ---   ------ ----- --------- --------- ------- -------    ------- -------    ------- -------    ----
   1 !   29.5   0.2   1.5e-08   1.2e-05       2      32 ..     294     323 ..     293     324 .. 0.92

  Alignments for each domain:
  == domain 1  score: 29.5 bits;  conditional E-value: 1.5e-08
              Round3_FinalIHelix   2 keaeglalllfiagletisnsllsslLfyll 32 
                                     +++++++l+++ia+++t+s+s+ +++Lf ++
  tr|A0A4W2G0D8|A0A4W2G0D8_BOBOX 294 ENVNQCILEMLIAAPDTMSVSV-FFMLFLIA 323
                                     789*******************.6****987 PP

>> tr|A0A6B0RA67|A0A6B0RA67_9CETA  aromatase OS=Bos mutus OX=72004 GN=E5288_WYG006508 PE=3 SV=1
   #    score  bias  c-Evalue  i-Evalue hmmfrom  hmm to    alifrom  ali to    envfrom  env to     acc
 ---   ------ ----- --------- --------- ------- -------    ------- -------    ------- -------    ----
   1 !   29.5   0.2   1.5e-08   1.2e-05       2      32 ..     294     323 ..     293     324 .. 0.92

  Alignments for each domain:
  == domain 1  score: 29.5 bits;  conditional E-value: 1.5e-08
              Round3_FinalIHelix   2 keaeglalllfiagletisnsllsslLfyll 32 
                                     +++++++l+++ia+++t+s+s+ +++Lf ++
  tr|A0A6B0RA67|A0A6B0RA67_9CETA 294 ENVNQCILEMLIAAPDTMSVSV-FFMLFLIA 323
                                     789*******************.6****987 PP

>> tr|A0A6P5CER6|A0A6P5CER6_BOSIN  aromatase OS=Bos indicus OX=9915 GN=LOC109565118 PE=3 SV=1
   #    score  bias  c-Evalue  i-Evalue hmmfrom  hmm to    alifrom  ali to    envfrom  env to     acc
 ---   ------ ----- --------- --------- ------- -------    ------- -------    ------- -------    ----
   1 !   29.5   0.2   1.5e-08   1.2e-05       2      32 ..     294     323 ..     293     324 .. 0.92

  Alignments for each domain:
  == domain 1  score: 29.5 bits;  conditional E-value: 1.5e-08
              Round3_FinalIHelix   2 keaeglalllfiagletisnsllsslLfyll 32 
                                     +++++++l+++ia+++t+s+s+ +++Lf ++
  tr|A0A6P5CER6|A0A6P5CER6_BOSIN 294 ENVNQCILEMLIAAPDTMSVSV-FFMLFLIA 323
                                     789*******************.6****987 PP

>> tr|F2Z4F2|F2Z4F2_BOVIN  aromatase OS=Bos taurus OX=9913 GN=CYP19A1 PE=3 SV=1
   #    score  bias  c-Evalue  i-Evalue hmmfrom  hmm to    alifrom  ali to    envfrom  env to     acc
 ---   ------ ----- --------- --------- ------- -------    ------- -------    ------- -------    ----
   1 !   29.5   0.2   1.5e-08   1.2e-05       2      32 ..     294     323 ..     293     324 .. 0.92

  Alignments for each domain:
  == domain 1  score: 29.5 bits;  conditional E-value: 1.5e-08
      Round3_FinalIHelix   2 keaeglalllfiagletisnsllsslLfyll 32 
                             +++++++l+++ia+++t+s+s+ +++Lf ++
  tr|F2Z4F2|F2Z4F2_BOVIN 294 ENVNQCILEMLIAAPDTMSVSV-FFMLFLIA 323
                             789*******************.6****987 PP

>> tr|A0A6P6HHE0|A0A6P6HHE0_PUMCO  aromatase OS=Puma concolor OX=9696 GN=LOC112855925 PE=3 SV=1
   #    score  bias  c-Evalue  i-Evalue hmmfrom  hmm to    alifrom  ali to    envfrom  env to     acc
 ---   ------ ----- --------- --------- ------- -------    ------- -------    ------- -------    ----
   1 !   29.6   0.2   1.4e-08   1.1e-05       2      32 ..     235     264 ..     233     265 .. 0.91

  Alignments for each domain:
  == domain 1  score: 29.6 bits;  conditional E-value: 1.4e-08
              Round3_FinalIHelix   2 keaeglalllfiagletisnsllsslLfyll 32 
                                     +++++++l+++ia+++t+s+s+ +++Lf ++
  tr|A0A6P6HHE0|A0A6P6HHE0_PUMCO 235 ENVNQCILEMLIAAPDTMSVSV-FFMLFLIA 264
                                     577*******************.6****987 PP

>> tr|A0A8D1QUM0|A0A8D1QUM0_PIG  aromatase OS=Sus scrofa OX=9823 PE=3 SV=1
   #    score  bias  c-Evalue  i-Evalue hmmfrom  hmm to    alifrom  ali to    envfrom  env to     acc
 ---   ------ ----- --------- --------- ------- -------    ------- -------    ------- -------    ----
   1 !   29.9   0.2   1.1e-08   8.9e-06       2      32 ..     131     160 ..     129     161 .. 0.91

  Alignments for each domain:
  == domain 1  score: 29.9 bits;  conditional E-value: 1.1e-08
            Round3_FinalIHelix   2 keaeglalllfiagletisnsllsslLfyll 32 
                                   +++++++l+++ia+++t+s+++ +++Lf ++
  tr|A0A8D1QUM0|A0A8D1QUM0_PIG 131 ENVNQCILEMLIAAPDTMSVTV-FFMLFLIA 160
                                   577*******************.6****987 PP

>> tr|K7TVY1|K7TVY1_BUBBU  aromatase OS=Bubalus bubalis OX=89462 GN=CYP19A1 PE=2 SV=1
   #    score  bias  c-Evalue  i-Evalue hmmfrom  hmm to    alifrom  ali to    envfrom  env to     acc
 ---   ------ ----- --------- --------- ------- -------    ------- -------    ------- -------    ----
   1 !   29.5   0.2   1.5e-08   1.2e-05       2      32 ..     294     323 ..     293     324 .. 0.92

  Alignments for each domain:
  == domain 1  score: 29.5 bits;  conditional E-value: 1.5e-08
      Round3_FinalIHelix   2 keaeglalllfiagletisnsllsslLfyll 32 
                             +++++++l+++ia+++t+s+s+ +++Lf ++
  tr|K7TVY1|K7TVY1_BUBBU 294 ENVNQCILEMLIAAPDTMSVSV-FFMLFLIA 323
                             789*******************.6****987 PP

>> tr|A0A212CTA7|A0A212CTA7_CEREH  CYP19A1 (Fragment) OS=Cervus elaphus hippelaphus OX=46360 GN=Celaphus_00006193 PE=3 S
   #    score  bias  c-Evalue  i-Evalue hmmfrom  hmm to    alifrom  ali to    envfrom  env to     acc
 ---   ------ ----- --------- --------- ------- -------    ------- -------    ------- -------    ----
   1 !   30.1   0.2     1e-08   7.8e-06       2      32 ..     169     198 ..     168     199 .. 0.92

  Alignments for each domain:
  == domain 1  score: 30.1 bits;  conditional E-value: 1e-08
              Round3_FinalIHelix   2 keaeglalllfiagletisnsllsslLfyll 32 
                                     +++++++l+++i++++t+s+s+ +++Lf ++
  tr|A0A212CTA7|A0A212CTA7_CEREH 169 ENVNQCILEMLITVPDTMSVSV-FFMLFLIA 198
                                     789*******************.6****987 PP

>> tr|A0A8C2VRD8|A0A8C2VRD8_CHILA  Aromatase OS=Chinchilla lanigera OX=34839 GN=CYP19A1 PE=3 SV=1
   #    score  bias  c-Evalue  i-Evalue hmmfrom  hmm to    alifrom  ali to    envfrom  env to     acc
 ---   ------ ----- --------- --------- ------- -------    ------- -------    ------- -------    ----
   1 !   27.8   0.2   5.6e-08   4.4e-05       2      32 ..     294     323 ..     293     324 .. 0.92

  Alignments for each domain:
  == domain 1  score: 27.8 bits;  conditional E-value: 5.6e-08
              Round3_FinalIHelix   2 keaeglalllfiagletisnsllsslLfyll 32 
                                     +++++++l+++ia+++t+s++++ ++Lf ++
  tr|A0A8C2VRD8|A0A8C2VRD8_CHILA 294 ENVNQCVLEMLIAAPDTMSVTVY-FMLFLIA 323
                                     789*******************9.99**987 PP

>> tr|Q208A6|Q208A6_BUBBU  aromatase OS=Bubalus bubalis OX=89462 GN=CYP19 PE=2 SV=2
   #    score  bias  c-Evalue  i-Evalue hmmfrom  hmm to    alifrom  ali to    envfrom  env to     acc
 ---   ------ ----- --------- --------- ------- -------    ------- -------    ------- -------    ----
   1 !   29.5   0.2   1.5e-08   1.2e-05       2      32 ..     294     323 ..     293     324 .. 0.92

  Alignments for each domain:
  == domain 1  score: 29.5 bits;  conditional E-value: 1.5e-08
      Round3_FinalIHelix   2 keaeglalllfiagletisnsllsslLfyll 32 
                             +++++++l+++ia+++t+s+s+ +++Lf ++
  tr|Q208A6|Q208A6_BUBBU 294 ENVNQCILEMLIAAPDTMSVSV-FFMLFLIA 323
                             789*******************.6****987 PP

>> tr|P79286|P79286_PIG  aromatase OS=Sus scrofa OX=9823 GN=HFAROA10 PE=2 SV=1
   #    score  bias  c-Evalue  i-Evalue hmmfrom  hmm to    alifrom  ali to    envfrom  env to     acc
 ---   ------ ----- --------- --------- ------- -------    ------- -------    ------- -------    ----
   1 !   29.8   0.2   1.2e-08   9.4e-06       2      32 ..     145     174 ..     143     175 .. 0.91

  Alignments for each domain:
  == domain 1  score: 29.8 bits;  conditional E-value: 1.2e-08
    Round3_FinalIHelix   2 keaeglalllfiagletisnsllsslLfyll 32 
                           +++++++l+++ia+++t+s+++ +++Lf ++
  tr|P79286|P79286_PIG 145 ENVNQCILEMLIAAPDTMSVTV-FFMLFLIA 174
                           577*******************.6****987 PP

>> tr|A0A4X1SYE6|A0A4X1SYE6_PIG  aromatase OS=Sus scrofa OX=9823 GN=CYP19A1 PE=3 SV=1
   #    score  bias  c-Evalue  i-Evalue hmmfrom  hmm to    alifrom  ali to    envfrom  env to     acc
 ---   ------ ----- --------- --------- ------- -------    ------- -------    ------- -------    ----
   1 !   29.8   0.2   1.2e-08   9.4e-06       2      32 ..     145     174 ..     143     175 .. 0.91

  Alignments for each domain:
  == domain 1  score: 29.8 bits;  conditional E-value: 1.2e-08
            Round3_FinalIHelix   2 keaeglalllfiagletisnsllsslLfyll 32 
                                   +++++++l+++ia+++t+s+++ +++Lf ++
  tr|A0A4X1SYE6|A0A4X1SYE6_PIG 145 ENVNQCILEMLIAAPDTMSVTV-FFMLFLIA 174
                                   577*******************.6****987 PP

>> tr|I3LPP5|I3LPP5_PIG  aromatase OS=Sus scrofa OX=9823 GN=CYP19A1 PE=3 SV=2
   #    score  bias  c-Evalue  i-Evalue hmmfrom  hmm to    alifrom  ali to    envfrom  env to     acc
 ---   ------ ----- --------- --------- ------- -------    ------- -------    ------- -------    ----
   1 !   29.8   0.2   1.2e-08   9.4e-06       2      32 ..     145     174 ..     143     175 .. 0.91

  Alignments for each domain:
  == domain 1  score: 29.8 bits;  conditional E-value: 1.2e-08
    Round3_FinalIHelix   2 keaeglalllfiagletisnsllsslLfyll 32 
                           +++++++l+++ia+++t+s+++ +++Lf ++
  tr|I3LPP5|I3LPP5_PIG 145 ENVNQCILEMLIAAPDTMSVTV-FFMLFLIA 174
                           577*******************.6****987 PP

>> tr|A0A8D1SVX4|A0A8D1SVX4_PIG  aromatase OS=Sus scrofa OX=9823 PE=3 SV=1
   #    score  bias  c-Evalue  i-Evalue hmmfrom  hmm to    alifrom  ali to    envfrom  env to     acc
 ---   ------ ----- --------- --------- ------- -------    ------- -------    ------- -------    ----
   1 !   30.2   0.2   9.2e-09   7.2e-06       2      32 ..      85     114 ..      83     115 .. 0.91

  Alignments for each domain:
  == domain 1  score: 30.2 bits;  conditional E-value: 9.2e-09
            Round3_FinalIHelix   2 keaeglalllfiagletisnsllsslLfyll 32 
                                   +++++++l+++ia+++t+s+++ +++Lf ++
  tr|A0A8D1SVX4|A0A8D1SVX4_PIG  85 ENVNQCILEMLIAAPDTMSVTV-FFMLFLIA 114
                                   577*******************.6****987 PP

>> tr|A0A8D0NN40|A0A8D0NN40_PIG  aromatase OS=Sus scrofa OX=9823 PE=3 SV=1
   #    score  bias  c-Evalue  i-Evalue hmmfrom  hmm to    alifrom  ali to    envfrom  env to     acc
 ---   ------ ----- --------- --------- ------- -------    ------- -------    ------- -------    ----
   1 !   29.8   0.2   1.2e-08   9.4e-06       2      32 ..     145     174 ..     143     175 .. 0.91

  Alignments for each domain:
  == domain 1  score: 29.8 bits;  conditional E-value: 1.2e-08
            Round3_FinalIHelix   2 keaeglalllfiagletisnsllsslLfyll 32 
                                   +++++++l+++ia+++t+s+++ +++Lf ++
  tr|A0A8D0NN40|A0A8D0NN40_PIG 145 ENVNQCILEMLIAAPDTMSVTV-FFMLFLIA 174
                                   577*******************.6****987 PP

>> tr|A0A8C2P619|A0A8C2P619_CAPHI  aromatase OS=Capra hircus OX=9925 PE=3 SV=1
   #    score  bias  c-Evalue  i-Evalue hmmfrom  hmm to    alifrom  ali to    envfrom  env to     acc
 ---   ------ ----- --------- --------- ------- -------    ------- -------    ------- -------    ----
   1 !   29.5   0.2   1.6e-08   1.2e-05       2      32 ..     269     298 ..     267     299 .. 0.91

  Alignments for each domain:
  == domain 1  score: 29.5 bits;  conditional E-value: 1.6e-08
              Round3_FinalIHelix   2 keaeglalllfiagletisnsllsslLfyll 32 
                                     +++++++l+++ia+++t+s+s+ +++Lf ++
  tr|A0A8C2P619|A0A8C2P619_CAPHI 269 ENVNQCILEMLIAAPDTMSVSV-FFMLFLIA 298
                                     577*******************.6****987 PP

>> tr|A0A5N3V6P0|A0A5N3V6P0_MUNMU  Cytochrome P450 family 19 subfamily A member 1 OS=Muntiacus muntjak OX=9888 GN=FD754_
   #    score  bias  c-Evalue  i-Evalue hmmfrom  hmm to    alifrom  ali to    envfrom  env to     acc
 ---   ------ ----- --------- --------- ------- -------    ------- -------    ------- -------    ----
   1 !   30.0   0.4   1.1e-08   8.4e-06       2      32 ..     219     248 ..     218     249 .. 0.92

  Alignments for each domain:
  == domain 1  score: 30.0 bits;  conditional E-value: 1.1e-08
              Round3_FinalIHelix   2 keaeglalllfiagletisnsllsslLfyll 32 
                                     +++++++l+++ia+++t+s+s+ +++Lf ++
  tr|A0A5N3V6P0|A0A5N3V6P0_MUNMU 219 ENVNQCILEMLIAVPDTMSVSV-FFMLFLIA 248
                                     799*******************.6****987 PP

>> tr|A0A8D1YA89|A0A8D1YA89_PIG  aromatase OS=Sus scrofa OX=9823 PE=3 SV=1
   #    score  bias  c-Evalue  i-Evalue hmmfrom  hmm to    alifrom  ali to    envfrom  env to     acc
 ---   ------ ----- --------- --------- ------- -------    ------- -------    ------- -------    ----
   1 !   29.8   0.2   1.2e-08   9.4e-06       2      32 ..     145     174 ..     143     175 .. 0.91

  Alignments for each domain:
  == domain 1  score: 29.8 bits;  conditional E-value: 1.2e-08
            Round3_FinalIHelix   2 keaeglalllfiagletisnsllsslLfyll 32 
                                   +++++++l+++ia+++t+s+++ +++Lf ++
  tr|A0A8D1YA89|A0A8D1YA89_PIG 145 ENVNQCILEMLIAAPDTMSVTV-FFMLFLIA 174
                                   577*******************.6****987 PP

>> tr|G3T3M3|G3T3M3_LOXAF  aromatase OS=Loxodonta africana OX=9785 GN=CYP19A1 PE=3 SV=1
   #    score  bias  c-Evalue  i-Evalue hmmfrom  hmm to    alifrom  ali to    envfrom  env to     acc
 ---   ------ ----- --------- --------- ------- -------    ------- -------    ------- -------    ----
   1 !   29.8   0.2   1.2e-08   9.6e-06       2      32 ..     210     239 ..     209     240 .. 0.92

  Alignments for each domain:
  == domain 1  score: 29.8 bits;  conditional E-value: 1.2e-08
      Round3_FinalIHelix   2 keaeglalllfiagletisnsllsslLfyll 32 
                             +++++++l+++ia+++t+s+s+ +++Lf ++
  tr|G3T3M3|G3T3M3_LOXAF 210 ENVNQCILEMLIAAPDTMSVSV-FFMLFLIA 239
                             789*******************.6****987 PP

>> tr|A0A8J2RD02|A0A8J2RD02_9CRUS  S1 motif domain-containing protein OS=Daphnia galeata OX=27404 GN=DGAL_LOCUS1309 PE=3
   #    score  bias  c-Evalue  i-Evalue hmmfrom  hmm to    alifrom  ali to    envfrom  env to     acc
 ---   ------ ----- --------- --------- ------- -------    ------- -------    ------- -------    ----
   1 !   12.4   0.1     0.005         4       2      30 ..     274     302 ..     273     304 .. 0.90
   2 !   16.6   0.0   0.00022      0.17       2      30 ..     704     732 ..     703     734 .. 0.88

  Alignments for each domain:
  == domain 1  score: 12.4 bits;  conditional E-value: 0.005
              Round3_FinalIHelix   2 keaeglalllfiagletisnsllsslLfy 30 
                                     +++ +++l+++ ag +t++ns +++lL+ 
  tr|A0A8J2RD02|A0A8J2RD02_9CRUS 274 EQLMNIILDILSAGADTTGNSIGFALLYL 302
                                     67789******************999986 PP

  == domain 2  score: 16.6 bits;  conditional E-value: 0.00022
              Round3_FinalIHelix   2 keaeglalllfiagletisnsllsslLfy 30 
                                     +++ +l+ +lfiag++t++n+ ++ lL++
  tr|A0A8J2RD02|A0A8J2RD02_9CRUS 704 EQLISLIFDLFIAGGDTTGNAIGFVLLYM 732
                                     678999*****************888887 PP

>> tr|A0A8D0VSZ3|A0A8D0VSZ3_PIG  aromatase OS=Sus scrofa OX=9823 PE=3 SV=1
   #    score  bias  c-Evalue  i-Evalue hmmfrom  hmm to    alifrom  ali to    envfrom  env to     acc
 ---   ------ ----- --------- --------- ------- -------    ------- -------    ------- -------    ----
   1 !   29.8   0.2   1.2e-08   9.4e-06       2      32 ..     145     174 ..     143     175 .. 0.91

  Alignments for each domain:
  == domain 1  score: 29.8 bits;  conditional E-value: 1.2e-08
            Round3_FinalIHelix   2 keaeglalllfiagletisnsllsslLfyll 32 
                                   +++++++l+++ia+++t+s+++ +++Lf ++
  tr|A0A8D0VSZ3|A0A8D0VSZ3_PIG 145 ENVNQCILEMLIAAPDTMSVTV-FFMLFLIA 174
                                   577*******************.6****987 PP

>> tr|A0A0B7G0E2|A0A0B7G0E2_THACB  Uncharacterized protein OS=Thanatephorus cucumeris (strain AG1-IB / isolate 7/3/14) O
   #    score  bias  c-Evalue  i-Evalue hmmfrom  hmm to    alifrom  ali to    envfrom  env to     acc
 ---   ------ ----- --------- --------- ------- -------    ------- -------    ------- -------    ----
   1 !   16.3   0.4   0.00029      0.23      11      32 ..      89     109 ..      85     109 .. 0.92
   2 !   16.3   0.4   0.00029      0.23      11      32 ..     402     422 ..     398     422 .. 0.92

  Alignments for each domain:
  == domain 1  score: 16.3 bits;  conditional E-value: 0.00029
              Round3_FinalIHelix  11 lfiagletisnsllsslLfyll 32 
                                     +++ag++t+sn+l ssl++ l+
  tr|A0A0B7G0E2|A0A0B7G0E2_THACB  89 MLLAGSDTTSNTL-SSLCYHLA 109
                                     689**********.*****886 PP

  == domain 2  score: 16.3 bits;  conditional E-value: 0.00029
              Round3_FinalIHelix  11 lfiagletisnsllsslLfyll 32 
                                     +++ag++t+sn+l ssl++ l+
  tr|A0A0B7G0E2|A0A0B7G0E2_THACB 402 MLLAGSDTTSNTL-SSLCYHLA 422
                                     689**********.*****886 PP

>> tr|A0A8C2PDH2|A0A8C2PDH2_CAPHI  aromatase OS=Capra hircus OX=9925 PE=3 SV=1
   #    score  bias  c-Evalue  i-Evalue hmmfrom  hmm to    alifrom  ali to    envfrom  env to     acc
 ---   ------ ----- --------- --------- ------- -------    ------- -------    ------- -------    ----
   1 !   29.4   0.2   1.7e-08   1.3e-05       2      32 ..     295     324 ..     293     325 .. 0.91

  Alignments for each domain:
  == domain 1  score: 29.4 bits;  conditional E-value: 1.7e-08
              Round3_FinalIHelix   2 keaeglalllfiagletisnsllsslLfyll 32 
                                     +++++++l+++ia+++t+s+s+ +++Lf ++
  tr|A0A8C2PDH2|A0A8C2PDH2_CAPHI 295 ENVNQCILEMLIAAPDTMSVSV-FFMLFLIA 324
                                     577*******************.6****987 PP

>> tr|W5QIJ0|W5QIJ0_SHEEP  aromatase OS=Ovis aries OX=9940 GN=CYP19 PE=3 SV=1
   #    score  bias  c-Evalue  i-Evalue hmmfrom  hmm to    alifrom  ali to    envfrom  env to     acc
 ---   ------ ----- --------- --------- ------- -------    ------- -------    ------- -------    ----
   1 !   29.7   0.2   1.3e-08   1.1e-05       2      32 ..     215     244 ..     213     245 .. 0.91

  Alignments for each domain:
  == domain 1  score: 29.7 bits;  conditional E-value: 1.3e-08
      Round3_FinalIHelix   2 keaeglalllfiagletisnsllsslLfyll 32 
                             +++++++l+++ia+++t+s+s+ +++Lf ++
  tr|W5QIJ0|W5QIJ0_SHEEP 215 ENVNQCILEMLIAAPDTMSVSV-FFMLFLIA 244
                             577*******************.6****987 PP

>> tr|A0A260ZQ36|A0A260ZQ36_CAERE  Uncharacterized protein (Fragment) OS=Caenorhabditis remanei OX=31234 GN=FL82_23392 P
   #    score  bias  c-Evalue  i-Evalue hmmfrom  hmm to    alifrom  ali to    envfrom  env to     acc
 ---   ------ ----- --------- --------- ------- -------    ------- -------    ------- -------    ----
   1 !   12.4   0.1    0.0049       3.9       4      25 ..     295     316 ..     292     323 .. 0.86
   2 ?    4.8   0.0       1.4   1.1e+03      10      24 ..     771     785 ..     765     789 .. 0.87
   3 ?    8.1   0.1      0.12        97       5      25 ..    1244    1264 ..    1240    1271 .. 0.82
   4 ?    2.9   0.0         6   4.7e+03      10      24 ..    1674    1688 ..    1670    1691 .. 0.87

  Alignments for each domain:
  == domain 1  score: 12.4 bits;  conditional E-value: 0.0049
              Round3_FinalIHelix   4 aeglalllfiagletisnslls 25 
                                     +++++++l+i+g+et++ +l+s
  tr|A0A260ZQ36|A0A260ZQ36_CAERE 295 LKTMIIDLWITGQETTTTTLIS 316
                                     589***************9974 PP

  == domain 2  score: 4.8 bits;  conditional E-value: 1.4
              Round3_FinalIHelix  10 llfiagletisnsll 24 
                                     +l++ag++t++ +l+
  tr|A0A260ZQ36|A0A260ZQ36_CAERE 771 DLWLAGQDTTATTLV 785
                                     89*********9997 PP

  == domain 3  score: 8.1 bits;  conditional E-value: 0.12
              Round3_FinalIHelix    5 eglalllfiagletisnslls 25  
                                      +++  +l+i+g+et++ +l+s
  tr|A0A260ZQ36|A0A260ZQ36_CAERE 1244 KTMLFDLWITGQETTTTTLIS 1264
                                      5667789**********9974 PP

  == domain 4  score: 2.9 bits;  conditional E-value: 6
              Round3_FinalIHelix   10 llfiagletisnsll 24  
                                      +l++ag++t s +l+
  tr|A0A260ZQ36|A0A260ZQ36_CAERE 1674 DLWFAGQDTKSTTLV 1688
                                      89********99997 PP

>> tr|A0A4U1EBV8|A0A4U1EBV8_MONMO  Cytochrome P450 family 19 subfamily A member 1 (Fragment) OS=Monodon monoceros OX=401
   #    score  bias  c-Evalue  i-Evalue hmmfrom  hmm to    alifrom  ali to    envfrom  env to     acc
 ---   ------ ----- --------- --------- ------- -------    ------- -------    ------- -------    ----
   1 !   29.4   0.2   1.7e-08   1.3e-05       2      32 ..     299     328 ..     298     329 .. 0.92

  Alignments for each domain:
  == domain 1  score: 29.4 bits;  conditional E-value: 1.7e-08
              Round3_FinalIHelix   2 keaeglalllfiagletisnsllsslLfyll 32 
                                     +++++++l+++ia+++t+s+s+ +++Lf ++
  tr|A0A4U1EBV8|A0A4U1EBV8_MONMO 299 ENVNQCVLEMLIAAPDTMSVSV-FFMLFLIA 328
                                     789*******************.6****987 PP

>> sp|Q6YI21|CP19A_CAPHI  Aromatase OS=Capra hircus OX=9925 GN=CYP19A1 PE=2 SV=1
   #    score  bias  c-Evalue  i-Evalue hmmfrom  hmm to    alifrom  ali to    envfrom  env to     acc
 ---   ------ ----- --------- --------- ------- -------    ------- -------    ------- -------    ----
   1 !   29.4   0.2   1.7e-08   1.3e-05       2      32 ..     294     323 ..     292     324 .. 0.91

  Alignments for each domain:
  == domain 1  score: 29.4 bits;  conditional E-value: 1.7e-08
     Round3_FinalIHelix   2 keaeglalllfiagletisnsllsslLfyll 32 
                            +++++++l+++ia+++t+s+s+ +++Lf ++
  sp|Q6YI21|CP19A_CAPHI 294 ENVNQCILEMLIAAPDTMSVSV-FFMLFLIA 323
                            577*******************.6****987 PP

>> sp|Q9XS28|CP19A_SHEEP  Aromatase OS=Ovis aries OX=9940 GN=CYP19A1 PE=2 SV=1
   #    score  bias  c-Evalue  i-Evalue hmmfrom  hmm to    alifrom  ali to    envfrom  env to     acc
 ---   ------ ----- --------- --------- ------- -------    ------- -------    ------- -------    ----
   1 !   29.4   0.2   1.7e-08   1.3e-05       2      32 ..     294     323 ..     292     324 .. 0.91

  Alignments for each domain:
  == domain 1  score: 29.4 bits;  conditional E-value: 1.7e-08
     Round3_FinalIHelix   2 keaeglalllfiagletisnsllsslLfyll 32 
                            +++++++l+++ia+++t+s+s+ +++Lf ++
  sp|Q9XS28|CP19A_SHEEP 294 ENVNQCILEMLIAAPDTMSVSV-FFMLFLIA 323
                            577*******************.6****987 PP

>> tr|A0A5N4E3E5|A0A5N4E3E5_CAMDR  aromatase OS=Camelus dromedarius OX=9838 GN=Aromatase PE=3 SV=1
   #    score  bias  c-Evalue  i-Evalue hmmfrom  hmm to    alifrom  ali to    envfrom  env to     acc
 ---   ------ ----- --------- --------- ------- -------    ------- -------    ------- -------    ----
   1 !   30.0   0.2     1e-08   8.1e-06       2      32 ..     135     164 ..     133     165 .. 0.91

  Alignments for each domain:
  == domain 1  score: 30.0 bits;  conditional E-value: 1e-08
              Round3_FinalIHelix   2 keaeglalllfiagletisnsllsslLfyll 32 
                                     +++++++l+++ia+++t+s+s+ +++Lf ++
  tr|A0A5N4E3E5|A0A5N4E3E5_CAMDR 135 ENVNQCILEMLIAAPDTMSVSV-FFMLFLIA 164
                                     577*******************.6****987 PP

>> tr|A0A7J8JT89|A0A7J8JT89_MOLMO  aromatase OS=Molossus molossus OX=27622 GN=HJG59_003579 PE=3 SV=1
   #    score  bias  c-Evalue  i-Evalue hmmfrom  hmm to    alifrom  ali to    envfrom  env to     acc
 ---   ------ ----- --------- --------- ------- -------    ------- -------    ------- -------    ----
   1 !   29.5   0.2   1.6e-08   1.2e-05       2      32 ..     294     323 ..     293     324 .. 0.92

  Alignments for each domain:
  == domain 1  score: 29.5 bits;  conditional E-value: 1.6e-08
              Round3_FinalIHelix   2 keaeglalllfiagletisnsllsslLfyll 32 
                                     +++++++l+++ia+++t+s+s+ +++Lf ++
  tr|A0A7J8JT89|A0A7J8JT89_MOLMO 294 ENVNQCILEMLIAAPDTMSVSV-FFMLFLIA 323
                                     789*******************.6****987 PP

>> tr|G5C8S5|G5C8S5_HETGA  Aromatase OS=Heterocephalus glaber OX=10181 GN=GW7_20253 PE=3 SV=1
   #    score  bias  c-Evalue  i-Evalue hmmfrom  hmm to    alifrom  ali to    envfrom  env to     acc
 ---   ------ ----- --------- --------- ------- -------    ------- -------    ------- -------    ----
   1 !   29.4   0.2   1.6e-08   1.3e-05       2      32 ..     101     130 ..     100     131 .. 0.92

  Alignments for each domain:
  == domain 1  score: 29.4 bits;  conditional E-value: 1.6e-08
      Round3_FinalIHelix   2 keaeglalllfiagletisnsllsslLfyll 32 
                             +++++++l+++ia+++t+s++++ ++Lf ++
  tr|G5C8S5|G5C8S5_HETGA 101 ENVNQCILEMLIAAPDTMSVTVY-FMLFLIA 130
                             789*******************9.99**987 PP

>> tr|A0A8C4T3V6|A0A8C4T3V6_ERPCA  aromatase OS=Erpetoichthys calabaricus OX=27687 GN=LOC114667208 PE=3 SV=1
   #    score  bias  c-Evalue  i-Evalue hmmfrom  hmm to    alifrom  ali to    envfrom  env to     acc
 ---   ------ ----- --------- --------- ------- -------    ------- -------    ------- -------    ----
   1 !   30.1   0.4     1e-08     8e-06       3      32 ..     280     308 ..     278     309 .. 0.90

  Alignments for each domain:
  == domain 1  score: 30.1 bits;  conditional E-value: 1e-08
              Round3_FinalIHelix   3 eaeglalllfiagletisnsllsslLfyll 32 
                                      +++++l+++iag++t+s++l +++L+ l+
  tr|A0A8C4T3V6|A0A8C4T3V6_ERPCA 280 DVTQCILEMLIAGPDTMSVTL-FFMLMLLA 308
                                     569******************.6****997 PP

>> tr|A0A5N4E2D8|A0A5N4E2D8_CAMDR  aromatase (Fragment) OS=Camelus dromedarius OX=9838 GN=Aromatase PE=3 SV=1
   #    score  bias  c-Evalue  i-Evalue hmmfrom  hmm to    alifrom  ali to    envfrom  env to     acc
 ---   ------ ----- --------- --------- ------- -------    ------- -------    ------- -------    ----
   1 !   29.9   0.2   1.1e-08   8.7e-06       2      32 ..     155     184 ..     153     185 .. 0.91

  Alignments for each domain:
  == domain 1  score: 29.9 bits;  conditional E-value: 1.1e-08
              Round3_FinalIHelix   2 keaeglalllfiagletisnsllsslLfyll 32 
                                     +++++++l+++ia+++t+s+s+ +++Lf ++
  tr|A0A5N4E2D8|A0A5N4E2D8_CAMDR 155 ENVNQCILEMLIAAPDTMSVSV-FFMLFLIA 184
                                     577*******************.6****987 PP

>> tr|A0A6J3A280|A0A6J3A280_VICPA  aromatase OS=Vicugna pacos OX=30538 GN=LOC102526537 PE=3 SV=1
   #    score  bias  c-Evalue  i-Evalue hmmfrom  hmm to    alifrom  ali to    envfrom  env to     acc
 ---   ------ ----- --------- --------- ------- -------    ------- -------    ------- -------    ----
   1 !   29.9   0.2   1.2e-08   9.1e-06       2      32 ..     169     198 ..     167     199 .. 0.91

  Alignments for each domain:
  == domain 1  score: 29.9 bits;  conditional E-value: 1.2e-08
              Round3_FinalIHelix   2 keaeglalllfiagletisnsllsslLfyll 32 
                                     +++++++l+++ia+++t+s+s+ +++Lf ++
  tr|A0A6J3A280|A0A6J3A280_VICPA 169 ENVNQCILEMLIAAPDTMSVSV-FFMLFLIA 198
                                     577*******************.6****987 PP

>> tr|Q2XVA0|Q2XVA0_MACFA  Aromatase (Fragment) OS=Macaca fascicularis OX=9541 GN=CYP19 PE=2 SV=1
   #    score  bias  c-Evalue  i-Evalue hmmfrom  hmm to    alifrom  ali to    envfrom  env to     acc
 ---   ------ ----- --------- --------- ------- -------    ------- -------    ------- -------    ----
   1 !   31.1   0.2   4.6e-09   3.6e-06       2      32 ..     210     239 ..     209     240 .. 0.92

  Alignments for each domain:
  == domain 1  score: 31.1 bits;  conditional E-value: 4.6e-09
      Round3_FinalIHelix   2 keaeglalllfiagletisnsllsslLfyll 32 
                             +++++++l+++ia+++t+s+sl +++Lf ++
  tr|Q2XVA0|Q2XVA0_MACFA 210 ENVNQCILEMLIAAPDTMSVSL-FFMLFLIA 239
                             789*******************.6****987 PP

>> tr|A0A2Y9MJL7|A0A2Y9MJL7_DELLE  aromatase OS=Delphinapterus leucas OX=9749 GN=LOC111171015 PE=3 SV=2
   #    score  bias  c-Evalue  i-Evalue hmmfrom  hmm to    alifrom  ali to    envfrom  env to     acc
 ---   ------ ----- --------- --------- ------- -------    ------- -------    ------- -------    ----
   1 !   29.7   0.2   1.3e-08     1e-05       2      32 ..      84     113 ..      83     114 .. 0.92

  Alignments for each domain:
  == domain 1  score: 29.7 bits;  conditional E-value: 1.3e-08
              Round3_FinalIHelix   2 keaeglalllfiagletisnsllsslLfyll 32 
                                     +++++++l+++ia+++t+s+s+ +++Lf ++
  tr|A0A2Y9MJL7|A0A2Y9MJL7_DELLE  84 ENVNQCVLEMLIAAPDTMSVSV-FFMLFLIA 113
                                     789*******************.6****987 PP

>> tr|A0A6P6HHH2|A0A6P6HHH2_PUMCO  aromatase OS=Puma concolor OX=9696 GN=LOC112855925 PE=3 SV=1
   #    score  bias  c-Evalue  i-Evalue hmmfrom  hmm to    alifrom  ali to    envfrom  env to     acc
 ---   ------ ----- --------- --------- ------- -------    ------- -------    ------- -------    ----
   1 !   29.4   0.2   1.7e-08   1.3e-05       2      32 ..     294     323 ..     292     324 .. 0.91

  Alignments for each domain:
  == domain 1  score: 29.4 bits;  conditional E-value: 1.7e-08
              Round3_FinalIHelix   2 keaeglalllfiagletisnsllsslLfyll 32 
                                     +++++++l+++ia+++t+s+s+ +++Lf ++
  tr|A0A6P6HHH2|A0A6P6HHH2_PUMCO 294 ENVNQCILEMLIAAPDTMSVSV-FFMLFLIA 323
                                     577*******************.6****987 PP

>> sp|Q29624|CP19A_PIG  Aromatase 1 OS=Sus scrofa OX=9823 GN=CYP19A1 PE=2 SV=1
   #    score  bias  c-Evalue  i-Evalue hmmfrom  hmm to    alifrom  ali to    envfrom  env to     acc
 ---   ------ ----- --------- --------- ------- -------    ------- -------    ------- -------    ----
   1 !   29.2   0.2   1.9e-08   1.5e-05       2      32 ..     294     323 ..     292     324 .. 0.91

  Alignments for each domain:
  == domain 1  score: 29.2 bits;  conditional E-value: 1.9e-08
   Round3_FinalIHelix   2 keaeglalllfiagletisnsllsslLfyll 32 
                          +++++++l+++ia+++t+s+++ +++Lf ++
  sp|Q29624|CP19A_PIG 294 ENVNQCILEMLIAAPDTMSVTV-FFMLFLIA 323
                          577*******************.6****987 PP

>> tr|A0A6J8EGF9|A0A6J8EGF9_MYTCO  Cytochrome P450 3A41,Cytochrome P450 3A19,Cytochrome P450 3A31,Cytochrome P450 3A16,C
   #    score  bias  c-Evalue  i-Evalue hmmfrom  hmm to    alifrom  ali to    envfrom  env to     acc
 ---   ------ ----- --------- --------- ------- -------    ------- -------    ------- -------    ----
   1 !   16.9   0.5   0.00018      0.14       5      32 ..     309     331 ..     305     332 .. 0.86
   2 !   14.5   0.2     0.001      0.82       7      32 ..     830     850 ..     824     851 .. 0.86

  Alignments for each domain:
  == domain 1  score: 16.9 bits;  conditional E-value: 0.00018
              Round3_FinalIHelix   5 eglalllfiagletisnsllsslLfyll 32 
                                      ++    fiag++t++n+l s+ +++l+
  tr|A0A6J8EGF9|A0A6J8EGF9_MYTCO 309 VTF----FIAGYDTTANTL-SFACYCLA 331
                                     555....9***********.9******8 PP

  == domain 2  score: 14.5 bits;  conditional E-value: 0.001
              Round3_FinalIHelix   7 lalllfiagletisnsllsslLfyll 32 
                                     +    f ag++t++n+l s+ +++l+
  tr|A0A6J8EGF9|A0A6J8EGF9_MYTCO 830 F----FVAGYDTTANTL-SFACYCLA 850
                                     4....99**********.9******8 PP

>> tr|A0A553PP19|A0A553PP19_TIGCA  Cytochrome P450 (Fragment) OS=Tigriopus californicus OX=6832 GN=TCAL_10761 PE=3 SV=1
   #    score  bias  c-Evalue  i-Evalue hmmfrom  hmm to    alifrom  ali to    envfrom  env to     acc
 ---   ------ ----- --------- --------- ------- -------    ------- -------    ------- -------    ----
   1 ?    6.3   0.0      0.48   3.8e+02      17      32 ..     109     123 ..     108     124 .. 0.92
   2 ?    9.6   0.1     0.039        30       9      32 ..     583     605 ..     575     606 .. 0.88
   3 !   15.8   0.1    0.0004      0.32      11      32 ..    1058    1078 ..    1048    1079 .. 0.85

  Alignments for each domain:
  == domain 1  score: 6.3 bits;  conditional E-value: 0.48
              Round3_FinalIHelix  17 etisnsllsslLfyll 32 
                                     et++n+l s+l+++l+
  tr|A0A553PP19|A0A553PP19_TIGCA 109 ETTANTL-STLCYNLA 123
                                     9******.*******8 PP

  == domain 2  score: 9.6 bits;  conditional E-value: 0.039
              Round3_FinalIHelix   9 lllfiagletisnsllsslLfyll 32 
                                     ++ f+ag+et++ +l  +l+++l+
  tr|A0A553PP19|A0A553PP19_TIGCA 583 AIFFLAGFETTASTL-ATLCYNLA 605
                                     6779***********.6*****97 PP

  == domain 3  score: 15.8 bits;  conditional E-value: 0.0004
              Round3_FinalIHelix   11 lfiagletisnsllsslLfyll 32  
                                       f+ag+et++n+l s+l+++l+
  tr|A0A553PP19|A0A553PP19_TIGCA 1058 FFLAGFETTANTL-STLCYNLA 1078
                                      69***********.*******8 PP

>> tr|G1PEN3|G1PEN3_MYOLU  aromatase OS=Myotis lucifugus OX=59463 GN=CYP19A1 PE=3 SV=1
   #    score  bias  c-Evalue  i-Evalue hmmfrom  hmm to    alifrom  ali to    envfrom  env to     acc
 ---   ------ ----- --------- --------- ------- -------    ------- -------    ------- -------    ----
   1 !   28.9   0.2   2.4e-08   1.9e-05       2      32 ..     295     324 ..     294     325 .. 0.92

  Alignments for each domain:
  == domain 1  score: 28.9 bits;  conditional E-value: 2.4e-08
      Round3_FinalIHelix   2 keaeglalllfiagletisnsllsslLfyll 32 
                             +++++++l+++ia+++t+s+s+ +++Lf ++
  tr|G1PEN3|G1PEN3_MYOLU 295 ENVNQCILEMLIAAPDTMSVSV-FFMLFLIS 324
                             789*******************.6****986 PP

>> tr|A0A8D1QUG3|A0A8D1QUG3_PIG  aromatase OS=Sus scrofa OX=9823 PE=3 SV=1
   #    score  bias  c-Evalue  i-Evalue hmmfrom  hmm to    alifrom  ali to    envfrom  env to     acc
 ---   ------ ----- --------- --------- ------- -------    ------- -------    ------- -------    ----
   1 !   29.4   0.2   1.7e-08   1.3e-05       2      32 ..     252     281 ..     250     282 .. 0.91

  Alignments for each domain:
  == domain 1  score: 29.4 bits;  conditional E-value: 1.7e-08
            Round3_FinalIHelix   2 keaeglalllfiagletisnsllsslLfyll 32 
                                   +++++++l+++ia+++t+s+++ +++Lf ++
  tr|A0A8D1QUG3|A0A8D1QUG3_PIG 252 ENVNQCILEMLIAAPDTMSVTV-FFMLFLIA 281
                                   577*******************.6****987 PP

>> tr|S7PEE2|S7PEE2_MYOBR  aromatase OS=Myotis brandtii OX=109478 GN=D623_10026016 PE=3 SV=1
   #    score  bias  c-Evalue  i-Evalue hmmfrom  hmm to    alifrom  ali to    envfrom  env to     acc
 ---   ------ ----- --------- --------- ------- -------    ------- -------    ------- -------    ----
   1 !   28.9   0.2   2.4e-08   1.9e-05       2      32 ..     295     324 ..     294     325 .. 0.92

  Alignments for each domain:
  == domain 1  score: 28.9 bits;  conditional E-value: 2.4e-08
      Round3_FinalIHelix   2 keaeglalllfiagletisnsllsslLfyll 32 
                             +++++++l+++ia+++t+s+s+ +++Lf ++
  tr|S7PEE2|S7PEE2_MYOBR 295 ENVNQCILEMLIAAPDTMSVSV-FFMLFLIS 324
                             789*******************.6****986 PP

>> tr|A0A5S6HC39|A0A5S6HC39_PIG  aromatase OS=Sus scrofa OX=9823 GN=CYP19A1 PE=3 SV=1
   #    score  bias  c-Evalue  i-Evalue hmmfrom  hmm to    alifrom  ali to    envfrom  env to     acc
 ---   ------ ----- --------- --------- ------- -------    ------- -------    ------- -------    ----
   1 !   29.2   0.2     2e-08   1.5e-05       2      32 ..     311     340 ..     309     341 .. 0.91

  Alignments for each domain:
  == domain 1  score: 29.2 bits;  conditional E-value: 2e-08
            Round3_FinalIHelix   2 keaeglalllfiagletisnsllsslLfyll 32 
                                   +++++++l+++ia+++t+s+++ +++Lf ++
  tr|A0A5S6HC39|A0A5S6HC39_PIG 311 ENVNQCILEMLIAAPDTMSVTV-FFMLFLIA 340
                                   577*******************.6****987 PP

>> tr|A0A8D1Y6K2|A0A8D1Y6K2_PIG  aromatase OS=Sus scrofa OX=9823 PE=3 SV=1
   #    score  bias  c-Evalue  i-Evalue hmmfrom  hmm to    alifrom  ali to    envfrom  env to     acc
 ---   ------ ----- --------- --------- ------- -------    ------- -------    ------- -------    ----
   1 !   29.2   0.2     2e-08   1.5e-05       2      32 ..     311     340 ..     309     341 .. 0.91

  Alignments for each domain:
  == domain 1  score: 29.2 bits;  conditional E-value: 2e-08
            Round3_FinalIHelix   2 keaeglalllfiagletisnsllsslLfyll 32 
                                   +++++++l+++ia+++t+s+++ +++Lf ++
  tr|A0A8D1Y6K2|A0A8D1Y6K2_PIG 311 ENVNQCILEMLIAAPDTMSVTV-FFMLFLIA 340
                                   577*******************.6****987 PP

>> tr|A0A8C9B464|A0A8C9B464_PHOSS  aromatase OS=Phocoena sinus OX=42100 GN=LOC116749060 PE=3 SV=1
   #    score  bias  c-Evalue  i-Evalue hmmfrom  hmm to    alifrom  ali to    envfrom  env to     acc
 ---   ------ ----- --------- --------- ------- -------    ------- -------    ------- -------    ----
   1 !   29.0   0.1   2.2e-08   1.7e-05       2      32 ..     294     323 ..     292     324 .. 0.90

  Alignments for each domain:
  == domain 1  score: 29.0 bits;  conditional E-value: 2.2e-08
              Round3_FinalIHelix   2 keaeglalllfiagletisnsllsslLfyll 32 
                                     +++++++l+++ia+++t+s+s+ +++Lf ++
  tr|A0A8C9B464|A0A8C9B464_PHOSS 294 ENVDQCILEMLIAAPDTMSVSV-FFMLFLIA 323
                                     577*******************.6****987 PP

>> tr|A0A8D0VRV5|A0A8D0VRV5_PIG  aromatase OS=Sus scrofa OX=9823 PE=3 SV=1
   #    score  bias  c-Evalue  i-Evalue hmmfrom  hmm to    alifrom  ali to    envfrom  env to     acc
 ---   ------ ----- --------- --------- ------- -------    ------- -------    ------- -------    ----
   1 !   29.2   0.2     2e-08   1.5e-05       2      32 ..     311     340 ..     309     341 .. 0.91

  Alignments for each domain:
  == domain 1  score: 29.2 bits;  conditional E-value: 2e-08
            Round3_FinalIHelix   2 keaeglalllfiagletisnsllsslLfyll 32 
                                   +++++++l+++ia+++t+s+++ +++Lf ++
  tr|A0A8D0VRV5|A0A8D0VRV5_PIG 311 ENVNQCILEMLIAAPDTMSVTV-FFMLFLIA 340
                                   577*******************.6****987 PP

>> tr|Q9TSH1|Q9TSH1_PIG  aromatase (Fragment) OS=Sus scrofa OX=9823 PE=3 SV=1
   #    score  bias  c-Evalue  i-Evalue hmmfrom  hmm to    alifrom  ali to    envfrom  env to     acc
 ---   ------ ----- --------- --------- ------- -------    ------- -------    ------- -------    ----
   1 !   29.6   0.2   1.4e-08   1.1e-05       2      32 ..     195     224 ..     193     225 .. 0.91

  Alignments for each domain:
  == domain 1  score: 29.6 bits;  conditional E-value: 1.4e-08
    Round3_FinalIHelix   2 keaeglalllfiagletisnsllsslLfyll 32 
                           +++++++l+++ia+++t+s+++ +++Lf ++
  tr|Q9TSH1|Q9TSH1_PIG 195 ENVNQCILEMLIAAPDTMSVTV-FFMLFLIA 224
                           577*******************.6****987 PP

>> tr|A0A8D0NPU7|A0A8D0NPU7_PIG  aromatase OS=Sus scrofa OX=9823 PE=3 SV=1
   #    score  bias  c-Evalue  i-Evalue hmmfrom  hmm to    alifrom  ali to    envfrom  env to     acc
 ---   ------ ----- --------- --------- ------- -------    ------- -------    ------- -------    ----
   1 !   29.2   0.2     2e-08   1.5e-05       2      32 ..     311     340 ..     309     341 .. 0.91

  Alignments for each domain:
  == domain 1  score: 29.2 bits;  conditional E-value: 2e-08
            Round3_FinalIHelix   2 keaeglalllfiagletisnsllsslLfyll 32 
                                   +++++++l+++ia+++t+s+++ +++Lf ++
  tr|A0A8D0NPU7|A0A8D0NPU7_PIG 311 ENVNQCILEMLIAAPDTMSVTV-FFMLFLIA 340
                                   577*******************.6****987 PP

>> tr|A0A8D0ZCU4|A0A8D0ZCU4_PIG  aromatase OS=Sus scrofa OX=9823 PE=3 SV=1
   #    score  bias  c-Evalue  i-Evalue hmmfrom  hmm to    alifrom  ali to    envfrom  env to     acc
 ---   ------ ----- --------- --------- ------- -------    ------- -------    ------- -------    ----
   1 !   29.2   0.2     2e-08   1.5e-05       2      32 ..     311     340 ..     309     341 .. 0.91

  Alignments for each domain:
  == domain 1  score: 29.2 bits;  conditional E-value: 2e-08
            Round3_FinalIHelix   2 keaeglalllfiagletisnsllsslLfyll 32 
                                   +++++++l+++ia+++t+s+++ +++Lf ++
  tr|A0A8D0ZCU4|A0A8D0ZCU4_PIG 311 ENVNQCILEMLIAAPDTMSVTV-FFMLFLIA 340
                                   577*******************.6****987 PP

>> sp|Q69FB6|CP19A_LAGAC  Aromatase OS=Lagenorhynchus acutus OX=90246 GN=CYP19A1 PE=2 SV=1
   #    score  bias  c-Evalue  i-Evalue hmmfrom  hmm to    alifrom  ali to    envfrom  env to     acc
 ---   ------ ----- --------- --------- ------- -------    ------- -------    ------- -------    ----
   1 !   29.0   0.1   2.2e-08   1.7e-05       2      32 ..     294     323 ..     292     324 .. 0.90

  Alignments for each domain:
  == domain 1  score: 29.0 bits;  conditional E-value: 2.2e-08
     Round3_FinalIHelix   2 keaeglalllfiagletisnsllsslLfyll 32 
                            +++++++l+++ia+++t+s+s+ +++Lf ++
  sp|Q69FB6|CP19A_LAGAC 294 ENVDQCILEMLIAAPDTMSVSV-FFMLFLIA 323
                            577*******************.6****987 PP

>> tr|A0A8C6BIC7|A0A8C6BIC7_MONMO  aromatase OS=Monodon monoceros OX=40151 GN=LOC114903553 PE=3 SV=1
   #    score  bias  c-Evalue  i-Evalue hmmfrom  hmm to    alifrom  ali to    envfrom  env to     acc
 ---   ------ ----- --------- --------- ------- -------    ------- -------    ------- -------    ----
   1 !   29.0   0.1   2.2e-08   1.7e-05       2      32 ..     294     323 ..     292     324 .. 0.90

  Alignments for each domain:
  == domain 1  score: 29.0 bits;  conditional E-value: 2.2e-08
              Round3_FinalIHelix   2 keaeglalllfiagletisnsllsslLfyll 32 
                                     +++++++l+++ia+++t+s+s+ +++Lf ++
  tr|A0A8C6BIC7|A0A8C6BIC7_MONMO 294 ENVDQCILEMLIAAPDTMSVSV-FFMLFLIA 323
                                     577*******************.6****987 PP

>> tr|A0A2Y9MYF4|A0A2Y9MYF4_DELLE  aromatase OS=Delphinapterus leucas OX=9749 GN=LOC111170860 PE=3 SV=1
   #    score  bias  c-Evalue  i-Evalue hmmfrom  hmm to    alifrom  ali to    envfrom  env to     acc
 ---   ------ ----- --------- --------- ------- -------    ------- -------    ------- -------    ----
   1 !   29.0   0.1   2.2e-08   1.7e-05       2      32 ..     294     323 ..     292     324 .. 0.90

  Alignments for each domain:
  == domain 1  score: 29.0 bits;  conditional E-value: 2.2e-08
              Round3_FinalIHelix   2 keaeglalllfiagletisnsllsslLfyll 32 
                                     +++++++l+++ia+++t+s+s+ +++Lf ++
  tr|A0A2Y9MYF4|A0A2Y9MYF4_DELLE 294 ENVDQCILEMLIAAPDTMSVSV-FFMLFLIA 323
                                     577*******************.6****987 PP

>> tr|A0A6J1UPQ4|A0A6J1UPQ4_9SAUR  aromatase OS=Notechis scutatus OX=8663 GN=LOC113418339 PE=3 SV=1
   #    score  bias  c-Evalue  i-Evalue hmmfrom  hmm to    alifrom  ali to    envfrom  env to     acc
 ---   ------ ----- --------- --------- ------- -------    ------- -------    ------- -------    ----
   1 !   26.3   0.3   1.6e-07   0.00013       2      32 ..     295     324 ..     294     325 .. 0.86

  Alignments for each domain:
  == domain 1  score: 26.3 bits;  conditional E-value: 1.6e-07
              Round3_FinalIHelix   2 keaeglalllfiagletisnsllsslLfyll 32 
                                     +++++++l+++ia+++t+s++l+ ++L  ++
  tr|A0A6J1UPQ4|A0A6J1UPQ4_9SAUR 295 ENVNQCVLEMLIAAPDTMSVTLF-FMLVLIA 324
                                     688*******************5.7776655 PP

>> tr|A0A9W3GRH6|A0A9W3GRH6_CAMBA  aromatase OS=Camelus bactrianus OX=9837 GN=LOC105067585 PE=3 SV=1
   #    score  bias  c-Evalue  i-Evalue hmmfrom  hmm to    alifrom  ali to    envfrom  env to     acc
 ---   ------ ----- --------- --------- ------- -------    ------- -------    ------- -------    ----
   1 !   29.8   0.2   1.3e-08   9.9e-06       2      32 ..     192     221 ..     190     222 .. 0.91

  Alignments for each domain:
  == domain 1  score: 29.8 bits;  conditional E-value: 1.3e-08
              Round3_FinalIHelix   2 keaeglalllfiagletisnsllsslLfyll 32 
                                     +++++++l+++ia+++t+s+s+ +++Lf ++
  tr|A0A9W3GRH6|A0A9W3GRH6_CAMBA 192 ENVNQCILEMLIAAPDTMSVSV-FFMLFLIA 221
                                     577*******************.6****987 PP

>> tr|A0A8C5PHM5|A0A8C5PHM5_9ANUR  aromatase OS=Leptobrachium leishanense OX=445787 GN=CYP19A1 PE=3 SV=1
   #    score  bias  c-Evalue  i-Evalue hmmfrom  hmm to    alifrom  ali to    envfrom  env to     acc
 ---   ------ ----- --------- --------- ------- -------    ------- -------    ------- -------    ----
   1 !   27.2   0.5   8.2e-08   6.4e-05       2      31 ..     348     376 ..     347     378 .. 0.85

  Alignments for each domain:
  == domain 1  score: 27.2 bits;  conditional E-value: 8.2e-08
              Round3_FinalIHelix   2 keaeglalllfiagletisnsllsslLfyl 31 
                                     +++++++l+++ia+++t+s+sl+ ++L  +
  tr|A0A8C5PHM5|A0A8C5PHM5_9ANUR 348 ENVNQCILEMLIAAPDTMSVSLF-FMLVLI 376
                                     789*******************6.666554 PP

>> tr|A0A383Z5M0|A0A383Z5M0_BALAS  aromatase OS=Balaenoptera acutorostrata scammoni OX=310752 GN=LOC103012080 PE=3 SV=1
   #    score  bias  c-Evalue  i-Evalue hmmfrom  hmm to    alifrom  ali to    envfrom  env to     acc
 ---   ------ ----- --------- --------- ------- -------    ------- -------    ------- -------    ----
   1 !   29.5   0.2   1.5e-08   1.2e-05       2      32 ..     294     323 ..     293     324 .. 0.92

  Alignments for each domain:
  == domain 1  score: 29.5 bits;  conditional E-value: 1.5e-08
              Round3_FinalIHelix   2 keaeglalllfiagletisnsllsslLfyll 32 
                                     +++++++l+++ia+++t+s+s+ +++Lf ++
  tr|A0A383Z5M0|A0A383Z5M0_BALAS 294 ENVNQCILEMLIAAPDTMSVSV-FFMLFLIA 323
                                     789*******************.6****987 PP

>> tr|A0A226MIA2|A0A226MIA2_CALSU  Cytochrome P450 2J2 (Fragment) OS=Callipepla squamata OX=9009 GN=ASZ78_003709 PE=3 SV
   #    score  bias  c-Evalue  i-Evalue hmmfrom  hmm to    alifrom  ali to    envfrom  env to     acc
 ---   ------ ----- --------- --------- ------- -------    ------- -------    ------- -------    ----
   1 ?   11.3   0.3     0.012       9.1       3      31 ..     294     322 ..     292     323 .. 0.86
   2 ?   11.2   0.3     0.012       9.6       2      31 ..     768     797 ..     767     798 .. 0.88
   3 ?   11.3   0.3     0.012       9.1       3      31 ..    1262    1290 ..    1260    1291 .. 0.86

  Alignments for each domain:
  == domain 1  score: 11.3 bits;  conditional E-value: 0.012
              Round3_FinalIHelix   3 eaeglalllfiagletisnsllsslLfyl 31 
                                     ++ ++ l+lf+ag et+s +   +lLf++
  tr|A0A226MIA2|A0A226MIA2_CALSU 294 NLVACTLDLFFAGTETTSTTIRWALLFMA 322
                                     5689***************9987888875 PP

  == domain 2  score: 11.2 bits;  conditional E-value: 0.012
              Round3_FinalIHelix   2 keaeglalllfiagletisnsllsslLfyl 31 
                                     +++ ++ l+l++ag et+s +   +lLf++
  tr|A0A226MIA2|A0A226MIA2_CALSU 768 ENLVACTLDLLFAGTETSSTTIRWALLFMA 797
                                     6789*****************988888887 PP

  == domain 3  score: 11.3 bits;  conditional E-value: 0.012
              Round3_FinalIHelix    3 eaeglalllfiagletisnsllsslLfyl 31  
                                      ++ ++ l+lf+ag et+s +   +lLf++
  tr|A0A226MIA2|A0A226MIA2_CALSU 1262 NLVACTLDLFFAGTETTSTTIRWALLFMA 1290
                                      5689***************9987888875 PP

>> tr|A0A2Y9S1I1|A0A2Y9S1I1_PHYMC  aromatase OS=Physeter macrocephalus OX=9755 GN=LOC102982383 PE=3 SV=1
   #    score  bias  c-Evalue  i-Evalue hmmfrom  hmm to    alifrom  ali to    envfrom  env to     acc
 ---   ------ ----- --------- --------- ------- -------    ------- -------    ------- -------    ----
   1 !   29.5   0.2   1.5e-08   1.2e-05       2      32 ..     294     323 ..     293     324 .. 0.92

  Alignments for each domain:
  == domain 1  score: 29.5 bits;  conditional E-value: 1.5e-08
              Round3_FinalIHelix   2 keaeglalllfiagletisnsllsslLfyll 32 
                                     +++++++l+++ia+++t+s+s+ +++Lf ++
  tr|A0A2Y9S1I1|A0A2Y9S1I1_PHYMC 294 ENVNQCILEMLIAAPDTMSVSV-FFMLFLIA 323
                                     789*******************.6****987 PP

>> tr|A0A8S4BMR2|A0A8S4BMR2_9TELE  (Atlantic silverside) hypothetical protein (Fragment) OS=Menidia menidia OX=238744 GN
   #    score  bias  c-Evalue  i-Evalue hmmfrom  hmm to    alifrom  ali to    envfrom  env to     acc
 ---   ------ ----- --------- --------- ------- -------    ------- -------    ------- -------    ----
   1 !   11.7   0.5    0.0082       6.5       9      30 ..     316     337 ..     313     339 .. 0.88
   2 ?   11.1   0.2     0.014        11       9      30 ..     481     502 ..     478     505 .. 0.90
   3 !   12.2   0.2     0.006       4.7       3      30 ..     731     758 ..     729     760 .. 0.87

  Alignments for each domain:
  == domain 1  score: 11.7 bits;  conditional E-value: 0.0082
              Round3_FinalIHelix   9 lllfiagletisnsllsslLfy 30 
                                     l+l +ag +t+sn+ll++lL+ 
  tr|A0A8S4BMR2|A0A8S4BMR2_9TELE 316 LDLHFAGTDTTSNTLLTALLYL 337
                                     7999***********9998885 PP

  == domain 2  score: 11.1 bits;  conditional E-value: 0.014
              Round3_FinalIHelix   9 lllfiagletisnsllsslLfy 30 
                                     l+l +ag +t+sn+ll+++L+ 
  tr|A0A8S4BMR2|A0A8S4BMR2_9TELE 481 LDLHFAGADTTSNTLLTAFLYL 502
                                     7999***************997 PP

  == domain 3  score: 12.2 bits;  conditional E-value: 0.006
              Round3_FinalIHelix   3 eaeglalllfiagletisnsllsslLfy 30 
                                     ++ ++ l+l +ag +t+sn+ll+ +L+ 
  tr|A0A8S4BMR2|A0A8S4BMR2_9TELE 731 QLVMYSLDLHFAGTDTTSNTLLTGFLYL 758
                                     6789*****************9877775 PP

>> tr|A0A341B5G2|A0A341B5G2_NEOAA  aromatase OS=Neophocaena asiaeorientalis asiaeorientalis OX=1706337 GN=LOC112397422 P
   #    score  bias  c-Evalue  i-Evalue hmmfrom  hmm to    alifrom  ali to    envfrom  env to     acc
 ---   ------ ----- --------- --------- ------- -------    ------- -------    ------- -------    ----
   1 !   29.0   0.1   2.2e-08   1.7e-05       2      32 ..     294     323 ..     292     324 .. 0.90

  Alignments for each domain:
  == domain 1  score: 29.0 bits;  conditional E-value: 2.2e-08
              Round3_FinalIHelix   2 keaeglalllfiagletisnsllsslLfyll 32 
                                     +++++++l+++ia+++t+s+s+ +++Lf ++
  tr|A0A341B5G2|A0A341B5G2_NEOAA 294 ENVDQCILEMLIAAPDTMSVSV-FFMLFLIA 323
                                     577*******************.6****987 PP

>> tr|A0A6J2BAC1|A0A6J2BAC1_ZALCA  aromatase OS=Zalophus californianus OX=9704 GN=LOC113910201 PE=3 SV=2
   #    score  bias  c-Evalue  i-Evalue hmmfrom  hmm to    alifrom  ali to    envfrom  env to     acc
 ---   ------ ----- --------- --------- ------- -------    ------- -------    ------- -------    ----
   1 !   29.7   0.2   1.3e-08     1e-05       2      32 ..     235     264 ..     234     265 .. 0.92

  Alignments for each domain:
  == domain 1  score: 29.7 bits;  conditional E-value: 1.3e-08
              Round3_FinalIHelix   2 keaeglalllfiagletisnsllsslLfyll 32 
                                     +++++++l+++ia+++t+s+s+ +++Lf ++
  tr|A0A6J2BAC1|A0A6J2BAC1_ZALCA 235 ENVNQCILEMLIAAPDTMSVSV-FFMLFLIA 264
                                     789*******************.6****987 PP

>> tr|A0A2Y9HJM6|A0A2Y9HJM6_NEOSC  aromatase OS=Neomonachus schauinslandi OX=29088 GN=LOC110583928 PE=3 SV=1
   #    score  bias  c-Evalue  i-Evalue hmmfrom  hmm to    alifrom  ali to    envfrom  env to     acc
 ---   ------ ----- --------- --------- ------- -------    ------- -------    ------- -------    ----
   1 !   29.7   0.2   1.3e-08     1e-05       2      32 ..     235     264 ..     234     265 .. 0.92

  Alignments for each domain:
  == domain 1  score: 29.7 bits;  conditional E-value: 1.3e-08
              Round3_FinalIHelix   2 keaeglalllfiagletisnsllsslLfyll 32 
                                     +++++++l+++ia+++t+s+s+ +++Lf ++
  tr|A0A2Y9HJM6|A0A2Y9HJM6_NEOSC 235 ENVNQCILEMLIAAPDTMSVSV-FFMLFLIA 264
                                     789*******************.6****987 PP

>> tr|A0A7J7FBI8|A0A7J7FBI8_DICBM  aromatase OS=Diceros bicornis minor OX=77932 GN=HPG69_001871 PE=3 SV=1
   #    score  bias  c-Evalue  i-Evalue hmmfrom  hmm to    alifrom  ali to    envfrom  env to     acc
 ---   ------ ----- --------- --------- ------- -------    ------- -------    ------- -------    ----
   1 !   29.5   0.2   1.5e-08   1.2e-05       2      32 ..     205     234 ..     204     235 .. 0.92

  Alignments for each domain:
  == domain 1  score: 29.5 bits;  conditional E-value: 1.5e-08
              Round3_FinalIHelix   2 keaeglalllfiagletisnsllsslLfyll 32 
                                     +++++++l+++ia+++t+s+s+ +++Lf ++
  tr|A0A7J7FBI8|A0A7J7FBI8_DICBM 205 ENVNQCILEMLIAAPDTMSVSV-FFMLFLVA 234
                                     789*******************.6****986 PP

>> tr|A0A6J3R1G7|A0A6J3R1G7_TURTR  aromatase OS=Tursiops truncatus OX=9739 GN=LOC101335827 PE=3 SV=1
   #    score  bias  c-Evalue  i-Evalue hmmfrom  hmm to    alifrom  ali to    envfrom  env to     acc
 ---   ------ ----- --------- --------- ------- -------    ------- -------    ------- -------    ----
   1 !   29.0   0.1   2.2e-08   1.7e-05       2      32 ..     294     323 ..     292     324 .. 0.90

  Alignments for each domain:
  == domain 1  score: 29.0 bits;  conditional E-value: 2.2e-08
              Round3_FinalIHelix   2 keaeglalllfiagletisnsllsslLfyll 32 
                                     +++++++l+++ia+++t+s+s+ +++Lf ++
  tr|A0A6J3R1G7|A0A6J3R1G7_TURTR 294 ENVDQCILEMLIAAPDTMSVSV-FFMLFLIA 323
                                     577*******************.6****987 PP

>> tr|A0A4U1EC89|A0A4U1EC89_MONMO  aromatase (Fragment) OS=Monodon monoceros OX=40151 GN=EI555_001007 PE=3 SV=1
   #    score  bias  c-Evalue  i-Evalue hmmfrom  hmm to    alifrom  ali to    envfrom  env to     acc
 ---   ------ ----- --------- --------- ------- -------    ------- -------    ------- -------    ----
   1 !   29.3   0.1   1.8e-08   1.4e-05       2      32 ..     221     250 ..     219     251 .. 0.90

  Alignments for each domain:
  == domain 1  score: 29.3 bits;  conditional E-value: 1.8e-08
              Round3_FinalIHelix   2 keaeglalllfiagletisnsllsslLfyll 32 
                                     +++++++l+++ia+++t+s+s+ +++Lf ++
  tr|A0A4U1EC89|A0A4U1EC89_MONMO 221 ENVDQCILEMLIAAPDTMSVSV-FFMLFLIA 250
                                     577*******************.6****987 PP

>> tr|L5MCK1|L5MCK1_MYODS  aromatase OS=Myotis davidii OX=225400 GN=MDA_GLEAN10016345 PE=3 SV=1
   #    score  bias  c-Evalue  i-Evalue hmmfrom  hmm to    alifrom  ali to    envfrom  env to     acc
 ---   ------ ----- --------- --------- ------- -------    ------- -------    ------- -------    ----
   1 !   28.9   0.2   2.4e-08   1.9e-05       2      32 ..     295     324 ..     294     325 .. 0.92

  Alignments for each domain:
  == domain 1  score: 28.9 bits;  conditional E-value: 2.4e-08
      Round3_FinalIHelix   2 keaeglalllfiagletisnsllsslLfyll 32 
                             +++++++l+++ia+++t+s+s+ +++Lf ++
  tr|L5MCK1|L5MCK1_MYODS 295 ENVNQCILEMLIAAPDTMSVSV-FFMLFLIS 324
                             789*******************.6****986 PP

>> tr|A0A8B6YCQ2|A0A8B6YCQ2_CAMFR  aromatase OS=Camelus ferus OX=419612 GN=LOC102519005 PE=3 SV=1
   #    score  bias  c-Evalue  i-Evalue hmmfrom  hmm to    alifrom  ali to    envfrom  env to     acc
 ---   ------ ----- --------- --------- ------- -------    ------- -------    ------- -------    ----
   1 !   29.4   0.2   1.7e-08   1.3e-05       2      32 ..     295     324 ..     293     325 .. 0.91

  Alignments for each domain:
  == domain 1  score: 29.4 bits;  conditional E-value: 1.7e-08
              Round3_FinalIHelix   2 keaeglalllfiagletisnsllsslLfyll 32 
                                     +++++++l+++ia+++t+s+s+ +++Lf ++
  tr|A0A8B6YCQ2|A0A8B6YCQ2_CAMFR 295 ENVNQCILEMLIAAPDTMSVSV-FFMLFLIA 324
                                     577*******************.6****987 PP

>> tr|A0A8D1QW76|A0A8D1QW76_PIG  aromatase OS=Sus scrofa OX=9823 PE=3 SV=1
   #    score  bias  c-Evalue  i-Evalue hmmfrom  hmm to    alifrom  ali to    envfrom  env to     acc
 ---   ------ ----- --------- --------- ------- -------    ------- -------    ------- -------    ----
   1 !   29.2   0.2   1.9e-08   1.5e-05       2      32 ..     287     316 ..     285     317 .. 0.91

  Alignments for each domain:
  == domain 1  score: 29.2 bits;  conditional E-value: 1.9e-08
            Round3_FinalIHelix   2 keaeglalllfiagletisnsllsslLfyll 32 
                                   +++++++l+++ia+++t+s+++ +++Lf ++
  tr|A0A8D1QW76|A0A8D1QW76_PIG 287 ENVNQCILEMLIAAPDTMSVTV-FFMLFLIA 316
                                   577*******************.6****987 PP

>> tr|A0A7J8AJN1|A0A7J8AJN1_MYOMY  aromatase OS=Myotis myotis OX=51298 GN=mMyoMyo1_003566 PE=3 SV=1
   #    score  bias  c-Evalue  i-Evalue hmmfrom  hmm to    alifrom  ali to    envfrom  env to     acc
 ---   ------ ----- --------- --------- ------- -------    ------- -------    ------- -------    ----
   1 !   28.9   0.2   2.4e-08   1.9e-05       2      32 ..     295     324 ..     294     325 .. 0.92

  Alignments for each domain:
  == domain 1  score: 28.9 bits;  conditional E-value: 2.4e-08
              Round3_FinalIHelix   2 keaeglalllfiagletisnsllsslLfyll 32 
                                     +++++++l+++ia+++t+s+s+ +++Lf ++
  tr|A0A7J8AJN1|A0A7J8AJN1_MYOMY 295 ENVNQCILEMLIAAPDTMSVSV-FFMLFLIS 324
                                     789*******************.6****986 PP

>> tr|A0A6P4YM69|A0A6P4YM69_BRABE  Uncharacterized protein LOC109466472 OS=Branchiostoma belcheri OX=7741 GN=LOC10946647
   #    score  bias  c-Evalue  i-Evalue hmmfrom  hmm to    alifrom  ali to    envfrom  env to     acc
 ---   ------ ----- --------- --------- ------- -------    ------- -------    ------- -------    ----
   1 !   11.7   0.1    0.0082       6.5       4      32 ..     327     354 ..     325     355 .. 0.86
   2 ?    8.4   0.2     0.098        77       3      32 ..     857     885 ..     856     886 .. 0.91
   3 !   11.5   0.1    0.0096       7.6       3      32 ..    1290    1318 ..    1289    1319 .. 0.91

  Alignments for each domain:
  == domain 1  score: 11.7 bits;  conditional E-value: 0.0082
              Round3_FinalIHelix   4 aeglalllfiagletisnsllsslLfyll 32 
                                     a +  ++l+ ag+++++n+l  + L++l+
  tr|A0A6P4YM69|A0A6P4YM69_BRABE 327 AVMTSIELITAGVDSTANTL-AFNLYCLA 354
                                     5666789*************.599****8 PP

  == domain 2  score: 8.4 bits;  conditional E-value: 0.098
              Round3_FinalIHelix   3 eaeglalllfiagletisnsllsslLfyll 32 
                                     ea ++a +l+  ++e+++n+l  + L++l+
  tr|A0A6P4YM69|A0A6P4YM69_BRABE 857 EAVMMAVELLTGAVESTANTL-AFNLYCLA 885
                                     6789*****************.599****8 PP

  == domain 3  score: 11.5 bits;  conditional E-value: 0.0096
              Round3_FinalIHelix    3 eaeglalllfiagletisnsllsslLfyll 32  
                                      e+ ++a++l+i g+++++n++  + L++l+
  tr|A0A6P4YM69|A0A6P4YM69_BRABE 1290 EVIMMAIGLIIGGVDSTGNTM-AFNLYFLA 1318
                                      5789*****************.599*9998 PP

>> tr|A0A8B8WR26|A0A8B8WR26_BALMU  aromatase OS=Balaenoptera musculus OX=9771 GN=LOC118890681 PE=3 SV=1
   #    score  bias  c-Evalue  i-Evalue hmmfrom  hmm to    alifrom  ali to    envfrom  env to     acc
 ---   ------ ----- --------- --------- ------- -------    ------- -------    ------- -------    ----
   1 !   29.5   0.2   1.5e-08   1.2e-05       2      32 ..     294     323 ..     293     324 .. 0.92

  Alignments for each domain:
  == domain 1  score: 29.5 bits;  conditional E-value: 1.5e-08
              Round3_FinalIHelix   2 keaeglalllfiagletisnsllsslLfyll 32 
                                     +++++++l+++ia+++t+s+s+ +++Lf ++
  tr|A0A8B8WR26|A0A8B8WR26_BALMU 294 ENVNQCILEMLIAAPDTMSVSV-FFMLFLIA 323
                                     789*******************.6****987 PP

>> tr|A0A8D1E091|A0A8D1E091_PIG  aromatase OS=Sus scrofa OX=9823 PE=3 SV=1
   #    score  bias  c-Evalue  i-Evalue hmmfrom  hmm to    alifrom  ali to    envfrom  env to     acc
 ---   ------ ----- --------- --------- ------- -------    ------- -------    ------- -------    ----
   1 !   29.2   0.2   1.9e-08   1.5e-05       2      32 ..     294     323 ..     292     324 .. 0.91

  Alignments for each domain:
  == domain 1  score: 29.2 bits;  conditional E-value: 1.9e-08
            Round3_FinalIHelix   2 keaeglalllfiagletisnsllsslLfyll 32 
                                   +++++++l+++ia+++t+s+++ +++Lf ++
  tr|A0A8D1E091|A0A8D1E091_PIG 294 ENVNQCILEMLIAAPDTMSVTV-FFMLFLIA 323
                                   577*******************.6****987 PP

>> tr|A0A8B6ZCI0|A0A8B6ZCI0_ORYAF  aromatase OS=Orycteropus afer afer OX=1230840 GN=LOC103192233 PE=3 SV=1
   #    score  bias  c-Evalue  i-Evalue hmmfrom  hmm to    alifrom  ali to    envfrom  env to     acc
 ---   ------ ----- --------- --------- ------- -------    ------- -------    ------- -------    ----
   1 !   29.4   0.2   1.7e-08   1.3e-05       2      32 ..     294     323 ..     292     324 .. 0.91

  Alignments for each domain:
  == domain 1  score: 29.4 bits;  conditional E-value: 1.7e-08
              Round3_FinalIHelix   2 keaeglalllfiagletisnsllsslLfyll 32 
                                     +++++++l+++ia+++t+s+s+ +++Lf ++
  tr|A0A8B6ZCI0|A0A8B6ZCI0_ORYAF 294 ENVNQCILEMLIAAPDTMSVSV-FFMLFLIA 323
                                     577*******************.6****987 PP

>> tr|A0A0E0CGV1|A0A0E0CGV1_9ORYZ  Cytochrome P450 OS=Oryza meridionalis OX=40149 PE=4 SV=1
   #    score  bias  c-Evalue  i-Evalue hmmfrom  hmm to    alifrom  ali to    envfrom  env to     acc
 ---   ------ ----- --------- --------- ------- -------    ------- -------    ------- -------    ----
   1 ?    2.9   0.0       5.6   4.4e+03       8      26 ..     321     338 ..     317     341 .. 0.84
   2 !   11.8   0.1    0.0078       6.1       5      26 ..     822     842 ..     819     845 .. 0.87
   3 ?    3.8   0.0         3   2.4e+03       4      23 ..    1326    1345 ..    1323    1349 .. 0.85
   4 ?    9.6   0.1     0.041        32       4      23 ..    1876    1895 ..    1873    1899 .. 0.87

  Alignments for each domain:
  == domain 1  score: 2.9 bits;  conditional E-value: 5.6
              Round3_FinalIHelix   8 alllfiagletisnsllss 26 
                                     + +lf ag+et++n+l  +
  tr|A0A0E0CGV1|A0A0E0CGV1_9ORYZ 321 IRDLFGAGSETSANTL-QW 338
                                     6799***********9.46 PP

  == domain 2  score: 11.8 bits;  conditional E-value: 0.0078
              Round3_FinalIHelix   5 eglalllfiagletisnsllss 26 
                                     ++++l+lf+ag+et++n+l  +
  tr|A0A0E0CGV1|A0A0E0CGV1_9ORYZ 822 KAIILDLFNAGSETSANTL-QW 842
                                     689***************9.47 PP

  == domain 3  score: 3.8 bits;  conditional E-value: 3
              Round3_FinalIHelix    4 aeglalllfiagletisnsl 23  
                                      +++ +l+lf ag+et+s +l
  tr|A0A0E0CGV1|A0A0E0CGV1_9ORYZ 1326 LKAVILDLFGAGSETSSDAL 1345
                                      67889***********9776 PP

  == domain 4  score: 9.6 bits;  conditional E-value: 0.041
              Round3_FinalIHelix    4 aeglalllfiagletisnsl 23  
                                      +++ +l+lf ag+et+sn+l
  tr|A0A0E0CGV1|A0A0E0CGV1_9ORYZ 1876 LKAVILELFCAGSETSSNAL 1895
                                      67889*************99 PP

>> tr|A0A0L0C020|A0A0L0C020_LUCCU  Cytochrome P450 12a5, mitochondrial OS=Lucilia cuprina OX=7375 GN=FF38_05788 PE=3 SV=
   #    score  bias  c-Evalue  i-Evalue hmmfrom  hmm to    alifrom  ali to    envfrom  env to     acc
 ---   ------ ----- --------- --------- ------- -------    ------- -------    ------- -------    ----
   1 !   16.4   0.2   0.00025       0.2       3      32 ..     330     358 ..     328     359 .. 0.91
   2 !   13.2   0.2    0.0027       2.1       4      32 ..     857     884 ..     854     885 .. 0.89

  Alignments for each domain:
  == domain 1  score: 16.4 bits;  conditional E-value: 0.00025
              Round3_FinalIHelix   3 eaeglalllfiagletisnsllsslLfyll 32 
                                      a  +a++l++ag++t+s +  + lL++l+
  tr|A0A0L0C020|A0A0L0C020_LUCCU 330 LAIVMAMDLLMAGVDTTSSTF-TGLLLCLA 358
                                     5789*****************.8*****98 PP

  == domain 2  score: 13.2 bits;  conditional E-value: 0.0027
              Round3_FinalIHelix   4 aeglalllfiagletisnsllsslLfyll 32 
                                     a+ +a+++++ag++t++ s   +l ++l+
  tr|A0A0L0C020|A0A0L0C020_LUCCU 857 ATVMAMDMLMAGVDTTTSSF-AALMLCLA 884
                                     578**************999.59999997 PP

>> tr|A0A8D1E2U5|A0A8D1E2U5_PIG  aromatase OS=Sus scrofa OX=9823 PE=3 SV=1
   #    score  bias  c-Evalue  i-Evalue hmmfrom  hmm to    alifrom  ali to    envfrom  env to     acc
 ---   ------ ----- --------- --------- ------- -------    ------- -------    ------- -------    ----
   1 !   29.9   0.2   1.2e-08   9.2e-06       2      32 ..     145     174 ..     143     175 .. 0.91

  Alignments for each domain:
  == domain 1  score: 29.9 bits;  conditional E-value: 1.2e-08
            Round3_FinalIHelix   2 keaeglalllfiagletisnsllsslLfyll 32 
                                   +++++++l+++ia+++t+s+++ +++Lf ++
  tr|A0A8D1E2U5|A0A8D1E2U5_PIG 145 ENVNQCILEMLIAAPDTMSVTV-FFMLFLIA 174
                                   577*******************.6****987 PP

>> sp|Q5QQX7|CP19A_CANLF  Aromatase OS=Canis lupus familiaris OX=9615 GN=CYP19A1 PE=2 SV=1
   #    score  bias  c-Evalue  i-Evalue hmmfrom  hmm to    alifrom  ali to    envfrom  env to     acc
 ---   ------ ----- --------- --------- ------- -------    ------- -------    ------- -------    ----
   1 !   29.5   0.2   1.5e-08   1.2e-05       2      32 ..     294     323 ..     293     324 .. 0.92

  Alignments for each domain:
  == domain 1  score: 29.5 bits;  conditional E-value: 1.5e-08
     Round3_FinalIHelix   2 keaeglalllfiagletisnsllsslLfyll 32 
                            +++++++l+++ia+++t+s+s+ +++Lf ++
  sp|Q5QQX7|CP19A_CANLF 294 ENVNQCILEMLIAAPDTMSVSV-FFMLFLIA 323
                            789*******************.6****987 PP

>> tr|A0A3Q7TH54|A0A3Q7TH54_VULVU  aromatase OS=Vulpes vulpes OX=9627 GN=LOC112920063 PE=3 SV=1
   #    score  bias  c-Evalue  i-Evalue hmmfrom  hmm to    alifrom  ali to    envfrom  env to     acc
 ---   ------ ----- --------- --------- ------- -------    ------- -------    ------- -------    ----
   1 !   29.5   0.2   1.5e-08   1.2e-05       2      32 ..     294     323 ..     293     324 .. 0.92

  Alignments for each domain:
  == domain 1  score: 29.5 bits;  conditional E-value: 1.5e-08
              Round3_FinalIHelix   2 keaeglalllfiagletisnsllsslLfyll 32 
                                     +++++++l+++ia+++t+s+s+ +++Lf ++
  tr|A0A3Q7TH54|A0A3Q7TH54_VULVU 294 ENVNQCILEMLIAAPDTMSVSV-FFMLFLIA 323
                                     789*******************.6****987 PP

>> tr|A0A8C0TCX1|A0A8C0TCX1_CANLF  aromatase OS=Canis lupus familiaris OX=9615 GN=CYP19A1 PE=3 SV=1
   #    score  bias  c-Evalue  i-Evalue hmmfrom  hmm to    alifrom  ali to    envfrom  env to     acc
 ---   ------ ----- --------- --------- ------- -------    ------- -------    ------- -------    ----
   1 !   29.5   0.2   1.5e-08   1.2e-05       2      32 ..     294     323 ..     293     324 .. 0.92

  Alignments for each domain:
  == domain 1  score: 29.5 bits;  conditional E-value: 1.5e-08
              Round3_FinalIHelix   2 keaeglalllfiagletisnsllsslLfyll 32 
                                     +++++++l+++ia+++t+s+s+ +++Lf ++
  tr|A0A8C0TCX1|A0A8C0TCX1_CANLF 294 ENVNQCILEMLIAAPDTMSVSV-FFMLFLIA 323
                                     789*******************.6****987 PP

>> tr|A0A8I3PXC9|A0A8I3PXC9_CANLF  aromatase OS=Canis lupus familiaris OX=9615 GN=CYP19A1 PE=3 SV=1
   #    score  bias  c-Evalue  i-Evalue hmmfrom  hmm to    alifrom  ali to    envfrom  env to     acc
 ---   ------ ----- --------- --------- ------- -------    ------- -------    ------- -------    ----
   1 !   29.5   0.2   1.5e-08   1.2e-05       2      32 ..     294     323 ..     293     324 .. 0.92

  Alignments for each domain:
  == domain 1  score: 29.5 bits;  conditional E-value: 1.5e-08
              Round3_FinalIHelix   2 keaeglalllfiagletisnsllsslLfyll 32 
                                     +++++++l+++ia+++t+s+s+ +++Lf ++
  tr|A0A8I3PXC9|A0A8I3PXC9_CANLF 294 ENVNQCILEMLIAAPDTMSVSV-FFMLFLIA 323
                                     789*******************.6****987 PP

>> tr|A0A811Y5L1|A0A811Y5L1_NYCPR  aromatase OS=Nyctereutes procyonoides OX=34880 GN=NYPRO_LOCUS5674 PE=3 SV=1
   #    score  bias  c-Evalue  i-Evalue hmmfrom  hmm to    alifrom  ali to    envfrom  env to     acc
 ---   ------ ----- --------- --------- ------- -------    ------- -------    ------- -------    ----
   1 !   29.5   0.2   1.5e-08   1.2e-05       2      32 ..     294     323 ..     293     324 .. 0.92

  Alignments for each domain:
  == domain 1  score: 29.5 bits;  conditional E-value: 1.5e-08
              Round3_FinalIHelix   2 keaeglalllfiagletisnsllsslLfyll 32 
                                     +++++++l+++ia+++t+s+s+ +++Lf ++
  tr|A0A811Y5L1|A0A811Y5L1_NYCPR 294 ENVNQCILEMLIAAPDTMSVSV-FFMLFLIA 323
                                     789*******************.6****987 PP

>> tr|A0A3Q7Q1J8|A0A3Q7Q1J8_CALUR  aromatase OS=Callorhinus ursinus OX=34884 GN=LOC112833088 PE=3 SV=1
   #    score  bias  c-Evalue  i-Evalue hmmfrom  hmm to    alifrom  ali to    envfrom  env to     acc
 ---   ------ ----- --------- --------- ------- -------    ------- -------    ------- -------    ----
   1 !   29.5   0.2   1.5e-08   1.2e-05       2      32 ..     294     323 ..     293     324 .. 0.92

  Alignments for each domain:
  == domain 1  score: 29.5 bits;  conditional E-value: 1.5e-08
              Round3_FinalIHelix   2 keaeglalllfiagletisnsllsslLfyll 32 
                                     +++++++l+++ia+++t+s+s+ +++Lf ++
  tr|A0A3Q7Q1J8|A0A3Q7Q1J8_CALUR 294 ENVNQCILEMLIAAPDTMSVSV-FFMLFLIA 323
                                     789*******************.6****987 PP

>> tr|A0A2U3VNE3|A0A2U3VNE3_ODORO  aromatase OS=Odobenus rosmarus divergens OX=9708 GN=LOC101383271 PE=3 SV=1
   #    score  bias  c-Evalue  i-Evalue hmmfrom  hmm to    alifrom  ali to    envfrom  env to     acc
 ---   ------ ----- --------- --------- ------- -------    ------- -------    ------- -------    ----
   1 !   29.5   0.2   1.5e-08   1.2e-05       2      32 ..     294     323 ..     293     324 .. 0.92

  Alignments for each domain:
  == domain 1  score: 29.5 bits;  conditional E-value: 1.5e-08
              Round3_FinalIHelix   2 keaeglalllfiagletisnsllsslLfyll 32 
                                     +++++++l+++ia+++t+s+s+ +++Lf ++
  tr|A0A2U3VNE3|A0A2U3VNE3_ODORO 294 ENVNQCILEMLIAAPDTMSVSV-FFMLFLIA 323
                                     789*******************.6****987 PP

>> tr|A0A2U3YTF3|A0A2U3YTF3_LEPWE  aromatase OS=Leptonychotes weddellii OX=9713 GN=LOC102731614 PE=3 SV=1
   #    score  bias  c-Evalue  i-Evalue hmmfrom  hmm to    alifrom  ali to    envfrom  env to     acc
 ---   ------ ----- --------- --------- ------- -------    ------- -------    ------- -------    ----
   1 !   29.5   0.2   1.5e-08   1.2e-05       2      32 ..     294     323 ..     293     324 .. 0.92

  Alignments for each domain:
  == domain 1  score: 29.5 bits;  conditional E-value: 1.5e-08
              Round3_FinalIHelix   2 keaeglalllfiagletisnsllsslLfyll 32 
                                     +++++++l+++ia+++t+s+s+ +++Lf ++
  tr|A0A2U3YTF3|A0A2U3YTF3_LEPWE 294 ENVNQCILEMLIAAPDTMSVSV-FFMLFLIA 323
                                     789*******************.6****987 PP

>> tr|A0A6J2B7T1|A0A6J2B7T1_ZALCA  aromatase OS=Zalophus californianus OX=9704 GN=LOC113910201 PE=3 SV=2
   #    score  bias  c-Evalue  i-Evalue hmmfrom  hmm to    alifrom  ali to    envfrom  env to     acc
 ---   ------ ----- --------- --------- ------- -------    ------- -------    ------- -------    ----
   1 !   29.5   0.2   1.5e-08   1.2e-05       2      32 ..     294     323 ..     293     324 .. 0.92

  Alignments for each domain:
  == domain 1  score: 29.5 bits;  conditional E-value: 1.5e-08
              Round3_FinalIHelix   2 keaeglalllfiagletisnsllsslLfyll 32 
                                     +++++++l+++ia+++t+s+s+ +++Lf ++
  tr|A0A6J2B7T1|A0A6J2B7T1_ZALCA 294 ENVNQCILEMLIAAPDTMSVSV-FFMLFLIA 323
                                     789*******************.6****987 PP

>> tr|A0A2Y9HDD8|A0A2Y9HDD8_NEOSC  aromatase OS=Neomonachus schauinslandi OX=29088 GN=LOC110583928 PE=3 SV=1
   #    score  bias  c-Evalue  i-Evalue hmmfrom  hmm to    alifrom  ali to    envfrom  env to     acc
 ---   ------ ----- --------- --------- ------- -------    ------- -------    ------- -------    ----
   1 !   29.5   0.2   1.5e-08   1.2e-05       2      32 ..     294     323 ..     293     324 .. 0.92

  Alignments for each domain:
  == domain 1  score: 29.5 bits;  conditional E-value: 1.5e-08
              Round3_FinalIHelix   2 keaeglalllfiagletisnsllsslLfyll 32 
                                     +++++++l+++ia+++t+s+s+ +++Lf ++
  tr|A0A2Y9HDD8|A0A2Y9HDD8_NEOSC 294 ENVNQCILEMLIAAPDTMSVSV-FFMLFLIA 323
                                     789*******************.6****987 PP

>> tr|K7NAC7|K7NAC7_LYNPA  aromatase OS=Lynx pardinus OX=191816 GN=CYP19A1 PE=2 SV=1
   #    score  bias  c-Evalue  i-Evalue hmmfrom  hmm to    alifrom  ali to    envfrom  env to     acc
 ---   ------ ----- --------- --------- ------- -------    ------- -------    ------- -------    ----
   1 !   29.6   0.2   1.4e-08   1.1e-05       2      32 ..     235     264 ..     233     265 .. 0.91

  Alignments for each domain:
  == domain 1  score: 29.6 bits;  conditional E-value: 1.4e-08
      Round3_FinalIHelix   2 keaeglalllfiagletisnsllsslLfyll 32 
                             +++++++l+++ia+++t+s+s+ +++Lf ++
  tr|K7NAC7|K7NAC7_LYNPA 235 ENVNQCILEMLIAAPDTMSVSV-FFMLFLIA 264
                             577*******************.6****987 PP

>> tr|A0A2Y9MJE2|A0A2Y9MJE2_DELLE  Aromatase-like OS=Delphinapterus leucas OX=9749 GN=LOC111170861 PE=3 SV=2
   #    score  bias  c-Evalue  i-Evalue hmmfrom  hmm to    alifrom  ali to    envfrom  env to     acc
 ---   ------ ----- --------- --------- ------- -------    ------- -------    ------- -------    ----
   1 !   29.1   0.2     2e-08   1.6e-05       2      32 ..     294     323 ..     293     324 .. 0.92

  Alignments for each domain:
  == domain 1  score: 29.1 bits;  conditional E-value: 2e-08
              Round3_FinalIHelix   2 keaeglalllfiagletisnsllsslLfyll 32 
                                     +++++++l+++ia+++t+s+s+ +++Lf ++
  tr|A0A2Y9MJE2|A0A2Y9MJE2_DELLE 294 ENVNQCVLEMLIAAPDTMSVSV-FFMLFLIA 323
                                     789*******************.6****987 PP

>> tr|A0A836A5V0|A0A836A5V0_SHEEP  aromatase OS=Ovis aries OX=9940 GN=JEQ12_018259 PE=3 SV=1
   #    score  bias  c-Evalue  i-Evalue hmmfrom  hmm to    alifrom  ali to    envfrom  env to     acc
 ---   ------ ----- --------- --------- ------- -------    ------- -------    ------- -------    ----
   1 !   28.8   0.2   2.5e-08     2e-05       2      32 ..     311     340 ..     309     341 .. 0.91

  Alignments for each domain:
  == domain 1  score: 28.8 bits;  conditional E-value: 2.5e-08
              Round3_FinalIHelix   2 keaeglalllfiagletisnsllsslLfyll 32 
                                     +++++++l+++ia+++t+s+s+ +++Lf ++
  tr|A0A836A5V0|A0A836A5V0_SHEEP 311 ENVNQCILEMLIAAPDTMSVSV-FFMLFLIA 340
                                     577*******************.6****987 PP

>> tr|A0A1B0F0M7|A0A1B0F0M7_PHLPP  Cytochrome P450 OS=Phlebotomus papatasi OX=29031 PE=3 SV=1
   #    score  bias  c-Evalue  i-Evalue hmmfrom  hmm to    alifrom  ali to    envfrom  env to     acc
 ---   ------ ----- --------- --------- ------- -------    ------- -------    ------- -------    ----
   1 !   14.0   0.1    0.0016       1.2       7      32 ..     328     352 ..     323     353 .. 0.90
   2 !   15.6   0.1   0.00048      0.38       4      32 ..     789     816 ..     787     817 .. 0.91

  Alignments for each domain:
  == domain 1  score: 14.0 bits;  conditional E-value: 0.0016
              Round3_FinalIHelix   7 lalllfiagletisnsllsslLfyll 32 
                                     ++++ ++ag++t+s +  +s+L+ l+
  tr|A0A1B0F0M7|A0A1B0F0M7_PHLPP 328 MVMDALFAGVDTTSTAT-FSVLYVLA 352
                                     899**************.6****998 PP

  == domain 2  score: 15.6 bits;  conditional E-value: 0.00048
              Round3_FinalIHelix   4 aeglalllfiagletisnsllsslLfyll 32 
                                     a+ +a++ ++ag++++s +  +s+L+ l+
  tr|A0A1B0F0M7|A0A1B0F0M7_PHLPP 789 ATVMAMDALFAGVDSTSTAT-FSVLYVLA 816
                                     5789****************.6****998 PP

>> tr|K7N9Z5|K7N9Z5_FELCA  aromatase OS=Felis catus OX=9685 GN=CYP19A1 PE=2 SV=1
   #    score  bias  c-Evalue  i-Evalue hmmfrom  hmm to    alifrom  ali to    envfrom  env to     acc
 ---   ------ ----- --------- --------- ------- -------    ------- -------    ------- -------    ----
   1 !   29.6   0.2   1.4e-08   1.1e-05       2      32 ..     235     264 ..     233     265 .. 0.91

  Alignments for each domain:
  == domain 1  score: 29.6 bits;  conditional E-value: 1.4e-08
      Round3_FinalIHelix   2 keaeglalllfiagletisnsllsslLfyll 32 
                             +++++++l+++ia+++t+s+s+ +++Lf ++
  tr|K7N9Z5|K7N9Z5_FELCA 235 ENVNQCILEMLIAAPDTMSVSV-FFMLFLIA 264
                             577*******************.6****987 PP

>> tr|A0A5N4E2I3|A0A5N4E2I3_CAMDR  aromatase OS=Camelus dromedarius OX=9838 GN=Aromatase PE=3 SV=1
   #    score  bias  c-Evalue  i-Evalue hmmfrom  hmm to    alifrom  ali to    envfrom  env to     acc
 ---   ------ ----- --------- --------- ------- -------    ------- -------    ------- -------    ----
   1 !   29.4   0.2   1.7e-08   1.3e-05       2      32 ..     289     318 ..     287     319 .. 0.91

  Alignments for each domain:
  == domain 1  score: 29.4 bits;  conditional E-value: 1.7e-08
              Round3_FinalIHelix   2 keaeglalllfiagletisnsllsslLfyll 32 
                                     +++++++l+++ia+++t+s+s+ +++Lf ++
  tr|A0A5N4E2I3|A0A5N4E2I3_CAMDR 289 ENVNQCILEMLIAAPDTMSVSV-FFMLFLIA 318
                                     577*******************.6****987 PP

>> tr|A0A1A6GMM0|A0A1A6GMM0_NEOLE  Aromatase (Fragment) OS=Neotoma lepida OX=56216 GN=A6R68_04870 PE=3 SV=1
   #    score  bias  c-Evalue  i-Evalue hmmfrom  hmm to    alifrom  ali to    envfrom  env to     acc
 ---   ------ ----- --------- --------- ------- -------    ------- -------    ------- -------    ----
   1 !   29.5   0.3   1.5e-08   1.2e-05       2      30 ..      84     112 ..      82     114 .. 0.84

  Alignments for each domain:
  == domain 1  score: 29.5 bits;  conditional E-value: 1.5e-08
              Round3_FinalIHelix   2 keaeglalllfiagletisnsllsslLfy 30 
                                     +++++++l+++ia+++t+s++l+++lL++
  tr|A0A1A6GMM0|A0A1A6GMM0_NEOLE  84 ENVNQCILEMLIAAPDTMSVTLYFMLLLI 112
                                     577*******************9666654 PP

>> tr|A0A260ZHC3|A0A260ZHC3_CAERE  CYtochrome P450 family (Fragment) OS=Caenorhabditis remanei OX=31234 GN=FL82_14672 PE
   #    score  bias  c-Evalue  i-Evalue hmmfrom  hmm to    alifrom  ali to    envfrom  env to     acc
 ---   ------ ----- --------- --------- ------- -------    ------- -------    ------- -------    ----
   1 !   12.8   0.3    0.0036       2.9      10      32 ..     287     308 ..     281     309 .. 0.92
   2 !   17.0   0.2   0.00016      0.13      10      32 ..     775     796 ..     767     797 .. 0.88

  Alignments for each domain:
  == domain 1  score: 12.8 bits;  conditional E-value: 0.0036
              Round3_FinalIHelix  10 llfiagletisnsllsslLfyll 32 
                                     +l++ag+et+s +l ++ + +ll
  tr|A0A260ZHC3|A0A260ZHC3_CAERE 287 DLWLAGQETTSTTL-TWACVCLL 308
                                     89************.8*****97 PP

  == domain 2  score: 17.0 bits;  conditional E-value: 0.00016
              Round3_FinalIHelix  10 llfiagletisnsllsslLfyll 32 
                                     +l+iag+et+s +l s+ +++ll
  tr|A0A260ZHC3|A0A260ZHC3_CAERE 775 DLWIAGQETTSTTL-SWACACLL 796
                                     89************.******98 PP

>> tr|G3UND5|G3UND5_LOXAF  aromatase OS=Loxodonta africana OX=9785 GN=CYP19A1 PE=3 SV=1
   #    score  bias  c-Evalue  i-Evalue hmmfrom  hmm to    alifrom  ali to    envfrom  env to     acc
 ---   ------ ----- --------- --------- ------- -------    ------- -------    ------- -------    ----
   1 !   29.5   0.2   1.5e-08   1.2e-05       2      32 ..     294     323 ..     293     324 .. 0.92

  Alignments for each domain:
  == domain 1  score: 29.5 bits;  conditional E-value: 1.5e-08
      Round3_FinalIHelix   2 keaeglalllfiagletisnsllsslLfyll 32 
                             +++++++l+++ia+++t+s+s+ +++Lf ++
  tr|G3UND5|G3UND5_LOXAF 294 ENVNQCILEMLIAAPDTMSVSV-FFMLFLIA 323
                             789*******************.6****987 PP

>> tr|A0A384DAX2|A0A384DAX2_URSMA  aromatase OS=Ursus maritimus OX=29073 GN=LOC103676745 PE=3 SV=1
   #    score  bias  c-Evalue  i-Evalue hmmfrom  hmm to    alifrom  ali to    envfrom  env to     acc
 ---   ------ ----- --------- --------- ------- -------    ------- -------    ------- -------    ----
   1 !   29.4   0.2   1.7e-08   1.3e-05       2      32 ..     294     323 ..     292     324 .. 0.91

  Alignments for each domain:
  == domain 1  score: 29.4 bits;  conditional E-value: 1.7e-08
              Round3_FinalIHelix   2 keaeglalllfiagletisnsllsslLfyll 32 
                                     +++++++l+++ia+++t+s+s+ +++Lf ++
  tr|A0A384DAX2|A0A384DAX2_URSMA 294 ENVNQCILEMLIAAPDTMSVSV-FFMLFLIA 323
                                     577*******************.6****987 PP

>> tr|C9K5T2|C9K5T2_URSTH  aromatase OS=Ursus thibetanus japonicus OX=378754 GN=cyp19 PE=2 SV=1
   #    score  bias  c-Evalue  i-Evalue hmmfrom  hmm to    alifrom  ali to    envfrom  env to     acc
 ---   ------ ----- --------- --------- ------- -------    ------- -------    ------- -------    ----
   1 !   29.4   0.2   1.7e-08   1.3e-05       2      32 ..     294     323 ..     292     324 .. 0.91

  Alignments for each domain:
  == domain 1  score: 29.4 bits;  conditional E-value: 1.7e-08
      Round3_FinalIHelix   2 keaeglalllfiagletisnsllsslLfyll 32 
                             +++++++l+++ia+++t+s+s+ +++Lf ++
  tr|C9K5T2|C9K5T2_URSTH 294 ENVNQCILEMLIAAPDTMSVSV-FFMLFLIA 323
                             577*******************.6****987 PP

>> tr|D2HEH6|D2HEH6_AILME  aromatase (Fragment) OS=Ailuropoda melanoleuca OX=9646 GN=CYP19A1 PE=3 SV=1
   #    score  bias  c-Evalue  i-Evalue hmmfrom  hmm to    alifrom  ali to    envfrom  env to     acc
 ---   ------ ----- --------- --------- ------- -------    ------- -------    ------- -------    ----
   1 !   29.4   0.2   1.7e-08   1.3e-05       2      32 ..     294     323 ..     292     324 .. 0.91

  Alignments for each domain:
  == domain 1  score: 29.4 bits;  conditional E-value: 1.7e-08
      Round3_FinalIHelix   2 keaeglalllfiagletisnsllsslLfyll 32 
                             +++++++l+++ia+++t+s+s+ +++Lf ++
  tr|D2HEH6|D2HEH6_AILME 294 ENVNQCILEMLIAAPDTMSVSV-FFMLFLIA 323
                             577*******************.6****987 PP

>> tr|A0A452QBZ3|A0A452QBZ3_URSAM  aromatase OS=Ursus americanus OX=9643 GN=CYP19A1 PE=3 SV=1
   #    score  bias  c-Evalue  i-Evalue hmmfrom  hmm to    alifrom  ali to    envfrom  env to     acc
 ---   ------ ----- --------- --------- ------- -------    ------- -------    ------- -------    ----
   1 !   29.5   0.2   1.5e-08   1.2e-05       2      32 ..     256     285 ..     254     286 .. 0.91

  Alignments for each domain:
  == domain 1  score: 29.5 bits;  conditional E-value: 1.5e-08
              Round3_FinalIHelix   2 keaeglalllfiagletisnsllsslLfyll 32 
                                     +++++++l+++ia+++t+s+s+ +++Lf ++
  tr|A0A452QBZ3|A0A452QBZ3_URSAM 256 ENVNQCILEMLIAAPDTMSVSV-FFMLFLIA 285
                                     577*******************.6****987 PP

>> tr|A0A8J5ZPF1|A0A8J5ZPF1_GALPY  aromatase (Fragment) OS=Galemys pyrenaicus OX=202257 GN=J0S82_001109 PE=3 SV=1
   #    score  bias  c-Evalue  i-Evalue hmmfrom  hmm to    alifrom  ali to    envfrom  env to     acc
 ---   ------ ----- --------- --------- ------- -------    ------- -------    ------- -------    ----
   1 !   27.8   0.2   5.3e-08   4.2e-05       2      32 ..     304     333 ..     303     334 .. 0.84

  Alignments for each domain:
  == domain 1  score: 27.8 bits;  conditional E-value: 5.3e-08
              Round3_FinalIHelix   2 keaeglalllfiagletisnsllsslLfyll 32 
                                     +++++++l+++ia+++t+s+s++ ++L+ ++
  tr|A0A8J5ZPF1|A0A8J5ZPF1_GALPY 304 ENVNQCILEMLIAAPDTMSVSVF-FMLLLIA 333
                                     789*******************6.6666554 PP

>> tr|A0A9B0T5R1|A0A9B0T5R1_CHRAS  aromatase OS=Chrysochloris asiatica OX=185453 GN=LOC102840356 PE=3 SV=1
   #    score  bias  c-Evalue  i-Evalue hmmfrom  hmm to    alifrom  ali to    envfrom  env to     acc
 ---   ------ ----- --------- --------- ------- -------    ------- -------    ------- -------    ----
   1 !   29.2   0.1     2e-08   1.5e-05       2      32 ..     294     323 ..     292     324 .. 0.90

  Alignments for each domain:
  == domain 1  score: 29.2 bits;  conditional E-value: 2e-08
              Round3_FinalIHelix   2 keaeglalllfiagletisnsllsslLfyll 32 
                                     +++++++l+++ia+++t+s+s+ +++L+ ++
  tr|A0A9B0T5R1|A0A9B0T5R1_CHRAS 294 ENVNQCILEMLIAAPDTMSVSV-FFMLYLIA 323
                                     577*******************.6****987 PP

>> tr|A0AA40HX56|A0AA40HX56_EPTNI  Aromatase OS=Eptesicus nilssonii OX=59451 GN=QTO34_019729 PE=3 SV=1
   #    score  bias  c-Evalue  i-Evalue hmmfrom  hmm to    alifrom  ali to    envfrom  env to     acc
 ---   ------ ----- --------- --------- ------- -------    ------- -------    ------- -------    ----
   1 !   28.6   0.2     3e-08   2.3e-05       2      31 ..     294     322 ..     293     324 .. 0.91

  Alignments for each domain:
  == domain 1  score: 28.6 bits;  conditional E-value: 3e-08
              Round3_FinalIHelix   2 keaeglalllfiagletisnsllsslLfyl 31 
                                     +++++++l+++ia+++t+s+s+ +++Lf +
  tr|A0AA40HX56|A0AA40HX56_EPTNI 294 ENVNQCILEMLIAAPDTMSVSV-FFMLFLI 322
                                     789*******************.6***986 PP

>> tr|A0A5N4E2N3|A0A5N4E2N3_CAMDR  aromatase OS=Camelus dromedarius OX=9838 GN=Aromatase PE=3 SV=1
   #    score  bias  c-Evalue  i-Evalue hmmfrom  hmm to    alifrom  ali to    envfrom  env to     acc
 ---   ------ ----- --------- --------- ------- -------    ------- -------    ------- -------    ----
   1 !   29.4   0.2   1.7e-08   1.3e-05       2      32 ..     288     317 ..     286     318 .. 0.91

  Alignments for each domain:
  == domain 1  score: 29.4 bits;  conditional E-value: 1.7e-08
              Round3_FinalIHelix   2 keaeglalllfiagletisnsllsslLfyll 32 
                                     +++++++l+++ia+++t+s+s+ +++Lf ++
  tr|A0A5N4E2N3|A0A5N4E2N3_CAMDR 288 ENVNQCILEMLIAAPDTMSVSV-FFMLFLIA 317
                                     577*******************.6****987 PP

>> tr|A0A8B8T4L6|A0A8B8T4L6_CAMFR  aromatase OS=Camelus ferus OX=419612 GN=LOC116664105 PE=3 SV=1
   #    score  bias  c-Evalue  i-Evalue hmmfrom  hmm to    alifrom  ali to    envfrom  env to     acc
 ---   ------ ----- --------- --------- ------- -------    ------- -------    ------- -------    ----
   1 !   29.4   0.2   1.7e-08   1.3e-05       2      32 ..     295     324 ..     293     325 .. 0.91

  Alignments for each domain:
  == domain 1  score: 29.4 bits;  conditional E-value: 1.7e-08
              Round3_FinalIHelix   2 keaeglalllfiagletisnsllsslLfyll 32 
                                     +++++++l+++ia+++t+s+s+ +++Lf ++
  tr|A0A8B8T4L6|A0A8B8T4L6_CAMFR 295 ENVNQCILEMLIAAPDTMSVSV-FFMLFLIA 324
                                     577*******************.6****987 PP

>> tr|S9Y8A1|S9Y8A1_CAMFR  aromatase OS=Camelus ferus OX=419612 GN=CB1_000540013 PE=3 SV=1
   #    score  bias  c-Evalue  i-Evalue hmmfrom  hmm to    alifrom  ali to    envfrom  env to     acc
 ---   ------ ----- --------- --------- ------- -------    ------- -------    ------- -------    ----
   1 !   29.6   0.2   1.5e-08   1.2e-05       2      32 ..     227     256 ..     225     257 .. 0.91

  Alignments for each domain:
  == domain 1  score: 29.6 bits;  conditional E-value: 1.5e-08
      Round3_FinalIHelix   2 keaeglalllfiagletisnsllsslLfyll 32 
                             +++++++l+++ia+++t+s+s+ +++Lf ++
  tr|S9Y8A1|S9Y8A1_CAMFR 227 ENVNQCILEMLIAAPDTMSVSV-FFMLFLIA 256
                             577*******************.6****987 PP

>> sp|Q29605|CP19A_RABIT  Aromatase OS=Oryctolagus cuniculus OX=9986 GN=CYP19A1 PE=2 SV=1
   #    score  bias  c-Evalue  i-Evalue hmmfrom  hmm to    alifrom  ali to    envfrom  env to     acc
 ---   ------ ----- --------- --------- ------- -------    ------- -------    ------- -------    ----
   1 !   28.7   0.2   2.7e-08   2.1e-05       2      32 ..     294     323 ..     293     324 .. 0.92

  Alignments for each domain:
  == domain 1  score: 28.7 bits;  conditional E-value: 2.7e-08
     Round3_FinalIHelix   2 keaeglalllfiagletisnsllsslLfyll 32 
                            +++++++l+++ia+++t+s+s+ +++Lf ++
  sp|Q29605|CP19A_RABIT 294 ENVNQCVLEMLIAAPDTMSVSV-FFMLFLIA 323
                            789*******************.6****987 PP

>> tr|A0A667GXF9|A0A667GXF9_LYNCA  aromatase OS=Lynx canadensis OX=61383 GN=CYP19A1 PE=3 SV=1
   #    score  bias  c-Evalue  i-Evalue hmmfrom  hmm to    alifrom  ali to    envfrom  env to     acc
 ---   ------ ----- --------- --------- ------- -------    ------- -------    ------- -------    ----
   1 !   29.4   0.2   1.7e-08   1.3e-05       2      32 ..     294     323 ..     292     324 .. 0.91

  Alignments for each domain:
  == domain 1  score: 29.4 bits;  conditional E-value: 1.7e-08
              Round3_FinalIHelix   2 keaeglalllfiagletisnsllsslLfyll 32 
                                     +++++++l+++ia+++t+s+s+ +++Lf ++
  tr|A0A667GXF9|A0A667GXF9_LYNCA 294 ENVNQCILEMLIAAPDTMSVSV-FFMLFLIA 323
                                     577*******************.6****987 PP

>> tr|K7NAI8|K7NAI8_LYNPA  aromatase OS=Lynx pardinus OX=191816 GN=CYP19A1 PE=2 SV=1
   #    score  bias  c-Evalue  i-Evalue hmmfrom  hmm to    alifrom  ali to    envfrom  env to     acc
 ---   ------ ----- --------- --------- ------- -------    ------- -------    ------- -------    ----
   1 !   29.4   0.2   1.7e-08   1.3e-05       2      32 ..     294     323 ..     292     324 .. 0.91

  Alignments for each domain:
  == domain 1  score: 29.4 bits;  conditional E-value: 1.7e-08
      Round3_FinalIHelix   2 keaeglalllfiagletisnsllsslLfyll 32 
                             +++++++l+++ia+++t+s+s+ +++Lf ++
  tr|K7NAI8|K7NAI8_LYNPA 294 ENVNQCILEMLIAAPDTMSVSV-FFMLFLIA 323
                             577*******************.6****987 PP

>> tr|A0A6I9ZI52|A0A6I9ZI52_ACIJB  aromatase OS=Acinonyx jubatus OX=32536 GN=LOC106967273 PE=3 SV=1
   #    score  bias  c-Evalue  i-Evalue hmmfrom  hmm to    alifrom  ali to    envfrom  env to     acc
 ---   ------ ----- --------- --------- ------- -------    ------- -------    ------- -------    ----
   1 !   29.4   0.2   1.7e-08   1.3e-05       2      32 ..     294     323 ..     292     324 .. 0.91

  Alignments for each domain:
  == domain 1  score: 29.4 bits;  conditional E-value: 1.7e-08
              Round3_FinalIHelix   2 keaeglalllfiagletisnsllsslLfyll 32 
                                     +++++++l+++ia+++t+s+s+ +++Lf ++
  tr|A0A6I9ZI52|A0A6I9ZI52_ACIJB 294 ENVNQCILEMLIAAPDTMSVSV-FFMLFLIA 323
                                     577*******************.6****987 PP

>> tr|A0A8C8WMB9|A0A8C8WMB9_PANLE  aromatase OS=Panthera leo OX=9689 GN=CYP19A1 PE=3 SV=1
   #    score  bias  c-Evalue  i-Evalue hmmfrom  hmm to    alifrom  ali to    envfrom  env to     acc
 ---   ------ ----- --------- --------- ------- -------    ------- -------    ------- -------    ----
   1 !   29.4   0.2   1.7e-08   1.3e-05       2      32 ..     294     323 ..     292     324 .. 0.91

  Alignments for each domain:
  == domain 1  score: 29.4 bits;  conditional E-value: 1.7e-08
              Round3_FinalIHelix   2 keaeglalllfiagletisnsllsslLfyll 32 
                                     +++++++l+++ia+++t+s+s+ +++Lf ++
  tr|A0A8C8WMB9|A0A8C8WMB9_PANLE 294 ENVNQCILEMLIAAPDTMSVSV-FFMLFLIA 323
                                     577*******************.6****987 PP

>> tr|A0A8C9J912|A0A8C9J912_PANTA  aromatase OS=Panthera tigris altaica OX=74533 GN=CYP19A1 PE=3 SV=1
   #    score  bias  c-Evalue  i-Evalue hmmfrom  hmm to    alifrom  ali to    envfrom  env to     acc
 ---   ------ ----- --------- --------- ------- -------    ------- -------    ------- -------    ----
   1 !   29.4   0.2   1.7e-08   1.3e-05       2      32 ..     294     323 ..     292     324 .. 0.91

  Alignments for each domain:
  == domain 1  score: 29.4 bits;  conditional E-value: 1.7e-08
              Round3_FinalIHelix   2 keaeglalllfiagletisnsllsslLfyll 32 
                                     +++++++l+++ia+++t+s+s+ +++Lf ++
  tr|A0A8C9J912|A0A8C9J912_PANTA 294 ENVNQCILEMLIAAPDTMSVSV-FFMLFLIA 323
                                     577*******************.6****987 PP

>> tr|A0A9W2UFY1|A0A9W2UFY1_PANPR  aromatase OS=Panthera pardus OX=9691 GN=CYP19A1 PE=3 SV=1
   #    score  bias  c-Evalue  i-Evalue hmmfrom  hmm to    alifrom  ali to    envfrom  env to     acc
 ---   ------ ----- --------- --------- ------- -------    ------- -------    ------- -------    ----
   1 !   29.4   0.2   1.7e-08   1.3e-05       2      32 ..     294     323 ..     292     324 .. 0.91

  Alignments for each domain:
  == domain 1  score: 29.4 bits;  conditional E-value: 1.7e-08
              Round3_FinalIHelix   2 keaeglalllfiagletisnsllsslLfyll 32 
                                     +++++++l+++ia+++t+s+s+ +++Lf ++
  tr|A0A9W2UFY1|A0A9W2UFY1_PANPR 294 ENVNQCILEMLIAAPDTMSVSV-FFMLFLIA 323
                                     577*******************.6****987 PP

>> tr|A0A6G1AXR0|A0A6G1AXR0_CROCR  aromatase (Fragment) OS=Crocuta crocuta OX=9678 GN=Cyp19a1 PE=3 SV=1
   #    score  bias  c-Evalue  i-Evalue hmmfrom  hmm to    alifrom  ali to    envfrom  env to     acc
 ---   ------ ----- --------- --------- ------- -------    ------- -------    ------- -------    ----
   1 !   29.4   0.2   1.7e-08   1.3e-05       2      32 ..     294     323 ..     292     324 .. 0.91

  Alignments for each domain:
  == domain 1  score: 29.4 bits;  conditional E-value: 1.7e-08
              Round3_FinalIHelix   2 keaeglalllfiagletisnsllsslLfyll 32 
                                     +++++++l+++ia+++t+s+s+ +++Lf ++
  tr|A0A6G1AXR0|A0A6G1AXR0_CROCR 294 ENVNQCILEMLIAAPDTMSVSV-FFMLFLIA 323
                                     577*******************.6****987 PP

>> tr|K7NAJ2|K7NAJ2_FELCA  aromatase OS=Felis catus OX=9685 GN=CYP19A1 PE=2 SV=1
   #    score  bias  c-Evalue  i-Evalue hmmfrom  hmm to    alifrom  ali to    envfrom  env to     acc
 ---   ------ ----- --------- --------- ------- -------    ------- -------    ------- -------    ----
   1 !   29.4   0.2   1.7e-08   1.3e-05       2      32 ..     294     323 ..     292     324 .. 0.91

  Alignments for each domain:
  == domain 1  score: 29.4 bits;  conditional E-value: 1.7e-08
      Round3_FinalIHelix   2 keaeglalllfiagletisnsllsslLfyll 32 
                             +++++++l+++ia+++t+s+s+ +++Lf ++
  tr|K7NAJ2|K7NAJ2_FELCA 294 ENVNQCILEMLIAAPDTMSVSV-FFMLFLIA 323
                             577*******************.6****987 PP

>> tr|H0WJG7|H0WJG7_OTOGA  Aromatase OS=Otolemur garnettii OX=30611 GN=CYP19A1 PE=3 SV=1
   #    score  bias  c-Evalue  i-Evalue hmmfrom  hmm to    alifrom  ali to    envfrom  env to     acc
 ---   ------ ----- --------- --------- ------- -------    ------- -------    ------- -------    ----
   1 !   29.5   0.2   1.5e-08   1.2e-05       2      32 ..     294     323 ..     293     324 .. 0.92

  Alignments for each domain:
  == domain 1  score: 29.5 bits;  conditional E-value: 1.5e-08
      Round3_FinalIHelix   2 keaeglalllfiagletisnsllsslLfyll 32 
                             +++++++l+++ia+++t+s+s+ +++Lf ++
  tr|H0WJG7|H0WJG7_OTOGA 294 ENVNQCILEMLIAAPDTMSVSV-FFMLFLIA 323
                             789*******************.6****987 PP

>> tr|G1R3I0|G1R3I0_NOMLE  Aromatase OS=Nomascus leucogenys OX=61853 GN=CYP19A1 PE=3 SV=1
   #    score  bias  c-Evalue  i-Evalue hmmfrom  hmm to    alifrom  ali to    envfrom  env to     acc
 ---   ------ ----- --------- --------- ------- -------    ------- -------    ------- -------    ----
   1 !   29.2   0.3     2e-08   1.6e-05       2      32 ..     294     323 ..     293     324 .. 0.84

  Alignments for each domain:
  == domain 1  score: 29.2 bits;  conditional E-value: 2e-08
      Round3_FinalIHelix   2 keaeglalllfiagletisnsllsslLfyll 32 
                             +++++++l+++ia+++t+s+sl+ ++L+ ++
  tr|G1R3I0|G1R3I0_NOMLE 294 ENVNQCILEMLIAAPDTMSVSLF-FMLLLIA 323
                             789*******************6.6666554 PP

>> tr|A0A182Y1B2|A0A182Y1B2_ANOST  Uncharacterized protein OS=Anopheles stephensi OX=30069 PE=3 SV=1
   #    score  bias  c-Evalue  i-Evalue hmmfrom  hmm to    alifrom  ali to    envfrom  env to     acc
 ---   ------ ----- --------- --------- ------- -------    ------- -------    ------- -------    ----
   1 !   15.2   0.3   0.00064       0.5       3      32 ..     291     320 ..     289     321 .. 0.86
   2 !   13.6   0.1    0.0021       1.6       1      31 [.     785     815 ..     785     817 .. 0.85

  Alignments for each domain:
  == domain 1  score: 15.2 bits;  conditional E-value: 0.00064
              Round3_FinalIHelix   3 eaeglalllfiagletisnsllsslLfyll 32 
                                     ++++++l+lfiag++t+s +  ++l ++l+
  tr|A0A182Y1B2|A0A182Y1B2_ANOST 291 QLTMIILDLFIAGGHTTSTTIDLALMMMLV 320
                                     679***************998777777775 PP

  == domain 2  score: 13.6 bits;  conditional E-value: 0.0021
              Round3_FinalIHelix   1 dkeaeglalllfiagletisnsllsslLfyl 31 
                                     d+++++++l++fiag+ t+s +l +++ +++
  tr|A0A182Y1B2|A0A182Y1B2_ANOST 785 DRQLTMIILDIFIAGGQTTSTTLDLAFMMMI 815
                                     5799****************99976666665 PP

>> tr|A0A811KXK1|A0A811KXK1_9BILA  CYtochrome P450 family OS=Bursaphelenchus okinawaensis OX=465554 GN=BOKJ2_LOCUS9446 P
   #    score  bias  c-Evalue  i-Evalue hmmfrom  hmm to    alifrom  ali to    envfrom  env to     acc
 ---   ------ ----- --------- --------- ------- -------    ------- -------    ------- -------    ----
   1 !   12.8   0.0    0.0037       2.9       4      26 ..     297     318 ..     294     324 .. 0.77
   2 !   12.5   0.1    0.0048       3.8       3      31 ..     755     781 ..     753     783 .. 0.78

  Alignments for each domain:
  == domain 1  score: 12.8 bits;  conditional E-value: 0.0037
              Round3_FinalIHelix   4 a.eglalllfiagletisnsllss 26 
                                     + + +++l + ag+et+snsl ++
  tr|A0A811KXK1|A0A811KXK1_9BILA 297 LaNVCFDL-WVAGQETTSNSL-TW 318
                                     43778666.************.78 PP

  == domain 2  score: 12.5 bits;  conditional E-value: 0.0048
              Round3_FinalIHelix   3 eaeglalllfiagletisnsllsslLfyl 31 
                                      a+ +++l +iag+et+s +l ++ + y+
  tr|A0A811KXK1|A0A811KXK1_9BILA 755 LANVCFDL-WIAGQETTSTTL-TWAVSYI 781
                                     56778666.************.7976665 PP

>> tr|A0A6G1ED27|A0A6G1ED27_9ORYZ  Cytochrome P450 OS=Oryza meyeriana var. granulata OX=110450 GN=E2562_020307 PE=3 SV=1
   #    score  bias  c-Evalue  i-Evalue hmmfrom  hmm to    alifrom  ali to    envfrom  env to     acc
 ---   ------ ----- --------- --------- ------- -------    ------- -------    ------- -------    ----
   1 ?   10.1   0.0     0.027        21       6      31 ..     299     323 ..     296     325 .. 0.89
   2 ?    8.9   0.0     0.067        53       6      31 ..     809     833 ..     806     835 .. 0.89
   3 ?    7.3   0.0      0.22   1.7e+02       6      30 ..    1318    1341 ..    1315    1344 .. 0.89

  Alignments for each domain:
  == domain 1  score: 10.1 bits;  conditional E-value: 0.027
              Round3_FinalIHelix   6 glalllfiagletisnsllsslLfyl 31 
                                     +++l + iag +++s+sl  ++L+++
  tr|A0A6G1ED27|A0A6G1ED27_9ORYZ 299 DIILNIVIAGKDSTSGSL-AWFLYMV 323
                                     6889999***********.6****97 PP

  == domain 2  score: 8.9 bits;  conditional E-value: 0.067
              Round3_FinalIHelix   6 glalllfiagletisnsllsslLfyl 31 
                                     +++l + iag +t+++sl  ++L+++
  tr|A0A6G1ED27|A0A6G1ED27_9ORYZ 809 DIILNIVIAGKDTTAGSL-AWFLYMV 833
                                     6889999***********.6****97 PP

  == domain 3  score: 7.3 bits;  conditional E-value: 0.22
              Round3_FinalIHelix    6 glalllfiagletisnsllsslLfy 30  
                                      +++l + iag +t++++l  ++L++
  tr|A0A6G1ED27|A0A6G1ED27_9ORYZ 1318 DIILNIVIAGKDTTAGAL-AWFLYM 1341
                                      6889999***********.6****8 PP

>> tr|A0A341B782|A0A341B782_NEOAA  aromatase OS=Neophocaena asiaeorientalis asiaeorientalis OX=1706337 GN=LOC112397499 P
   #    score  bias  c-Evalue  i-Evalue hmmfrom  hmm to    alifrom  ali to    envfrom  env to     acc
 ---   ------ ----- --------- --------- ------- -------    ------- -------    ------- -------    ----
   1 !   28.7   0.2   2.7e-08   2.1e-05       2      32 ..     294     323 ..     293     324 .. 0.92

  Alignments for each domain:
  == domain 1  score: 28.7 bits;  conditional E-value: 2.7e-08
              Round3_FinalIHelix   2 keaeglalllfiagletisnsllsslLfyll 32 
                                     +++++++l+++ia+++t+s+s+ +++Lf ++
  tr|A0A341B782|A0A341B782_NEOAA 294 ENVNQCVLEMLIAAPDTMSVSV-FFMLFLIA 323
                                     789*******************.6****987 PP

>> tr|F7ADA9|F7ADA9_ORNAN  aromatase OS=Ornithorhynchus anatinus OX=9258 GN=CYP19A1 PE=3 SV=2
   #    score  bias  c-Evalue  i-Evalue hmmfrom  hmm to    alifrom  ali to    envfrom  env to     acc
 ---   ------ ----- --------- --------- ------- -------    ------- -------    ------- -------    ----
   1 ?    5.0   0.3       1.2   9.6e+02      10      32 ..      16      37 ..      11      38 .. 0.78
   2 !   24.4   0.2   6.7e-07   0.00052       2      32 ..     303     332 ..     302     333 .. 0.84

  Alignments for each domain:
  == domain 1  score: 5.0 bits;  conditional E-value: 1.2
      Round3_FinalIHelix 10 llfiagletisnsllsslLfyll 32
                            ll +ag++t++++l ++lL+ ll
  tr|F7ADA9|F7ADA9_ORNAN 16 LLPEAGPRTAAATL-TLLLLLLL 37
                            56689*********.68777765 PP

  == domain 2  score: 24.4 bits;  conditional E-value: 6.7e-07
      Round3_FinalIHelix   2 keaeglalllfiagletisnsllsslLfyll 32 
                             ++++++ l+++ia+++t+s++ + ++L+ ++
  tr|F7ADA9|F7ADA9_ORNAN 303 ENVNQCMLEMLIAAPDTMSVTIF-FMLLLIA 332
                             789*******************6.6666554 PP

>> tr|A0A8C9B7K7|A0A8C9B7K7_PHOSS  aromatase OS=Phocoena sinus OX=42100 GN=LOC116749147 PE=3 SV=1
   #    score  bias  c-Evalue  i-Evalue hmmfrom  hmm to    alifrom  ali to    envfrom  env to     acc
 ---   ------ ----- --------- --------- ------- -------    ------- -------    ------- -------    ----
   1 !   28.7   0.2   2.7e-08   2.1e-05       2      32 ..     294     323 ..     293     324 .. 0.92

  Alignments for each domain:
  == domain 1  score: 28.7 bits;  conditional E-value: 2.7e-08
              Round3_FinalIHelix   2 keaeglalllfiagletisnsllsslLfyll 32 
                                     +++++++l+++ia+++t+s+s+ +++Lf ++
  tr|A0A8C9B7K7|A0A8C9B7K7_PHOSS 294 ENVNQCVLEMLIAAPDTMSVSV-FFMLFLIA 323
                                     789*******************.6****987 PP

>> tr|A0A8D1DGT6|A0A8D1DGT6_PIG  aromatase OS=Sus scrofa OX=9823 PE=3 SV=1
   #    score  bias  c-Evalue  i-Evalue hmmfrom  hmm to    alifrom  ali to    envfrom  env to     acc
 ---   ------ ----- --------- --------- ------- -------    ------- -------    ------- -------    ----
   1 !   28.8   0.2   2.6e-08     2e-05       2      32 ..      46      75 ..      44      76 .. 0.91

  Alignments for each domain:
  == domain 1  score: 28.8 bits;  conditional E-value: 2.6e-08
            Round3_FinalIHelix  2 keaeglalllfiagletisnsllsslLfyll 32
                                  +++++++l+++ia+++t s+++ +++Lf ++
  tr|A0A8D1DGT6|A0A8D1DGT6_PIG 46 ENVNQCILEMLIAAPDTLSVTV-FFMLFLIA 75
                                  577*******************.6****987 PP

>> tr|A0A8D1CL66|A0A8D1CL66_PIG  aromatase OS=Sus scrofa OX=9823 PE=3 SV=1
   #    score  bias  c-Evalue  i-Evalue hmmfrom  hmm to    alifrom  ali to    envfrom  env to     acc
 ---   ------ ----- --------- --------- ------- -------    ------- -------    ------- -------    ----
   1 !   28.3   0.2   3.8e-08     3e-05       2      32 ..     127     156 ..     125     157 .. 0.91

  Alignments for each domain:
  == domain 1  score: 28.3 bits;  conditional E-value: 3.8e-08
            Round3_FinalIHelix   2 keaeglalllfiagletisnsllsslLfyll 32 
                                   +++++++l+++ia+++t s+++ +++Lf ++
  tr|A0A8D1CL66|A0A8D1CL66_PIG 127 ENVNQCILEMLIAAPDTLSVTV-FFMLFLIA 156
                                   577*******************.6****987 PP

>> tr|A0A7R8YLE5|A0A7R8YLE5_HERIL  Cytochrome P450 OS=Hermetia illucens OX=343691 GN=HERILL_LOCUS805 PE=3 SV=1
   #    score  bias  c-Evalue  i-Evalue hmmfrom  hmm to    alifrom  ali to    envfrom  env to     acc
 ---   ------ ----- --------- --------- ------- -------    ------- -------    ------- -------    ----
   1 !   13.8   0.1    0.0018       1.4       7      32 ..     320     344 ..     315     345 .. 0.91
   2 !   15.2   0.2   0.00063      0.49       5      32 ..     751     777 ..     749     778 .. 0.92

  Alignments for each domain:
  == domain 1  score: 13.8 bits;  conditional E-value: 0.0018
              Round3_FinalIHelix   7 lalllfiagletisnsllsslLfyll 32 
                                     +a ++f ag++++s +  +s+L++l+
  tr|A0A7R8YLE5|A0A7R8YLE5_HERIL 320 MATDMFVAGIDSTSSAI-TSVLYNLA 344
                                     889**************.8******8 PP

  == domain 2  score: 15.2 bits;  conditional E-value: 0.00063
              Round3_FinalIHelix   5 eglalllfiagletisnsllsslLfyll 32 
                                     + +a++++ ag++t+s + + s+L++l+
  tr|A0A7R8YLE5|A0A7R8YLE5_HERIL 751 TVMAIDMITAGVDTTSSAIV-SVLYNLA 777
                                     689****************7.******8 PP

>> tr|A0A7J8AZ37|A0A7J8AZ37_PIPKU  aromatase OS=Pipistrellus kuhlii OX=59472 GN=mPipKuh1_003520 PE=3 SV=1
   #    score  bias  c-Evalue  i-Evalue hmmfrom  hmm to    alifrom  ali to    envfrom  env to     acc
 ---   ------ ----- --------- --------- ------- -------    ------- -------    ------- -------    ----
   1 !   28.2   0.2   4.2e-08   3.3e-05       2      31 ..     294     322 ..     293     324 .. 0.91

  Alignments for each domain:
  == domain 1  score: 28.2 bits;  conditional E-value: 4.2e-08
              Round3_FinalIHelix   2 keaeglalllfiagletisnsllsslLfyl 31 
                                     +++++++l+++ia+++t+s+s+ +++Lf +
  tr|A0A7J8AZ37|A0A7J8AZ37_PIPKU 294 ENVNQCILEMLIAAPDTMSVSV-FFMLFLI 322
                                     789*******************.6***986 PP

>> tr|A0A8C6BGT4|A0A8C6BGT4_MONMO  aromatase OS=Monodon monoceros OX=40151 GN=LOC114903554 PE=3 SV=1
   #    score  bias  c-Evalue  i-Evalue hmmfrom  hmm to    alifrom  ali to    envfrom  env to     acc
 ---   ------ ----- --------- --------- ------- -------    ------- -------    ------- -------    ----
   1 !   28.7   0.2   2.7e-08   2.1e-05       2      32 ..     294     323 ..     293     324 .. 0.92

  Alignments for each domain:
  == domain 1  score: 28.7 bits;  conditional E-value: 2.7e-08
              Round3_FinalIHelix   2 keaeglalllfiagletisnsllsslLfyll 32 
                                     +++++++l+++ia+++t+s+s+ +++Lf ++
  tr|A0A8C6BGT4|A0A8C6BGT4_MONMO 294 ENVNQCVLEMLIAAPDTMSVSV-FFMLFLIA 323
                                     789*******************.6****987 PP

>> tr|A0A6J3R200|A0A6J3R200_TURTR  aromatase OS=Tursiops truncatus OX=9739 GN=LOC101337437 PE=3 SV=1
   #    score  bias  c-Evalue  i-Evalue hmmfrom  hmm to    alifrom  ali to    envfrom  env to     acc
 ---   ------ ----- --------- --------- ------- -------    ------- -------    ------- -------    ----
   1 !   28.7   0.2   2.7e-08   2.1e-05       2      32 ..     294     323 ..     293     324 .. 0.92

  Alignments for each domain:
  == domain 1  score: 28.7 bits;  conditional E-value: 2.7e-08
              Round3_FinalIHelix   2 keaeglalllfiagletisnsllsslLfyll 32 
                                     +++++++l+++ia+++t+s+s+ +++Lf ++
  tr|A0A6J3R200|A0A6J3R200_TURTR 294 ENVNQCVLEMLIAAPDTMSVSV-FFMLFLIA 323
                                     789*******************.6****987 PP

>> tr|A0A8C9A8Q6|A0A8C9A8Q6_PROSS  Aromatase OS=Prolemur simus OX=1328070 GN=CYP19A1 PE=3 SV=1
   #    score  bias  c-Evalue  i-Evalue hmmfrom  hmm to    alifrom  ali to    envfrom  env to     acc
 ---   ------ ----- --------- --------- ------- -------    ------- -------    ------- -------    ----
   1 !   28.7   0.2   2.7e-08   2.1e-05       2      32 ..     294     323 ..     293     324 .. 0.92

  Alignments for each domain:
  == domain 1  score: 28.7 bits;  conditional E-value: 2.7e-08
              Round3_FinalIHelix   2 keaeglalllfiagletisnsllsslLfyll 32 
                                     +++++++l+++ia+++t+s+s+ +++Lf ++
  tr|A0A8C9A8Q6|A0A8C9A8Q6_PROSS 294 ENVNQCVLEMLIAAPDTMSVSV-FFMLFLIA 323
                                     789*******************.6****987 PP

>> tr|A0A182TWT1|A0A182TWT1_9DIPT  Uncharacterized protein OS=Anopheles melas OX=34690 PE=3 SV=1
   #    score  bias  c-Evalue  i-Evalue hmmfrom  hmm to    alifrom  ali to    envfrom  env to     acc
 ---   ------ ----- --------- --------- ------- -------    ------- -------    ------- -------    ----
   1 !   12.5   0.0    0.0047       3.7       7      32 ..     318     342 ..     312     343 .. 0.89
   2 !   15.1   0.1   0.00066      0.52       4      32 ..     778     805 ..     775     806 .. 0.89

  Alignments for each domain:
  == domain 1  score: 12.5 bits;  conditional E-value: 0.0047
              Round3_FinalIHelix   7 lalllfiagletisnsllsslLfyll 32 
                                     + l+++iag++t+s  + + +L++l+
  tr|A0A182TWT1|A0A182TWT1_9DIPT 318 MSLDMLIAGIDTTSSGS-TGVLYCLA 342
                                     89************999.89****98 PP

  == domain 2  score: 15.1 bits;  conditional E-value: 0.00066
              Round3_FinalIHelix   4 aeglalllfiagletisnsllsslLfyll 32 
                                     a  +a ++++ag++t+s s  + +L++l+
  tr|A0A182TWT1|A0A182TWT1_9DIPT 778 AVVMAFDMIMAGIDTTSSST-FGILYCLA 805
                                     58899***************.6******8 PP

>> tr|A0A8D2AQY8|A0A8D2AQY8_SCIVU  Aromatase OS=Sciurus vulgaris OX=55149 GN=CYP19A1 PE=3 SV=1
   #    score  bias  c-Evalue  i-Evalue hmmfrom  hmm to    alifrom  ali to    envfrom  env to     acc
 ---   ------ ----- --------- --------- ------- -------    ------- -------    ------- -------    ----
   1 !   28.4   0.1   3.4e-08   2.7e-05       2      32 ..     294     323 ..     293     324 .. 0.92

  Alignments for each domain:
  == domain 1  score: 28.4 bits;  conditional E-value: 3.4e-08
              Round3_FinalIHelix   2 keaeglalllfiagletisnsllsslLfyll 32 
                                     +++++++l+++ia+++t+s++++ ++Lf ++
  tr|A0A8D2AQY8|A0A8D2AQY8_SCIVU 294 ENVNQCILEMLIAAPDTMSVTVY-FMLFLIA 323
                                     789*******************9.99**987 PP

>> tr|A0A8D0R3G1|A0A8D0R3G1_PIG  aromatase OS=Sus scrofa OX=9823 PE=3 SV=1
   #    score  bias  c-Evalue  i-Evalue hmmfrom  hmm to    alifrom  ali to    envfrom  env to     acc
 ---   ------ ----- --------- --------- ------- -------    ------- -------    ------- -------    ----
   1 !   28.2   0.2     4e-08   3.2e-05       2      32 ..     143     172 ..     141     173 .. 0.91

  Alignments for each domain:
  == domain 1  score: 28.2 bits;  conditional E-value: 4e-08
            Round3_FinalIHelix   2 keaeglalllfiagletisnsllsslLfyll 32 
                                   +++++++l+++ia+++t s+++ +++Lf ++
  tr|A0A8D0R3G1|A0A8D0R3G1_PIG 143 ENVNQCILEMLIAAPDTLSVTV-FFMLFLIA 172
                                   577*******************.6****987 PP

>> tr|A0A6J2L7H2|A0A6J2L7H2_9CHIR  aromatase OS=Phyllostomus discolor OX=89673 GN=LOC114493114 PE=3 SV=1
   #    score  bias  c-Evalue  i-Evalue hmmfrom  hmm to    alifrom  ali to    envfrom  env to     acc
 ---   ------ ----- --------- --------- ------- -------    ------- -------    ------- -------    ----
   1 !   27.2   0.2   8.7e-08   6.8e-05       2      32 ..     293     322 ..     292     323 .. 0.92

  Alignments for each domain:
  == domain 1  score: 27.2 bits;  conditional E-value: 8.7e-08
              Round3_FinalIHelix   2 keaeglalllfiagletisnsllsslLfyll 32 
                                     +++++++l++ ia+++t+s+s+ +++Lf ++
  tr|A0A6J2L7H2|A0A6J2L7H2_9CHIR 293 ENVNQCILEMMIAAPDTMSVSV-FFMLFLIA 322
                                     789*******************.6****987 PP

>> tr|A0AA41MIZ6|A0AA41MIZ6_SCICA  Aromatase OS=Sciurus carolinensis OX=30640 GN=SUZIE_119950 PE=3 SV=1
   #    score  bias  c-Evalue  i-Evalue hmmfrom  hmm to    alifrom  ali to    envfrom  env to     acc
 ---   ------ ----- --------- --------- ------- -------    ------- -------    ------- -------    ----
   1 !   28.5   0.1   3.3e-08   2.6e-05       2      32 ..     279     308 ..     278     309 .. 0.92

  Alignments for each domain:
  == domain 1  score: 28.5 bits;  conditional E-value: 3.3e-08
              Round3_FinalIHelix   2 keaeglalllfiagletisnsllsslLfyll 32 
                                     +++++++l+++ia+++t+s++++ ++Lf ++
  tr|A0AA41MIZ6|A0AA41MIZ6_SCICA 279 ENVNQCILEMLIAAPDTMSVTVY-FMLFLIA 308
                                     789*******************9.99**987 PP

>> tr|A0A5N4CXY9|A0A5N4CXY9_CAMDR  unspecific monooxygenase OS=Camelus dromedarius OX=9838 GN=Cadr_000023629 PE=3 SV=1
   #    score  bias  c-Evalue  i-Evalue hmmfrom  hmm to    alifrom  ali to    envfrom  env to     acc
 ---   ------ ----- --------- --------- ------- -------    ------- -------    ------- -------    ----
   1 !   15.0   0.2   0.00072      0.57      10      31 ..      18      38 ..      13      40 .. 0.83
   2 !   15.0   0.2   0.00072      0.57      10      31 ..      75      95 ..      70      97 .. 0.83

  Alignments for each domain:
  == domain 1  score: 15.0 bits;  conditional E-value: 0.00072
              Round3_FinalIHelix 10 llfiagletisnsllsslLfyl 31
                                    + ++ag+et+snsl s++ + l
  tr|A0A5N4CXY9|A0A5N4CXY9_CAMDR 18 IFIFAGYETTSNSL-SFIMYEL 38
                                    5689**********.9987755 PP

  == domain 2  score: 15.0 bits;  conditional E-value: 0.00072
              Round3_FinalIHelix 10 llfiagletisnsllsslLfyl 31
                                    + ++ag+et+snsl s++ + l
  tr|A0A5N4CXY9|A0A5N4CXY9_CAMDR 75 IFIFAGYETTSNSL-SFIMYEL 95
                                    5689**********.9987755 PP

>> tr|A0A8W7PEZ2|A0A8W7PEZ2_ANOCL  Cytochrome P450 OS=Anopheles coluzzii OX=1518534 PE=3 SV=1
   #    score  bias  c-Evalue  i-Evalue hmmfrom  hmm to    alifrom  ali to    envfrom  env to     acc
 ---   ------ ----- --------- --------- ------- -------    ------- -------    ------- -------    ----
   1 !   12.5   0.0    0.0047       3.7       7      32 ..     263     287 ..     257     288 .. 0.89
   2 !   15.1   0.1   0.00066      0.52       4      32 ..     752     779 ..     749     780 .. 0.89

  Alignments for each domain:
  == domain 1  score: 12.5 bits;  conditional E-value: 0.0047
              Round3_FinalIHelix   7 lalllfiagletisnsllsslLfyll 32 
                                     + l+++iag++t+s  + + +L++l+
  tr|A0A8W7PEZ2|A0A8W7PEZ2_ANOCL 263 MSLDMLIAGIDTTSSGS-TGVLYCLA 287
                                     89************999.89****98 PP

  == domain 2  score: 15.1 bits;  conditional E-value: 0.00066
              Round3_FinalIHelix   4 aeglalllfiagletisnsllsslLfyll 32 
                                     a  +a ++++ag++t+s s  + +L++l+
  tr|A0A8W7PEZ2|A0A8W7PEZ2_ANOCL 752 AVVMAFDMIMAGIDTTSSST-FGILYCLA 779
                                     58899***************.6******8 PP

>> tr|A0A8D0M1N2|A0A8D0M1N2_PIG  aromatase OS=Sus scrofa OX=9823 GN=CYP19A2 PE=3 SV=1
   #    score  bias  c-Evalue  i-Evalue hmmfrom  hmm to    alifrom  ali to    envfrom  env to     acc
 ---   ------ ----- --------- --------- ------- -------    ------- -------    ------- -------    ----
   1 !   28.2   0.2     4e-08   3.2e-05       2      32 ..     145     174 ..     143     175 .. 0.91

  Alignments for each domain:
  == domain 1  score: 28.2 bits;  conditional E-value: 4e-08
            Round3_FinalIHelix   2 keaeglalllfiagletisnsllsslLfyll 32 
                                   +++++++l+++ia+++t s+++ +++Lf ++
  tr|A0A8D0M1N2|A0A8D0M1N2_PIG 145 ENVNQCILEMLIAAPDTLSVTV-FFMLFLIA 174
                                   577*******************.6****987 PP

>> tr|A0A6P3H2N8|A0A6P3H2N8_BISBB  aromatase OS=Bison bison bison OX=43346 GN=LOC104988240 PE=3 SV=1
   #    score  bias  c-Evalue  i-Evalue hmmfrom  hmm to    alifrom  ali to    envfrom  env to     acc
 ---   ------ ----- --------- --------- ------- -------    ------- -------    ------- -------    ----
   1 !   29.5   0.2   1.6e-08   1.2e-05       2      32 ..     297     326 ..     296     327 .. 0.92

  Alignments for each domain:
  == domain 1  score: 29.5 bits;  conditional E-value: 1.6e-08
              Round3_FinalIHelix   2 keaeglalllfiagletisnsllsslLfyll 32 
                                     +++++++l+++ia+++t+s+s+ +++Lf ++
  tr|A0A6P3H2N8|A0A6P3H2N8_BISBB 297 ENVNQCILEMLIAAPDTMSVSV-FFMLFLIA 326
                                     789*******************.6****987 PP

>> tr|A0A8J4XUZ7|A0A8J4XUZ7_CHIOP  Cytochrome P450 2L1 OS=Chionoecetes opilio OX=41210 GN=CYP2L1_12 PE=3 SV=1
   #    score  bias  c-Evalue  i-Evalue hmmfrom  hmm to    alifrom  ali to    envfrom  env to     acc
 ---   ------ ----- --------- --------- ------- -------    ------- -------    ------- -------    ----
   1 !   17.8   0.2   8.8e-05     0.069       3      32 ..     100     128 ..      98     129 .. 0.89
   2 !   11.6   0.1    0.0093       7.3      10      32 ..     167     188 ..     161     189 .. 0.86

  Alignments for each domain:
  == domain 1  score: 17.8 bits;  conditional E-value: 8.8e-05
              Round3_FinalIHelix   3 eaeglalllfiagletisnsllsslLfyll 32 
                                     e+ +l+++lf+ag et+s +  +++++yl+
  tr|A0A8J4XUZ7|A0A8J4XUZ7_CHIOP 100 ELLMLVIDLFFAGAETTSSTI-LWTILYLA 128
                                     66699****************.6*****98 PP

  == domain 2  score: 11.6 bits;  conditional E-value: 0.0093
              Round3_FinalIHelix  10 llfiagletisnsllsslLfyll 32 
                                      lf+ag et+s +  +++++yl+
  tr|A0A8J4XUZ7|A0A8J4XUZ7_CHIOP 167 RLFFAGAETTSSTI-LWTILYLA 188
                                     58************.6****998 PP

>> tr|V8NF26|V8NF26_OPHHA  Cytochrome protein (Fragment) OS=Ophiophagus hannah OX=8665 GN=cyp2k1 PE=3 SV=1
   #    score  bias  c-Evalue  i-Evalue hmmfrom  hmm to    alifrom  ali to    envfrom  env to     acc
 ---   ------ ----- --------- --------- ------- -------    ------- -------    ------- -------    ----
   1 !   18.1   0.5   7.3e-05     0.057       3      30 ..     249     275 ..     247     278 .. 0.89
   2 ?    4.3   0.6       2.1   1.7e+03       7      27 ..     684     703 ..     679     708 .. 0.80
   3 ?   10.2   0.3     0.026        21       3      27 ..     966     989 ..     964     994 .. 0.85
   4 ?    4.8   0.1       1.5   1.1e+03       5      26 ..    1461    1481 ..    1457    1487 .. 0.75

  Alignments for each domain:
  == domain 1  score: 18.1 bits;  conditional E-value: 7.3e-05
      Round3_FinalIHelix   3 eaeglalllfiagletisnsllsslLfy 30 
                             ++ gl++ lfiag +t+sn+l s++L+ 
  tr|V8NF26|V8NF26_OPHHA 249 NLIGLVDNLFIAGMDTTSNTL-SWVLLL 275
                             5689999**************.9*9975 PP

  == domain 2  score: 4.3 bits;  conditional E-value: 2.1
      Round3_FinalIHelix   7 lalllfiagletisnsllssl 27 
                             l + lf ag et sn+l ++ 
  tr|V8NF26|V8NF26_OPHHA 684 LMDNLFGAGMETVSNTL-CWA 703
                             5667899**********.883 PP

  == domain 3  score: 10.2 bits;  conditional E-value: 0.026
      Round3_FinalIHelix   3 eaeglalllfiagletisnsllssl 27 
                             ++++l++ lf ag +t+sn+l ++ 
  tr|V8NF26|V8NF26_OPHHA 966 NLKTLVDNLFGAGMDTTSNTL-CWA 989
                             678999***************.883 PP

  == domain 4  score: 4.8 bits;  conditional E-value: 1.5
      Round3_FinalIHelix    5 eglalllfiagletisnsllss 26  
                              ++    lf+ag et++n+l  +
  tr|V8NF26|V8NF26_OPHHA 1461 KAVSSNLFAAGTETTGNTLR-W 1481
                              5556678***********95.4 PP

>> tr|A0A8B7G920|A0A8B7G920_MICMU  Aromatase OS=Microcebus murinus OX=30608 GN=CYP19A1 PE=3 SV=1
   #    score  bias  c-Evalue  i-Evalue hmmfrom  hmm to    alifrom  ali to    envfrom  env to     acc
 ---   ------ ----- --------- --------- ------- -------    ------- -------    ------- -------    ----
   1 !   28.4   0.2   3.5e-08   2.7e-05       2      32 ..     294     323 ..     293     324 .. 0.92

  Alignments for each domain:
  == domain 1  score: 28.4 bits;  conditional E-value: 3.5e-08
              Round3_FinalIHelix   2 keaeglalllfiagletisnsllsslLfyll 32 
                                     +++++++l+++ia+++t+s+s+ +++Lf ++
  tr|A0A8B7G920|A0A8B7G920_MICMU 294 ENVNQCILEMLIAAPDTMSVSV-LFMLFLVA 323
                                     789*******************.5****987 PP

>> tr|A0A8D0YPX2|A0A8D0YPX2_PIG  aromatase OS=Sus scrofa OX=9823 PE=3 SV=1
   #    score  bias  c-Evalue  i-Evalue hmmfrom  hmm to    alifrom  ali to    envfrom  env to     acc
 ---   ------ ----- --------- --------- ------- -------    ------- -------    ------- -------    ----
   1 !   27.7   0.2   6.1e-08   4.8e-05       2      32 ..     272     301 ..     270     302 .. 0.91

  Alignments for each domain:
  == domain 1  score: 27.7 bits;  conditional E-value: 6.1e-08
            Round3_FinalIHelix   2 keaeglalllfiagletisnsllsslLfyll 32 
                                   +++++++l+++ia+++t s+++ +++Lf ++
  tr|A0A8D0YPX2|A0A8D0YPX2_PIG 272 ENVNQCILEMLIAAPDTLSVTV-FFMLFLIA 301
                                   577*******************.6****987 PP

>> tr|A0AA88UMX3|A0AA88UMX3_9ASTE  Uncharacterized protein OS=Escallonia rubra OX=112253 GN=RJ640_024038 PE=3 SV=1
   #    score  bias  c-Evalue  i-Evalue hmmfrom  hmm to    alifrom  ali to    envfrom  env to     acc
 ---   ------ ----- --------- --------- ------- -------    ------- -------    ------- -------    ----
   1 ?    9.4   0.0     0.046        36       7      32 ..     339     363 ..     334     364 .. 0.88
   2 ?    7.8   0.1      0.16   1.2e+02       7      31 ..     669     692 ..     666     694 .. 0.87
   3 ?    9.6   0.1      0.04        32       6      31 ..    1138    1162 ..    1135    1164 .. 0.91

  Alignments for each domain:
  == domain 1  score: 9.4 bits;  conditional E-value: 0.046
              Round3_FinalIHelix   7 lalllfiagletisnsllsslLfyll 32 
                                     ++l   iag +t++n+l s++ ++l+
  tr|A0AA88UMX3|A0AA88UMX3_9ASTE 339 IILNFMIAGKDTTANTL-SWFFYMLS 363
                                     7788889**********.*****997 PP

  == domain 2  score: 7.8 bits;  conditional E-value: 0.16
              Round3_FinalIHelix   7 lalllfiagletisnsllsslLfyl 31 
                                     ++l  + ag +t++++l s+++++l
  tr|A0AA88UMX3|A0AA88UMX3_9ASTE 669 IILNFIVAGKDTSAAVL-SWFIYML 692
                                     677778999********.******9 PP

  == domain 3  score: 9.6 bits;  conditional E-value: 0.04
              Round3_FinalIHelix    6 glalllfiagletisnsllsslLfyl 31  
                                      +++l  +iag +t++ +l s+++++l
  tr|A0AA88UMX3|A0AA88UMX3_9ASTE 1138 DIILNFIIAGKDTTATTL-SWFIYML 1162
                                      578899************.******9 PP

>> tr|A0A2H5P5B7|A0A2H5P5B7_CITUN  Cytochrome P450 OS=Citrus unshiu OX=55188 GN=CUMW_103260 PE=4 SV=1
   #    score  bias  c-Evalue  i-Evalue hmmfrom  hmm to    alifrom  ali to    envfrom  env to     acc
 ---   ------ ----- --------- --------- ------- -------    ------- -------    ------- -------    ----
   1 ?    6.9   0.0      0.29   2.3e+02       3      21 ..     297     315 ..     296     319 .. 0.86
   2 ?    8.1   0.0      0.12        95       7      27 ..     768     787 ..     763     792 .. 0.84
   3 ?    9.9   0.0     0.033        26       5      27 ..    1200    1221 ..    1197    1223 .. 0.89

  Alignments for each domain:
  == domain 1  score: 6.9 bits;  conditional E-value: 0.29
              Round3_FinalIHelix   3 eaeglalllfiagletisn 21 
                                     ++++++l++f+ag +t+  
  tr|A0A2H5P5B7|A0A2H5P5B7_CITUN 297 NVKAIILDMFAAGTDTTFI 315
                                     6799************965 PP

  == domain 2  score: 8.1 bits;  conditional E-value: 0.12
              Round3_FinalIHelix   7 lalllfiagletisnsllssl 27 
                                       +++f ag +t+s++l+ ++
  tr|A0A2H5P5B7|A0A2H5P5B7_CITUN 768 VLMDIFVAGTDTSSATLV-WT 787
                                     569**************7.86 PP

  == domain 3  score: 9.9 bits;  conditional E-value: 0.033
              Round3_FinalIHelix    5 eglalllfiagletisnsllssl 27  
                                      e+l++++f ag +t+s++l+ ++
  tr|A0A2H5P5B7|A0A2H5P5B7_CITUN 1200 EDLVDDIFVAGTDTSSATLV-WT 1221
                                      789****************7.75 PP

>> tr|A0A6J0VMY1|A0A6J0VMY1_ODOVR  aromatase OS=Odocoileus virginianus texanus OX=9880 GN=LOC110121914 PE=3 SV=1
   #    score  bias  c-Evalue  i-Evalue hmmfrom  hmm to    alifrom  ali to    envfrom  env to     acc
 ---   ------ ----- --------- --------- ------- -------    ------- -------    ------- -------    ----
   1 !   27.5   0.2   6.9e-08   5.4e-05       2      30 ..     294     322 ..     293     324 .. 0.85

  Alignments for each domain:
  == domain 1  score: 27.5 bits;  conditional E-value: 6.9e-08
              Round3_FinalIHelix   2 keaeglalllfiagletisnsllsslLfy 30 
                                     +++++++l+++ia+++t+s+s++++l+++
  tr|A0A6J0VMY1|A0A6J0VMY1_ODOVR 294 ENVNQCILEMLIAAPDTMSVSVFFMLCLI 322
                                     789*******************7666655 PP

>> tr|A0A8T2LIQ0|A0A8T2LIQ0_ASTMX  Cytochrome P450, family 2, subfamily X, polypeptide 9 OS=Astyanax mexicanus OX=7994 G
   #    score  bias  c-Evalue  i-Evalue hmmfrom  hmm to    alifrom  ali to    envfrom  env to     acc
 ---   ------ ----- --------- --------- ------- -------    ------- -------    ------- -------    ----
   1 ?   10.4   0.0     0.022        17       3      30 ..     283     310 ..     281     312 .. 0.83
   2 !   15.9   0.0   0.00037      0.29       4      30 ..     793     819 ..     790     821 .. 0.89

  Alignments for each domain:
  == domain 1  score: 10.4 bits;  conditional E-value: 0.022
              Round3_FinalIHelix   3 eaeglalllfiagletisnsllsslLfy 30 
                                     ++ + +++l +ag +t+sn+l ++lL+ 
  tr|A0A8T2LIQ0|A0A8T2LIQ0_ASTMX 283 QLVSSVMDLHAAGTDTTSNTLRTALLYL 310
                                     6666689**************9998886 PP

  == domain 2  score: 15.9 bits;  conditional E-value: 0.00037
              Round3_FinalIHelix   4 aeglalllfiagletisnsllsslLfy 30 
                                     + +++++l iaglet+sn+l +++L+ 
  tr|A0A8T2LIQ0|A0A8T2LIQ0_ASTMX 793 LRRYIMDLHIAGLETTSNTLRTAFLYL 819
                                     5689****************9999996 PP

>> tr|A0A1B0FKE5|A0A1B0FKE5_GLOMM  Cytochrome P450 OS=Glossina morsitans morsitans OX=37546 PE=3 SV=1
   #    score  bias  c-Evalue  i-Evalue hmmfrom  hmm to    alifrom  ali to    envfrom  env to     acc
 ---   ------ ----- --------- --------- ------- -------    ------- -------    ------- -------    ----
   1 !   18.3   0.1   6.1e-05     0.048       4      32 ..     316     343 ..     312     344 .. 0.90
   2 ?    8.3   0.0       0.1        80       4      32 ..     827     854 ..     824     855 .. 0.92

  Alignments for each domain:
  == domain 1  score: 18.3 bits;  conditional E-value: 6.1e-05
              Round3_FinalIHelix   4 aeglalllfiagletisnsllsslLfyll 32 
                                     ae +a+++++ag++t++ +l + lL++l+
  tr|A0A1B0FKE5|A0A1B0FKE5_GLOMM 316 AEVMAMDMLLAGVDTTTTTL-TGLLLCLA 343
                                     499*****************.8******8 PP

  == domain 2  score: 8.3 bits;  conditional E-value: 0.1
              Round3_FinalIHelix   4 aeglalllfiagletisnsllsslLfyll 32 
                                     ae +a+++++ g+et++ +  + lL++l+
  tr|A0A1B0FKE5|A0A1B0FKE5_GLOMM 827 AEVMAIDMLLGGVETTTTTF-TGLLLCLA 854
                                     689*****************.8*****98 PP

>> tr|A0A835L9E4|A0A835L9E4_SPOEX  Cytochrome p450 OS=Spodoptera exigua OX=7107 GN=HW555_006991 PE=3 SV=1
   #    score  bias  c-Evalue  i-Evalue hmmfrom  hmm to    alifrom  ali to    envfrom  env to     acc
 ---   ------ ----- --------- --------- ------- -------    ------- -------    ------- -------    ----
   1 !   14.3   0.2    0.0012      0.96       7      32 ..     299     323 ..     293     324 .. 0.91
   2 !   14.5   0.1    0.0011      0.86       7      32 ..     783     807 ..     777     808 .. 0.91

  Alignments for each domain:
  == domain 1  score: 14.3 bits;  conditional E-value: 0.0012
              Round3_FinalIHelix   7 lalllfiagletisnsllsslLfyll 32 
                                     +a ++++ag++t++n++ +++L+ l+
  tr|A0A835L9E4|A0A835L9E4_SPOEX 299 MASDMLFAGVDTAANTV-TATLYLLA 323
                                     7889*************.8*****98 PP

  == domain 2  score: 14.5 bits;  conditional E-value: 0.0011
              Round3_FinalIHelix   7 lalllfiagletisnsllsslLfyll 32 
                                     +a ++++ag++t++n++ +++L+ l+
  tr|A0A835L9E4|A0A835L9E4_SPOEX 783 MASDMLFAGVDTAANTV-TATLYLLA 807
                                     7889*************.8*****98 PP

>> tr|A0A8D0YL82|A0A8D0YL82_PIG  aromatase OS=Sus scrofa OX=9823 PE=3 SV=1
   #    score  bias  c-Evalue  i-Evalue hmmfrom  hmm to    alifrom  ali to    envfrom  env to     acc
 ---   ------ ----- --------- --------- ------- -------    ------- -------    ------- -------    ----
   1 !   27.7   0.2   5.7e-08   4.5e-05       2      32 ..     250     279 ..     248     280 .. 0.91

  Alignments for each domain:
  == domain 1  score: 27.7 bits;  conditional E-value: 5.7e-08
            Round3_FinalIHelix   2 keaeglalllfiagletisnsllsslLfyll 32 
                                   +++++++l+++ia+++t s+++ +++Lf ++
  tr|A0A8D0YL82|A0A8D0YL82_PIG 250 ENVNQCILEMLIAAPDTLSVTV-FFMLFLIA 279
                                   577*******************.6****987 PP

>> tr|A0A8D0M1T3|A0A8D0M1T3_PIG  aromatase OS=Sus scrofa OX=9823 GN=CYP19A2 PE=3 SV=1
   #    score  bias  c-Evalue  i-Evalue hmmfrom  hmm to    alifrom  ali to    envfrom  env to     acc
 ---   ------ ----- --------- --------- ------- -------    ------- -------    ------- -------    ----
   1 !   27.6   0.2   6.4e-08     5e-05       2      32 ..     294     323 ..     292     324 .. 0.91

  Alignments for each domain:
  == domain 1  score: 27.6 bits;  conditional E-value: 6.4e-08
            Round3_FinalIHelix   2 keaeglalllfiagletisnsllsslLfyll 32 
                                   +++++++l+++ia+++t s+++ +++Lf ++
  tr|A0A8D0M1T3|A0A8D0M1T3_PIG 294 ENVNQCILEMLIAAPDTLSVTV-FFMLFLIA 323
                                   577*******************.6****987 PP

>> tr|A0AA89BBT7|A0AA89BBT7_9ASTE  Uncharacterized protein (Fragment) OS=Escallonia herrerae OX=1293975 GN=RJ639_031686 
   #    score  bias  c-Evalue  i-Evalue hmmfrom  hmm to    alifrom  ali to    envfrom  env to     acc
 ---   ------ ----- --------- --------- ------- -------    ------- -------    ------- -------    ----
   1 ?    9.6   0.0      0.04        32       7      32 ..     315     339 ..     310     340 .. 0.88
   2 ?    7.7   0.1      0.16   1.3e+02       8      31 ..     753     775 ..     750     777 .. 0.83
   3 ?    9.8   0.1     0.035        28       6      31 ..    1027    1051 ..    1024    1053 .. 0.91

  Alignments for each domain:
  == domain 1  score: 9.6 bits;  conditional E-value: 0.04
              Round3_FinalIHelix   7 lalllfiagletisnsllsslLfyll 32 
                                     ++l   iag +t++n+l s++ ++l+
  tr|A0AA89BBT7|A0AA89BBT7_9ASTE 315 IILNFMIAGKDTTANTL-SWFFYMLS 339
                                     7788889**********.*****997 PP

  == domain 2  score: 7.7 bits;  conditional E-value: 0.16
              Round3_FinalIHelix   8 alllfiagletisnsllsslLfyl 31 
                                     +l  + ag +t++++l s+++++l
  tr|A0AA89BBT7|A0AA89BBT7_9ASTE 753 ILNFIVAGKDTSAAVL-SWFIYML 775
                                     5666789999999999.******9 PP

  == domain 3  score: 9.8 bits;  conditional E-value: 0.035
              Round3_FinalIHelix    6 glalllfiagletisnsllsslLfyl 31  
                                      +++l  +iag +t++ +l s+++++l
  tr|A0AA89BBT7|A0AA89BBT7_9ASTE 1027 DIILNFIIAGKDTTATTL-SWFIYML 1051
                                      578899************.******9 PP

>> tr|A0A6P3PXK2|A0A6P3PXK2_PTEVA  aromatase OS=Pteropus vampyrus OX=132908 GN=LOC105288748 PE=3 SV=1
   #    score  bias  c-Evalue  i-Evalue hmmfrom  hmm to    alifrom  ali to    envfrom  env to     acc
 ---   ------ ----- --------- --------- ------- -------    ------- -------    ------- -------    ----
   1 !   27.6   0.2   6.4e-08   5.1e-05       2      32 ..     294     323 ..     292     324 .. 0.91

  Alignments for each domain:
  == domain 1  score: 27.6 bits;  conditional E-value: 6.4e-08
              Round3_FinalIHelix   2 keaeglalllfiagletisnsllsslLfyll 32 
                                     +++++++l+++ia+++t s+++ +++Lf ++
  tr|A0A6P3PXK2|A0A6P3PXK2_PTEVA 294 ENVNQCILEMLIAAPDTLSVTV-FFMLFLIA 323
                                     577*******************.6****987 PP

>> sp|Q95M61|CP19A_CALJA  Aromatase OS=Callithrix jacchus OX=9483 GN=CYP19A1 PE=2 SV=2
   #    score  bias  c-Evalue  i-Evalue hmmfrom  hmm to    alifrom  ali to    envfrom  env to     acc
 ---   ------ ----- --------- --------- ------- -------    ------- -------    ------- -------    ----
   1 !   28.8   0.3   2.5e-08     2e-05       2      32 ..     294     323 ..     293     324 .. 0.92

  Alignments for each domain:
  == domain 1  score: 28.8 bits;  conditional E-value: 2.5e-08
     Round3_FinalIHelix   2 keaeglalllfiagletisnsllsslLfyll 32 
                            ++++++ l+++ia+++t+s+sl +++Lf ++
  sp|Q95M61|CP19A_CALJA 294 ENVNQCMLEMLIAAPDTMSVSL-FFMLFLIA 323
                            789*******************.6****987 PP

>> tr|B2L5T0|B2L5T0_9PIPI  Cytochrome P450 aromatase alpha (Fragment) OS=Xenopus epitropicalis OX=224340 GN=cyp19 alpha 
   #    score  bias  c-Evalue  i-Evalue hmmfrom  hmm to    alifrom  ali to    envfrom  env to     acc
 ---   ------ ----- --------- --------- ------- -------    ------- -------    ------- -------    ----
   1 !   27.5   0.6     7e-08   5.5e-05       2      29 ..     210     236 ..     209     238 .] 0.87

  Alignments for each domain:
  == domain 1  score: 27.5 bits;  conditional E-value: 7e-08
      Round3_FinalIHelix   2 keaeglalllfiagletisnsllsslLf 29 
                             +++++++l+++ia+++t+s+sl+ ++L 
  tr|B2L5T0|B2L5T0_9PIPI 210 ENVNQCILEMLIAAPDTMSVSLF-FMLV 236
                             789*******************5.7774 PP

>> tr|A0A8D0YPF1|A0A8D0YPF1_PIG  aromatase OS=Sus scrofa OX=9823 PE=3 SV=1
   #    score  bias  c-Evalue  i-Evalue hmmfrom  hmm to    alifrom  ali to    envfrom  env to     acc
 ---   ------ ----- --------- --------- ------- -------    ------- -------    ------- -------    ----
   1 !   27.7   0.2   5.7e-08   4.5e-05       2      32 ..     252     281 ..     250     282 .. 0.91

  Alignments for each domain:
  == domain 1  score: 27.7 bits;  conditional E-value: 5.7e-08
            Round3_FinalIHelix   2 keaeglalllfiagletisnsllsslLfyll 32 
                                   +++++++l+++ia+++t s+++ +++Lf ++
  tr|A0A8D0YPF1|A0A8D0YPF1_PIG 252 ENVNQCILEMLIAAPDTLSVTV-FFMLFLIA 281
                                   577*******************.6****987 PP

>> tr|A0A5N3XLE2|A0A5N3XLE2_MUNRE  aromatase OS=Muntiacus reevesi OX=9886 GN=FD755_012950 PE=3 SV=1
   #    score  bias  c-Evalue  i-Evalue hmmfrom  hmm to    alifrom  ali to    envfrom  env to     acc
 ---   ------ ----- --------- --------- ------- -------    ------- -------    ------- -------    ----
   1 !   27.3   0.2     8e-08   6.3e-05       2      30 ..     294     322 ..     293     324 .. 0.85

  Alignments for each domain:
  == domain 1  score: 27.3 bits;  conditional E-value: 8e-08
              Round3_FinalIHelix   2 keaeglalllfiagletisnsllsslLfy 30 
                                     +++++++l+++ia+++t+s+s++++l+++
  tr|A0A5N3XLE2|A0A5N3XLE2_MUNRE 294 ENVNQCILEMLIAAPDTMSVSVFFMLCLI 322
                                     789*******************7666655 PP

>> tr|F7HXX8|F7HXX8_CALJA  Aromatase OS=Callithrix jacchus OX=9483 GN=CYP19A1 PE=2 SV=1
   #    score  bias  c-Evalue  i-Evalue hmmfrom  hmm to    alifrom  ali to    envfrom  env to     acc
 ---   ------ ----- --------- --------- ------- -------    ------- -------    ------- -------    ----
   1 !   28.8   0.3   2.5e-08     2e-05       2      32 ..     294     323 ..     293     324 .. 0.92

  Alignments for each domain:
  == domain 1  score: 28.8 bits;  conditional E-value: 2.5e-08
      Round3_FinalIHelix   2 keaeglalllfiagletisnsllsslLfyll 32 
                             ++++++ l+++ia+++t+s+sl +++Lf ++
  tr|F7HXX8|F7HXX8_CALJA 294 ENVNQCMLEMLIAAPDTMSVSL-FFMLFLIA 323
                             789*******************.6****987 PP

>> tr|A0A2K6UJX8|A0A2K6UJX8_SAIBB  Aromatase OS=Saimiri boliviensis boliviensis OX=39432 GN=CYP19A1 PE=3 SV=1
   #    score  bias  c-Evalue  i-Evalue hmmfrom  hmm to    alifrom  ali to    envfrom  env to     acc
 ---   ------ ----- --------- --------- ------- -------    ------- -------    ------- -------    ----
   1 !   28.8   0.3   2.5e-08     2e-05       2      32 ..     294     323 ..     293     324 .. 0.92

  Alignments for each domain:
  == domain 1  score: 28.8 bits;  conditional E-value: 2.5e-08
              Round3_FinalIHelix   2 keaeglalllfiagletisnsllsslLfyll 32 
                                     ++++++ l+++ia+++t+s+sl +++Lf ++
  tr|A0A2K6UJX8|A0A2K6UJX8_SAIBB 294 ENVNQCMLEMLIAAPDTMSVSL-FFMLFLIA 323
                                     789*******************.6****987 PP

>> tr|A0A2K5CLZ5|A0A2K5CLZ5_AOTNA  Aromatase OS=Aotus nancymaae OX=37293 GN=CYP19A1 PE=3 SV=1
   #    score  bias  c-Evalue  i-Evalue hmmfrom  hmm to    alifrom  ali to    envfrom  env to     acc
 ---   ------ ----- --------- --------- ------- -------    ------- -------    ------- -------    ----
   1 !   28.8   0.3   2.5e-08     2e-05       2      32 ..     294     323 ..     293     324 .. 0.92

  Alignments for each domain:
  == domain 1  score: 28.8 bits;  conditional E-value: 2.5e-08
              Round3_FinalIHelix   2 keaeglalllfiagletisnsllsslLfyll 32 
                                     ++++++ l+++ia+++t+s+sl +++Lf ++
  tr|A0A2K5CLZ5|A0A2K5CLZ5_AOTNA 294 ENVNQCMLEMLIAAPDTMSVSL-FFMLFLIA 323
                                     789*******************.6****987 PP

>> tr|A0A2K5PZK7|A0A2K5PZK7_CEBIM  Aromatase OS=Cebus imitator OX=2715852 GN=CYP19A1 PE=3 SV=1
   #    score  bias  c-Evalue  i-Evalue hmmfrom  hmm to    alifrom  ali to    envfrom  env to     acc
 ---   ------ ----- --------- --------- ------- -------    ------- -------    ------- -------    ----
   1 !   28.8   0.3   2.5e-08     2e-05       2      32 ..     294     323 ..     293     324 .. 0.92

  Alignments for each domain:
  == domain 1  score: 28.8 bits;  conditional E-value: 2.5e-08
              Round3_FinalIHelix   2 keaeglalllfiagletisnsllsslLfyll 32 
                                     ++++++ l+++ia+++t+s+sl +++Lf ++
  tr|A0A2K5PZK7|A0A2K5PZK7_CEBIM 294 ENVNQCMLEMLIAAPDTMSVSL-FFMLFLIA 323
                                     789*******************.6****987 PP

>> tr|A0A6J3JH06|A0A6J3JH06_SAPAP  Aromatase OS=Sapajus apella OX=9515 GN=LOC116564387 PE=3 SV=1
   #    score  bias  c-Evalue  i-Evalue hmmfrom  hmm to    alifrom  ali to    envfrom  env to     acc
 ---   ------ ----- --------- --------- ------- -------    ------- -------    ------- -------    ----
   1 !   28.8   0.3   2.5e-08     2e-05       2      32 ..     294     323 ..     293     324 .. 0.92

  Alignments for each domain:
  == domain 1  score: 28.8 bits;  conditional E-value: 2.5e-08
              Round3_FinalIHelix   2 keaeglalllfiagletisnsllsslLfyll 32 
                                     ++++++ l+++ia+++t+s+sl +++Lf ++
  tr|A0A6J3JH06|A0A6J3JH06_SAPAP 294 ENVNQCMLEMLIAAPDTMSVSL-FFMLFLIA 323
                                     789*******************.6****987 PP

>> tr|A0A8C3WXA2|A0A8C3WXA2_9CETA  aromatase OS=Catagonus wagneri OX=51154 PE=3 SV=1
   #    score  bias  c-Evalue  i-Evalue hmmfrom  hmm to    alifrom  ali to    envfrom  env to     acc
 ---   ------ ----- --------- --------- ------- -------    ------- -------    ------- -------    ----
   1 !   27.3   0.2   7.7e-08   6.1e-05       2      32 ..     294     323 ..     292     324 .. 0.90

  Alignments for each domain:
  == domain 1  score: 27.3 bits;  conditional E-value: 7.7e-08
              Round3_FinalIHelix   2 keaeglalllfiagletisnsllsslLfyll 32 
                                     +++++++l+++ia+++t+s+++ +++Lf ++
  tr|A0A8C3WXA2|A0A8C3WXA2_9CETA 294 ENVNQCVLEMLIAAPDTMSVTV-LFMLFLIA 323
                                     577*******************.5****987 PP

>> tr|A0A2Y9DN13|A0A2Y9DN13_TRIMA  aromatase OS=Trichechus manatus latirostris OX=127582 GN=LOC101350058 PE=3 SV=1
   #    score  bias  c-Evalue  i-Evalue hmmfrom  hmm to    alifrom  ali to    envfrom  env to     acc
 ---   ------ ----- --------- --------- ------- -------    ------- -------    ------- -------    ----
   1 !   28.9   0.4   2.4e-08   1.9e-05       2      32 ..     294     323 ..     293     324 .. 0.92

  Alignments for each domain:
  == domain 1  score: 28.9 bits;  conditional E-value: 2.4e-08
              Round3_FinalIHelix   2 keaeglalllfiagletisnsllsslLfyll 32 
                                     +++++++l+++ia+++t+s+s+ +++Lf ++
  tr|A0A2Y9DN13|A0A2Y9DN13_TRIMA 294 ENVNQCILEMLIAAPDTMSVSV-FFMLFLIA 323
                                     789*******************.6****986 PP

>> tr|A0A8D1H6W3|A0A8D1H6W3_PIG  aromatase OS=Sus scrofa OX=9823 PE=3 SV=1
   #    score  bias  c-Evalue  i-Evalue hmmfrom  hmm to    alifrom  ali to    envfrom  env to     acc
 ---   ------ ----- --------- --------- ------- -------    ------- -------    ------- -------    ----
   1 !   28.0   0.2   4.8e-08   3.8e-05       2      32 ..     196     225 ..     194     226 .. 0.91

  Alignments for each domain:
  == domain 1  score: 28.0 bits;  conditional E-value: 4.8e-08
            Round3_FinalIHelix   2 keaeglalllfiagletisnsllsslLfyll 32 
                                   +++++++l+++ia+++t s+++ +++Lf ++
  tr|A0A8D1H6W3|A0A8D1H6W3_PIG 196 ENVNQCILEMLIAAPDTLSVTV-FFMLFLIA 225
                                   577*******************.6****987 PP

>> tr|L5K169|L5K169_PTEAL  aromatase OS=Pteropus alecto OX=9402 GN=PAL_GLEAN10023476 PE=3 SV=1
   #    score  bias  c-Evalue  i-Evalue hmmfrom  hmm to    alifrom  ali to    envfrom  env to     acc
 ---   ------ ----- --------- --------- ------- -------    ------- -------    ------- -------    ----
   1 !   28.0   0.2   4.8e-08   3.8e-05       2      32 ..     192     221 ..     190     222 .. 0.91

  Alignments for each domain:
  == domain 1  score: 28.0 bits;  conditional E-value: 4.8e-08
      Round3_FinalIHelix   2 keaeglalllfiagletisnsllsslLfyll 32 
                             +++++++l+++ia+++t s+++ +++Lf ++
  tr|L5K169|L5K169_PTEAL 192 ENVNQCILEMLIAAPDTLSVTV-FFMLFLIA 221
                             577*******************.6****987 PP

>> tr|A0A498LSD6|A0A498LSD6_LABRO  Cytochrome P450 2J6-like protein OS=Labeo rohita OX=84645 GN=ROHU_031109 PE=1 SV=1
   #    score  bias  c-Evalue  i-Evalue hmmfrom  hmm to    alifrom  ali to    envfrom  env to     acc
 ---   ------ ----- --------- --------- ------- -------    ------- -------    ------- -------    ----
   1 ?    9.2   0.1     0.054        42       7      31 ..     299     323 ..     294     324 .. 0.87
   2 ?    8.5   0.1     0.094        73       7      30 ..     740     763 ..     735     765 .. 0.84
   3 ?    9.7   0.1     0.038        30       2      32 ..    1176    1205 ..    1174    1206 .. 0.85

  Alignments for each domain:
  == domain 1  score: 9.2 bits;  conditional E-value: 0.054
              Round3_FinalIHelix   7 lalllfiagletisnsllsslLfyl 31 
                                     ++ +lf ag et+sn+l  +lLf++
  tr|A0A498LSD6|A0A498LSD6_LABRO 299 CVVDLFGAGTETTSNTLRWALLFMA 323
                                     889**************87888875 PP

  == domain 2  score: 8.5 bits;  conditional E-value: 0.094
              Round3_FinalIHelix   7 lalllfiagletisnsllsslLfy 30 
                                     ++ +lf ag et+sn+l  +lL++
  tr|A0A498LSD6|A0A498LSD6_LABRO 740 CVVDLFGAGTETSSNTLRWALLYM 763
                                     889**************7666665 PP

  == domain 3  score: 9.7 bits;  conditional E-value: 0.038
              Round3_FinalIHelix    2 keaeglalllfiagletisnsllsslLfyll 32  
                                      +++  + l+lf ag e+++ sl s+ L+y +
  tr|A0A498LSD6|A0A498LSD6_LABRO 1176 ENLIHCLLDLFGAGTESTAKSL-SWALLYMA 1205
                                      56799*****************.88777755 PP

>> tr|A0A287BIF0|A0A287BIF0_PIG  aromatase OS=Sus scrofa OX=9823 GN=CYP19A2 PE=3 SV=2
   #    score  bias  c-Evalue  i-Evalue hmmfrom  hmm to    alifrom  ali to    envfrom  env to     acc
 ---   ------ ----- --------- --------- ------- -------    ------- -------    ------- -------    ----
   1 !   28.2   0.2     4e-08   3.2e-05       2      32 ..     145     174 ..     143     175 .. 0.91

  Alignments for each domain:
  == domain 1  score: 28.2 bits;  conditional E-value: 4e-08
            Round3_FinalIHelix   2 keaeglalllfiagletisnsllsslLfyll 32 
                                   +++++++l+++ia+++t s+++ +++Lf ++
  tr|A0A287BIF0|A0A287BIF0_PIG 145 ENVNQCILEMLIAAPDTLSVTV-FFMLFLIA 174
                                   577*******************.6****987 PP

>> tr|A0A4X1SX35|A0A4X1SX35_PIG  aromatase OS=Sus scrofa OX=9823 GN=CYP19A2 PE=3 SV=1
   #    score  bias  c-Evalue  i-Evalue hmmfrom  hmm to    alifrom  ali to    envfrom  env to     acc
 ---   ------ ----- --------- --------- ------- -------    ------- -------    ------- -------    ----
   1 !   28.2   0.2     4e-08   3.2e-05       2      32 ..     145     174 ..     143     175 .. 0.91

  Alignments for each domain:
  == domain 1  score: 28.2 bits;  conditional E-value: 4e-08
            Round3_FinalIHelix   2 keaeglalllfiagletisnsllsslLfyll 32 
                                   +++++++l+++ia+++t s+++ +++Lf ++
  tr|A0A4X1SX35|A0A4X1SX35_PIG 145 ENVNQCILEMLIAAPDTLSVTV-FFMLFLIA 174
                                   577*******************.6****987 PP

>> tr|A0A673U6S3|A0A673U6S3_SURSU  aromatase OS=Suricata suricatta OX=37032 PE=3 SV=1
   #    score  bias  c-Evalue  i-Evalue hmmfrom  hmm to    alifrom  ali to    envfrom  env to     acc
 ---   ------ ----- --------- --------- ------- -------    ------- -------    ------- -------    ----
   1 !   27.7   0.2   5.7e-08   4.4e-05       2      32 ..     294     323 ..     292     324 .. 0.91

  Alignments for each domain:
  == domain 1  score: 27.7 bits;  conditional E-value: 5.7e-08
              Round3_FinalIHelix   2 keaeglalllfiagletisnsllsslLfyll 32 
                                     +++++++l+++ia+++t s+s+ +++Lf ++
  tr|A0A673U6S3|A0A673U6S3_SURSU 294 ENVNQCILEMLIAAPDTLSVSV-FFMLFLIA 323
                                     577*******************.6****987 PP

>> sp|P79430|CP192_PIG  Aromatase 2 OS=Sus scrofa OX=9823 GN=CYP19A2 PE=2 SV=1
   #    score  bias  c-Evalue  i-Evalue hmmfrom  hmm to    alifrom  ali to    envfrom  env to     acc
 ---   ------ ----- --------- --------- ------- -------    ------- -------    ------- -------    ----
   1 !   27.6   0.2   6.4e-08     5e-05       2      32 ..     294     323 ..     292     324 .. 0.91

  Alignments for each domain:
  == domain 1  score: 27.6 bits;  conditional E-value: 6.4e-08
   Round3_FinalIHelix   2 keaeglalllfiagletisnsllsslLfyll 32 
                          +++++++l+++ia+++t s+++ +++Lf ++
  sp|P79430|CP192_PIG 294 ENVNQCILEMLIAAPDTLSVTV-FFMLFLIA 323
                          577*******************.6****987 PP

>> tr|A0A5N3UVP4|A0A5N3UVP4_MUNMU  aromatase (Fragment) OS=Muntiacus muntjak OX=9888 GN=FD754_022991 PE=3 SV=1
   #    score  bias  c-Evalue  i-Evalue hmmfrom  hmm to    alifrom  ali to    envfrom  env to     acc
 ---   ------ ----- --------- --------- ------- -------    ------- -------    ------- -------    ----
   1 !   27.7   0.2     6e-08   4.7e-05       2      30 ..     195     223 ..     194     225 .. 0.85

  Alignments for each domain:
  == domain 1  score: 27.7 bits;  conditional E-value: 6e-08
              Round3_FinalIHelix   2 keaeglalllfiagletisnsllsslLfy 30 
                                     +++++++l+++ia+++t+s+s++++l+++
  tr|A0A5N3UVP4|A0A5N3UVP4_MUNMU 195 ENVNQCILEMLIAAPDTMSVSVFFMLCLI 223
                                     789*******************7666655 PP

>> tr|A0A4X1SYG6|A0A4X1SYG6_PIG  aromatase OS=Sus scrofa OX=9823 GN=CYP19A2 PE=3 SV=1
   #    score  bias  c-Evalue  i-Evalue hmmfrom  hmm to    alifrom  ali to    envfrom  env to     acc
 ---   ------ ----- --------- --------- ------- -------    ------- -------    ------- -------    ----
   1 !   27.6   0.2   6.4e-08     5e-05       2      32 ..     294     323 ..     292     324 .. 0.91

  Alignments for each domain:
  == domain 1  score: 27.6 bits;  conditional E-value: 6.4e-08
            Round3_FinalIHelix   2 keaeglalllfiagletisnsllsslLfyll 32 
                                   +++++++l+++ia+++t s+++ +++Lf ++
  tr|A0A4X1SYG6|A0A4X1SYG6_PIG 294 ENVNQCILEMLIAAPDTLSVTV-FFMLFLIA 323
                                   577*******************.6****987 PP

>> tr|I3LP12|I3LP12_PIG  aromatase OS=Sus scrofa OX=9823 GN=CYP19A2 PE=3 SV=2
   #    score  bias  c-Evalue  i-Evalue hmmfrom  hmm to    alifrom  ali to    envfrom  env to     acc
 ---   ------ ----- --------- --------- ------- -------    ------- -------    ------- -------    ----
   1 !   27.6   0.2   6.4e-08     5e-05       2      32 ..     294     323 ..     292     324 .. 0.91

  Alignments for each domain:
  == domain 1  score: 27.6 bits;  conditional E-value: 6.4e-08
    Round3_FinalIHelix   2 keaeglalllfiagletisnsllsslLfyll 32 
                           +++++++l+++ia+++t s+++ +++Lf ++
  tr|I3LP12|I3LP12_PIG 294 ENVNQCILEMLIAAPDTLSVTV-FFMLFLIA 323
                           577*******************.6****987 PP

>> tr|A0A8D1N4R1|A0A8D1N4R1_PIG  aromatase OS=Sus scrofa OX=9823 PE=3 SV=1
   #    score  bias  c-Evalue  i-Evalue hmmfrom  hmm to    alifrom  ali to    envfrom  env to     acc
 ---   ------ ----- --------- --------- ------- -------    ------- -------    ------- -------    ----
   1 !   27.7   0.2   5.7e-08   4.4e-05       2      32 ..     248     277 ..     246     278 .. 0.91

  Alignments for each domain:
  == domain 1  score: 27.7 bits;  conditional E-value: 5.7e-08
            Round3_FinalIHelix   2 keaeglalllfiagletisnsllsslLfyll 32 
                                   +++++++l+++ia+++t s+++ +++Lf ++
  tr|A0A8D1N4R1|A0A8D1N4R1_PIG 248 ENVNQCILEMLIAAPDTLSVTV-FFMLFLIA 277
                                   577*******************.6****987 PP

>> tr|A0AA88WY17|A0AA88WY17_9ASTE  Uncharacterized protein (Fragment) OS=Escallonia herrerae OX=1293975 GN=RJ639_031740 
   #    score  bias  c-Evalue  i-Evalue hmmfrom  hmm to    alifrom  ali to    envfrom  env to     acc
 ---   ------ ----- --------- --------- ------- -------    ------- -------    ------- -------    ----
   1 ?    9.2   0.0     0.053        41       7      32 ..     336     360 ..     331     361 .. 0.88
   2 ?    8.0   0.1      0.13     1e+02       6      31 ..     801     825 ..     798     827 .. 0.88
   3 ?    9.4   0.1     0.046        36       6      31 ..    1295    1319 ..    1292    1321 .. 0.91

  Alignments for each domain:
  == domain 1  score: 9.2 bits;  conditional E-value: 0.053
              Round3_FinalIHelix   7 lalllfiagletisnsllsslLfyll 32 
                                     ++l   iag +t++n+l s++ ++l+
  tr|A0AA88WY17|A0AA88WY17_9ASTE 336 IILNFMIAGKDTTANTL-SWFFYMLS 360
                                     7788889**********.*****997 PP

  == domain 2  score: 8.0 bits;  conditional E-value: 0.13
              Round3_FinalIHelix   6 glalllfiagletisnsllsslLfyl 31 
                                     +++l  + ag +t++++l s+++++l
  tr|A0AA88WY17|A0AA88WY17_9ASTE 801 DIILNFIVAGKDTSAAVL-SWFIYML 825
                                     577888999*********.******9 PP

  == domain 3  score: 9.4 bits;  conditional E-value: 0.046
              Round3_FinalIHelix    6 glalllfiagletisnsllsslLfyl 31  
                                      +++l  +iag +t++ +l s+++++l
  tr|A0AA88WY17|A0AA88WY17_9ASTE 1295 DIILNFIIAGKDTTATTL-SWFIYML 1319
                                      578899************.******9 PP

>> tr|Q28684|Q28684_RABIT  Aromatase OS=Oryctolagus cuniculus OX=9986 GN=CYP19 PE=2 SV=1
   #    score  bias  c-Evalue  i-Evalue hmmfrom  hmm to    alifrom  ali to    envfrom  env to     acc
 ---   ------ ----- --------- --------- ------- -------    ------- -------    ------- -------    ----
   1 !   29.0   0.2   2.2e-08   1.7e-05       2      32 ..     294     323 ..     293     324 .. 0.92

  Alignments for each domain:
  == domain 1  score: 29.0 bits;  conditional E-value: 2.2e-08
      Round3_FinalIHelix   2 keaeglalllfiagletisnsllsslLfyll 32 
                             +++++++l+++ia+++t+s+s+ +++Lf ++
  tr|Q28684|Q28684_RABIT 294 ENVNQCVLEMLIAAPDTMSVSV-FFMLFLIA 323
                             789*******************.6****987 PP

>> tr|A0A8B8WR71|A0A8B8WR71_BALMU  aromatase OS=Balaenoptera musculus OX=9771 GN=LOC118890682 PE=3 SV=1
   #    score  bias  c-Evalue  i-Evalue hmmfrom  hmm to    alifrom  ali to    envfrom  env to     acc
 ---   ------ ----- --------- --------- ------- -------    ------- -------    ------- -------    ----
   1 !   27.1   0.2   9.2e-08   7.2e-05       2      32 ..     294     323 ..     293     324 .. 0.84

  Alignments for each domain:
  == domain 1  score: 27.1 bits;  conditional E-value: 9.2e-08
              Round3_FinalIHelix   2 keaeglalllfiagletisnsllsslLfyll 32 
                                     +++++++l+++ia+++t+s+s++ ++L+ ++
  tr|A0A8B8WR71|A0A8B8WR71_BALMU 294 ENVNQCVLEMLIAAPDTMSVSVF-FMLLLIA 323
                                     789*******************6.6666554 PP

>> tr|A0A834BB55|A0A834BB55_9CHIR  aromatase OS=Phyllostomus discolor OX=89673 GN=HJG60_003537 PE=3 SV=1
   #    score  bias  c-Evalue  i-Evalue hmmfrom  hmm to    alifrom  ali to    envfrom  env to     acc
 ---   ------ ----- --------- --------- ------- -------    ------- -------    ------- -------    ----
   1 !   27.6   0.2   6.5e-08   5.1e-05       2      32 ..     192     221 ..     191     222 .. 0.92

  Alignments for each domain:
  == domain 1  score: 27.6 bits;  conditional E-value: 6.5e-08
              Round3_FinalIHelix   2 keaeglalllfiagletisnsllsslLfyll 32 
                                     +++++++l++ ia+++t+s+s+ +++Lf ++
  tr|A0A834BB55|A0A834BB55_9CHIR 192 ENVNQCILEMMIAAPDTMSVSV-FFMLFLIA 221
                                     789*******************.6****987 PP

>> tr|A0A7J8IHS3|A0A7J8IHS3_ROUAE  aromatase OS=Rousettus aegyptiacus OX=9407 GN=HJG63_003579 PE=3 SV=1
   #    score  bias  c-Evalue  i-Evalue hmmfrom  hmm to    alifrom  ali to    envfrom  env to     acc
 ---   ------ ----- --------- --------- ------- -------    ------- -------    ------- -------    ----
   1 !   27.0   0.3     1e-07   7.9e-05       2      32 ..     294     323 ..     292     324 .. 0.84

  Alignments for each domain:
  == domain 1  score: 27.0 bits;  conditional E-value: 1e-07
              Round3_FinalIHelix   2 keaeglalllfiagletisnsllsslLfyll 32 
                                     +++++++l+++ia+++t+s+s++ ++L+ ++
  tr|A0A7J8IHS3|A0A7J8IHS3_ROUAE 294 ENVNQCVLEMLIAAPDTMSVSVF-FMLLLIA 323
                                     577*******************6.6666655 PP

>> tr|A0A8B7T294|A0A8B7T294_HIPAR  aromatase OS=Hipposideros armiger OX=186990 GN=LOC109394298 PE=3 SV=1
   #    score  bias  c-Evalue  i-Evalue hmmfrom  hmm to    alifrom  ali to    envfrom  env to     acc
 ---   ------ ----- --------- --------- ------- -------    ------- -------    ------- -------    ----
   1 !   28.0   0.2   4.8e-08   3.8e-05       2      32 ..     294     323 ..     293     324 .. 0.92

  Alignments for each domain:
  == domain 1  score: 28.0 bits;  conditional E-value: 4.8e-08
              Round3_FinalIHelix   2 keaeglalllfiagletisnsllsslLfyll 32 
                                     +++++++l+++ia+++t+s+s+ +++Lf ++
  tr|A0A8B7T294|A0A8B7T294_HIPAR 294 ENVNQCILEMLIAAPDTMSVSV-FFTLFLIA 323
                                     789*******************.6****987 PP

>> sp|P28649|CP19A_MOUSE  Aromatase OS=Mus musculus OX=10090 GN=Cyp19a1 PE=2 SV=1
   #    score  bias  c-Evalue  i-Evalue hmmfrom  hmm to    alifrom  ali to    envfrom  env to     acc
 ---   ------ ----- --------- --------- ------- -------    ------- -------    ------- -------    ----
   1 !   28.1   0.3   4.3e-08   3.3e-05       2      32 ..     294     323 ..     292     324 .. 0.84

  Alignments for each domain:
  == domain 1  score: 28.1 bits;  conditional E-value: 4.3e-08
     Round3_FinalIHelix   2 keaeglalllfiagletisnsllsslLfyll 32 
                            +++++++l+++ia+++t+s++l+ ++L+ ++
  sp|P28649|CP19A_MOUSE 294 ENVNQCILEMLIAAPDTMSVTLY-FMLLLVA 323
                            577*******************9.6666554 PP

>> tr|Q3ZAT3|Q3ZAT3_MOUSE  Aromatase OS=Mus musculus OX=10090 GN=Cyp19a1 PE=2 SV=1
   #    score  bias  c-Evalue  i-Evalue hmmfrom  hmm to    alifrom  ali to    envfrom  env to     acc
 ---   ------ ----- --------- --------- ------- -------    ------- -------    ------- -------    ----
   1 !   28.1   0.3   4.3e-08   3.3e-05       2      32 ..     294     323 ..     292     324 .. 0.84

  Alignments for each domain:
  == domain 1  score: 28.1 bits;  conditional E-value: 4.3e-08
      Round3_FinalIHelix   2 keaeglalllfiagletisnsllsslLfyll 32 
                             +++++++l+++ia+++t+s++l+ ++L+ ++
  tr|Q3ZAT3|Q3ZAT3_MOUSE 294 ENVNQCILEMLIAAPDTMSVTLY-FMLLLVA 323
                             577*******************9.6666554 PP

>> tr|A0A3Q0IZM7|A0A3Q0IZM7_DIACI  Probable cytochrome P450 303a1 OS=Diaphorina citri OX=121845 GN=LOC103512355 PE=3 SV=
   #    score  bias  c-Evalue  i-Evalue hmmfrom  hmm to    alifrom  ali to    envfrom  env to     acc
 ---   ------ ----- --------- --------- ------- -------    ------- -------    ------- -------    ----
   1 !   15.3   0.5   0.00059      0.46       7      32 ..     297     322 ..     292     323 .. 0.91
   2 !   15.3   0.5   0.00059      0.46       7      32 ..     600     625 ..     595     626 .. 0.91

  Alignments for each domain:
  == domain 1  score: 15.3 bits;  conditional E-value: 0.00059
              Round3_FinalIHelix   7 lalllfiagletisnsllsslLfyll 32 
                                     + +++f+ag+et+s sl++ +L+ ll
  tr|A0A3Q0IZM7|A0A3Q0IZM7_DIACI 297 ICMDMFMAGSETTSKSLGFGFLYLLL 322
                                     679****************9**9997 PP

  == domain 2  score: 15.3 bits;  conditional E-value: 0.00059
              Round3_FinalIHelix   7 lalllfiagletisnsllsslLfyll 32 
                                     + +++f+ag+et+s sl++ +L+ ll
  tr|A0A3Q0IZM7|A0A3Q0IZM7_DIACI 600 ICMDMFMAGSETTSKSLGFGFLYLLL 625
                                     679****************9**9997 PP

>> tr|A0A8D0R0D6|A0A8D0R0D6_PIG  aromatase OS=Sus scrofa OX=9823 PE=3 SV=1
   #    score  bias  c-Evalue  i-Evalue hmmfrom  hmm to    alifrom  ali to    envfrom  env to     acc
 ---   ------ ----- --------- --------- ------- -------    ------- -------    ------- -------    ----
   1 !   27.6   0.2   6.4e-08     5e-05       2      32 ..     292     321 ..     290     322 .. 0.91

  Alignments for each domain:
  == domain 1  score: 27.6 bits;  conditional E-value: 6.4e-08
            Round3_FinalIHelix   2 keaeglalllfiagletisnsllsslLfyll 32 
                                   +++++++l+++ia+++t s+++ +++Lf ++
  tr|A0A8D0R0D6|A0A8D0R0D6_PIG 292 ENVNQCILEMLIAAPDTLSVTV-FFMLFLIA 321
                                   577*******************.6****987 PP

>> tr|G3I0C1|G3I0C1_CRIGR  Aromatase OS=Cricetulus griseus OX=10029 GN=I79_016800 PE=3 SV=1
   #    score  bias  c-Evalue  i-Evalue hmmfrom  hmm to    alifrom  ali to    envfrom  env to     acc
 ---   ------ ----- --------- --------- ------- -------    ------- -------    ------- -------    ----
   1 !   28.8   0.3   2.6e-08     2e-05       2      30 ..     227     255 ..     225     257 .. 0.84

  Alignments for each domain:
  == domain 1  score: 28.8 bits;  conditional E-value: 2.6e-08
      Round3_FinalIHelix   2 keaeglalllfiagletisnsllsslLfy 30 
                             +++++++l+++ia+++t+s++l+++lL++
  tr|G3I0C1|G3I0C1_CRIGR 227 ENVNQCILEMLIAAPDTMSVTLYFMLLLI 255
                             577*******************9666654 PP

>> tr|Q4R1I5|Q4R1I5_HYNRE  aromatase (Fragment) OS=Hynobius retardatus OX=36312 PE=2 SV=1
   #    score  bias  c-Evalue  i-Evalue hmmfrom  hmm to    alifrom  ali to    envfrom  env to     acc
 ---   ------ ----- --------- --------- ------- -------    ------- -------    ------- -------    ----
   1 !   27.7   0.3   5.8e-08   4.6e-05       2      31 ..      75     103 ..      74     105 .. 0.85

  Alignments for each domain:
  == domain 1  score: 27.7 bits;  conditional E-value: 5.8e-08
      Round3_FinalIHelix   2 keaeglalllfiagletisnsllsslLfyl 31 
                             +++++++l+++ia+++t+s+sl+ ++L  +
  tr|Q4R1I5|Q4R1I5_HYNRE  75 ENVNQCNLEMLIAAPDTMSVSLF-FMLILI 103
                             689*******************6.666554 PP

>> tr|G1T309|G1T309_RABIT  Aromatase OS=Oryctolagus cuniculus OX=9986 GN=CYP19A1 PE=3 SV=1
   #    score  bias  c-Evalue  i-Evalue hmmfrom  hmm to    alifrom  ali to    envfrom  env to     acc
 ---   ------ ----- --------- --------- ------- -------    ------- -------    ------- -------    ----
   1 !   28.7   0.2   2.7e-08   2.1e-05       2      32 ..     294     323 ..     293     324 .. 0.92

  Alignments for each domain:
  == domain 1  score: 28.7 bits;  conditional E-value: 2.7e-08
      Round3_FinalIHelix   2 keaeglalllfiagletisnsllsslLfyll 32 
                             +++++++l+++ia+++t+s+s+ +++Lf ++
  tr|G1T309|G1T309_RABIT 294 ENVNQCVLEMLIAAPDTMSVSV-FFMLFLIA 323
                             789*******************.6****987 PP

>> tr|A0A7K9HX61|A0A7K9HX61_9AVES  CP19A Aromatase (Fragment) OS=Bucco capensis OX=135168 GN=Cyp19a1_0 PE=3 SV=1
   #    score  bias  c-Evalue  i-Evalue hmmfrom  hmm to    alifrom  ali to    envfrom  env to     acc
 ---   ------ ----- --------- --------- ------- -------    ------- -------    ------- -------    ----
   1 !   27.9   0.8   5.1e-08     4e-05       2      32 ..      47      76 ..      46      77 .. 0.92

  Alignments for each domain:
  == domain 1  score: 27.9 bits;  conditional E-value: 5.1e-08
              Round3_FinalIHelix  2 keaeglalllfiagletisnsllsslLfyll 32
                                    +++++++l++ ia+++t s++l +++L+ ++
  tr|A0A7K9HX61|A0A7K9HX61_9AVES 47 ENVNQCVLEMMIAAPDTLSVTL-FFMLMLIA 76
                                    789*******************.699**987 PP

>> tr|A0A061IC63|A0A061IC63_CRIGR  Aromatase OS=Cricetulus griseus OX=10029 GN=LOC100769024 PE=3 SV=1
   #    score  bias  c-Evalue  i-Evalue hmmfrom  hmm to    alifrom  ali to    envfrom  env to     acc
 ---   ------ ----- --------- --------- ------- -------    ------- -------    ------- -------    ----
   1 !   28.6   0.3   3.1e-08   2.4e-05       2      30 ..     294     322 ..     292     324 .. 0.84

  Alignments for each domain:
  == domain 1  score: 28.6 bits;  conditional E-value: 3.1e-08
              Round3_FinalIHelix   2 keaeglalllfiagletisnsllsslLfy 30 
                                     +++++++l+++ia+++t+s++l+++lL++
  tr|A0A061IC63|A0A061IC63_CRIGR 294 ENVNQCILEMLIAAPDTMSVTLYFMLLLI 322
                                     577*******************9666654 PP

>> tr|A0A7K4RBA1|A0A7K4RBA1_9TYRA  CP19A Aromatase (Fragment) OS=Neopipo cinnamomea OX=456388 GN=Cyp19a1_0 PE=3 SV=1
   #    score  bias  c-Evalue  i-Evalue hmmfrom  hmm to    alifrom  ali to    envfrom  env to     acc
 ---   ------ ----- --------- --------- ------- -------    ------- -------    ------- -------    ----
   1 !   27.9   0.8   5.1e-08     4e-05       2      32 ..      47      76 ..      46      77 .. 0.92

  Alignments for each domain:
  == domain 1  score: 27.9 bits;  conditional E-value: 5.1e-08
              Round3_FinalIHelix  2 keaeglalllfiagletisnsllsslLfyll 32
                                    +++++++l++ ia+++t s++l +++L+ ++
  tr|A0A7K4RBA1|A0A7K4RBA1_9TYRA 47 ENVNQCVLEMMIAAPDTLSVTL-FFMLMLIA 76
                                    789*******************.699**987 PP

>> tr|A0A7J7XP55|A0A7J7XP55_RHIFE  aromatase OS=Rhinolophus ferrumequinum OX=59479 GN=mRhiFer1_003589 PE=3 SV=1
   #    score  bias  c-Evalue  i-Evalue hmmfrom  hmm to    alifrom  ali to    envfrom  env to     acc
 ---   ------ ----- --------- --------- ------- -------    ------- -------    ------- -------    ----
   1 !   27.8   0.3   5.6e-08   4.4e-05       2      32 ..     294     323 ..     293     324 .. 0.92

  Alignments for each domain:
  == domain 1  score: 27.8 bits;  conditional E-value: 5.6e-08
              Round3_FinalIHelix   2 keaeglalllfiagletisnsllsslLfyll 32 
                                     +++++++l+++ia+++t+s+s+ ++lLf ++
  tr|A0A7J7XP55|A0A7J7XP55_RHIFE 294 ENVNQCILEMLIAAPDTMSVSV-LFLLFLIA 323
                                     789*******************.6****987 PP

>> tr|A0A671DUA0|A0A671DUA0_RHIFE  aromatase OS=Rhinolophus ferrumequinum OX=59479 GN=CYP19A1 PE=3 SV=1
   #    score  bias  c-Evalue  i-Evalue hmmfrom  hmm to    alifrom  ali to    envfrom  env to     acc
 ---   ------ ----- --------- --------- ------- -------    ------- -------    ------- -------    ----
   1 !   27.8   0.3   5.6e-08   4.4e-05       2      32 ..     294     323 ..     293     324 .. 0.92

  Alignments for each domain:
  == domain 1  score: 27.8 bits;  conditional E-value: 5.6e-08
              Round3_FinalIHelix   2 keaeglalllfiagletisnsllsslLfyll 32 
                                     +++++++l+++ia+++t+s+s+ ++lLf ++
  tr|A0A671DUA0|A0A671DUA0_RHIFE 294 ENVNQCILEMLIAAPDTMSVSV-LFLLFLIA 323
                                     789*******************.6****987 PP

>> tr|A0A1L1SUD6|A0A1L1SUD6_MOUSE  Aromatase OS=Mus musculus OX=10090 GN=Cyp19a1 PE=3 SV=1
   #    score  bias  c-Evalue  i-Evalue hmmfrom  hmm to    alifrom  ali to    envfrom  env to     acc
 ---   ------ ----- --------- --------- ------- -------    ------- -------    ------- -------    ----
   1 !   28.4   0.3   3.5e-08   2.8e-05       2      32 ..     227     256 ..     225     257 .. 0.84

  Alignments for each domain:
  == domain 1  score: 28.4 bits;  conditional E-value: 3.5e-08
              Round3_FinalIHelix   2 keaeglalllfiagletisnsllsslLfyll 32 
                                     +++++++l+++ia+++t+s++l+ ++L+ ++
  tr|A0A1L1SUD6|A0A1L1SUD6_MOUSE 227 ENVNQCILEMLIAAPDTMSVTLY-FMLLLVA 256
                                     577*******************9.6666554 PP

>> tr|U4U9R9|U4U9R9_DENPD  Cytochrome P450 OS=Dendroctonus ponderosae OX=77166 GN=D910_04091 PE=3 SV=1
   #    score  bias  c-Evalue  i-Evalue hmmfrom  hmm to    alifrom  ali to    envfrom  env to     acc
 ---   ------ ----- --------- --------- ------- -------    ------- -------    ------- -------    ----
   1 !   27.2   0.5   8.4e-08   6.6e-05       5      33 .]     161     188 ..     159     188 .. 0.93

  Alignments for each domain:
  == domain 1  score: 27.2 bits;  conditional E-value: 8.4e-08
      Round3_FinalIHelix   5 eglalllfiagletisnsllsslLfylla 33 
                             +++a+++f+a+l+t s+s+ sslLf++++
  tr|U4U9R9|U4U9R9_DENPD 161 DDIAEEVFNAFLDTLSYSC-SSLLFCFYE 188
                             689****************.*******96 PP

>> tr|A0A9Q0XEC6|A0A9Q0XEC6_9SAUR  aromatase OS=Phrynocephalus forsythii OX=171643 GN=JRQ81_007072 PE=3 SV=1
   #    score  bias  c-Evalue  i-Evalue hmmfrom  hmm to    alifrom  ali to    envfrom  env to     acc
 ---   ------ ----- --------- --------- ------- -------    ------- -------    ------- -------    ----
   1 !   25.5   0.3     3e-07   0.00024       2      32 ..     294     323 ..     293     324 .. 0.86

  Alignments for each domain:
  == domain 1  score: 25.5 bits;  conditional E-value: 3e-07
              Round3_FinalIHelix   2 keaeglalllfiagletisnsllsslLfyll 32 
                                     +++++++l+++ia+++t s++l+ ++L  ++
  tr|A0A9Q0XEC6|A0A9Q0XEC6_9SAUR 294 ENVNQCVLEMLIAAPDTLSVTLF-FMLVLIA 323
                                     789*******************5.7776655 PP

>> tr|A0A6I9L4Y5|A0A6I9L4Y5_PERMB  Aromatase OS=Peromyscus maniculatus bairdii OX=230844 GN=LOC102926053 PE=3 SV=1
   #    score  bias  c-Evalue  i-Evalue hmmfrom  hmm to    alifrom  ali to    envfrom  env to     acc
 ---   ------ ----- --------- --------- ------- -------    ------- -------    ------- -------    ----
   1 !   28.4   0.4   3.4e-08   2.7e-05       2      31 ..     294     323 ..     292     324 .. 0.88

  Alignments for each domain:
  == domain 1  score: 28.4 bits;  conditional E-value: 3.4e-08
              Round3_FinalIHelix   2 keaeglalllfiagletisnsllsslLfyl 31 
                                     +++++++l+++ia+++t+s++l+++lL+++
  tr|A0A6I9L4Y5|A0A6I9L4Y5_PERMB 294 ENVNQCILEMLIAAPDTMSVTLYFMLLLMA 323
                                     577********************8888765 PP

>> tr|A0A2Y9S6F2|A0A2Y9S6F2_PHYMC  aromatase OS=Physeter macrocephalus OX=9755 GN=LOC102982657 PE=3 SV=1
   #    score  bias  c-Evalue  i-Evalue hmmfrom  hmm to    alifrom  ali to    envfrom  env to     acc
 ---   ------ ----- --------- --------- ------- -------    ------- -------    ------- -------    ----
   1 !   27.1   0.2   9.2e-08   7.2e-05       2      32 ..     294     323 ..     293     324 .. 0.84

  Alignments for each domain:
  == domain 1  score: 27.1 bits;  conditional E-value: 9.2e-08
              Round3_FinalIHelix   2 keaeglalllfiagletisnsllsslLfyll 32 
                                     +++++++l+++ia+++t+s+s++ ++L+ ++
  tr|A0A2Y9S6F2|A0A2Y9S6F2_PHYMC 294 ENVNQCVLEMLIAAPDTMSVSVF-FMLLLIA 323
                                     789*******************6.6666554 PP

>> tr|A0A914EZI6|A0A914EZI6_9BILA  Cytochrome P450 OS=Panagrolaimus sp. ES5 OX=591445 PE=3 SV=1
   #    score  bias  c-Evalue  i-Evalue hmmfrom  hmm to    alifrom  ali to    envfrom  env to     acc
 ---   ------ ----- --------- --------- ------- -------    ------- -------    ------- -------    ----
   1 ?    6.7   0.0      0.35   2.8e+02       9      20 ..     303     314 ..     295     317 .. 0.77
   2 !   16.9   0.1   0.00018      0.14       9      31 ..     406     428 ..     398     429 .. 0.81

  Alignments for each domain:
  == domain 1  score: 6.7 bits;  conditional E-value: 0.35
              Round3_FinalIHelix   9 lllfiagletis 20 
                                      ++fiag+et+s
  tr|A0A914EZI6|A0A914EZI6_9BILA 303 YDMFIAGQETTS 314
                                     79*********9 PP

  == domain 2  score: 16.9 bits;  conditional E-value: 0.00018
              Round3_FinalIHelix   9 lllfiagletisnsllsslLfyl 31 
                                      ++fiag+et+sn+ ++++++ l
  tr|A0A914EZI6|A0A914EZI6_9BILA 406 YDMFIAGQETTSNTIIFAVIYAL 428
                                     79**************9999977 PP

>> tr|B2L5T2|B2L5T2_9PIPI  Cytochrome P450 aromatase beta (Fragment) OS=Xenopus mellotropicalis OX=451443 GN=cyp19 beta 
   #    score  bias  c-Evalue  i-Evalue hmmfrom  hmm to    alifrom  ali to    envfrom  env to     acc
 ---   ------ ----- --------- --------- ------- -------    ------- -------    ------- -------    ----
   1 !   27.5   0.6     7e-08   5.5e-05       2      29 ..     210     236 ..     209     238 .] 0.87

  Alignments for each domain:
  == domain 1  score: 27.5 bits;  conditional E-value: 7e-08
      Round3_FinalIHelix   2 keaeglalllfiagletisnsllsslLf 29 
                             +++++++l+++ia+++t+s+sl+ ++L 
  tr|B2L5T2|B2L5T2_9PIPI 210 ENVNQCILEMLIAAPDTMSVSLF-FMLV 236
                             789*******************5.7774 PP

>> tr|B2L5T1|B2L5T1_9PIPI  Cytochrome P450 aromatase alpha (Fragment) OS=Xenopus mellotropicalis OX=451443 GN=cyp19 alph
   #    score  bias  c-Evalue  i-Evalue hmmfrom  hmm to    alifrom  ali to    envfrom  env to     acc
 ---   ------ ----- --------- --------- ------- -------    ------- -------    ------- -------    ----
   1 !   27.5   0.6     7e-08   5.5e-05       2      29 ..     210     236 ..     209     238 .] 0.87

  Alignments for each domain:
  == domain 1  score: 27.5 bits;  conditional E-value: 7e-08
      Round3_FinalIHelix   2 keaeglalllfiagletisnsllsslLf 29 
                             +++++++l+++ia+++t+s+sl+ ++L 
  tr|B2L5T1|B2L5T1_9PIPI 210 ENVNQCILEMLIAAPDTMSVSLF-FMLV 236
                             789*******************5.7774 PP

>> tr|A0A0D6A8G6|A0A0D6A8G6_ANGDI  Cytochrome P450 aromatase (Fragment) OS=Anguilla dieffenbachii OX=61127 GN=CYP19 PE=2
   #    score  bias  c-Evalue  i-Evalue hmmfrom  hmm to    alifrom  ali to    envfrom  env to     acc
 ---   ------ ----- --------- --------- ------- -------    ------- -------    ------- -------    ----
   1 !   27.1   0.3   9.4e-08   7.3e-05       2      31 ..      70      98 ..      69      99 .. 0.92

  Alignments for each domain:
  == domain 1  score: 27.1 bits;  conditional E-value: 9.4e-08
              Round3_FinalIHelix  2 keaeglalllfiagletisnsllsslLfyl 31
                                    +++ +++l+++ia+++t+s sl +++L+ l
  tr|A0A0D6A8G6|A0A0D6A8G6_ANGDI 70 ENVRQCILEMIIAAPDTMSISL-FFMLMLL 98
                                    7889******************.699*987 PP

>> tr|A0A383Z5Y1|A0A383Z5Y1_BALAS  aromatase OS=Balaenoptera acutorostrata scammoni OX=310752 GN=LOC103011787 PE=3 SV=1
   #    score  bias  c-Evalue  i-Evalue hmmfrom  hmm to    alifrom  ali to    envfrom  env to     acc
 ---   ------ ----- --------- --------- ------- -------    ------- -------    ------- -------    ----
   1 !   27.1   0.2   9.2e-08   7.2e-05       2      32 ..     294     323 ..     293     324 .. 0.84

  Alignments for each domain:
  == domain 1  score: 27.1 bits;  conditional E-value: 9.2e-08
              Round3_FinalIHelix   2 keaeglalllfiagletisnsllsslLfyll 32 
                                     +++++++l+++ia+++t+s+s++ ++L+ ++
  tr|A0A383Z5Y1|A0A383Z5Y1_BALAS 294 ENVNQCVLEMLIAAPDTMSVSVF-FMLLLIA 323
                                     789*******************6.6666554 PP

>> tr|A0A8B8WR03|A0A8B8WR03_BALMU  aromatase OS=Balaenoptera musculus OX=9771 GN=LOC118890683 PE=3 SV=1
   #    score  bias  c-Evalue  i-Evalue hmmfrom  hmm to    alifrom  ali to    envfrom  env to     acc
 ---   ------ ----- --------- --------- ------- -------    ------- -------    ------- -------    ----
   1 !   27.1   0.2   9.2e-08   7.2e-05       2      32 ..     294     323 ..     293     324 .. 0.84

  Alignments for each domain:
  == domain 1  score: 27.1 bits;  conditional E-value: 9.2e-08
              Round3_FinalIHelix   2 keaeglalllfiagletisnsllsslLfyll 32 
                                     +++++++l+++ia+++t+s+s++ ++L+ ++
  tr|A0A8B8WR03|A0A8B8WR03_BALMU 294 ENVNQCVLEMLIAAPDTMSVSVF-FMLLLIA 323
                                     789*******************6.6666554 PP

>> tr|A0A6Q2YLN5|A0A6Q2YLN5_ESOLU  Cytochrome P450, family 19, subfamily A, polypeptide 1a OS=Esox lucius OX=8010 PE=3 S
   #    score  bias  c-Evalue  i-Evalue hmmfrom  hmm to    alifrom  ali to    envfrom  env to     acc
 ---   ------ ----- --------- --------- ------- -------    ------- -------    ------- -------    ----
   1 ?    4.8   0.0       1.4   1.1e+03      11      28 ..      95     111 ..      92     116 .. 0.82
   2 !   22.8   0.2   2.2e-06    0.0017       2      31 ..     302     330 ..     301     331 .. 0.87

  Alignments for each domain:
  == domain 1  score: 4.8 bits;  conditional E-value: 1.4
              Round3_FinalIHelix  11 lfiagletisnsllsslL 28 
                                     ++i+g+eti+ s+ +s +
  tr|A0A6Q2YLN5|A0A6Q2YLN5_ESOLU  95 VWINGQETIILSS-CSAV 111
                                     69*********99.7755 PP

  == domain 2  score: 22.8 bits;  conditional E-value: 2.2e-06
              Round3_FinalIHelix   2 keaeglalllfiagletisnsllsslLfyl 31 
                                     +++ +++l+++ia+++t s+s++ ++L+ l
  tr|A0A6Q2YLN5|A0A6Q2YLN5_ESOLU 302 ENVRQCVLEMLIAAPDTLSVSVF-FMLLLL 330
                                     7889******************5.777665 PP

>> tr|A0A6L2PVA0|A0A6L2PVA0_COPFO  Cytochrome P450 OS=Coptotermes formosanus OX=36987 GN=Cfor_12717 PE=3 SV=1
   #    score  bias  c-Evalue  i-Evalue hmmfrom  hmm to    alifrom  ali to    envfrom  env to     acc
 ---   ------ ----- --------- --------- ------- -------    ------- -------    ------- -------    ----
   1 !   26.2   1.8   1.8e-07   0.00014       3      32 ..     313     342 ..     311     343 .. 0.92

  Alignments for each domain:
  == domain 1  score: 26.2 bits;  conditional E-value: 1.8e-07
              Round3_FinalIHelix   3 eaeglalllfiagletisnsllsslLfyll 32 
                                     ++ +l l+lf+ag+et+sn+l++++L++ll
  tr|A0A6L2PVA0|A0A6L2PVA0_COPFO 313 QLVALCLDLFMAGSETTSNTLGFAMLYMLL 342
                                     667899**********************97 PP

>> tr|A0A261CKC4|A0A261CKC4_9PELO  Cytochrome P450 (Fragment) OS=Caenorhabditis latens OX=1503980 GN=FL83_02651 PE=3 SV=
   #    score  bias  c-Evalue  i-Evalue hmmfrom  hmm to    alifrom  ali to    envfrom  env to     acc
 ---   ------ ----- --------- --------- ------- -------    ------- -------    ------- -------    ----
   1 !   12.4   0.1    0.0048       3.8       4      25 ..     295     316 ..     292     323 .. 0.86
   2 ?    4.8   0.0       1.4   1.1e+03      10      24 ..     735     749 ..     729     752 .. 0.87
   3 ?    8.1   0.1      0.12        96       5      25 ..    1208    1228 ..    1204    1235 .. 0.82

  Alignments for each domain:
  == domain 1  score: 12.4 bits;  conditional E-value: 0.0048
              Round3_FinalIHelix   4 aeglalllfiagletisnslls 25 
                                     +++++++l+i+g+et++ +l+s
  tr|A0A261CKC4|A0A261CKC4_9PELO 295 LKTMIIDLWITGQETTTTTLIS 316
                                     589***************9974 PP

  == domain 2  score: 4.8 bits;  conditional E-value: 1.4
              Round3_FinalIHelix  10 llfiagletisnsll 24 
                                     +l++ag++t++ +l+
  tr|A0A261CKC4|A0A261CKC4_9PELO 735 DLWLAGQDTTATTLV 749
                                     89*********9997 PP

  == domain 3  score: 8.1 bits;  conditional E-value: 0.12
              Round3_FinalIHelix    5 eglalllfiagletisnslls 25  
                                      +++  +l+i+g+et++ +l+s
  tr|A0A261CKC4|A0A261CKC4_9PELO 1208 KTMLFDLWITGQETTTTTLIS 1228
                                      5667789**********9974 PP

>> tr|C0KWX6|C0KWX6_XENTR  Cytochrome P450 aromatase (Fragment) OS=Xenopus tropicalis OX=8364 GN=CYP19 PE=2 SV=1
   #    score  bias  c-Evalue  i-Evalue hmmfrom  hmm to    alifrom  ali to    envfrom  env to     acc
 ---   ------ ----- --------- --------- ------- -------    ------- -------    ------- -------    ----
   1 !   28.2   0.5   4.1e-08   3.2e-05       2      31 ..     292     320 ..     291     322 .. 0.85

  Alignments for each domain:
  == domain 1  score: 28.2 bits;  conditional E-value: 4.1e-08
      Round3_FinalIHelix   2 keaeglalllfiagletisnsllsslLfyl 31 
                             +++++++l+++ia+++t+s+sl+ ++L  +
  tr|C0KWX6|C0KWX6_XENTR 292 ENVNQCILEMLIAAPDTMSVSLF-FMLVLI 320
                             789*******************6.666554 PP

>> tr|Q6IWP6|Q6IWP6_ANGJA  Neural aromatase (Fragment) OS=Anguilla japonica OX=7937 PE=2 SV=1
   #    score  bias  c-Evalue  i-Evalue hmmfrom  hmm to    alifrom  ali to    envfrom  env to     acc
 ---   ------ ----- --------- --------- ------- -------    ------- -------    ------- -------    ----
   1 !   26.6   0.4   1.3e-07    0.0001       2      31 ..     203     231 ..     202     232 .. 0.92

  Alignments for each domain:
  == domain 1  score: 26.6 bits;  conditional E-value: 1.3e-07
      Round3_FinalIHelix   2 keaeglalllfiagletisnsllsslLfyl 31 
                             +++ +++l+++ia+++t+s sl +++L+ l
  tr|Q6IWP6|Q6IWP6_ANGJA 203 ENVQQCILEMIIAAPDTMSISL-FFMLMLL 231
                             7889******************.699*987 PP

>> tr|C1K313|C1K313_RETFL  Cytochrome p450 OS=Reticulitermes flavipes OX=36989 GN=CYP15A1 PE=2 SV=1
   #    score  bias  c-Evalue  i-Evalue hmmfrom  hmm to    alifrom  ali to    envfrom  env to     acc
 ---   ------ ----- --------- --------- ------- -------    ------- -------    ------- -------    ----
   1 !   26.4   1.8   1.5e-07   0.00012       3      32 ..     260     289 ..     258     290 .. 0.92

  Alignments for each domain:
  == domain 1  score: 26.4 bits;  conditional E-value: 1.5e-07
      Round3_FinalIHelix   3 eaeglalllfiagletisnsllsslLfyll 32 
                             ++ +l l+lf+ag+et+sn+l++++L++ll
  tr|C1K313|C1K313_RETFL 260 QLVALCLDLFMAGSETTSNTLGFAMLYMLL 289
                             667899**********************97 PP

>> tr|D6CJJ9|D6CJJ9_BLAGE  CYP15A1 protein (Fragment) OS=Blattella germanica OX=6973 GN=cyp15A1 PE=2 SV=1
   #    score  bias  c-Evalue  i-Evalue hmmfrom  hmm to    alifrom  ali to    envfrom  env to     acc
 ---   ------ ----- --------- --------- ------- -------    ------- -------    ------- -------    ----
   1 !   26.7   1.5   1.2e-07   9.4e-05       3      32 ..     192     221 ..     190     222 .. 0.93

  Alignments for each domain:
  == domain 1  score: 26.7 bits;  conditional E-value: 1.2e-07
      Round3_FinalIHelix   3 eaeglalllfiagletisnsllsslLfyll 32 
                             ++ +l l++f+ag+et+sn+l++++L++ll
  tr|D6CJJ9|D6CJJ9_BLAGE 192 QLVSLSLDSFMAGSETTSNTLGFAMLYMLL 221
                             67899***********************97 PP

>> tr|A0A0N5CBL9|A0A0N5CBL9_STREA  Cytochrome P450 18a1 (inferred by orthology to a D. melanogaster protein) OS=Strongyl
   #    score  bias  c-Evalue  i-Evalue hmmfrom  hmm to    alifrom  ali to    envfrom  env to     acc
 ---   ------ ----- --------- --------- ------- -------    ------- -------    ------- -------    ----
   1 ?    8.5   0.0     0.088        69       3      31 ..     288     315 ..     287     317 .. 0.88
   2 ?    8.3   0.0       0.1        80       5      30 ..     728     752 ..     724     755 .. 0.84
   3 ?    7.0   0.0      0.27   2.1e+02       4      30 ..    1145    1170 ..    1143    1173 .. 0.83

  Alignments for each domain:
  == domain 1  score: 8.5 bits;  conditional E-value: 0.088
              Round3_FinalIHelix   3 eaeglalllfiagletisnsllsslLfyl 31 
                                     ++eg++ + +iag et++ +l  ++++ l
  tr|A0A0N5CBL9|A0A0N5CBL9_STREA 288 HLEGMVQDFWIAGMETSATTL-KWFILLL 315
                                     6799*****************.5988877 PP

  == domain 2  score: 8.3 bits;  conditional E-value: 0.1
              Round3_FinalIHelix   5 eglalllfiagletisnsllsslLfy 30 
                                     eg++l+ ++ag et++ +l  ++++ 
  tr|A0A0N5CBL9|A0A0N5CBL9_STREA 728 EGMVLDFWAAGMETSTTTL-KWFILL 752
                                     89*****************.587665 PP

  == domain 3  score: 7.0 bits;  conditional E-value: 0.27
              Round3_FinalIHelix    4 aeglalllfiagletisnsllsslLfy 30  
                                      + g++ + ++aglet++ +l  ++++ 
  tr|A0A0N5CBL9|A0A0N5CBL9_STREA 1145 LQGMVQDFWAAGLETSTTTL-KWFILL 1170
                                      568999**************.587665 PP

>> tr|A0A914K8F0|A0A914K8F0_9BILA  Cytochrome P450 OS=Panagrolaimus sp. JU765 OX=591449 PE=3 SV=1
   #    score  bias  c-Evalue  i-Evalue hmmfrom  hmm to    alifrom  ali to    envfrom  env to     acc
 ---   ------ ----- --------- --------- ------- -------    ------- -------    ------- -------    ----
   1 !   27.2   0.2   8.7e-08   6.8e-05       2      32 ..     233     262 ..     232     263 .. 0.92

  Alignments for each domain:
  == domain 1  score: 27.2 bits;  conditional E-value: 8.7e-08
              Round3_FinalIHelix   2 keaeglalllfiagletisnsllsslLfyll 32 
                                      +++g++l+l+ ag+et+sn+l  +l++yll
  tr|A0A914K8F0|A0A914K8F0_9BILA 233 NQLYGMVLDLWVAGQETTSNTL-AWLCLYLL 262
                                     5789******************.6*****97 PP

>> tr|A0A091E299|A0A091E299_FUKDA  Cytochrome P450 19A1 OS=Fukomys damarensis OX=885580 GN=H920_01138 PE=3 SV=1
   #    score  bias  c-Evalue  i-Evalue hmmfrom  hmm to    alifrom  ali to    envfrom  env to     acc
 ---   ------ ----- --------- --------- ------- -------    ------- -------    ------- -------    ----
   1 !   26.3   0.3   1.6e-07   0.00013       2      32 ..     294     323 ..     293     324 .. 0.92

  Alignments for each domain:
  == domain 1  score: 26.3 bits;  conditional E-value: 1.6e-07
              Round3_FinalIHelix   2 keaeglalllfiagletisnsllsslLfyll 32 
                                     +++++++l+++ia+++t+s +++ ++Lf ++
  tr|A0A091E299|A0A091E299_FUKDA 294 ENVNQCILEMLIAAPDTMSITVY-FMLFLIA 323
                                     789*******************9.99**987 PP

>> tr|I1VJ28|I1VJ28_DENPD  Cytochrome P450 CYP393a1 OS=Dendroctonus ponderosae OX=77166 GN=CYP393A1 PE=2 SV=1
   #    score  bias  c-Evalue  i-Evalue hmmfrom  hmm to    alifrom  ali to    envfrom  env to     acc
 ---   ------ ----- --------- --------- ------- -------    ------- -------    ------- -------    ----
   1 !   26.8   0.5   1.1e-07     9e-05       5      33 .]     260     287 ..     258     287 .. 0.93

  Alignments for each domain:
  == domain 1  score: 26.8 bits;  conditional E-value: 1.1e-07
      Round3_FinalIHelix   5 eglalllfiagletisnsllsslLfylla 33 
                             +++a+++f+a+l+t s+s+ sslLf++++
  tr|I1VJ28|I1VJ28_DENPD 260 DDIAEEVFNAFLDTLSYSC-SSLLFCFYE 287
                             689****************.*******96 PP

>> tr|A0A1S3ENI8|A0A1S3ENI8_DIPOR  Aromatase OS=Dipodomys ordii OX=10020 GN=LOC105981070 PE=3 SV=1
   #    score  bias  c-Evalue  i-Evalue hmmfrom  hmm to    alifrom  ali to    envfrom  env to     acc
 ---   ------ ----- --------- --------- ------- -------    ------- -------    ------- -------    ----
   1 !   27.9   0.2   5.1e-08     4e-05       2      31 ..     294     322 ..     292     324 .. 0.90

  Alignments for each domain:
  == domain 1  score: 27.9 bits;  conditional E-value: 5.1e-08
              Round3_FinalIHelix   2 keaeglalllfiagletisnsllsslLfyl 31 
                                     +++++++l+++ia+++t+s+++ +++Lf +
  tr|A0A1S3ENI8|A0A1S3ENI8_DIPOR 294 ENVNQCILEMLIAAPDTMSVTV-FFMLFLI 322
                                     577*******************.6***986 PP

>> tr|A0A8D2HCL7|A0A8D2HCL7_UROPR  Aromatase OS=Urocitellus parryii OX=9999 GN=CYP19A1 PE=3 SV=1
   #    score  bias  c-Evalue  i-Evalue hmmfrom  hmm to    alifrom  ali to    envfrom  env to     acc
 ---   ------ ----- --------- --------- ------- -------    ------- -------    ------- -------    ----
   1 !   27.9   0.3   5.1e-08     4e-05       2      32 ..     294     323 ..     293     324 .. 0.92

  Alignments for each domain:
  == domain 1  score: 27.9 bits;  conditional E-value: 5.1e-08
              Round3_FinalIHelix   2 keaeglalllfiagletisnsllsslLfyll 32 
                                     +++++++l+++ia+++t+s++++ ++Lf ++
  tr|A0A8D2HCL7|A0A8D2HCL7_UROPR 294 ENVNQCILEMLIAAPDTMSVTVY-FMLFLIA 323
                                     789*******************9.99*9876 PP

>> tr|A0A8C9P470|A0A8C9P470_SPEDA  Aromatase OS=Spermophilus dauricus OX=99837 PE=3 SV=1
   #    score  bias  c-Evalue  i-Evalue hmmfrom  hmm to    alifrom  ali to    envfrom  env to     acc
 ---   ------ ----- --------- --------- ------- -------    ------- -------    ------- -------    ----
   1 !   27.9   0.3   5.1e-08     4e-05       2      32 ..     294     323 ..     293     324 .. 0.92

  Alignments for each domain:
  == domain 1  score: 27.9 bits;  conditional E-value: 5.1e-08
              Round3_FinalIHelix   2 keaeglalllfiagletisnsllsslLfyll 32 
                                     +++++++l+++ia+++t+s++++ ++Lf ++
  tr|A0A8C9P470|A0A8C9P470_SPEDA 294 ENVNQCILEMLIAAPDTMSVTVY-FMLFLIA 323
                                     789*******************9.99*9876 PP

>> tr|I3M742|I3M742_ICTTR  Aromatase OS=Ictidomys tridecemlineatus OX=43179 GN=CYP19A1 PE=3 SV=1
   #    score  bias  c-Evalue  i-Evalue hmmfrom  hmm to    alifrom  ali to    envfrom  env to     acc
 ---   ------ ----- --------- --------- ------- -------    ------- -------    ------- -------    ----
   1 !   27.9   0.3   5.1e-08     4e-05       2      32 ..     294     323 ..     293     324 .. 0.92

  Alignments for each domain:
  == domain 1  score: 27.9 bits;  conditional E-value: 5.1e-08
      Round3_FinalIHelix   2 keaeglalllfiagletisnsllsslLfyll 32 
                             +++++++l+++ia+++t+s++++ ++Lf ++
  tr|I3M742|I3M742_ICTTR 294 ENVNQCILEMLIAAPDTMSVTVY-FMLFLIA 323
                             789*******************9.99*9876 PP

>> tr|A0A6P9AZY3|A0A6P9AZY3_PANGU  Aromatase-like OS=Pantherophis guttatus OX=94885 GN=LOC117660366 PE=3 SV=1
   #    score  bias  c-Evalue  i-Evalue hmmfrom  hmm to    alifrom  ali to    envfrom  env to     acc
 ---   ------ ----- --------- --------- ------- -------    ------- -------    ------- -------    ----
   1 !   26.9   0.3   1.1e-07   8.6e-05       2      32 ..      20      49 ..      19      50 .. 0.86

  Alignments for each domain:
  == domain 1  score: 26.9 bits;  conditional E-value: 1.1e-07
              Round3_FinalIHelix  2 keaeglalllfiagletisnsllsslLfyll 32
                                    +++++++l+++ia+++t s++l+ ++L  ++
  tr|A0A6P9AZY3|A0A6P9AZY3_PANGU 20 ENVNQCVLEMLIAAPDTLSVTLF-FMLVLIA 49
                                    689*******************5.7776655 PP

>> tr|A0A1U7QCQ7|A0A1U7QCQ7_MESAU  Aromatase OS=Mesocricetus auratus OX=10036 GN=LOC101836523 PE=3 SV=1
   #    score  bias  c-Evalue  i-Evalue hmmfrom  hmm to    alifrom  ali to    envfrom  env to     acc
 ---   ------ ----- --------- --------- ------- -------    ------- -------    ------- -------    ----
   1 !   27.8   0.3   5.4e-08   4.2e-05       2      30 ..     294     322 ..     292     324 .. 0.84

  Alignments for each domain:
  == domain 1  score: 27.8 bits;  conditional E-value: 5.4e-08
              Round3_FinalIHelix   2 keaeglalllfiagletisnsllsslLfy 30 
                                     +++++++l+++ia+++t+s++l+++lL++
  tr|A0A1U7QCQ7|A0A1U7QCQ7_MESAU 294 ENVNQCVLEMLIAAPDTMSVTLYFMLLLI 322
                                     577*******************9666654 PP

>> tr|A0A7I8W8N4|A0A7I8W8N4_9ANNE  DgyrCDS12723 OS=Dimorphilus gyrociliatus OX=2664684 GN=DGYR_LOCUS11982 PE=3 SV=1
   #    score  bias  c-Evalue  i-Evalue hmmfrom  hmm to    alifrom  ali to    envfrom  env to     acc
 ---   ------ ----- --------- --------- ------- -------    ------- -------    ------- -------    ----
   1 !   22.7   0.1   2.4e-06    0.0019       2      32 ..     266     295 ..     265     296 .. 0.94

  Alignments for each domain:
  == domain 1  score: 22.7 bits;  conditional E-value: 2.4e-06
              Round3_FinalIHelix   2 keaeglalllfiagletisnsllsslLfyll 32 
                                     +ea g++ +lfiag+++++ +l s+lL++l+
  tr|A0A7I8W8N4|A0A7I8W8N4_9ANNE 266 REAVGIITDLFIAGIDSTASAL-SFLLYNLA 295
                                     7899******************.******98 PP

>> tr|A0A9D3ZKZ3|A0A9D3ZKZ3_9ROSI  Cytochrome P450 OS=Gossypium stocksii OX=47602 GN=J1N35_036762 PE=4 SV=1
   #    score  bias  c-Evalue  i-Evalue hmmfrom  hmm to    alifrom  ali to    envfrom  env to     acc
 ---   ------ ----- --------- --------- ------- -------    ------- -------    ------- -------    ----
   1 ?    7.9   0.1      0.14   1.1e+02       6      29 ..     292     314 ..     289     318 .. 0.82
   2 ?   10.0   0.1     0.029        23       5      29 ..     793     816 ..     790     820 .. 0.84
   3 ?    7.4   0.1       0.2   1.6e+02       5      29 ..    1301    1324 ..    1298    1328 .. 0.82

  Alignments for each domain:
  == domain 1  score: 7.9 bits;  conditional E-value: 0.14
              Round3_FinalIHelix   6 glalllfiagletisnsllsslLf 29 
                                     + ++++++ag et++++++ ++  
  tr|A0A9D3ZKZ3|A0A9D3ZKZ3_9ROSI 292 AVIMDVLFAGTETTAVTVI-WVMS 314
                                     568***************7.9644 PP

  == domain 2  score: 10.0 bits;  conditional E-value: 0.029
              Round3_FinalIHelix   5 eglalllfiagletisnsllsslLf 29 
                                     +++++++++ag et++++++ ++  
  tr|A0A9D3ZKZ3|A0A9D3ZKZ3_9ROSI 793 KAIIMDVLFAGTETTAVTVI-WVMS 816
                                     689****************7.9644 PP

  == domain 3  score: 7.4 bits;  conditional E-value: 0.2
              Round3_FinalIHelix    5 eglalllfiagletisnsllsslLf 29  
                                      +++ +++fiag +t++++ + ++  
  tr|A0A9D3ZKZ3|A0A9D3ZKZ3_9ROSI 1301 KAILMDIFIAGTDTAAATII-WVMS 1324
                                      57889*************97.9544 PP

>> tr|A0A6Q2YQZ7|A0A6Q2YQZ7_ESOLU  aromatase OS=Esox lucius OX=8010 PE=3 SV=1
   #    score  bias  c-Evalue  i-Evalue hmmfrom  hmm to    alifrom  ali to    envfrom  env to     acc
 ---   ------ ----- --------- --------- ------- -------    ------- -------    ------- -------    ----
   1 ?    4.5   0.0       1.7   1.4e+03      11      28 ..      95     111 ..      92     116 .. 0.82
   2 !   22.5   0.2   2.7e-06    0.0021       2      31 ..     302     330 ..     301     331 .. 0.87

  Alignments for each domain:
  == domain 1  score: 4.5 bits;  conditional E-value: 1.7
              Round3_FinalIHelix  11 lfiagletisnsllsslL 28 
                                     ++i+g+eti+ s+ +s +
  tr|A0A6Q2YQZ7|A0A6Q2YQZ7_ESOLU  95 VWINGQETIILSS-CSAV 111
                                     69*********99.7755 PP

  == domain 2  score: 22.5 bits;  conditional E-value: 2.7e-06
              Round3_FinalIHelix   2 keaeglalllfiagletisnsllsslLfyl 31 
                                     +++ +++l+++ia+++t s+s++ ++L+ l
  tr|A0A6Q2YQZ7|A0A6Q2YQZ7_ESOLU 302 ENVRQCVLEMLIAAPDTLSVSVF-FMLLLL 330
                                     7889******************5.777665 PP

>> tr|U4UH14|U4UH14_DENPD  Cytochrome P450 OS=Dendroctonus ponderosae OX=77166 GN=D910_09634 PE=3 SV=1
   #    score  bias  c-Evalue  i-Evalue hmmfrom  hmm to    alifrom  ali to    envfrom  env to     acc
 ---   ------ ----- --------- --------- ------- -------    ------- -------    ------- -------    ----
   1 !   14.4   0.5    0.0011      0.87       4      32 ..     178     201 ..     175     202 .. 0.85
   2 !   15.3   0.5   0.00057      0.45       4      32 ..     622     645 ..     619     646 .. 0.85

  Alignments for each domain:
  == domain 1  score: 14.4 bits;  conditional E-value: 0.0011
      Round3_FinalIHelix   4 aeglalllfiagletisnsllsslLfyll 32 
                             a+++    f++g+et+s +l s+lLf+l+
  tr|U4UH14|U4UH14_DENPD 178 ASTF----FLDGYETSSLTL-SFLLFNLA 201
                             5555....888*********.******98 PP

  == domain 2  score: 15.3 bits;  conditional E-value: 0.00057
      Round3_FinalIHelix   4 aeglalllfiagletisnsllsslLfyll 32 
                             a+++    f++g+e++sn++ +slL++l+
  tr|U4UH14|U4UH14_DENPD 622 ATTF----FLDGYESSSNVM-TSLLMNLA 645
                             5555....888*********.8*****98 PP

>> tr|A0A0M4H5A4|A0A0M4H5A4_9CUCU  Cytochrome P450 OS=Dendroctonus armandi OX=77159 GN=CYP393A1 PE=2 SV=1
   #    score  bias  c-Evalue  i-Evalue hmmfrom  hmm to    alifrom  ali to    envfrom  env to     acc
 ---   ------ ----- --------- --------- ------- -------    ------- -------    ------- -------    ----
   1 !   26.3   0.2   1.7e-07   0.00013       4      33 .]     256     284 ..     253     284 .. 0.91

  Alignments for each domain:
  == domain 1  score: 26.3 bits;  conditional E-value: 1.7e-07
              Round3_FinalIHelix   4 aeglalllfiagletisnsllsslLfylla 33 
                                     ++++a+++f+++l+t s+s+ sslLf++++
  tr|A0A0M4H5A4|A0A0M4H5A4_9CUCU 256 VDDIAEEVFNVFLDTLSYSC-SSLLFCFYE 284
                                     3899****************.*******96 PP

>> tr|A0A2K6FYZ2|A0A2K6FYZ2_PROCO  Aromatase OS=Propithecus coquereli OX=379532 GN=CYP19A1 PE=3 SV=1
   #    score  bias  c-Evalue  i-Evalue hmmfrom  hmm to    alifrom  ali to    envfrom  env to     acc
 ---   ------ ----- --------- --------- ------- -------    ------- -------    ------- -------    ----
   1 !   26.5   0.2   1.4e-07   0.00011       2      32 ..     294     323 ..     293     324 .. 0.92

  Alignments for each domain:
  == domain 1  score: 26.5 bits;  conditional E-value: 1.4e-07
              Round3_FinalIHelix   2 keaeglalllfiagletisnsllsslLfyll 32 
                                     +++++++l+++ia+++t+s s+ ++lLf ++
  tr|A0A2K6FYZ2|A0A2K6FYZ2_PROCO 294 ENVNQCVLEMLIAAPDTMSISV-FFLLFLIA 323
                                     789*******************.6****987 PP

>> tr|A0A6Q2WTG5|A0A6Q2WTG5_ESOLU  aromatase OS=Esox lucius OX=8010 PE=3 SV=1
   #    score  bias  c-Evalue  i-Evalue hmmfrom  hmm to    alifrom  ali to    envfrom  env to     acc
 ---   ------ ----- --------- --------- ------- -------    ------- -------    ------- -------    ----
   1 ?    4.5   0.0       1.8   1.4e+03      11      28 ..      95     111 ..      92     116 .. 0.82
   2 !   22.5   0.2   2.7e-06    0.0021       2      31 ..     302     330 ..     301     331 .. 0.87

  Alignments for each domain:
  == domain 1  score: 4.5 bits;  conditional E-value: 1.8
              Round3_FinalIHelix  11 lfiagletisnsllsslL 28 
                                     ++i+g+eti+ s+ +s +
  tr|A0A6Q2WTG5|A0A6Q2WTG5_ESOLU  95 VWINGQETIILSS-CSAV 111
                                     69*********99.7755 PP

  == domain 2  score: 22.5 bits;  conditional E-value: 2.7e-06
              Round3_FinalIHelix   2 keaeglalllfiagletisnsllsslLfyl 31 
                                     +++ +++l+++ia+++t s+s++ ++L+ l
  tr|A0A6Q2WTG5|A0A6Q2WTG5_ESOLU 302 ENVRQCVLEMLIAAPDTLSVSVF-FMLLLL 330
                                     7889******************5.777665 PP

>> tr|A0A1I8F2M7|A0A1I8F2M7_9PLAT  Cytochrome P450 OS=Macrostomum lignano OX=282301 PE=3 SV=1
   #    score  bias  c-Evalue  i-Evalue hmmfrom  hmm to    alifrom  ali to    envfrom  env to     acc
 ---   ------ ----- --------- --------- ------- -------    ------- -------    ------- -------    ----
   1 ?    7.0   0.0      0.27   2.1e+02       9      28 ..     220     238 ..     214     241 .. 0.87
   2 ?    5.9   0.1      0.61   4.8e+02       9      28 ..     730     748 ..     724     751 .. 0.85
   3 !   12.3   0.1    0.0056       4.4       9      28 ..    1263    1281 ..    1257    1285 .. 0.86

  Alignments for each domain:
  == domain 1  score: 7.0 bits;  conditional E-value: 0.27
              Round3_FinalIHelix   9 lllfiagletisnsllsslL 28 
                                     +++f ag +t++++l+ +++
  tr|A0A1I8F2M7|A0A1I8F2M7_9PLAT 220 MDIFGAGTDTTAMTLY-WVI 238
                                     899************8.986 PP

  == domain 2  score: 5.9 bits;  conditional E-value: 0.61
              Round3_FinalIHelix   9 lllfiagletisnsllsslL 28 
                                     +++f ag +t +++l+ +++
  tr|A0A1I8F2M7|A0A1I8F2M7_9PLAT 730 IDIFTAGTDTLAMTLY-WVI 748
                                     688************8.986 PP

  == domain 3  score: 12.3 bits;  conditional E-value: 0.0056
              Round3_FinalIHelix    9 lllfiagletisnsllsslL 28  
                                      +++f ag +t+s++l+ +++
  tr|A0A1I8F2M7|A0A1I8F2M7_9PLAT 1263 MDIFTAGTDTTSMTLY-WMV 1281
                                      89*************9.997 PP

>> tr|A0A6Q2XVT8|A0A6Q2XVT8_ESOLU  aromatase OS=Esox lucius OX=8010 PE=3 SV=1
   #    score  bias  c-Evalue  i-Evalue hmmfrom  hmm to    alifrom  ali to    envfrom  env to     acc
 ---   ------ ----- --------- --------- ------- -------    ------- -------    ------- -------    ----
   1 ?    4.5   0.0       1.8   1.4e+03      11      28 ..     106     122 ..     103     127 .. 0.82
   2 !   22.5   0.2   2.7e-06    0.0021       2      31 ..     313     341 ..     312     342 .. 0.87

  Alignments for each domain:
  == domain 1  score: 4.5 bits;  conditional E-value: 1.8
              Round3_FinalIHelix  11 lfiagletisnsllsslL 28 
                                     ++i+g+eti+ s+ +s +
  tr|A0A6Q2XVT8|A0A6Q2XVT8_ESOLU 106 VWINGQETIILSS-CSAV 122
                                     69*********99.7755 PP

  == domain 2  score: 22.5 bits;  conditional E-value: 2.7e-06
              Round3_FinalIHelix   2 keaeglalllfiagletisnsllsslLfyl 31 
                                     +++ +++l+++ia+++t s+s++ ++L+ l
  tr|A0A6Q2XVT8|A0A6Q2XVT8_ESOLU 313 ENVRQCVLEMLIAAPDTLSVSVF-FMLLLL 341
                                     7889******************5.777665 PP

>> tr|A0A161CLL7|A0A161CLL7_ANDDA  aromatase OS=Andrias davidianus OX=141262 PE=2 SV=1
   #    score  bias  c-Evalue  i-Evalue hmmfrom  hmm to    alifrom  ali to    envfrom  env to     acc
 ---   ------ ----- --------- --------- ------- -------    ------- -------    ------- -------    ----
   1 !   25.6   0.5   2.7e-07   0.00022       2      31 ..     294     322 ..     293     324 .. 0.84

  Alignments for each domain:
  == domain 1  score: 25.6 bits;  conditional E-value: 2.7e-07
              Round3_FinalIHelix   2 keaeglalllfiagletisnsllsslLfyl 31 
                                     ++++++ l+++ia+++t+s+sl+ ++L  +
  tr|A0A161CLL7|A0A161CLL7_ANDDA 294 ENVNQCMLEMLIAAPDTMSVSLF-FMLILI 322
                                     788*******************6.666554 PP

>> tr|A0A1Q3CYL3|A0A1Q3CYL3_CEPFO  p450 domain-containing protein (Fragment) OS=Cephalotus follicularis OX=3775 GN=CFOL_
   #    score  bias  c-Evalue  i-Evalue hmmfrom  hmm to    alifrom  ali to    envfrom  env to     acc
 ---   ------ ----- --------- --------- ------- -------    ------- -------    ------- -------    ----
   1 !   11.5   0.1    0.0095       7.4       6      31 ..     295     319 ..     293     321 .. 0.91
   2 !   13.6   0.1     0.002       1.6       6      31 ..     785     809 ..     783     811 .. 0.92

  Alignments for each domain:
  == domain 1  score: 11.5 bits;  conditional E-value: 0.0095
              Round3_FinalIHelix   6 glalllfiagletisnsllsslLfyl 31 
                                     +++l + iag +t++++l s+++++l
  tr|A0A1Q3CYL3|A0A1Q3CYL3_CEPFO 295 DIILNIMIAGKDTTAATL-SWFIYML 319
                                     5889999***********.******9 PP

  == domain 2  score: 13.6 bits;  conditional E-value: 0.002
              Round3_FinalIHelix   6 glalllfiagletisnsllsslLfyl 31 
                                     +++l ++iag +t++++l s+++++l
  tr|A0A1Q3CYL3|A0A1Q3CYL3_CEPFO 785 DIILNIIIAGKDTTAATL-SWFIYML 809
                                     68999*************.******9 PP

>> tr|A0A914YUU0|A0A914YUU0_9BILA  Cytochrome P450 OS=Panagrolaimus superbus OX=310955 PE=3 SV=1
   #    score  bias  c-Evalue  i-Evalue hmmfrom  hmm to    alifrom  ali to    envfrom  env to     acc
 ---   ------ ----- --------- --------- ------- -------    ------- -------    ------- -------    ----
   1 !   26.8   0.1   1.2e-07   9.3e-05       2      31 ..       7      35 ..       6      36 .. 0.87

  Alignments for each domain:
  == domain 1  score: 26.8 bits;  conditional E-value: 1.2e-07
              Round3_FinalIHelix  2 keaeglalllfiagletisnsllsslLfyl 31
                                    k++++  l+l+iag+et+sn+l  ++++yl
  tr|A0A914YUU0|A0A914YUU0_9BILA  7 KQLYAACLDLWIAGQETTSNTL-AWMVMYL 35
                                    7776667***************.6*****9 PP

>> tr|A0AA97KMB4|A0AA97KMB4_EUBMA  aromatase OS=Eublepharis macularius OX=481883 GN=LOC129345447 PE=3 SV=1
   #    score  bias  c-Evalue  i-Evalue hmmfrom  hmm to    alifrom  ali to    envfrom  env to     acc
 ---   ------ ----- --------- --------- ------- -------    ------- -------    ------- -------    ----
   1 !   25.3   0.3   3.5e-07   0.00027       2      32 ..     293     322 ..     292     323 .. 0.92

  Alignments for each domain:
  == domain 1  score: 25.3 bits;  conditional E-value: 3.5e-07
              Round3_FinalIHelix   2 keaeglalllfiagletisnsllsslLfyll 32 
                                     +++++++l+++ia+++t s++l +++L+ ++
  tr|A0AA97KMB4|A0AA97KMB4_EUBMA 293 ENVNQCVLEMLIAAPDTLSVTL-FFMLALIA 322
                                     688*******************.699*9887 PP

>> tr|A0A1U7UBR7|A0A1U7UBR7_CARSF  Aromatase OS=Carlito syrichta OX=1868482 GN=CYP19A1 PE=3 SV=1
   #    score  bias  c-Evalue  i-Evalue hmmfrom  hmm to    alifrom  ali to    envfrom  env to     acc
 ---   ------ ----- --------- --------- ------- -------    ------- -------    ------- -------    ----
   1 !   25.9   0.3   2.2e-07   0.00017       2      31 ..     294     322 ..     292     324 .. 0.82

  Alignments for each domain:
  == domain 1  score: 25.9 bits;  conditional E-value: 2.2e-07
              Round3_FinalIHelix   2 keaeglalllfiagletisnsllsslLfyl 31 
                                     +++++++l+++ia+++t+s s++ ++L+ +
  tr|A0A1U7UBR7|A0A1U7UBR7_CARSF 294 ENVNQCILEMLIAAPDTMSISVF-FMLLLI 322
                                     577*******************6.555544 PP

>> tr|A0A0L0BP54|A0A0L0BP54_LUCCU  Putative cytochrome P450 12d1 proximal, mitochondrial OS=Lucilia cuprina OX=7375 GN=F
   #    score  bias  c-Evalue  i-Evalue hmmfrom  hmm to    alifrom  ali to    envfrom  env to     acc
 ---   ------ ----- --------- --------- ------- -------    ------- -------    ------- -------    ----
   1 !   26.5   0.3   1.5e-07   0.00012       2      32 ..     314     343 ..     313     344 .. 0.91

  Alignments for each domain:
  == domain 1  score: 26.5 bits;  conditional E-value: 1.5e-07
              Round3_FinalIHelix   2 keaeglalllfiagletisnsllsslLfyll 32 
                                     k a  +a++++iag++t+s++l+ s+L++l+
  tr|A0A0L0BP54|A0A0L0BP54_LUCCU 314 KLAVVMAMDMLIAGVDTTSVTLI-SILLCLA 343
                                     56789*****************7.******8 PP

>> tr|A0A6Q2YS14|A0A6Q2YS14_ESOLU  aromatase OS=Esox lucius OX=8010 PE=3 SV=1
   #    score  bias  c-Evalue  i-Evalue hmmfrom  hmm to    alifrom  ali to    envfrom  env to     acc
 ---   ------ ----- --------- --------- ------- -------    ------- -------    ------- -------    ----
   1 ?    4.5   0.0       1.8   1.4e+03      11      28 ..     106     122 ..     103     127 .. 0.82
   2 !   22.5   0.2   2.8e-06    0.0022       2      31 ..     313     341 ..     312     342 .. 0.87

  Alignments for each domain:
  == domain 1  score: 4.5 bits;  conditional E-value: 1.8
              Round3_FinalIHelix  11 lfiagletisnsllsslL 28 
                                     ++i+g+eti+ s+ +s +
  tr|A0A6Q2YS14|A0A6Q2YS14_ESOLU 106 VWINGQETIILSS-CSAV 122
                                     69*********99.7755 PP

  == domain 2  score: 22.5 bits;  conditional E-value: 2.8e-06
              Round3_FinalIHelix   2 keaeglalllfiagletisnsllsslLfyl 31 
                                     +++ +++l+++ia+++t s+s++ ++L+ l
  tr|A0A6Q2YS14|A0A6Q2YS14_ESOLU 313 ENVRQCVLEMLIAAPDTLSVSVF-FMLLLL 341
                                     7889******************5.777665 PP

>> tr|A0A6Q2X349|A0A6Q2X349_ESOLU  aromatase OS=Esox lucius OX=8010 PE=3 SV=1
   #    score  bias  c-Evalue  i-Evalue hmmfrom  hmm to    alifrom  ali to    envfrom  env to     acc
 ---   ------ ----- --------- --------- ------- -------    ------- -------    ------- -------    ----
   1 ?    4.5   0.0       1.8   1.4e+03      11      28 ..      95     111 ..      92     116 .. 0.82
   2 !   22.5   0.2   2.7e-06    0.0021       2      31 ..     299     327 ..     298     328 .. 0.87

  Alignments for each domain:
  == domain 1  score: 4.5 bits;  conditional E-value: 1.8
              Round3_FinalIHelix  11 lfiagletisnsllsslL 28 
                                     ++i+g+eti+ s+ +s +
  tr|A0A6Q2X349|A0A6Q2X349_ESOLU  95 VWINGQETIILSS-CSAV 111
                                     69*********99.7755 PP

  == domain 2  score: 22.5 bits;  conditional E-value: 2.7e-06
              Round3_FinalIHelix   2 keaeglalllfiagletisnsllsslLfyl 31 
                                     +++ +++l+++ia+++t s+s++ ++L+ l
  tr|A0A6Q2X349|A0A6Q2X349_ESOLU 299 ENVRQCVLEMLIAAPDTLSVSVF-FMLLLL 327
                                     7889******************5.777665 PP

>> tr|A0A1I8IDM8|A0A1I8IDM8_9PLAT  Cytochrome P450 OS=Macrostomum lignano OX=282301 PE=3 SV=1
   #    score  bias  c-Evalue  i-Evalue hmmfrom  hmm to    alifrom  ali to    envfrom  env to     acc
 ---   ------ ----- --------- --------- ------- -------    ------- -------    ------- -------    ----
   1 ?    7.0   0.0      0.28   2.2e+02       9      28 ..     250     268 ..     244     271 .. 0.87
   2 ?    5.9   0.1      0.64   5.1e+02       9      28 ..     748     766 ..     742     769 .. 0.85
   3 !   12.2   0.1    0.0059       4.6       9      28 ..    1259    1277 ..    1253    1281 .. 0.86

  Alignments for each domain:
  == domain 1  score: 7.0 bits;  conditional E-value: 0.28
              Round3_FinalIHelix   9 lllfiagletisnsllsslL 28 
                                     +++f ag +t++++l+ +++
  tr|A0A1I8IDM8|A0A1I8IDM8_9PLAT 250 MDIFGAGTDTTAMTLY-WVI 268
                                     899************8.986 PP

  == domain 2  score: 5.9 bits;  conditional E-value: 0.64
              Round3_FinalIHelix   9 lllfiagletisnsllsslL 28 
                                     +++f ag +t +++l+ +++
  tr|A0A1I8IDM8|A0A1I8IDM8_9PLAT 748 IDIFTAGTDTLAMTLY-WVI 766
                                     688************8.986 PP

  == domain 3  score: 12.2 bits;  conditional E-value: 0.0059
              Round3_FinalIHelix    9 lllfiagletisnsllsslL 28  
                                      +++f ag +t+s++l+ +++
  tr|A0A1I8IDM8|A0A1I8IDM8_9PLAT 1259 MDIFTAGTDTTSMTLY-WMV 1277
                                      89*************9.997 PP

>> tr|A0A8T0EDM9|A0A8T0EDM9_ARGBR  Cytochrome P450 4c3 like protein OS=Argiope bruennichi OX=94029 GN=HNY73_018366 PE=3 
   #    score  bias  c-Evalue  i-Evalue hmmfrom  hmm to    alifrom  ali to    envfrom  env to     acc
 ---   ------ ----- --------- --------- ------- -------    ------- -------    ------- -------    ----
   1 !   12.8   0.0    0.0037       2.9      12      31 ..     337     355 ..     330     356 .. 0.85
   2 !   11.7   0.0    0.0086       6.8       6      31 ..     675     695 ..     670     696 .. 0.86

  Alignments for each domain:
  == domain 1  score: 12.8 bits;  conditional E-value: 0.0037
              Round3_FinalIHelix  12 fiagletisnsllsslLfyl 31 
                                      +ag++t+++++ s++L++l
  tr|A0A8T0EDM9|A0A8T0EDM9_ARGBR 337 MLAGQDTTAAAM-SWTLYCL 355
                                     469*********.******8 PP

  == domain 2  score: 11.7 bits;  conditional E-value: 0.0086
              Round3_FinalIHelix   6 glalllfiagletisnsllsslLfyl 31 
                                     ++    ++ag++t++++  s++L++l
  tr|A0A8T0EDM9|A0A8T0EDM9_ARGBR 675 TF----LLAGQDTTAAAI-SWTLYCL 695
                                     44....89**********.******8 PP

>> tr|A0A067QFQ4|A0A067QFQ4_ZOONE  Cytochrome P450 2U1 OS=Zootermopsis nevadensis OX=136037 GN=L798_02994 PE=3 SV=1
   #    score  bias  c-Evalue  i-Evalue hmmfrom  hmm to    alifrom  ali to    envfrom  env to     acc
 ---   ------ ----- --------- --------- ------- -------    ------- -------    ------- -------    ----
   1 !   27.6   1.0   6.3e-08     5e-05       3      32 ..      16      45 ..      14      46 .. 0.92

  Alignments for each domain:
  == domain 1  score: 27.6 bits;  conditional E-value: 6.3e-08
              Round3_FinalIHelix  3 eaeglalllfiagletisnsllsslLfyll 32
                                    ++ +l l+lf+ag+et+sn+l++++L++ll
  tr|A0A067QFQ4|A0A067QFQ4_ZOONE 16 QLVALCLDLFMAGSETTSNTLGFAVLYMLL 45
                                    667899**********************97 PP

>> tr|A0A6Q2XAY6|A0A6Q2XAY6_ESOLU  aromatase OS=Esox lucius OX=8010 PE=3 SV=1
   #    score  bias  c-Evalue  i-Evalue hmmfrom  hmm to    alifrom  ali to    envfrom  env to     acc
 ---   ------ ----- --------- --------- ------- -------    ------- -------    ------- -------    ----
   1 ?    4.5   0.0       1.7   1.4e+03      11      28 ..      75      91 ..      72      96 .. 0.82
   2 !   22.6   0.2   2.7e-06    0.0021       2      31 ..     282     310 ..     281     311 .. 0.87

  Alignments for each domain:
  == domain 1  score: 4.5 bits;  conditional E-value: 1.7
              Round3_FinalIHelix 11 lfiagletisnsllsslL 28
                                    ++i+g+eti+ s+ +s +
  tr|A0A6Q2XAY6|A0A6Q2XAY6_ESOLU 75 VWINGQETIILSS-CSAV 91
                                    69*********99.7755 PP

  == domain 2  score: 22.6 bits;  conditional E-value: 2.7e-06
              Round3_FinalIHelix   2 keaeglalllfiagletisnsllsslLfyl 31 
                                     +++ +++l+++ia+++t s+s++ ++L+ l
  tr|A0A6Q2XAY6|A0A6Q2XAY6_ESOLU 282 ENVRQCVLEMLIAAPDTLSVSVF-FMLLLL 310
                                     7889******************5.777665 PP

>> tr|A0A401PVY6|A0A401PVY6_SCYTO  aromatase OS=Scyliorhinus torazame OX=75743 GN=scyTo_0017581 PE=3 SV=1
   #    score  bias  c-Evalue  i-Evalue hmmfrom  hmm to    alifrom  ali to    envfrom  env to     acc
 ---   ------ ----- --------- --------- ------- -------    ------- -------    ------- -------    ----
   1 !   23.8   0.1   1.1e-06   0.00086       3      32 ..     278     306 ..     276     307 .. 0.90

  Alignments for each domain:
  == domain 1  score: 23.8 bits;  conditional E-value: 1.1e-06
              Round3_FinalIHelix   3 eaeglalllfiagletisnsllsslLfyll 32 
                                     ++ +++l+++iag++t+s+s  +++L+ ++
  tr|A0A401PVY6|A0A401PVY6_SCYTO 278 NVRQCVLEILIAGPDTMSVSI-FFMLMLIA 306
                                     6789*****************.699*9876 PP

>> tr|A0A6J0THM9|A0A6J0THM9_9SAUR  aromatase OS=Pogona vitticeps OX=103695 GN=LOC110077216 PE=3 SV=1
   #    score  bias  c-Evalue  i-Evalue hmmfrom  hmm to    alifrom  ali to    envfrom  env to     acc
 ---   ------ ----- --------- --------- ------- -------    ------- -------    ------- -------    ----
   1 !   24.7   0.3   5.5e-07   0.00043       2      32 ..     294     323 ..     293     324 .. 0.86

  Alignments for each domain:
  == domain 1  score: 24.7 bits;  conditional E-value: 5.5e-07
              Round3_FinalIHelix   2 keaeglalllfiagletisnsllsslLfyll 32 
                                     +++++++l+++ia+++t s++l+ ++L  ++
  tr|A0A6J0THM9|A0A6J0THM9_9SAUR 294 ENVNQCVLEMLIAAPDTLSVTLF-FMLVLIA 323
                                     688*******************5.7776655 PP

>> tr|V5K5D4|V5K5D4_LEPDE  Cytochrome P450 413a1 OS=Leptinotarsa decemlineata OX=7539 GN=Cyp413a1 PE=2 SV=1
   #    score  bias  c-Evalue  i-Evalue hmmfrom  hmm to    alifrom  ali to    envfrom  env to     acc
 ---   ------ ----- --------- --------- ------- -------    ------- -------    ------- -------    ----
   1 !   25.9   0.0   2.2e-07   0.00018       2      33 .]     260     290 ..     259     290 .. 0.95

  Alignments for each domain:
  == domain 1  score: 25.9 bits;  conditional E-value: 2.2e-07
      Round3_FinalIHelix   2 keaeglalllfiagletisnsllsslLfylla 33 
                             +e+eg++++++++++e+i++s+ s++Lf+l++
  tr|V5K5D4|V5K5D4_LEPDE 260 RESEGIIDEIIEIAVENIIYSC-STVLFCLYE 290
                             789*******************.*******96 PP

>> tr|A8XD01|A8XD01_CAEBR  Protein CBR-CYP-35C1 OS=Caenorhabditis briggsae OX=6238 GN=cyp-35c1 PE=3 SV=2
   #    score  bias  c-Evalue  i-Evalue hmmfrom  hmm to    alifrom  ali to    envfrom  env to     acc
 ---   ------ ----- --------- --------- ------- -------    ------- -------    ------- -------    ----
   1 !   26.2   0.1   1.8e-07   0.00014       2      32 ..     293     323 ..     292     324 .. 0.93

  Alignments for each domain:
  == domain 1  score: 26.2 bits;  conditional E-value: 1.8e-07
      Round3_FinalIHelix   2 keaeglalllfiagletisnsllsslLfyll 32 
                             +++++l+l+l+i+g+et++++l+s+++++l+
  tr|A8XD01|A8XD01_CAEBR 293 ENLKMLVLDLWITGQETTTMTLISAFIRFLN 323
                             788************************9996 PP

>> tr|A0A3P8ZGF8|A0A3P8ZGF8_ESOLU  aromatase OS=Esox lucius OX=8010 PE=3 SV=2
   #    score  bias  c-Evalue  i-Evalue hmmfrom  hmm to    alifrom  ali to    envfrom  env to     acc
 ---   ------ ----- --------- --------- ------- -------    ------- -------    ------- -------    ----
   1 ?    4.4   0.0       1.9   1.5e+03      11      28 ..     110     126 ..     107     131 .. 0.82
   2 !   22.4   0.2   2.9e-06    0.0023       2      31 ..     317     345 ..     316     346 .. 0.87

  Alignments for each domain:
  == domain 1  score: 4.4 bits;  conditional E-value: 1.9
              Round3_FinalIHelix  11 lfiagletisnsllsslL 28 
                                     ++i+g+eti+ s+ +s +
  tr|A0A3P8ZGF8|A0A3P8ZGF8_ESOLU 110 VWINGQETIILSS-CSAV 126
                                     69*********99.7755 PP

  == domain 2  score: 22.4 bits;  conditional E-value: 2.9e-06
              Round3_FinalIHelix   2 keaeglalllfiagletisnsllsslLfyl 31 
                                     +++ +++l+++ia+++t s+s++ ++L+ l
  tr|A0A3P8ZGF8|A0A3P8ZGF8_ESOLU 317 ENVRQCVLEMLIAAPDTLSVSVF-FMLLLL 345
                                     7889******************5.777665 PP

>> tr|A0A6Q2YR36|A0A6Q2YR36_ESOLU  aromatase OS=Esox lucius OX=8010 PE=3 SV=1
   #    score  bias  c-Evalue  i-Evalue hmmfrom  hmm to    alifrom  ali to    envfrom  env to     acc
 ---   ------ ----- --------- --------- ------- -------    ------- -------    ------- -------    ----
   1 ?    4.4   0.0       1.9   1.5e+03      11      28 ..     106     122 ..     103     127 .. 0.82
   2 !   22.5   0.2   2.9e-06    0.0022       2      31 ..     313     341 ..     312     342 .. 0.87

  Alignments for each domain:
  == domain 1  score: 4.4 bits;  conditional E-value: 1.9
              Round3_FinalIHelix  11 lfiagletisnsllsslL 28 
                                     ++i+g+eti+ s+ +s +
  tr|A0A6Q2YR36|A0A6Q2YR36_ESOLU 106 VWINGQETIILSS-CSAV 122
                                     69*********99.7755 PP

  == domain 2  score: 22.5 bits;  conditional E-value: 2.9e-06
              Round3_FinalIHelix   2 keaeglalllfiagletisnsllsslLfyl 31 
                                     +++ +++l+++ia+++t s+s++ ++L+ l
  tr|A0A6Q2YR36|A0A6Q2YR36_ESOLU 313 ENVRQCVLEMLIAAPDTLSVSVF-FMLLLL 341
                                     7889******************5.777665 PP

>> tr|A0A6Q2XTB2|A0A6Q2XTB2_ESOLU  aromatase OS=Esox lucius OX=8010 PE=3 SV=1
   #    score  bias  c-Evalue  i-Evalue hmmfrom  hmm to    alifrom  ali to    envfrom  env to     acc
 ---   ------ ----- --------- --------- ------- -------    ------- -------    ------- -------    ----
   1 ?    4.4   0.0       1.9   1.5e+03      11      28 ..     108     124 ..     105     129 .. 0.82
   2 !   22.4   0.2   2.9e-06    0.0023       2      31 ..     315     343 ..     314     344 .. 0.87

  Alignments for each domain:
  == domain 1  score: 4.4 bits;  conditional E-value: 1.9
              Round3_FinalIHelix  11 lfiagletisnsllsslL 28 
                                     ++i+g+eti+ s+ +s +
  tr|A0A6Q2XTB2|A0A6Q2XTB2_ESOLU 108 VWINGQETIILSS-CSAV 124
                                     69*********99.7755 PP

  == domain 2  score: 22.4 bits;  conditional E-value: 2.9e-06
              Round3_FinalIHelix   2 keaeglalllfiagletisnsllsslLfyl 31 
                                     +++ +++l+++ia+++t s+s++ ++L+ l
  tr|A0A6Q2XTB2|A0A6Q2XTB2_ESOLU 315 ENVRQCVLEMLIAAPDTLSVSVF-FMLLLL 343
                                     7889******************5.777665 PP

>> tr|A0A7L3ATP7|A0A7L3ATP7_9AVES  CP19A Aromatase (Fragment) OS=Syrrhaptes paradoxus OX=302527 GN=Cyp19a1 PE=3 SV=1
   #    score  bias  c-Evalue  i-Evalue hmmfrom  hmm to    alifrom  ali to    envfrom  env to     acc
 ---   ------ ----- --------- --------- ------- -------    ------- -------    ------- -------    ----
   1 !   26.8   0.6   1.2e-07   9.3e-05       2      32 ..      25      54 ..      24      55 .. 0.86

  Alignments for each domain:
  == domain 1  score: 26.8 bits;  conditional E-value: 1.2e-07
              Round3_FinalIHelix  2 keaeglalllfiagletisnsllsslLfyll 32
                                    +++++++l++ ia+++t s++l+ ++L  ++
  tr|A0A7L3ATP7|A0A7L3ATP7_9AVES 25 ENVNQCVLEMMIAAPDTLSVTLF-FMLILIA 54
                                    789*******************5.7776655 PP

>> tr|A0A8J4RIJ4|A0A8J4RIJ4_9ROSI  Cytochrome P450 OS=Castanea mollissima OX=60419 GN=CMV_010826 PE=4 SV=1
   #    score  bias  c-Evalue  i-Evalue hmmfrom  hmm to    alifrom  ali to    envfrom  env to     acc
 ---   ------ ----- --------- --------- ------- -------    ------- -------    ------- -------    ----
   1 !   14.3   0.0    0.0012      0.95       5      26 ..      22      42 ..      17      47 .. 0.86
   2 ?   10.0   0.0     0.029        23       5      23 ..     349     367 ..     344     374 .. 0.89

  Alignments for each domain:
  == domain 1  score: 14.3 bits;  conditional E-value: 0.0012
              Round3_FinalIHelix  5 eglalllfiagletisnsllss 26
                                    e+l+l+lfiag +t+s++l  +
  tr|A0A8J4RIJ4|A0A8J4RIJ4_9ROSI 22 ERLFLDLFIAGNDTTSAAL-EW 42
                                    89***************99.35 PP

  == domain 2  score: 10.0 bits;  conditional E-value: 0.029
              Round3_FinalIHelix   5 eglalllfiagletisnsl 23 
                                     e+l+ +lf+ag +t+s++l
  tr|A0A8J4RIJ4|A0A8J4RIJ4_9ROSI 349 ERLFVDLFLAGNDTTSATL 367
                                     899**************98 PP

>> tr|A0A7L4HE75|A0A7L4HE75_PODST  CP19A Aromatase (Fragment) OS=Podargus strigoides OX=8905 GN=Cyp19a1 PE=3 SV=1
   #    score  bias  c-Evalue  i-Evalue hmmfrom  hmm to    alifrom  ali to    envfrom  env to     acc
 ---   ------ ----- --------- --------- ------- -------    ------- -------    ------- -------    ----
   1 !   26.8   0.6   1.1e-07   8.7e-05       2      32 ..      23      52 ..      22      53 .. 0.86

  Alignments for each domain:
  == domain 1  score: 26.8 bits;  conditional E-value: 1.1e-07
              Round3_FinalIHelix  2 keaeglalllfiagletisnsllsslLfyll 32
                                    +++++++l++ ia+++t s++l+ ++L  ++
  tr|A0A7L4HE75|A0A7L4HE75_PODST 23 ENVNQCVLEMMIAAPDTLSVTLF-FMLILIA 52
                                    789*******************5.7776655 PP

>> tr|A0A9F2NVB8|A0A9F2NVB8_PYTBI  aromatase OS=Python bivittatus OX=176946 GN=LOC103056596 PE=3 SV=1
   #    score  bias  c-Evalue  i-Evalue hmmfrom  hmm to    alifrom  ali to    envfrom  env to     acc
 ---   ------ ----- --------- --------- ------- -------    ------- -------    ------- -------    ----
   1 !   24.7   0.3   5.5e-07   0.00043       2      32 ..     295     324 ..     294     325 .. 0.86

  Alignments for each domain:
  == domain 1  score: 24.7 bits;  conditional E-value: 5.5e-07
              Round3_FinalIHelix   2 keaeglalllfiagletisnsllsslLfyll 32 
                                     +++++++l+++ia+++t s++l+ ++L  ++
  tr|A0A9F2NVB8|A0A9F2NVB8_PYTBI 295 ENVNQCVLEMLIAAPDTLSVTLF-FMLVLIA 324
                                     688*******************5.7776655 PP

>> tr|A0A2Y9S2P9|A0A2Y9S2P9_PHYMC  aromatase OS=Physeter macrocephalus OX=9755 GN=LOC102995165 PE=3 SV=1
   #    score  bias  c-Evalue  i-Evalue hmmfrom  hmm to    alifrom  ali to    envfrom  env to     acc
 ---   ------ ----- --------- --------- ------- -------    ------- -------    ------- -------    ----
   1 !   25.6   0.1   2.9e-07   0.00022       2      32 ..     303     332 ..     302     333 .. 0.84

  Alignments for each domain:
  == domain 1  score: 25.6 bits;  conditional E-value: 2.9e-07
              Round3_FinalIHelix   2 keaeglalllfiagletisnsllsslLfyll 32 
                                     ++++++ l+++ia+++tis+s++ ++L+ ++
  tr|A0A2Y9S2P9|A0A2Y9S2P9_PHYMC 303 ENVNQCTLEMLIAAPDTISVSVF-FMLLLIA 332
                                     789*******************6.6666554 PP

>> tr|A0A974DCV6|A0A974DCV6_XENLA  aromatase OS=Xenopus laevis OX=8355 GN=XELAEV_18018212mg PE=3 SV=1
   #    score  bias  c-Evalue  i-Evalue hmmfrom  hmm to    alifrom  ali to    envfrom  env to     acc
 ---   ------ ----- --------- --------- ------- -------    ------- -------    ------- -------    ----
   1 !   27.4   0.5   7.2e-08   5.6e-05       2      31 ..     292     320 ..     291     322 .. 0.85

  Alignments for each domain:
  == domain 1  score: 27.4 bits;  conditional E-value: 7.2e-08
              Round3_FinalIHelix   2 keaeglalllfiagletisnsllsslLfyl 31 
                                     +++++++l+++ia+++t+s+sl+ ++L  +
  tr|A0A974DCV6|A0A974DCV6_XENLA 292 ENVNQCILEMLIAAPDTMSVSLF-FMLVLI 320
                                     789*******************6.666554 PP

>> tr|Q68FK0|Q68FK0_XENLA  aromatase OS=Xenopus laevis OX=8355 GN=cyp19a1.L PE=2 SV=1
   #    score  bias  c-Evalue  i-Evalue hmmfrom  hmm to    alifrom  ali to    envfrom  env to     acc
 ---   ------ ----- --------- --------- ------- -------    ------- -------    ------- -------    ----
   1 !   27.4   0.5   7.2e-08   5.6e-05       2      31 ..     292     320 ..     291     322 .. 0.85

  Alignments for each domain:
  == domain 1  score: 27.4 bits;  conditional E-value: 7.2e-08
      Round3_FinalIHelix   2 keaeglalllfiagletisnsllsslLfyl 31 
                             +++++++l+++ia+++t+s+sl+ ++L  +
  tr|Q68FK0|Q68FK0_XENLA 292 ENVNQCILEMLIAAPDTMSVSLF-FMLVLI 320
                             789*******************6.666554 PP

>> tr|Q9IBE6|Q9IBE6_XENLA  aromatase OS=Xenopus laevis OX=8355 GN=P450 arom PE=2 SV=1
   #    score  bias  c-Evalue  i-Evalue hmmfrom  hmm to    alifrom  ali to    envfrom  env to     acc
 ---   ------ ----- --------- --------- ------- -------    ------- -------    ------- -------    ----
   1 !   27.4   0.5   7.2e-08   5.6e-05       2      31 ..     292     320 ..     291     322 .. 0.85

  Alignments for each domain:
  == domain 1  score: 27.4 bits;  conditional E-value: 7.2e-08
      Round3_FinalIHelix   2 keaeglalllfiagletisnsllsslLfyl 31 
                             +++++++l+++ia+++t+s+sl+ ++L  +
  tr|Q9IBE6|Q9IBE6_XENLA 292 ENVNQCILEMLIAAPDTMSVSLF-FMLVLI 320
                             789*******************6.666554 PP

>> tr|A0A9W7TQ03|A0A9W7TQ03_TRIRA  Cytochrome P450 2J2 OS=Triplophysa rosa OX=992332 GN=IRJ41_013898 PE=3 SV=1
   #    score  bias  c-Evalue  i-Evalue hmmfrom  hmm to    alifrom  ali to    envfrom  env to     acc
 ---   ------ ----- --------- --------- ------- -------    ------- -------    ------- -------    ----
   1 ?    5.7   0.1      0.72   5.7e+02       7      31 ..     295     318 ..     292     320 .. 0.84
   2 !   19.6   0.3   2.4e-05     0.019       2      31 ..     782     810 ..     780     812 .. 0.88

  Alignments for each domain:
  == domain 1  score: 5.7 bits;  conditional E-value: 0.72
              Round3_FinalIHelix   7 lalllfiagletisnsllsslLfyl 31 
                                     +  +lf+ g et++n+l  + L+yl
  tr|A0A9W7TQ03|A0A9W7TQ03_TRIRA 295 CMVDLFEGGTETTTNTLR-WALLYL 318
                                     66799************5.777777 PP

  == domain 2  score: 19.6 bits;  conditional E-value: 2.4e-05
              Round3_FinalIHelix   2 keaeglalllfiagletisnsllsslLfyl 31 
                                     +++ +++l+lf+ag et+s +l ++ L yl
  tr|A0A9W7TQ03|A0A9W7TQ03_TRIRA 782 QNLIMCVLDLFLAGTETTSTTL-CWGLIYL 810
                                     566*******************.9*88887 PP

>> tr|U4UG23|U4UG23_DENPD  Cytochrome P450 OS=Dendroctonus ponderosae OX=77166 GN=D910_08650 PE=3 SV=1
   #    score  bias  c-Evalue  i-Evalue hmmfrom  hmm to    alifrom  ali to    envfrom  env to     acc
 ---   ------ ----- --------- --------- ------- -------    ------- -------    ------- -------    ----
   1 !   27.3   0.5   7.6e-08     6e-05       5      33 .]     260     287 ..     258     287 .. 0.93

  Alignments for each domain:
  == domain 1  score: 27.3 bits;  conditional E-value: 7.6e-08
      Round3_FinalIHelix   5 eglalllfiagletisnsllsslLfylla 33 
                             +++a+++f+a+l+t s+s+ sslLf++++
  tr|U4UG23|U4UG23_DENPD 260 DDIAEEVFNAFLDTLSYSC-SSLLFCFYE 287
                             689****************.*******96 PP

>> tr|A0A1I8J256|A0A1I8J256_9PLAT  Cytochrome P450 OS=Macrostomum lignano OX=282301 PE=3 SV=1
   #    score  bias  c-Evalue  i-Evalue hmmfrom  hmm to    alifrom  ali to    envfrom  env to     acc
 ---   ------ ----- --------- --------- ------- -------    ------- -------    ------- -------    ----
   1 ?    6.9   0.0       0.3   2.3e+02       9      28 ..     317     335 ..     311     338 .. 0.87
   2 ?    5.8   0.1      0.69   5.4e+02       9      28 ..     832     850 ..     826     853 .. 0.85
   3 !   12.1   0.1    0.0063       4.9       9      28 ..    1343    1361 ..    1337    1365 .. 0.86

  Alignments for each domain:
  == domain 1  score: 6.9 bits;  conditional E-value: 0.3
              Round3_FinalIHelix   9 lllfiagletisnsllsslL 28 
                                     +++f ag +t++++l+ +++
  tr|A0A1I8J256|A0A1I8J256_9PLAT 317 MDIFGAGTDTTAMTLY-WVI 335
                                     899************8.986 PP

  == domain 2  score: 5.8 bits;  conditional E-value: 0.69
              Round3_FinalIHelix   9 lllfiagletisnsllsslL 28 
                                     +++f ag +t +++l+ +++
  tr|A0A1I8J256|A0A1I8J256_9PLAT 832 IDIFTAGTDTLAMTLY-WVI 850
                                     688************8.986 PP

  == domain 3  score: 12.1 bits;  conditional E-value: 0.0063
              Round3_FinalIHelix    9 lllfiagletisnsllsslL 28  
                                      +++f ag +t+s++l+ +++
  tr|A0A1I8J256|A0A1I8J256_9PLAT 1343 MDIFTAGTDTTSMTLY-WMV 1361
                                      89*************9.997 PP

>> tr|A0A0U2S7G9|A0A0U2S7G9_CYPCA  Cytochrome P450 family 19 (Fragment) OS=Cyprinus carpio OX=7962 GN=CYP19 PE=3 SV=1
   #    score  bias  c-Evalue  i-Evalue hmmfrom  hmm to    alifrom  ali to    envfrom  env to     acc
 ---   ------ ----- --------- --------- ------- -------    ------- -------    ------- -------    ----
   1 !   26.9   0.2     1e-07   8.2e-05       2      29 ..      41      67 ..      40      68 .] 0.87

  Alignments for each domain:
  == domain 1  score: 26.9 bits;  conditional E-value: 1e-07
              Round3_FinalIHelix  2 keaeglalllfiagletisnsllsslLf 29
                                    +++++++l+++ia+++t s sl+ ++L+
  tr|A0A0U2S7G9|A0A0U2S7G9_CYPCA 41 ENVKQCVLEMIIAAPDTLSISLF-FMLL 67
                                    789*******************6.6554 PP

>> tr|A0A670Z1Q8|A0A670Z1Q8_PSETE  aromatase OS=Pseudonaja textilis OX=8673 GN=CYP19A1 PE=3 SV=1
   #    score  bias  c-Evalue  i-Evalue hmmfrom  hmm to    alifrom  ali to    envfrom  env to     acc
 ---   ------ ----- --------- --------- ------- -------    ------- -------    ------- -------    ----
   1 !   22.7   0.3   2.3e-06    0.0018       2      32 ..     254     283 ..     253     284 .. 0.86

  Alignments for each domain:
  == domain 1  score: 22.7 bits;  conditional E-value: 2.3e-06
              Round3_FinalIHelix   2 keaeglalllfiagletisnsllsslLfyll 32 
                                     +++++++l+++ia+++t +++l+ ++L  ++
  tr|A0A670Z1Q8|A0A670Z1Q8_PSETE 254 ENVNQCVLEMLIAAPDTLAVTLF-FMLVLIA 283
                                     688*******************5.7776655 PP

>> tr|A0A803K279|A0A803K279_XENTR  aromatase OS=Xenopus tropicalis OX=8364 GN=cyp19a1 PE=3 SV=1
   #    score  bias  c-Evalue  i-Evalue hmmfrom  hmm to    alifrom  ali to    envfrom  env to     acc
 ---   ------ ----- --------- --------- ------- -------    ------- -------    ------- -------    ----
   1 !   27.3   0.4   7.8e-08   6.1e-05       2      31 ..     272     300 ..     271     302 .. 0.87

  Alignments for each domain:
  == domain 1  score: 27.3 bits;  conditional E-value: 7.8e-08
              Round3_FinalIHelix   2 keaeglalllfiagletisnsllsslLfyl 31 
                                     +++++++l+++ia+++t+s+sl +++L  +
  tr|A0A803K279|A0A803K279_XENTR 272 ENVNQCILEMLIAAPDTMSVSL-FFMLVLV 300
                                     789*******************.5888665 PP

>> tr|Q402H1|Q402H1_EUBMA  aromatase OS=Eublepharis macularius OX=481883 GN=P450arom PE=2 SV=1
   #    score  bias  c-Evalue  i-Evalue hmmfrom  hmm to    alifrom  ali to    envfrom  env to     acc
 ---   ------ ----- --------- --------- ------- -------    ------- -------    ------- -------    ----
   1 !   25.3   0.3   3.5e-07   0.00027       2      32 ..     293     322 ..     292     323 .. 0.92

  Alignments for each domain:
  == domain 1  score: 25.3 bits;  conditional E-value: 3.5e-07
      Round3_FinalIHelix   2 keaeglalllfiagletisnsllsslLfyll 32 
                             +++++++l+++ia+++t s++l +++L+ ++
  tr|Q402H1|Q402H1_EUBMA 293 ENVNQCVLEMLIAAPDTLSVTL-FFMLALIA 322
                             688*******************.699*9887 PP

>> tr|N6TN81|N6TN81_DENPD  Cytochrome P450 CYP347b1 (Fragment) OS=Dendroctonus ponderosae OX=77166 GN=YQE_12635 PE=3 SV=
   #    score  bias  c-Evalue  i-Evalue hmmfrom  hmm to    alifrom  ali to    envfrom  env to     acc
 ---   ------ ----- --------- --------- ------- -------    ------- -------    ------- -------    ----
   1 !   14.1   0.5    0.0015       1.1       4      32 ..     349     372 ..     346     373 .. 0.85
   2 !   15.0   0.5   0.00075      0.59       4      32 ..     849     872 ..     846     873 .. 0.85

  Alignments for each domain:
  == domain 1  score: 14.1 bits;  conditional E-value: 0.0015
      Round3_FinalIHelix   4 aeglalllfiagletisnsllsslLfyll 32 
                             a+++    f++g+et+s +l s+lLf+l+
  tr|N6TN81|N6TN81_DENPD 349 ASTF----FLDGYETSSLTL-SFLLFNLA 372
                             5555....888*********.******98 PP

  == domain 2  score: 15.0 bits;  conditional E-value: 0.00075
      Round3_FinalIHelix   4 aeglalllfiagletisnsllsslLfyll 32 
                             a+++    f++g+e++sn++ +slL++l+
  tr|N6TN81|N6TN81_DENPD 849 ATTF----FLDGYESSSNVM-TSLLMNLA 872
                             5555....888*********.8*****98 PP

>> tr|A0A7K8SNU8|A0A7K8SNU8_9AVES  CP19A Aromatase (Fragment) OS=Nyctibius bracteatus OX=48426 GN=Cyp19a1_0 PE=3 SV=1
   #    score  bias  c-Evalue  i-Evalue hmmfrom  hmm to    alifrom  ali to    envfrom  env to     acc
 ---   ------ ----- --------- --------- ------- -------    ------- -------    ------- -------    ----
   1 !   26.5   0.8   1.4e-07   0.00011       2      32 ..      47      76 ..      46      77 .. 0.91

  Alignments for each domain:
  == domain 1  score: 26.5 bits;  conditional E-value: 1.4e-07
              Round3_FinalIHelix  2 keaeglalllfiagletisnsllsslLfyll 32
                                    +++++++l++ ia+++t s++l +++L  l+
  tr|A0A7K8SNU8|A0A7K8SNU8_9AVES 47 ENVNQCVLEMMIAAPDTLSVTL-FFMLILLA 76
                                    689*******************.69999887 PP

>> tr|Q0EDH6|Q0EDH6_XENTR  aromatase OS=Xenopus tropicalis OX=8364 GN=cyp19 PE=2 SV=1
   #    score  bias  c-Evalue  i-Evalue hmmfrom  hmm to    alifrom  ali to    envfrom  env to     acc
 ---   ------ ----- --------- --------- ------- -------    ------- -------    ------- -------    ----
   1 !   27.2   0.4   8.2e-08   6.5e-05       2      31 ..     292     320 ..     291     322 .. 0.87

  Alignments for each domain:
  == domain 1  score: 27.2 bits;  conditional E-value: 8.2e-08
      Round3_FinalIHelix   2 keaeglalllfiagletisnsllsslLfyl 31 
                             +++++++l+++ia+++t+s+sl +++L  +
  tr|Q0EDH6|Q0EDH6_XENTR 292 ENVNQCILEMLIAAPDTMSVSL-FFMLVLV 320
                             789*******************.5888665 PP

>> tr|Q0VFH8|Q0VFH8_XENTR  aromatase OS=Xenopus tropicalis OX=8364 GN=cyp19a1 PE=2 SV=1
   #    score  bias  c-Evalue  i-Evalue hmmfrom  hmm to    alifrom  ali to    envfrom  env to     acc
 ---   ------ ----- --------- --------- ------- -------    ------- -------    ------- -------    ----
   1 !   27.2   0.4   8.2e-08   6.5e-05       2      31 ..     292     320 ..     291     322 .. 0.87

  Alignments for each domain:
  == domain 1  score: 27.2 bits;  conditional E-value: 8.2e-08
      Round3_FinalIHelix   2 keaeglalllfiagletisnsllsslLfyl 31 
                             +++++++l+++ia+++t+s+sl +++L  +
  tr|Q0VFH8|Q0VFH8_XENTR 292 ENVNQCILEMLIAAPDTMSVSL-FFMLVLV 320
                             789*******************.5888665 PP

>> tr|A0A8T2J805|A0A8T2J805_9PIPI  aromatase OS=Hymenochirus boettgeri OX=247094 GN=GDO86_006300 PE=3 SV=1
   #    score  bias  c-Evalue  i-Evalue hmmfrom  hmm to    alifrom  ali to    envfrom  env to     acc
 ---   ------ ----- --------- --------- ------- -------    ------- -------    ------- -------    ----
   1 !   27.2   0.4   8.5e-08   6.6e-05       2      30 ..     278     306 ..     277     308 .. 0.85

  Alignments for each domain:
  == domain 1  score: 27.2 bits;  conditional E-value: 8.5e-08
              Round3_FinalIHelix   2 keaeglalllfiagletisnsllsslLfy 30 
                                     +++++++l+++ia+++t+s+sl+++l+++
  tr|A0A8T2J805|A0A8T2J805_9PIPI 278 ENVNQCILEMLIAAPDTMSVSLYFMLVLI 306
                                     789*******************9665554 PP

>> sp|P22443|CP19A_RAT  Aromatase OS=Rattus norvegicus OX=10116 GN=Cyp19a1 PE=2 SV=1
   #    score  bias  c-Evalue  i-Evalue hmmfrom  hmm to    alifrom  ali to    envfrom  env to     acc
 ---   ------ ----- --------- --------- ------- -------    ------- -------    ------- -------    ----
   1 !   26.0   0.3     2e-07   0.00016       2      30 ..     294     322 ..     292     324 .. 0.84

  Alignments for each domain:
  == domain 1  score: 26.0 bits;  conditional E-value: 2e-07
   Round3_FinalIHelix   2 keaeglalllfiagletisnsllsslLfy 30 
                          +++++++l+++ia+++t+s++l+ +lL++
  sp|P22443|CP19A_RAT 294 ENVNQCILEMLIAAPDTMSVTLYVMLLLI 322
                          577*******************9666554 PP

>> tr|A0A8J7NHQ3|A0A8J7NHQ3_ATRSP  aromatase (Fragment) OS=Atractosteus spatula OX=7917 GN=Cyp19a1 PE=3 SV=1
   #    score  bias  c-Evalue  i-Evalue hmmfrom  hmm to    alifrom  ali to    envfrom  env to     acc
 ---   ------ ----- --------- --------- ------- -------    ------- -------    ------- -------    ----
   1 !   25.5   0.4     3e-07   0.00023       3      31 ..     302     329 ..     301     330 .. 0.93

  Alignments for each domain:
  == domain 1  score: 25.5 bits;  conditional E-value: 3e-07
              Round3_FinalIHelix   3 eaeglalllfiagletisnsllsslLfyl 31 
                                     ++++++l+++ia+++t+s+sl+ ++L+ l
  tr|A0A8J7NHQ3|A0A8J7NHQ3_ATRSP 302 NVNQCVLEMLIAAPDTMSVSLY-FMLMLL 329
                                     689******************9.999987 PP

>> tr|A0A8I5ZQN3|A0A8I5ZQN3_RAT  Aromatase OS=Rattus norvegicus OX=10116 GN=Cyp19a1 PE=3 SV=1
   #    score  bias  c-Evalue  i-Evalue hmmfrom  hmm to    alifrom  ali to    envfrom  env to     acc
 ---   ------ ----- --------- --------- ------- -------    ------- -------    ------- -------    ----
   1 !   26.1   0.3   1.9e-07   0.00015       2      30 ..     294     322 ..     292     324 .. 0.84

  Alignments for each domain:
  == domain 1  score: 26.1 bits;  conditional E-value: 1.9e-07
            Round3_FinalIHelix   2 keaeglalllfiagletisnsllsslLfy 30 
                                   +++++++l+++ia+++t+s++l+ +lL++
  tr|A0A8I5ZQN3|A0A8I5ZQN3_RAT 294 ENVNQCILEMLIAAPDTMSVTLYVMLLLI 322
                                   577*******************9666554 PP

>> tr|A0A5E4DA27|A0A5E4DA27_MARMO  Aromatase OS=Marmota monax OX=9995 GN=GHT09_007862 PE=3 SV=1
   #    score  bias  c-Evalue  i-Evalue hmmfrom  hmm to    alifrom  ali to    envfrom  env to     acc
 ---   ------ ----- --------- --------- ------- -------    ------- -------    ------- -------    ----
   1 !   27.1   0.3   8.8e-08   6.9e-05       2      32 ..     294     323 ..     293     324 .. 0.92

  Alignments for each domain:
  == domain 1  score: 27.1 bits;  conditional E-value: 8.8e-08
              Round3_FinalIHelix   2 keaeglalllfiagletisnsllsslLfyll 32 
                                     +++++++l+++ia+++t+s++++ ++Lf ++
  tr|A0A5E4DA27|A0A5E4DA27_MARMO 294 ENVNQCVLEMLIAAPDTMSVTVY-FMLFLIA 323
                                     789*******************9.99*9876 PP

>> tr|A0A7J6LM14|A0A7J6LM14_PEROL  Cytochrome P450 OS=Perkinsus olseni OX=32597 GN=FOL46_006184 PE=3 SV=1
   #    score  bias  c-Evalue  i-Evalue hmmfrom  hmm to    alifrom  ali to    envfrom  env to     acc
 ---   ------ ----- --------- --------- ------- -------    ------- -------    ------- -------    ----
   1 ?    8.6   0.1     0.085        67      12      32 ..      37      56 ..      33      56 .. 0.92
   2 ?   11.4   1.0     0.011       8.4      12      32 ..     494     513 ..     489     513 .. 0.92
   3 !   11.9   0.7    0.0075       5.9      12      32 ..     926     945 ..     920     945 .. 0.91

  Alignments for each domain:
  == domain 1  score: 8.6 bits;  conditional E-value: 0.085
              Round3_FinalIHelix 12 fiagletisnsllsslLfyll 32
                                    +iag++t++ ++ s+ L+yl+
  tr|A0A7J6LM14|A0A7J6LM14_PEROL 37 LIAGSDTTAIAV-SWCLYYLS 56
                                    89**********.******96 PP

  == domain 2  score: 11.4 bits;  conditional E-value: 0.011
              Round3_FinalIHelix  12 fiagletisnsllsslLfyll 32 
                                     +iag++t+++++ s+ L+yl+
  tr|A0A7J6LM14|A0A7J6LM14_PEROL 494 LIAGSDTTAMAV-SWCLYYLS 513
                                     89**********.******96 PP

  == domain 3  score: 11.9 bits;  conditional E-value: 0.0075
              Round3_FinalIHelix  12 fiagletisnsllsslLfyll 32 
                                     +iag++t+++++ s+ L+yl+
  tr|A0A7J6LM14|A0A7J6LM14_PEROL 926 LIAGSDTTAMAV-SWCLYYLS 945
                                     89**********.******96 PP

>> tr|A0A7J6LCL4|A0A7J6LCL4_PEROL  Cytochrome P450 OS=Perkinsus olseni OX=32597 GN=FOZ61_006720 PE=3 SV=1
   #    score  bias  c-Evalue  i-Evalue hmmfrom  hmm to    alifrom  ali to    envfrom  env to     acc
 ---   ------ ----- --------- --------- ------- -------    ------- -------    ------- -------    ----
   1 ?    8.6   0.1     0.085        67      12      32 ..      37      56 ..      33      56 .. 0.92
   2 ?   11.4   1.0     0.011       8.4      12      32 ..     494     513 ..     489     513 .. 0.92
   3 !   11.9   0.7    0.0075       5.9      12      32 ..     926     945 ..     920     945 .. 0.91

  Alignments for each domain:
  == domain 1  score: 8.6 bits;  conditional E-value: 0.085
              Round3_FinalIHelix 12 fiagletisnsllsslLfyll 32
                                    +iag++t++ ++ s+ L+yl+
  tr|A0A7J6LCL4|A0A7J6LCL4_PEROL 37 LIAGSDTTAIAV-SWCLYYLS 56
                                    89**********.******96 PP

  == domain 2  score: 11.4 bits;  conditional E-value: 0.011
              Round3_FinalIHelix  12 fiagletisnsllsslLfyll 32 
                                     +iag++t+++++ s+ L+yl+
  tr|A0A7J6LCL4|A0A7J6LCL4_PEROL 494 LIAGSDTTAMAV-SWCLYYLS 513
                                     89**********.******96 PP

  == domain 3  score: 11.9 bits;  conditional E-value: 0.0075
              Round3_FinalIHelix  12 fiagletisnsllsslLfyll 32 
                                     +iag++t+++++ s+ L+yl+
  tr|A0A7J6LCL4|A0A7J6LCL4_PEROL 926 LIAGSDTTAMAV-SWCLYYLS 945
                                     89**********.******96 PP

>> tr|A0A7L2R0L1|A0A7L2R0L1_9PASS  CP19A Aromatase (Fragment) OS=Oxylabes madagascariensis OX=98144 GN=Cyp19a1_0 PE=3 SV
   #    score  bias  c-Evalue  i-Evalue hmmfrom  hmm to    alifrom  ali to    envfrom  env to     acc
 ---   ------ ----- --------- --------- ------- -------    ------- -------    ------- -------    ----
   1 !   26.0   0.6     2e-07   0.00016       2      32 ..      47      76 ..      46      77 .. 0.86

  Alignments for each domain:
  == domain 1  score: 26.0 bits;  conditional E-value: 2e-07
              Round3_FinalIHelix  2 keaeglalllfiagletisnsllsslLfyll 32
                                    +++++++l++ ia+++t s++l+ ++L  ++
  tr|A0A7L2R0L1|A0A7L2R0L1_9PASS 47 ENVNQCVLEMMIAAPDTLSVTLF-FMLILIA 76
                                    789*******************5.7776655 PP

>> tr|A0A822I2K2|A0A822I2K2_9NEOB  aromatase OS=Ranitomeya imitator OX=111125 GN=RIMITATOR_LOCUS14164770 PE=3 SV=1
   #    score  bias  c-Evalue  i-Evalue hmmfrom  hmm to    alifrom  ali to    envfrom  env to     acc
 ---   ------ ----- --------- --------- ------- -------    ------- -------    ------- -------    ----
   1 !   26.0   0.3     2e-07   0.00016       2      30 ..     294     322 ..     292     324 .. 0.84

  Alignments for each domain:
  == domain 1  score: 26.0 bits;  conditional E-value: 2e-07
              Round3_FinalIHelix   2 keaeglalllfiagletisnsllsslLfy 30 
                                     +++++++l+++ia+++t+s++l+ +lL++
  tr|A0A822I2K2|A0A822I2K2_9NEOB 294 ENVNQCILEMLIAAPDTMSVTLYVMLLLI 322
                                     577*******************9666554 PP

>> tr|A6J4K5|A6J4K5_RAT  Aromatase OS=Rattus norvegicus OX=10116 GN=Cyp19a1 PE=3 SV=1
   #    score  bias  c-Evalue  i-Evalue hmmfrom  hmm to    alifrom  ali to    envfrom  env to     acc
 ---   ------ ----- --------- --------- ------- -------    ------- -------    ------- -------    ----
   1 !   26.0   0.3     2e-07   0.00016       2      30 ..     294     322 ..     292     324 .. 0.84

  Alignments for each domain:
  == domain 1  score: 26.0 bits;  conditional E-value: 2e-07
    Round3_FinalIHelix   2 keaeglalllfiagletisnsllsslLfy 30 
                           +++++++l+++ia+++t+s++l+ +lL++
  tr|A6J4K5|A6J4K5_RAT 294 ENVNQCILEMLIAAPDTMSVTLYVMLLLI 322
                           577*******************9666554 PP

>> tr|F1LPY2|F1LPY2_RAT  Aromatase OS=Rattus norvegicus OX=10116 GN=Cyp19a1 PE=3 SV=3
   #    score  bias  c-Evalue  i-Evalue hmmfrom  hmm to    alifrom  ali to    envfrom  env to     acc
 ---   ------ ----- --------- --------- ------- -------    ------- -------    ------- -------    ----
   1 !   26.0   0.3     2e-07   0.00016       2      30 ..     294     322 ..     292     324 .. 0.84

  Alignments for each domain:
  == domain 1  score: 26.0 bits;  conditional E-value: 2e-07
    Round3_FinalIHelix   2 keaeglalllfiagletisnsllsslLfy 30 
                           +++++++l+++ia+++t+s++l+ +lL++
  tr|F1LPY2|F1LPY2_RAT 294 ENVNQCILEMLIAAPDTMSVTLYVMLLLI 322
                           577*******************9666554 PP

>> tr|A0A7K8GLE2|A0A7K8GLE2_ORTSP  CP19A Aromatase (Fragment) OS=Orthonyx spaldingii OX=38397 GN=Cyp19a1_0 PE=3 SV=1
   #    score  bias  c-Evalue  i-Evalue hmmfrom  hmm to    alifrom  ali to    envfrom  env to     acc
 ---   ------ ----- --------- --------- ------- -------    ------- -------    ------- -------    ----
   1 !   26.2   0.6   1.8e-07   0.00014       2      32 ..      46      75 ..      45      76 .. 0.86

  Alignments for each domain:
  == domain 1  score: 26.2 bits;  conditional E-value: 1.8e-07
              Round3_FinalIHelix  2 keaeglalllfiagletisnsllsslLfyll 32
                                    +++++++l++ ia+++t s++l+ ++L  ++
  tr|A0A7K8GLE2|A0A7K8GLE2_ORTSP 46 ENVNQCVLEMMIAAPDTLSVTLF-FMLILIA 75
                                    789*******************5.7776655 PP

>> tr|A0A7K7W299|A0A7K7W299_9AVES  CP19A Aromatase (Fragment) OS=Nothocercus julius OX=2585813 GN=Cyp19a1_0 PE=3 SV=1
   #    score  bias  c-Evalue  i-Evalue hmmfrom  hmm to    alifrom  ali to    envfrom  env to     acc
 ---   ------ ----- --------- --------- ------- -------    ------- -------    ------- -------    ----
   1 !   26.1   0.5   1.9e-07   0.00015       2      32 ..      47      76 ..      46      77 .. 0.86

  Alignments for each domain:
  == domain 1  score: 26.1 bits;  conditional E-value: 1.9e-07
              Round3_FinalIHelix  2 keaeglalllfiagletisnsllsslLfyll 32
                                    +++++++l++ ia+++t s++l+ ++L  ++
  tr|A0A7K7W299|A0A7K7W299_9AVES 47 ENVNQCVLEMMIAAPDTLSVTLF-FMLVLIA 76
                                    789*******************5.7776665 PP

>> tr|A0A2Y9IDC8|A0A2Y9IDC8_ENHLU  aromatase OS=Enhydra lutris kenyoni OX=391180 GN=LOC111138628 PE=3 SV=1
   #    score  bias  c-Evalue  i-Evalue hmmfrom  hmm to    alifrom  ali to    envfrom  env to     acc
 ---   ------ ----- --------- --------- ------- -------    ------- -------    ------- -------    ----
   1 !   27.1   0.2   9.4e-08   7.3e-05       2      32 ..     235     264 ..     234     265 .. 0.92

  Alignments for each domain:
  == domain 1  score: 27.1 bits;  conditional E-value: 9.4e-08
              Round3_FinalIHelix   2 keaeglalllfiagletisnsllsslLfyll 32 
                                     +++++++l+++ a+++t+s+s+ +++Lf ++
  tr|A0A2Y9IDC8|A0A2Y9IDC8_ENHLU 235 ENVNQCILEMLVAAPDTMSVSV-FFMLFLIA 264
                                     789*******************.6****987 PP

>> tr|Q7YS76|Q7YS76_TRIVU  aromatase (Fragment) OS=Trichosurus vulpecula OX=9337 GN=CYP19 PE=2 SV=1
   #    score  bias  c-Evalue  i-Evalue hmmfrom  hmm to    alifrom  ali to    envfrom  env to     acc
 ---   ------ ----- --------- --------- ------- -------    ------- -------    ------- -------    ----
   1 !   25.5   0.3     3e-07   0.00024       2      30 ..     216     244 ..     215     246 .. 0.86

  Alignments for each domain:
  == domain 1  score: 25.5 bits;  conditional E-value: 3e-07
      Round3_FinalIHelix   2 keaeglalllfiagletisnsllsslLfy 30 
                             +++++++l+++ia+++t s++++++lL++
  tr|Q7YS76|Q7YS76_TRIVU 216 ENVNQCILEMLIAAPDTLSVTVYFMLLLI 244
                             688*******************9666654 PP

>> tr|A0A8C5ZQ71|A0A8C5ZQ71_MARMA  Aromatase OS=Marmota marmota marmota OX=9994 GN=CYP19A1 PE=3 SV=1
   #    score  bias  c-Evalue  i-Evalue hmmfrom  hmm to    alifrom  ali to    envfrom  env to     acc
 ---   ------ ----- --------- --------- ------- -------    ------- -------    ------- -------    ----
   1 !   27.1   0.3   9.5e-08   7.4e-05       2      32 ..     294     323 ..     292     324 .. 0.90

  Alignments for each domain:
  == domain 1  score: 27.1 bits;  conditional E-value: 9.5e-08
              Round3_FinalIHelix   2 keaeglalllfiagletisnsllsslLfyll 32 
                                     +++++++l+++ia+++t+s++++ ++Lf ++
  tr|A0A8C5ZQ71|A0A8C5ZQ71_MARMA 294 ENVNQCVLEMLIAAPDTMSVTVY-FMLFLIA 323
                                     577*******************9.99*9876 PP

>> tr|A0A6P5QCP1|A0A6P5QCP1_MUSCR  Aromatase OS=Mus caroli OX=10089 GN=LOC110301208 PE=3 SV=1
   #    score  bias  c-Evalue  i-Evalue hmmfrom  hmm to    alifrom  ali to    envfrom  env to     acc
 ---   ------ ----- --------- --------- ------- -------    ------- -------    ------- -------    ----
   1 !   27.0   0.3   9.9e-08   7.8e-05       2      28 ..     294     320 ..     292     323 .. 0.86

  Alignments for each domain:
  == domain 1  score: 27.0 bits;  conditional E-value: 9.9e-08
              Round3_FinalIHelix   2 keaeglalllfiagletisnsllsslL 28 
                                     +++++++l+++ia+++t+s++l+++lL
  tr|A0A6P5QCP1|A0A6P5QCP1_MUSCR 294 ENVNQCILEMLIAAPDTMSVTLYFMLL 320
                                     577*******************96655 PP

>> tr|A0A7K8ZBX4|A0A7K8ZBX4_9PASS  CP19A Aromatase (Fragment) OS=Grallaria varia OX=117165 GN=Cyp19a1_0 PE=3 SV=1
   #    score  bias  c-Evalue  i-Evalue hmmfrom  hmm to    alifrom  ali to    envfrom  env to     acc
 ---   ------ ----- --------- --------- ------- -------    ------- -------    ------- -------    ----
   1 !   26.0   0.6     2e-07   0.00016       2      32 ..      47      76 ..      46      77 .. 0.86

  Alignments for each domain:
  == domain 1  score: 26.0 bits;  conditional E-value: 2e-07
              Round3_FinalIHelix  2 keaeglalllfiagletisnsllsslLfyll 32
                                    +++++++l++ ia+++t s++l+ ++L  ++
  tr|A0A7K8ZBX4|A0A7K8ZBX4_9PASS 47 ENVNQCVLEMMIAAPDTLSVTLF-FMLILIA 76
                                    789*******************5.7776655 PP

>> tr|A0A7K9CZA3|A0A7K9CZA3_9AVES  CP19A Aromatase (Fragment) OS=Hemiprocne comata OX=243314 GN=Cyp19a1_0 PE=3 SV=1
   #    score  bias  c-Evalue  i-Evalue hmmfrom  hmm to    alifrom  ali to    envfrom  env to     acc
 ---   ------ ----- --------- --------- ------- -------    ------- -------    ------- -------    ----
   1 !   26.1   0.6   1.9e-07   0.00015       2      32 ..      47      76 ..      46      77 .. 0.86

  Alignments for each domain:
  == domain 1  score: 26.1 bits;  conditional E-value: 1.9e-07
              Round3_FinalIHelix  2 keaeglalllfiagletisnsllsslLfyll 32
                                    +++++++l++ ia+++t s++l+ ++L  ++
  tr|A0A7K9CZA3|A0A7K9CZA3_9AVES 47 ENVNQCVLEMMIAAPDTLSVTLF-FMLILIA 76
                                    789*******************5.7776655 PP

>> tr|A0A7K5BCD4|A0A7K5BCD4_9FURN  CP19A Aromatase (Fragment) OS=Furnarius figulus OX=463165 GN=Cyp19a1_0 PE=3 SV=1
   #    score  bias  c-Evalue  i-Evalue hmmfrom  hmm to    alifrom  ali to    envfrom  env to     acc
 ---   ------ ----- --------- --------- ------- -------    ------- -------    ------- -------    ----
   1 !   26.0   0.6     2e-07   0.00016       2      32 ..      47      76 ..      46      77 .. 0.86

  Alignments for each domain:
  == domain 1  score: 26.0 bits;  conditional E-value: 2e-07
              Round3_FinalIHelix  2 keaeglalllfiagletisnsllsslLfyll 32
                                    +++++++l++ ia+++t s++l+ ++L  ++
  tr|A0A7K5BCD4|A0A7K5BCD4_9FURN 47 ENVNQCVLEMMIAAPDTLSVTLF-FMLILIA 76
                                    789*******************5.7776655 PP

>> tr|A0A7L3PHY1|A0A7L3PHY1_9DEND  CP19A Aromatase (Fragment) OS=Xiphorhynchus elegans OX=269412 GN=Cyp19a1_0 PE=3 SV=1
   #    score  bias  c-Evalue  i-Evalue hmmfrom  hmm to    alifrom  ali to    envfrom  env to     acc
 ---   ------ ----- --------- --------- ------- -------    ------- -------    ------- -------    ----
   1 !   26.0   0.6     2e-07   0.00016       2      32 ..      47      76 ..      46      77 .. 0.86

  Alignments for each domain:
  == domain 1  score: 26.0 bits;  conditional E-value: 2e-07
              Round3_FinalIHelix  2 keaeglalllfiagletisnsllsslLfyll 32
                                    +++++++l++ ia+++t s++l+ ++L  ++
  tr|A0A7L3PHY1|A0A7L3PHY1_9DEND 47 ENVNQCVLEMMIAAPDTLSVTLF-FMLILIA 76
                                    789*******************5.7776655 PP

>> tr|A0A851N137|A0A851N137_9DEND  CP19A Aromatase (Fragment) OS=Campylorhamphus procurvoides OX=190295 GN=Cyp19a1_0 PE=
   #    score  bias  c-Evalue  i-Evalue hmmfrom  hmm to    alifrom  ali to    envfrom  env to     acc
 ---   ------ ----- --------- --------- ------- -------    ------- -------    ------- -------    ----
   1 !   26.0   0.6     2e-07   0.00016       2      32 ..      47      76 ..      46      77 .. 0.86

  Alignments for each domain:
  == domain 1  score: 26.0 bits;  conditional E-value: 2e-07
              Round3_FinalIHelix  2 keaeglalllfiagletisnsllsslLfyll 32
                                    +++++++l++ ia+++t s++l+ ++L  ++
  tr|A0A851N137|A0A851N137_9DEND 47 ENVNQCVLEMMIAAPDTLSVTLF-FMLILIA 76
                                    789*******************5.7776655 PP

>> tr|A0A7K8WFM6|A0A7K8WFM6_9FURN  CP19A Aromatase (Fragment) OS=Sclerurus mexicanus OX=265632 GN=Cyp19a1_0 PE=3 SV=1
   #    score  bias  c-Evalue  i-Evalue hmmfrom  hmm to    alifrom  ali to    envfrom  env to     acc
 ---   ------ ----- --------- --------- ------- -------    ------- -------    ------- -------    ----
   1 !   26.0   0.6     2e-07   0.00016       2      32 ..      47      76 ..      46      77 .. 0.86

  Alignments for each domain:
  == domain 1  score: 26.0 bits;  conditional E-value: 2e-07
              Round3_FinalIHelix  2 keaeglalllfiagletisnsllsslLfyll 32
                                    +++++++l++ ia+++t s++l+ ++L  ++
  tr|A0A7K8WFM6|A0A7K8WFM6_9FURN 47 ENVNQCVLEMMIAAPDTLSVTLF-FMLILIA 76
                                    789*******************5.7776655 PP

>> tr|A0A852FQ16|A0A852FQ16_PEUTA  CP19A Aromatase (Fragment) OS=Peucedramus taeniatus OX=135441 GN=Cyp19a1_0 PE=3 SV=1
   #    score  bias  c-Evalue  i-Evalue hmmfrom  hmm to    alifrom  ali to    envfrom  env to     acc
 ---   ------ ----- --------- --------- ------- -------    ------- -------    ------- -------    ----
   1 !   26.0   0.6     2e-07   0.00016       2      32 ..      47      76 ..      46      77 .. 0.86

  Alignments for each domain:
  == domain 1  score: 26.0 bits;  conditional E-value: 2e-07
              Round3_FinalIHelix  2 keaeglalllfiagletisnsllsslLfyll 32
                                    +++++++l++ ia+++t s++l+ ++L  ++
  tr|A0A852FQ16|A0A852FQ16_PEUTA 47 ENVNQCVLEMMIAAPDTLSVTLF-FMLILIA 76
                                    789*******************5.7776655 PP

>> tr|A0A7K9JPF4|A0A7K9JPF4_9PASE  CP19A Aromatase (Fragment) OS=Dicaeum eximium OX=667154 GN=Cyp19a1_0 PE=3 SV=1
   #    score  bias  c-Evalue  i-Evalue hmmfrom  hmm to    alifrom  ali to    envfrom  env to     acc
 ---   ------ ----- --------- --------- ------- -------    ------- -------    ------- -------    ----
   1 !   26.1   0.6   1.9e-07   0.00015       2      32 ..      45      74 ..      44      75 .. 0.86

  Alignments for each domain:
  == domain 1  score: 26.1 bits;  conditional E-value: 1.9e-07
              Round3_FinalIHelix  2 keaeglalllfiagletisnsllsslLfyll 32
                                    +++++++l++ ia+++t s++l+ ++L  ++
  tr|A0A7K9JPF4|A0A7K9JPF4_9PASE 45 ENVNQCVLEMMIAAPDTLSVTLF-FMLILIA 74
                                    789*******************5.7776655 PP

>> tr|A0A9P0NDW0|A0A9P0NDW0_9DIPT  Cytochrome P450 OS=Chironomus riparius OX=315576 GN=CHIRRI_LOCUS2489 PE=3 SV=1
   #    score  bias  c-Evalue  i-Evalue hmmfrom  hmm to    alifrom  ali to    envfrom  env to     acc
 ---   ------ ----- --------- --------- ------- -------    ------- -------    ------- -------    ----
   1 !   25.8   0.4   2.5e-07    0.0002       2      32 ..     338     367 ..     337     368 .. 0.93

  Alignments for each domain:
  == domain 1  score: 25.8 bits;  conditional E-value: 2.5e-07
              Round3_FinalIHelix   2 keaeglalllfiagletisnsllsslLfyll 32 
                                     k a+++al+l+++g++tis+++ +s+L++l+
  tr|A0A9P0NDW0|A0A9P0NDW0_9DIPT 338 KLATTMALDLILVGIDTISMAV-CSILYQLA 367
                                     6789******************.9*****98 PP

>> tr|A0A7K4XDJ3|A0A7K4XDJ3_REGSA  CP19A Aromatase (Fragment) OS=Regulus satrapa OX=13245 GN=Cyp19a1_0 PE=3 SV=1
   #    score  bias  c-Evalue  i-Evalue hmmfrom  hmm to    alifrom  ali to    envfrom  env to     acc
 ---   ------ ----- --------- --------- ------- -------    ------- -------    ------- -------    ----
   1 !   26.0   0.6     2e-07   0.00016       2      32 ..      47      76 ..      46      77 .. 0.86

  Alignments for each domain:
  == domain 1  score: 26.0 bits;  conditional E-value: 2e-07
              Round3_FinalIHelix  2 keaeglalllfiagletisnsllsslLfyll 32
                                    +++++++l++ ia+++t s++l+ ++L  ++
  tr|A0A7K4XDJ3|A0A7K4XDJ3_REGSA 47 ENVNQCVLEMMIAAPDTLSVTLF-FMLILIA 76
                                    789*******************5.7776655 PP

>> sp|Q6R7M4|C15A1_DIPPU  Methyl farnesoate epoxidase OS=Diploptera punctata OX=6984 GN=CYP15A1 PE=1 SV=1
   #    score  bias  c-Evalue  i-Evalue hmmfrom  hmm to    alifrom  ali to    envfrom  env to     acc
 ---   ------ ----- --------- --------- ------- -------    ------- -------    ------- -------    ----
   1 !   25.3   1.5   3.5e-07   0.00027       3      32 ..     289     318 ..     287     319 .. 0.92

  Alignments for each domain:
  == domain 1  score: 25.3 bits;  conditional E-value: 3.5e-07
     Round3_FinalIHelix   3 eaeglalllfiagletisnsllsslLfyll 32 
                            ++ +l l+lf+ag+et+sn+l++++L++ll
  sp|Q6R7M4|C15A1_DIPPU 289 QLVSLCLDLFMAGSETTSNTLGFAVLYMLL 318
                            677889**********************97 PP

>> tr|A0A7K7UXW6|A0A7K7UXW6_EUDEL  CP19A Aromatase (Fragment) OS=Eudromia elegans OX=8805 GN=Cyp19a1_0 PE=3 SV=1
   #    score  bias  c-Evalue  i-Evalue hmmfrom  hmm to    alifrom  ali to    envfrom  env to     acc
 ---   ------ ----- --------- --------- ------- -------    ------- -------    ------- -------    ----
   1 !   26.1   0.5   1.9e-07   0.00015       2      32 ..      47      76 ..      46      77 .. 0.86

  Alignments for each domain:
  == domain 1  score: 26.1 bits;  conditional E-value: 1.9e-07
              Round3_FinalIHelix  2 keaeglalllfiagletisnsllsslLfyll 32
                                    +++++++l++ ia+++t s++l+ ++L  ++
  tr|A0A7K7UXW6|A0A7K7UXW6_EUDEL 47 ENVNQCVLEMMIAAPDTLSVTLF-FMLVLIA 76
                                    789*******************5.7776665 PP

>> tr|A0A8D8C4Q9|A0A8D8C4Q9_CULPI  Probable cytochrome P450 301a1, mitochondrial (Fragment) OS=Culex pipiens OX=7175 PE=
   #    score  bias  c-Evalue  i-Evalue hmmfrom  hmm to    alifrom  ali to    envfrom  env to     acc
 ---   ------ ----- --------- --------- ------- -------    ------- -------    ------- -------    ----
   1 !   26.1   0.4   1.9e-07   0.00015       2      32 ..      61      90 ..      60      91 .. 0.92

  Alignments for each domain:
  == domain 1  score: 26.1 bits;  conditional E-value: 1.9e-07
              Round3_FinalIHelix  2 keaeglalllfiagletisnsllsslLfyll 32
                                    k a  +al+++++g++tis+++ +s+L++l+
  tr|A0A8D8C4Q9|A0A8D8C4Q9_CULPI 61 KLAVVMALDMILVGIDTISMAV-CSILYQLA 90
                                    56789*****************.9*****98 PP

>> tr|A0A7K6ZQZ3|A0A7K6ZQZ3_9AVES  CP19A Aromatase (Fragment) OS=Nothoprocta pentlandii OX=2585814 GN=Cyp19a1_0 PE=3 SV=
   #    score  bias  c-Evalue  i-Evalue hmmfrom  hmm to    alifrom  ali to    envfrom  env to     acc
 ---   ------ ----- --------- --------- ------- -------    ------- -------    ------- -------    ----
   1 !   26.1   0.5   1.9e-07   0.00015       2      32 ..      47      76 ..      46      77 .. 0.86

  Alignments for each domain:
  == domain 1  score: 26.1 bits;  conditional E-value: 1.9e-07
              Round3_FinalIHelix  2 keaeglalllfiagletisnsllsslLfyll 32
                                    +++++++l++ ia+++t s++l+ ++L  ++
  tr|A0A7K6ZQZ3|A0A7K6ZQZ3_9AVES 47 ENVNQCVLEMMIAAPDTLSVTLF-FMLVLIA 76
                                    789*******************5.7776665 PP

>> tr|A0A7K7ALR1|A0A7K7ALR1_9AVES  CP19A Aromatase (Fragment) OS=Nothoprocta ornata OX=83376 GN=Cyp19a1_0 PE=3 SV=1
   #    score  bias  c-Evalue  i-Evalue hmmfrom  hmm to    alifrom  ali to    envfrom  env to     acc
 ---   ------ ----- --------- --------- ------- -------    ------- -------    ------- -------    ----
   1 !   26.1   0.5   1.9e-07   0.00015       2      32 ..      47      76 ..      46      77 .. 0.86

  Alignments for each domain:
  == domain 1  score: 26.1 bits;  conditional E-value: 1.9e-07
              Round3_FinalIHelix  2 keaeglalllfiagletisnsllsslLfyll 32
                                    +++++++l++ ia+++t s++l+ ++L  ++
  tr|A0A7K7ALR1|A0A7K7ALR1_9AVES 47 ENVNQCVLEMMIAAPDTLSVTLF-FMLVLIA 76
                                    789*******************5.7776665 PP

>> tr|A0A7K6BAJ5|A0A7K6BAJ5_UPUEP  CP19A Aromatase (Fragment) OS=Upupa epops OX=57439 GN=Cyp19a1_0 PE=3 SV=1
   #    score  bias  c-Evalue  i-Evalue hmmfrom  hmm to    alifrom  ali to    envfrom  env to     acc
 ---   ------ ----- --------- --------- ------- -------    ------- -------    ------- -------    ----
   1 !   26.0   0.6     2e-07   0.00016       2      32 ..      47      76 ..      46      77 .. 0.86

  Alignments for each domain:
  == domain 1  score: 26.0 bits;  conditional E-value: 2e-07
              Round3_FinalIHelix  2 keaeglalllfiagletisnsllsslLfyll 32
                                    +++++++l++ ia+++t s++l+ ++L  ++
  tr|A0A7K6BAJ5|A0A7K6BAJ5_UPUEP 47 ENVNQCVLEMMIAAPDTLSVTLF-FMLILIA 76
                                    789*******************5.7776655 PP

>> tr|A0A7L2WMK4|A0A7L2WMK4_PANHA  CP19A Aromatase (Fragment) OS=Pandion haliaetus OX=56262 GN=Cyp19a1 PE=3 SV=1
   #    score  bias  c-Evalue  i-Evalue hmmfrom  hmm to    alifrom  ali to    envfrom  env to     acc
 ---   ------ ----- --------- --------- ------- -------    ------- -------    ------- -------    ----
   1 !   26.1   0.6   1.9e-07   0.00015       2      32 ..      47      76 ..      46      77 .. 0.86

  Alignments for each domain:
  == domain 1  score: 26.1 bits;  conditional E-value: 1.9e-07
              Round3_FinalIHelix  2 keaeglalllfiagletisnsllsslLfyll 32
                                    +++++++l++ ia+++t s++l+ ++L  ++
  tr|A0A7L2WMK4|A0A7L2WMK4_PANHA 47 ENVNQCVLEMMIAAPDTLSVTLF-FMLILIA 76
                                    789*******************5.7776655 PP

>> tr|A0A7K9U8H2|A0A7K9U8H2_9AVES  CP19A Aromatase (Fragment) OS=Chloroceryle aenea OX=176938 GN=Cyp19a1_0 PE=3 SV=1
   #    score  bias  c-Evalue  i-Evalue hmmfrom  hmm to    alifrom  ali to    envfrom  env to     acc
 ---   ------ ----- --------- --------- ------- -------    ------- -------    ------- -------    ----
   1 !   26.1   0.6   1.9e-07   0.00015       2      32 ..      46      75 ..      45      76 .. 0.86

  Alignments for each domain:
  == domain 1  score: 26.1 bits;  conditional E-value: 1.9e-07
              Round3_FinalIHelix  2 keaeglalllfiagletisnsllsslLfyll 32
                                    +++++++l++ ia+++t s++l+ ++L  ++
  tr|A0A7K9U8H2|A0A7K9U8H2_9AVES 46 ENVNQCVLEMMIAAPDTLSVTLF-FMLILIA 75
                                    789*******************5.7776655 PP

>> tr|A0A851SSS5|A0A851SSS5_9AVES  CP19A Aromatase (Fragment) OS=Nothocercus nigrocapillus OX=1977171 GN=Cyp19a1_0 PE=3 
   #    score  bias  c-Evalue  i-Evalue hmmfrom  hmm to    alifrom  ali to    envfrom  env to     acc
 ---   ------ ----- --------- --------- ------- -------    ------- -------    ------- -------    ----
   1 !   26.1   0.5   1.9e-07   0.00015       2      32 ..      47      76 ..      46      77 .. 0.86

  Alignments for each domain:
  == domain 1  score: 26.1 bits;  conditional E-value: 1.9e-07
              Round3_FinalIHelix  2 keaeglalllfiagletisnsllsslLfyll 32
                                    +++++++l++ ia+++t s++l+ ++L  ++
  tr|A0A851SSS5|A0A851SSS5_9AVES 47 ENVNQCVLEMMIAAPDTLSVTLF-FMLVLIA 76
                                    789*******************5.7776665 PP

>> tr|A0A7K5YP52|A0A7K5YP52_9AVES  CP19A Aromatase (Fragment) OS=Pterocles burchelli OX=2585816 GN=Cyp19a1_0 PE=3 SV=1
   #    score  bias  c-Evalue  i-Evalue hmmfrom  hmm to    alifrom  ali to    envfrom  env to     acc
 ---   ------ ----- --------- --------- ------- -------    ------- -------    ------- -------    ----
   1 !   26.0   0.6     2e-07   0.00016       2      32 ..      47      76 ..      46      77 .. 0.86

  Alignments for each domain:
  == domain 1  score: 26.0 bits;  conditional E-value: 2e-07
              Round3_FinalIHelix  2 keaeglalllfiagletisnsllsslLfyll 32
                                    +++++++l++ ia+++t s++l+ ++L  ++
  tr|A0A7K5YP52|A0A7K5YP52_9AVES 47 ENVNQCVLEMMIAAPDTLSVTLF-FMLILIA 76
                                    789*******************5.7776655 PP

>> tr|A0A7K4KQT6|A0A7K4KQT6_9AVES  CP19A Aromatase (Fragment) OS=Crypturellus soui OX=458187 GN=Cyp19a1_0 PE=3 SV=1
   #    score  bias  c-Evalue  i-Evalue hmmfrom  hmm to    alifrom  ali to    envfrom  env to     acc
 ---   ------ ----- --------- --------- ------- -------    ------- -------    ------- -------    ----
   1 !   26.1   0.5   1.9e-07   0.00015       2      32 ..      47      76 ..      46      77 .. 0.86

  Alignments for each domain:
  == domain 1  score: 26.1 bits;  conditional E-value: 1.9e-07
              Round3_FinalIHelix  2 keaeglalllfiagletisnsllsslLfyll 32
                                    +++++++l++ ia+++t s++l+ ++L  ++
  tr|A0A7K4KQT6|A0A7K4KQT6_9AVES 47 ENVNQCVLEMMIAAPDTLSVTLF-FMLVLIA 76
                                    789*******************5.7776665 PP

>> tr|A0A7K4LI95|A0A7K4LI95_9AVES  CP19A Aromatase (Fragment) OS=Crypturellus undulatus OX=48396 GN=Cyp19a1_0 PE=3 SV=1
   #    score  bias  c-Evalue  i-Evalue hmmfrom  hmm to    alifrom  ali to    envfrom  env to     acc
 ---   ------ ----- --------- --------- ------- -------    ------- -------    ------- -------    ----
   1 !   26.1   0.5   1.9e-07   0.00015       2      32 ..      47      76 ..      46      77 .. 0.86

  Alignments for each domain:
  == domain 1  score: 26.1 bits;  conditional E-value: 1.9e-07
              Round3_FinalIHelix  2 keaeglalllfiagletisnsllsslLfyll 32
                                    +++++++l++ ia+++t s++l+ ++L  ++
  tr|A0A7K4LI95|A0A7K4LI95_9AVES 47 ENVNQCVLEMMIAAPDTLSVTLF-FMLVLIA 76
                                    789*******************5.7776665 PP

>> tr|A0A851CQ74|A0A851CQ74_CALVR  CP19A Aromatase (Fragment) OS=Calyptomena viridis OX=135972 GN=Cyp19a1 PE=3 SV=1
   #    score  bias  c-Evalue  i-Evalue hmmfrom  hmm to    alifrom  ali to    envfrom  env to     acc
 ---   ------ ----- --------- --------- ------- -------    ------- -------    ------- -------    ----
   1 !   26.0   0.6     2e-07   0.00016       2      32 ..      47      76 ..      46      77 .. 0.86

  Alignments for each domain:
  == domain 1  score: 26.0 bits;  conditional E-value: 2e-07
              Round3_FinalIHelix  2 keaeglalllfiagletisnsllsslLfyll 32
                                    +++++++l++ ia+++t s++l+ ++L  ++
  tr|A0A851CQ74|A0A851CQ74_CALVR 47 ENVNQCVLEMMIAAPDTLSVTLF-FMLILIA 76
                                    789*******************5.7776655 PP

>> tr|A0A7K5VHT5|A0A7K5VHT5_9CORV  CP19A Aromatase (Fragment) OS=Platysteira castanea OX=1160851 GN=Cyp19a1_0 PE=3 SV=1
   #    score  bias  c-Evalue  i-Evalue hmmfrom  hmm to    alifrom  ali to    envfrom  env to     acc
 ---   ------ ----- --------- --------- ------- -------    ------- -------    ------- -------    ----
   1 !   26.0   0.6     2e-07   0.00016       2      32 ..      47      76 ..      46      77 .. 0.86

  Alignments for each domain:
  == domain 1  score: 26.0 bits;  conditional E-value: 2e-07
              Round3_FinalIHelix  2 keaeglalllfiagletisnsllsslLfyll 32
                                    +++++++l++ ia+++t s++l+ ++L  ++
  tr|A0A7K5VHT5|A0A7K5VHT5_9CORV 47 ENVNQCVLEMMIAAPDTLSVTLF-FMLILIA 76
                                    789*******************5.7776655 PP

>> tr|A0A7K6P6M5|A0A7K6P6M5_9CORV  CP19A Aromatase (Fragment) OS=Ifrita kowaldi OX=461245 GN=Cyp19a1_0 PE=3 SV=1
   #    score  bias  c-Evalue  i-Evalue hmmfrom  hmm to    alifrom  ali to    envfrom  env to     acc
 ---   ------ ----- --------- --------- ------- -------    ------- -------    ------- -------    ----
   1 !   26.0   0.6     2e-07   0.00016       2      32 ..      47      76 ..      46      77 .. 0.86

  Alignments for each domain:
  == domain 1  score: 26.0 bits;  conditional E-value: 2e-07
              Round3_FinalIHelix  2 keaeglalllfiagletisnsllsslLfyll 32
                                    +++++++l++ ia+++t s++l+ ++L  ++
  tr|A0A7K6P6M5|A0A7K6P6M5_9CORV 47 ENVNQCVLEMMIAAPDTLSVTLF-FMLILIA 76
                                    789*******************5.7776655 PP

>> tr|A0A851TV90|A0A851TV90_9PASS  CP19A Aromatase (Fragment) OS=Elachura formosa OX=1463973 GN=Cyp19a1_0 PE=3 SV=1
   #    score  bias  c-Evalue  i-Evalue hmmfrom  hmm to    alifrom  ali to    envfrom  env to     acc
 ---   ------ ----- --------- --------- ------- -------    ------- -------    ------- -------    ----
   1 !   26.0   0.6     2e-07   0.00016       2      32 ..      47      76 ..      46      77 .. 0.86

  Alignments for each domain:
  == domain 1  score: 26.0 bits;  conditional E-value: 2e-07
              Round3_FinalIHelix  2 keaeglalllfiagletisnsllsslLfyll 32
                                    +++++++l++ ia+++t s++l+ ++L  ++
  tr|A0A851TV90|A0A851TV90_9PASS 47 ENVNQCVLEMMIAAPDTLSVTLF-FMLILIA 76
                                    789*******************5.7776655 PP

>> tr|A0A7L4FXA3|A0A7L4FXA3_9COLU  CP19A Aromatase (Fragment) OS=Alopecoenas beccarii OX=262131 GN=Cyp19a1_0 PE=3 SV=1
   #    score  bias  c-Evalue  i-Evalue hmmfrom  hmm to    alifrom  ali to    envfrom  env to     acc
 ---   ------ ----- --------- --------- ------- -------    ------- -------    ------- -------    ----
   1 !   26.1   0.6   1.9e-07   0.00015       2      32 ..      47      76 ..      46      77 .. 0.86

  Alignments for each domain:
  == domain 1  score: 26.1 bits;  conditional E-value: 1.9e-07
              Round3_FinalIHelix  2 keaeglalllfiagletisnsllsslLfyll 32
                                    +++++++l++ ia+++t s++l+ ++L  ++
  tr|A0A7L4FXA3|A0A7L4FXA3_9COLU 47 ENVNQCVLEMMIAAPDTLSVTLF-FMLILIA 76
                                    789*******************5.7776655 PP

>> tr|A0A851BG60|A0A851BG60_PICGY  CP19A Aromatase (Fragment) OS=Picathartes gymnocephalus OX=175131 GN=Cyp19a1_0 PE=3 S
   #    score  bias  c-Evalue  i-Evalue hmmfrom  hmm to    alifrom  ali to    envfrom  env to     acc
 ---   ------ ----- --------- --------- ------- -------    ------- -------    ------- -------    ----
   1 !   26.0   0.6     2e-07   0.00016       2      32 ..      47      76 ..      46      77 .. 0.86

  Alignments for each domain:
  == domain 1  score: 26.0 bits;  conditional E-value: 2e-07
              Round3_FinalIHelix  2 keaeglalllfiagletisnsllsslLfyll 32
                                    +++++++l++ ia+++t s++l+ ++L  ++
  tr|A0A851BG60|A0A851BG60_PICGY 47 ENVNQCVLEMMIAAPDTLSVTLF-FMLILIA 76
                                    789*******************5.7776655 PP

>> tr|A7RT69|A7RT69_NEMVE  Uncharacterized protein OS=Nematostella vectensis OX=45351 GN=NEMVEDRAFT_v1g162389 PE=3 SV=1
   #    score  bias  c-Evalue  i-Evalue hmmfrom  hmm to    alifrom  ali to    envfrom  env to     acc
 ---   ------ ----- --------- --------- ------- -------    ------- -------    ------- -------    ----
   1 !   25.3   0.3   3.4e-07   0.00027       8      32 ..     261     284 ..     258     285 .. 0.93

  Alignments for each domain:
  == domain 1  score: 25.3 bits;  conditional E-value: 3.4e-07
      Round3_FinalIHelix   8 alllfiagletisnsllsslLfyll 32 
                             a+++f+ag++t+sn+++ +lL++l+
  tr|A7RT69|A7RT69_NEMVE 261 AIEMFMAGVDTTSNTMV-WLLYNLA 284
                             579*************7.******8 PP

>> tr|A0A7L4F363|A0A7L4F363_HIRRU  CP19A Aromatase (Fragment) OS=Hirundo rustica OX=43150 GN=Cyp19a1_0 PE=3 SV=1
   #    score  bias  c-Evalue  i-Evalue hmmfrom  hmm to    alifrom  ali to    envfrom  env to     acc
 ---   ------ ----- --------- --------- ------- -------    ------- -------    ------- -------    ----
   1 !   26.0   0.6     2e-07   0.00016       2      32 ..      47      76 ..      46      77 .. 0.86

  Alignments for each domain:
  == domain 1  score: 26.0 bits;  conditional E-value: 2e-07
              Round3_FinalIHelix  2 keaeglalllfiagletisnsllsslLfyll 32
                                    +++++++l++ ia+++t s++l+ ++L  ++
  tr|A0A7L4F363|A0A7L4F363_HIRRU 47 ENVNQCVLEMMIAAPDTLSVTLF-FMLILIA 76
                                    789*******************5.7776655 PP

>> tr|A0A851PIS0|A0A851PIS0_ANHAN  CP19A Aromatase (Fragment) OS=Anhinga anhinga OX=56067 GN=Cyp19a1_0 PE=3 SV=1
   #    score  bias  c-Evalue  i-Evalue hmmfrom  hmm to    alifrom  ali to    envfrom  env to     acc
 ---   ------ ----- --------- --------- ------- -------    ------- -------    ------- -------    ----
   1 !   26.0   0.6     2e-07   0.00016       2      32 ..      47      76 ..      46      77 .. 0.86

  Alignments for each domain:
  == domain 1  score: 26.0 bits;  conditional E-value: 2e-07
              Round3_FinalIHelix  2 keaeglalllfiagletisnsllsslLfyll 32
                                    +++++++l++ ia+++t s++l+ ++L  ++
  tr|A0A851PIS0|A0A851PIS0_ANHAN 47 ENVNQCVLEMMIAAPDTLSVTLF-FMLILIA 76
                                    789*******************5.7776655 PP

>> tr|A0A7L2VUW6|A0A7L2VUW6_9AVES  CP19A Aromatase (Fragment) OS=Brachypteracias leptosomus OX=135165 GN=Cyp19a1_0 PE=3 
   #    score  bias  c-Evalue  i-Evalue hmmfrom  hmm to    alifrom  ali to    envfrom  env to     acc
 ---   ------ ----- --------- --------- ------- -------    ------- -------    ------- -------    ----
   1 !   26.1   0.6   1.9e-07   0.00015       2      32 ..      47      76 ..      46      77 .. 0.86

  Alignments for each domain:
  == domain 1  score: 26.1 bits;  conditional E-value: 1.9e-07
              Round3_FinalIHelix  2 keaeglalllfiagletisnsllsslLfyll 32
                                    +++++++l++ ia+++t s++l+ ++L  ++
  tr|A0A7L2VUW6|A0A7L2VUW6_9AVES 47 ENVNQCVLEMMIAAPDTLSVTLF-FMLILIA 76
                                    789*******************5.7776655 PP

>> tr|A0A7K9R1R4|A0A7K9R1R4_IRECY  CP19A Aromatase (Fragment) OS=Irena cyanogastra OX=175120 GN=Cyp19a1_0 PE=3 SV=1
   #    score  bias  c-Evalue  i-Evalue hmmfrom  hmm to    alifrom  ali to    envfrom  env to     acc
 ---   ------ ----- --------- --------- ------- -------    ------- -------    ------- -------    ----
   1 !   26.0   0.6     2e-07   0.00016       2      32 ..      47      76 ..      46      77 .. 0.86

  Alignments for each domain:
  == domain 1  score: 26.0 bits;  conditional E-value: 2e-07
              Round3_FinalIHelix  2 keaeglalllfiagletisnsllsslLfyll 32
                                    +++++++l++ ia+++t s++l+ ++L  ++
  tr|A0A7K9R1R4|A0A7K9R1R4_IRECY 47 ENVNQCVLEMMIAAPDTLSVTLF-FMLILIA 76
                                    789*******************5.7776655 PP

>> tr|A0AA97M8G0|A0AA97M8G0_9PASS  CP19A Aromatase (Fragment) OS=Menura novaehollandiae OX=47692 GN=Cyp19a1_0 PE=3 SV=1
   #    score  bias  c-Evalue  i-Evalue hmmfrom  hmm to    alifrom  ali to    envfrom  env to     acc
 ---   ------ ----- --------- --------- ------- -------    ------- -------    ------- -------    ----
   1 !   26.0   0.6     2e-07   0.00016       2      32 ..      47      76 ..      46      77 .. 0.86

  Alignments for each domain:
  == domain 1  score: 26.0 bits;  conditional E-value: 2e-07
              Round3_FinalIHelix  2 keaeglalllfiagletisnsllsslLfyll 32
                                    +++++++l++ ia+++t s++l+ ++L  ++
  tr|A0AA97M8G0|A0AA97M8G0_9PASS 47 ENVNQCVLEMMIAAPDTLSVTLF-FMLILIA 76
                                    789*******************5.7776655 PP

>> tr|A0A8J4LH81|A0A8J4LH81_APTPA  CP19A Aromatase (Fragment) OS=Aptenodytes patagonicus OX=9234 GN=FQA23_0004408 PE=3 S
   #    score  bias  c-Evalue  i-Evalue hmmfrom  hmm to    alifrom  ali to    envfrom  env to     acc
 ---   ------ ----- --------- --------- ------- -------    ------- -------    ------- -------    ----
   1 !   26.0   0.6     2e-07   0.00016       2      32 ..      47      76 ..      46      77 .. 0.86

  Alignments for each domain:
  == domain 1  score: 26.0 bits;  conditional E-value: 2e-07
              Round3_FinalIHelix  2 keaeglalllfiagletisnsllsslLfyll 32
                                    +++++++l++ ia+++t s++l+ ++L  ++
  tr|A0A8J4LH81|A0A8J4LH81_APTPA 47 ENVNQCVLEMMIAAPDTLSVTLF-FMLILIA 76
                                    789*******************5.7776655 PP

>> tr|A0A7K7MJB6|A0A7K7MJB6_9PASS  CP19A Aromatase (Fragment) OS=Brachypodius atriceps OX=182895 GN=Cyp19a1_0 PE=3 SV=1
   #    score  bias  c-Evalue  i-Evalue hmmfrom  hmm to    alifrom  ali to    envfrom  env to     acc
 ---   ------ ----- --------- --------- ------- -------    ------- -------    ------- -------    ----
   1 !   26.0   0.6     2e-07   0.00016       2      32 ..      47      76 ..      46      77 .. 0.86

  Alignments for each domain:
  == domain 1  score: 26.0 bits;  conditional E-value: 2e-07
              Round3_FinalIHelix  2 keaeglalllfiagletisnsllsslLfyll 32
                                    +++++++l++ ia+++t s++l+ ++L  ++
  tr|A0A7K7MJB6|A0A7K7MJB6_9PASS 47 ENVNQCVLEMMIAAPDTLSVTLF-FMLILIA 76
                                    789*******************5.7776655 PP

>> tr|A0A7L1YDZ6|A0A7L1YDZ6_9PASS  CP19A Aromatase (Fragment) OS=Scytalopus superciliaris OX=312124 GN=Cyp19a1_0 PE=3 SV
   #    score  bias  c-Evalue  i-Evalue hmmfrom  hmm to    alifrom  ali to    envfrom  env to     acc
 ---   ------ ----- --------- --------- ------- -------    ------- -------    ------- -------    ----
   1 !   26.0   0.6     2e-07   0.00016       2      32 ..      47      76 ..      46      77 .. 0.86

  Alignments for each domain:
  == domain 1  score: 26.0 bits;  conditional E-value: 2e-07
              Round3_FinalIHelix  2 keaeglalllfiagletisnsllsslLfyll 32
                                    +++++++l++ ia+++t s++l+ ++L  ++
  tr|A0A7L1YDZ6|A0A7L1YDZ6_9PASS 47 ENVNQCVLEMMIAAPDTLSVTLF-FMLILIA 76
                                    789*******************5.7776655 PP

>> tr|A0A7L3QUF0|A0A7L3QUF0_9SYLV  CP19A Aromatase (Fragment) OS=Cettia cetti OX=68486 GN=Cyp19a1_0 PE=3 SV=1
   #    score  bias  c-Evalue  i-Evalue hmmfrom  hmm to    alifrom  ali to    envfrom  env to     acc
 ---   ------ ----- --------- --------- ------- -------    ------- -------    ------- -------    ----
   1 !   26.0   0.6     2e-07   0.00016       2      32 ..      47      76 ..      46      77 .. 0.86

  Alignments for each domain:
  == domain 1  score: 26.0 bits;  conditional E-value: 2e-07
              Round3_FinalIHelix  2 keaeglalllfiagletisnsllsslLfyll 32
                                    +++++++l++ ia+++t s++l+ ++L  ++
  tr|A0A7L3QUF0|A0A7L3QUF0_9SYLV 47 ENVNQCVLEMMIAAPDTLSVTLF-FMLILIA 76
                                    789*******************5.7776655 PP

>> tr|A0A7L1EFA3|A0A7L1EFA3_OENON  CP19A Aromatase (Fragment) OS=Oenanthe oenanthe OX=279966 GN=Cyp19a1_0 PE=3 SV=1
   #    score  bias  c-Evalue  i-Evalue hmmfrom  hmm to    alifrom  ali to    envfrom  env to     acc
 ---   ------ ----- --------- --------- ------- -------    ------- -------    ------- -------    ----
   1 !   26.1   0.6   1.9e-07   0.00015       2      32 ..      45      74 ..      44      75 .. 0.86

  Alignments for each domain:
  == domain 1  score: 26.1 bits;  conditional E-value: 1.9e-07
              Round3_FinalIHelix  2 keaeglalllfiagletisnsllsslLfyll 32
                                    +++++++l++ ia+++t s++l+ ++L  ++
  tr|A0A7L1EFA3|A0A7L1EFA3_OENON 45 ENVNQCVLEMMIAAPDTLSVTLF-FMLILIA 74
                                    789*******************5.7776655 PP

>> tr|A0A7K6H1I6|A0A7K6H1I6_9PASS  CP19A Aromatase (Fragment) OS=Malurus elegans OX=720584 GN=Cyp19a1_0 PE=3 SV=1
   #    score  bias  c-Evalue  i-Evalue hmmfrom  hmm to    alifrom  ali to    envfrom  env to     acc
 ---   ------ ----- --------- --------- ------- -------    ------- -------    ------- -------    ----
   1 !   26.0   0.6     2e-07   0.00016       2      32 ..      47      76 ..      46      77 .. 0.86

  Alignments for each domain:
  == domain 1  score: 26.0 bits;  conditional E-value: 2e-07
              Round3_FinalIHelix  2 keaeglalllfiagletisnsllsslLfyll 32
                                    +++++++l++ ia+++t s++l+ ++L  ++
  tr|A0A7K6H1I6|A0A7K6H1I6_9PASS 47 ENVNQCVLEMMIAAPDTLSVTLF-FMLILIA 76
                                    789*******************5.7776655 PP

>> tr|A0A7K7ZY81|A0A7K7ZY81_9PASE  CP19A Aromatase (Fragment) OS=Melanocharis versteri OX=254552 GN=Cyp19a1_0 PE=3 SV=1
   #    score  bias  c-Evalue  i-Evalue hmmfrom  hmm to    alifrom  ali to    envfrom  env to     acc
 ---   ------ ----- --------- --------- ------- -------    ------- -------    ------- -------    ----
   1 !   26.0   0.6     2e-07   0.00016       2      32 ..      47      76 ..      46      77 .. 0.86

  Alignments for each domain:
  == domain 1  score: 26.0 bits;  conditional E-value: 2e-07
              Round3_FinalIHelix  2 keaeglalllfiagletisnsllsslLfyll 32
                                    +++++++l++ ia+++t s++l+ ++L  ++
  tr|A0A7K7ZY81|A0A7K7ZY81_9PASE 47 ENVNQCVLEMMIAAPDTLSVTLF-FMLILIA 76
                                    789*******************5.7776655 PP

>> tr|A0A7K6QXX7|A0A7K6QXX7_9PASS  CP19A Aromatase (Fragment) OS=Climacteris rufus OX=47695 GN=Cyp19a1_0 PE=3 SV=1
   #    score  bias  c-Evalue  i-Evalue hmmfrom  hmm to    alifrom  ali to    envfrom  env to     acc
 ---   ------ ----- --------- --------- ------- -------    ------- -------    ------- -------    ----
   1 !   26.0   0.6     2e-07   0.00016       2      32 ..      47      76 ..      46      77 .. 0.86

  Alignments for each domain:
  == domain 1  score: 26.0 bits;  conditional E-value: 2e-07
              Round3_FinalIHelix  2 keaeglalllfiagletisnsllsslLfyll 32
                                    +++++++l++ ia+++t s++l+ ++L  ++
  tr|A0A7K6QXX7|A0A7K6QXX7_9PASS 47 ENVNQCVLEMMIAAPDTLSVTLF-FMLILIA 76
                                    789*******************5.7776655 PP

>> tr|A0A7K9WNU7|A0A7K9WNU7_9PASS  CP19A Aromatase (Fragment) OS=Rhipidura dahli OX=667186 GN=Cyp19a1_0 PE=3 SV=1
   #    score  bias  c-Evalue  i-Evalue hmmfrom  hmm to    alifrom  ali to    envfrom  env to     acc
 ---   ------ ----- --------- --------- ------- -------    ------- -------    ------- -------    ----
   1 !   26.0   0.6     2e-07   0.00016       2      32 ..      47      76 ..      46      77 .. 0.86

  Alignments for each domain:
  == domain 1  score: 26.0 bits;  conditional E-value: 2e-07
              Round3_FinalIHelix  2 keaeglalllfiagletisnsllsslLfyll 32
                                    +++++++l++ ia+++t s++l+ ++L  ++
  tr|A0A7K9WNU7|A0A7K9WNU7_9PASS 47 ENVNQCVLEMMIAAPDTLSVTLF-FMLILIA 76
                                    789*******************5.7776655 PP

>> tr|A0A850Z9L4|A0A850Z9L4_9PASS  CP19A Aromatase (Fragment) OS=Tichodroma muraria OX=237442 GN=Cyp19a1 PE=3 SV=1
   #    score  bias  c-Evalue  i-Evalue hmmfrom  hmm to    alifrom  ali to    envfrom  env to     acc
 ---   ------ ----- --------- --------- ------- -------    ------- -------    ------- -------    ----
   1 !   26.0   0.6     2e-07   0.00016       2      32 ..      47      76 ..      46      77 .. 0.86

  Alignments for each domain:
  == domain 1  score: 26.0 bits;  conditional E-value: 2e-07
              Round3_FinalIHelix  2 keaeglalllfiagletisnsllsslLfyll 32
                                    +++++++l++ ia+++t s++l+ ++L  ++
  tr|A0A850Z9L4|A0A850Z9L4_9PASS 47 ENVNQCVLEMMIAAPDTLSVTLF-FMLILIA 76
                                    789*******************5.7776655 PP

>> tr|A0A7L0PEK5|A0A7L0PEK5_9AVES  CP19A Aromatase (Fragment) OS=Mesembrinibis cayennensis OX=1118748 GN=Cyp19a1_0 PE=3 
   #    score  bias  c-Evalue  i-Evalue hmmfrom  hmm to    alifrom  ali to    envfrom  env to     acc
 ---   ------ ----- --------- --------- ------- -------    ------- -------    ------- -------    ----
   1 !   26.0   0.6     2e-07   0.00016       2      32 ..      47      76 ..      46      77 .. 0.86

  Alignments for each domain:
  == domain 1  score: 26.0 bits;  conditional E-value: 2e-07
              Round3_FinalIHelix  2 keaeglalllfiagletisnsllsslLfyll 32
                                    +++++++l++ ia+++t s++l+ ++L  ++
  tr|A0A7L0PEK5|A0A7L0PEK5_9AVES 47 ENVNQCVLEMMIAAPDTLSVTLF-FMLILIA 76
                                    789*******************5.7776655 PP

>> tr|A0A7K5LJP0|A0A7K5LJP0_VIRAL  CP19A Aromatase (Fragment) OS=Vireo altiloquus OX=34956 GN=Cyp19a1_0 PE=3 SV=1
   #    score  bias  c-Evalue  i-Evalue hmmfrom  hmm to    alifrom  ali to    envfrom  env to     acc
 ---   ------ ----- --------- --------- ------- -------    ------- -------    ------- -------    ----
   1 !   26.0   0.6     2e-07   0.00016       2      32 ..      47      76 ..      46      77 .. 0.86

  Alignments for each domain:
  == domain 1  score: 26.0 bits;  conditional E-value: 2e-07
              Round3_FinalIHelix  2 keaeglalllfiagletisnsllsslLfyll 32
                                    +++++++l++ ia+++t s++l+ ++L  ++
  tr|A0A7K5LJP0|A0A7K5LJP0_VIRAL 47 ENVNQCVLEMMIAAPDTLSVTLF-FMLILIA 76
                                    789*******************5.7776655 PP

>> tr|A0A7K6LGK6|A0A7K6LGK6_9CORV  CP19A Aromatase (Fragment) OS=Falcunculus frontatus OX=254539 GN=Cyp19a1_0 PE=3 SV=1
   #    score  bias  c-Evalue  i-Evalue hmmfrom  hmm to    alifrom  ali to    envfrom  env to     acc
 ---   ------ ----- --------- --------- ------- -------    ------- -------    ------- -------    ----
   1 !   26.0   0.6     2e-07   0.00016       2      32 ..      47      76 ..      46      77 .. 0.86

  Alignments for each domain:
  == domain 1  score: 26.0 bits;  conditional E-value: 2e-07
              Round3_FinalIHelix  2 keaeglalllfiagletisnsllsslLfyll 32
                                    +++++++l++ ia+++t s++l+ ++L  ++
  tr|A0A7K6LGK6|A0A7K6LGK6_9CORV 47 ENVNQCVLEMMIAAPDTLSVTLF-FMLILIA 76
                                    789*******************5.7776655 PP

>> tr|A0A7L1ZNC5|A0A7L1ZNC5_LEILU  CP19A Aromatase (Fragment) OS=Leiothrix lutea OX=36275 GN=Cyp19a1_0 PE=3 SV=1
   #    score  bias  c-Evalue  i-Evalue hmmfrom  hmm to    alifrom  ali to    envfrom  env to     acc
 ---   ------ ----- --------- --------- ------- -------    ------- -------    ------- -------    ----
   1 !   26.0   0.6     2e-07   0.00016       2      32 ..      47      76 ..      46      77 .. 0.86

  Alignments for each domain:
  == domain 1  score: 26.0 bits;  conditional E-value: 2e-07
              Round3_FinalIHelix  2 keaeglalllfiagletisnsllsslLfyll 32
                                    +++++++l++ ia+++t s++l+ ++L  ++
  tr|A0A7L1ZNC5|A0A7L1ZNC5_LEILU 47 ENVNQCVLEMMIAAPDTLSVTLF-FMLILIA 76
                                    789*******************5.7776655 PP

>> tr|A0A7L2XWA0|A0A7L2XWA0_9PASS  CP19A Aromatase (Fragment) OS=Erpornis zantholeuca OX=1112836 GN=Cyp19a1_0 PE=3 SV=1
   #    score  bias  c-Evalue  i-Evalue hmmfrom  hmm to    alifrom  ali to    envfrom  env to     acc
 ---   ------ ----- --------- --------- ------- -------    ------- -------    ------- -------    ----
   1 !   26.0   0.6     2e-07   0.00016       2      32 ..      47      76 ..      46      77 .. 0.86

  Alignments for each domain:
  == domain 1  score: 26.0 bits;  conditional E-value: 2e-07
              Round3_FinalIHelix  2 keaeglalllfiagletisnsllsslLfyll 32
                                    +++++++l++ ia+++t s++l+ ++L  ++
  tr|A0A7L2XWA0|A0A7L2XWA0_9PASS 47 ENVNQCVLEMMIAAPDTLSVTLF-FMLILIA 76
                                    789*******************5.7776655 PP

>> tr|A0A7K4STA1|A0A7K4STA1_9CHAR  CP19A Aromatase (Fragment) OS=Burhinus bistriatus OX=240201 GN=Cyp19a1_0 PE=3 SV=1
   #    score  bias  c-Evalue  i-Evalue hmmfrom  hmm to    alifrom  ali to    envfrom  env to     acc
 ---   ------ ----- --------- --------- ------- -------    ------- -------    ------- -------    ----
   1 !   26.0   0.6     2e-07   0.00016       2      32 ..      47      76 ..      46      77 .. 0.86

  Alignments for each domain:
  == domain 1  score: 26.0 bits;  conditional E-value: 2e-07
              Round3_FinalIHelix  2 keaeglalllfiagletisnsllsslLfyll 32
                                    +++++++l++ ia+++t s++l+ ++L  ++
  tr|A0A7K4STA1|A0A7K4STA1_9CHAR 47 ENVNQCVLEMMIAAPDTLSVTLF-FMLILIA 76
                                    789*******************5.7776655 PP

>> tr|A0A7K5E4P9|A0A7K5E4P9_POLCE  CP19A Aromatase (Fragment) OS=Polioptila caerulea OX=66707 GN=Cyp19a1_0 PE=3 SV=1
   #    score  bias  c-Evalue  i-Evalue hmmfrom  hmm to    alifrom  ali to    envfrom  env to     acc
 ---   ------ ----- --------- --------- ------- -------    ------- -------    ------- -------    ----
   1 !   26.0   0.6     2e-07   0.00016       2      32 ..      47      76 ..      46      77 .. 0.86

  Alignments for each domain:
  == domain 1  score: 26.0 bits;  conditional E-value: 2e-07
              Round3_FinalIHelix  2 keaeglalllfiagletisnsllsslLfyll 32
                                    +++++++l++ ia+++t s++l+ ++L  ++
  tr|A0A7K5E4P9|A0A7K5E4P9_POLCE 47 ENVNQCVLEMMIAAPDTLSVTLF-FMLILIA 76
                                    789*******************5.7776655 PP

>> tr|A0A7K5SPF0|A0A7K5SPF0_9FRIN  CP19A Aromatase (Fragment) OS=Urocynchramus pylzowi OX=571890 GN=Cyp19a1_0 PE=3 SV=1
   #    score  bias  c-Evalue  i-Evalue hmmfrom  hmm to    alifrom  ali to    envfrom  env to     acc
 ---   ------ ----- --------- --------- ------- -------    ------- -------    ------- -------    ----
   1 !   26.0   0.6     2e-07   0.00016       2      32 ..      47      76 ..      46      77 .. 0.86

  Alignments for each domain:
  == domain 1  score: 26.0 bits;  conditional E-value: 2e-07
              Round3_FinalIHelix  2 keaeglalllfiagletisnsllsslLfyll 32
                                    +++++++l++ ia+++t s++l+ ++L  ++
  tr|A0A7K5SPF0|A0A7K5SPF0_9FRIN 47 ENVNQCVLEMMIAAPDTLSVTLF-FMLILIA 76
                                    789*******************5.7776655 PP

>> tr|A0A7K6BNL5|A0A7K6BNL5_PTIVI  CP19A Aromatase (Fragment) OS=Ptilonorhynchus violaceus OX=28724 GN=Cyp19a1_0 PE=3 SV
   #    score  bias  c-Evalue  i-Evalue hmmfrom  hmm to    alifrom  ali to    envfrom  env to     acc
 ---   ------ ----- --------- --------- ------- -------    ------- -------    ------- -------    ----
   1 !   26.0   0.6     2e-07   0.00016       2      32 ..      47      76 ..      46      77 .. 0.86

  Alignments for each domain:
  == domain 1  score: 26.0 bits;  conditional E-value: 2e-07
              Round3_FinalIHelix  2 keaeglalllfiagletisnsllsslLfyll 32
                                    +++++++l++ ia+++t s++l+ ++L  ++
  tr|A0A7K6BNL5|A0A7K6BNL5_PTIVI 47 ENVNQCVLEMMIAAPDTLSVTLF-FMLILIA 76
                                    789*******************5.7776655 PP

>> tr|A0A7K6CZ56|A0A7K6CZ56_9PASS  CP19A Aromatase (Fragment) OS=Origma solitaria OX=720586 GN=Cyp19a1_0 PE=3 SV=1
   #    score  bias  c-Evalue  i-Evalue hmmfrom  hmm to    alifrom  ali to    envfrom  env to     acc
 ---   ------ ----- --------- --------- ------- -------    ------- -------    ------- -------    ----
   1 !   26.0   0.6     2e-07   0.00016       2      32 ..      47      76 ..      46      77 .. 0.86

  Alignments for each domain:
  == domain 1  score: 26.0 bits;  conditional E-value: 2e-07
              Round3_FinalIHelix  2 keaeglalllfiagletisnsllsslLfyll 32
                                    +++++++l++ ia+++t s++l+ ++L  ++
  tr|A0A7K6CZ56|A0A7K6CZ56_9PASS 47 ENVNQCVLEMMIAAPDTLSVTLF-FMLILIA 76
                                    789*******************5.7776655 PP

>> tr|A0A7K6EG90|A0A7K6EG90_9PASS  CP19A Aromatase (Fragment) OS=Grantiella picta OX=266360 GN=Cyp19a1_0 PE=3 SV=1
   #    score  bias  c-Evalue  i-Evalue hmmfrom  hmm to    alifrom  ali to    envfrom  env to     acc
 ---   ------ ----- --------- --------- ------- -------    ------- -------    ------- -------    ----
   1 !   26.0   0.6     2e-07   0.00016       2      32 ..      47      76 ..      46      77 .. 0.86

  Alignments for each domain:
  == domain 1  score: 26.0 bits;  conditional E-value: 2e-07
              Round3_FinalIHelix  2 keaeglalllfiagletisnsllsslLfyll 32
                                    +++++++l++ ia+++t s++l+ ++L  ++
  tr|A0A7K6EG90|A0A7K6EG90_9PASS 47 ENVNQCVLEMMIAAPDTLSVTLF-FMLILIA 76
                                    789*******************5.7776655 PP

>> tr|A0A7K6HDA0|A0A7K6HDA0_9PASS  CP19A Aromatase (Fragment) OS=Dasyornis broadbenti OX=243059 GN=Cyp19a1_0 PE=3 SV=1
   #    score  bias  c-Evalue  i-Evalue hmmfrom  hmm to    alifrom  ali to    envfrom  env to     acc
 ---   ------ ----- --------- --------- ------- -------    ------- -------    ------- -------    ----
   1 !   26.0   0.6     2e-07   0.00016       2      32 ..      47      76 ..      46      77 .. 0.86

  Alignments for each domain:
  == domain 1  score: 26.0 bits;  conditional E-value: 2e-07
              Round3_FinalIHelix  2 keaeglalllfiagletisnsllsslLfyll 32
                                    +++++++l++ ia+++t s++l+ ++L  ++
  tr|A0A7K6HDA0|A0A7K6HDA0_9PASS 47 ENVNQCVLEMMIAAPDTLSVTLF-FMLILIA 76
                                    789*******************5.7776655 PP

>> tr|A0A7K6M6Z2|A0A7K6M6Z2_PANBI  CP19A Aromatase (Fragment) OS=Panurus biarmicus OX=181101 GN=Cyp19a1_0 PE=3 SV=1
   #    score  bias  c-Evalue  i-Evalue hmmfrom  hmm to    alifrom  ali to    envfrom  env to     acc
 ---   ------ ----- --------- --------- ------- -------    ------- -------    ------- -------    ----
   1 !   26.0   0.6     2e-07   0.00016       2      32 ..      47      76 ..      46      77 .. 0.86

  Alignments for each domain:
  == domain 1  score: 26.0 bits;  conditional E-value: 2e-07
              Round3_FinalIHelix  2 keaeglalllfiagletisnsllsslLfyll 32
                                    +++++++l++ ia+++t s++l+ ++L  ++
  tr|A0A7K6M6Z2|A0A7K6M6Z2_PANBI 47 ENVNQCVLEMMIAAPDTLSVTLF-FMLILIA 76
                                    789*******************5.7776655 PP

>> tr|A0A7K7E971|A0A7K7E971_9SYLV  CP19A Aromatase (Fragment) OS=Sylvia atricapilla OX=48155 GN=Cyp19a1_0 PE=3 SV=1
   #    score  bias  c-Evalue  i-Evalue hmmfrom  hmm to    alifrom  ali to    envfrom  env to     acc
 ---   ------ ----- --------- --------- ------- -------    ------- -------    ------- -------    ----
   1 !   26.0   0.6     2e-07   0.00016       2      32 ..      47      76 ..      46      77 .. 0.86

  Alignments for each domain:
  == domain 1  score: 26.0 bits;  conditional E-value: 2e-07
              Round3_FinalIHelix  2 keaeglalllfiagletisnsllsslLfyll 32
                                    +++++++l++ ia+++t s++l+ ++L  ++
  tr|A0A7K7E971|A0A7K7E971_9SYLV 47 ENVNQCVLEMMIAAPDTLSVTLF-FMLILIA 76
                                    789*******************5.7776655 PP

>> tr|A0A7K7P5X2|A0A7K7P5X2_ACRAR  CP19A Aromatase (Fragment) OS=Acrocephalus arundinaceus OX=39621 GN=Cyp19a1_0 PE=3 SV
   #    score  bias  c-Evalue  i-Evalue hmmfrom  hmm to    alifrom  ali to    envfrom  env to     acc
 ---   ------ ----- --------- --------- ------- -------    ------- -------    ------- -------    ----
   1 !   26.0   0.6     2e-07   0.00016       2      32 ..      47      76 ..      46      77 .. 0.86

  Alignments for each domain:
  == domain 1  score: 26.0 bits;  conditional E-value: 2e-07
              Round3_FinalIHelix  2 keaeglalllfiagletisnsllsslLfyll 32
                                    +++++++l++ ia+++t s++l+ ++L  ++
  tr|A0A7K7P5X2|A0A7K7P5X2_ACRAR 47 ENVNQCVLEMMIAAPDTLSVTLF-FMLILIA 76
                                    789*******************5.7776655 PP

>> tr|A0A7K7QH69|A0A7K7QH69_POEAT  CP19A Aromatase (Fragment) OS=Poecile atricapillus OX=48891 GN=Cyp19a1_0 PE=3 SV=1
   #    score  bias  c-Evalue  i-Evalue hmmfrom  hmm to    alifrom  ali to    envfrom  env to     acc
 ---   ------ ----- --------- --------- ------- -------    ------- -------    ------- -------    ----
   1 !   26.0   0.6     2e-07   0.00016       2      32 ..      47      76 ..      46      77 .. 0.86

  Alignments for each domain:
  == domain 1  score: 26.0 bits;  conditional E-value: 2e-07
              Round3_FinalIHelix  2 keaeglalllfiagletisnsllsslLfyll 32
                                    +++++++l++ ia+++t s++l+ ++L  ++
  tr|A0A7K7QH69|A0A7K7QH69_POEAT 47 ENVNQCVLEMMIAAPDTLSVTLF-FMLILIA 76
                                    789*******************5.7776655 PP

>> tr|A0A7K7X1I2|A0A7K7X1I2_9PASS  CP19A Aromatase (Fragment) OS=Mohoua ochrocephala OX=874463 GN=Cyp19a1_0 PE=3 SV=1
   #    score  bias  c-Evalue  i-Evalue hmmfrom  hmm to    alifrom  ali to    envfrom  env to     acc
 ---   ------ ----- --------- --------- ------- -------    ------- -------    ------- -------    ----
   1 !   26.0   0.6     2e-07   0.00016       2      32 ..      47      76 ..      46      77 .. 0.86

  Alignments for each domain:
  == domain 1  score: 26.0 bits;  conditional E-value: 2e-07
              Round3_FinalIHelix  2 keaeglalllfiagletisnsllsslLfyll 32
                                    +++++++l++ ia+++t s++l+ ++L  ++
  tr|A0A7K7X1I2|A0A7K7X1I2_9PASS 47 ENVNQCVLEMMIAAPDTLSVTLF-FMLILIA 76
                                    789*******************5.7776655 PP

>> tr|A0A7K7YT35|A0A7K7YT35_THRLU  CP19A Aromatase (Fragment) OS=Thryothorus ludovicianus OX=74200 GN=Cyp19a1_0 PE=3 SV=
   #    score  bias  c-Evalue  i-Evalue hmmfrom  hmm to    alifrom  ali to    envfrom  env to     acc
 ---   ------ ----- --------- --------- ------- -------    ------- -------    ------- -------    ----
   1 !   26.0   0.6     2e-07   0.00016       2      32 ..      47      76 ..      46      77 .. 0.86

  Alignments for each domain:
  == domain 1  score: 26.0 bits;  conditional E-value: 2e-07
              Round3_FinalIHelix  2 keaeglalllfiagletisnsllsslLfyll 32
                                    +++++++l++ ia+++t s++l+ ++L  ++
  tr|A0A7K7YT35|A0A7K7YT35_THRLU 47 ENVNQCVLEMMIAAPDTLSVTLF-FMLILIA 76
                                    789*******************5.7776655 PP

>> tr|A0A7K8BLU1|A0A7K8BLU1_9CORV  CP19A Aromatase (Fragment) OS=Rhagologus leucostigma OX=156170 GN=Cyp19a1_0 PE=3 SV=1
   #    score  bias  c-Evalue  i-Evalue hmmfrom  hmm to    alifrom  ali to    envfrom  env to     acc
 ---   ------ ----- --------- --------- ------- -------    ------- -------    ------- -------    ----
   1 !   26.0   0.6     2e-07   0.00016       2      32 ..      47      76 ..      46      77 .. 0.86

  Alignments for each domain:
  == domain 1  score: 26.0 bits;  conditional E-value: 2e-07
              Round3_FinalIHelix  2 keaeglalllfiagletisnsllsslLfyll 32
                                    +++++++l++ ia+++t s++l+ ++L  ++
  tr|A0A7K8BLU1|A0A7K8BLU1_9CORV 47 ENVNQCVLEMMIAAPDTLSVTLF-FMLILIA 76
                                    789*******************5.7776655 PP

>> tr|A0A7K8D3P7|A0A7K8D3P7_9CORV  CP19A Aromatase (Fragment) OS=Eulacestoma nigropectus OX=461239 GN=Cyp19a1_0 PE=3 SV=
   #    score  bias  c-Evalue  i-Evalue hmmfrom  hmm to    alifrom  ali to    envfrom  env to     acc
 ---   ------ ----- --------- --------- ------- -------    ------- -------    ------- -------    ----
   1 !   26.0   0.6     2e-07   0.00016       2      32 ..      47      76 ..      46      77 .. 0.86

  Alignments for each domain:
  == domain 1  score: 26.0 bits;  conditional E-value: 2e-07
              Round3_FinalIHelix  2 keaeglalllfiagletisnsllsslLfyll 32
                                    +++++++l++ ia+++t s++l+ ++L  ++
  tr|A0A7K8D3P7|A0A7K8D3P7_9CORV 47 ENVNQCVLEMMIAAPDTLSVTLF-FMLILIA 76
                                    789*******************5.7776655 PP

>> tr|A0A7K8F4M2|A0A7K8F4M2_9CORV  CP19A Aromatase (Fragment) OS=Struthidea cinerea OX=181839 GN=Cyp19a1_0 PE=3 SV=1
   #    score  bias  c-Evalue  i-Evalue hmmfrom  hmm to    alifrom  ali to    envfrom  env to     acc
 ---   ------ ----- --------- --------- ------- -------    ------- -------    ------- -------    ----
   1 !   26.0   0.6     2e-07   0.00016       2      32 ..      47      76 ..      46      77 .. 0.86

  Alignments for each domain:
  == domain 1  score: 26.0 bits;  conditional E-value: 2e-07
              Round3_FinalIHelix  2 keaeglalllfiagletisnsllsslLfyll 32
                                    +++++++l++ ia+++t s++l+ ++L  ++
  tr|A0A7K8F4M2|A0A7K8F4M2_9CORV 47 ENVNQCVLEMMIAAPDTLSVTLF-FMLILIA 76
                                    789*******************5.7776655 PP

>> tr|A0A7K8IKC0|A0A7K8IKC0_9PASS  CP19A Aromatase (Fragment) OS=Chaetorhynchus papuensis OX=254446 GN=Cyp19a1_0 PE=3 SV
   #    score  bias  c-Evalue  i-Evalue hmmfrom  hmm to    alifrom  ali to    envfrom  env to     acc
 ---   ------ ----- --------- --------- ------- -------    ------- -------    ------- -------    ----
   1 !   26.0   0.6     2e-07   0.00016       2      32 ..      47      76 ..      46      77 .. 0.86

  Alignments for each domain:
  == domain 1  score: 26.0 bits;  conditional E-value: 2e-07
              Round3_FinalIHelix  2 keaeglalllfiagletisnsllsslLfyll 32
                                    +++++++l++ ia+++t s++l+ ++L  ++
  tr|A0A7K8IKC0|A0A7K8IKC0_9PASS 47 ENVNQCVLEMMIAAPDTLSVTLF-FMLILIA 76
                                    789*******************5.7776655 PP

>> tr|A0A7K8QBQ7|A0A7K8QBQ7_9PASS  CP19A Aromatase (Fragment) OS=Smithornis capensis OX=363769 GN=Cyp19a1_0 PE=3 SV=1
   #    score  bias  c-Evalue  i-Evalue hmmfrom  hmm to    alifrom  ali to    envfrom  env to     acc
 ---   ------ ----- --------- --------- ------- -------    ------- -------    ------- -------    ----
   1 !   26.0   0.6     2e-07   0.00016       2      32 ..      47      76 ..      46      77 .. 0.86

  Alignments for each domain:
  == domain 1  score: 26.0 bits;  conditional E-value: 2e-07
              Round3_FinalIHelix  2 keaeglalllfiagletisnsllsslLfyll 32
                                    +++++++l++ ia+++t s++l+ ++L  ++
  tr|A0A7K8QBQ7|A0A7K8QBQ7_9PASS 47 ENVNQCVLEMMIAAPDTLSVTLF-FMLILIA 76
                                    789*******************5.7776655 PP

>> tr|A0A7K9IZY6|A0A7K9IZY6_9CORV  CP19A Aromatase (Fragment) OS=Myiagra hebetior OX=381031 GN=Cyp19a1_0 PE=3 SV=1
   #    score  bias  c-Evalue  i-Evalue hmmfrom  hmm to    alifrom  ali to    envfrom  env to     acc
 ---   ------ ----- --------- --------- ------- -------    ------- -------    ------- -------    ----
   1 !   26.0   0.6     2e-07   0.00016       2      32 ..      47      76 ..      46      77 .. 0.86

  Alignments for each domain:
  == domain 1  score: 26.0 bits;  conditional E-value: 2e-07
              Round3_FinalIHelix  2 keaeglalllfiagletisnsllsslLfyll 32
                                    +++++++l++ ia+++t s++l+ ++L  ++
  tr|A0A7K9IZY6|A0A7K9IZY6_9CORV 47 ENVNQCVLEMMIAAPDTLSVTLF-FMLILIA 76
                                    789*******************5.7776655 PP

>> tr|A0A7K9P100|A0A7K9P100_9CORV  CP19A Aromatase (Fragment) OS=Edolisoma coerulescens OX=2585810 GN=Cyp19a1_0 PE=3 SV=
   #    score  bias  c-Evalue  i-Evalue hmmfrom  hmm to    alifrom  ali to    envfrom  env to     acc
 ---   ------ ----- --------- --------- ------- -------    ------- -------    ------- -------    ----
   1 !   26.0   0.6     2e-07   0.00016       2      32 ..      47      76 ..      46      77 .. 0.86

  Alignments for each domain:
  == domain 1  score: 26.0 bits;  conditional E-value: 2e-07
              Round3_FinalIHelix  2 keaeglalllfiagletisnsllsslLfyll 32
                                    +++++++l++ ia+++t s++l+ ++L  ++
  tr|A0A7K9P100|A0A7K9P100_9CORV 47 ENVNQCVLEMMIAAPDTLSVTLF-FMLILIA 76
                                    789*******************5.7776655 PP

>> tr|A0A7L1DIY7|A0A7L1DIY7_9PASS  CP19A Aromatase (Fragment) OS=Serilophus lunatus OX=239386 GN=Cyp19a1_0 PE=3 SV=1
   #    score  bias  c-Evalue  i-Evalue hmmfrom  hmm to    alifrom  ali to    envfrom  env to     acc
 ---   ------ ----- --------- --------- ------- -------    ------- -------    ------- -------    ----
   1 !   26.0   0.6     2e-07   0.00016       2      32 ..      47      76 ..      46      77 .. 0.86

  Alignments for each domain:
  == domain 1  score: 26.0 bits;  conditional E-value: 2e-07
              Round3_FinalIHelix  2 keaeglalllfiagletisnsllsslLfyll 32
                                    +++++++l++ ia+++t s++l+ ++L  ++
  tr|A0A7L1DIY7|A0A7L1DIY7_9PASS 47 ENVNQCVLEMMIAAPDTLSVTLF-FMLILIA 76
                                    789*******************5.7776655 PP

>> tr|A0A7L1FC26|A0A7L1FC26_SYLBO  CP19A Aromatase (Fragment) OS=Sylvia borin OX=73324 GN=Cyp19a1_0 PE=3 SV=1
   #    score  bias  c-Evalue  i-Evalue hmmfrom  hmm to    alifrom  ali to    envfrom  env to     acc
 ---   ------ ----- --------- --------- ------- -------    ------- -------    ------- -------    ----
   1 !   26.0   0.6     2e-07   0.00016       2      32 ..      47      76 ..      46      77 .. 0.86

  Alignments for each domain:
  == domain 1  score: 26.0 bits;  conditional E-value: 2e-07
              Round3_FinalIHelix  2 keaeglalllfiagletisnsllsslLfyll 32
                                    +++++++l++ ia+++t s++l+ ++L  ++
  tr|A0A7L1FC26|A0A7L1FC26_SYLBO 47 ENVNQCVLEMMIAAPDTLSVTLF-FMLILIA 76
                                    789*******************5.7776655 PP

>> tr|A0A7L1PHU8|A0A7L1PHU8_ORIOR  CP19A Aromatase (Fragment) OS=Oriolus oriolus OX=181099 GN=Cyp19a1_0 PE=3 SV=1
   #    score  bias  c-Evalue  i-Evalue hmmfrom  hmm to    alifrom  ali to    envfrom  env to     acc
 ---   ------ ----- --------- --------- ------- -------    ------- -------    ------- -------    ----
   1 !   26.0   0.6     2e-07   0.00016       2      32 ..      47      76 ..      46      77 .. 0.86

  Alignments for each domain:
  == domain 1  score: 26.0 bits;  conditional E-value: 2e-07
              Round3_FinalIHelix  2 keaeglalllfiagletisnsllsslLfyll 32
                                    +++++++l++ ia+++t s++l+ ++L  ++
  tr|A0A7L1PHU8|A0A7L1PHU8_ORIOR 47 ENVNQCVLEMMIAAPDTLSVTLF-FMLILIA 76
                                    789*******************5.7776655 PP

>> tr|A0A7L1TQG6|A0A7L1TQG6_PHANI  CP19A Aromatase (Fragment) OS=Phainopepla nitens OX=161653 GN=Cyp19a1_0 PE=3 SV=1
   #    score  bias  c-Evalue  i-Evalue hmmfrom  hmm to    alifrom  ali to    envfrom  env to     acc
 ---   ------ ----- --------- --------- ------- -------    ------- -------    ------- -------    ----
   1 !   26.0   0.6     2e-07   0.00016       2      32 ..      47      76 ..      46      77 .. 0.86

  Alignments for each domain:
  == domain 1  score: 26.0 bits;  conditional E-value: 2e-07
              Round3_FinalIHelix  2 keaeglalllfiagletisnsllsslLfyll 32
                                    +++++++l++ ia+++t s++l+ ++L  ++
  tr|A0A7L1TQG6|A0A7L1TQG6_PHANI 47 ENVNQCVLEMMIAAPDTLSVTLF-FMLILIA 76
                                    789*******************5.7776655 PP

>> tr|A0A7L2CHK9|A0A7L2CHK9_9PASS  CP19A Aromatase (Fragment) OS=Alaudala cheleensis OX=670337 GN=Cyp19a1_0 PE=3 SV=1
   #    score  bias  c-Evalue  i-Evalue hmmfrom  hmm to    alifrom  ali to    envfrom  env to     acc
 ---   ------ ----- --------- --------- ------- -------    ------- -------    ------- -------    ----
   1 !   26.0   0.6     2e-07   0.00016       2      32 ..      47      76 ..      46      77 .. 0.86

  Alignments for each domain:
  == domain 1  score: 26.0 bits;  conditional E-value: 2e-07
              Round3_FinalIHelix  2 keaeglalllfiagletisnsllsslLfyll 32
                                    +++++++l++ ia+++t s++l+ ++L  ++
  tr|A0A7L2CHK9|A0A7L2CHK9_9PASS 47 ENVNQCVLEMMIAAPDTLSVTLF-FMLILIA 76
                                    789*******************5.7776655 PP

>> tr|A0A7L2DRL1|A0A7L2DRL1_ANTMN  CP19A Aromatase (Fragment) OS=Anthoscopus minutus OX=156561 GN=Cyp19a1_0 PE=3 SV=1
   #    score  bias  c-Evalue  i-Evalue hmmfrom  hmm to    alifrom  ali to    envfrom  env to     acc
 ---   ------ ----- --------- --------- ------- -------    ------- -------    ------- -------    ----
   1 !   26.0   0.6     2e-07   0.00016       2      32 ..      47      76 ..      46      77 .. 0.86

  Alignments for each domain:
  == domain 1  score: 26.0 bits;  conditional E-value: 2e-07
              Round3_FinalIHelix  2 keaeglalllfiagletisnsllsslLfyll 32
                                    +++++++l++ ia+++t s++l+ ++L  ++
  tr|A0A7L2DRL1|A0A7L2DRL1_ANTMN 47 ENVNQCVLEMMIAAPDTLSVTLF-FMLILIA 76
                                    789*******************5.7776655 PP

>> tr|A0A7L2JJF6|A0A7L2JJF6_CINMU  CP19A Aromatase (Fragment) OS=Cinclus mexicanus OX=161649 GN=Cyp19a1_0 PE=3 SV=1
   #    score  bias  c-Evalue  i-Evalue hmmfrom  hmm to    alifrom  ali to    envfrom  env to     acc
 ---   ------ ----- --------- --------- ------- -------    ------- -------    ------- -------    ----
   1 !   26.0   0.6     2e-07   0.00016       2      32 ..      47      76 ..      46      77 .. 0.86

  Alignments for each domain:
  == domain 1  score: 26.0 bits;  conditional E-value: 2e-07
              Round3_FinalIHelix  2 keaeglalllfiagletisnsllsslLfyll 32
                                    +++++++l++ ia+++t s++l+ ++L  ++
  tr|A0A7L2JJF6|A0A7L2JJF6_CINMU 47 ENVNQCVLEMMIAAPDTLSVTLF-FMLILIA 76
                                    789*******************5.7776655 PP

>> tr|A0A7L2LAV4|A0A7L2LAV4_9SYLV  CP19A Aromatase (Fragment) OS=Hippolais icterina OX=68497 GN=Cyp19a1_0 PE=3 SV=1
   #    score  bias  c-Evalue  i-Evalue hmmfrom  hmm to    alifrom  ali to    envfrom  env to     acc
 ---   ------ ----- --------- --------- ------- -------    ------- -------    ------- -------    ----
   1 !   26.0   0.6     2e-07   0.00016       2      32 ..      47      76 ..      46      77 .. 0.86

  Alignments for each domain:
  == domain 1  score: 26.0 bits;  conditional E-value: 2e-07
              Round3_FinalIHelix  2 keaeglalllfiagletisnsllsslLfyll 32
                                    +++++++l++ ia+++t s++l+ ++L  ++
  tr|A0A7L2LAV4|A0A7L2LAV4_9SYLV 47 ENVNQCVLEMMIAAPDTLSVTLF-FMLILIA 76
                                    789*******************5.7776655 PP

>> tr|A0A7L2MDV6|A0A7L2MDV6_9PASS  CP19A Aromatase (Fragment) OS=Rhadina sibilatrix OX=2585818 GN=Cyp19a1_0 PE=3 SV=1
   #    score  bias  c-Evalue  i-Evalue hmmfrom  hmm to    alifrom  ali to    envfrom  env to     acc
 ---   ------ ----- --------- --------- ------- -------    ------- -------    ------- -------    ----
   1 !   26.0   0.6     2e-07   0.00016       2      32 ..      47      76 ..      46      77 .. 0.86

  Alignments for each domain:
  == domain 1  score: 26.0 bits;  conditional E-value: 2e-07
              Round3_FinalIHelix  2 keaeglalllfiagletisnsllsslLfyll 32
                                    +++++++l++ ia+++t s++l+ ++L  ++
  tr|A0A7L2MDV6|A0A7L2MDV6_9PASS 47 ENVNQCVLEMMIAAPDTLSVTLF-FMLILIA 76
                                    789*******************5.7776655 PP

>> tr|A0A7L2SCM8|A0A7L2SCM8_9PASS  CP19A Aromatase (Fragment) OS=Mystacornis crossleyi OX=98133 GN=Cyp19a1_0 PE=3 SV=1
   #    score  bias  c-Evalue  i-Evalue hmmfrom  hmm to    alifrom  ali to    envfrom  env to     acc
 ---   ------ ----- --------- --------- ------- -------    ------- -------    ------- -------    ----
   1 !   26.0   0.6     2e-07   0.00016       2      32 ..      47      76 ..      46      77 .. 0.86

  Alignments for each domain:
  == domain 1  score: 26.0 bits;  conditional E-value: 2e-07
              Round3_FinalIHelix  2 keaeglalllfiagletisnsllsslLfyll 32
                                    +++++++l++ ia+++t s++l+ ++L  ++
  tr|A0A7L2SCM8|A0A7L2SCM8_9PASS 47 ENVNQCVLEMMIAAPDTLSVTLF-FMLILIA 76
                                    789*******************5.7776655 PP

>> tr|A0A7L2TUR7|A0A7L2TUR7_POMRU  CP19A Aromatase (Fragment) OS=Pomatostomus ruficeps OX=9176 GN=Cyp19a1_0 PE=3 SV=1
   #    score  bias  c-Evalue  i-Evalue hmmfrom  hmm to    alifrom  ali to    envfrom  env to     acc
 ---   ------ ----- --------- --------- ------- -------    ------- -------    ------- -------    ----
   1 !   26.0   0.6     2e-07   0.00016       2      32 ..      47      76 ..      46      77 .. 0.86

  Alignments for each domain:
  == domain 1  score: 26.0 bits;  conditional E-value: 2e-07
              Round3_FinalIHelix  2 keaeglalllfiagletisnsllsslLfyll 32
                                    +++++++l++ ia+++t s++l+ ++L  ++
  tr|A0A7L2TUR7|A0A7L2TUR7_POMRU 47 ENVNQCVLEMMIAAPDTLSVTLF-FMLILIA 76
                                    789*******************5.7776655 PP

>> tr|A0A7L3E8T6|A0A7L3E8T6_9PASS  CP19A Aromatase (Fragment) OS=Chaetops frenatus OX=221966 GN=Cyp19a1_0 PE=3 SV=1
   #    score  bias  c-Evalue  i-Evalue hmmfrom  hmm to    alifrom  ali to    envfrom  env to     acc
 ---   ------ ----- --------- --------- ------- -------    ------- -------    ------- -------    ----
   1 !   26.0   0.6     2e-07   0.00016       2      32 ..      47      76 ..      46      77 .. 0.86

  Alignments for each domain:
  == domain 1  score: 26.0 bits;  conditional E-value: 2e-07
              Round3_FinalIHelix  2 keaeglalllfiagletisnsllsslLfyll 32
                                    +++++++l++ ia+++t s++l+ ++L  ++
  tr|A0A7L3E8T6|A0A7L3E8T6_9PASS 47 ENVNQCVLEMMIAAPDTLSVTLF-FMLILIA 76
                                    789*******************5.7776655 PP

>> tr|A0A7L3KWV7|A0A7L3KWV7_9PASS  CP19A Aromatase (Fragment) OS=Drymodes brunneopygia OX=626378 GN=Cyp19a1_0 PE=3 SV=1
   #    score  bias  c-Evalue  i-Evalue hmmfrom  hmm to    alifrom  ali to    envfrom  env to     acc
 ---   ------ ----- --------- --------- ------- -------    ------- -------    ------- -------    ----
   1 !   26.0   0.6     2e-07   0.00016       2      32 ..      47      76 ..      46      77 .. 0.86

  Alignments for each domain:
  == domain 1  score: 26.0 bits;  conditional E-value: 2e-07
              Round3_FinalIHelix  2 keaeglalllfiagletisnsllsslLfyll 32
                                    +++++++l++ ia+++t s++l+ ++L  ++
  tr|A0A7L3KWV7|A0A7L3KWV7_9PASS 47 ENVNQCVLEMMIAAPDTLSVTLF-FMLILIA 76
                                    789*******************5.7776655 PP

>> tr|A0A7L3MGW6|A0A7L3MGW6_9PASS  CP19A Aromatase (Fragment) OS=Horornis vulcanius OX=2585811 GN=Cyp19a1_0 PE=3 SV=1
   #    score  bias  c-Evalue  i-Evalue hmmfrom  hmm to    alifrom  ali to    envfrom  env to     acc
 ---   ------ ----- --------- --------- ------- -------    ------- -------    ------- -------    ----
   1 !   26.0   0.6     2e-07   0.00016       2      32 ..      47      76 ..      46      77 .. 0.86

  Alignments for each domain:
  == domain 1  score: 26.0 bits;  conditional E-value: 2e-07
              Round3_FinalIHelix  2 keaeglalllfiagletisnsllsslLfyll 32
                                    +++++++l++ ia+++t s++l+ ++L  ++
  tr|A0A7L3MGW6|A0A7L3MGW6_9PASS 47 ENVNQCVLEMMIAAPDTLSVTLF-FMLILIA 76
                                    789*******************5.7776655 PP

>> tr|A0A7L4IKY4|A0A7L4IKY4_9PASS  CP19A Aromatase (Fragment) OS=Pomatorhinus ruficollis OX=932028 GN=Cyp19a1_0 PE=3 SV=
   #    score  bias  c-Evalue  i-Evalue hmmfrom  hmm to    alifrom  ali to    envfrom  env to     acc
 ---   ------ ----- --------- --------- ------- -------    ------- -------    ------- -------    ----
   1 !   26.0   0.6     2e-07   0.00016       2      32 ..      47      76 ..      46      77 .. 0.86

  Alignments for each domain:
  == domain 1  score: 26.0 bits;  conditional E-value: 2e-07
              Round3_FinalIHelix  2 keaeglalllfiagletisnsllsslLfyll 32
                                    +++++++l++ ia+++t s++l+ ++L  ++
  tr|A0A7L4IKY4|A0A7L4IKY4_9PASS 47 ENVNQCVLEMMIAAPDTLSVTLF-FMLILIA 76
                                    789*******************5.7776655 PP

>> tr|A0A7L4KP06|A0A7L4KP06_9CORV  CP19A Aromatase (Fragment) OS=Callaeas wilsoni OX=1347786 GN=Cyp19a1 PE=3 SV=1
   #    score  bias  c-Evalue  i-Evalue hmmfrom  hmm to    alifrom  ali to    envfrom  env to     acc
 ---   ------ ----- --------- --------- ------- -------    ------- -------    ------- -------    ----
   1 !   26.0   0.6     2e-07   0.00016       2      32 ..      47      76 ..      46      77 .. 0.86

  Alignments for each domain:
  == domain 1  score: 26.0 bits;  conditional E-value: 2e-07
              Round3_FinalIHelix  2 keaeglalllfiagletisnsllsslLfyll 32
                                    +++++++l++ ia+++t s++l+ ++L  ++
  tr|A0A7L4KP06|A0A7L4KP06_9CORV 47 ENVNQCVLEMMIAAPDTLSVTLF-FMLILIA 76
                                    789*******************5.7776655 PP

>> tr|A0A850UJR3|A0A850UJR3_9CORV  CP19A Aromatase (Fragment) OS=Chloropsis hardwickii OX=667144 GN=Cyp19a1_0 PE=3 SV=1
   #    score  bias  c-Evalue  i-Evalue hmmfrom  hmm to    alifrom  ali to    envfrom  env to     acc
 ---   ------ ----- --------- --------- ------- -------    ------- -------    ------- -------    ----
   1 !   26.0   0.6     2e-07   0.00016       2      32 ..      47      76 ..      46      77 .. 0.86

  Alignments for each domain:
  == domain 1  score: 26.0 bits;  conditional E-value: 2e-07
              Round3_FinalIHelix  2 keaeglalllfiagletisnsllsslLfyll 32
                                    +++++++l++ ia+++t s++l+ ++L  ++
  tr|A0A850UJR3|A0A850UJR3_9CORV 47 ENVNQCVLEMMIAAPDTLSVTLF-FMLILIA 76
                                    789*******************5.7776655 PP

>> tr|A0A851EEZ9|A0A851EEZ9_9CORV  CP19A Aromatase (Fragment) OS=Dryoscopus gambensis OX=85069 GN=Cyp19a1_0 PE=3 SV=1
   #    score  bias  c-Evalue  i-Evalue hmmfrom  hmm to    alifrom  ali to    envfrom  env to     acc
 ---   ------ ----- --------- --------- ------- -------    ------- -------    ------- -------    ----
   1 !   26.0   0.6     2e-07   0.00016       2      32 ..      47      76 ..      46      77 .. 0.86

  Alignments for each domain:
  == domain 1  score: 26.0 bits;  conditional E-value: 2e-07
              Round3_FinalIHelix  2 keaeglalllfiagletisnsllsslLfyll 32
                                    +++++++l++ ia+++t s++l+ ++L  ++
  tr|A0A851EEZ9|A0A851EEZ9_9CORV 47 ENVNQCVLEMMIAAPDTLSVTLF-FMLILIA 76
                                    789*******************5.7776655 PP

>> tr|A0A851K8G0|A0A851K8G0_VIDCH  CP19A Aromatase (Fragment) OS=Vidua chalybeata OX=81927 GN=Cyp19a1_0 PE=3 SV=1
   #    score  bias  c-Evalue  i-Evalue hmmfrom  hmm to    alifrom  ali to    envfrom  env to     acc
 ---   ------ ----- --------- --------- ------- -------    ------- -------    ------- -------    ----
   1 !   26.0   0.6     2e-07   0.00016       2      32 ..      47      76 ..      46      77 .. 0.86

  Alignments for each domain:
  == domain 1  score: 26.0 bits;  conditional E-value: 2e-07
              Round3_FinalIHelix  2 keaeglalllfiagletisnsllsslLfyll 32
                                    +++++++l++ ia+++t s++l+ ++L  ++
  tr|A0A851K8G0|A0A851K8G0_VIDCH 47 ENVNQCVLEMMIAAPDTLSVTLF-FMLILIA 76
                                    789*******************5.7776655 PP

>> tr|A0A852ALB3|A0A852ALB3_9CORV  CP19A Aromatase (Fragment) OS=Chloropsis cyanopogon OX=1218682 GN=Cyp19a1_0 PE=3 SV=1
   #    score  bias  c-Evalue  i-Evalue hmmfrom  hmm to    alifrom  ali to    envfrom  env to     acc
 ---   ------ ----- --------- --------- ------- -------    ------- -------    ------- -------    ----
   1 !   26.0   0.6     2e-07   0.00016       2      32 ..      47      76 ..      46      77 .. 0.86

  Alignments for each domain:
  == domain 1  score: 26.0 bits;  conditional E-value: 2e-07
              Round3_FinalIHelix  2 keaeglalllfiagletisnsllsslLfyll 32
                                    +++++++l++ ia+++t s++l+ ++L  ++
  tr|A0A852ALB3|A0A852ALB3_9CORV 47 ENVNQCVLEMMIAAPDTLSVTLF-FMLILIA 76
                                    789*******************5.7776655 PP

>> tr|A0A852E123|A0A852E123_VIDMA  CP19A Aromatase (Fragment) OS=Vidua macroura OX=187451 GN=Cyp19a1_0 PE=3 SV=1
   #    score  bias  c-Evalue  i-Evalue hmmfrom  hmm to    alifrom  ali to    envfrom  env to     acc
 ---   ------ ----- --------- --------- ------- -------    ------- -------    ------- -------    ----
   1 !   26.0   0.6     2e-07   0.00016       2      32 ..      47      76 ..      46      77 .. 0.86

  Alignments for each domain:
  == domain 1  score: 26.0 bits;  conditional E-value: 2e-07
              Round3_FinalIHelix  2 keaeglalllfiagletisnsllsslLfyll 32
                                    +++++++l++ ia+++t s++l+ ++L  ++
  tr|A0A852E123|A0A852E123_VIDMA 47 ENVNQCVLEMMIAAPDTLSVTLF-FMLILIA 76
                                    789*******************5.7776655 PP

>> tr|A0A852H1B3|A0A852H1B3_9PASS  CP19A Aromatase (Fragment) OS=Nicator chloris OX=237433 GN=Cyp19a1_0 PE=3 SV=1
   #    score  bias  c-Evalue  i-Evalue hmmfrom  hmm to    alifrom  ali to    envfrom  env to     acc
 ---   ------ ----- --------- --------- ------- -------    ------- -------    ------- -------    ----
   1 !   26.0   0.6     2e-07   0.00016       2      32 ..      47      76 ..      46      77 .. 0.86

  Alignments for each domain:
  == domain 1  score: 26.0 bits;  conditional E-value: 2e-07
              Round3_FinalIHelix  2 keaeglalllfiagletisnsllsslLfyll 32
                                    +++++++l++ ia+++t s++l+ ++L  ++
  tr|A0A852H1B3|A0A852H1B3_9PASS 47 ENVNQCVLEMMIAAPDTLSVTLF-FMLILIA 76
                                    789*******************5.7776655 PP

>> tr|A0A852NKL0|A0A852NKL0_9PASS  CP19A Aromatase (Fragment) OS=Atrichornis clamosus OX=449594 GN=Cyp19a1_0 PE=3 SV=1
   #    score  bias  c-Evalue  i-Evalue hmmfrom  hmm to    alifrom  ali to    envfrom  env to     acc
 ---   ------ ----- --------- --------- ------- -------    ------- -------    ------- -------    ----
   1 !   26.0   0.6     2e-07   0.00016       2      32 ..      47      76 ..      46      77 .. 0.86

  Alignments for each domain:
  == domain 1  score: 26.0 bits;  conditional E-value: 2e-07
              Round3_FinalIHelix  2 keaeglalllfiagletisnsllsslLfyll 32
                                    +++++++l++ ia+++t s++l+ ++L  ++
  tr|A0A852NKL0|A0A852NKL0_9PASS 47 ENVNQCVLEMMIAAPDTLSVTLF-FMLILIA 76
                                    789*******************5.7776655 PP

>> tr|A0A7K6JXJ8|A0A7K6JXJ8_9PASE  CP19A Aromatase (Fragment) OS=Oreocharis arfaki OX=979223 GN=Cyp19a1_0 PE=3 SV=1
   #    score  bias  c-Evalue  i-Evalue hmmfrom  hmm to    alifrom  ali to    envfrom  env to     acc
 ---   ------ ----- --------- --------- ------- -------    ------- -------    ------- -------    ----
   1 !   26.0   0.6     2e-07   0.00016       2      32 ..      47      76 ..      46      77 .. 0.86

  Alignments for each domain:
  == domain 1  score: 26.0 bits;  conditional E-value: 2e-07
              Round3_FinalIHelix  2 keaeglalllfiagletisnsllsslLfyll 32
                                    +++++++l++ ia+++t s++l+ ++L  ++
  tr|A0A7K6JXJ8|A0A7K6JXJ8_9PASE 47 ENVNQCVLEMMIAAPDTLSVTLF-FMLILIA 76
                                    789*******************5.7776655 PP

>> tr|A0A7L1RKZ6|A0A7L1RKZ6_9PASS  CP19A Aromatase (Fragment) OS=Locustella ochotensis OX=187437 GN=Cyp19a1_0 PE=3 SV=1
   #    score  bias  c-Evalue  i-Evalue hmmfrom  hmm to    alifrom  ali to    envfrom  env to     acc
 ---   ------ ----- --------- --------- ------- -------    ------- -------    ------- -------    ----
   1 !   26.0   0.6     2e-07   0.00016       2      32 ..      47      76 ..      46      77 .. 0.86

  Alignments for each domain:
  == domain 1  score: 26.0 bits;  conditional E-value: 2e-07
              Round3_FinalIHelix  2 keaeglalllfiagletisnsllsslLfyll 32
                                    +++++++l++ ia+++t s++l+ ++L  ++
  tr|A0A7L1RKZ6|A0A7L1RKZ6_9PASS 47 ENVNQCVLEMMIAAPDTLSVTLF-FMLILIA 76
                                    789*******************5.7776655 PP

>> tr|A0A851J6N2|A0A851J6N2_9PASS  CP19A Aromatase (Fragment) OS=Donacobius atricapilla OX=237420 GN=Cyp19a1_0 PE=3 SV=1
   #    score  bias  c-Evalue  i-Evalue hmmfrom  hmm to    alifrom  ali to    envfrom  env to     acc
 ---   ------ ----- --------- --------- ------- -------    ------- -------    ------- -------    ----
   1 !   26.0   0.6     2e-07   0.00016       2      32 ..      47      76 ..      46      77 .. 0.86

  Alignments for each domain:
  == domain 1  score: 26.0 bits;  conditional E-value: 2e-07
              Round3_FinalIHelix  2 keaeglalllfiagletisnsllsslLfyll 32
                                    +++++++l++ ia+++t s++l+ ++L  ++
  tr|A0A851J6N2|A0A851J6N2_9PASS 47 ENVNQCVLEMMIAAPDTLSVTLF-FMLILIA 76
                                    789*******************5.7776655 PP

>> tr|A0A7L1AFY6|A0A7L1AFY6_GYMTI  CP19A Aromatase (Fragment) OS=Gymnorhina tibicen OX=9132 GN=Cyp19a1_0 PE=3 SV=1
   #    score  bias  c-Evalue  i-Evalue hmmfrom  hmm to    alifrom  ali to    envfrom  env to     acc
 ---   ------ ----- --------- --------- ------- -------    ------- -------    ------- -------    ----
   1 !   26.0   0.6     2e-07   0.00016       2      32 ..      47      76 ..      46      77 .. 0.86

  Alignments for each domain:
  == domain 1  score: 26.0 bits;  conditional E-value: 2e-07
              Round3_FinalIHelix  2 keaeglalllfiagletisnsllsslLfyll 32
                                    +++++++l++ ia+++t s++l+ ++L  ++
  tr|A0A7L1AFY6|A0A7L1AFY6_GYMTI 47 ENVNQCVLEMMIAAPDTLSVTLF-FMLILIA 76
                                    789*******************5.7776655 PP

>> tr|A0A852BTB4|A0A852BTB4_9PICI  CP19A Aromatase (Fragment) OS=Ramphastos sulfuratus OX=322582 GN=Cyp19a1_0 PE=3 SV=1
   #    score  bias  c-Evalue  i-Evalue hmmfrom  hmm to    alifrom  ali to    envfrom  env to     acc
 ---   ------ ----- --------- --------- ------- -------    ------- -------    ------- -------    ----
   1 !   26.1   0.6   1.9e-07   0.00015       2      32 ..      47      76 ..      46      77 .. 0.86

  Alignments for each domain:
  == domain 1  score: 26.1 bits;  conditional E-value: 1.9e-07
              Round3_FinalIHelix  2 keaeglalllfiagletisnsllsslLfyll 32
                                    +++++++l++ ia+++t s++l+ ++L  ++
  tr|A0A852BTB4|A0A852BTB4_9PICI 47 ENVNQCVLEMMIAAPDTLSVTLF-FMLILIA 76
                                    789*******************5.7776655 PP

>> tr|A0A7K4UJL5|A0A7K4UJL5_9SYLV  CP19A Aromatase (Fragment) OS=Sinosuthora webbiana OX=337173 GN=Cyp19a1_0 PE=3 SV=1
   #    score  bias  c-Evalue  i-Evalue hmmfrom  hmm to    alifrom  ali to    envfrom  env to     acc
 ---   ------ ----- --------- --------- ------- -------    ------- -------    ------- -------    ----
   1 !   26.0   0.6     2e-07   0.00016       2      32 ..      47      76 ..      46      77 .. 0.86

  Alignments for each domain:
  == domain 1  score: 26.0 bits;  conditional E-value: 2e-07
              Round3_FinalIHelix  2 keaeglalllfiagletisnsllsslLfyll 32
                                    +++++++l++ ia+++t s++l+ ++L  ++
  tr|A0A7K4UJL5|A0A7K4UJL5_9SYLV 47 ENVNQCVLEMMIAAPDTLSVTLF-FMLILIA 76
                                    789*******************5.7776655 PP

>> tr|A0A7L1QB62|A0A7L1QB62_9PASS  CP19A Aromatase (Fragment) OS=Cisticola juncidis OX=52622 GN=Cyp19a1_0 PE=3 SV=1
   #    score  bias  c-Evalue  i-Evalue hmmfrom  hmm to    alifrom  ali to    envfrom  env to     acc
 ---   ------ ----- --------- --------- ------- -------    ------- -------    ------- -------    ----
   1 !   26.0   0.6     2e-07   0.00016       2      32 ..      47      76 ..      46      77 .. 0.86

  Alignments for each domain:
  == domain 1  score: 26.0 bits;  conditional E-value: 2e-07
              Round3_FinalIHelix  2 keaeglalllfiagletisnsllsslLfyll 32
                                    +++++++l++ ia+++t s++l+ ++L  ++
  tr|A0A7L1QB62|A0A7L1QB62_9PASS 47 ENVNQCVLEMMIAAPDTLSVTLF-FMLILIA 76
                                    789*******************5.7776655 PP

>> tr|A0A7L2KAQ7|A0A7L2KAQ7_9PASS  CP19A Aromatase (Fragment) OS=Zosterops hypoxanthus OX=2485327 GN=Cyp19a1_0 PE=3 SV=1
   #    score  bias  c-Evalue  i-Evalue hmmfrom  hmm to    alifrom  ali to    envfrom  env to     acc
 ---   ------ ----- --------- --------- ------- -------    ------- -------    ------- -------    ----
   1 !   26.0   0.6     2e-07   0.00016       2      32 ..      47      76 ..      46      77 .. 0.86

  Alignments for each domain:
  == domain 1  score: 26.0 bits;  conditional E-value: 2e-07
              Round3_FinalIHelix  2 keaeglalllfiagletisnsllsslLfyll 32
                                    +++++++l++ ia+++t s++l+ ++L  ++
  tr|A0A7L2KAQ7|A0A7L2KAQ7_9PASS 47 ENVNQCVLEMMIAAPDTLSVTLF-FMLILIA 76
                                    789*******************5.7776655 PP

>> tr|A0A7K9MS74|A0A7K9MS74_OCETE  CP19A Aromatase (Fragment) OS=Oceanodroma tethys OX=79633 GN=Cyp19a1_0 PE=3 SV=1
   #    score  bias  c-Evalue  i-Evalue hmmfrom  hmm to    alifrom  ali to    envfrom  env to     acc
 ---   ------ ----- --------- --------- ------- -------    ------- -------    ------- -------    ----
   1 !   26.0   0.6     2e-07   0.00016       2      32 ..      47      76 ..      46      77 .. 0.86

  Alignments for each domain:
  == domain 1  score: 26.0 bits;  conditional E-value: 2e-07
              Round3_FinalIHelix  2 keaeglalllfiagletisnsllsslLfyll 32
                                    +++++++l++ ia+++t s++l+ ++L  ++
  tr|A0A7K9MS74|A0A7K9MS74_OCETE 47 ENVNQCVLEMMIAAPDTLSVTLF-FMLILIA 76
                                    789*******************5.7776655 PP

>> tr|A0A7L0B8M9|A0A7L0B8M9_9AVES  CP19A Aromatase (Fragment) OS=Ciconia maguari OX=52777 GN=Cyp19a1_0 PE=3 SV=1
   #    score  bias  c-Evalue  i-Evalue hmmfrom  hmm to    alifrom  ali to    envfrom  env to     acc
 ---   ------ ----- --------- --------- ------- -------    ------- -------    ------- -------    ----
   1 !   26.0   0.6     2e-07   0.00016       2      32 ..      47      76 ..      46      77 .. 0.86

  Alignments for each domain:
  == domain 1  score: 26.0 bits;  conditional E-value: 2e-07
              Round3_FinalIHelix  2 keaeglalllfiagletisnsllsslLfyll 32
                                    +++++++l++ ia+++t s++l+ ++L  ++
  tr|A0A7L0B8M9|A0A7L0B8M9_9AVES 47 ENVNQCVLEMMIAAPDTLSVTLF-FMLILIA 76
                                    789*******************5.7776655 PP

>> tr|A0A7L3XNP0|A0A7L3XNP0_9AVES  CP19A Aromatase (Fragment) OS=Calonectris borealis OX=1323832 GN=Cyp19a1_0 PE=3 SV=1
   #    score  bias  c-Evalue  i-Evalue hmmfrom  hmm to    alifrom  ali to    envfrom  env to     acc
 ---   ------ ----- --------- --------- ------- -------    ------- -------    ------- -------    ----
   1 !   26.0   0.6     2e-07   0.00016       2      32 ..      47      76 ..      46      77 .. 0.86

  Alignments for each domain:
  == domain 1  score: 26.0 bits;  conditional E-value: 2e-07
              Round3_FinalIHelix  2 keaeglalllfiagletisnsllsslLfyll 32
                                    +++++++l++ ia+++t s++l+ ++L  ++
  tr|A0A7L3XNP0|A0A7L3XNP0_9AVES 47 ENVNQCVLEMMIAAPDTLSVTLF-FMLILIA 76
                                    789*******************5.7776655 PP

>> tr|A0A8J4IIJ5|A0A8J4IIJ5_SPHME  CP19A Aromatase (Fragment) OS=Spheniscus mendiculus OX=156760 GN=FQV24_0008521 PE=3 S
   #    score  bias  c-Evalue  i-Evalue hmmfrom  hmm to    alifrom  ali to    envfrom  env to     acc
 ---   ------ ----- --------- --------- ------- -------    ------- -------    ------- -------    ----
   1 !   26.0   0.6     2e-07   0.00016       2      32 ..      47      76 ..      46      77 .. 0.86

  Alignments for each domain:
  == domain 1  score: 26.0 bits;  conditional E-value: 2e-07
              Round3_FinalIHelix  2 keaeglalllfiagletisnsllsslLfyll 32
                                    +++++++l++ ia+++t s++l+ ++L  ++
  tr|A0A8J4IIJ5|A0A8J4IIJ5_SPHME 47 ENVNQCVLEMMIAAPDTLSVTLF-FMLILIA 76
                                    789*******************5.7776655 PP

>> tr|A0A8S9EQQ9|A0A8S9EQQ9_9AVES  CP19A Aromatase (Fragment) OS=Eudyptula novaehollandiae OX=2052820 GN=FQV18_0008506 P
   #    score  bias  c-Evalue  i-Evalue hmmfrom  hmm to    alifrom  ali to    envfrom  env to     acc
 ---   ------ ----- --------- --------- ------- -------    ------- -------    ------- -------    ----
   1 !   26.0   0.6     2e-07   0.00016       2      32 ..      47      76 ..      46      77 .. 0.86

  Alignments for each domain:
  == domain 1  score: 26.0 bits;  conditional E-value: 2e-07
              Round3_FinalIHelix  2 keaeglalllfiagletisnsllsslLfyll 32
                                    +++++++l++ ia+++t s++l+ ++L  ++
  tr|A0A8S9EQQ9|A0A8S9EQQ9_9AVES 47 ENVNQCVLEMMIAAPDTLSVTLF-FMLILIA 76
                                    789*******************5.7776655 PP

>> tr|A0AA40L7R0|A0AA40L7R0_PYGPA  CP19A Aromatase (Fragment) OS=Pygoscelis papua OX=30457 GN=Cyp19a1_0 PE=3 SV=1
   #    score  bias  c-Evalue  i-Evalue hmmfrom  hmm to    alifrom  ali to    envfrom  env to     acc
 ---   ------ ----- --------- --------- ------- -------    ------- -------    ------- -------    ----
   1 !   26.0   0.6     2e-07   0.00016       2      32 ..      47      76 ..      46      77 .. 0.86

  Alignments for each domain:
  == domain 1  score: 26.0 bits;  conditional E-value: 2e-07
              Round3_FinalIHelix  2 keaeglalllfiagletisnsllsslLfyll 32
                                    +++++++l++ ia+++t s++l+ ++L  ++
  tr|A0AA40L7R0|A0AA40L7R0_PYGPA 47 ENVNQCVLEMMIAAPDTLSVTLF-FMLILIA 76
                                    789*******************5.7776655 PP

>> tr|A0A7L3NC18|A0A7L3NC18_9AVES  CP19A Aromatase (Fragment) OS=Oreotrochilus melanogaster OX=689266 GN=Cyp19a1_0 PE=3 
   #    score  bias  c-Evalue  i-Evalue hmmfrom  hmm to    alifrom  ali to    envfrom  env to     acc
 ---   ------ ----- --------- --------- ------- -------    ------- -------    ------- -------    ----
   1 !   26.0   0.6     2e-07   0.00016       2      32 ..      47      76 ..      46      77 .. 0.86

  Alignments for each domain:
  == domain 1  score: 26.0 bits;  conditional E-value: 2e-07
              Round3_FinalIHelix  2 keaeglalllfiagletisnsllsslLfyll 32
                                    +++++++l++ ia+++t s++l+ ++L  ++
  tr|A0A7L3NC18|A0A7L3NC18_9AVES 47 ENVNQCVLEMMIAAPDTLSVTLF-FMLILIA 76
                                    789*******************5.7776655 PP

>> tr|A0A850Y1M9|A0A850Y1M9_AEGCA  CP19A Aromatase (Fragment) OS=Aegithalos caudatus OX=73327 GN=Cyp19a1_0 PE=3 SV=1
   #    score  bias  c-Evalue  i-Evalue hmmfrom  hmm to    alifrom  ali to    envfrom  env to     acc
 ---   ------ ----- --------- --------- ------- -------    ------- -------    ------- -------    ----
   1 !   26.0   0.6     2e-07   0.00016       2      32 ..      47      76 ..      46      77 .. 0.86

  Alignments for each domain:
  == domain 1  score: 26.0 bits;  conditional E-value: 2e-07
              Round3_FinalIHelix  2 keaeglalllfiagletisnsllsslLfyll 32
                                    +++++++l++ ia+++t s++l+ ++L  ++
  tr|A0A850Y1M9|A0A850Y1M9_AEGCA 47 ENVNQCVLEMMIAAPDTLSVTLF-FMLILIA 76
                                    789*******************5.7776655 PP

>> tr|A0A7K8XX69|A0A7K8XX69_9PICI  CP19A Aromatase (Fragment) OS=Eubucco bourcierii OX=91767 GN=Cyp19a1_0 PE=3 SV=1
   #    score  bias  c-Evalue  i-Evalue hmmfrom  hmm to    alifrom  ali to    envfrom  env to     acc
 ---   ------ ----- --------- --------- ------- -------    ------- -------    ------- -------    ----
   1 !   26.1   0.6   1.9e-07   0.00015       2      32 ..      47      76 ..      46      77 .. 0.86

  Alignments for each domain:
  == domain 1  score: 26.1 bits;  conditional E-value: 1.9e-07
              Round3_FinalIHelix  2 keaeglalllfiagletisnsllsslLfyll 32
                                    +++++++l++ ia+++t s++l+ ++L  ++
  tr|A0A7K8XX69|A0A7K8XX69_9PICI 47 ENVNQCVLEMMIAAPDTLSVTLF-FMLILIA 76
                                    789*******************5.7776655 PP

>> tr|A0A7L0VPX6|A0A7L0VPX6_9PASE  CP19A Aromatase (Fragment) OS=Leptocoma aspasia OX=2585812 GN=Cyp19a1_0 PE=3 SV=1
   #    score  bias  c-Evalue  i-Evalue hmmfrom  hmm to    alifrom  ali to    envfrom  env to     acc
 ---   ------ ----- --------- --------- ------- -------    ------- -------    ------- -------    ----
   1 !   26.0   0.6     2e-07   0.00016       2      32 ..      47      76 ..      46      77 .. 0.86

  Alignments for each domain:
  == domain 1  score: 26.0 bits;  conditional E-value: 2e-07
              Round3_FinalIHelix  2 keaeglalllfiagletisnsllsslLfyll 32
                                    +++++++l++ ia+++t s++l+ ++L  ++
  tr|A0A7L0VPX6|A0A7L0VPX6_9PASE 47 ENVNQCVLEMMIAAPDTLSVTLF-FMLILIA 76
                                    789*******************5.7776655 PP

>> tr|A0A7L0MV69|A0A7L0MV69_9PSIT  CP19A Aromatase (Fragment) OS=Amazona guildingii OX=175529 GN=Cyp19a1_0 PE=3 SV=1
   #    score  bias  c-Evalue  i-Evalue hmmfrom  hmm to    alifrom  ali to    envfrom  env to     acc
 ---   ------ ----- --------- --------- ------- -------    ------- -------    ------- -------    ----
   1 !   26.0   0.6     2e-07   0.00016       2      32 ..      47      76 ..      46      77 .. 0.86

  Alignments for each domain:
  == domain 1  score: 26.0 bits;  conditional E-value: 2e-07
              Round3_FinalIHelix  2 keaeglalllfiagletisnsllsslLfyll 32
                                    +++++++l++ ia+++t s++l+ ++L  ++
  tr|A0A7L0MV69|A0A7L0MV69_9PSIT 47 ENVNQCVLEMMIAAPDTLSVTLF-FMLILIA 76
                                    789*******************5.7776655 PP

>> tr|A0A851XKY9|A0A851XKY9_EOLRO  CP19A Aromatase (Fragment) OS=Eolophus roseicapilla OX=176039 GN=Cyp19a1_0 PE=3 SV=1
   #    score  bias  c-Evalue  i-Evalue hmmfrom  hmm to    alifrom  ali to    envfrom  env to     acc
 ---   ------ ----- --------- --------- ------- -------    ------- -------    ------- -------    ----
   1 !   26.0   0.6     2e-07   0.00016       2      32 ..      47      76 ..      46      77 .. 0.86

  Alignments for each domain:
  == domain 1  score: 26.0 bits;  conditional E-value: 2e-07
              Round3_FinalIHelix  2 keaeglalllfiagletisnsllsslLfyll 32
                                    +++++++l++ ia+++t s++l+ ++L  ++
  tr|A0A851XKY9|A0A851XKY9_EOLRO 47 ENVNQCVLEMMIAAPDTLSVTLF-FMLILIA 76
                                    789*******************5.7776655 PP

>> tr|A0A7L3RNZ9|A0A7L3RNZ9_CEPGR  CP19A Aromatase (Fragment) OS=Cepphus grylle OX=28697 GN=Cyp19a1_0 PE=3 SV=1
   #    score  bias  c-Evalue  i-Evalue hmmfrom  hmm to    alifrom  ali to    envfrom  env to     acc
 ---   ------ ----- --------- --------- ------- -------    ------- -------    ------- -------    ----
   1 !   26.0   0.6     2e-07   0.00016       2      32 ..      47      76 ..      46      77 .. 0.86

  Alignments for each domain:
  == domain 1  score: 26.0 bits;  conditional E-value: 2e-07
              Round3_FinalIHelix  2 keaeglalllfiagletisnsllsslLfyll 32
                                    +++++++l++ ia+++t s++l+ ++L  ++
  tr|A0A7L3RNZ9|A0A7L3RNZ9_CEPGR 47 ENVNQCVLEMMIAAPDTLSVTLF-FMLILIA 76
                                    789*******************5.7776655 PP

>> tr|A0A7L0INZ1|A0A7L0INZ1_PIPCL  CP19A Aromatase (Fragment) OS=Piprites chloris OX=114369 GN=Cyp19a1_0 PE=3 SV=1
   #    score  bias  c-Evalue  i-Evalue hmmfrom  hmm to    alifrom  ali to    envfrom  env to     acc
 ---   ------ ----- --------- --------- ------- -------    ------- -------    ------- -------    ----
   1 !   26.1   0.6     2e-07   0.00015       2      32 ..      46      75 ..      45      76 .. 0.86

  Alignments for each domain:
  == domain 1  score: 26.1 bits;  conditional E-value: 2e-07
              Round3_FinalIHelix  2 keaeglalllfiagletisnsllsslLfyll 32
                                    +++++++l++ ia+++t s++l+ ++L  ++
  tr|A0A7L0INZ1|A0A7L0INZ1_PIPCL 46 ENVNQCVLEMMIAAPDTLSVTLF-FMLILIA 75
                                    789*******************5.7776655 PP

>> tr|A0A852J5Q7|A0A852J5Q7_9PICI  CP19A Aromatase (Fragment) OS=Tricholaema leucomelas OX=240729 GN=Cyp19a1_0 PE=3 SV=1
   #    score  bias  c-Evalue  i-Evalue hmmfrom  hmm to    alifrom  ali to    envfrom  env to     acc
 ---   ------ ----- --------- --------- ------- -------    ------- -------    ------- -------    ----
   1 !   26.1   0.6   1.9e-07   0.00015       2      32 ..      47      76 ..      46      77 .. 0.86

  Alignments for each domain:
  == domain 1  score: 26.1 bits;  conditional E-value: 1.9e-07
              Round3_FinalIHelix  2 keaeglalllfiagletisnsllsslLfyll 32
                                    +++++++l++ ia+++t s++l+ ++L  ++
  tr|A0A852J5Q7|A0A852J5Q7_9PICI 47 ENVNQCVLEMMIAAPDTLSVTLF-FMLILIA 76
                                    789*******************5.7776655 PP

>> tr|A0A7K5QC90|A0A7K5QC90_9PASE  CP19A Aromatase (Fragment) OS=Prunella himalayana OX=670356 GN=Cyp19a1_0 PE=3 SV=1
   #    score  bias  c-Evalue  i-Evalue hmmfrom  hmm to    alifrom  ali to    envfrom  env to     acc
 ---   ------ ----- --------- --------- ------- -------    ------- -------    ------- -------    ----
   1 !   26.0   0.6     2e-07   0.00016       2      32 ..      47      76 ..      46      77 .. 0.86

  Alignments for each domain:
  == domain 1  score: 26.0 bits;  conditional E-value: 2e-07
              Round3_FinalIHelix  2 keaeglalllfiagletisnsllsslLfyll 32
                                    +++++++l++ ia+++t s++l+ ++L  ++
  tr|A0A7K5QC90|A0A7K5QC90_9PASE 47 ENVNQCVLEMMIAAPDTLSVTLF-FMLILIA 76
                                    789*******************5.7776655 PP

>> tr|A0A7L2P400|A0A7L2P400_PYCJO  CP19A Aromatase (Fragment) OS=Pycnonotus jocosus OX=182897 GN=Cyp19a1_0 PE=3 SV=1
   #    score  bias  c-Evalue  i-Evalue hmmfrom  hmm to    alifrom  ali to    envfrom  env to     acc
 ---   ------ ----- --------- --------- ------- -------    ------- -------    ------- -------    ----
   1 !   26.0   0.6     2e-07   0.00016       2      32 ..      47      76 ..      46      77 .. 0.86

  Alignments for each domain:
  == domain 1  score: 26.0 bits;  conditional E-value: 2e-07
              Round3_FinalIHelix  2 keaeglalllfiagletisnsllsslLfyll 32
                                    +++++++l++ ia+++t s++l+ ++L  ++
  tr|A0A7L2P400|A0A7L2P400_PYCJO 47 ENVNQCVLEMMIAAPDTLSVTLF-FMLILIA 76
                                    789*******************5.7776655 PP

>> tr|A0A7L0HLI7|A0A7L0HLI7_AREIN  CP19A Aromatase (Fragment) OS=Arenaria interpres OX=54971 GN=Cyp19a1_1 PE=3 SV=1
   #    score  bias  c-Evalue  i-Evalue hmmfrom  hmm to    alifrom  ali to    envfrom  env to     acc
 ---   ------ ----- --------- --------- ------- -------    ------- -------    ------- -------    ----
   1 !   26.0   0.6     2e-07   0.00016       2      32 ..      47      76 ..      46      77 .. 0.86

  Alignments for each domain:
  == domain 1  score: 26.0 bits;  conditional E-value: 2e-07
              Round3_FinalIHelix  2 keaeglalllfiagletisnsllsslLfyll 32
                                    +++++++l++ ia+++t s++l+ ++L  ++
  tr|A0A7L0HLI7|A0A7L0HLI7_AREIN 47 ENVNQCVLEMMIAAPDTLSVTLF-FMLILIA 76
                                    789*******************5.7776655 PP

>> tr|A0A7K5GAT6|A0A7K5GAT6_9AVES  CP19A Aromatase (Fragment) OS=Chunga burmeisteri OX=1352770 GN=Cyp19a1_0 PE=3 SV=1
   #    score  bias  c-Evalue  i-Evalue hmmfrom  hmm to    alifrom  ali to    envfrom  env to     acc
 ---   ------ ----- --------- --------- ------- -------    ------- -------    ------- -------    ----
   1 !   26.0   0.6     2e-07   0.00016       2      32 ..      47      76 ..      46      77 .. 0.86

  Alignments for each domain:
  == domain 1  score: 26.0 bits;  conditional E-value: 2e-07
              Round3_FinalIHelix  2 keaeglalllfiagletisnsllsslLfyll 32
                                    +++++++l++ ia+++t s++l+ ++L  ++
  tr|A0A7K5GAT6|A0A7K5GAT6_9AVES 47 ENVNQCVLEMMIAAPDTLSVTLF-FMLILIA 76
                                    789*******************5.7776655 PP

>> tr|A0A7K8BBN2|A0A7K8BBN2_9CORV  CP19A Aromatase (Fragment) OS=Cnemophilus loriae OX=254448 GN=Cyp19a1_0 PE=3 SV=1
   #    score  bias  c-Evalue  i-Evalue hmmfrom  hmm to    alifrom  ali to    envfrom  env to     acc
 ---   ------ ----- --------- --------- ------- -------    ------- -------    ------- -------    ----
   1 !   26.0   0.6     2e-07   0.00016       2      32 ..      47      76 ..      46      77 .. 0.86

  Alignments for each domain:
  == domain 1  score: 26.0 bits;  conditional E-value: 2e-07
              Round3_FinalIHelix  2 keaeglalllfiagletisnsllsslLfyll 32
                                    +++++++l++ ia+++t s++l+ ++L  ++
  tr|A0A7K8BBN2|A0A7K8BBN2_9CORV 47 ENVNQCVLEMMIAAPDTLSVTLF-FMLILIA 76
                                    789*******************5.7776655 PP

>> tr|A0A7L1N7H8|A0A7L1N7H8_RHICY  CP19A Aromatase (Fragment) OS=Rhinopomastus cyanomelas OX=113115 GN=Cyp19a1_0 PE=3 SV
   #    score  bias  c-Evalue  i-Evalue hmmfrom  hmm to    alifrom  ali to    envfrom  env to     acc
 ---   ------ ----- --------- --------- ------- -------    ------- -------    ------- -------    ----
   1 !   26.0   0.6     2e-07   0.00016       2      32 ..      47      76 ..      46      77 .. 0.86

  Alignments for each domain:
  == domain 1  score: 26.0 bits;  conditional E-value: 2e-07
              Round3_FinalIHelix  2 keaeglalllfiagletisnsllsslLfyll 32
                                    +++++++l++ ia+++t s++l+ ++L  ++
  tr|A0A7L1N7H8|A0A7L1N7H8_RHICY 47 ENVNQCVLEMMIAAPDTLSVTLF-FMLILIA 76
                                    789*******************5.7776655 PP

>> tr|A0A7L1MRY0|A0A7L1MRY0_BOMGA  CP19A Aromatase (Fragment) OS=Bombycilla garrulus OX=125297 GN=Cyp19a1_0 PE=3 SV=1
   #    score  bias  c-Evalue  i-Evalue hmmfrom  hmm to    alifrom  ali to    envfrom  env to     acc
 ---   ------ ----- --------- --------- ------- -------    ------- -------    ------- -------    ----
   1 !   26.0   0.6     2e-07   0.00016       2      32 ..      47      76 ..      46      77 .. 0.86

  Alignments for each domain:
  == domain 1  score: 26.0 bits;  conditional E-value: 2e-07
              Round3_FinalIHelix  2 keaeglalllfiagletisnsllsslLfyll 32
                                    +++++++l++ ia+++t s++l+ ++L  ++
  tr|A0A7L1MRY0|A0A7L1MRY0_BOMGA 47 ENVNQCVLEMMIAAPDTLSVTLF-FMLILIA 76
                                    789*******************5.7776655 PP

>> tr|A0A7L0XN10|A0A7L0XN10_TYRSA  CP19A Aromatase (Fragment) OS=Tyrannus savana OX=137541 GN=Cyp19a1_0 PE=3 SV=1
   #    score  bias  c-Evalue  i-Evalue hmmfrom  hmm to    alifrom  ali to    envfrom  env to     acc
 ---   ------ ----- --------- --------- ------- -------    ------- -------    ------- -------    ----
   1 !   26.0   0.6     2e-07   0.00016       2      32 ..      47      76 ..      46      77 .. 0.86

  Alignments for each domain:
  == domain 1  score: 26.0 bits;  conditional E-value: 2e-07
              Round3_FinalIHelix  2 keaeglalllfiagletisnsllsslLfyll 32
                                    +++++++l++ ia+++t s++l+ ++L  ++
  tr|A0A7L0XN10|A0A7L0XN10_TYRSA 47 ENVNQCVLEMMIAAPDTLSVTLF-FMLILIA 76
                                    789*******************5.7776655 PP

>> tr|A0A7K8TVZ0|A0A7K8TVZ0_OCEOC  CP19A Aromatase (Fragment) OS=Oceanites oceanicus OX=79653 GN=Cyp19a1_0 PE=3 SV=1
   #    score  bias  c-Evalue  i-Evalue hmmfrom  hmm to    alifrom  ali to    envfrom  env to     acc
 ---   ------ ----- --------- --------- ------- -------    ------- -------    ------- -------    ----
   1 !   26.0   0.6     2e-07   0.00016       2      32 ..      47      76 ..      46      77 .. 0.86

  Alignments for each domain:
  == domain 1  score: 26.0 bits;  conditional E-value: 2e-07
              Round3_FinalIHelix  2 keaeglalllfiagletisnsllsslLfyll 32
                                    +++++++l++ ia+++t s++l+ ++L  ++
  tr|A0A7K8TVZ0|A0A7K8TVZ0_OCEOC 47 ENVNQCVLEMMIAAPDTLSVTLF-FMLILIA 76
                                    789*******************5.7776655 PP

>> tr|A0A7K5JNB9|A0A7K5JNB9_9TYRA  CP19A Aromatase (Fragment) OS=Mionectes macconnelli OX=254557 GN=Cyp19a1_0 PE=3 SV=1
   #    score  bias  c-Evalue  i-Evalue hmmfrom  hmm to    alifrom  ali to    envfrom  env to     acc
 ---   ------ ----- --------- --------- ------- -------    ------- -------    ------- -------    ----
   1 !   26.0   0.6     2e-07   0.00016       2      32 ..      47      76 ..      46      77 .. 0.86

  Alignments for each domain:
  == domain 1  score: 26.0 bits;  conditional E-value: 2e-07
              Round3_FinalIHelix  2 keaeglalllfiagletisnsllsslLfyll 32
                                    +++++++l++ ia+++t s++l+ ++L  ++
  tr|A0A7K5JNB9|A0A7K5JNB9_9TYRA 47 ENVNQCVLEMMIAAPDTLSVTLF-FMLILIA 76
                                    789*******************5.7776655 PP

>> tr|A0A7K9RCW8|A0A7K9RCW8_9PASS  CP19A Aromatase (Fragment) OS=Sterrhoptilus dennistouni OX=2585820 GN=Cyp19a1_0 PE=3 
   #    score  bias  c-Evalue  i-Evalue hmmfrom  hmm to    alifrom  ali to    envfrom  env to     acc
 ---   ------ ----- --------- --------- ------- -------    ------- -------    ------- -------    ----
   1 !   26.0   0.6     2e-07   0.00016       2      32 ..      47      76 ..      46      77 .. 0.86

  Alignments for each domain:
  == domain 1  score: 26.0 bits;  conditional E-value: 2e-07
              Round3_FinalIHelix  2 keaeglalllfiagletisnsllsslLfyll 32
                                    +++++++l++ ia+++t s++l+ ++L  ++
  tr|A0A7K9RCW8|A0A7K9RCW8_9PASS 47 ENVNQCVLEMMIAAPDTLSVTLF-FMLILIA 76
                                    789*******************5.7776655 PP

>> tr|A0A7L3YHQ5|A0A7L3YHQ5_FREGA  CP19A Aromatase (Fragment) OS=Fregetta grallaria OX=79628 GN=Cyp19a1_0 PE=3 SV=1
   #    score  bias  c-Evalue  i-Evalue hmmfrom  hmm to    alifrom  ali to    envfrom  env to     acc
 ---   ------ ----- --------- --------- ------- -------    ------- -------    ------- -------    ----
   1 !   26.0   0.6     2e-07   0.00016       2      32 ..      47      76 ..      46      77 .. 0.86

  Alignments for each domain:
  == domain 1  score: 26.0 bits;  conditional E-value: 2e-07
              Round3_FinalIHelix  2 keaeglalllfiagletisnsllsslLfyll 32
                                    +++++++l++ ia+++t s++l+ ++L  ++
  tr|A0A7L3YHQ5|A0A7L3YHQ5_FREGA 47 ENVNQCVLEMMIAAPDTLSVTLF-FMLILIA 76
                                    789*******************5.7776655 PP

>> tr|A0A8J4MZI8|A0A8J4MZI8_EUDMI  Aromatase (Fragment) OS=Eudyptula minor OX=37083 GN=CYP19A1_0 PE=3 SV=1
   #    score  bias  c-Evalue  i-Evalue hmmfrom  hmm to    alifrom  ali to    envfrom  env to     acc
 ---   ------ ----- --------- --------- ------- -------    ------- -------    ------- -------    ----
   1 !   26.0   0.6     2e-07   0.00016       2      32 ..      47      76 ..      46      77 .. 0.86

  Alignments for each domain:
  == domain 1  score: 26.0 bits;  conditional E-value: 2e-07
              Round3_FinalIHelix  2 keaeglalllfiagletisnsllsslLfyll 32
                                    +++++++l++ ia+++t s++l+ ++L  ++
  tr|A0A8J4MZI8|A0A8J4MZI8_EUDMI 47 ENVNQCVLEMMIAAPDTLSVTLF-FMLILIA 76
                                    789*******************5.7776655 PP

>> tr|A0A7L1W3G0|A0A7L1W3G0_9PASS  CP19A Aromatase (Fragment) OS=Certhia brachydactyla OX=73330 GN=Cyp19a1_0 PE=3 SV=1
   #    score  bias  c-Evalue  i-Evalue hmmfrom  hmm to    alifrom  ali to    envfrom  env to     acc
 ---   ------ ----- --------- --------- ------- -------    ------- -------    ------- -------    ----
   1 !   26.0   0.6     2e-07   0.00016       2      32 ..      47      76 ..      46      77 .. 0.86

  Alignments for each domain:
  == domain 1  score: 26.0 bits;  conditional E-value: 2e-07
              Round3_FinalIHelix  2 keaeglalllfiagletisnsllsslLfyll 32
                                    +++++++l++ ia+++t s++l+ ++L  ++
  tr|A0A7L1W3G0|A0A7L1W3G0_9PASS 47 ENVNQCVLEMMIAAPDTLSVTLF-FMLILIA 76
                                    789*******************5.7776655 PP

>> tr|A0A851RR70|A0A851RR70_CERFA  CP19A Aromatase (Fragment) OS=Certhia familiaris OX=73333 GN=Cyp19a1_0 PE=3 SV=1
   #    score  bias  c-Evalue  i-Evalue hmmfrom  hmm to    alifrom  ali to    envfrom  env to     acc
 ---   ------ ----- --------- --------- ------- -------    ------- -------    ------- -------    ----
   1 !   26.0   0.6     2e-07   0.00016       2      32 ..      47      76 ..      46      77 .. 0.86

  Alignments for each domain:
  == domain 1  score: 26.0 bits;  conditional E-value: 2e-07
              Round3_FinalIHelix  2 keaeglalllfiagletisnsllsslLfyll 32
                                    +++++++l++ ia+++t s++l+ ++L  ++
  tr|A0A851RR70|A0A851RR70_CERFA 47 ENVNQCVLEMMIAAPDTLSVTLF-FMLILIA 76
                                    789*******************5.7776655 PP

>> tr|A0A7L0G989|A0A7L0G989_HERCA  CP19A Aromatase (Fragment) OS=Herpetotheres cachinnans OX=56343 GN=Cyp19a1_0 PE=3 SV=
   #    score  bias  c-Evalue  i-Evalue hmmfrom  hmm to    alifrom  ali to    envfrom  env to     acc
 ---   ------ ----- --------- --------- ------- -------    ------- -------    ------- -------    ----
   1 !   26.0   0.6     2e-07   0.00016       2      32 ..      47      76 ..      46      77 .. 0.86

  Alignments for each domain:
  == domain 1  score: 26.0 bits;  conditional E-value: 2e-07
              Round3_FinalIHelix  2 keaeglalllfiagletisnsllsslLfyll 32
                                    +++++++l++ ia+++t s++l+ ++L  ++
  tr|A0A7L0G989|A0A7L0G989_HERCA 47 ENVNQCVLEMMIAAPDTLSVTLF-FMLILIA 76
                                    789*******************5.7776655 PP

>> tr|A0A7L1X3L5|A0A7L1X3L5_9AVES  CP19A Aromatase (Fragment) OS=Thinocorus orbignyianus OX=161742 GN=Cyp19a1_0 PE=3 SV=
   #    score  bias  c-Evalue  i-Evalue hmmfrom  hmm to    alifrom  ali to    envfrom  env to     acc
 ---   ------ ----- --------- --------- ------- -------    ------- -------    ------- -------    ----
   1 !   26.0   0.6     2e-07   0.00016       2      32 ..      47      76 ..      46      77 .. 0.86

  Alignments for each domain:
  == domain 1  score: 26.0 bits;  conditional E-value: 2e-07
              Round3_FinalIHelix  2 keaeglalllfiagletisnsllsslLfyll 32
                                    +++++++l++ ia+++t s++l+ ++L  ++
  tr|A0A7L1X3L5|A0A7L1X3L5_9AVES 47 ENVNQCVLEMMIAAPDTLSVTLF-FMLILIA 76
                                    789*******************5.7776655 PP

>> tr|A0A7K8H727|A0A7K8H727_9CORV  CP19A Aromatase (Fragment) OS=Aleadryas rufinucha OX=461220 GN=Cyp19a1_0 PE=3 SV=1
   #    score  bias  c-Evalue  i-Evalue hmmfrom  hmm to    alifrom  ali to    envfrom  env to     acc
 ---   ------ ----- --------- --------- ------- -------    ------- -------    ------- -------    ----
   1 !   26.0   0.6     2e-07   0.00016       2      32 ..      47      76 ..      46      77 .. 0.86

  Alignments for each domain:
  == domain 1  score: 26.0 bits;  conditional E-value: 2e-07
              Round3_FinalIHelix  2 keaeglalllfiagletisnsllsslLfyll 32
                                    +++++++l++ ia+++t s++l+ ++L  ++
  tr|A0A7K8H727|A0A7K8H727_9CORV 47 ENVNQCVLEMMIAAPDTLSVTLF-FMLILIA 76
                                    789*******************5.7776655 PP

>> tr|A0A851NY68|A0A851NY68_9GALL  CP19A Aromatase (Fragment) OS=Penelope pileata OX=1118817 GN=Cyp19a1_0 PE=3 SV=1
   #    score  bias  c-Evalue  i-Evalue hmmfrom  hmm to    alifrom  ali to    envfrom  env to     acc
 ---   ------ ----- --------- --------- ------- -------    ------- -------    ------- -------    ----
   1 !   26.1   0.6     2e-07   0.00015       2      32 ..      46      75 ..      45      76 .. 0.86

  Alignments for each domain:
  == domain 1  score: 26.1 bits;  conditional E-value: 2e-07
              Round3_FinalIHelix  2 keaeglalllfiagletisnsllsslLfyll 32
                                    +++++++l++ ia+++t s++l+ ++L  ++
  tr|A0A851NY68|A0A851NY68_9GALL 46 ENVNQCVLEMMIAAPDTLSVTLF-FMLILIA 75
                                    789*******************5.7776655 PP

>> tr|A0A7K6XN28|A0A7K6XN28_9PASE  CP19A Aromatase (Fragment) OS=Promerops cafer OX=254652 GN=Cyp19a1_0 PE=3 SV=1
   #    score  bias  c-Evalue  i-Evalue hmmfrom  hmm to    alifrom  ali to    envfrom  env to     acc
 ---   ------ ----- --------- --------- ------- -------    ------- -------    ------- -------    ----
   1 !   26.0   0.6     2e-07   0.00016       2      32 ..      47      76 ..      46      77 .. 0.86

  Alignments for each domain:
  == domain 1  score: 26.0 bits;  conditional E-value: 2e-07
              Round3_FinalIHelix  2 keaeglalllfiagletisnsllsslLfyll 32
                                    +++++++l++ ia+++t s++l+ ++L  ++
  tr|A0A7K6XN28|A0A7K6XN28_9PASE 47 ENVNQCVLEMMIAAPDTLSVTLF-FMLILIA 76
                                    789*******************5.7776655 PP

>> tr|W5N6Z3|W5N6Z3_LEPOC  aromatase OS=Lepisosteus oculatus OX=7918 PE=3 SV=1
   #    score  bias  c-Evalue  i-Evalue hmmfrom  hmm to    alifrom  ali to    envfrom  env to     acc
 ---   ------ ----- --------- --------- ------- -------    ------- -------    ------- -------    ----
   1 !   25.3   0.4   3.6e-07   0.00028       3      31 ..     312     339 ..     311     340 .. 0.93

  Alignments for each domain:
  == domain 1  score: 25.3 bits;  conditional E-value: 3.6e-07
      Round3_FinalIHelix   3 eaeglalllfiagletisnsllsslLfyl 31 
                             ++++++l+++ia+++t+s+sl+ ++L+ l
  tr|W5N6Z3|W5N6Z3_LEPOC 312 NVNQCVLEMLIAAPDTMSVSLY-FMLMLL 339
                             679******************9.999987 PP

>> tr|A0A7K7K0Z3|A0A7K7K0Z3_AGEPH  CP19A Aromatase (Fragment) OS=Agelaius phoeniceus OX=39638 GN=Cyp19a1_0 PE=3 SV=1
   #    score  bias  c-Evalue  i-Evalue hmmfrom  hmm to    alifrom  ali to    envfrom  env to     acc
 ---   ------ ----- --------- --------- ------- -------    ------- -------    ------- -------    ----
   1 !   26.0   0.6     2e-07   0.00016       2      32 ..      47      76 ..      46      77 .. 0.86

  Alignments for each domain:
  == domain 1  score: 26.0 bits;  conditional E-value: 2e-07
              Round3_FinalIHelix  2 keaeglalllfiagletisnsllsslLfyll 32
                                    +++++++l++ ia+++t s++l+ ++L  ++
  tr|A0A7K7K0Z3|A0A7K7K0Z3_AGEPH 47 ENVNQCVLEMMIAAPDTLSVTLF-FMLILIA 76
                                    789*******************5.7776655 PP

>> tr|A0A7L2F723|A0A7L2F723_QUIME  CP19A Aromatase (Fragment) OS=Quiscalus mexicanus OX=64278 GN=Cyp19a1_0 PE=3 SV=1
   #    score  bias  c-Evalue  i-Evalue hmmfrom  hmm to    alifrom  ali to    envfrom  env to     acc
 ---   ------ ----- --------- --------- ------- -------    ------- -------    ------- -------    ----
   1 !   26.0   0.6     2e-07   0.00016       2      32 ..      47      76 ..      46      77 .. 0.86

  Alignments for each domain:
  == domain 1  score: 26.0 bits;  conditional E-value: 2e-07
              Round3_FinalIHelix  2 keaeglalllfiagletisnsllsslLfyll 32
                                    +++++++l++ ia+++t s++l+ ++L  ++
  tr|A0A7L2F723|A0A7L2F723_QUIME 47 ENVNQCVLEMMIAAPDTLSVTLF-FMLILIA 76
                                    789*******************5.7776655 PP

>> tr|A0A7L3VVS3|A0A7L3VVS3_MOLAT  CP19A Aromatase (Fragment) OS=Molothrus ater OX=84834 GN=Cyp19a1_0 PE=3 SV=1
   #    score  bias  c-Evalue  i-Evalue hmmfrom  hmm to    alifrom  ali to    envfrom  env to     acc
 ---   ------ ----- --------- --------- ------- -------    ------- -------    ------- -------    ----
   1 !   26.0   0.6     2e-07   0.00016       2      32 ..      47      76 ..      46      77 .. 0.86

  Alignments for each domain:
  == domain 1  score: 26.0 bits;  conditional E-value: 2e-07
              Round3_FinalIHelix  2 keaeglalllfiagletisnsllsslLfyll 32
                                    +++++++l++ ia+++t s++l+ ++L  ++
  tr|A0A7L3VVS3|A0A7L3VVS3_MOLAT 47 ENVNQCVLEMMIAAPDTLSVTLF-FMLILIA 76
                                    789*******************5.7776655 PP

>> tr|A0A7L2HWX7|A0A7L2HWX7_SAGSE  CP19A Aromatase (Fragment) OS=Sagittarius serpentarius OX=56258 GN=Cyp19a1_0 PE=3 SV=
   #    score  bias  c-Evalue  i-Evalue hmmfrom  hmm to    alifrom  ali to    envfrom  env to     acc
 ---   ------ ----- --------- --------- ------- -------    ------- -------    ------- -------    ----
   1 !   26.1   0.6     2e-07   0.00015       2      32 ..      47      76 ..      46      77 .. 0.86

  Alignments for each domain:
  == domain 1  score: 26.1 bits;  conditional E-value: 2e-07
              Round3_FinalIHelix  2 keaeglalllfiagletisnsllsslLfyll 32
                                    +++++++l++ ia+++t s++l+ ++L  ++
  tr|A0A7L2HWX7|A0A7L2HWX7_SAGSE 47 ENVNQCVLEMMIAAPDTLSVTLF-FMLILIA 76
                                    789*******************5.7776655 PP

>> tr|A0A7L0QPY1|A0A7L0QPY1_SETKR  CP19A Aromatase (Fragment) OS=Setophaga kirtlandii OX=298831 GN=Cyp19a1_0 PE=3 SV=1
   #    score  bias  c-Evalue  i-Evalue hmmfrom  hmm to    alifrom  ali to    envfrom  env to     acc
 ---   ------ ----- --------- --------- ------- -------    ------- -------    ------- -------    ----
   1 !   26.0   0.6     2e-07   0.00016       2      32 ..      47      76 ..      46      77 .. 0.86

  Alignments for each domain:
  == domain 1  score: 26.0 bits;  conditional E-value: 2e-07
              Round3_FinalIHelix  2 keaeglalllfiagletisnsllsslLfyll 32
                                    +++++++l++ ia+++t s++l+ ++L  ++
  tr|A0A7L0QPY1|A0A7L0QPY1_SETKR 47 ENVNQCVLEMMIAAPDTLSVTLF-FMLILIA 76
                                    789*******************5.7776655 PP

>> tr|A0A7K6RJB0|A0A7K6RJB0_9AVES  CP19A Aromatase (Fragment) OS=Rhynochetos jubatus OX=54386 GN=Cyp19a1_0 PE=3 SV=1
   #    score  bias  c-Evalue  i-Evalue hmmfrom  hmm to    alifrom  ali to    envfrom  env to     acc
 ---   ------ ----- --------- --------- ------- -------    ------- -------    ------- -------    ----
   1 !   26.0   0.6     2e-07   0.00016       2      32 ..      47      76 ..      46      77 .. 0.86

  Alignments for each domain:
  == domain 1  score: 26.0 bits;  conditional E-value: 2e-07
              Round3_FinalIHelix  2 keaeglalllfiagletisnsllsslLfyll 32
                                    +++++++l++ ia+++t s++l+ ++L  ++
  tr|A0A7K6RJB0|A0A7K6RJB0_9AVES 47 ENVNQCVLEMMIAAPDTLSVTLF-FMLILIA 76
                                    789*******************5.7776655 PP

>> tr|A0A7K4V4A9|A0A7K4V4A9_9EMBE  CP19A Aromatase (Fragment) OS=Emberiza fucata OX=337179 GN=Cyp19a1_0 PE=3 SV=1
   #    score  bias  c-Evalue  i-Evalue hmmfrom  hmm to    alifrom  ali to    envfrom  env to     acc
 ---   ------ ----- --------- --------- ------- -------    ------- -------    ------- -------    ----
   1 !   26.0   0.6     2e-07   0.00016       2      32 ..      47      76 ..      46      77 .. 0.86

  Alignments for each domain:
  == domain 1  score: 26.0 bits;  conditional E-value: 2e-07
              Round3_FinalIHelix  2 keaeglalllfiagletisnsllsslLfyll 32
                                    +++++++l++ ia+++t s++l+ ++L  ++
  tr|A0A7K4V4A9|A0A7K4V4A9_9EMBE 47 ENVNQCVLEMMIAAPDTLSVTLF-FMLILIA 76
                                    789*******************5.7776655 PP

>> tr|A0A7K9ATL0|A0A7K9ATL0_DRONO  CP19A Aromatase (Fragment) OS=Dromaius novaehollandiae OX=8790 GN=Cyp19a1_0 PE=3 SV=1
   #    score  bias  c-Evalue  i-Evalue hmmfrom  hmm to    alifrom  ali to    envfrom  env to     acc
 ---   ------ ----- --------- --------- ------- -------    ------- -------    ------- -------    ----
   1 !   26.0   0.6     2e-07   0.00016       2      32 ..      47      76 ..      46      77 .. 0.86

  Alignments for each domain:
  == domain 1  score: 26.0 bits;  conditional E-value: 2e-07
              Round3_FinalIHelix  2 keaeglalllfiagletisnsllsslLfyll 32
                                    +++++++l++ ia+++t s++l+ ++L  ++
  tr|A0A7K9ATL0|A0A7K9ATL0_DRONO 47 ENVNQCVLEMMIAAPDTLSVTLF-FMLILIA 76
                                    789*******************5.7776655 PP

>> tr|A0A7L3ZG83|A0A7L3ZG83_9AVES  CP19A Aromatase (Fragment) OS=Circaetus pectoralis OX=321084 GN=Cyp19a1_0 PE=3 SV=1
   #    score  bias  c-Evalue  i-Evalue hmmfrom  hmm to    alifrom  ali to    envfrom  env to     acc
 ---   ------ ----- --------- --------- ------- -------    ------- -------    ------- -------    ----
   1 !   26.0   0.6     2e-07   0.00016       2      32 ..      47      76 ..      46      77 .. 0.86

  Alignments for each domain:
  == domain 1  score: 26.0 bits;  conditional E-value: 2e-07
              Round3_FinalIHelix  2 keaeglalllfiagletisnsllsslLfyll 32
                                    +++++++l++ ia+++t s++l+ ++L  ++
  tr|A0A7L3ZG83|A0A7L3ZG83_9AVES 47 ENVNQCVLEMMIAAPDTLSVTLF-FMLILIA 76
                                    789*******************5.7776655 PP

>> tr|A0A851ZZ80|A0A851ZZ80_CALOR  CP19A Aromatase (Fragment) OS=Calcarius ornatus OX=198940 GN=Cyp19a1_0 PE=3 SV=1
   #    score  bias  c-Evalue  i-Evalue hmmfrom  hmm to    alifrom  ali to    envfrom  env to     acc
 ---   ------ ----- --------- --------- ------- -------    ------- -------    ------- -------    ----
   1 !   26.0   0.6     2e-07   0.00016       2      32 ..      47      76 ..      46      77 .. 0.86

  Alignments for each domain:
  == domain 1  score: 26.0 bits;  conditional E-value: 2e-07
              Round3_FinalIHelix  2 keaeglalllfiagletisnsllsslLfyll 32
                                    +++++++l++ ia+++t s++l+ ++L  ++
  tr|A0A851ZZ80|A0A851ZZ80_CALOR 47 ENVNQCVLEMMIAAPDTLSVTLF-FMLILIA 76
                                    789*******************5.7776655 PP

>> tr|A0A7K6SWJ5|A0A7K6SWJ5_CALNI  CP19A Aromatase (Fragment) OS=Caloenas nicobarica OX=187106 GN=Cyp19a1_0 PE=3 SV=1
   #    score  bias  c-Evalue  i-Evalue hmmfrom  hmm to    alifrom  ali to    envfrom  env to     acc
 ---   ------ ----- --------- --------- ------- -------    ------- -------    ------- -------    ----
   1 !   26.0   0.6     2e-07   0.00016       2      32 ..      47      76 ..      46      77 .. 0.86

  Alignments for each domain:
  == domain 1  score: 26.0 bits;  conditional E-value: 2e-07
              Round3_FinalIHelix  2 keaeglalllfiagletisnsllsslLfyll 32
                                    +++++++l++ ia+++t s++l+ ++L  ++
  tr|A0A7K6SWJ5|A0A7K6SWJ5_CALNI 47 ENVNQCVLEMMIAAPDTLSVTLF-FMLILIA 76
                                    789*******************5.7776655 PP

>> tr|A0A7K8YFM7|A0A7K8YFM7_9PASS  CP19A Aromatase (Fragment) OS=Sakesphorus luctuosus OX=419690 GN=Cyp19a1_0 PE=3 SV=1
   #    score  bias  c-Evalue  i-Evalue hmmfrom  hmm to    alifrom  ali to    envfrom  env to     acc
 ---   ------ ----- --------- --------- ------- -------    ------- -------    ------- -------    ----
   1 !   26.0   0.6     2e-07   0.00016       2      32 ..      47      76 ..      46      77 .. 0.86

  Alignments for each domain:
  == domain 1  score: 26.0 bits;  conditional E-value: 2e-07
              Round3_FinalIHelix  2 keaeglalllfiagletisnsllsslLfyll 32
                                    +++++++l++ ia+++t s++l+ ++L  ++
  tr|A0A7K8YFM7|A0A7K8YFM7_9PASS 47 ENVNQCVLEMMIAAPDTLSVTLF-FMLILIA 76
                                    789*******************5.7776655 PP

>> tr|A0A974B5B1|A0A974B5B1_9PASS  CP19A Aromatase (Fragment) OS=Rhegmatorhina hoffmannsi OX=468512 GN=Cyp19a1_0 PE=3 SV
   #    score  bias  c-Evalue  i-Evalue hmmfrom  hmm to    alifrom  ali to    envfrom  env to     acc
 ---   ------ ----- --------- --------- ------- -------    ------- -------    ------- -------    ----
   1 !   26.0   0.6     2e-07   0.00016       2      32 ..      47      76 ..      46      77 .. 0.86

  Alignments for each domain:
  == domain 1  score: 26.0 bits;  conditional E-value: 2e-07
              Round3_FinalIHelix  2 keaeglalllfiagletisnsllsslLfyll 32
                                    +++++++l++ ia+++t s++l+ ++L  ++
  tr|A0A974B5B1|A0A974B5B1_9PASS 47 ENVNQCVLEMMIAAPDTLSVTLF-FMLILIA 76
                                    789*******************5.7776655 PP

>> tr|A0A852MT82|A0A852MT82_9PASS  CP19A Aromatase (Fragment) OS=Pteruthius melanotis OX=357074 GN=Cyp19a1_0 PE=3 SV=1
   #    score  bias  c-Evalue  i-Evalue hmmfrom  hmm to    alifrom  ali to    envfrom  env to     acc
 ---   ------ ----- --------- --------- ------- -------    ------- -------    ------- -------    ----
   1 !   26.0   0.6     2e-07   0.00016       2      32 ..      47      76 ..      46      77 .. 0.86

  Alignments for each domain:
  == domain 1  score: 26.0 bits;  conditional E-value: 2e-07
              Round3_FinalIHelix  2 keaeglalllfiagletisnsllsslLfyll 32
                                    +++++++l++ ia+++t s++l+ ++L  ++
  tr|A0A852MT82|A0A852MT82_9PASS 47 ENVNQCVLEMMIAAPDTLSVTLF-FMLILIA 76
                                    789*******************5.7776655 PP

>> tr|A0A7K5ZKB9|A0A7K5ZKB9_ONYCO  CP19A Aromatase (Fragment) OS=Onychorhynchus coronatus OX=360224 GN=Cyp19a1_0 PE=3 SV
   #    score  bias  c-Evalue  i-Evalue hmmfrom  hmm to    alifrom  ali to    envfrom  env to     acc
 ---   ------ ----- --------- --------- ------- -------    ------- -------    ------- -------    ----
   1 !   26.0   0.6     2e-07   0.00016       2      32 ..      47      76 ..      46      77 .. 0.86

  Alignments for each domain:
  == domain 1  score: 26.0 bits;  conditional E-value: 2e-07
              Round3_FinalIHelix  2 keaeglalllfiagletisnsllsslLfyll 32
                                    +++++++l++ ia+++t s++l+ ++L  ++
  tr|A0A7K5ZKB9|A0A7K5ZKB9_ONYCO 47 ENVNQCVLEMMIAAPDTLSVTLF-FMLILIA 76
                                    789*******************5.7776655 PP

>> tr|A0A7K9LGL7|A0A7K9LGL7_9PASS  CP19A Aromatase (Fragment) OS=Rhabdornis inornatus OX=237438 GN=Cyp19a1_0 PE=3 SV=1
   #    score  bias  c-Evalue  i-Evalue hmmfrom  hmm to    alifrom  ali to    envfrom  env to     acc
 ---   ------ ----- --------- --------- ------- -------    ------- -------    ------- -------    ----
   1 !   26.0   0.6     2e-07   0.00016       2      32 ..      47      76 ..      46      77 .. 0.86

  Alignments for each domain:
  == domain 1  score: 26.0 bits;  conditional E-value: 2e-07
              Round3_FinalIHelix  2 keaeglalllfiagletisnsllsslLfyll 32
                                    +++++++l++ ia+++t s++l+ ++L  ++
  tr|A0A7K9LGL7|A0A7K9LGL7_9PASS 47 ENVNQCVLEMMIAAPDTLSVTLF-FMLILIA 76
                                    789*******************5.7776655 PP

>> tr|A0A7K5W1C1|A0A7K5W1C1_9SYLV  CP19A Aromatase (Fragment) OS=Hylia prasina OX=208073 GN=Cyp19a1_0 PE=3 SV=1
   #    score  bias  c-Evalue  i-Evalue hmmfrom  hmm to    alifrom  ali to    envfrom  env to     acc
 ---   ------ ----- --------- --------- ------- -------    ------- -------    ------- -------    ----
   1 !   26.0   0.6     2e-07   0.00016       2      32 ..      47      76 ..      46      77 .. 0.86

  Alignments for each domain:
  == domain 1  score: 26.0 bits;  conditional E-value: 2e-07
              Round3_FinalIHelix  2 keaeglalllfiagletisnsllsslLfyll 32
                                    +++++++l++ ia+++t s++l+ ++L  ++
  tr|A0A7K5W1C1|A0A7K5W1C1_9SYLV 47 ENVNQCVLEMMIAAPDTLSVTLF-FMLILIA 76
                                    789*******************5.7776655 PP

>> tr|A0A2Y9IDC3|A0A2Y9IDC3_ENHLU  aromatase OS=Enhydra lutris kenyoni OX=391180 GN=LOC111138628 PE=3 SV=1
   #    score  bias  c-Evalue  i-Evalue hmmfrom  hmm to    alifrom  ali to    envfrom  env to     acc
 ---   ------ ----- --------- --------- ------- -------    ------- -------    ------- -------    ----
   1 !   26.9   0.2   1.1e-07   8.6e-05       2      32 ..     294     323 ..     293     324 .. 0.92

  Alignments for each domain:
  == domain 1  score: 26.9 bits;  conditional E-value: 1.1e-07
              Round3_FinalIHelix   2 keaeglalllfiagletisnsllsslLfyll 32 
                                     +++++++l+++ a+++t+s+s+ +++Lf ++
  tr|A0A2Y9IDC3|A0A2Y9IDC3_ENHLU 294 ENVNQCILEMLVAAPDTMSVSV-FFMLFLIA 323
                                     789*******************.6****987 PP

>> tr|A0A8C7BP06|A0A8C7BP06_NEOVI  aromatase OS=Neovison vison OX=452646 GN=CYP19A1 PE=3 SV=1
   #    score  bias  c-Evalue  i-Evalue hmmfrom  hmm to    alifrom  ali to    envfrom  env to     acc
 ---   ------ ----- --------- --------- ------- -------    ------- -------    ------- -------    ----
   1 !   26.9   0.2   1.1e-07   8.6e-05       2      32 ..     294     323 ..     293     324 .. 0.92

  Alignments for each domain:
  == domain 1  score: 26.9 bits;  conditional E-value: 1.1e-07
              Round3_FinalIHelix   2 keaeglalllfiagletisnsllsslLfyll 32 
                                     +++++++l+++ a+++t+s+s+ +++Lf ++
  tr|A0A8C7BP06|A0A8C7BP06_NEOVI 294 ENVNQCILEMLVAAPDTMSVSV-FFMLFLIA 323
                                     789*******************.6****987 PP

>> tr|M3Y8W5|M3Y8W5_MUSPF  aromatase OS=Mustela putorius furo OX=9669 GN=CYP19A1 PE=3 SV=1
   #    score  bias  c-Evalue  i-Evalue hmmfrom  hmm to    alifrom  ali to    envfrom  env to     acc
 ---   ------ ----- --------- --------- ------- -------    ------- -------    ------- -------    ----
   1 !   26.9   0.2   1.1e-07   8.6e-05       2      32 ..     294     323 ..     293     324 .. 0.92

  Alignments for each domain:
  == domain 1  score: 26.9 bits;  conditional E-value: 1.1e-07
      Round3_FinalIHelix   2 keaeglalllfiagletisnsllsslLfyll 32 
                             +++++++l+++ a+++t+s+s+ +++Lf ++
  tr|M3Y8W5|M3Y8W5_MUSPF 294 ENVNQCILEMLVAAPDTMSVSV-FFMLFLIA 323
                             789*******************.6****987 PP

>> tr|A0A7K5J2N3|A0A7K5J2N3_TOXRE  CP19A Aromatase (Fragment) OS=Toxostoma redivivum OX=99882 GN=Cyp19a1_0 PE=3 SV=1
   #    score  bias  c-Evalue  i-Evalue hmmfrom  hmm to    alifrom  ali to    envfrom  env to     acc
 ---   ------ ----- --------- --------- ------- -------    ------- -------    ------- -------    ----
   1 !   26.0   0.6     2e-07   0.00016       2      32 ..      47      76 ..      46      77 .. 0.86

  Alignments for each domain:
  == domain 1  score: 26.0 bits;  conditional E-value: 2e-07
              Round3_FinalIHelix  2 keaeglalllfiagletisnsllsslLfyll 32
                                    +++++++l++ ia+++t s++l+ ++L  ++
  tr|A0A7K5J2N3|A0A7K5J2N3_TOXRE 47 ENVNQCVLEMMIAAPDTLSVTLF-FMLILIA 76
                                    789*******************5.7776655 PP

>> tr|A0A093QI33|A0A093QI33_9PASS  Cytochrome P450 19A1 (Fragment) OS=Manacus vitellinus OX=328815 GN=N305_00276 PE=3 SV
   #    score  bias  c-Evalue  i-Evalue hmmfrom  hmm to    alifrom  ali to    envfrom  env to     acc
 ---   ------ ----- --------- --------- ------- -------    ------- -------    ------- -------    ----
   1 !   26.0   0.6     2e-07   0.00016       2      32 ..      47      76 ..      46      77 .. 0.86

  Alignments for each domain:
  == domain 1  score: 26.0 bits;  conditional E-value: 2e-07
              Round3_FinalIHelix  2 keaeglalllfiagletisnsllsslLfyll 32
                                    +++++++l++ ia+++t s++l+ ++L  ++
  tr|A0A093QI33|A0A093QI33_9PASS 47 ENVNQCVLEMMIAAPDTLSVTLF-FMLILIA 76
                                    789*******************5.7776655 PP

>> tr|A0A7K4PZM5|A0A7K4PZM5_MELMO  CP19A Aromatase (Fragment) OS=Melospiza melodia OX=44397 GN=Cyp19a1_0 PE=3 SV=1
   #    score  bias  c-Evalue  i-Evalue hmmfrom  hmm to    alifrom  ali to    envfrom  env to     acc
 ---   ------ ----- --------- --------- ------- -------    ------- -------    ------- -------    ----
   1 !   26.0   0.6     2e-07   0.00016       2      32 ..      47      76 ..      46      77 .. 0.86

  Alignments for each domain:
  == domain 1  score: 26.0 bits;  conditional E-value: 2e-07
              Round3_FinalIHelix  2 keaeglalllfiagletisnsllsslLfyll 32
                                    +++++++l++ ia+++t s++l+ ++L  ++
  tr|A0A7K4PZM5|A0A7K4PZM5_MELMO 47 ENVNQCVLEMMIAAPDTLSVTLF-FMLILIA 76
                                    789*******************5.7776655 PP

>> tr|A0A7K5D4N4|A0A7K5D4N4_9TYRA  CP19A Aromatase (Fragment) OS=Pachyramphus minor OX=369605 GN=Cyp19a1_0 PE=3 SV=1
   #    score  bias  c-Evalue  i-Evalue hmmfrom  hmm to    alifrom  ali to    envfrom  env to     acc
 ---   ------ ----- --------- --------- ------- -------    ------- -------    ------- -------    ----
   1 !   26.0   0.6     2e-07   0.00016       2      32 ..      47      76 ..      46      77 .. 0.86

  Alignments for each domain:
  == domain 1  score: 26.0 bits;  conditional E-value: 2e-07
              Round3_FinalIHelix  2 keaeglalllfiagletisnsllsslLfyll 32
                                    +++++++l++ ia+++t s++l+ ++L  ++
  tr|A0A7K5D4N4|A0A7K5D4N4_9TYRA 47 ENVNQCVLEMMIAAPDTLSVTLF-FMLILIA 76
                                    789*******************5.7776655 PP

>> tr|A0A7K5U820|A0A7K5U820_CEPOR  CP19A Aromatase (Fragment) OS=Cephalopterus ornatus OX=114276 GN=Cyp19a1_0 PE=3 SV=1
   #    score  bias  c-Evalue  i-Evalue hmmfrom  hmm to    alifrom  ali to    envfrom  env to     acc
 ---   ------ ----- --------- --------- ------- -------    ------- -------    ------- -------    ----
   1 !   26.0   0.6     2e-07   0.00016       2      32 ..      47      76 ..      46      77 .. 0.86

  Alignments for each domain:
  == domain 1  score: 26.0 bits;  conditional E-value: 2e-07
              Round3_FinalIHelix  2 keaeglalllfiagletisnsllsslLfyll 32
                                    +++++++l++ ia+++t s++l+ ++L  ++
  tr|A0A7K5U820|A0A7K5U820_CEPOR 47 ENVNQCVLEMMIAAPDTLSVTLF-FMLILIA 76
                                    789*******************5.7776655 PP

>> tr|A0A7K7BS64|A0A7K7BS64_APHCE  CP19A Aromatase (Fragment) OS=Aphelocoma coerulescens OX=39617 GN=Cyp19a1_0 PE=3 SV=1
   #    score  bias  c-Evalue  i-Evalue hmmfrom  hmm to    alifrom  ali to    envfrom  env to     acc
 ---   ------ ----- --------- --------- ------- -------    ------- -------    ------- -------    ----
   1 !   26.0   0.6     2e-07   0.00016       2      32 ..      47      76 ..      46      77 .. 0.86

  Alignments for each domain:
  == domain 1  score: 26.0 bits;  conditional E-value: 2e-07
              Round3_FinalIHelix  2 keaeglalllfiagletisnsllsslLfyll 32
                                    +++++++l++ ia+++t s++l+ ++L  ++
  tr|A0A7K7BS64|A0A7K7BS64_APHCE 47 ENVNQCVLEMMIAAPDTLSVTLF-FMLILIA 76
                                    789*******************5.7776655 PP

>> tr|A0A7K8E374|A0A7K8E374_LEURO  CP19A Aromatase (Fragment) OS=Leucopsar rothschildi OX=127929 GN=Cyp19a1_0 PE=3 SV=1
   #    score  bias  c-Evalue  i-Evalue hmmfrom  hmm to    alifrom  ali to    envfrom  env to     acc
 ---   ------ ----- --------- --------- ------- -------    ------- -------    ------- -------    ----
   1 !   26.0   0.6     2e-07   0.00016       2      32 ..      47      76 ..      46      77 .. 0.86

  Alignments for each domain:
  == domain 1  score: 26.0 bits;  conditional E-value: 2e-07
              Round3_FinalIHelix  2 keaeglalllfiagletisnsllsslLfyll 32
                                    +++++++l++ ia+++t s++l+ ++L  ++
  tr|A0A7K8E374|A0A7K8E374_LEURO 47 ENVNQCVLEMMIAAPDTLSVTLF-FMLILIA 76
                                    789*******************5.7776655 PP

>> tr|A0A7L0ZFG4|A0A7L0ZFG4_9PASS  CP19A Aromatase (Fragment) OS=Oxyruncus cristatus OX=114331 GN=Cyp19a1_0 PE=3 SV=1
   #    score  bias  c-Evalue  i-Evalue hmmfrom  hmm to    alifrom  ali to    envfrom  env to     acc
 ---   ------ ----- --------- --------- ------- -------    ------- -------    ------- -------    ----
   1 !   26.0   0.6     2e-07   0.00016       2      32 ..      47      76 ..      46      77 .. 0.86

  Alignments for each domain:
  == domain 1  score: 26.0 bits;  conditional E-value: 2e-07
              Round3_FinalIHelix  2 keaeglalllfiagletisnsllsslLfyll 32
                                    +++++++l++ ia+++t s++l+ ++L  ++
  tr|A0A7L0ZFG4|A0A7L0ZFG4_9PASS 47 ENVNQCVLEMMIAAPDTLSVTLF-FMLILIA 76
                                    789*******************5.7776655 PP

>> tr|A0A7L1VEF4|A0A7L1VEF4_SITEU  CP19A Aromatase (Fragment) OS=Sitta europaea OX=50251 GN=Cyp19a1_0 PE=3 SV=1
   #    score  bias  c-Evalue  i-Evalue hmmfrom  hmm to    alifrom  ali to    envfrom  env to     acc
 ---   ------ ----- --------- --------- ------- -------    ------- -------    ------- -------    ----
   1 !   26.0   0.6     2e-07   0.00016       2      32 ..      47      76 ..      46      77 .. 0.86

  Alignments for each domain:
  == domain 1  score: 26.0 bits;  conditional E-value: 2e-07
              Round3_FinalIHelix  2 keaeglalllfiagletisnsllsslLfyll 32
                                    +++++++l++ ia+++t s++l+ ++L  ++
  tr|A0A7L1VEF4|A0A7L1VEF4_SITEU 47 ENVNQCVLEMMIAAPDTLSVTLF-FMLILIA 76
                                    789*******************5.7776655 PP

>> tr|A0A7L3H865|A0A7L3H865_9PASS  CP19A Aromatase (Fragment) OS=Buphagus erythrorhynchus OX=245048 GN=Cyp19a1_0 PE=3 SV
   #    score  bias  c-Evalue  i-Evalue hmmfrom  hmm to    alifrom  ali to    envfrom  env to     acc
 ---   ------ ----- --------- --------- ------- -------    ------- -------    ------- -------    ----
   1 !   26.0   0.6     2e-07   0.00016       2      32 ..      47      76 ..      46      77 .. 0.86

  Alignments for each domain:
  == domain 1  score: 26.0 bits;  conditional E-value: 2e-07
              Round3_FinalIHelix  2 keaeglalllfiagletisnsllsslLfyll 32
                                    +++++++l++ ia+++t s++l+ ++L  ++
  tr|A0A7L3H865|A0A7L3H865_9PASS 47 ENVNQCVLEMMIAAPDTLSVTLF-FMLILIA 76
                                    789*******************5.7776655 PP

>> tr|A0A7L0YKI2|A0A7L0YKI2_9PASE  CP19A Aromatase (Fragment) OS=Ploceus nigricollis OX=441696 GN=Cyp19a1_0 PE=3 SV=1
   #    score  bias  c-Evalue  i-Evalue hmmfrom  hmm to    alifrom  ali to    envfrom  env to     acc
 ---   ------ ----- --------- --------- ------- -------    ------- -------    ------- -------    ----
   1 !   26.0   0.6     2e-07   0.00016       2      32 ..      47      76 ..      46      77 .. 0.86

  Alignments for each domain:
  == domain 1  score: 26.0 bits;  conditional E-value: 2e-07
              Round3_FinalIHelix  2 keaeglalllfiagletisnsllsslLfyll 32
                                    +++++++l++ ia+++t s++l+ ++L  ++
  tr|A0A7L0YKI2|A0A7L0YKI2_9PASE 47 ENVNQCVLEMMIAAPDTLSVTLF-FMLILIA 76
                                    789*******************5.7776655 PP

>> tr|A0A7K4W5I1|A0A7K4W5I1_9TYRA  CP19A Aromatase (Fragment) OS=Tachuris rubrigastra OX=495162 GN=Cyp19a1_0 PE=3 SV=1
   #    score  bias  c-Evalue  i-Evalue hmmfrom  hmm to    alifrom  ali to    envfrom  env to     acc
 ---   ------ ----- --------- --------- ------- -------    ------- -------    ------- -------    ----
   1 !   26.0   0.6     2e-07   0.00016       2      32 ..      47      76 ..      46      77 .. 0.86

  Alignments for each domain:
  == domain 1  score: 26.0 bits;  conditional E-value: 2e-07
              Round3_FinalIHelix  2 keaeglalllfiagletisnsllsslLfyll 32
                                    +++++++l++ ia+++t s++l+ ++L  ++
  tr|A0A7K4W5I1|A0A7K4W5I1_9TYRA 47 ENVNQCVLEMMIAAPDTLSVTLF-FMLILIA 76
                                    789*******************5.7776655 PP

>> tr|A0A7K6V3H2|A0A7K6V3H2_9PASS  CP19A Aromatase (Fragment) OS=Notiomystis cincta OX=366454 GN=Cyp19a1_0 PE=3 SV=1
   #    score  bias  c-Evalue  i-Evalue hmmfrom  hmm to    alifrom  ali to    envfrom  env to     acc
 ---   ------ ----- --------- --------- ------- -------    ------- -------    ------- -------    ----
   1 !   26.0   0.6     2e-07   0.00016       2      32 ..      47      76 ..      46      77 .. 0.86

  Alignments for each domain:
  == domain 1  score: 26.0 bits;  conditional E-value: 2e-07
              Round3_FinalIHelix  2 keaeglalllfiagletisnsllsslLfyll 32
                                    +++++++l++ ia+++t s++l+ ++L  ++
  tr|A0A7K6V3H2|A0A7K6V3H2_9PASS 47 ENVNQCVLEMMIAAPDTLSVTLF-FMLILIA 76
                                    789*******************5.7776655 PP

>> tr|A0A7K5RXS4|A0A7K5RXS4_LANLU  CP19A Aromatase (Fragment) OS=Lanius ludovicianus OX=28713 GN=Cyp19a1_0 PE=3 SV=1
   #    score  bias  c-Evalue  i-Evalue hmmfrom  hmm to    alifrom  ali to    envfrom  env to     acc
 ---   ------ ----- --------- --------- ------- -------    ------- -------    ------- -------    ----
   1 !   26.0   0.6     2e-07   0.00016       2      32 ..      47      76 ..      46      77 .. 0.86

  Alignments for each domain:
  == domain 1  score: 26.0 bits;  conditional E-value: 2e-07
              Round3_FinalIHelix  2 keaeglalllfiagletisnsllsslLfyll 32
                                    +++++++l++ ia+++t s++l+ ++L  ++
  tr|A0A7K5RXS4|A0A7K5RXS4_LANLU 47 ENVNQCVLEMMIAAPDTLSVTLF-FMLILIA 76
                                    789*******************5.7776655 PP

>> tr|A0A7L0T5S7|A0A7L0T5S7_PODPO  CP19A Aromatase (Fragment) OS=Podilymbus podiceps OX=9252 GN=Cyp19a1_0 PE=3 SV=1
   #    score  bias  c-Evalue  i-Evalue hmmfrom  hmm to    alifrom  ali to    envfrom  env to     acc
 ---   ------ ----- --------- --------- ------- -------    ------- -------    ------- -------    ----
   1 !   26.0   0.6     2e-07   0.00016       2      32 ..      47      76 ..      46      77 .. 0.86

  Alignments for each domain:
  == domain 1  score: 26.0 bits;  conditional E-value: 2e-07
              Round3_FinalIHelix  2 keaeglalllfiagletisnsllsslLfyll 32
                                    +++++++l++ ia+++t s++l+ ++L  ++
  tr|A0A7L0T5S7|A0A7L0T5S7_PODPO 47 ENVNQCVLEMMIAAPDTLSVTLF-FMLILIA 76
                                    789*******************5.7776655 PP

>> tr|A0A7L3BY38|A0A7L3BY38_PELUR  CP19A Aromatase (Fragment) OS=Pelecanoides urinatrix OX=37079 GN=Cyp19a1_0 PE=3 SV=1
   #    score  bias  c-Evalue  i-Evalue hmmfrom  hmm to    alifrom  ali to    envfrom  env to     acc
 ---   ------ ----- --------- --------- ------- -------    ------- -------    ------- -------    ----
   1 !   26.0   0.6     2e-07   0.00016       2      32 ..      47      76 ..      46      77 .. 0.86

  Alignments for each domain:
  == domain 1  score: 26.0 bits;  conditional E-value: 2e-07
              Round3_FinalIHelix  2 keaeglalllfiagletisnsllsslLfyll 32
                                    +++++++l++ ia+++t s++l+ ++L  ++
  tr|A0A7L3BY38|A0A7L3BY38_PELUR 47 ENVNQCVLEMMIAAPDTLSVTLF-FMLILIA 76
                                    789*******************5.7776655 PP

>> tr|A0A7K4YGX0|A0A7K4YGX0_BUCAB  CP19A Aromatase (Fragment) OS=Bucorvus abyssinicus OX=153643 GN=Cyp19a1_0 PE=3 SV=1
   #    score  bias  c-Evalue  i-Evalue hmmfrom  hmm to    alifrom  ali to    envfrom  env to     acc
 ---   ------ ----- --------- --------- ------- -------    ------- -------    ------- -------    ----
   1 !   26.0   0.6     2e-07   0.00016       2      32 ..      47      76 ..      46      77 .. 0.86

  Alignments for each domain:
  == domain 1  score: 26.0 bits;  conditional E-value: 2e-07
              Round3_FinalIHelix  2 keaeglalllfiagletisnsllsslLfyll 32
                                    +++++++l++ ia+++t s++l+ ++L  ++
  tr|A0A7K4YGX0|A0A7K4YGX0_BUCAB 47 ENVNQCVLEMMIAAPDTLSVTLF-FMLILIA 76
                                    789*******************5.7776655 PP

>> tr|A0A7K7NLS6|A0A7K7NLS6_HALAL  CP19A Aromatase (Fragment) OS=Haliaeetus albicilla OX=8969 GN=Cyp19a1_0 PE=3 SV=1
   #    score  bias  c-Evalue  i-Evalue hmmfrom  hmm to    alifrom  ali to    envfrom  env to     acc
 ---   ------ ----- --------- --------- ------- -------    ------- -------    ------- -------    ----
   1 !   26.0   0.6     2e-07   0.00016       2      32 ..      47      76 ..      46      77 .. 0.86

  Alignments for each domain:
  == domain 1  score: 26.0 bits;  conditional E-value: 2e-07
              Round3_FinalIHelix  2 keaeglalllfiagletisnsllsslLfyll 32
                                    +++++++l++ ia+++t s++l+ ++L  ++
  tr|A0A7K7NLS6|A0A7K7NLS6_HALAL 47 ENVNQCVLEMMIAAPDTLSVTLF-FMLILIA 76
                                    789*******************5.7776655 PP

>> tr|A0A7K7TUJ6|A0A7K7TUJ6_9CHAR  CP19A Aromatase (Fragment) OS=Ibidorhyncha struthersii OX=425643 GN=Cyp19a1_0 PE=3 SV
   #    score  bias  c-Evalue  i-Evalue hmmfrom  hmm to    alifrom  ali to    envfrom  env to     acc
 ---   ------ ----- --------- --------- ------- -------    ------- -------    ------- -------    ----
   1 !   26.0   0.6     2e-07   0.00016       2      32 ..      47      76 ..      46      77 .. 0.86

  Alignments for each domain:
  == domain 1  score: 26.0 bits;  conditional E-value: 2e-07
              Round3_FinalIHelix  2 keaeglalllfiagletisnsllsslLfyll 32
                                    +++++++l++ ia+++t s++l+ ++L  ++
  tr|A0A7K7TUJ6|A0A7K7TUJ6_9CHAR 47 ENVNQCVLEMMIAAPDTLSVTLF-FMLILIA 76
                                    789*******************5.7776655 PP

>> tr|A0A7K9E344|A0A7K9E344_BARMA  CP19A Aromatase (Fragment) OS=Baryphthengus martii OX=176943 GN=Cyp19a1_0 PE=3 SV=1
   #    score  bias  c-Evalue  i-Evalue hmmfrom  hmm to    alifrom  ali to    envfrom  env to     acc
 ---   ------ ----- --------- --------- ------- -------    ------- -------    ------- -------    ----
   1 !   26.0   0.6     2e-07   0.00016       2      32 ..      47      76 ..      46      77 .. 0.86

  Alignments for each domain:
  == domain 1  score: 26.0 bits;  conditional E-value: 2e-07
              Round3_FinalIHelix  2 keaeglalllfiagletisnsllsslLfyll 32
                                    +++++++l++ ia+++t s++l+ ++L  ++
  tr|A0A7K9E344|A0A7K9E344_BARMA 47 ENVNQCVLEMMIAAPDTLSVTLF-FMLILIA 76
                                    789*******************5.7776655 PP

>> tr|A0A7K9XDR5|A0A7K9XDR5_9GRUI  CP19A Aromatase (Fragment) OS=Psophia crepitans OX=54359 GN=Cyp19a1_0 PE=3 SV=1
   #    score  bias  c-Evalue  i-Evalue hmmfrom  hmm to    alifrom  ali to    envfrom  env to     acc
 ---   ------ ----- --------- --------- ------- -------    ------- -------    ------- -------    ----
   1 !   26.0   0.6     2e-07   0.00016       2      32 ..      47      76 ..      46      77 .. 0.86

  Alignments for each domain:
  == domain 1  score: 26.0 bits;  conditional E-value: 2e-07
              Round3_FinalIHelix  2 keaeglalllfiagletisnsllsslLfyll 32
                                    +++++++l++ ia+++t s++l+ ++L  ++
  tr|A0A7K9XDR5|A0A7K9XDR5_9GRUI 47 ENVNQCVLEMMIAAPDTLSVTLF-FMLILIA 76
                                    789*******************5.7776655 PP

>> tr|A0A7L0CFL3|A0A7L0CFL3_9AVES  CP19A Aromatase (Fragment) OS=Spizaetus tyrannus OX=252798 GN=Cyp19a1_0 PE=3 SV=1
   #    score  bias  c-Evalue  i-Evalue hmmfrom  hmm to    alifrom  ali to    envfrom  env to     acc
 ---   ------ ----- --------- --------- ------- -------    ------- -------    ------- -------    ----
   1 !   26.0   0.6     2e-07   0.00016       2      32 ..      47      76 ..      46      77 .. 0.86

  Alignments for each domain:
  == domain 1  score: 26.0 bits;  conditional E-value: 2e-07
              Round3_FinalIHelix  2 keaeglalllfiagletisnsllsslLfyll 32
                                    +++++++l++ ia+++t s++l+ ++L  ++
  tr|A0A7L0CFL3|A0A7L0CFL3_9AVES 47 ENVNQCVLEMMIAAPDTLSVTLF-FMLILIA 76
                                    789*******************5.7776655 PP

>> tr|A0A7L0EWU1|A0A7L0EWU1_CORCN  CP19A Aromatase (Fragment) OS=Corythaixoides concolor OX=103956 GN=Cyp19a1_0 PE=3 SV=
   #    score  bias  c-Evalue  i-Evalue hmmfrom  hmm to    alifrom  ali to    envfrom  env to     acc
 ---   ------ ----- --------- --------- ------- -------    ------- -------    ------- -------    ----
   1 !   26.0   0.6     2e-07   0.00016       2      32 ..      47      76 ..      46      77 .. 0.86

  Alignments for each domain:
  == domain 1  score: 26.0 bits;  conditional E-value: 2e-07
              Round3_FinalIHelix  2 keaeglalllfiagletisnsllsslLfyll 32
                                    +++++++l++ ia+++t s++l+ ++L  ++
  tr|A0A7L0EWU1|A0A7L0EWU1_CORCN 47 ENVNQCVLEMMIAAPDTLSVTLF-FMLILIA 76
                                    789*******************5.7776655 PP

>> tr|A0A7L1SVV9|A0A7L1SVV9_ARAGA  CP19A Aromatase (Fragment) OS=Aramus guarauna OX=54356 GN=Cyp19a1_0 PE=3 SV=1
   #    score  bias  c-Evalue  i-Evalue hmmfrom  hmm to    alifrom  ali to    envfrom  env to     acc
 ---   ------ ----- --------- --------- ------- -------    ------- -------    ------- -------    ----
   1 !   26.0   0.6     2e-07   0.00016       2      32 ..      47      76 ..      46      77 .. 0.86

  Alignments for each domain:
  == domain 1  score: 26.0 bits;  conditional E-value: 2e-07
              Round3_FinalIHelix  2 keaeglalllfiagletisnsllsslLfyll 32
                                    +++++++l++ ia+++t s++l+ ++L  ++
  tr|A0A7L1SVV9|A0A7L1SVV9_ARAGA 47 ENVNQCVLEMMIAAPDTLSVTLF-FMLILIA 76
                                    789*******************5.7776655 PP

>> tr|A0A7L2YZE6|A0A7L2YZE6_JACJC  CP19A Aromatase (Fragment) OS=Jacana jacana OX=54508 GN=Cyp19a1 PE=3 SV=1
   #    score  bias  c-Evalue  i-Evalue hmmfrom  hmm to    alifrom  ali to    envfrom  env to     acc
 ---   ------ ----- --------- --------- ------- -------    ------- -------    ------- -------    ----
   1 !   26.0   0.6     2e-07   0.00016       2      32 ..      47      76 ..      46      77 .. 0.86

  Alignments for each domain:
  == domain 1  score: 26.0 bits;  conditional E-value: 2e-07
              Round3_FinalIHelix  2 keaeglalllfiagletisnsllsslLfyll 32
                                    +++++++l++ ia+++t s++l+ ++L  ++
  tr|A0A7L2YZE6|A0A7L2YZE6_JACJC 47 ENVNQCVLEMMIAAPDTLSVTLF-FMLILIA 76
                                    789*******************5.7776655 PP

>> tr|A0A850XFE5|A0A850XFE5_PIACA  CP19A Aromatase (Fragment) OS=Piaya cayana OX=33601 GN=Cyp19a1_0 PE=3 SV=1
   #    score  bias  c-Evalue  i-Evalue hmmfrom  hmm to    alifrom  ali to    envfrom  env to     acc
 ---   ------ ----- --------- --------- ------- -------    ------- -------    ------- -------    ----
   1 !   26.0   0.6     2e-07   0.00016       2      32 ..      47      76 ..      46      77 .. 0.86

  Alignments for each domain:
  == domain 1  score: 26.0 bits;  conditional E-value: 2e-07
              Round3_FinalIHelix  2 keaeglalllfiagletisnsllsslLfyll 32
                                    +++++++l++ ia+++t s++l+ ++L  ++
  tr|A0A850XFE5|A0A850XFE5_PIACA 47 ENVNQCVLEMMIAAPDTLSVTLF-FMLILIA 76
                                    789*******************5.7776655 PP

>> tr|A0A852KLX4|A0A852KLX4_UROIN  CP19A Aromatase (Fragment) OS=Urocolius indicus OX=458196 GN=Cyp19a1_0 PE=3 SV=1
   #    score  bias  c-Evalue  i-Evalue hmmfrom  hmm to    alifrom  ali to    envfrom  env to     acc
 ---   ------ ----- --------- --------- ------- -------    ------- -------    ------- -------    ----
   1 !   26.0   0.6     2e-07   0.00016       2      32 ..      47      76 ..      46      77 .. 0.86

  Alignments for each domain:
  == domain 1  score: 26.0 bits;  conditional E-value: 2e-07
              Round3_FinalIHelix  2 keaeglalllfiagletisnsllsslLfyll 32
                                    +++++++l++ ia+++t s++l+ ++L  ++
  tr|A0A852KLX4|A0A852KLX4_UROIN 47 ENVNQCVLEMMIAAPDTLSVTLF-FMLILIA 76
                                    789*******************5.7776655 PP

>> tr|A0A7L4N0P3|A0A7L4N0P3_9AVES  CP19A Aromatase (Fragment) OS=Ceyx cyanopectus OX=390723 GN=Cyp19a1_0 PE=3 SV=1
   #    score  bias  c-Evalue  i-Evalue hmmfrom  hmm to    alifrom  ali to    envfrom  env to     acc
 ---   ------ ----- --------- --------- ------- -------    ------- -------    ------- -------    ----
   1 !   26.0   0.6     2e-07   0.00016       2      32 ..      47      76 ..      46      77 .. 0.86

  Alignments for each domain:
  == domain 1  score: 26.0 bits;  conditional E-value: 2e-07
              Round3_FinalIHelix  2 keaeglalllfiagletisnsllsslLfyll 32
                                    +++++++l++ ia+++t s++l+ ++L  ++
  tr|A0A7L4N0P3|A0A7L4N0P3_9AVES 47 ENVNQCVLEMMIAAPDTLSVTLF-FMLILIA 76
                                    789*******************5.7776655 PP

>> tr|A0A7K4ZCH8|A0A7K4ZCH8_9AVES  CP19A Aromatase (Fragment) OS=Centropus unirufus OX=1118519 GN=Cyp19a1_0 PE=3 SV=1
   #    score  bias  c-Evalue  i-Evalue hmmfrom  hmm to    alifrom  ali to    envfrom  env to     acc
 ---   ------ ----- --------- --------- ------- -------    ------- -------    ------- -------    ----
   1 !   26.0   0.6     2e-07   0.00016       2      32 ..      47      76 ..      46      77 .. 0.86

  Alignments for each domain:
  == domain 1  score: 26.0 bits;  conditional E-value: 2e-07
              Round3_FinalIHelix  2 keaeglalllfiagletisnsllsslLfyll 32
                                    +++++++l++ ia+++t s++l+ ++L  ++
  tr|A0A7K4ZCH8|A0A7K4ZCH8_9AVES 47 ENVNQCVLEMMIAAPDTLSVTLF-FMLILIA 76
                                    789*******************5.7776655 PP

>> tr|A0A850TXC3|A0A850TXC3_GRUAM  CP19A Aromatase (Fragment) OS=Grus americana OX=9117 GN=Cyp19a1 PE=3 SV=1
   #    score  bias  c-Evalue  i-Evalue hmmfrom  hmm to    alifrom  ali to    envfrom  env to     acc
 ---   ------ ----- --------- --------- ------- -------    ------- -------    ------- -------    ----
   1 !   26.0   0.6     2e-07   0.00016       2      32 ..      47      76 ..      46      77 .. 0.86

  Alignments for each domain:
  == domain 1  score: 26.0 bits;  conditional E-value: 2e-07
              Round3_FinalIHelix  2 keaeglalllfiagletisnsllsslLfyll 32
                                    +++++++l++ ia+++t s++l+ ++L  ++
  tr|A0A850TXC3|A0A850TXC3_GRUAM 47 ENVNQCVLEMMIAAPDTLSVTLF-FMLILIA 76
                                    789*******************5.7776655 PP

>> tr|A0A7K6N6I0|A0A7K6N6I0_PEDTO  CP19A Aromatase (Fragment) OS=Pedionomus torquatus OX=227192 GN=Cyp19a1_0 PE=3 SV=1
   #    score  bias  c-Evalue  i-Evalue hmmfrom  hmm to    alifrom  ali to    envfrom  env to     acc
 ---   ------ ----- --------- --------- ------- -------    ------- -------    ------- -------    ----
   1 !   26.0   0.6     2e-07   0.00016       2      32 ..      47      76 ..      46      77 .. 0.86

  Alignments for each domain:
  == domain 1  score: 26.0 bits;  conditional E-value: 2e-07
              Round3_FinalIHelix  2 keaeglalllfiagletisnsllsslLfyll 32
                                    +++++++l++ ia+++t s++l+ ++L  ++
  tr|A0A7K6N6I0|A0A7K6N6I0_PEDTO 47 ENVNQCVLEMMIAAPDTLSVTLF-FMLILIA 76
                                    789*******************5.7776655 PP

>> tr|A0A7L0UCM7|A0A7L0UCM7_CHOAC  CP19A Aromatase (Fragment) OS=Chordeiles acutipennis OX=118183 GN=Cyp19a1_0 PE=3 SV=1
   #    score  bias  c-Evalue  i-Evalue hmmfrom  hmm to    alifrom  ali to    envfrom  env to     acc
 ---   ------ ----- --------- --------- ------- -------    ------- -------    ------- -------    ----
   1 !   26.0   0.6     2e-07   0.00016       2      32 ..      47      76 ..      46      77 .. 0.86

  Alignments for each domain:
  == domain 1  score: 26.0 bits;  conditional E-value: 2e-07
              Round3_FinalIHelix  2 keaeglalllfiagletisnsllsslLfyll 32
                                    +++++++l++ ia+++t s++l+ ++L  ++
  tr|A0A7L0UCM7|A0A7L0UCM7_CHOAC 47 ENVNQCVLEMMIAAPDTLSVTLF-FMLILIA 76
                                    789*******************5.7776655 PP

>> tr|A0A7L2G6G3|A0A7L2G6G3_NYCGR  CP19A Aromatase (Fragment) OS=Nyctibius grandis OX=48427 GN=Cyp19a1_0 PE=3 SV=1
   #    score  bias  c-Evalue  i-Evalue hmmfrom  hmm to    alifrom  ali to    envfrom  env to     acc
 ---   ------ ----- --------- --------- ------- -------    ------- -------    ------- -------    ----
   1 !   26.0   0.6     2e-07   0.00016       2      32 ..      47      76 ..      46      77 .. 0.86

  Alignments for each domain:
  == domain 1  score: 26.0 bits;  conditional E-value: 2e-07
              Round3_FinalIHelix  2 keaeglalllfiagletisnsllsslLfyll 32
                                    +++++++l++ ia+++t s++l+ ++L  ++
  tr|A0A7L2G6G3|A0A7L2G6G3_NYCGR 47 ENVNQCVLEMMIAAPDTLSVTLF-FMLILIA 76
                                    789*******************5.7776655 PP

>> tr|A0A7K6WTF6|A0A7K6WTF6_STECA  CP19A Aromatase (Fragment) OS=Steatornis caripensis OX=48435 GN=Cyp19a1_0 PE=3 SV=1
   #    score  bias  c-Evalue  i-Evalue hmmfrom  hmm to    alifrom  ali to    envfrom  env to     acc
 ---   ------ ----- --------- --------- ------- -------    ------- -------    ------- -------    ----
   1 !   26.0   0.6     2e-07   0.00016       2      32 ..      47      76 ..      46      77 .. 0.86

  Alignments for each domain:
  == domain 1  score: 26.0 bits;  conditional E-value: 2e-07
              Round3_FinalIHelix  2 keaeglalllfiagletisnsllsslLfyll 32
                                    +++++++l++ ia+++t s++l+ ++L  ++
  tr|A0A7K6WTF6|A0A7K6WTF6_STECA 47 ENVNQCVLEMMIAAPDTLSVTLF-FMLILIA 76
                                    789*******************5.7776655 PP

>> tr|A0A7L4JMR4|A0A7L4JMR4_9AVES  CP19A Aromatase (Fragment) OS=Ceuthmochares aereus OX=1961834 GN=Cyp19a1_0 PE=3 SV=1
   #    score  bias  c-Evalue  i-Evalue hmmfrom  hmm to    alifrom  ali to    envfrom  env to     acc
 ---   ------ ----- --------- --------- ------- -------    ------- -------    ------- -------    ----
   1 !   26.0   0.6     2e-07   0.00016       2      32 ..      47      76 ..      46      77 .. 0.86

  Alignments for each domain:
  == domain 1  score: 26.0 bits;  conditional E-value: 2e-07
              Round3_FinalIHelix  2 keaeglalllfiagletisnsllsslLfyll 32
                                    +++++++l++ ia+++t s++l+ ++L  ++
  tr|A0A7L4JMR4|A0A7L4JMR4_9AVES 47 ENVNQCVLEMMIAAPDTLSVTLF-FMLILIA 76
                                    789*******************5.7776655 PP

>> tr|A0A7K8VLQ7|A0A7K8VLQ7_9STRI  CP19A Aromatase (Fragment) OS=Ciccaba nigrolineata OX=1118524 GN=Cyp19a1_0 PE=3 SV=1
   #    score  bias  c-Evalue  i-Evalue hmmfrom  hmm to    alifrom  ali to    envfrom  env to     acc
 ---   ------ ----- --------- --------- ------- -------    ------- -------    ------- -------    ----
   1 !   26.0   0.6     2e-07   0.00016       2      32 ..      47      76 ..      46      77 .. 0.86

  Alignments for each domain:
  == domain 1  score: 26.0 bits;  conditional E-value: 2e-07
              Round3_FinalIHelix  2 keaeglalllfiagletisnsllsslLfyll 32
                                    +++++++l++ ia+++t s++l+ ++L  ++
  tr|A0A7K8VLQ7|A0A7K8VLQ7_9STRI 47 ENVNQCVLEMMIAAPDTLSVTLF-FMLILIA 76
                                    789*******************5.7776655 PP

>> tr|A0A7L0RCK6|A0A7L0RCK6_GLABR  CP19A Aromatase (Fragment) OS=Glaucidium brasilianum OX=78217 GN=Cyp19a1_0 PE=3 SV=1
   #    score  bias  c-Evalue  i-Evalue hmmfrom  hmm to    alifrom  ali to    envfrom  env to     acc
 ---   ------ ----- --------- --------- ------- -------    ------- -------    ------- -------    ----
   1 !   26.0   0.6     2e-07   0.00016       2      32 ..      47      76 ..      46      77 .. 0.86

  Alignments for each domain:
  == domain 1  score: 26.0 bits;  conditional E-value: 2e-07
              Round3_FinalIHelix  2 keaeglalllfiagletisnsllsslLfyll 32
                                    +++++++l++ ia+++t s++l+ ++L  ++
  tr|A0A7L0RCK6|A0A7L0RCK6_GLABR 47 ENVNQCVLEMMIAAPDTLSVTLF-FMLILIA 76
                                    789*******************5.7776655 PP

>> tr|A0A7L3IDN8|A0A7L3IDN8_9PASS  CP19A Aromatase (Fragment) OS=Pardalotus punctatus OX=254575 GN=Cyp19a1_0 PE=3 SV=1
   #    score  bias  c-Evalue  i-Evalue hmmfrom  hmm to    alifrom  ali to    envfrom  env to     acc
 ---   ------ ----- --------- --------- ------- -------    ------- -------    ------- -------    ----
   1 !   26.0   0.6     2e-07   0.00016       2      32 ..      47      76 ..      46      77 .. 0.86

  Alignments for each domain:
  == domain 1  score: 26.0 bits;  conditional E-value: 2e-07
              Round3_FinalIHelix  2 keaeglalllfiagletisnsllsslLfyll 32
                                    +++++++l++ ia+++t s++l+ ++L  ++
  tr|A0A7L3IDN8|A0A7L3IDN8_9PASS 47 ENVNQCVLEMMIAAPDTLSVTLF-FMLILIA 76
                                    789*******************5.7776655 PP

>> tr|A0A7L3F226|A0A7L3F226_9GRUI  CP19A Aromatase (Fragment) OS=Zapornia atra OX=2585822 GN=Cyp19a1_0 PE=3 SV=1
   #    score  bias  c-Evalue  i-Evalue hmmfrom  hmm to    alifrom  ali to    envfrom  env to     acc
 ---   ------ ----- --------- --------- ------- -------    ------- -------    ------- -------    ----
   1 !   26.0   0.6     2e-07   0.00016       2      32 ..      47      76 ..      46      77 .. 0.86

  Alignments for each domain:
  == domain 1  score: 26.0 bits;  conditional E-value: 2e-07
              Round3_FinalIHelix  2 keaeglalllfiagletisnsllsslLfyll 32
                                    +++++++l++ ia+++t s++l+ ++L  ++
  tr|A0A7L3F226|A0A7L3F226_9GRUI 47 ENVNQCVLEMMIAAPDTLSVTLF-FMLILIA 76
                                    789*******************5.7776655 PP

>> tr|A0A7K7FLG8|A0A7K7FLG8_CHIMN  CP19A Aromatase (Fragment) OS=Chionis minor OX=227182 GN=Cyp19a1_0 PE=3 SV=1
   #    score  bias  c-Evalue  i-Evalue hmmfrom  hmm to    alifrom  ali to    envfrom  env to     acc
 ---   ------ ----- --------- --------- ------- -------    ------- -------    ------- -------    ----
   1 !   26.0   0.6     2e-07   0.00016       2      32 ..      47      76 ..      46      77 .. 0.86

  Alignments for each domain:
  == domain 1  score: 26.0 bits;  conditional E-value: 2e-07
              Round3_FinalIHelix  2 keaeglalllfiagletisnsllsslLfyll 32
                                    +++++++l++ ia+++t s++l+ ++L  ++
  tr|A0A7K7FLG8|A0A7K7FLG8_CHIMN 47 ENVNQCVLEMMIAAPDTLSVTLF-FMLILIA 76
                                    789*******************5.7776655 PP

>> tr|A0A7L0CV48|A0A7L0CV48_9CHAR  CP19A Aromatase (Fragment) OS=Rostratula benghalensis OX=118793 GN=Cyp19a1_0 PE=3 SV=
   #    score  bias  c-Evalue  i-Evalue hmmfrom  hmm to    alifrom  ali to    envfrom  env to     acc
 ---   ------ ----- --------- --------- ------- -------    ------- -------    ------- -------    ----
   1 !   26.0   0.6     2e-07   0.00016       2      32 ..      47      76 ..      46      77 .. 0.86

  Alignments for each domain:
  == domain 1  score: 26.0 bits;  conditional E-value: 2e-07
              Round3_FinalIHelix  2 keaeglalllfiagletisnsllsslLfyll 32
                                    +++++++l++ ia+++t s++l+ ++L  ++
  tr|A0A7L0CV48|A0A7L0CV48_9CHAR 47 ENVNQCVLEMMIAAPDTLSVTLF-FMLILIA 76
                                    789*******************5.7776655 PP

>> tr|A0A7K4JM50|A0A7K4JM50_GEOCA  CP19A Aromatase (Fragment) OS=Geococcyx californianus OX=8947 GN=Cyp19a1_0 PE=3 SV=1
   #    score  bias  c-Evalue  i-Evalue hmmfrom  hmm to    alifrom  ali to    envfrom  env to     acc
 ---   ------ ----- --------- --------- ------- -------    ------- -------    ------- -------    ----
   1 !   26.0   0.6     2e-07   0.00016       2      32 ..      47      76 ..      46      77 .. 0.86

  Alignments for each domain:
  == domain 1  score: 26.0 bits;  conditional E-value: 2e-07
              Round3_FinalIHelix  2 keaeglalllfiagletisnsllsslLfyll 32
                                    +++++++l++ ia+++t s++l+ ++L  ++
  tr|A0A7K4JM50|A0A7K4JM50_GEOCA 47 ENVNQCVLEMMIAAPDTLSVTLF-FMLILIA 76
                                    789*******************5.7776655 PP

>> tr|A0A7K8M7D1|A0A7K8M7D1_9CORV  CP19A Aromatase (Fragment) OS=Ptilorrhoa leucosticta OX=449384 GN=Cyp19a1_0 PE=3 SV=1
   #    score  bias  c-Evalue  i-Evalue hmmfrom  hmm to    alifrom  ali to    envfrom  env to     acc
 ---   ------ ----- --------- --------- ------- -------    ------- -------    ------- -------    ----
   1 !   26.0   0.6     2e-07   0.00016       2      32 ..      47      76 ..      46      77 .. 0.86

  Alignments for each domain:
  == domain 1  score: 26.0 bits;  conditional E-value: 2e-07
              Round3_FinalIHelix  2 keaeglalllfiagletisnsllsslLfyll 32
                                    +++++++l++ ia+++t s++l+ ++L  ++
  tr|A0A7K8M7D1|A0A7K8M7D1_9CORV 47 ENVNQCVLEMMIAAPDTLSVTLF-FMLILIA 76
                                    789*******************5.7776655 PP

>> tr|A0A7K4RTU7|A0A7K4RTU7_COLPI  CP19A Aromatase (Fragment) OS=Columbina picui OX=115618 GN=Cyp19a1_0 PE=3 SV=1
   #    score  bias  c-Evalue  i-Evalue hmmfrom  hmm to    alifrom  ali to    envfrom  env to     acc
 ---   ------ ----- --------- --------- ------- -------    ------- -------    ------- -------    ----
   1 !   26.0   0.6     2e-07   0.00016       2      32 ..      47      76 ..      46      77 .. 0.86

  Alignments for each domain:
  == domain 1  score: 26.0 bits;  conditional E-value: 2e-07
              Round3_FinalIHelix  2 keaeglalllfiagletisnsllsslLfyll 32
                                    +++++++l++ ia+++t s++l+ ++L  ++
  tr|A0A7K4RTU7|A0A7K4RTU7_COLPI 47 ENVNQCVLEMMIAAPDTLSVTLF-FMLILIA 76
                                    789*******************5.7776655 PP

>> tr|A0A7L4IBQ5|A0A7L4IBQ5_SCOUM  CP19A Aromatase (Fragment) OS=Scopus umbretta OX=33581 GN=Cyp19a1_0 PE=3 SV=1
   #    score  bias  c-Evalue  i-Evalue hmmfrom  hmm to    alifrom  ali to    envfrom  env to     acc
 ---   ------ ----- --------- --------- ------- -------    ------- -------    ------- -------    ----
   1 !   26.0   0.6     2e-07   0.00016       2      32 ..      47      76 ..      46      77 .. 0.86

  Alignments for each domain:
  == domain 1  score: 26.0 bits;  conditional E-value: 2e-07
              Round3_FinalIHelix  2 keaeglalllfiagletisnsllsslLfyll 32
                                    +++++++l++ ia+++t s++l+ ++L  ++
  tr|A0A7L4IBQ5|A0A7L4IBQ5_SCOUM 47 ENVNQCVLEMMIAAPDTLSVTLF-FMLILIA 76
                                    789*******************5.7776655 PP

>> tr|A0A7L2Q141|A0A7L2Q141_9PASS  CP19A Aromatase (Fragment) OS=Hypocryptadius cinnamomeus OX=589841 GN=Cyp19a1_0 PE=3 
   #    score  bias  c-Evalue  i-Evalue hmmfrom  hmm to    alifrom  ali to    envfrom  env to     acc
 ---   ------ ----- --------- --------- ------- -------    ------- -------    ------- -------    ----
   1 !   26.0   0.6     2e-07   0.00016       2      32 ..      47      76 ..      46      77 .. 0.86

  Alignments for each domain:
  == domain 1  score: 26.0 bits;  conditional E-value: 2e-07
              Round3_FinalIHelix  2 keaeglalllfiagletisnsllsslLfyll 32
                                    +++++++l++ ia+++t s++l+ ++L  ++
  tr|A0A7L2Q141|A0A7L2Q141_9PASS 47 ENVNQCVLEMMIAAPDTLSVTLF-FMLILIA 76
                                    789*******************5.7776655 PP

>> tr|A0A7K5PBF2|A0A7K5PBF2_9CORV  CP19A Aromatase (Fragment) OS=Erythrocercus mccallii OX=107208 GN=Cyp19a1_0 PE=3 SV=1
   #    score  bias  c-Evalue  i-Evalue hmmfrom  hmm to    alifrom  ali to    envfrom  env to     acc
 ---   ------ ----- --------- --------- ------- -------    ------- -------    ------- -------    ----
   1 !   26.0   0.6     2e-07   0.00016       2      32 ..      47      76 ..      46      77 .. 0.86

  Alignments for each domain:
  == domain 1  score: 26.0 bits;  conditional E-value: 2e-07
              Round3_FinalIHelix  2 keaeglalllfiagletisnsllsslLfyll 32
                                    +++++++l++ ia+++t s++l+ ++L  ++
  tr|A0A7K5PBF2|A0A7K5PBF2_9CORV 47 ENVNQCVLEMMIAAPDTLSVTLF-FMLILIA 76
                                    789*******************5.7776655 PP

>> tr|A0A7L1C492|A0A7L1C492_9PASS  CP19A Aromatase (Fragment) OS=Illadopsis cleaveri OX=201329 GN=Cyp19a1_0 PE=3 SV=1
   #    score  bias  c-Evalue  i-Evalue hmmfrom  hmm to    alifrom  ali to    envfrom  env to     acc
 ---   ------ ----- --------- --------- ------- -------    ------- -------    ------- -------    ----
   1 !   26.0   0.6     2e-07   0.00016       2      32 ..      47      76 ..      46      77 .. 0.86

  Alignments for each domain:
  == domain 1  score: 26.0 bits;  conditional E-value: 2e-07
              Round3_FinalIHelix  2 keaeglalllfiagletisnsllsslLfyll 32
                                    +++++++l++ ia+++t s++l+ ++L  ++
  tr|A0A7L1C492|A0A7L1C492_9PASS 47 ENVNQCVLEMMIAAPDTLSVTLF-FMLILIA 76
                                    789*******************5.7776655 PP

>> tr|A0A7L0NRP8|A0A7L0NRP8_9PASS  CP19A Aromatase (Fragment) OS=Formicarius rufipectus OX=1118560 GN=Cyp19a1_0 PE=3 SV=
   #    score  bias  c-Evalue  i-Evalue hmmfrom  hmm to    alifrom  ali to    envfrom  env to     acc
 ---   ------ ----- --------- --------- ------- -------    ------- -------    ------- -------    ----
   1 !   26.0   0.6     2e-07   0.00016       2      32 ..      47      76 ..      46      77 .. 0.86

  Alignments for each domain:
  == domain 1  score: 26.0 bits;  conditional E-value: 2e-07
              Round3_FinalIHelix  2 keaeglalllfiagletisnsllsslLfyll 32
                                    +++++++l++ ia+++t s++l+ ++L  ++
  tr|A0A7L0NRP8|A0A7L0NRP8_9PASS 47 ENVNQCVLEMMIAAPDTLSVTLF-FMLILIA 76
                                    789*******************5.7776655 PP

>> tr|A0A7K9GDX1|A0A7K9GDX1_LOXLE  CP19A Aromatase (Fragment) OS=Loxia leucoptera OX=96539 GN=Cyp19a1_0 PE=3 SV=1
   #    score  bias  c-Evalue  i-Evalue hmmfrom  hmm to    alifrom  ali to    envfrom  env to     acc
 ---   ------ ----- --------- --------- ------- -------    ------- -------    ------- -------    ----
   1 !   26.0   0.6     2e-07   0.00016       2      32 ..      47      76 ..      46      77 .. 0.86

  Alignments for each domain:
  == domain 1  score: 26.0 bits;  conditional E-value: 2e-07
              Round3_FinalIHelix  2 keaeglalllfiagletisnsllsslLfyll 32
                                    +++++++l++ ia+++t s++l+ ++L  ++
  tr|A0A7K9GDX1|A0A7K9GDX1_LOXLE 47 ENVNQCVLEMMIAAPDTLSVTLF-FMLILIA 76
                                    789*******************5.7776655 PP

>> tr|A0A7K7GIZ4|A0A7K7GIZ4_ERIRU  CP19A Aromatase (Fragment) OS=Erithacus rubecula OX=37610 GN=Cyp19a1_0 PE=3 SV=1
   #    score  bias  c-Evalue  i-Evalue hmmfrom  hmm to    alifrom  ali to    envfrom  env to     acc
 ---   ------ ----- --------- --------- ------- -------    ------- -------    ------- -------    ----
   1 !   26.0   0.6     2e-07   0.00016       2      32 ..      47      76 ..      46      77 .. 0.86

  Alignments for each domain:
  == domain 1  score: 26.0 bits;  conditional E-value: 2e-07
              Round3_FinalIHelix  2 keaeglalllfiagletisnsllsslLfyll 32
                                    +++++++l++ ia+++t s++l+ ++L  ++
  tr|A0A7K7GIZ4|A0A7K7GIZ4_ERIRU 47 ENVNQCVLEMMIAAPDTLSVTLF-FMLILIA 76
                                    789*******************5.7776655 PP

>> tr|A0A851QPH3|A0A851QPH3_TYCCO  CP19A Aromatase (Fragment) OS=Tychaedon coryphoeus OX=614051 GN=Cyp19a1_0 PE=3 SV=1
   #    score  bias  c-Evalue  i-Evalue hmmfrom  hmm to    alifrom  ali to    envfrom  env to     acc
 ---   ------ ----- --------- --------- ------- -------    ------- -------    ------- -------    ----
   1 !   26.0   0.6     2e-07   0.00016       2      32 ..      47      76 ..      46      77 .. 0.86

  Alignments for each domain:
  == domain 1  score: 26.0 bits;  conditional E-value: 2e-07
              Round3_FinalIHelix  2 keaeglalllfiagletisnsllsslLfyll 32
                                    +++++++l++ ia+++t s++l+ ++L  ++
  tr|A0A851QPH3|A0A851QPH3_TYCCO 47 ENVNQCVLEMMIAAPDTLSVTLF-FMLILIA 76
                                    789*******************5.7776655 PP

>> tr|A0A7L0L694|A0A7L0L694_9SYLV  CP19A Aromatase (Fragment) OS=Sylvietta virens OX=208069 GN=Cyp19a1_0 PE=3 SV=1
   #    score  bias  c-Evalue  i-Evalue hmmfrom  hmm to    alifrom  ali to    envfrom  env to     acc
 ---   ------ ----- --------- --------- ------- -------    ------- -------    ------- -------    ----
   1 !   26.0   0.6     2e-07   0.00016       2      32 ..      47      76 ..      46      77 .. 0.86

  Alignments for each domain:
  == domain 1  score: 26.0 bits;  conditional E-value: 2e-07
              Round3_FinalIHelix  2 keaeglalllfiagletisnsllsslLfyll 32
                                    +++++++l++ ia+++t s++l+ ++L  ++
  tr|A0A7L0L694|A0A7L0L694_9SYLV 47 ENVNQCVLEMMIAAPDTLSVTLF-FMLILIA 76
                                    789*******************5.7776655 PP

>> tr|A0A7K6IPS6|A0A7K6IPS6_9CORV  CP19A Aromatase (Fragment) OS=Machaerirhynchus nigripectus OX=1160894 GN=Cyp19a1_0 PE
   #    score  bias  c-Evalue  i-Evalue hmmfrom  hmm to    alifrom  ali to    envfrom  env to     acc
 ---   ------ ----- --------- --------- ------- -------    ------- -------    ------- -------    ----
   1 !   26.0   0.6     2e-07   0.00016       2      32 ..      47      76 ..      46      77 .. 0.86

  Alignments for each domain:
  == domain 1  score: 26.0 bits;  conditional E-value: 2e-07
              Round3_FinalIHelix  2 keaeglalllfiagletisnsllsslLfyll 32
                                    +++++++l++ ia+++t s++l+ ++L  ++
  tr|A0A7K6IPS6|A0A7K6IPS6_9CORV 47 ENVNQCVLEMMIAAPDTLSVTLF-FMLILIA 76
                                    789*******************5.7776655 PP

>> tr|A0A7K8N6H4|A0A7K8N6H4_CASCA  CP19A Aromatase (Fragment) OS=Casuarius casuarius OX=8787 GN=Cyp19a1_0 PE=3 SV=1
   #    score  bias  c-Evalue  i-Evalue hmmfrom  hmm to    alifrom  ali to    envfrom  env to     acc
 ---   ------ ----- --------- --------- ------- -------    ------- -------    ------- -------    ----
   1 !   26.0   0.6     2e-07   0.00016       2      32 ..      47      76 ..      46      77 .. 0.86

  Alignments for each domain:
  == domain 1  score: 26.0 bits;  conditional E-value: 2e-07
              Round3_FinalIHelix  2 keaeglalllfiagletisnsllsslLfyll 32
                                    +++++++l++ ia+++t s++l+ ++L  ++
  tr|A0A7K8N6H4|A0A7K8N6H4_CASCA 47 ENVNQCVLEMMIAAPDTLSVTLF-FMLILIA 76
                                    789*******************5.7776655 PP

>> tr|A0A7K7SQ10|A0A7K7SQ10_9TYRA  CP19A Aromatase (Fragment) OS=Sapayoa aenigma OX=239371 GN=Cyp19a1_0 PE=3 SV=1
   #    score  bias  c-Evalue  i-Evalue hmmfrom  hmm to    alifrom  ali to    envfrom  env to     acc
 ---   ------ ----- --------- --------- ------- -------    ------- -------    ------- -------    ----
   1 !   26.0   0.6     2e-07   0.00016       2      32 ..      47      76 ..      46      77 .. 0.86

  Alignments for each domain:
  == domain 1  score: 26.0 bits;  conditional E-value: 2e-07
              Round3_FinalIHelix  2 keaeglalllfiagletisnsllsslLfyll 32
                                    +++++++l++ ia+++t s++l+ ++L  ++
  tr|A0A7K7SQ10|A0A7K7SQ10_9TYRA 47 ENVNQCVLEMMIAAPDTLSVTLF-FMLILIA 76
                                    789*******************5.7776655 PP

>> tr|A0A7L2CV68|A0A7L2CV68_CATFU  CP19A Aromatase (Fragment) OS=Catharus fuscescens OX=159581 GN=Cyp19a1_0 PE=3 SV=1
   #    score  bias  c-Evalue  i-Evalue hmmfrom  hmm to    alifrom  ali to    envfrom  env to     acc
 ---   ------ ----- --------- --------- ------- -------    ------- -------    ------- -------    ----
   1 !   26.0   0.6     2e-07   0.00016       2      32 ..      47      76 ..      46      77 .. 0.86

  Alignments for each domain:
  == domain 1  score: 26.0 bits;  conditional E-value: 2e-07
              Round3_FinalIHelix  2 keaeglalllfiagletisnsllsslLfyll 32
                                    +++++++l++ ia+++t s++l+ ++L  ++
  tr|A0A7L2CV68|A0A7L2CV68_CATFU 47 ENVNQCVLEMMIAAPDTLSVTLF-FMLILIA 76
                                    789*******************5.7776655 PP

>> tr|A0A7K9PP73|A0A7K9PP73_9CORV  CP19A Aromatase (Fragment) OS=Pachycephala philippinensis OX=449367 GN=Cyp19a1 PE=3 S
   #    score  bias  c-Evalue  i-Evalue hmmfrom  hmm to    alifrom  ali to    envfrom  env to     acc
 ---   ------ ----- --------- --------- ------- -------    ------- -------    ------- -------    ----
   1 !   26.0   0.6     2e-07   0.00016       2      32 ..      47      76 ..      46      77 .. 0.86

  Alignments for each domain:
  == domain 1  score: 26.0 bits;  conditional E-value: 2e-07
              Round3_FinalIHelix  2 keaeglalllfiagletisnsllsslLfyll 32
                                    +++++++l++ ia+++t s++l+ ++L  ++
  tr|A0A7K9PP73|A0A7K9PP73_9CORV 47 ENVNQCVLEMMIAAPDTLSVTLF-FMLILIA 76
                                    789*******************5.7776655 PP

>> tr|A0A9P0A9C8|A0A9P0A9C8_BEMTA  Cytochrome P450 OS=Bemisia tabaci OX=7038 GN=BEMITA_LOCUS5885 PE=3 SV=1
   #    score  bias  c-Evalue  i-Evalue hmmfrom  hmm to    alifrom  ali to    envfrom  env to     acc
 ---   ------ ----- --------- --------- ------- -------    ------- -------    ------- -------    ----
   1 !   25.6   0.5   2.7e-07   0.00021       4      32 ..     334     361 ..     332     362 .. 0.93

  Alignments for each domain:
  == domain 1  score: 25.6 bits;  conditional E-value: 2.7e-07
              Round3_FinalIHelix   4 aeglalllfiagletisnsllsslLfyll 32 
                                     a+ lal+l+++g++tis+++ +s+L++l+
  tr|A0A9P0A9C8|A0A9P0A9C8_BEMTA 334 AYVLALDLILVGIDTISMAV-CSMLYQLA 361
                                     689*****************.9*****98 PP

>> tr|A0A7K5HEV1|A0A7K5HEV1_CROSL  CP19A Aromatase (Fragment) OS=Crotophaga sulcirostris OX=33598 GN=Cyp19a1_0 PE=3 SV=1
   #    score  bias  c-Evalue  i-Evalue hmmfrom  hmm to    alifrom  ali to    envfrom  env to     acc
 ---   ------ ----- --------- --------- ------- -------    ------- -------    ------- -------    ----
   1 !   26.0   0.6     2e-07   0.00016       2      32 ..      47      76 ..      46      77 .. 0.86

  Alignments for each domain:
  == domain 1  score: 26.0 bits;  conditional E-value: 2e-07
              Round3_FinalIHelix  2 keaeglalllfiagletisnsllsslLfyll 32
                                    +++++++l++ ia+++t s++l+ ++L  ++
  tr|A0A7K5HEV1|A0A7K5HEV1_CROSL 47 ENVNQCVLEMMIAAPDTLSVTLF-FMLILIA 76
                                    789*******************5.7776655 PP

>> tr|A0A7K7S7F7|A0A7K7S7F7_9PASS  CP19A Aromatase (Fragment) OS=Nesospiza acunhae OX=381881 GN=Cyp19a1_0 PE=3 SV=1
   #    score  bias  c-Evalue  i-Evalue hmmfrom  hmm to    alifrom  ali to    envfrom  env to     acc
 ---   ------ ----- --------- --------- ------- -------    ------- -------    ------- -------    ----
   1 !   26.0   0.6     2e-07   0.00016       2      32 ..      47      76 ..      46      77 .. 0.86

  Alignments for each domain:
  == domain 1  score: 26.0 bits;  conditional E-value: 2e-07
              Round3_FinalIHelix  2 keaeglalllfiagletisnsllsslLfyll 32
                                    +++++++l++ ia+++t s++l+ ++L  ++
  tr|A0A7K7S7F7|A0A7K7S7F7_9PASS 47 ENVNQCVLEMMIAAPDTLSVTLF-FMLILIA 76
                                    789*******************5.7776655 PP

>> tr|A0A7K9CNV6|A0A7K9CNV6_9PICI  CP19A Aromatase (Fragment) OS=Psilopogon haemacephalus OX=2585815 GN=Cyp19a1_0 PE=3 S
   #    score  bias  c-Evalue  i-Evalue hmmfrom  hmm to    alifrom  ali to    envfrom  env to     acc
 ---   ------ ----- --------- --------- ------- -------    ------- -------    ------- -------    ----
   1 !   26.0   0.6     2e-07   0.00016       2      32 ..      47      76 ..      46      77 .. 0.86

  Alignments for each domain:
  == domain 1  score: 26.0 bits;  conditional E-value: 2e-07
              Round3_FinalIHelix  2 keaeglalllfiagletisnsllsslLfyll 32
                                    +++++++l++ ia+++t s++l+ ++L  ++
  tr|A0A7K9CNV6|A0A7K9CNV6_9PICI 47 ENVNQCVLEMMIAAPDTLSVTLF-FMLILIA 76
                                    789*******************5.7776655 PP

>> tr|A0A7L3A6Z4|A0A7L3A6Z4_9PASE  CP19A Aromatase (Fragment) OS=Prunella fulvescens OX=670355 GN=Cyp19a1_0 PE=3 SV=1
   #    score  bias  c-Evalue  i-Evalue hmmfrom  hmm to    alifrom  ali to    envfrom  env to     acc
 ---   ------ ----- --------- --------- ------- -------    ------- -------    ------- -------    ----
   1 !   26.0   0.6     2e-07   0.00016       2      32 ..      47      76 ..      46      77 .. 0.86

  Alignments for each domain:
  == domain 1  score: 26.0 bits;  conditional E-value: 2e-07
              Round3_FinalIHelix  2 keaeglalllfiagletisnsllsslLfyll 32
                                    +++++++l++ ia+++t s++l+ ++L  ++
  tr|A0A7L3A6Z4|A0A7L3A6Z4_9PASE 47 ENVNQCVLEMMIAAPDTLSVTLF-FMLILIA 76
                                    789*******************5.7776655 PP

>> tr|A0A914SW07|A0A914SW07_9BILA  Uncharacterized protein OS=Panagrolaimus sp. PS1159 OX=55785 PE=3 SV=1
   #    score  bias  c-Evalue  i-Evalue hmmfrom  hmm to    alifrom  ali to    envfrom  env to     acc
 ---   ------ ----- --------- --------- ------- -------    ------- -------    ------- -------    ----
   1 !   25.5   0.1     3e-07   0.00024       3      31 ..     161     188 ..     159     190 .. 0.89

  Alignments for each domain:
  == domain 1  score: 25.5 bits;  conditional E-value: 3e-07
              Round3_FinalIHelix   3 eaeglalllfiagletisnsllsslLfyl 31 
                                     ++++ +l+l+iag+et+sn+l  ++++yl
  tr|A0A914SW07|A0A914SW07_9BILA 161 NLYATVLDLWIAGQETTSNTL-AWVCAYL 188
                                     667889***************.6*****9 PP

>> tr|Q8JG51|Q8JG51_PLEWA  aromatase OS=Pleurodeles waltl OX=8319 PE=2 SV=1
   #    score  bias  c-Evalue  i-Evalue hmmfrom  hmm to    alifrom  ali to    envfrom  env to     acc
 ---   ------ ----- --------- --------- ------- -------    ------- -------    ------- -------    ----
   1 !   26.8   0.5   1.1e-07   8.8e-05       3      32 ..     301     329 ..     299     330 .. 0.91

  Alignments for each domain:
  == domain 1  score: 26.8 bits;  conditional E-value: 1.1e-07
      Round3_FinalIHelix   3 eaeglalllfiagletisnsllsslLfyll 32 
                             ++++++l+++ia+++t+s+sl+ ++L+ ++
  tr|Q8JG51|Q8JG51_PLEWA 301 NVNQCILEMLIAAPDTMSVSLY-FMLMLIA 329
                             789******************9.9999876 PP

>> tr|A0A7L1I799|A0A7L1I799_9CHAR  CP19A Aromatase (Fragment) OS=Nycticryphes semicollaris OX=227226 GN=Cyp19a1_0 PE=3 S
   #    score  bias  c-Evalue  i-Evalue hmmfrom  hmm to    alifrom  ali to    envfrom  env to     acc
 ---   ------ ----- --------- --------- ------- -------    ------- -------    ------- -------    ----
   1 !   26.0   0.6     2e-07   0.00016       2      32 ..      47      76 ..      46      77 .. 0.86

  Alignments for each domain:
  == domain 1  score: 26.0 bits;  conditional E-value: 2e-07
              Round3_FinalIHelix  2 keaeglalllfiagletisnsllsslLfyll 32
                                    +++++++l++ ia+++t s++l+ ++L  ++
  tr|A0A7L1I799|A0A7L1I799_9CHAR 47 ENVNQCVLEMMIAAPDTLSVTLF-FMLILIA 76
                                    789*******************5.7776655 PP

>> tr|A0A7K9V0N2|A0A7K9V0N2_ANSSE  CP19A Aromatase (Fragment) OS=Anseranas semipalmata OX=8851 GN=Cyp19a1_0 PE=3 SV=1
   #    score  bias  c-Evalue  i-Evalue hmmfrom  hmm to    alifrom  ali to    envfrom  env to     acc
 ---   ------ ----- --------- --------- ------- -------    ------- -------    ------- -------    ----
   1 !   26.0   0.6     2e-07   0.00016       2      32 ..      47      76 ..      46      77 .. 0.86

  Alignments for each domain:
  == domain 1  score: 26.0 bits;  conditional E-value: 2e-07
              Round3_FinalIHelix  2 keaeglalllfiagletisnsllsslLfyll 32
                                    +++++++l++ ia+++t s++l+ ++L  ++
  tr|A0A7K9V0N2|A0A7K9V0N2_ANSSE 47 ENVNQCVLEMMIAAPDTLSVTLF-FMLILIA 76
                                    789*******************5.7776655 PP

>> tr|A0A7L1KVQ1|A0A7L1KVQ1_HIMHI  CP19A Aromatase (Fragment) OS=Himantopus himantopus OX=225398 GN=Cyp19a1_0 PE=3 SV=1
   #    score  bias  c-Evalue  i-Evalue hmmfrom  hmm to    alifrom  ali to    envfrom  env to     acc
 ---   ------ ----- --------- --------- ------- -------    ------- -------    ------- -------    ----
   1 !   26.0   0.6     2e-07   0.00016       2      32 ..      47      76 ..      46      77 .. 0.86

  Alignments for each domain:
  == domain 1  score: 26.0 bits;  conditional E-value: 2e-07
              Round3_FinalIHelix  2 keaeglalllfiagletisnsllsslLfyll 32
                                    +++++++l++ ia+++t s++l+ ++L  ++
  tr|A0A7L1KVQ1|A0A7L1KVQ1_HIMHI 47 ENVNQCVLEMMIAAPDTLSVTLF-FMLILIA 76
                                    789*******************5.7776655 PP

>> tr|A0A851YX12|A0A851YX12_9AVES  CP19A Aromatase (Fragment) OS=Halcyon senegalensis OX=342381 GN=Cyp19a1_0 PE=3 SV=1
   #    score  bias  c-Evalue  i-Evalue hmmfrom  hmm to    alifrom  ali to    envfrom  env to     acc
 ---   ------ ----- --------- --------- ------- -------    ------- -------    ------- -------    ----
   1 !   26.0   0.6     2e-07   0.00016       2      32 ..      47      76 ..      46      77 .. 0.86

  Alignments for each domain:
  == domain 1  score: 26.0 bits;  conditional E-value: 2e-07
              Round3_FinalIHelix  2 keaeglalllfiagletisnsllsslLfyll 32
                                    +++++++l++ ia+++t s++l+ ++L  ++
  tr|A0A851YX12|A0A851YX12_9AVES 47 ENVNQCVLEMMIAAPDTLSVTLF-FMLILIA 76
                                    789*******************5.7776655 PP

>> tr|A0A7K6U4Q7|A0A7K6U4Q7_9AVES  CP19A Aromatase (Fragment) OS=Aegotheles bennettii OX=48278 GN=Cyp19a1_0 PE=3 SV=1
   #    score  bias  c-Evalue  i-Evalue hmmfrom  hmm to    alifrom  ali to    envfrom  env to     acc
 ---   ------ ----- --------- --------- ------- -------    ------- -------    ------- -------    ----
   1 !   26.0   0.6     2e-07   0.00016       2      32 ..      47      76 ..      46      77 .. 0.86

  Alignments for each domain:
  == domain 1  score: 26.0 bits;  conditional E-value: 2e-07
              Round3_FinalIHelix  2 keaeglalllfiagletisnsllsslLfyll 32
                                    +++++++l++ ia+++t s++l+ ++L  ++
  tr|A0A7K6U4Q7|A0A7K6U4Q7_9AVES 47 ENVNQCVLEMMIAAPDTLSVTLF-FMLILIA 76
                                    789*******************5.7776655 PP

>> tr|A0A7K7JA57|A0A7K7JA57_LOXCU  CP19A Aromatase (Fragment) OS=Loxia curvirostra OX=64802 GN=Cyp19a1_0 PE=3 SV=1
   #    score  bias  c-Evalue  i-Evalue hmmfrom  hmm to    alifrom  ali to    envfrom  env to     acc
 ---   ------ ----- --------- --------- ------- -------    ------- -------    ------- -------    ----
   1 !   26.0   0.6     2e-07   0.00016       2      32 ..      47      76 ..      46      77 .. 0.86

  Alignments for each domain:
  == domain 1  score: 26.0 bits;  conditional E-value: 2e-07
              Round3_FinalIHelix  2 keaeglalllfiagletisnsllsslLfyll 32
                                    +++++++l++ ia+++t s++l+ ++L  ++
  tr|A0A7K7JA57|A0A7K7JA57_LOXCU 47 ENVNQCVLEMMIAAPDTLSVTLF-FMLILIA 76
                                    789*******************5.7776655 PP

>> tr|A0A2Z4SWU2|A0A2Z4SWU2_ACISI  aromatase (Fragment) OS=Acipenser sinensis OX=61970 GN=CYP19A1 PE=2 SV=1
   #    score  bias  c-Evalue  i-Evalue hmmfrom  hmm to    alifrom  ali to    envfrom  env to     acc
 ---   ------ ----- --------- --------- ------- -------    ------- -------    ------- -------    ----
   1 !   25.7   0.2   2.6e-07   0.00021       3      32 ..       9      37 ..       7      38 .. 0.91

  Alignments for each domain:
  == domain 1  score: 25.7 bits;  conditional E-value: 2.6e-07
              Round3_FinalIHelix  3 eaeglalllfiagletisnsllsslLfyll 32
                                    ++++++l+++ia+++t+s++l + +L+ ++
  tr|A0A2Z4SWU2|A0A2Z4SWU2_ACISI  9 NVKQCVLEMLIAAPDTMSVTL-FYMLMLIA 37
                                    789******************.69999876 PP

>> tr|A0A851FZZ1|A0A851FZZ1_PITSO  CP19A Aromatase (Fragment) OS=Pitta sordida OX=9163 GN=Cyp19a1 PE=3 SV=1
   #    score  bias  c-Evalue  i-Evalue hmmfrom  hmm to    alifrom  ali to    envfrom  env to     acc
 ---   ------ ----- --------- --------- ------- -------    ------- -------    ------- -------    ----
   1 !   26.0   0.6     2e-07   0.00016       2      32 ..      47      76 ..      46      77 .. 0.86

  Alignments for each domain:
  == domain 1  score: 26.0 bits;  conditional E-value: 2e-07
              Round3_FinalIHelix  2 keaeglalllfiagletisnsllsslLfyll 32
                                    +++++++l++ ia+++t s++l+ ++L  ++
  tr|A0A851FZZ1|A0A851FZZ1_PITSO 47 ENVNQCVLEMMIAAPDTLSVTLF-FMLILIA 76
                                    789*******************5.7776655 PP

>> tr|A0A8C6RU85|A0A8C6RU85_NANGA  Aromatase OS=Nannospalax galili OX=1026970 GN=LOC103731396 PE=3 SV=1
   #    score  bias  c-Evalue  i-Evalue hmmfrom  hmm to    alifrom  ali to    envfrom  env to     acc
 ---   ------ ----- --------- --------- ------- -------    ------- -------    ------- -------    ----
   1 !   26.8   0.2   1.1e-07   8.8e-05       2      32 ..     294     323 ..     292     324 .. 0.84

  Alignments for each domain:
  == domain 1  score: 26.8 bits;  conditional E-value: 1.1e-07
              Round3_FinalIHelix   2 keaeglalllfiagletisnsllsslLfyll 32 
                                     +++++++l+++ia+++t+s++++ ++L+ ++
  tr|A0A8C6RU85|A0A8C6RU85_NANGA 294 ENVNQCILEMLIAAPDTMSVTVY-FMLLLVA 323
                                     577*******************9.6666554 PP

>> tr|A0A8C6GBW7|A0A8C6GBW7_MUSSI  Aromatase OS=Mus spicilegus OX=10103 PE=3 SV=1
   #    score  bias  c-Evalue  i-Evalue hmmfrom  hmm to    alifrom  ali to    envfrom  env to     acc
 ---   ------ ----- --------- --------- ------- -------    ------- -------    ------- -------    ----
   1 !   26.8   0.2   1.1e-07   8.8e-05       2      32 ..     294     323 ..     292     324 .. 0.84

  Alignments for each domain:
  == domain 1  score: 26.8 bits;  conditional E-value: 1.1e-07
              Round3_FinalIHelix   2 keaeglalllfiagletisnsllsslLfyll 32 
                                     +++++++l+++ia+++t+s++++ ++L+ ++
  tr|A0A8C6GBW7|A0A8C6GBW7_MUSSI 294 ENVNQCILEMLIAAPDTMSVTVY-FMLLLVA 323
                                     577*******************9.6666554 PP

>> tr|A0A7K5LZX7|A0A7K5LZX7_CARCD  CP19A Aromatase (Fragment) OS=Cardinalis cardinalis OX=98964 GN=Cyp19a1_0 PE=3 SV=1
   #    score  bias  c-Evalue  i-Evalue hmmfrom  hmm to    alifrom  ali to    envfrom  env to     acc
 ---   ------ ----- --------- --------- ------- -------    ------- -------    ------- -------    ----
   1 !   26.0   0.6     2e-07   0.00016       2      32 ..      47      76 ..      46      77 .. 0.86

  Alignments for each domain:
  == domain 1  score: 26.0 bits;  conditional E-value: 2e-07
              Round3_FinalIHelix  2 keaeglalllfiagletisnsllsslLfyll 32
                                    +++++++l++ ia+++t s++l+ ++L  ++
  tr|A0A7K5LZX7|A0A7K5LZX7_CARCD 47 ENVNQCVLEMMIAAPDTLSVTLF-FMLILIA 76
                                    789*******************5.7776655 PP

>> tr|A0A852D3I8|A0A852D3I8_PASAF  CP19A Aromatase (Fragment) OS=Passerina amoena OX=142471 GN=Cyp19a1_0 PE=3 SV=1
   #    score  bias  c-Evalue  i-Evalue hmmfrom  hmm to    alifrom  ali to    envfrom  env to     acc
 ---   ------ ----- --------- --------- ------- -------    ------- -------    ------- -------    ----
   1 !   26.0   0.6     2e-07   0.00016       2      32 ..      47      76 ..      46      77 .. 0.86

  Alignments for each domain:
  == domain 1  score: 26.0 bits;  conditional E-value: 2e-07
              Round3_FinalIHelix  2 keaeglalllfiagletisnsllsslLfyll 32
                                    +++++++l++ ia+++t s++l+ ++L  ++
  tr|A0A852D3I8|A0A852D3I8_PASAF 47 ENVNQCVLEMMIAAPDTLSVTLF-FMLILIA 76
                                    789*******************5.7776655 PP

>> tr|A0A7K6F8Q6|A0A7K6F8Q6_9CORV  CP19A Aromatase (Fragment) OS=Daphoenositta chrysoptera OX=254528 GN=Cyp19a1_0 PE=3 S
   #    score  bias  c-Evalue  i-Evalue hmmfrom  hmm to    alifrom  ali to    envfrom  env to     acc
 ---   ------ ----- --------- --------- ------- -------    ------- -------    ------- -------    ----
   1 !   26.0   0.6     2e-07   0.00016       2      32 ..      47      76 ..      46      77 .. 0.86

  Alignments for each domain:
  == domain 1  score: 26.0 bits;  conditional E-value: 2e-07
              Round3_FinalIHelix  2 keaeglalllfiagletisnsllsslLfyll 32
                                    +++++++l++ ia+++t s++l+ ++L  ++
  tr|A0A7K6F8Q6|A0A7K6F8Q6_9CORV 47 ENVNQCVLEMMIAAPDTLSVTLF-FMLILIA 76
                                    789*******************5.7776655 PP

>> tr|A0A7K5C5C4|A0A7K5C5C4_MOTAL  CP19A Aromatase (Fragment) OS=Motacilla alba OX=45807 GN=Cyp19a1_0 PE=3 SV=1
   #    score  bias  c-Evalue  i-Evalue hmmfrom  hmm to    alifrom  ali to    envfrom  env to     acc
 ---   ------ ----- --------- --------- ------- -------    ------- -------    ------- -------    ----
   1 !   26.0   0.6     2e-07   0.00016       2      32 ..      47      76 ..      46      77 .. 0.86

  Alignments for each domain:
  == domain 1  score: 26.0 bits;  conditional E-value: 2e-07
              Round3_FinalIHelix  2 keaeglalllfiagletisnsllsslLfyll 32
                                    +++++++l++ ia+++t s++l+ ++L  ++
  tr|A0A7K5C5C4|A0A7K5C5C4_MOTAL 47 ENVNQCVLEMMIAAPDTLSVTLF-FMLILIA 76
                                    789*******************5.7776655 PP

>> tr|A0A7K7DDH2|A0A7K7DDH2_PHEME  CP19A Aromatase (Fragment) OS=Pheucticus melanocephalus OX=371919 GN=Cyp19a1_0 PE=3 S
   #    score  bias  c-Evalue  i-Evalue hmmfrom  hmm to    alifrom  ali to    envfrom  env to     acc
 ---   ------ ----- --------- --------- ------- -------    ------- -------    ------- -------    ----
   1 !   26.0   0.6     2e-07   0.00016       2      32 ..      47      76 ..      46      77 .. 0.86

  Alignments for each domain:
  == domain 1  score: 26.0 bits;  conditional E-value: 2e-07
              Round3_FinalIHelix  2 keaeglalllfiagletisnsllsslLfyll 32
                                    +++++++l++ ia+++t s++l+ ++L  ++
  tr|A0A7K7DDH2|A0A7K7DDH2_PHEME 47 ENVNQCVLEMMIAAPDTLSVTLF-FMLILIA 76
                                    789*******************5.7776655 PP

>> tr|A0A7K8RLA5|A0A7K8RLA5_9PASS  CP19A Aromatase (Fragment) OS=Rhodinocichla rosea OX=58203 GN=Cyp19a1_0 PE=3 SV=1
   #    score  bias  c-Evalue  i-Evalue hmmfrom  hmm to    alifrom  ali to    envfrom  env to     acc
 ---   ------ ----- --------- --------- ------- -------    ------- -------    ------- -------    ----
   1 !   26.0   0.6     2e-07   0.00016       2      32 ..      47      76 ..      46      77 .. 0.86

  Alignments for each domain:
  == domain 1  score: 26.0 bits;  conditional E-value: 2e-07
              Round3_FinalIHelix  2 keaeglalllfiagletisnsllsslLfyll 32
                                    +++++++l++ ia+++t s++l+ ++L  ++
  tr|A0A7K8RLA5|A0A7K8RLA5_9PASS 47 ENVNQCVLEMMIAAPDTLSVTLF-FMLILIA 76
                                    789*******************5.7776655 PP

>> tr|A0A852K017|A0A852K017_SPIPA  CP19A Aromatase (Fragment) OS=Spizella passerina OX=40210 GN=Cyp19a1 PE=3 SV=1
   #    score  bias  c-Evalue  i-Evalue hmmfrom  hmm to    alifrom  ali to    envfrom  env to     acc
 ---   ------ ----- --------- --------- ------- -------    ------- -------    ------- -------    ----
   1 !   26.0   0.6     2e-07   0.00016       2      32 ..      47      76 ..      46      77 .. 0.86

  Alignments for each domain:
  == domain 1  score: 26.0 bits;  conditional E-value: 2e-07
              Round3_FinalIHelix  2 keaeglalllfiagletisnsllsslLfyll 32
                                    +++++++l++ ia+++t s++l+ ++L  ++
  tr|A0A852K017|A0A852K017_SPIPA 47 ENVNQCVLEMMIAAPDTLSVTLF-FMLILIA 76
                                    789*******************5.7776655 PP

>> tr|A0A851W874|A0A851W874_CORMO  CP19A Aromatase (Fragment) OS=Corvus moneduloides OX=1196302 GN=Cyp19a1_0 PE=3 SV=1
   #    score  bias  c-Evalue  i-Evalue hmmfrom  hmm to    alifrom  ali to    envfrom  env to     acc
 ---   ------ ----- --------- --------- ------- -------    ------- -------    ------- -------    ----
   1 !   26.0   0.6     2e-07   0.00016       2      32 ..      47      76 ..      46      77 .. 0.86

  Alignments for each domain:
  == domain 1  score: 26.0 bits;  conditional E-value: 2e-07
              Round3_FinalIHelix  2 keaeglalllfiagletisnsllsslLfyll 32
                                    +++++++l++ ia+++t s++l+ ++L  ++
  tr|A0A851W874|A0A851W874_CORMO 47 ENVNQCVLEMMIAAPDTLSVTLF-FMLILIA 76
                                    789*******************5.7776655 PP

>> tr|A0A7L0WNI0|A0A7L0WNI0_ALELA  CP19A Aromatase (Fragment) OS=Alectura lathami OX=81907 GN=Cyp19a1_0 PE=3 SV=1
   #    score  bias  c-Evalue  i-Evalue hmmfrom  hmm to    alifrom  ali to    envfrom  env to     acc
 ---   ------ ----- --------- --------- ------- -------    ------- -------    ------- -------    ----
   1 !   26.0   0.6     2e-07   0.00016       2      32 ..      47      76 ..      46      77 .. 0.86

  Alignments for each domain:
  == domain 1  score: 26.0 bits;  conditional E-value: 2e-07
              Round3_FinalIHelix  2 keaeglalllfiagletisnsllsslLfyll 32
                                    +++++++l++ ia+++t s++l+ ++L  ++
  tr|A0A7L0WNI0|A0A7L0WNI0_ALELA 47 ENVNQCVLEMMIAAPDTLSVTLF-FMLILIA 76
                                    789*******************5.7776655 PP

>> tr|A0A7L1J3T4|A0A7L1J3T4_SMUAF  CP19A Aromatase (Fragment) OS=Smutsornis africanus OX=240209 GN=Cyp19a1_0 PE=3 SV=1
   #    score  bias  c-Evalue  i-Evalue hmmfrom  hmm to    alifrom  ali to    envfrom  env to     acc
 ---   ------ ----- --------- --------- ------- -------    ------- -------    ------- -------    ----
   1 !   26.0   0.6     2e-07   0.00016       2      32 ..      47      76 ..      46      77 .. 0.86

  Alignments for each domain:
  == domain 1  score: 26.0 bits;  conditional E-value: 2e-07
              Round3_FinalIHelix  2 keaeglalllfiagletisnsllsslLfyll 32
                                    +++++++l++ ia+++t s++l+ ++L  ++
  tr|A0A7L1J3T4|A0A7L1J3T4_SMUAF 47 ENVNQCVLEMMIAAPDTLSVTLF-FMLILIA 76
                                    789*******************5.7776655 PP

>> tr|A0A7K5NQ61|A0A7K5NQ61_CHRMC  CP19A Aromatase (Fragment) OS=Chroicocephalus maculipennis OX=287016 GN=Cyp19a1_0 PE=
   #    score  bias  c-Evalue  i-Evalue hmmfrom  hmm to    alifrom  ali to    envfrom  env to     acc
 ---   ------ ----- --------- --------- ------- -------    ------- -------    ------- -------    ----
   1 !   26.0   0.6     2e-07   0.00016       2      32 ..      47      76 ..      46      77 .. 0.86

  Alignments for each domain:
  == domain 1  score: 26.0 bits;  conditional E-value: 2e-07
              Round3_FinalIHelix  2 keaeglalllfiagletisnsllsslLfyll 32
                                    +++++++l++ ia+++t s++l+ ++L  ++
  tr|A0A7K5NQ61|A0A7K5NQ61_CHRMC 47 ENVNQCVLEMMIAAPDTLSVTLF-FMLILIA 76
                                    789*******************5.7776655 PP

>> tr|A0A7K9FA20|A0A7K9FA20_STEPR  CP19A Aromatase (Fragment) OS=Stercorarius parasiticus OX=54059 GN=Cyp19a1_0 PE=3 SV=
   #    score  bias  c-Evalue  i-Evalue hmmfrom  hmm to    alifrom  ali to    envfrom  env to     acc
 ---   ------ ----- --------- --------- ------- -------    ------- -------    ------- -------    ----
   1 !   26.0   0.6     2e-07   0.00016       2      32 ..      47      76 ..      46      77 .. 0.86

  Alignments for each domain:
  == domain 1  score: 26.0 bits;  conditional E-value: 2e-07
              Round3_FinalIHelix  2 keaeglalllfiagletisnsllsslLfyll 32
                                    +++++++l++ ia+++t s++l+ ++L  ++
  tr|A0A7K9FA20|A0A7K9FA20_STEPR 47 ENVNQCVLEMMIAAPDTLSVTLF-FMLILIA 76
                                    789*******************5.7776655 PP

>> tr|A0A7L3SKJ8|A0A7L3SKJ8_RISTR  CP19A Aromatase (Fragment) OS=Rissa tridactyla OX=75485 GN=Cyp19a1_0 PE=3 SV=1
   #    score  bias  c-Evalue  i-Evalue hmmfrom  hmm to    alifrom  ali to    envfrom  env to     acc
 ---   ------ ----- --------- --------- ------- -------    ------- -------    ------- -------    ----
   1 !   26.0   0.6     2e-07   0.00016       2      32 ..      47      76 ..      46      77 .. 0.86

  Alignments for each domain:
  == domain 1  score: 26.0 bits;  conditional E-value: 2e-07
              Round3_FinalIHelix  2 keaeglalllfiagletisnsllsslLfyll 32
                                    +++++++l++ ia+++t s++l+ ++L  ++
  tr|A0A7L3SKJ8|A0A7L3SKJ8_RISTR 47 ENVNQCVLEMMIAAPDTLSVTLF-FMLILIA 76
                                    789*******************5.7776655 PP

>> tr|A0A7L3U8M9|A0A7L3U8M9_URIAL  CP19A Aromatase (Fragment) OS=Uria aalge OX=13746 GN=Cyp19a1_0 PE=3 SV=1
   #    score  bias  c-Evalue  i-Evalue hmmfrom  hmm to    alifrom  ali to    envfrom  env to     acc
 ---   ------ ----- --------- --------- ------- -------    ------- -------    ------- -------    ----
   1 !   26.0   0.6     2e-07   0.00016       2      32 ..      47      76 ..      46      77 .. 0.86

  Alignments for each domain:
  == domain 1  score: 26.0 bits;  conditional E-value: 2e-07
              Round3_FinalIHelix  2 keaeglalllfiagletisnsllsslLfyll 32
                                    +++++++l++ ia+++t s++l+ ++L  ++
  tr|A0A7L3U8M9|A0A7L3U8M9_URIAL 47 ENVNQCVLEMMIAAPDTLSVTLF-FMLILIA 76
                                    789*******************5.7776655 PP

>> tr|A0A7L4B514|A0A7L4B514_9CHAR  CP19A Aromatase (Fragment) OS=Phaetusa simplex OX=297813 GN=Cyp19a1_0 PE=3 SV=1
   #    score  bias  c-Evalue  i-Evalue hmmfrom  hmm to    alifrom  ali to    envfrom  env to     acc
 ---   ------ ----- --------- --------- ------- -------    ------- -------    ------- -------    ----
   1 !   26.0   0.6     2e-07   0.00016       2      32 ..      47      76 ..      46      77 .. 0.86

  Alignments for each domain:
  == domain 1  score: 26.0 bits;  conditional E-value: 2e-07
              Round3_FinalIHelix  2 keaeglalllfiagletisnsllsslLfyll 32
                                    +++++++l++ ia+++t s++l+ ++L  ++
  tr|A0A7L4B514|A0A7L4B514_9CHAR 47 ENVNQCVLEMMIAAPDTLSVTLF-FMLILIA 76
                                    789*******************5.7776655 PP

>> tr|A0A7L4LQ06|A0A7L4LQ06_GLAPT  CP19A Aromatase (Fragment) OS=Glareola pratincola OX=43316 GN=Cyp19a1_0 PE=3 SV=1
   #    score  bias  c-Evalue  i-Evalue hmmfrom  hmm to    alifrom  ali to    envfrom  env to     acc
 ---   ------ ----- --------- --------- ------- -------    ------- -------    ------- -------    ----
   1 !   26.0   0.6     2e-07   0.00016       2      32 ..      47      76 ..      46      77 .. 0.86

  Alignments for each domain:
  == domain 1  score: 26.0 bits;  conditional E-value: 2e-07
              Round3_FinalIHelix  2 keaeglalllfiagletisnsllsslLfyll 32
                                    +++++++l++ ia+++t s++l+ ++L  ++
  tr|A0A7L4LQ06|A0A7L4LQ06_GLAPT 47 ENVNQCVLEMMIAAPDTLSVTLF-FMLILIA 76
                                    789*******************5.7776655 PP

>> tr|A0A852HEQ6|A0A852HEQ6_9CHAR  CP19A Aromatase (Fragment) OS=Larus smithsonianus OX=243888 GN=Cyp19a1_1 PE=3 SV=1
   #    score  bias  c-Evalue  i-Evalue hmmfrom  hmm to    alifrom  ali to    envfrom  env to     acc
 ---   ------ ----- --------- --------- ------- -------    ------- -------    ------- -------    ----
   1 !   26.0   0.6     2e-07   0.00016       2      32 ..      47      76 ..      46      77 .. 0.86

  Alignments for each domain:
  == domain 1  score: 26.0 bits;  conditional E-value: 2e-07
              Round3_FinalIHelix  2 keaeglalllfiagletisnsllsslLfyll 32
                                    +++++++l++ ia+++t s++l+ ++L  ++
  tr|A0A852HEQ6|A0A852HEQ6_9CHAR 47 ENVNQCVLEMMIAAPDTLSVTLF-FMLILIA 76
                                    789*******************5.7776655 PP

>> tr|A0A7K6Y8H6|A0A7K6Y8H6_ALCTO  CP19A Aromatase (Fragment) OS=Alca torda OX=28689 GN=Cyp19a1_0 PE=3 SV=1
   #    score  bias  c-Evalue  i-Evalue hmmfrom  hmm to    alifrom  ali to    envfrom  env to     acc
 ---   ------ ----- --------- --------- ------- -------    ------- -------    ------- -------    ----
   1 !   26.0   0.6     2e-07   0.00016       2      32 ..      47      76 ..      46      77 .. 0.86

  Alignments for each domain:
  == domain 1  score: 26.0 bits;  conditional E-value: 2e-07
              Round3_FinalIHelix  2 keaeglalllfiagletisnsllsslLfyll 32
                                    +++++++l++ ia+++t s++l+ ++L  ++
  tr|A0A7K6Y8H6|A0A7K6Y8H6_ALCTO 47 ENVNQCVLEMMIAAPDTLSVTLF-FMLILIA 76
                                    789*******************5.7776655 PP

>> tr|A0A7L1JXZ0|A0A7L1JXZ0_RYNNI  CP19A Aromatase (Fragment) OS=Rynchops niger OX=227184 GN=Cyp19a1_0 PE=3 SV=1
   #    score  bias  c-Evalue  i-Evalue hmmfrom  hmm to    alifrom  ali to    envfrom  env to     acc
 ---   ------ ----- --------- --------- ------- -------    ------- -------    ------- -------    ----
   1 !   26.0   0.6     2e-07   0.00016       2      32 ..      47      76 ..      46      77 .. 0.86

  Alignments for each domain:
  == domain 1  score: 26.0 bits;  conditional E-value: 2e-07
              Round3_FinalIHelix  2 keaeglalllfiagletisnsllsslLfyll 32
                                    +++++++l++ ia+++t s++l+ ++L  ++
  tr|A0A7L1JXZ0|A0A7L1JXZ0_RYNNI 47 ENVNQCVLEMMIAAPDTLSVTLF-FMLILIA 76
                                    789*******************5.7776655 PP

>> tr|A0A851V8A1|A0A851V8A1_9PASS  CP19A Aromatase (Fragment) OS=Copsychus sechellarum OX=797021 GN=Cyp19a1_0 PE=3 SV=1
   #    score  bias  c-Evalue  i-Evalue hmmfrom  hmm to    alifrom  ali to    envfrom  env to     acc
 ---   ------ ----- --------- --------- ------- -------    ------- -------    ------- -------    ----
   1 !   26.0   0.6     2e-07   0.00016       2      32 ..      47      76 ..      46      77 .. 0.86

  Alignments for each domain:
  == domain 1  score: 26.0 bits;  conditional E-value: 2e-07
              Round3_FinalIHelix  2 keaeglalllfiagletisnsllsslLfyll 32
                                    +++++++l++ ia+++t s++l+ ++L  ++
  tr|A0A851V8A1|A0A851V8A1_9PASS 47 ENVNQCVLEMMIAAPDTLSVTLF-FMLILIA 76
                                    789*******************5.7776655 PP

>> tr|A0A099YRC7|A0A099YRC7_TINGU  Cytochrome P450 2J6 (Fragment) OS=Tinamus guttatus OX=94827 GN=N309_14674 PE=3 SV=1
   #    score  bias  c-Evalue  i-Evalue hmmfrom  hmm to    alifrom  ali to    envfrom  env to     acc
 ---   ------ ----- --------- --------- ------- -------    ------- -------    ------- -------    ----
   1 !   26.5   0.3   1.5e-07   0.00012       2      32 ..       8      38 .]       7      38 .] 0.88

  Alignments for each domain:
  == domain 1  score: 26.5 bits;  conditional E-value: 1.5e-07
              Round3_FinalIHelix  2 keaeglalllfiagletisnsllsslLfyll 32
                                    +++ +++l+lf+ag et+s +l  +lL++++
  tr|A0A099YRC7|A0A099YRC7_TINGU  8 ENLVACVLDLFFAGTETTSTTLRWALLYMAA 38
                                    6789******************878888775 PP

>> tr|A0A7L2BFM6|A0A7L2BFM6_9GRUI  CP19A Aromatase (Fragment) OS=Heliornis fulica OX=54369 GN=Cyp19a1_0 PE=3 SV=1
   #    score  bias  c-Evalue  i-Evalue hmmfrom  hmm to    alifrom  ali to    envfrom  env to     acc
 ---   ------ ----- --------- --------- ------- -------    ------- -------    ------- -------    ----
   1 !   26.0   0.6     2e-07   0.00016       2      32 ..      47      76 ..      46      77 .. 0.86

  Alignments for each domain:
  == domain 1  score: 26.0 bits;  conditional E-value: 2e-07
              Round3_FinalIHelix  2 keaeglalllfiagletisnsllsslLfyll 32
                                    +++++++l++ ia+++t s++l+ ++L  ++
  tr|A0A7L2BFM6|A0A7L2BFM6_9GRUI 47 ENVNQCVLEMMIAAPDTLSVTLF-FMLILIA 76
                                    789*******************5.7776655 PP

>> tr|A0A7L0EDS0|A0A7L0EDS0_TROML  CP19A Aromatase (Fragment) OS=Trogon melanurus OX=56311 GN=Cyp19a1_0 PE=3 SV=1
   #    score  bias  c-Evalue  i-Evalue hmmfrom  hmm to    alifrom  ali to    envfrom  env to     acc
 ---   ------ ----- --------- --------- ------- -------    ------- -------    ------- -------    ----
   1 !   26.0   0.6     2e-07   0.00016       2      32 ..      47      76 ..      46      77 .. 0.86

  Alignments for each domain:
  == domain 1  score: 26.0 bits;  conditional E-value: 2e-07
              Round3_FinalIHelix  2 keaeglalllfiagletisnsllsslLfyll 32
                                    +++++++l++ ia+++t s++l+ ++L  ++
  tr|A0A7L0EDS0|A0A7L0EDS0_TROML 47 ENVNQCVLEMMIAAPDTLSVTLF-FMLILIA 76
                                    789*******************5.7776655 PP

>> tr|A0A7L3LRB2|A0A7L3LRB2_9CHAR  CP19A Aromatase (Fragment) OS=Turnix velox OX=2529409 GN=Cyp19a1_0 PE=3 SV=1
   #    score  bias  c-Evalue  i-Evalue hmmfrom  hmm to    alifrom  ali to    envfrom  env to     acc
 ---   ------ ----- --------- --------- ------- -------    ------- -------    ------- -------    ----
   1 !   26.0   0.6     2e-07   0.00016       2      32 ..      47      76 ..      46      77 .. 0.86

  Alignments for each domain:
  == domain 1  score: 26.0 bits;  conditional E-value: 2e-07
              Round3_FinalIHelix  2 keaeglalllfiagletisnsllsslLfyll 32
                                    +++++++l++ ia+++t s++l+ ++L  ++
  tr|A0A7L3LRB2|A0A7L3LRB2_9CHAR 47 ENVNQCVLEMMIAAPDTLSVTLF-FMLILIA 76
                                    789*******************5.7776655 PP

>> tr|A0A6P7X2J4|A0A6P7X2J4_9AMPH  aromatase OS=Microcaecilia unicolor OX=1415580 GN=LOC115461704 PE=3 SV=1
   #    score  bias  c-Evalue  i-Evalue hmmfrom  hmm to    alifrom  ali to    envfrom  env to     acc
 ---   ------ ----- --------- --------- ------- -------    ------- -------    ------- -------    ----
   1 !   24.1   0.4   8.6e-07   0.00068       2      32 ..     299     328 ..     297     329 .. 0.89

  Alignments for each domain:
  == domain 1  score: 24.1 bits;  conditional E-value: 8.6e-07
              Round3_FinalIHelix   2 keaeglalllfiagletisnsllsslLfyll 32 
                                     +++++++l+++ia++++ s+s+ +++L+ ++
  tr|A0A6P7X2J4|A0A6P7X2J4_9AMPH 299 ENVSQCILEILIAAPDSLSVSV-FFMLMLIA 328
                                     577*******************.69999876 PP

>> tr|A0A914ST70|A0A914ST70_9BILA  Cytochrome P450 OS=Panagrolaimus sp. PS1159 OX=55785 PE=3 SV=1
   #    score  bias  c-Evalue  i-Evalue hmmfrom  hmm to    alifrom  ali to    envfrom  env to     acc
 ---   ------ ----- --------- --------- ------- -------    ------- -------    ------- -------    ----
   1 !   25.3   0.1   3.5e-07   0.00027       3      31 ..     295     322 ..     293     324 .. 0.89

  Alignments for each domain:
  == domain 1  score: 25.3 bits;  conditional E-value: 3.5e-07
              Round3_FinalIHelix   3 eaeglalllfiagletisnsllsslLfyl 31 
                                     ++++ +l+l+iag+et+sn+l  +++ yl
  tr|A0A914ST70|A0A914ST70_9BILA 295 QLYATILDLWIAGQETTSNTL-AWMCVYL 322
                                     667889***************.6***998 PP

>> tr|A0AA88RAF4|A0AA88RAF4_9ASTE  Uncharacterized protein OS=Escallonia rubra OX=112253 GN=RJ640_004828 PE=3 SV=1
   #    score  bias  c-Evalue  i-Evalue hmmfrom  hmm to    alifrom  ali to    envfrom  env to     acc
 ---   ------ ----- --------- --------- ------- -------    ------- -------    ------- -------    ----
   1 ?   10.9   0.1     0.015        12       5      28 ..    1931    1954 ..    1927    1958 .. 0.84
   2 ?   10.9   0.1     0.015        12       5      28 ..    2123    2146 ..    2119    2150 .. 0.84

  Alignments for each domain:
  == domain 1  score: 10.9 bits;  conditional E-value: 0.015
              Round3_FinalIHelix    5 eglalllfiagletisnsllsslL 28  
                                      ++ +l++fiag+et+s +++ ++L
  tr|A0AA88RAF4|A0AA88RAF4_9ASTE 1931 KAVILDIFIAGSETSSTAMGWAML 1954
                                      5679***************97777 PP

  == domain 2  score: 10.9 bits;  conditional E-value: 0.015
              Round3_FinalIHelix    5 eglalllfiagletisnsllsslL 28  
                                      ++ +l++fiag+et+s +++ ++L
  tr|A0AA88RAF4|A0AA88RAF4_9ASTE 2123 KAVILDIFIAGSETSSTAMGWAML 2146
                                      5679***************97777 PP

>> tr|A0A0N5BLX9|A0A0N5BLX9_STREA  Cytochrome P450 OS=Strongyloides papillosus OX=174720 PE=3 SV=1
   #    score  bias  c-Evalue  i-Evalue hmmfrom  hmm to    alifrom  ali to    envfrom  env to     acc
 ---   ------ ----- --------- --------- ------- -------    ------- -------    ------- -------    ----
   1 !   12.1   0.1    0.0062       4.9       3      31 ..     102     129 ..     101     131 .. 0.85
   2 !   12.1   0.1    0.0062       4.9       3      31 ..     402     429 ..     401     431 .. 0.85

  Alignments for each domain:
  == domain 1  score: 12.1 bits;  conditional E-value: 0.0062
              Round3_FinalIHelix   3 eaeglalllfiagletisnsllsslLfyl 31 
                                     ++egl+l+ ++ag et++ +l  ++++++
  tr|A0A0N5BLX9|A0A0N5BLX9_STREA 102 HLEGLVLDFWMAGMETSTTTLK-WFILFI 129
                                     6799*****************5.766654 PP

  == domain 2  score: 12.1 bits;  conditional E-value: 0.0062
              Round3_FinalIHelix   3 eaeglalllfiagletisnsllsslLfyl 31 
                                     ++egl+l+ ++ag et++ +l  ++++++
  tr|A0A0N5BLX9|A0A0N5BLX9_STREA 402 HLEGLVLDFWMAGMETSTTTLK-WFILFI 429
                                     6799*****************5.766654 PP



Internal pipeline statistics summary:
-------------------------------------
Query model(s):                            1  (33 nodes)
Target sequences:                     497798  (228933780 residues searched)
Passed MSV filter:                    214878  (0.431657); expected 9956.0 (0.02)
Passed bias filter:                   209309  (0.42047); expected 9956.0 (0.02)
Passed Vit filter:                    128140  (0.257414); expected 497.8 (0.001)
Passed Fwd filter:                     37967  (0.0762699); expected 5.0 (1e-05)
Initial search space (Z):             497798  [actual number of targets]
Domain search space  (domZ):             634  [number of targets reported over threshold]
# CPU time: 13.03u 0.09s 00:00:13.12 Elapsed: 00:00:06.15
# Mc/sec: 1228.37
//
# Alignment of 681 hits satisfying inclusion thresholds saved to: ../output/hmm_search_3/pfam/4//ihelixhits_e_0p0001_z__T_.aln
[ok]
