# hmmsearch :: search profile(s) against a sequence database
# HMMER 3.3.2 (Nov 2020); http://hmmer.org/
# Copyright (C) 2020 Howard Hughes Medical Institute.
# Freely distributed under the BSD open source license.
# - - - - - - - - - - - - - - - - - - - - - - - - - - - - - - - - - - - -
# query HMM file:                  ../output/hmm_round_3/ihelix_round3_hmm.hmm
# target sequence database:        ../input/databases/pfam_cytochrome_p450_sequences.fasta
# MSA of all hits saved to file:   ../output/hmm_search_3/pfam/5//ihelixhits_e_0p00001_z__T_.aln
# sequence reporting threshold:    E-value <= 1e-05
# - - - - - - - - - - - - - - - - - - - - - - - - - - - - - - - - - - - -

Query:       Round3_FinalIHelix  [M=33]
Scores for complete sequences (score includes all domains):
   --- full sequence ---   --- best 1 domain ---    -#dom-
    E-value  score  bias    E-value  score  bias    exp  N  Sequence                       Description
    ------- ------ -----    ------- ------ -----   ---- --  --------                       -----------
      2e-16   63.0  12.3       0.54   15.1   0.0    7.0  6  tr|A0A8J4WTT4|A0A8J4WTT4_CLAMG  Germinal-center associated nucle
      5e-16   61.7  10.7      0.077   17.7   0.0    6.0  5  tr|T1IQ14|T1IQ14_STRMM          Cytochrome P450 OS=Strigamia mar
    2.4e-15   59.6  19.7        0.4   15.5   0.1    8.0  7  tr|A0A7R8X8W7|A0A7R8X8W7_9CRUS  Cytochrome P450 (Fragment) OS=Da
    4.2e-14   55.7   0.8    2.1e-05   28.7   0.1    2.7  2  tr|A0A914TY97|A0A914TY97_9BILA  Cytochrome P450 OS=Panagrolaimus
    3.7e-11   46.6  17.6       0.35   15.7   0.2    5.8  5  tr|A0A2P4UUB4|A0A2P4UUB4_CAERE  Cytochrome P450 OS=Caenorhabditi
    1.5e-09   41.6   2.6      0.001   23.5   0.2    2.7  2  tr|A0A6P8J260|A0A6P8J260_ACTTE  Uncharacterized protein LOC11630
    3.2e-09   40.6   2.8        0.2   16.4   0.0    4.4  4  tr|A0A7R9AEE9|A0A7R9AEE9_9CRUS  Cytochrome P450 (Fragment) OS=Da
    4.9e-09   40.0   2.7     0.0061   21.1   0.4    2.8  2  tr|A0A6H0JLQ2|A0A6H0JLQ2_APHGO  Cytochrome P450 monooxygenase CY
    5.3e-09   39.9   1.9       0.69   14.7   0.1    3.8  3  tr|A0A9D3SN64|A0A9D3SN64_9TELE  Cytochrome P450 OS=Hemibagrus wy
    8.8e-09   39.2   2.8      0.024   19.3   0.2    2.9  2  tr|A0A7R8D2R9|A0A7R8D2R9_LEPSM  (salmon louse) hypothetical prot
    9.5e-09   39.1   2.8      0.025   19.2   0.2    2.9  2  tr|A0A7R8D2D1|A0A7R8D2D1_LEPSM  (salmon louse) hypothetical prot
      1e-08   39.0   3.5       0.39   15.5   0.1    3.6  3  tr|A0A182K8E3|A0A182K8E3_9DIPT  Cytochrome P450 OS=Anopheles chr
    1.4e-08   38.6   4.5     0.0079   20.8   0.4    2.6  2  tr|A0A6J2X2Z7|A0A6J2X2Z7_SITOR  Uncharacterized protein LOC11587
    2.3e-08   37.9   7.1      0.014   20.0   0.8    3.0  2  tr|A0A3Q0JHQ7|A0A3Q0JHQ7_DIACI  Uncharacterized protein LOC10351
    2.7e-08   37.7   1.2      0.011   20.3   0.1    2.7  2  tr|A0A498NHQ1|A0A498NHQ1_LABRO  Sterol 26-mitochondrial-like pro
    3.9e-08   37.2  22.9        1.4   13.8   0.2    5.4  4  tr|A0AA47P344|A0AA47P344_MERPO  Cytochrome P450 2D15 OS=Merlucci
    4.1e-08   37.1   8.4       0.68   14.8   0.2    3.5  3  tr|C3XV68|C3XV68_BRAFL          Cytochrome P450 OS=Branchiostoma
    4.2e-08   37.1   9.6       0.78   14.6   0.1    5.7  5  tr|A0A182NTP7|A0A182NTP7_9DIPT  Cytochrome P450 OS=Anopheles dir
    4.4e-08   37.1   7.0     0.0052   21.3   0.2    3.0  2  tr|A0A9J6AKC7|A0A9J6AKC7_SOLCO  Cytochrome P450 OS=Solanum comme
      5e-08   36.9   1.3       0.05   18.3   0.1    2.7  2  tr|A0A8S1CB21|A0A8S1CB21_9INSE  Cytochrome P450 OS=Cloeon dipter
    5.3e-08   36.8   7.0     0.0059   21.2   0.2    3.0  2  tr|M1DND6|M1DND6_SOLTU          Cytochrome P450 OS=Solanum tuber
    5.6e-08   36.7   7.0      0.017   19.8   0.8    2.6  2  tr|A0A2A4K8G4|A0A2A4K8G4_HELVI  Cytochrome P450 301a1, mitochond
    5.7e-08   36.7   3.8      0.018   19.7   0.3    2.8  2  tr|A0A7R9BFG6|A0A7R9BFG6_9CRUS  Cytochrome P450 OS=Notodromas mo
    6.1e-08   36.6   4.6        9.7   11.2   0.0    5.2  4  tr|A0A8J6HEY8|A0A8J6HEY8_TENMO  HAT C-terminal dimerisation doma
    9.1e-08   36.1   0.2       0.17   16.6   0.0    2.8  2  tr|A0A1I7RLW6|A0A1I7RLW6_BURXY  Cytochrome P450 OS=Bursaphelench
    9.7e-08   36.0   9.3        1.2   14.0   0.3    4.0  3  tr|A0A8J4UMJ4|A0A8J4UMJ4_CLAMG  Cytochrome P450 2F2-like OS=Clar
    1.7e-07   35.3   0.2    2.3e-07   34.9   0.2    1.2  1  tr|A0A146B458|A0A146B458_BUBBU  Cytochrome P450 aromatase (Fragm
    2.1e-07   35.0   4.1          4   12.4   0.1    4.7  4  tr|A0A2P4USE4|A0A2P4USE4_CAERE  Uncharacterized protein OS=Caeno
    2.1e-07   35.0   9.8       0.49   15.2   0.9    3.9  3  tr|A0A5C6MWB6|A0A5C6MWB6_9TELE  Cytochrome P450 2J2 OS=Takifugu 
    2.1e-07   34.9   4.6      0.081   17.6   0.4    3.1  2  tr|E3NG39|E3NG39_CAERE          CYtochrome P450 family OS=Caenor
    3.5e-07   34.3   0.2    6.8e-07   33.4   0.2    1.5  1  tr|A0A2J8VBN7|A0A2J8VBN7_PONAB  Aromatase (Fragment) OS=Pongo ab
    3.5e-07   34.3   0.2    6.8e-07   33.4   0.2    1.5  1  tr|A0A2J8NSX2|A0A2J8NSX2_PANTR  Aromatase (Fragment) OS=Pan trog
    3.5e-07   34.3   0.2    6.9e-07   33.4   0.2    1.4  1  tr|H0YK57|H0YK57_HUMAN          Aromatase (Fragment) OS=Homo sap
    3.8e-07   34.2   7.8        4.2   12.3   0.1    5.0  4  tr|A0A261CMN1|A0A261CMN1_9PELO  Cytochrome P450 (Fragment) OS=Ca
    4.1e-07   34.1   6.2         29    9.7   0.1    6.4  5  tr|A0A0D9YNE9|A0A0D9YNE9_9ORYZ  Cytochrome P450 OS=Oryza glumipa
    5.1e-07   33.8  35.9        2.1   13.3   1.0    7.9  6  tr|A0A498MRQ1|A0A498MRQ1_LABRO  Cytochrome P450 2J2-like isoform
    5.1e-07   33.8   7.3      0.058   18.1   0.8    2.8  2  tr|A0A8H3GYA2|A0A8H3GYA2_9AGAM  Benzoate 4-monooxygenase OS=Rhiz
    5.3e-07   33.7   2.1       0.12   17.1   0.1    2.9  2  tr|A0A7R9Q1U2|A0A7R9Q1U2_9ACAR  Cytochrome P450 OS=Medioppia sub
    5.3e-07   33.7   7.6        4.2   12.3   0.1    4.8  4  tr|A0A2P4WPX1|A0A2P4WPX1_CAERE  Cytochrome P450 OS=Caenorhabditi
    6.8e-07   33.4   1.8     0.0083   20.7   0.2    2.6  2  tr|A0A6J1N4F9|A0A6J1N4F9_BICAN  Uncharacterized protein LOC11204
    7.4e-07   33.3   3.8        3.7   12.5   0.1    5.8  5  tr|A0A0D3F1P3|A0A0D3F1P3_9ORYZ  Cytochrome P450 OS=Oryza barthii
    7.8e-07   33.2   3.1          9   11.3   0.1    3.7  3  tr|A0A182XZZ6|A0A182XZZ6_ANOST  Uncharacterized protein OS=Anoph
    7.9e-07   33.2   1.2    2.9e-06   31.4   0.2    2.4  1  tr|A0A2J8NSW7|A0A2J8NSW7_PANTR  Aromatase (Fragment) OS=Pan trog
      8e-07   33.1   1.2    2.9e-06   31.4   0.2    2.4  1  tr|E7EQ08|E7EQ08_HUMAN          Aromatase OS=Homo sapiens OX=960
    8.1e-07   33.1   1.2      3e-06   31.4   0.2    2.4  1  tr|Q7Z471|Q7Z471_HUMAN          Aromatase (Fragment) OS=Homo sap
    8.2e-07   33.1   0.2    1.8e-06   32.1   0.2    1.5  1  tr|A3EYF4|A3EYF4_BUBBU          Aromatase cytochrome P450 (Fragm
    8.3e-07   33.1   1.2    2.9e-06   31.4   0.2    2.4  1  tr|A0A2J8VBP2|A0A2J8VBP2_PONAB  Aromatase (Fragment) OS=Pongo ab
    8.6e-07   33.1   1.2      3e-06   31.4   0.2    2.4  1  tr|Q05CU4|Q05CU4_HUMAN          Aromatase (Fragment) OS=Homo sap
    9.4e-07   32.9   0.5    2.2e-05   28.7   0.3    2.7  2  tr|A0A8J6FXK7|A0A8J6FXK7_MICOH  Aromatase OS=Microtus ochrogaste
      1e-06   32.8   1.5    0.00069   24.1   0.2    3.3  2  tr|H3ALV3|H3ALV3_LATCH          Cytochrome P450 family 19 subfam
    1.2e-06   32.6   1.0    4.6e-06   30.8   0.2    2.4  1  tr|A0A1D5QZ23|A0A1D5QZ23_MACMU  Aromatase OS=Macaca mulatta OX=9
    1.2e-06   32.6   1.0    4.6e-06   30.8   0.2    2.4  1  tr|A0A8J8XT54|A0A8J8XT54_MACMU  Aromatase OS=Macaca mulatta OX=9
    1.2e-06   32.6   1.0    4.6e-06   30.8   0.2    2.4  1  tr|A0A8J8YF18|A0A8J8YF18_MACFA  Aromatase OS=Macaca fascicularis
    1.2e-06   32.6   1.0    4.6e-06   30.8   0.2    2.4  1  tr|Q95LY0|Q95LY0_MACFA          Aromatase OS=Macaca fascicularis
    1.3e-06   32.5   2.4    5.8e-05   27.4   0.5    3.5  2  tr|A0A8C5PHZ9|A0A8C5PHZ9_9ANUR  aromatase OS=Leptobrachium leish
    1.7e-06   32.2   0.8    7.4e-06   30.2   0.2    2.4  1  tr|A0A8C0R3Y2|A0A8C0R3Y2_CANLU  Aromatase OS=Canis lupus dingo O
    1.8e-06   32.1   0.4    7.6e-06   30.1   0.4    2.1  1  tr|A0A8X7XPU8|A0A8X7XPU8_POLSE  aromatase (Fragment) OS=Polypter
    1.8e-06   32.1   1.4    4.6e-06   30.8   0.2    2.4  1  tr|A0A2K6CXJ1|A0A2K6CXJ1_MACNE  Aromatase OS=Macaca nemestrina O
    1.8e-06   32.1   1.4    4.6e-06   30.8   0.2    2.4  1  tr|A0A2J8NSX0|A0A2J8NSX0_PANTR  Aromatase OS=Pan troglodytes OX=
    1.8e-06   32.1   1.4    4.6e-06   30.8   0.2    2.4  1  tr|A0A6D2Y496|A0A6D2Y496_PANTR  Aromatase OS=Pan troglodytes OX=
    1.8e-06   32.1   1.4    4.6e-06   30.8   0.2    2.4  1  tr|A0A2K5KCE1|A0A2K5KCE1_COLAP  Aromatase OS=Colobus angolensis 
    1.8e-06   32.1   1.4    4.6e-06   30.8   0.2    2.4  1  tr|A0A2K5L4E2|A0A2K5L4E2_CERAT  Aromatase OS=Cercocebus atys OX=
    1.8e-06   32.1   1.4    4.6e-06   30.8   0.2    2.4  1  tr|Q45RG7|Q45RG7_HUMAN          Aromatase OS=Homo sapiens OX=960
    1.8e-06   32.1   1.4    4.6e-06   30.8   0.2    2.4  1  tr|Q8IYG4|Q8IYG4_HUMAN          Aromatase OS=Homo sapiens OX=960
    1.8e-06   32.1   1.4    4.6e-06   30.8   0.2    2.3  1  tr|A8K6W3|A8K6W3_HUMAN          Aromatase OS=Homo sapiens OX=960
    1.8e-06   32.1   1.4    4.6e-06   30.8   0.2    2.3  1  tr|A0A2K6N010|A0A2K6N010_RHIBE  Aromatase OS=Rhinopithecus bieti
    1.8e-06   32.1   1.4    4.6e-06   30.8   0.2    2.3  1  tr|A0A2K6NTQ0|A0A2K6NTQ0_RHIRO  Aromatase OS=Rhinopithecus roxel
    1.8e-06   32.1   1.4    4.6e-06   30.8   0.2    2.3  1  tr|A0A8C9GPQ8|A0A8C9GPQ8_9PRIM  Aromatase OS=Piliocolobus tephro
    1.8e-06   32.0   1.4    4.6e-06   30.8   0.2    2.3  1  sp|P11511|CP19A_HUMAN           Aromatase OS=Homo sapiens OX=960
    1.8e-06   32.0   1.4    4.6e-06   30.8   0.2    2.3  1  tr|A0A2R9A604|A0A2R9A604_PANPA  Aromatase OS=Pan paniscus OX=959
    1.8e-06   32.0   1.4    4.6e-06   30.8   0.2    2.3  1  tr|G3RDS5|G3RDS5_GORGO          Aromatase OS=Gorilla gorilla gor
    1.8e-06   32.0   1.4    4.6e-06   30.8   0.2    2.3  1  tr|A0A096NM34|A0A096NM34_PAPAN  Aromatase OS=Papio anubis OX=955
    1.8e-06   32.0   1.4    4.6e-06   30.8   0.2    2.3  1  tr|A0A0D9RFI7|A0A0D9RFI7_CHLSB  Aromatase OS=Chlorocebus sabaeus
    1.8e-06   32.0   1.4    4.6e-06   30.8   0.2    2.3  1  tr|A0A2K6A906|A0A2K6A906_MANLE  Aromatase OS=Mandrillus leucopha
    1.8e-06   32.0   1.4    4.6e-06   30.8   0.2    2.3  1  tr|A0A8D2K1I4|A0A8D2K1I4_THEGE  Aromatase OS=Theropithecus gelad
    1.9e-06   32.0   1.4    4.6e-06   30.8   0.2    2.3  1  tr|A0A6D2WR21|A0A6D2WR21_PONAB  Aromatase OS=Pongo abelii OX=960
    1.9e-06   32.0   1.4    4.6e-06   30.8   0.2    2.3  1  tr|A0A2I3NHQ8|A0A2I3NHQ8_PAPAN  Aromatase OS=Papio anubis OX=955
    2.1e-06   31.8   0.2    9.1e-06   29.9   0.2    2.2  1  tr|A0A8D1I0T9|A0A8D1I0T9_PIG    Uncharacterized protein OS=Sus s
    2.2e-06   31.8   0.2    1.2e-05   29.5   0.2    2.3  1  sp|P46194|CP19A_BOVIN           Aromatase OS=Bos taurus OX=9913 
    2.2e-06   31.8   0.9    2.2e-05   28.7   0.2    2.7  1  tr|A0A6P3FG77|A0A6P3FG77_OCTDE  Aromatase OS=Octodon degus OX=10
    2.2e-06   31.8   3.0       0.14   16.9   0.5    2.8  2  tr|A0A6J1P1G8|A0A6J1P1G8_BICAN  Uncharacterized protein LOC11205
    2.3e-06   31.8   0.9    2.5e-05   28.5   0.2    2.8  1  tr|H0VPL2|H0VPL2_CAVPO          Aromatase OS=Cavia porcellus OX=
    2.3e-06   31.8   0.7       0.68   14.8   0.0    3.0  2  tr|Q4STF7|Q4STF7_TETNG          (spotted green pufferfish) hypot
    2.4e-06   31.7   1.7      5e-06   30.7   0.2    2.4  1  tr|A0A1S3AAJ1|A0A1S3AAJ1_ERIEU  aromatase OS=Erinaceus europaeus
    2.4e-06   31.7   0.2    6.3e-06   30.4   0.2    1.8  1  tr|A0A8D1SXV6|A0A8D1SXV6_PIG    aromatase OS=Sus scrofa OX=9823 
    2.5e-06   31.6   0.2    8.2e-06   30.0   0.2    1.9  1  tr|A0A643BN43|A0A643BN43_BALPH  Cytochrome P450 family 19 subfam
    2.5e-06   31.6   0.2    1.2e-05   29.5   0.2    2.2  1  tr|A0A340X6F7|A0A340X6F7_LIPVE  aromatase OS=Lipotes vexillifer 
    2.5e-06   31.6   0.2    1.2e-05   29.5   0.2    2.2  1  tr|A0A8C6D9I3|A0A8C6D9I3_MOSMO  aromatase OS=Moschus moschiferus
    2.5e-06   31.6   2.5        3.3   12.6   0.1    4.9  4  tr|A0A0D3F1P4|A0A0D3F1P4_9ORYZ  Cytochrome P450 OS=Oryza barthii
    2.6e-06   31.6   0.2    1.2e-05   29.5   0.2    2.2  1  tr|L8I947|L8I947_9CETA          aromatase OS=Bos mutus OX=72004 
    2.6e-06   31.6   0.2    1.2e-05   29.5   0.2    2.2  1  tr|A0A4W2G0D8|A0A4W2G0D8_BOBOX  aromatase OS=Bos indicus x Bos t
    2.6e-06   31.6   0.2    1.2e-05   29.5   0.2    2.2  1  tr|A0A6B0RA67|A0A6B0RA67_9CETA  aromatase OS=Bos mutus OX=72004 
    2.6e-06   31.6   0.2    1.2e-05   29.5   0.2    2.2  1  tr|A0A6P5CER6|A0A6P5CER6_BOSIN  aromatase OS=Bos indicus OX=9915
    2.6e-06   31.6   0.2    1.2e-05   29.5   0.2    2.2  1  tr|F2Z4F2|F2Z4F2_BOVIN          aromatase OS=Bos taurus OX=9913 
    2.6e-06   31.6   0.7    1.1e-05   29.6   0.2    2.3  1  tr|A0A6P6HHE0|A0A6P6HHE0_PUMCO  aromatase OS=Puma concolor OX=96
    2.7e-06   31.5   0.2    8.9e-06   29.9   0.2    2.0  1  tr|A0A8D1QUM0|A0A8D1QUM0_PIG    aromatase OS=Sus scrofa OX=9823 
    2.7e-06   31.5   0.2    1.2e-05   29.5   0.2    2.2  1  tr|K7TVY1|K7TVY1_BUBBU          aromatase OS=Bubalus bubalis OX=
    2.7e-06   31.5   0.2    7.8e-06   30.1   0.2    1.8  1  tr|A0A212CTA7|A0A212CTA7_CEREH  CYP19A1 (Fragment) OS=Cervus ela
    2.8e-06   31.5   1.1    4.4e-05   27.8   0.2    3.1  1  tr|A0A8C2VRD8|A0A8C2VRD8_CHILA  Aromatase OS=Chinchilla lanigera
    2.8e-06   31.5   0.2    1.2e-05   29.5   0.2    2.2  1  tr|Q208A6|Q208A6_BUBBU          aromatase OS=Bubalus bubalis OX=
    2.8e-06   31.5   0.2    9.4e-06   29.8   0.2    2.0  1  tr|P79286|P79286_PIG            aromatase OS=Sus scrofa OX=9823 
    2.8e-06   31.5   0.2    9.4e-06   29.8   0.2    2.0  1  tr|A0A4X1SYE6|A0A4X1SYE6_PIG    aromatase OS=Sus scrofa OX=9823 
    2.8e-06   31.5   0.2    9.4e-06   29.8   0.2    2.0  1  tr|I3LPP5|I3LPP5_PIG            aromatase OS=Sus scrofa OX=9823 
    2.8e-06   31.5   0.2    7.2e-06   30.2   0.2    1.7  1  tr|A0A8D1SVX4|A0A8D1SVX4_PIG    aromatase OS=Sus scrofa OX=9823 
    2.8e-06   31.5   0.2    9.4e-06   29.8   0.2    2.0  1  tr|A0A8D0NN40|A0A8D0NN40_PIG    aromatase OS=Sus scrofa OX=9823 
    2.8e-06   31.4   0.2    1.2e-05   29.5   0.2    2.2  1  tr|A0A8C2P619|A0A8C2P619_CAPHI  aromatase OS=Capra hircus OX=992
    2.9e-06   31.4   0.4    8.4e-06   30.0   0.4    1.9  1  tr|A0A5N3V6P0|A0A5N3V6P0_MUNMU  Cytochrome P450 family 19 subfam
    2.9e-06   31.4   0.2    9.4e-06   29.8   0.2    2.0  1  tr|A0A8D1YA89|A0A8D1YA89_PIG    aromatase OS=Sus scrofa OX=9823 
    2.9e-06   31.4   0.2    9.6e-06   29.8   0.2    1.9  1  tr|G3T3M3|G3T3M3_LOXAF          aromatase OS=Loxodonta africana 
    2.9e-06   31.4   0.7       0.17   16.6   0.0    2.9  2  tr|A0A8J2RD02|A0A8J2RD02_9CRUS  S1 motif domain-containing prote
    2.9e-06   31.4   0.2    9.4e-06   29.8   0.2    2.0  1  tr|A0A8D0VSZ3|A0A8D0VSZ3_PIG    aromatase OS=Sus scrofa OX=9823 
    2.9e-06   31.4   4.8       0.23   16.3   0.4    2.6  2  tr|A0A0B7G0E2|A0A0B7G0E2_THACB  Uncharacterized protein OS=Thana
    2.9e-06   31.4   0.2    1.3e-05   29.4   0.2    2.2  1  tr|A0A8C2PDH2|A0A8C2PDH2_CAPHI  aromatase OS=Capra hircus OX=992
    2.9e-06   31.4   0.2    1.1e-05   29.7   0.2    2.0  1  tr|W5QIJ0|W5QIJ0_SHEEP          aromatase OS=Ovis aries OX=9940 
      3e-06   31.4   3.4        3.9   12.4   0.1    4.7  4  tr|A0A260ZQ36|A0A260ZQ36_CAERE  Uncharacterized protein (Fragmen
      3e-06   31.4   0.7    1.3e-05   29.4   0.2    2.4  1  tr|A0A4U1EBV8|A0A4U1EBV8_MONMO  Cytochrome P450 family 19 subfam
    3.1e-06   31.4   0.2    1.3e-05   29.4   0.2    2.2  1  sp|Q6YI21|CP19A_CAPHI           Aromatase OS=Capra hircus OX=992
    3.1e-06   31.4   0.2    1.3e-05   29.4   0.2    2.2  1  sp|Q9XS28|CP19A_SHEEP           Aromatase OS=Ovis aries OX=9940 
    3.1e-06   31.3   0.2    8.1e-06   30.0   0.2    1.8  1  tr|A0A5N4E3E5|A0A5N4E3E5_CAMDR  aromatase OS=Camelus dromedarius
    3.1e-06   31.3   0.2    1.2e-05   29.5   0.2    2.1  1  tr|A0A7J8JT89|A0A7J8JT89_MOLMO  aromatase OS=Molossus molossus O
    3.1e-06   31.3   0.4    1.3e-05   29.4   0.2    2.1  1  tr|G5C8S5|G5C8S5_HETGA          Aromatase OS=Heterocephalus glab
    3.2e-06   31.3   1.6      8e-06   30.1   0.4    2.4  1  tr|A0A8C4T3V6|A0A8C4T3V6_ERPCA  aromatase OS=Erpetoichthys calab
    3.4e-06   31.2   0.2    8.7e-06   29.9   0.2    1.8  1  tr|A0A5N4E2D8|A0A5N4E2D8_CAMDR  aromatase (Fragment) OS=Camelus 
    3.4e-06   31.2   0.2    9.1e-06   29.9   0.2    1.8  1  tr|A0A6J3A280|A0A6J3A280_VICPA  aromatase OS=Vicugna pacos OX=30
    3.5e-06   31.2   2.0    3.6e-06   31.1   0.2    2.0  1  tr|Q2XVA0|Q2XVA0_MACFA          Aromatase (Fragment) OS=Macaca f
    3.6e-06   31.1   0.2      1e-05   29.7   0.2    1.8  1  tr|A0A2Y9MJL7|A0A2Y9MJL7_DELLE  aromatase OS=Delphinapterus leuc
    3.6e-06   31.1   0.9    1.3e-05   29.4   0.2    2.3  1  tr|A0A6P6HHH2|A0A6P6HHH2_PUMCO  aromatase OS=Puma concolor OX=96
    3.6e-06   31.1   0.2    1.5e-05   29.2   0.2    2.1  1  sp|Q29624|CP19A_PIG             Aromatase 1 OS=Sus scrofa OX=982
    3.7e-06   31.1   4.1       0.14   16.9   0.5    3.0  2  tr|A0A6J8EGF9|A0A6J8EGF9_MYTCO  Cytochrome P450 3A41,Cytochrome 
    3.7e-06   31.1   6.8       0.32   15.8   0.1    4.8  3  tr|A0A553PP19|A0A553PP19_TIGCA  Cytochrome P450 (Fragment) OS=Ti
    3.7e-06   31.1   0.2    1.9e-05   28.9   0.2    2.3  1  tr|G1PEN3|G1PEN3_MYOLU          aromatase OS=Myotis lucifugus OX
    3.8e-06   31.1   0.2    1.3e-05   29.4   0.2    2.0  1  tr|A0A8D1QUG3|A0A8D1QUG3_PIG    aromatase OS=Sus scrofa OX=9823 
    3.8e-06   31.1   0.2    1.9e-05   28.9   0.2    2.2  1  tr|S7PEE2|S7PEE2_MYOBR          aromatase OS=Myotis brandtii OX=
    3.9e-06   31.0   0.2    1.5e-05   29.2   0.2    2.1  1  tr|A0A5S6HC39|A0A5S6HC39_PIG    aromatase OS=Sus scrofa OX=9823 
    3.9e-06   31.0   0.2    1.5e-05   29.2   0.2    2.1  1  tr|A0A8D1Y6K2|A0A8D1Y6K2_PIG    aromatase OS=Sus scrofa OX=9823 
    3.9e-06   31.0   0.1    1.7e-05   29.0   0.1    2.2  1  tr|A0A8C9B464|A0A8C9B464_PHOSS  aromatase OS=Phocoena sinus OX=4
    3.9e-06   31.0   0.2    1.5e-05   29.2   0.2    2.1  1  tr|A0A8D0VRV5|A0A8D0VRV5_PIG    aromatase OS=Sus scrofa OX=9823 
    3.9e-06   31.0   0.2    1.1e-05   29.6   0.2    1.9  1  tr|Q9TSH1|Q9TSH1_PIG            aromatase (Fragment) OS=Sus scro
    3.9e-06   31.0   0.2    1.5e-05   29.2   0.2    2.1  1  tr|A0A8D0NPU7|A0A8D0NPU7_PIG    aromatase OS=Sus scrofa OX=9823 
    3.9e-06   31.0   0.2    1.5e-05   29.2   0.2    2.1  1  tr|A0A8D0ZCU4|A0A8D0ZCU4_PIG    aromatase OS=Sus scrofa OX=9823 
    3.9e-06   31.0   0.1    1.7e-05   29.0   0.1    2.2  1  sp|Q69FB6|CP19A_LAGAC           Aromatase OS=Lagenorhynchus acut
    3.9e-06   31.0   0.1    1.7e-05   29.0   0.1    2.2  1  tr|A0A8C6BIC7|A0A8C6BIC7_MONMO  aromatase OS=Monodon monoceros O
      4e-06   31.0   0.1    1.7e-05   29.0   0.1    2.2  1  tr|A0A2Y9MYF4|A0A2Y9MYF4_DELLE  aromatase OS=Delphinapterus leuc
      4e-06   31.0   0.8    0.00013   26.3   0.3    2.8  2  tr|A0A6J1UPQ4|A0A6J1UPQ4_9SAUR  aromatase OS=Notechis scutatus O
      4e-06   31.0   0.2    9.9e-06   29.8   0.2    1.7  1  tr|A0A9W3GRH6|A0A9W3GRH6_CAMBA  aromatase OS=Camelus bactrianus 
      4e-06   31.0   3.5    6.4e-05   27.2   0.5    3.4  2  tr|A0A8C5PHM5|A0A8C5PHM5_9ANUR  aromatase OS=Leptobrachium leish
      4e-06   31.0   1.3    1.2e-05   29.5   0.2    2.5  1  tr|A0A383Z5M0|A0A383Z5M0_BALAS  aromatase OS=Balaenoptera acutor
      4e-06   31.0   9.2        9.1   11.3   0.3    4.4  3  tr|A0A226MIA2|A0A226MIA2_CALSU  Cytochrome P450 2J2 (Fragment) O
      4e-06   31.0   1.3    1.2e-05   29.5   0.2    2.5  1  tr|A0A2Y9S1I1|A0A2Y9S1I1_PHYMC  aromatase OS=Physeter macrocepha
    4.1e-06   31.0   9.9        4.7   12.2   0.2    4.0  3  tr|A0A8S4BMR2|A0A8S4BMR2_9TELE  (Atlantic silverside) hypothetic
    4.1e-06   31.0   0.1    1.7e-05   29.0   0.1    2.2  1  tr|A0A341B5G2|A0A341B5G2_NEOAA  aromatase OS=Neophocaena asiaeor
    4.1e-06   31.0   1.3      1e-05   29.7   0.2    2.3  1  tr|A0A6J2BAC1|A0A6J2BAC1_ZALCA  aromatase OS=Zalophus california
    4.1e-06   30.9   1.3      1e-05   29.7   0.2    2.3  1  tr|A0A2Y9HJM6|A0A2Y9HJM6_NEOSC  aromatase OS=Neomonachus schauin
    4.2e-06   30.9   0.2    1.2e-05   29.5   0.2    1.8  1  tr|A0A7J7FBI8|A0A7J7FBI8_DICBM  aromatase OS=Diceros bicornis mi
    4.2e-06   30.9   0.1    1.7e-05   29.0   0.1    2.1  1  tr|A0A6J3R1G7|A0A6J3R1G7_TURTR  aromatase OS=Tursiops truncatus 
    4.2e-06   30.9   0.1    1.4e-05   29.3   0.1    2.0  1  tr|A0A4U1EC89|A0A4U1EC89_MONMO  aromatase (Fragment) OS=Monodon 
    4.3e-06   30.9   0.2    1.9e-05   28.9   0.2    2.2  1  tr|L5MCK1|L5MCK1_MYODS          aromatase OS=Myotis davidii OX=2
    4.3e-06   30.9   0.7    1.3e-05   29.4   0.2    2.2  1  tr|A0A8B6YCQ2|A0A8B6YCQ2_CAMFR  aromatase OS=Camelus ferus OX=41
    4.3e-06   30.9   0.2    1.5e-05   29.2   0.2    2.0  1  tr|A0A8D1QW76|A0A8D1QW76_PIG    aromatase OS=Sus scrofa OX=9823 
    4.5e-06   30.8   0.2    1.9e-05   28.9   0.2    2.1  1  tr|A0A7J8AJN1|A0A7J8AJN1_MYOMY  aromatase OS=Myotis myotis OX=51
    4.6e-06   30.8   6.0        6.5   11.7   0.1    4.0  3  tr|A0A6P4YM69|A0A6P4YM69_BRABE  Uncharacterized protein LOC10946
    4.6e-06   30.8   1.3    1.2e-05   29.5   0.2    2.4  1  tr|A0A8B8WR26|A0A8B8WR26_BALMU  aromatase OS=Balaenoptera muscul
    4.6e-06   30.8   1.2    1.5e-05   29.2   0.2    2.5  1  tr|A0A8D1E091|A0A8D1E091_PIG    aromatase OS=Sus scrofa OX=9823 
    4.7e-06   30.8   1.4    1.3e-05   29.4   0.2    2.5  1  tr|A0A8B6ZCI0|A0A8B6ZCI0_ORYAF  aromatase OS=Orycteropus afer af
    4.7e-06   30.8   5.8        6.1   11.8   0.1    5.7  4  tr|A0A0E0CGV1|A0A0E0CGV1_9ORYZ  Cytochrome P450 OS=Oryza meridio
    4.8e-06   30.7   2.6        0.2   16.4   0.2    3.0  2  tr|A0A0L0C020|A0A0L0C020_LUCCU  Cytochrome P450 12a5, mitochondr
    4.8e-06   30.7   1.8    9.2e-06   29.9   0.2    2.4  1  tr|A0A8D1E2U5|A0A8D1E2U5_PIG    aromatase OS=Sus scrofa OX=9823 
    4.9e-06   30.7   1.3    1.2e-05   29.5   0.2    2.3  1  sp|Q5QQX7|CP19A_CANLF           Aromatase OS=Canis lupus familia
    4.9e-06   30.7   1.3    1.2e-05   29.5   0.2    2.3  1  tr|A0A3Q7TH54|A0A3Q7TH54_VULVU  aromatase OS=Vulpes vulpes OX=96
    4.9e-06   30.7   1.3    1.2e-05   29.5   0.2    2.3  1  tr|A0A8C0TCX1|A0A8C0TCX1_CANLF  aromatase OS=Canis lupus familia
    4.9e-06   30.7   1.3    1.2e-05   29.5   0.2    2.3  1  tr|A0A8I3PXC9|A0A8I3PXC9_CANLF  aromatase OS=Canis lupus familia
    4.9e-06   30.7   1.3    1.2e-05   29.5   0.2    2.3  1  tr|A0A811Y5L1|A0A811Y5L1_NYCPR  aromatase OS=Nyctereutes procyon
      5e-06   30.7   1.3    1.2e-05   29.5   0.2    2.3  1  tr|A0A3Q7Q1J8|A0A3Q7Q1J8_CALUR  aromatase OS=Callorhinus ursinus
      5e-06   30.7   1.3    1.2e-05   29.5   0.2    2.3  1  tr|A0A2U3VNE3|A0A2U3VNE3_ODORO  aromatase OS=Odobenus rosmarus d
      5e-06   30.7   1.3    1.2e-05   29.5   0.2    2.3  1  tr|A0A2U3YTF3|A0A2U3YTF3_LEPWE  aromatase OS=Leptonychotes wedde
      5e-06   30.7   1.3    1.2e-05   29.5   0.2    2.3  1  tr|A0A6J2B7T1|A0A6J2B7T1_ZALCA  aromatase OS=Zalophus california
      5e-06   30.7   1.3    1.2e-05   29.5   0.2    2.3  1  tr|A0A2Y9HDD8|A0A2Y9HDD8_NEOSC  aromatase OS=Neomonachus schauin
      5e-06   30.7   1.4    1.1e-05   29.6   0.2    2.3  1  tr|K7NAC7|K7NAC7_LYNPA          aromatase OS=Lynx pardinus OX=19
      5e-06   30.7   1.0    1.6e-05   29.1   0.2    2.4  1  tr|A0A2Y9MJE2|A0A2Y9MJE2_DELLE  Aromatase-like OS=Delphinapterus
      5e-06   30.7   0.2      2e-05   28.8   0.2    2.1  1  tr|A0A836A5V0|A0A836A5V0_SHEEP  aromatase OS=Ovis aries OX=9940 
    5.1e-06   30.7   1.8       0.38   15.6   0.1    2.7  2  tr|A0A1B0F0M7|A0A1B0F0M7_PHLPP  Cytochrome P450 OS=Phlebotomus p
    5.1e-06   30.7   1.4    1.1e-05   29.6   0.2    2.3  1  tr|K7N9Z5|K7N9Z5_FELCA          aromatase OS=Felis catus OX=9685
    5.1e-06   30.7   0.7    1.3e-05   29.4   0.2    2.1  1  tr|A0A5N4E2I3|A0A5N4E2I3_CAMDR  aromatase OS=Camelus dromedarius
    5.1e-06   30.7   0.3    1.2e-05   29.5   0.3    1.6  1  tr|A0A1A6GMM0|A0A1A6GMM0_NEOLE  Aromatase (Fragment) OS=Neotoma 
    5.2e-06   30.6   2.8       0.13   17.0   0.2    2.9  2  tr|A0A260ZHC3|A0A260ZHC3_CAERE  CYtochrome P450 family (Fragment
    5.3e-06   30.6   1.3    1.2e-05   29.5   0.2    2.3  1  tr|G3UND5|G3UND5_LOXAF          aromatase OS=Loxodonta africana 
    5.3e-06   30.6   1.0    1.3e-05   29.4   0.2    2.2  1  tr|A0A384DAX2|A0A384DAX2_URSMA  aromatase OS=Ursus maritimus OX=
    5.3e-06   30.6   1.0    1.3e-05   29.4   0.2    2.2  1  tr|C9K5T2|C9K5T2_URSTH          aromatase OS=Ursus thibetanus ja
    5.3e-06   30.6   1.0    1.3e-05   29.4   0.2    2.2  1  tr|D2HEH6|D2HEH6_AILME          aromatase (Fragment) OS=Ailuropo
    5.3e-06   30.6   1.0    1.2e-05   29.5   0.2    2.1  1  tr|A0A452QBZ3|A0A452QBZ3_URSAM  aromatase OS=Ursus americanus OX
    5.3e-06   30.6   0.6    4.2e-05   27.8   0.2    2.7  1  tr|A0A8J5ZPF1|A0A8J5ZPF1_GALPY  aromatase (Fragment) OS=Galemys 
    5.4e-06   30.6   0.9    1.5e-05   29.2   0.1    2.3  1  tr|A0A9B0T5R1|A0A9B0T5R1_CHRAS  aromatase OS=Chrysochloris asiat
    5.5e-06   30.6   0.2    2.3e-05   28.6   0.2    2.1  1  tr|A0AA40HX56|A0AA40HX56_EPTNI  Aromatase OS=Eptesicus nilssonii
    5.6e-06   30.5   1.4    1.3e-05   29.4   0.2    2.3  1  tr|A0A5N4E2N3|A0A5N4E2N3_CAMDR  aromatase OS=Camelus dromedarius
    5.9e-06   30.5   1.4    1.3e-05   29.4   0.2    2.3  1  tr|A0A8B8T4L6|A0A8B8T4L6_CAMFR  aromatase OS=Camelus ferus OX=41
    5.9e-06   30.5   1.4    1.2e-05   29.6   0.2    2.2  1  tr|S9Y8A1|S9Y8A1_CAMFR          aromatase OS=Camelus ferus OX=41
    6.1e-06   30.4   0.9    2.1e-05   28.7   0.2    2.4  1  sp|Q29605|CP19A_RABIT           Aromatase OS=Oryctolagus cunicul
    6.1e-06   30.4   1.4    1.3e-05   29.4   0.2    2.3  1  tr|A0A667GXF9|A0A667GXF9_LYNCA  aromatase OS=Lynx canadensis OX=
    6.1e-06   30.4   1.4    1.3e-05   29.4   0.2    2.3  1  tr|K7NAI8|K7NAI8_LYNPA          aromatase OS=Lynx pardinus OX=19
    6.1e-06   30.4   1.4    1.3e-05   29.4   0.2    2.3  1  tr|A0A6I9ZI52|A0A6I9ZI52_ACIJB  aromatase OS=Acinonyx jubatus OX
    6.1e-06   30.4   1.4    1.3e-05   29.4   0.2    2.3  1  tr|A0A8C8WMB9|A0A8C8WMB9_PANLE  aromatase OS=Panthera leo OX=968
    6.1e-06   30.4   1.4    1.3e-05   29.4   0.2    2.3  1  tr|A0A8C9J912|A0A8C9J912_PANTA  aromatase OS=Panthera tigris alt
    6.1e-06   30.4   1.4    1.3e-05   29.4   0.2    2.3  1  tr|A0A9W2UFY1|A0A9W2UFY1_PANPR  aromatase OS=Panthera pardus OX=
    6.2e-06   30.4   1.4    1.3e-05   29.4   0.2    2.3  1  tr|A0A6G1AXR0|A0A6G1AXR0_CROCR  aromatase (Fragment) OS=Crocuta 
    6.2e-06   30.4   1.4    1.3e-05   29.4   0.2    2.3  1  tr|K7NAJ2|K7NAJ2_FELCA          aromatase OS=Felis catus OX=9685
    6.3e-06   30.4   1.7    1.2e-05   29.5   0.2    2.3  1  tr|H0WJG7|H0WJG7_OTOGA          Aromatase OS=Otolemur garnettii 
    6.6e-06   30.3   1.5    1.6e-05   29.2   0.3    2.3  1  tr|G1R3I0|G1R3I0_NOMLE          Aromatase OS=Nomascus leucogenys
    6.7e-06   30.3   2.0        0.5   15.2   0.3    3.0  2  tr|A0A182Y1B2|A0A182Y1B2_ANOST  Uncharacterized protein OS=Anoph
    7.2e-06   30.2   1.3        2.9   12.8   0.0    4.0  2  tr|A0A811KXK1|A0A811KXK1_9BILA  CYtochrome P450 family OS=Bursap
    7.4e-06   30.2   1.0         21   10.1   0.0    3.8  3  tr|A0A6G1ED27|A0A6G1ED27_9ORYZ  Cytochrome P450 OS=Oryza meyeria
    7.4e-06   30.2   1.0    2.1e-05   28.7   0.2    2.3  1  tr|A0A341B782|A0A341B782_NEOAA  aromatase OS=Neophocaena asiaeor
    7.4e-06   30.2   3.4    0.00052   24.4   0.2    3.1  2  tr|F7ADA9|F7ADA9_ORNAN          aromatase OS=Ornithorhynchus ana
    7.5e-06   30.1   1.0    2.1e-05   28.7   0.2    2.3  1  tr|A0A8C9B7K7|A0A8C9B7K7_PHOSS  aromatase OS=Phocoena sinus OX=4
    7.5e-06   30.1   0.2      2e-05   28.8   0.2    1.8  1  tr|A0A8D1DGT6|A0A8D1DGT6_PIG    aromatase OS=Sus scrofa OX=9823 
    7.6e-06   30.1   0.2      3e-05   28.3   0.2    2.1  1  tr|A0A8D1CL66|A0A8D1CL66_PIG    aromatase OS=Sus scrofa OX=9823 
    7.8e-06   30.1   2.1       0.49   15.2   0.2    2.8  2  tr|A0A7R8YLE5|A0A7R8YLE5_HERIL  Cytochrome P450 OS=Hermetia illu
    7.8e-06   30.1   0.2    3.3e-05   28.2   0.2    2.1  1  tr|A0A7J8AZ37|A0A7J8AZ37_PIPKU  aromatase OS=Pipistrellus kuhlii
    7.9e-06   30.1   1.0    2.1e-05   28.7   0.2    2.3  1  tr|A0A8C6BGT4|A0A8C6BGT4_MONMO  aromatase OS=Monodon monoceros O
      8e-06   30.1   1.0    2.1e-05   28.7   0.2    2.2  1  tr|A0A6J3R200|A0A6J3R200_TURTR  aromatase OS=Tursiops truncatus 
    8.1e-06   30.0   1.2    2.1e-05   28.7   0.2    2.3  1  tr|A0A8C9A8Q6|A0A8C9A8Q6_PROSS  Aromatase OS=Prolemur simus OX=1
    8.8e-06   29.9   0.7       0.52   15.1   0.1    2.7  2  tr|A0A182TWT1|A0A182TWT1_9DIPT  Uncharacterized protein OS=Anoph
    8.9e-06   29.9   1.2    2.7e-05   28.4   0.1    2.4  1  tr|A0A8D2AQY8|A0A8D2AQY8_SCIVU  Aromatase OS=Sciurus vulgaris OX
    8.9e-06   29.9   0.2    3.2e-05   28.2   0.2    2.0  1  tr|A0A8D0R3G1|A0A8D0R3G1_PIG    aromatase OS=Sus scrofa OX=9823 
      9e-06   29.9   1.1    6.8e-05   27.2   0.2    2.7  1  tr|A0A6J2L7H2|A0A6J2L7H2_9CHIR  aromatase OS=Phyllostomus discol
    9.1e-06   29.9   1.2    2.6e-05   28.5   0.1    2.4  1  tr|A0AA41MIZ6|A0AA41MIZ6_SCICA  Aromatase OS=Sciurus carolinensi
    9.5e-06   29.8   2.9       0.57   15.0   0.2    2.4  2  tr|A0A5N4CXY9|A0A5N4CXY9_CAMDR  unspecific monooxygenase OS=Came
    9.5e-06   29.8   0.7       0.52   15.1   0.1    2.6  2  tr|A0A8W7PEZ2|A0A8W7PEZ2_ANOCL  Cytochrome P450 OS=Anopheles col
    9.5e-06   29.8   0.2    3.2e-05   28.2   0.2    2.0  1  tr|A0A8D0M1N2|A0A8D0M1N2_PIG    aromatase OS=Sus scrofa OX=9823 


Domain annotation for each sequence (and alignments):
>> tr|A0A8J4WTT4|A0A8J4WTT4_CLAMG  Germinal-center associated nuclear protein (Fragment) OS=Clarias magur OX=1594786 GN=
   #    score  bias  c-Evalue  i-Evalue hmmfrom  hmm to    alifrom  ali to    envfrom  env to     acc
 ---   ------ ----- --------- --------- ------- -------    ------- -------    ------- -------    ----
   1 !   10.7   0.1    0.0064        14       5      32 ..     477     503 ..     473     504 .. 0.86
   2 !   12.7   0.1    0.0014       3.1       8      32 ..     896     919 ..     889     920 .. 0.85
   3 !   10.3   0.1    0.0083        18       8      32 ..    1259    1281 ..    1252    1282 .. 0.80
   4 ?    9.0   0.0     0.023        50       5      31 ..    1657    1682 ..    1653    1684 .. 0.77
   5 ?    7.9   0.1     0.052   1.1e+02       8      32 ..    2061    2084 ..    2056    2085 .. 0.88
   6 !   15.1   0.0   0.00025      0.54       5      32 ..    2478    2504 ..    2474    2505 .. 0.86

  Alignments for each domain:
  == domain 1  score: 10.7 bits;  conditional E-value: 0.0064
              Round3_FinalIHelix   5 eglalllfiagletisnsllsslLfyll 32 
                                     +g +++l++ag++t+s +l  + L+ l+
  tr|A0A8J4WTT4|A0A8J4WTT4_CLAMG 477 YGSVAELLLAGVDTTSITL-MWALYLLS 503
                                     566799*************.5*999986 PP

  == domain 2  score: 12.7 bits;  conditional E-value: 0.0014
              Round3_FinalIHelix   8 alllfiagletisnsllsslLfyll 32 
                                     + +l++ag++t+sn++  + L+ l+
  tr|A0A8J4WTT4|A0A8J4WTT4_CLAMG 896 VTELLLAGVDTTSNTM-MWALYLLS 919
                                     679*************.5*999986 PP

  == domain 3  score: 10.3 bits;  conditional E-value: 0.0083
              Round3_FinalIHelix    8 alllfiagletisnsllsslLfyll 32  
                                      + +l++ag++t+sn++  +  fyll
  tr|A0A8J4WTT4|A0A8J4WTT4_CLAMG 1259 VTELLLAGVDTTSNTM-MW-AFYLL 1281
                                      679*************.59.77776 PP

  == domain 4  score: 9.0 bits;  conditional E-value: 0.023
              Round3_FinalIHelix    5 eglalllfiagletisnsllsslLfyl 31  
                                      +g +++l++ag++t+sn+   +  + l
  tr|A0A8J4WTT4|A0A8J4WTT4_CLAMG 1657 YGSVAELLLAGVDTTSNTI-MWAMYLL 1682
                                      566799************9.5844444 PP

  == domain 5  score: 7.9 bits;  conditional E-value: 0.052
              Round3_FinalIHelix    8 alllfiagletisnsllsslLfyll 32  
                                      +++++  g++t+sn++ ++ L+ l+
  tr|A0A8J4WTT4|A0A8J4WTT4_CLAMG 2061 VAEMLVGGVDTTSNTM-LWALYLLS 2084
                                      5789999*********.6*9*9986 PP

  == domain 6  score: 15.1 bits;  conditional E-value: 0.00025
              Round3_FinalIHelix    5 eglalllfiagletisnsllsslLfyll 32  
                                      +g +++l++ag++t+sn+l  + L+ l+
  tr|A0A8J4WTT4|A0A8J4WTT4_CLAMG 2478 NGSIAELLLAGVDTTSNTL-MWALYLLS 2504
                                      66789**************.5*9**997 PP

>> tr|T1IQ14|T1IQ14_STRMM  Cytochrome P450 OS=Strigamia maritima OX=126957 PE=3 SV=1
   #    score  bias  c-Evalue  i-Evalue hmmfrom  hmm to    alifrom  ali to    envfrom  env to     acc
 ---   ------ ----- --------- --------- ------- -------    ------- -------    ------- -------    ----
   1 !   13.5   0.2   0.00081       1.8       9      31 ..     303     325 ..     296     326 .. 0.85
   2 ?    5.2   0.2      0.37     8e+02      10      26 ..     697     712 ..     690     718 .. 0.79
   3 !   16.1   0.1   0.00012      0.25       2      29 ..    1155    1182 ..    1154    1185 .. 0.82
   4 !   11.4   0.0    0.0039       8.4       3      31 ..    1687    1715 ..    1685    1716 .. 0.84
   5 !   17.7   0.0   3.5e-05     0.077       2      31 ..    2107    2136 ..    2106    2137 .. 0.91

  Alignments for each domain:
  == domain 1  score: 13.5 bits;  conditional E-value: 0.00081
      Round3_FinalIHelix   9 lllfiagletisnsllsslLfyl 31 
                              +lf+ag++t++n+l+ slL+++
  tr|T1IQ14|T1IQ14_STRMM 303 FDLFLAGSDTTTNTLGWSLLYMI 325
                             478*************9999985 PP

  == domain 2  score: 5.2 bits;  conditional E-value: 0.37
      Round3_FinalIHelix  10 llfiagletisnsllss 26 
                             + fiag+et++n+l  +
  tr|T1IQ14|T1IQ14_STRMM 697 DFFIAGSETSTNTLE-W 712
                             67***********94.5 PP

  == domain 3  score: 16.1 bits;  conditional E-value: 0.00012
      Round3_FinalIHelix    2 keaeglalllfiagletisnsllsslLf 29  
                              k+++g  l+lf+ag++t++n+l+  lL+
  tr|T1IQ14|T1IQ14_STRMM 1155 KHLSGVLLDLFFAGSDTTTNTLGWCLLY 1182
                              7888889***************944444 PP

  == domain 4  score: 11.4 bits;  conditional E-value: 0.0039
      Round3_FinalIHelix    3 eaeglalllfiagletisnsllsslLfyl 31  
                              +++g   +lf+ag++t++n+ + slL+++
  tr|T1IQ14|T1IQ14_STRMM 1687 QLPGVLFDLFAAGSDTTTNTIGWSLLYMI 1715
                              555666799*************9999985 PP

  == domain 5  score: 17.7 bits;  conditional E-value: 3.5e-05
      Round3_FinalIHelix    2 keaeglalllfiagletisnsllsslLfyl 31  
                              k++++  l+lf+ag++t++n+l+ slL+++
  tr|T1IQ14|T1IQ14_STRMM 2107 KQLPMVLLDLFLAGSDTTTNTLGWSLLYMI 2136
                              6888999****************9999985 PP

>> tr|A0A7R8X8W7|A0A7R8X8W7_9CRUS  Cytochrome P450 (Fragment) OS=Darwinula stevensoni OX=69355 GN=DSTB1V02_LOCUS3234 PE=
   #    score  bias  c-Evalue  i-Evalue hmmfrom  hmm to    alifrom  ali to    envfrom  env to     acc
 ---   ------ ----- --------- --------- ------- -------    ------- -------    ------- -------    ----
   1 !   13.6   0.1   0.00073       1.6       6      32 ..     313     338 ..     309     339 .. 0.88
   2 !   15.1   0.1   0.00024      0.52       2      32 ..     543     572 ..     542     573 .. 0.84
   3 ?    7.3   0.1     0.082   1.8e+02       3      26 ..     949     971 ..     947     976 .. 0.82
   4 !   15.5   0.1   0.00018       0.4       3      32 ..    1425    1453 ..    1423    1454 .. 0.84
   5 ?    3.2   0.0       1.6   3.5e+03       2      28 ..    1813    1837 ..    1812    1841 .. 0.83
   6 !   11.0   0.3    0.0052        11       4      31 ..    2164    2191 ..    2161    2192 .. 0.83
   7 ?    1.3   0.1       6.7   1.5e+04       3      26 ..    2600    2623 ..    2598    2629 .. 0.76

  Alignments for each domain:
  == domain 1  score: 13.6 bits;  conditional E-value: 0.00073
              Round3_FinalIHelix   6 glalllfiagletisnsllsslLfyll 32 
                                      ++l++++ag++t+s s   +++++l+
  tr|A0A7R8X8W7|A0A7R8X8W7_9CRUS 313 VMILDMLLAGIDTTSHSI-AFTIYNLA 338
                                     799***************.599***98 PP

  == domain 2  score: 15.1 bits;  conditional E-value: 0.00024
              Round3_FinalIHelix   2 keaeglalllfiagletisnsllsslLfyll 32 
                                     ke+  ++l++++ag++t+sn+ + + L+ l+
  tr|A0A7R8X8W7|A0A7R8X8W7_9CRUS 543 KEVLVMILDMLLAGVDTTSNTIG-FALYHLA 572
                                     5666899***************9.5588876 PP

  == domain 3  score: 7.3 bits;  conditional E-value: 0.082
              Round3_FinalIHelix   3 eaeglalllfiagletisnsllss 26 
                                     e+  ++l++++ag++t   ++l s
  tr|A0A7R8X8W7|A0A7R8X8W7_9CRUS 949 EVLVMILDMLFAGIDTVCFTCL-S 971
                                     566799***********99995.6 PP

  == domain 4  score: 15.5 bits;  conditional E-value: 0.00018
              Round3_FinalIHelix    3 eaeglalllfiagletisnsllsslLfyll 32  
                                      e+  ++l++++ag++t+sn++  ++ f l+
  tr|A0A7R8X8W7|A0A7R8X8W7_9CRUS 1425 EVLVMILDMLFAGIDTTSNTVA-FTMFHLA 1453
                                      566799***************5.8888776 PP

  == domain 5  score: 3.2 bits;  conditional E-value: 1.6
              Round3_FinalIHelix    2 keaeglalllfiagletisnsllsslL 28  
                                      ke+  ++l++++ g++t   ++ +s +
  tr|A0A7R8X8W7|A0A7R8X8W7_9CRUS 1813 KEVLVMILDMLLGGIDTVCFTC-FS-V 1837
                                      5666799***************.57.3 PP

  == domain 6  score: 11.0 bits;  conditional E-value: 0.0052
              Round3_FinalIHelix    4 aeglalllfiagletisnsllsslLfyl 31  
                                      +  ++l++++ag++t   ++ls l++ +
  tr|A0A7R8X8W7|A0A7R8X8W7_9CRUS 2164 VFVMILDMLFAGIDTVCFTCLSVLCQVI 2191
                                      55799***************87777766 PP

  == domain 7  score: 1.3 bits;  conditional E-value: 6.7
              Round3_FinalIHelix    3 eaeglalllfiagletisnsllss 26  
                                      e+  ++l+++ ag++t  +s  +s
  tr|A0A7R8X8W7|A0A7R8X8W7_9CRUS 2600 EVLVMILDMLSAGIDTCQVSYMFS 2623
                                      556799**********87766555 PP

>> tr|A0A914TY97|A0A914TY97_9BILA  Cytochrome P450 OS=Panagrolaimus sp. PS1159 OX=55785 PE=3 SV=1
   #    score  bias  c-Evalue  i-Evalue hmmfrom  hmm to    alifrom  ali to    envfrom  env to     acc
 ---   ------ ----- --------- --------- ------- -------    ------- -------    ------- -------    ----
   1 !   24.9   0.1   1.7e-07   0.00037       3      31 ..     228     255 ..     226     257 .. 0.90
   2 !   28.7   0.1   9.7e-09   2.1e-05       3      31 ..     350     377 ..     348     379 .. 0.93

  Alignments for each domain:
  == domain 1  score: 24.9 bits;  conditional E-value: 1.7e-07
              Round3_FinalIHelix   3 eaeglalllfiagletisnsllsslLfyl 31 
                                     ++++ +l+l+iag+et s++l s+++ yl
  tr|A0A914TY97|A0A914TY97_9BILA 228 QLYATILDLWIAGQETVSYTL-SWMCIYL 255
                                     668889***************.****998 PP

  == domain 2  score: 28.7 bits;  conditional E-value: 9.7e-09
              Round3_FinalIHelix   3 eaeglalllfiagletisnsllsslLfyl 31 
                                     ++++++l+l+iag+et+s++l s+++ yl
  tr|A0A914TY97|A0A914TY97_9BILA 350 QLYAIILDLWIAGQETASYTL-SWMCIYL 377
                                     7899*****************.****998 PP

>> tr|A0A2P4UUB4|A0A2P4UUB4_CAERE  Cytochrome P450 OS=Caenorhabditis remanei OX=31234 GN=FL81_17644 PE=3 SV=1
   #    score  bias  c-Evalue  i-Evalue hmmfrom  hmm to    alifrom  ali to    envfrom  env to     acc
 ---   ------ ----- --------- --------- ------- -------    ------- -------    ------- -------    ----
   1 ?    5.6   0.1      0.29   6.3e+02      10      30 ..     333     352 ..     328     355 .. 0.82
   2 !   12.6   0.2    0.0015       3.3      10      32 ..     830     851 ..     824     852 .. 0.92
   3 ?   10.1   0.2      0.01        22      10      32 ..    1246    1267 ..    1241    1268 .. 0.91
   4 !   11.5   0.3    0.0036       7.8      10      32 ..    1683    1704 ..    1677    1705 .. 0.92
   5 !   15.7   0.2   0.00016      0.35      10      32 ..    2162    2183 ..    2154    2184 .. 0.88

  Alignments for each domain:
  == domain 1  score: 5.6 bits;  conditional E-value: 0.29
              Round3_FinalIHelix  10 llfiagletisnsllsslLfy 30 
                                     +l+ ag+et+s +l s+   +
  tr|A0A2P4UUB4|A0A2P4UUB4_CAERE 333 DLWQAGQETTSTTL-SWAFSC 352
                                     78************.995555 PP

  == domain 2  score: 12.6 bits;  conditional E-value: 0.0015
              Round3_FinalIHelix  10 llfiagletisnsllsslLfyll 32 
                                     +l++ag+et+s +l ++ +++ll
  tr|A0A2P4UUB4|A0A2P4UUB4_CAERE 830 DLWLAGQETTSTTL-TWACACLL 851
                                     89************.8*****98 PP

  == domain 3  score: 10.1 bits;  conditional E-value: 0.01
              Round3_FinalIHelix   10 llfiagletisnsllsslLfyll 32  
                                      +l++ag+et+s +l ++ + ++l
  tr|A0A2P4UUB4|A0A2P4UUB4_CAERE 1246 DLWLAGQETTSTTL-TWACVCFL 1267
                                      89************.8*999986 PP

  == domain 4  score: 11.5 bits;  conditional E-value: 0.0036
              Round3_FinalIHelix   10 llfiagletisnsllsslLfyll 32  
                                      +l++ag+et+s +l ++ + +ll
  tr|A0A2P4UUB4|A0A2P4UUB4_CAERE 1683 DLWLAGQETTSTTL-TWACVCLL 1704
                                      89************.8*****97 PP

  == domain 5  score: 15.7 bits;  conditional E-value: 0.00016
              Round3_FinalIHelix   10 llfiagletisnsllsslLfyll 32  
                                      +l+iag+et+s +l s+ +++ll
  tr|A0A2P4UUB4|A0A2P4UUB4_CAERE 2162 DLWIAGQETTSTTL-SWACACLL 2183
                                      89************.******98 PP

>> tr|A0A6P8J260|A0A6P8J260_ACTTE  Uncharacterized protein LOC116305923 OS=Actinia tenebrosa OX=6105 GN=LOC116305923 PE=
   #    score  bias  c-Evalue  i-Evalue hmmfrom  hmm to    alifrom  ali to    envfrom  env to     acc
 ---   ------ ----- --------- --------- ------- -------    ------- -------    ------- -------    ----
   1 !   17.5   0.2   4.2e-05     0.091       9      32 ..     323     345 ..     320     346 .. 0.92
   2 !   23.5   0.2   4.7e-07     0.001       6      32 ..     874     899 ..     870     900 .. 0.88

  Alignments for each domain:
  == domain 1  score: 17.5 bits;  conditional E-value: 4.2e-05
              Round3_FinalIHelix   9 lllfiagletisnsllsslLfyll 32 
                                     +++f+ g++t+sn++ ++lL++l+
  tr|A0A6P8J260|A0A6P8J260_ACTTE 323 IEMFMGGVDTTSNTA-LWLLYNLA 345
                                     69*************.6******8 PP

  == domain 2  score: 23.5 bits;  conditional E-value: 4.7e-07
              Round3_FinalIHelix   6 glalllfiagletisnsllsslLfyll 32 
                                     + a+++f+ag++t+sn++ ++lL++l+
  tr|A0A6P8J260|A0A6P8J260_ACTTE 874 MSAIEMFMAGVDTTSNTA-LWLLYSLA 899
                                     5589**************.6******8 PP

>> tr|A0A7R9AEE9|A0A7R9AEE9_9CRUS  Cytochrome P450 (Fragment) OS=Darwinula stevensoni OX=69355 GN=DSTB1V02_LOCUS12045 PE
   #    score  bias  c-Evalue  i-Evalue hmmfrom  hmm to    alifrom  ali to    envfrom  env to     acc
 ---   ------ ----- --------- --------- ------- -------    ------- -------    ------- -------    ----
   1 ?    2.2   0.0       3.5   7.6e+03      10      24 ..     247     261 ..     244     262 .. 0.89
   2 !   16.4   0.0   9.2e-05       0.2       3      32 ..     329     357 ..     327     358 .. 0.88
   3 ?    2.2   0.0       3.5   7.6e+03      10      24 ..     559     573 ..     556     574 .. 0.89
   4 !   16.4   0.0   9.2e-05       0.2       3      32 ..     641     669 ..     639     670 .. 0.88

  Alignments for each domain:
  == domain 1  score: 2.2 bits;  conditional E-value: 3.5
              Round3_FinalIHelix  10 llfiagletisnsll 24 
                                     ll++a++et s++++
  tr|A0A7R9AEE9|A0A7R9AEE9_9CRUS 247 LLINAVFETFSAFSY 261
                                     69*********9987 PP

  == domain 2  score: 16.4 bits;  conditional E-value: 9.2e-05
              Round3_FinalIHelix   3 eaeglalllfiagletisnsllsslLfyll 32 
                                     e+ +++ +++iag++t++n l+ ++L+ l+
  tr|A0A7R9AEE9|A0A7R9AEE9_9CRUS 329 EVLTMITDMLIAGIDTTGNCLG-FTLYHLA 357
                                     556899***************8.99**987 PP

  == domain 3  score: 2.2 bits;  conditional E-value: 3.5
              Round3_FinalIHelix  10 llfiagletisnsll 24 
                                     ll++a++et s++++
  tr|A0A7R9AEE9|A0A7R9AEE9_9CRUS 559 LLINAVFETFSAFSY 573
                                     69*********9987 PP

  == domain 4  score: 16.4 bits;  conditional E-value: 9.2e-05
              Round3_FinalIHelix   3 eaeglalllfiagletisnsllsslLfyll 32 
                                     e+ +++ +++iag++t++n l+ ++L+ l+
  tr|A0A7R9AEE9|A0A7R9AEE9_9CRUS 641 EVLTMITDMLIAGIDTTGNCLG-FTLYHLA 669
                                     556899***************8.99**987 PP

>> tr|A0A6H0JLQ2|A0A6H0JLQ2_APHGO  Cytochrome P450 monooxygenase CYP301B1 OS=Aphis gossypii OX=80765 PE=2 SV=1
   #    score  bias  c-Evalue  i-Evalue hmmfrom  hmm to    alifrom  ali to    envfrom  env to     acc
 ---   ------ ----- --------- --------- ------- -------    ------- -------    ------- -------    ----
   1 !   21.1   0.4   2.8e-06    0.0061       6      32 ..     325     350 ..     321     351 .. 0.90
   2 !   18.2   0.1   2.4e-05     0.052       7      32 ..     865     889 ..     860     890 .. 0.90

  Alignments for each domain:
  == domain 1  score: 21.1 bits;  conditional E-value: 2.8e-06
              Round3_FinalIHelix   6 glalllfiagletisnsllsslLfyll 32 
                                      lal+l+++g++tis+++ +s+L++++
  tr|A0A6H0JLQ2|A0A6H0JLQ2_APHGO 325 ILALDLILVGIDTISMAV-CSMLYQIA 350
                                     589***************.9****987 PP

  == domain 2  score: 18.2 bits;  conditional E-value: 2.4e-05
              Round3_FinalIHelix   7 lalllfiagletisnsllsslLfyll 32 
                                     l l++fi+g++t+s++l  s+L++l+
  tr|A0A6H0JLQ2|A0A6H0JLQ2_APHGO 865 LSLDMFIVGIDTTSAAL-ASILYQLS 889
                                     789**************.6*****97 PP

>> tr|A0A9D3SN64|A0A9D3SN64_9TELE  Cytochrome P450 OS=Hemibagrus wyckioides OX=337641 GN=KOW79_004935 PE=3 SV=1
   #    score  bias  c-Evalue  i-Evalue hmmfrom  hmm to    alifrom  ali to    envfrom  env to     acc
 ---   ------ ----- --------- --------- ------- -------    ------- -------    ------- -------    ----
   1 !   11.3   0.0     0.004       8.8       6      31 ..     315     339 ..     310     341 .. 0.79
   2 !   11.3   0.0     0.004       8.8       6      31 ..     755     779 ..     750     781 .. 0.79
   3 !   14.7   0.1   0.00032      0.69       8      32 ..    1130    1153 ..    1123    1154 .. 0.85

  Alignments for each domain:
  == domain 1  score: 11.3 bits;  conditional E-value: 0.004
              Round3_FinalIHelix   6 glalllfiagletisnsllsslLfyl 31 
                                     g + +l++ag++t+sn++  + L  l
  tr|A0A9D3SN64|A0A9D3SN64_9TELE 315 GSVTELLLAGVDTTSNTM-MWALHLL 339
                                     55679*************.5877655 PP

  == domain 2  score: 11.3 bits;  conditional E-value: 0.004
              Round3_FinalIHelix   6 glalllfiagletisnsllsslLfyl 31 
                                     g + +l++ag++t+sn++  + L  l
  tr|A0A9D3SN64|A0A9D3SN64_9TELE 755 GSVTELLLAGVDTTSNTM-MWALHLL 779
                                     55679*************.5877655 PP

  == domain 3  score: 14.7 bits;  conditional E-value: 0.00032
              Round3_FinalIHelix    8 alllfiagletisnsllsslLfyll 32  
                                      + +l++ag++t+sn++  + L+ l+
  tr|A0A9D3SN64|A0A9D3SN64_9TELE 1130 VTELLLAGVDTTSNTM-MWALYLLS 1153
                                      679*************.5*999986 PP

>> tr|A0A7R8D2R9|A0A7R8D2R9_LEPSM  (salmon louse) hypothetical protein OS=Lepeophtheirus salmonis OX=72036 GN=LSAA_13237
   #    score  bias  c-Evalue  i-Evalue hmmfrom  hmm to    alifrom  ali to    envfrom  env to     acc
 ---   ------ ----- --------- --------- ------- -------    ------- -------    ------- -------    ----
   1 !   19.3   0.2   1.1e-05     0.024       3      31 ..     271     298 ..     269     299 .. 0.88
   2 !   19.2   0.2   1.1e-05     0.025       3      31 ..     638     665 ..     636     666 .. 0.88

  Alignments for each domain:
  == domain 1  score: 19.3 bits;  conditional E-value: 1.1e-05
              Round3_FinalIHelix   3 eaeglalllfiagletisnsllsslLfyl 31 
                                     ++  + ++lf ag+et+s +l +++L+y 
  tr|A0A7R8D2R9|A0A7R8D2R9_LEPSM 271 QLAVICMDLFVAGSETSSITL-TWMLMYM 298
                                     666788***************.8****96 PP

  == domain 2  score: 19.2 bits;  conditional E-value: 1.1e-05
              Round3_FinalIHelix   3 eaeglalllfiagletisnsllsslLfyl 31 
                                     ++  + ++lf ag+et+s +l +++L+y 
  tr|A0A7R8D2R9|A0A7R8D2R9_LEPSM 638 QLAVICMDLFVAGSETSSTTL-TWMLMYM 665
                                     666788***************.8****96 PP

>> tr|A0A7R8D2D1|A0A7R8D2D1_LEPSM  (salmon louse) hypothetical protein OS=Lepeophtheirus salmonis OX=72036 GN=LSAA_13237
   #    score  bias  c-Evalue  i-Evalue hmmfrom  hmm to    alifrom  ali to    envfrom  env to     acc
 ---   ------ ----- --------- --------- ------- -------    ------- -------    ------- -------    ----
   1 !   19.2   0.2   1.1e-05     0.025       3      31 ..     271     298 ..     269     299 .. 0.88
   2 !   19.2   0.2   1.2e-05     0.026       3      31 ..     665     692 ..     663     693 .. 0.88

  Alignments for each domain:
  == domain 1  score: 19.2 bits;  conditional E-value: 1.1e-05
              Round3_FinalIHelix   3 eaeglalllfiagletisnsllsslLfyl 31 
                                     ++  + ++lf ag+et+s +l +++L+y 
  tr|A0A7R8D2D1|A0A7R8D2D1_LEPSM 271 QLAVICMDLFVAGSETSSITL-TWMLMYM 298
                                     666788***************.8****96 PP

  == domain 2  score: 19.2 bits;  conditional E-value: 1.2e-05
              Round3_FinalIHelix   3 eaeglalllfiagletisnsllsslLfyl 31 
                                     ++  + ++lf ag+et+s +l +++L+y 
  tr|A0A7R8D2D1|A0A7R8D2D1_LEPSM 665 QLAVICMDLFVAGSETSSTTL-TWMLMYM 692
                                     666788***************.8****96 PP

>> tr|A0A182K8E3|A0A182K8E3_9DIPT  Cytochrome P450 OS=Anopheles christyi OX=43041 PE=3 SV=1
   #    score  bias  c-Evalue  i-Evalue hmmfrom  hmm to    alifrom  ali to    envfrom  env to     acc
 ---   ------ ----- --------- --------- ------- -------    ------- -------    ------- -------    ----
   1 !   15.5   0.1   0.00018      0.39       7      32 ..      31      55 ..      25      56 .. 0.90
   2 ?    8.9   0.0     0.024        53       7      32 ..     540     564 ..     534     565 .. 0.88
   3 !   13.5   0.1   0.00081       1.8       6      32 ..    1040    1065 ..    1035    1066 .. 0.90

  Alignments for each domain:
  == domain 1  score: 15.5 bits;  conditional E-value: 0.00018
              Round3_FinalIHelix  7 lalllfiagletisnsllsslLfyll 32
                                    +al++++ag++t+s  ++ ++L++l+
  tr|A0A182K8E3|A0A182K8E3_9DIPT 31 MALDMIFAGIDTTSSGSV-AILYCLA 55
                                    89***************7.******8 PP

  == domain 2  score: 8.9 bits;  conditional E-value: 0.024
              Round3_FinalIHelix   7 lalllfiagletisnsllsslLfyll 32 
                                     + l+++ ag++t+s  + + +L++l+
  tr|A0A182K8E3|A0A182K8E3_9DIPT 540 MSLDMLVAGIDTTSSGS-TGILYCLA 564
                                     889**********9999.899***98 PP

  == domain 3  score: 13.5 bits;  conditional E-value: 0.00081
              Round3_FinalIHelix    6 glalllfiagletisnsllsslLfyll 32  
                                       +a ++++ag++t+s s  + +L++l+
  tr|A0A182K8E3|A0A182K8E3_9DIPT 1040 VMAFDMLMAGIDTTSSST-FGILYCLA 1065
                                      6889**************.6******8 PP

>> tr|A0A6J2X2Z7|A0A6J2X2Z7_SITOR  Uncharacterized protein LOC115874478 OS=Sitophilus oryzae OX=7048 GN=LOC115874478 PE=
   #    score  bias  c-Evalue  i-Evalue hmmfrom  hmm to    alifrom  ali to    envfrom  env to     acc
 ---   ------ ----- --------- --------- ------- -------    ------- -------    ------- -------    ----
   1 !   20.8   0.4   3.6e-06    0.0079       6      32 ..     321     346 ..     317     347 .. 0.91
   2 !   18.9   0.3   1.4e-05     0.031       4      32 ..     893     920 ..     890     920 .. 0.89

  Alignments for each domain:
  == domain 1  score: 20.8 bits;  conditional E-value: 3.6e-06
              Round3_FinalIHelix   6 glalllfiagletisnsllsslLfyll 32 
                                      lal+l+++g++tis+++ +s+L++l+
  tr|A0A6J2X2Z7|A0A6J2X2Z7_SITOR 321 ILALDLILVGIDTISMAV-CSILYQLA 346
                                     589***************.9*****98 PP

  == domain 2  score: 18.9 bits;  conditional E-value: 1.4e-05
              Round3_FinalIHelix   4 aeglalllfiagletisnsllsslLfyll 32 
                                     a+ lal++f++g++tisn++  s+L++l+
  tr|A0A6J2X2Z7|A0A6J2X2Z7_SITOR 893 ASILALDMFLVGVDTISNAV-ASILYQLA 920
                                     5669****************.6*****97 PP

>> tr|A0A3Q0JHQ7|A0A3Q0JHQ7_DIACI  Uncharacterized protein LOC103519287 OS=Diaphorina citri OX=121845 GN=LOC103519287 PE
   #    score  bias  c-Evalue  i-Evalue hmmfrom  hmm to    alifrom  ali to    envfrom  env to     acc
 ---   ------ ----- --------- --------- ------- -------    ------- -------    ------- -------    ----
   1 !   20.0   0.8   6.4e-06     0.014       7      30 ..      19      42 ..      14      44 .. 0.85
   2 !   20.0   0.8   6.4e-06     0.014       7      30 ..     354     377 ..     349     379 .. 0.85

  Alignments for each domain:
  == domain 1  score: 20.0 bits;  conditional E-value: 6.4e-06
              Round3_FinalIHelix  7 lalllfiagletisnsllsslLfy 30
                                    l l+lf+ag+et+snsl +s+L+ 
  tr|A0A3Q0JHQ7|A0A3Q0JHQ7_DIACI 19 LLLDLFMAGSETTSNSLSFSVLYL 42
                                    679**************8787775 PP

  == domain 2  score: 20.0 bits;  conditional E-value: 6.4e-06
              Round3_FinalIHelix   7 lalllfiagletisnsllsslLfy 30 
                                     l l+lf+ag+et+snsl +s+L+ 
  tr|A0A3Q0JHQ7|A0A3Q0JHQ7_DIACI 354 LLLDLFMAGSETTSNSLSFSVLYL 377
                                     679**************8787775 PP

>> tr|A0A498NHQ1|A0A498NHQ1_LABRO  Sterol 26-mitochondrial-like protein OS=Labeo rohita OX=84645 GN=ROHU_017039 PE=1 SV=
   #    score  bias  c-Evalue  i-Evalue hmmfrom  hmm to    alifrom  ali to    envfrom  env to     acc
 ---   ------ ----- --------- --------- ------- -------    ------- -------    ------- -------    ----
   1 !   15.6   0.1   0.00017      0.37       8      32 ..     321     344 ..     315     345 .. 0.84
   2 !   20.3   0.1     5e-06     0.011       3      32 ..     693     721 ..     691     722 .. 0.87

  Alignments for each domain:
  == domain 1  score: 15.6 bits;  conditional E-value: 0.00017
              Round3_FinalIHelix   8 alllfiagletisnsllsslLfyll 32 
                                     + +l++ag++t+sn++ +++L  l+
  tr|A0A498NHQ1|A0A498NHQ1_LABRO 321 ISELLLAGVDTTSNTM-LWTLHLLS 344
                                     6799************.6**98775 PP

  == domain 2  score: 20.3 bits;  conditional E-value: 5e-06
              Round3_FinalIHelix   3 eaeglalllfiagletisnsllsslLfyll 32 
                                     e++g + +l++ag++t+sn++ +++L+ l+
  tr|A0A498NHQ1|A0A498NHQ1_LABRO 693 EVYGSVSELLLAGVDTTSNTM-LWTLYLLS 721
                                     66777789*************.6****997 PP

>> tr|A0AA47P344|A0AA47P344_MERPO  Cytochrome P450 2D15 OS=Merluccius polli OX=89951 GN=CYP2D15_0 PE=3 SV=1
   #    score  bias  c-Evalue  i-Evalue hmmfrom  hmm to    alifrom  ali to    envfrom  env to     acc
 ---   ------ ----- --------- --------- ------- -------    ------- -------    ------- -------    ----
   1 !   13.8   0.2   0.00066       1.4       3      30 ..     284     311 ..     282     313 .. 0.89
   2 !   12.0   0.2    0.0024       5.3       6      30 ..     751     775 ..     747     777 .. 0.87
   3 !   13.8   0.2   0.00066       1.4       3      30 ..    1248    1275 ..    1246    1277 .. 0.89
   4 !   12.4   0.2    0.0018       3.9       6      30 ..    1752    1776 ..    1747    1778 .. 0.86

  Alignments for each domain:
  == domain 1  score: 13.8 bits;  conditional E-value: 0.00066
              Round3_FinalIHelix   3 eaeglalllfiagletisnsllsslLfy 30 
                                     +++++a +l +ag +t+sn+ll+slL+ 
  tr|A0AA47P344|A0AA47P344_MERPO 284 QLSSFAQDLHFAGTDTTSNTLLTSLLYL 311
                                     6789999***************998885 PP

  == domain 2  score: 12.0 bits;  conditional E-value: 0.0024
              Round3_FinalIHelix   6 glalllfiagletisnsllsslLfy 30 
                                     ++a +l +ag +t+sn+ll+slL+ 
  tr|A0AA47P344|A0AA47P344_MERPO 751 AFAQDLHFAGTDTTSNTLLTSLLYL 775
                                     5788999************998885 PP

  == domain 3  score: 13.8 bits;  conditional E-value: 0.00066
              Round3_FinalIHelix    3 eaeglalllfiagletisnsllsslLfy 30  
                                      +++++a +l +ag +t+sn+ll+slL+ 
  tr|A0AA47P344|A0AA47P344_MERPO 1248 QLSSFAQDLHFAGTDTTSNTLLTSLLYL 1275
                                      6789999***************998885 PP

  == domain 4  score: 12.4 bits;  conditional E-value: 0.0018
              Round3_FinalIHelix    6 glalllfiagletisnsllsslLfy 30  
                                      ++a +l +ag +t+sn+ll+slL+ 
  tr|A0AA47P344|A0AA47P344_MERPO 1752 AFAQDLHFAGTDTTSNTLLTSLLYL 1776
                                      688999*************998885 PP

>> tr|C3XV68|C3XV68_BRAFL  Cytochrome P450 OS=Branchiostoma floridae OX=7739 GN=BRAFLDRAFT_91871 PE=3 SV=1
   #    score  bias  c-Evalue  i-Evalue hmmfrom  hmm to    alifrom  ali to    envfrom  env to     acc
 ---   ------ ----- --------- --------- ------- -------    ------- -------    ------- -------    ----
   1 !   13.0   0.3    0.0011       2.5       7      32 ..     330     354 ..     325     355 .. 0.88
   2 !   13.0   0.3    0.0011       2.5       7      32 ..     787     811 ..     782     812 .. 0.88
   3 !   14.8   0.2   0.00031      0.68       3      32 ..    1267    1295 ..    1266    1296 .. 0.88

  Alignments for each domain:
  == domain 1  score: 13.0 bits;  conditional E-value: 0.0011
      Round3_FinalIHelix   7 lalllfiagletisnsllsslLfyll 32 
                             +a +l +ag++t++n+l  + Lf+l+
  tr|C3XV68|C3XV68_BRAFL 330 MAVDLMAAGIDTSGNTLM-FNLFCLA 354
                             7889*************5.99****8 PP

  == domain 2  score: 13.0 bits;  conditional E-value: 0.0011
      Round3_FinalIHelix   7 lalllfiagletisnsllsslLfyll 32 
                             +a +l +ag++t++n+l  + Lf+l+
  tr|C3XV68|C3XV68_BRAFL 787 MAVDLMAAGIDTSGNTLM-FNLFCLA 811
                             7889*************5.99****8 PP

  == domain 3  score: 14.8 bits;  conditional E-value: 0.00031
      Round3_FinalIHelix    3 eaeglalllfiagletisnsllsslLfyll 32  
                              ea  +a +l+ ag++t++n+l  + Lf+l+
  tr|C3XV68|C3XV68_BRAFL 1267 EAMEMAVDLLSAGIDTTGNTLM-FNLFCLA 1295
                              5667999**************5.99****8 PP

>> tr|A0A182NTP7|A0A182NTP7_9DIPT  Cytochrome P450 OS=Anopheles dirus OX=7168 PE=3 SV=1
   #    score  bias  c-Evalue  i-Evalue hmmfrom  hmm to    alifrom  ali to    envfrom  env to     acc
 ---   ------ ----- --------- --------- ------- -------    ------- -------    ------- -------    ----
   1 ?    7.1   0.0     0.094     2e+02       4      32 ..     350     377 ..     348     378 .. 0.86
   2 !   14.6   0.1   0.00036      0.78       5      32 ..     781     807 ..     776     808 .. 0.86
   3 ?    4.2   0.0      0.77   1.7e+03       5      32 ..    1264    1290 ..    1259    1291 .. 0.86
   4 !   10.3   0.1    0.0089        19       7      32 ..    1756    1780 ..    1750    1781 .. 0.85
   5 ?    2.6   0.1       2.6   5.6e+03      10      32 ..    2275    2296 ..    2269    2297 .. 0.81

  Alignments for each domain:
  == domain 1  score: 7.1 bits;  conditional E-value: 0.094
              Round3_FinalIHelix   4 aeglalllfiagletisnsllsslLfyll 32 
                                     a+++ l+ ++ag++t+s  + + +L+ l+
  tr|A0A182NTP7|A0A182NTP7_9DIPT 350 AYTMSLDAIFAGVDTTSSGS-TGVLYLLA 377
                                     689*************9888.78888887 PP

  == domain 2  score: 14.6 bits;  conditional E-value: 0.00036
              Round3_FinalIHelix   5 eglalllfiagletisnsllsslLfyll 32 
                                       +al++++ag+et+s s  + +L++l+
  tr|A0A182NTP7|A0A182NTP7_9DIPT 781 VIMALDMIFAGIETTSTST-LGTLYCLA 807
                                     569****************.599****8 PP

  == domain 3  score: 4.2 bits;  conditional E-value: 0.77
              Round3_FinalIHelix    5 eglalllfiagletisnsllsslLfyll 32  
                                        +al++++ g+e +s++ +  +L++l+
  tr|A0A182NTP7|A0A182NTP7_9DIPT 1264 VIMALDMIFGGIEMTSATTV-GTLYCLA 1290
                                      5699***************7.99****8 PP

  == domain 4  score: 10.3 bits;  conditional E-value: 0.0089
              Round3_FinalIHelix    7 lalllfiagletisnsllsslLfyll 32  
                                      + l++++ag++t+s  ++  +L++l+
  tr|A0A182NTP7|A0A182NTP7_9DIPT 1756 MSLDMLMAGIDTTSSGSV-GILYCLA 1780
                                      89**********998886.89***98 PP

  == domain 5  score: 2.6 bits;  conditional E-value: 2.6
              Round3_FinalIHelix   10 llfiagletisnsllsslLfyll 32  
                                      +  + g++t+s s  + +L++l+
  tr|A0A182NTP7|A0A182NTP7_9DIPT 2275 DTVMGGIDTTSSST-FGILYCLA 2296
                                      556679********.6******8 PP

>> tr|A0A9J6AKC7|A0A9J6AKC7_SOLCO  Cytochrome P450 OS=Solanum commersonii OX=4109 GN=H5410_009681 PE=3 SV=1
   #    score  bias  c-Evalue  i-Evalue hmmfrom  hmm to    alifrom  ali to    envfrom  env to     acc
 ---   ------ ----- --------- --------- ------- -------    ------- -------    ------- -------    ----
   1 !   21.3   0.2   2.4e-06    0.0052       5      32 ..      13      39 ..      10      40 .. 0.91
   2 !   18.8   0.4   1.6e-05     0.034       6      32 ..     391     416 ..     387     417 .. 0.90

  Alignments for each domain:
  == domain 1  score: 21.3 bits;  conditional E-value: 2.4e-06
              Round3_FinalIHelix  5 eglalllfiagletisnsllsslLfyll 32
                                     +++l+l++ag+et+s+ l s+l+++l+
  tr|A0A9J6AKC7|A0A9J6AKC7_SOLCO 13 VSIVLDLLFAGFETTSGLL-SLLVYFLA 39
                                    5799***************.9*****98 PP

  == domain 2  score: 18.8 bits;  conditional E-value: 1.6e-05
              Round3_FinalIHelix   6 glalllfiagletisnsllsslLfyll 32 
                                     ++ l+l++ag+et+s+ l s+l+++l+
  tr|A0A9J6AKC7|A0A9J6AKC7_SOLCO 391 SILLDLLLAGYETTSGLL-SLLVYFLA 416
                                     6789**************.9****997 PP

>> tr|A0A8S1CB21|A0A8S1CB21_9INSE  Cytochrome P450 OS=Cloeon dipterum OX=197152 GN=CLODIP_2_CD14423 PE=3 SV=1
   #    score  bias  c-Evalue  i-Evalue hmmfrom  hmm to    alifrom  ali to    envfrom  env to     acc
 ---   ------ ----- --------- --------- ------- -------    ------- -------    ------- -------    ----
   1 !   18.3   0.1   2.3e-05      0.05       8      32 ..     322     345 ..     319     346 .. 0.92
   2 !   16.7   0.1   7.4e-05      0.16       8      31 ..     805     827 ..     801     829 .. 0.93

  Alignments for each domain:
  == domain 1  score: 18.3 bits;  conditional E-value: 2.3e-05
              Round3_FinalIHelix   8 alllfiagletisnsllsslLfyll 32 
                                     ++++++ag++t+sns+  ++L+yl+
  tr|A0A8S1CB21|A0A8S1CB21_9INSE 322 GMDIILAGVDTTSNSA-AMILYYLA 345
                                     589*************.6******8 PP

  == domain 2  score: 16.7 bits;  conditional E-value: 7.4e-05
              Round3_FinalIHelix   8 alllfiagletisnsllsslLfyl 31 
                                     ++++++ag++t+sns+  ++L+yl
  tr|A0A8S1CB21|A0A8S1CB21_9INSE 805 GMDIILAGVDTTSNSA-AMVLYYL 827
                                     589*************.6*****8 PP

>> tr|M1DND6|M1DND6_SOLTU  Cytochrome P450 OS=Solanum tuberosum OX=4113 PE=3 SV=1
   #    score  bias  c-Evalue  i-Evalue hmmfrom  hmm to    alifrom  ali to    envfrom  env to     acc
 ---   ------ ----- --------- --------- ------- -------    ------- -------    ------- -------    ----
   1 !   21.2   0.2   2.7e-06    0.0059       5      32 ..      82     108 ..      79     109 .. 0.91
   2 !   18.6   0.4   1.8e-05     0.039       6      32 ..     460     485 ..     456     486 .. 0.90

  Alignments for each domain:
  == domain 1  score: 21.2 bits;  conditional E-value: 2.7e-06
      Round3_FinalIHelix   5 eglalllfiagletisnsllsslLfyll 32 
                              +++l+l++ag+et+s+ l s+l+++l+
  tr|M1DND6|M1DND6_SOLTU  82 VSIVLDLLFAGFETTSGLL-SLLVYFLA 108
                             5799***************.9*****98 PP

  == domain 2  score: 18.6 bits;  conditional E-value: 1.8e-05
      Round3_FinalIHelix   6 glalllfiagletisnsllsslLfyll 32 
                             ++ l+l++ag+et+s+ l s+l+++l+
  tr|M1DND6|M1DND6_SOLTU 460 SILLDLLLAGYETTSGLL-SLLVYFLA 485
                             6789**************.9****997 PP

>> tr|A0A2A4K8G4|A0A2A4K8G4_HELVI  Cytochrome P450 301a1, mitochondrial OS=Heliothis virescens OX=7102 GN=B5V51_12880 PE
   #    score  bias  c-Evalue  i-Evalue hmmfrom  hmm to    alifrom  ali to    envfrom  env to     acc
 ---   ------ ----- --------- --------- ------- -------    ------- -------    ------- -------    ----
   1 !   19.8   0.8   7.6e-06     0.017       7      32 ..     334     358 ..     330     359 .. 0.93
   2 !   19.8   0.8   7.6e-06     0.017       7      32 ..     565     589 ..     561     590 .. 0.93

  Alignments for each domain:
  == domain 1  score: 19.8 bits;  conditional E-value: 7.6e-06
              Round3_FinalIHelix   7 lalllfiagletisnsllsslLfyll 32 
                                     +al+l+++g++tis+++ +s+L++++
  tr|A0A2A4K8G4|A0A2A4K8G4_HELVI 334 MALDLILVGIDTISMAV-CSILYQAA 358
                                     89***************.9****998 PP

  == domain 2  score: 19.8 bits;  conditional E-value: 7.6e-06
              Round3_FinalIHelix   7 lalllfiagletisnsllsslLfyll 32 
                                     +al+l+++g++tis+++ +s+L++++
  tr|A0A2A4K8G4|A0A2A4K8G4_HELVI 565 MALDLILVGIDTISMAV-CSILYQAA 589
                                     89***************.9****998 PP

>> tr|A0A7R9BFG6|A0A7R9BFG6_9CRUS  Cytochrome P450 OS=Notodromas monacha OX=399045 GN=NMOB1V02_LOCUS2139 PE=3 SV=1
   #    score  bias  c-Evalue  i-Evalue hmmfrom  hmm to    alifrom  ali to    envfrom  env to     acc
 ---   ------ ----- --------- --------- ------- -------    ------- -------    ------- -------    ----
   1 !   19.7   0.3   8.1e-06     0.018       7      32 ..     318     342 ..     314     343 .. 0.94
   2 !   17.1   0.3   5.3e-05      0.12       7      32 ..     824     848 ..     823     849 .. 0.93

  Alignments for each domain:
  == domain 1  score: 19.7 bits;  conditional E-value: 8.1e-06
              Round3_FinalIHelix   7 lalllfiagletisnsllsslLfyll 32 
                                     l+l+l++ag++t+s s++ +lLf+l+
  tr|A0A7R9BFG6|A0A7R9BFG6_9CRUS 318 LILDLLMAGIDTTSHSMG-FLLFQLA 342
                                     79***************8.*****98 PP

  == domain 2  score: 17.1 bits;  conditional E-value: 5.3e-05
              Round3_FinalIHelix   7 lalllfiagletisnsllsslLfyll 32 
                                     l+l+l++ag++t+s s++ +lL+ l+
  tr|A0A7R9BFG6|A0A7R9BFG6_9CRUS 824 LILDLLMAGIDTTSHSMG-FLLYHLA 848
                                     79***************8.****987 PP

>> tr|A0A8J6HEY8|A0A8J6HEY8_TENMO  HAT C-terminal dimerisation domain-containing protein OS=Tenebrio molitor OX=7067 GN=
   #    score  bias  c-Evalue  i-Evalue hmmfrom  hmm to    alifrom  ali to    envfrom  env to     acc
 ---   ------ ----- --------- --------- ------- -------    ------- -------    ------- -------    ----
   1 ?    9.2   0.0      0.02        44       3      32 ..     260     289 ..     258     290 .. 0.87
   2 !   11.2   0.0    0.0045       9.7       4      32 ..     840     868 ..     837     869 .. 0.88
   3 ?    6.3   0.0      0.17   3.7e+02       5      31 ..    2026    2051 ..    2022    2053 .. 0.82
   4 ?    7.9   0.0     0.049   1.1e+02       3      32 ..    2551    2580 ..    2549    2581 .. 0.88

  Alignments for each domain:
  == domain 1  score: 9.2 bits;  conditional E-value: 0.02
              Round3_FinalIHelix   3 ea.eglalllfiagletisnsllsslLfyll 32 
                                     ++  ++  ++ iag++t++ +l  + L+yl+
  tr|A0A8J6HEY8|A0A8J6HEY8_TENMO 260 NVaIAMSVDMMIAGVDTTGRVL-AAALYYLS 289
                                     55689999**************.599***97 PP

  == domain 2  score: 11.2 bits;  conditional E-value: 0.0045
              Round3_FinalIHelix   4 a.eglalllfiagletisnsllsslLfyll 32 
                                     +  g+ l++ iag++t++ +l  s L+yl+
  tr|A0A8J6HEY8|A0A8J6HEY8_TENMO 840 VaVGMSLDMMIAGIDTTGRVL-ASGLYYLS 868
                                     4489*****************.599***97 PP

  == domain 3  score: 6.3 bits;  conditional E-value: 0.17
              Round3_FinalIHelix    5 eglalllfiagletisnsllsslLfyl 31  
                                       g+ l++ iag++t++ +l    L+yl
  tr|A0A8J6HEY8|A0A8J6HEY8_TENMO 2026 VGMSLDMMIAGIDTTGRVLA-GGLYYL 2051
                                      689************99983.666666 PP

  == domain 4  score: 7.9 bits;  conditional E-value: 0.049
              Round3_FinalIHelix    3 ea.eglalllfiagletisnsllsslLfyll 32  
                                      ++  g+ +++ +ag++t++ +l  + L+yl+
  tr|A0A8J6HEY8|A0A8J6HEY8_TENMO 2551 NVaVGMSIDMMLAGIDTTGRVL-AAGLYYLS 2580
                                      66689*****************.59999997 PP

>> tr|A0A1I7RLW6|A0A1I7RLW6_BURXY  Cytochrome P450 OS=Bursaphelenchus xylophilus OX=6326 PE=3 SV=1
   #    score  bias  c-Evalue  i-Evalue hmmfrom  hmm to    alifrom  ali to    envfrom  env to     acc
 ---   ------ ----- --------- --------- ------- -------    ------- -------    ------- -------    ----
   1 !   16.6   0.0   7.9e-05      0.17       6      32 ..     297     322 ..     294     323 .. 0.89
   2 !   16.6   0.0   7.9e-05      0.17       6      32 ..     491     516 ..     488     517 .. 0.89

  Alignments for each domain:
  == domain 1  score: 16.6 bits;  conditional E-value: 7.9e-05
              Round3_FinalIHelix   6 glalllfiagletisnsllsslLfyll 32 
                                     ++ ++l+ ag+et+s +l +++++yl 
  tr|A0A1I7RLW6|A0A1I7RLW6_BURXY 297 NICMDLWVAGQETTSSTL-TWIIAYLI 322
                                     678***************.8****995 PP

  == domain 2  score: 16.6 bits;  conditional E-value: 7.9e-05
              Round3_FinalIHelix   6 glalllfiagletisnsllsslLfyll 32 
                                     ++ ++l+ ag+et+s +l +++++yl 
  tr|A0A1I7RLW6|A0A1I7RLW6_BURXY 491 NICMDLWVAGQETTSSTL-TWIIAYLI 516
                                     678***************.8****995 PP

>> tr|A0A8J4UMJ4|A0A8J4UMJ4_CLAMG  Cytochrome P450 2F2-like OS=Clarias magur OX=1594786 GN=DAT39_012293 PE=3 SV=1
   #    score  bias  c-Evalue  i-Evalue hmmfrom  hmm to    alifrom  ali to    envfrom  env to     acc
 ---   ------ ----- --------- --------- ------- -------    ------- -------    ------- -------    ----
   1 !   13.4   0.2   0.00088       1.9       2      30 ..     329     357 ..     328     360 .. 0.88
   2 !   14.0   0.3   0.00055       1.2       2      30 ..     755     783 ..     754     786 .. 0.89
   3 !   12.4   0.3    0.0018         4       2      30 ..    1202    1230 ..    1201    1232 .. 0.92

  Alignments for each domain:
  == domain 1  score: 13.4 bits;  conditional E-value: 0.00088
              Round3_FinalIHelix   2 keaeglalllfiagletisnsllsslLfy 30 
                                     +++ +++++l  ag +t+sn+ll+++L+ 
  tr|A0A8J4UMJ4|A0A8J4UMJ4_CLAMG 329 ENLVSYIIDLHVAGTDTTSNTLLTAILYL 357
                                     67799*****************9998886 PP

  == domain 2  score: 14.0 bits;  conditional E-value: 0.00055
              Round3_FinalIHelix   2 keaeglalllfiagletisnsllsslLfy 30 
                                     ++++++++ l +ag +t+sn+ll+++L+ 
  tr|A0A8J4UMJ4|A0A8J4UMJ4_CLAMG 755 EQLSTYIMNLHLAGTDTTSNTLLTAILYL 783
                                     7899******************9998886 PP

  == domain 3  score: 12.4 bits;  conditional E-value: 0.0018
              Round3_FinalIHelix    2 keaeglalllfiagletisnsllsslLfy 30  
                                      +++ +++l l  ag +t+sn+ll+++L+ 
  tr|A0A8J4UMJ4|A0A8J4UMJ4_CLAMG 1202 EQLVAYILNLHVAGTDTTSNTLLTAMLYL 1230
                                      78899**********************96 PP

>> tr|A0A146B458|A0A146B458_BUBBU  Cytochrome P450 aromatase (Fragment) OS=Bubalus bubalis OX=89462 GN=Cyp19 PE=3 SV=1
   #    score  bias  c-Evalue  i-Evalue hmmfrom  hmm to    alifrom  ali to    envfrom  env to     acc
 ---   ------ ----- --------- --------- ------- -------    ------- -------    ------- -------    ----
   1 !   34.9   0.2     1e-10   2.3e-07       2      32 ..       8      37 ..       7      38 .. 0.92

  Alignments for each domain:
  == domain 1  score: 34.9 bits;  conditional E-value: 1e-10
              Round3_FinalIHelix  2 keaeglalllfiagletisnsllsslLfyll 32
                                    +++++++l+++ia+++t+s+s+ +++Lf ++
  tr|A0A146B458|A0A146B458_BUBBU  8 ENVNQCILEMLIAAPDTMSVSV-FFMLFLIA 37
                                    789*******************.6****987 PP

>> tr|A0A2P4USE4|A0A2P4USE4_CAERE  Uncharacterized protein OS=Caenorhabditis remanei OX=31234 GN=FL81_18256 PE=3 SV=1
   #    score  bias  c-Evalue  i-Evalue hmmfrom  hmm to    alifrom  ali to    envfrom  env to     acc
 ---   ------ ----- --------- --------- ------- -------    ------- -------    ------- -------    ----
   1 !   12.4   0.1    0.0018         4       4      25 ..     295     316 ..     292     323 .. 0.86
   2 ?    4.8   0.0       0.5   1.1e+03      10      24 ..     771     785 ..     765     789 .. 0.87
   3 ?    8.0   0.1     0.046     1e+02       5      25 ..    1244    1264 ..    1240    1271 .. 0.82
   4 ?    7.4   0.0     0.074   1.6e+02      10      24 ..    1712    1726 ..    1706    1730 .. 0.87

  Alignments for each domain:
  == domain 1  score: 12.4 bits;  conditional E-value: 0.0018
              Round3_FinalIHelix   4 aeglalllfiagletisnslls 25 
                                     +++++++l+i+g+et++ +l+s
  tr|A0A2P4USE4|A0A2P4USE4_CAERE 295 LKTMIIDLWITGQETTTTTLIS 316
                                     589***************9974 PP

  == domain 2  score: 4.8 bits;  conditional E-value: 0.5
              Round3_FinalIHelix  10 llfiagletisnsll 24 
                                     +l++ag++t++ +l+
  tr|A0A2P4USE4|A0A2P4USE4_CAERE 771 DLWLAGQDTTATTLV 785
                                     89*********9997 PP

  == domain 3  score: 8.0 bits;  conditional E-value: 0.046
              Round3_FinalIHelix    5 eglalllfiagletisnslls 25  
                                      +++  +l+i+g+et++ +l+s
  tr|A0A2P4USE4|A0A2P4USE4_CAERE 1244 KTMLFDLWITGQETTTTTLIS 1264
                                      5667789**********9974 PP

  == domain 4  score: 7.4 bits;  conditional E-value: 0.074
              Round3_FinalIHelix   10 llfiagletisnsll 24  
                                      +l++ag++t+s +l+
  tr|A0A2P4USE4|A0A2P4USE4_CAERE 1712 DLWFAGQDTTSTTLV 1726
                                      89***********97 PP

>> tr|A0A5C6MWB6|A0A5C6MWB6_9TELE  Cytochrome P450 2J2 OS=Takifugu flavidus OX=433684 GN=D4764_07G0004060 PE=3 SV=1
   #    score  bias  c-Evalue  i-Evalue hmmfrom  hmm to    alifrom  ali to    envfrom  env to     acc
 ---   ------ ----- --------- --------- ------- -------    ------- -------    ------- -------    ----
   1 !   11.9   0.6    0.0025       5.6       6      31 ..     234     258 ..     229     260 .. 0.85
   2 !   15.2   0.9   0.00023      0.49       3      31 ..     631     658 ..     629     660 .. 0.84
   3 !   11.5   0.0    0.0036       7.8       3      31 ..    1100    1127 ..    1098    1129 .. 0.81

  Alignments for each domain:
  == domain 1  score: 11.9 bits;  conditional E-value: 0.0025
              Round3_FinalIHelix   6 glalllfiagletisnsllsslLfyl 31 
                                      + l+lf+ag et++ +ll + L yl
  tr|A0A5C6MWB6|A0A5C6MWB6_9TELE 234 LCSLDLFLAGTETTATTLL-WALVYL 258
                                     599***************5.888877 PP

  == domain 2  score: 15.2 bits;  conditional E-value: 0.00023
              Round3_FinalIHelix   3 eaeglalllfiagletisnsllsslLfyl 31 
                                     ++ ++ l+lfiag et++ +ll + L yl
  tr|A0A5C6MWB6|A0A5C6MWB6_9TELE 631 NLAMCSLDLFIAGTETTATTLL-WALVYL 658
                                     5679*****************6.777666 PP

  == domain 3  score: 11.5 bits;  conditional E-value: 0.0036
              Round3_FinalIHelix    3 eaeglalllfiagletisnsllsslLfyl 31  
                                      ++  + l+lf+ag+et+s +l  + L yl
  tr|A0A5C6MWB6|A0A5C6MWB6_9TELE 1100 NLVLCCLDLFLAGSETTSKTL-QWGLIYL 1127
                                      556699*************99.5877666 PP

>> tr|E3NG39|E3NG39_CAERE  CYtochrome P450 family OS=Caenorhabditis remanei OX=31234 GN=CRE_02666 PE=3 SV=1
   #    score  bias  c-Evalue  i-Evalue hmmfrom  hmm to    alifrom  ali to    envfrom  env to     acc
 ---   ------ ----- --------- --------- ------- -------    ------- -------    ------- -------    ----
   1 !   17.6   0.4   3.7e-05     0.081       4      32 ..     292     319 ..     289     320 .. 0.81
   2 !   17.6   0.4   3.7e-05     0.081       4      32 ..     605     632 ..     602     633 .. 0.81

  Alignments for each domain:
  == domain 1  score: 17.6 bits;  conditional E-value: 3.7e-05
      Round3_FinalIHelix   4 aeglalllfiagletisnsllsslLfyll 32 
                             ++ +++ l+ ag et+sn+l+ slL+ ll
  tr|E3NG39|E3NG39_CAERE 292 DSVCFD-LWVAGMETTSNTLYWSLLYVLL 319
                             466755.5*************99999886 PP

  == domain 2  score: 17.6 bits;  conditional E-value: 3.7e-05
      Round3_FinalIHelix   4 aeglalllfiagletisnsllsslLfyll 32 
                             ++ +++ l+ ag et+sn+l+ slL+ ll
  tr|E3NG39|E3NG39_CAERE 605 DSVCFD-LWVAGMETTSNTLYWSLLYVLL 632
                             466755.5*************99999886 PP

>> tr|A0A2J8VBN7|A0A2J8VBN7_PONAB  Aromatase (Fragment) OS=Pongo abelii OX=9601 GN=CR201_G0020169 PE=3 SV=1
   #    score  bias  c-Evalue  i-Evalue hmmfrom  hmm to    alifrom  ali to    envfrom  env to     acc
 ---   ------ ----- --------- --------- ------- -------    ------- -------    ------- -------    ----
   1 !   33.4   0.2   3.1e-10   6.8e-07       2      32 ..       5      34 ..       4      35 .. 0.92

  Alignments for each domain:
  == domain 1  score: 33.4 bits;  conditional E-value: 3.1e-10
              Round3_FinalIHelix  2 keaeglalllfiagletisnsllsslLfyll 32
                                    +++++++l+++ia+++t+s+sl +++Lf ++
  tr|A0A2J8VBN7|A0A2J8VBN7_PONAB  5 ENVNQCILEMLIAAPDTMSVSL-FFMLFLIA 34
                                    789*******************.6****987 PP

>> tr|A0A2J8NSX2|A0A2J8NSX2_PANTR  Aromatase (Fragment) OS=Pan troglodytes OX=9598 GN=CK820_G0008582 PE=3 SV=1
   #    score  bias  c-Evalue  i-Evalue hmmfrom  hmm to    alifrom  ali to    envfrom  env to     acc
 ---   ------ ----- --------- --------- ------- -------    ------- -------    ------- -------    ----
   1 !   33.4   0.2   3.1e-10   6.8e-07       2      32 ..       5      34 ..       4      35 .. 0.92

  Alignments for each domain:
  == domain 1  score: 33.4 bits;  conditional E-value: 3.1e-10
              Round3_FinalIHelix  2 keaeglalllfiagletisnsllsslLfyll 32
                                    +++++++l+++ia+++t+s+sl +++Lf ++
  tr|A0A2J8NSX2|A0A2J8NSX2_PANTR  5 ENVNQCILEMLIAAPDTMSVSL-FFMLFLIA 34
                                    789*******************.6****987 PP

>> tr|H0YK57|H0YK57_HUMAN  Aromatase (Fragment) OS=Homo sapiens OX=9606 GN=CYP19A1 PE=1 SV=1
   #    score  bias  c-Evalue  i-Evalue hmmfrom  hmm to    alifrom  ali to    envfrom  env to     acc
 ---   ------ ----- --------- --------- ------- -------    ------- -------    ------- -------    ----
   1 !   33.4   0.2   3.1e-10   6.9e-07       2      32 ..       6      35 ..       5      36 .. 0.92

  Alignments for each domain:
  == domain 1  score: 33.4 bits;  conditional E-value: 3.1e-10
      Round3_FinalIHelix  2 keaeglalllfiagletisnsllsslLfyll 32
                            +++++++l+++ia+++t+s+sl +++Lf ++
  tr|H0YK57|H0YK57_HUMAN  6 ENVNQCILEMLIAAPDTMSVSL-FFMLFLIA 35
                            789*******************.6****987 PP

>> tr|A0A261CMN1|A0A261CMN1_9PELO  Cytochrome P450 (Fragment) OS=Caenorhabditis latens OX=1503980 GN=FL83_01912 PE=3 SV=
   #    score  bias  c-Evalue  i-Evalue hmmfrom  hmm to    alifrom  ali to    envfrom  env to     acc
 ---   ------ ----- --------- --------- ------- -------    ------- -------    ------- -------    ----
   1 !   12.3   0.1    0.0019       4.2       3      26 ..     249     271 ..     247     277 .. 0.84
   2 ?    7.0   0.1     0.096   2.1e+02       8      30 ..     711     732 ..     705     735 .. 0.83
   3 ?    7.9   0.1      0.05   1.1e+02       8      30 ..    1190    1211 ..    1187    1214 .. 0.85
   4 ?    7.9   0.1     0.051   1.1e+02       8      30 ..    1650    1671 ..    1646    1674 .. 0.86

  Alignments for each domain:
  == domain 1  score: 12.3 bits;  conditional E-value: 0.0019
              Round3_FinalIHelix   3 eaeglalllfiagletisnsllss 26 
                                     ++ ++al+ ++ag et+sn+l  +
  tr|A0A261CMN1|A0A261CMN1_9PELO 249 NLCACALDFWMAGMETTSNAL-RW 271
                                     5668****************9.36 PP

  == domain 2  score: 7.0 bits;  conditional E-value: 0.096
              Round3_FinalIHelix   8 alllfiagletisnsllsslLfy 30 
                                     +l+ + ag et+snsl  + L+y
  tr|A0A261CMN1|A0A261CMN1_9PELO 711 VLDFWVAGMETTSNSL-RWHLAY 732
                                     7899************.587766 PP

  == domain 3  score: 7.9 bits;  conditional E-value: 0.05
              Round3_FinalIHelix    8 alllfiagletisnsllsslLfy 30  
                                      +l+ ++ag et+snsl  + L+y
  tr|A0A261CMN1|A0A261CMN1_9PELO 1190 VLDFWLAGMETTSNSL-RWHLAY 1211
                                      5899************.587766 PP

  == domain 4  score: 7.9 bits;  conditional E-value: 0.051
              Round3_FinalIHelix    8 alllfiagletisnsllsslLfy 30  
                                      +l+ ++ag et+snsl  + L+y
  tr|A0A261CMN1|A0A261CMN1_9PELO 1650 VLDFWLAGMETTSNSL-RWHLAY 1671
                                      5899************.587766 PP

>> tr|A0A0D9YNE9|A0A0D9YNE9_9ORYZ  Cytochrome P450 OS=Oryza glumipatula OX=40148 PE=4 SV=1
   #    score  bias  c-Evalue  i-Evalue hmmfrom  hmm to    alifrom  ali to    envfrom  env to     acc
 ---   ------ ----- --------- --------- ------- -------    ------- -------    ------- -------    ----
   1 ?    9.7   0.1     0.013        29       5      26 ..     114     134 ..     112     137 .. 0.85
   2 ?    3.3   0.0       1.5   3.3e+03       8      26 ..     420     437 ..     416     440 .. 0.84
   3 ?    5.0   0.0      0.43   9.5e+02       6      23 ..     928     945 ..     925     949 .. 0.86
   4 ?    4.2   0.0      0.81   1.8e+03       4      23 ..    1445    1464 ..    1442    1468 .. 0.85
   5 ?    8.0   0.0     0.047     1e+02       4      22 ..    1696    1714 ..    1693    1718 .. 0.87

  Alignments for each domain:
  == domain 1  score: 9.7 bits;  conditional E-value: 0.013
              Round3_FinalIHelix   5 eglalllfiagletisnsllss 26 
                                     +++ l+lf+ag+et++n+l  +
  tr|A0A0D9YNE9|A0A0D9YNE9_9ORYZ 114 KAILLDLFNAGSETSANTL-QW 134
                                     57889*************9.47 PP

  == domain 2  score: 3.3 bits;  conditional E-value: 1.5
              Round3_FinalIHelix   8 alllfiagletisnsllss 26 
                                     + +lf ag+et++n+l  +
  tr|A0A0D9YNE9|A0A0D9YNE9_9ORYZ 420 IRDLFGAGSETSANTL-QW 437
                                     6799***********9.46 PP

  == domain 3  score: 5.0 bits;  conditional E-value: 0.43
              Round3_FinalIHelix   6 glalllfiagletisnsl 23 
                                     + +l+lf ag+et++n+l
  tr|A0A0D9YNE9|A0A0D9YNE9_9ORYZ 928 AVVLDLFGAGSETSANTL 945
                                     5689************99 PP

  == domain 4  score: 4.2 bits;  conditional E-value: 0.81
              Round3_FinalIHelix    4 aeglalllfiagletisnsl 23  
                                      +++ +l+lf ag+et+s +l
  tr|A0A0D9YNE9|A0A0D9YNE9_9ORYZ 1445 LKAVILDLFGAGSETSSDAL 1464
                                      67889***********9776 PP

  == domain 5  score: 8.0 bits;  conditional E-value: 0.047
              Round3_FinalIHelix    4 aeglalllfiagletisns 22  
                                      +++ +l+lf ag+et+sn+
  tr|A0A0D9YNE9|A0A0D9YNE9_9ORYZ 1696 LKAVILELFCAGSETSSNA 1714
                                      67889************98 PP

>> tr|A0A498MRQ1|A0A498MRQ1_LABRO  Cytochrome P450 2J2-like isoform X1 OS=Labeo rohita OX=84645 GN=ROHU_022301 PE=1 SV=1
   #    score  bias  c-Evalue  i-Evalue hmmfrom  hmm to    alifrom  ali to    envfrom  env to     acc
 ---   ------ ----- --------- --------- ------- -------    ------- -------    ------- -------    ----
   1 ?    7.2   0.3     0.087   1.9e+02       8      29 ..     305     326 ..     302     328 .. 0.85
   2 ?    7.8   0.2     0.054   1.2e+02       9      30 ..     475     495 ..     474     497 .. 0.86
   3 ?    8.6   0.7      0.03        66       7      30 ..     785     807 ..     780     809 .. 0.82
   4 ?    6.3   0.8      0.16   3.6e+02       7      29 ..    1121    1142 ..    1116    1145 .. 0.82
   5 !   13.3   1.0   0.00094       2.1       7      30 ..    1366    1389 ..    1361    1390 .. 0.89
   6 !   11.2   0.7    0.0045       9.7       7      30 ..    1643    1665 ..    1638    1667 .. 0.82

  Alignments for each domain:
  == domain 1  score: 7.2 bits;  conditional E-value: 0.087
              Round3_FinalIHelix   8 alllfiagletisnsllsslLf 29 
                                     +l+lf ag et+s +ll ++++
  tr|A0A498MRQ1|A0A498MRQ1_LABRO 305 VLDLFVAGTETTSTTLLWAFVY 326
                                     59**************766665 PP

  == domain 2  score: 7.8 bits;  conditional E-value: 0.054
              Round3_FinalIHelix   9 lllfiagletisnsllsslLfy 30 
                                     l+lfi g+et+s +l+ + L+y
  tr|A0A498MRQ1|A0A498MRQ1_LABRO 475 LDLFIRGSETTSTTLY-WGLLY 495
                                     79*************9.76665 PP

  == domain 3  score: 8.6 bits;  conditional E-value: 0.03
              Round3_FinalIHelix   7 lalllfiagletisnsllsslLfy 30 
                                     + l+lf ag et+s +l+ + L+y
  tr|A0A498MRQ1|A0A498MRQ1_LABRO 785 CTLDLFVAGTETTSTTLY-WGLLY 807
                                     889**************9.64433 PP

  == domain 4  score: 6.3 bits;  conditional E-value: 0.16
              Round3_FinalIHelix    7 lalllfiagletisnsllsslLf 29  
                                      + l+lf ag+et+  +l+ + L+
  tr|A0A498MRQ1|A0A498MRQ1_LABRO 1121 CTLDLFVAGSETTFTTLY-WGLL 1142
                                      889**************9.6443 PP

  == domain 5  score: 13.3 bits;  conditional E-value: 0.00094
              Round3_FinalIHelix    7 lalllfiagletisnsllsslLfy 30  
                                      +al+lf ag et+s +l+ +lL++
  tr|A0A498MRQ1|A0A498MRQ1_LABRO 1366 CALDLFVAGTETTSTTLYWALLYM 1389
                                      9*****************888776 PP

  == domain 6  score: 11.2 bits;  conditional E-value: 0.0045
              Round3_FinalIHelix    7 lalllfiagletisnsllsslLfy 30  
                                      + l+lfiag et+s +l+ + L+y
  tr|A0A498MRQ1|A0A498MRQ1_LABRO 1643 CTLDLFIAGTETTSTTLY-WGLLY 1665
                                      889**************9.64433 PP

>> tr|A0A8H3GYA2|A0A8H3GYA2_9AGAM  Benzoate 4-monooxygenase OS=Rhizoctonia solani OX=456999 GN=RDB_LOCUS177404 PE=4 SV=1
   #    score  bias  c-Evalue  i-Evalue hmmfrom  hmm to    alifrom  ali to    envfrom  env to     acc
 ---   ------ ----- --------- --------- ------- -------    ------- -------    ------- -------    ----
   1 !   18.1   0.8   2.7e-05     0.058      11      32 ..     330     350 ..     327     350 .. 0.95
   2 !   18.1   0.8   2.7e-05     0.058      11      32 ..     669     689 ..     666     689 .. 0.95

  Alignments for each domain:
  == domain 1  score: 18.1 bits;  conditional E-value: 2.7e-05
              Round3_FinalIHelix  11 lfiagletisnsllsslLfyll 32 
                                     +f+ag++t+sn+l ssl+++l+
  tr|A0A8H3GYA2|A0A8H3GYA2_9AGAM 330 MFLAGSDTSSNTL-SSLCYQLA 350
                                     79***********.******97 PP

  == domain 2  score: 18.1 bits;  conditional E-value: 2.7e-05
              Round3_FinalIHelix  11 lfiagletisnsllsslLfyll 32 
                                     +f+ag++t+sn+l ssl+++l+
  tr|A0A8H3GYA2|A0A8H3GYA2_9AGAM 669 MFLAGSDTSSNTL-SSLCYQLA 689
                                     79***********.******97 PP

>> tr|A0A7R9Q1U2|A0A7R9Q1U2_9ACAR  Cytochrome P450 OS=Medioppia subpectinata OX=1979941 GN=OSB1V03_LOCUS9420 PE=3 SV=1
   #    score  bias  c-Evalue  i-Evalue hmmfrom  hmm to    alifrom  ali to    envfrom  env to     acc
 ---   ------ ----- --------- --------- ------- -------    ------- -------    ------- -------    ----
   1 !   15.6   0.2   0.00016      0.36       9      32 ..     542     564 ..     537     565 .. 0.91
   2 !   17.1   0.1   5.6e-05      0.12       4      32 ..     566     593 ..     564     594 .. 0.88

  Alignments for each domain:
  == domain 1  score: 15.6 bits;  conditional E-value: 0.00016
              Round3_FinalIHelix   9 lllfiagletisnsllsslLfyll 32 
                                     +l fiag++t+s+sl s +++yl+
  tr|A0A7R9Q1U2|A0A7R9Q1U2_9ACAR 542 ILFFIAGYDTTSASL-SHVVYYLS 564
                                     578************.******97 PP

  == domain 2  score: 17.1 bits;  conditional E-value: 5.6e-05
              Round3_FinalIHelix   4 aeglalllfiagletisnsllsslLfyll 32 
                                     +++ ++l fiag++t+s+sl s +++yl+
  tr|A0A7R9Q1U2|A0A7R9Q1U2_9ACAR 566 NKDXGILFFIAGYDTTSASL-SHVVYYLS 593
                                     56677899************.******97 PP

>> tr|A0A2P4WPX1|A0A2P4WPX1_CAERE  Cytochrome P450 OS=Caenorhabditis remanei OX=31234 GN=FL81_03529 PE=3 SV=1
   #    score  bias  c-Evalue  i-Evalue hmmfrom  hmm to    alifrom  ali to    envfrom  env to     acc
 ---   ------ ----- --------- --------- ------- -------    ------- -------    ------- -------    ----
   1 !   12.3   0.1    0.0019       4.2       3      26 ..     237     259 ..     235     265 .. 0.84
   2 ?    6.5   0.1      0.14   3.1e+02       8      30 ..     728     749 ..     724     752 .. 0.85
   3 ?    7.9   0.1      0.05   1.1e+02       8      30 ..    1174    1195 ..    1171    1198 .. 0.85
   4 ?    7.9   0.1     0.051   1.1e+02       8      30 ..    1634    1655 ..    1630    1658 .. 0.86

  Alignments for each domain:
  == domain 1  score: 12.3 bits;  conditional E-value: 0.0019
              Round3_FinalIHelix   3 eaeglalllfiagletisnsllss 26 
                                     ++ ++al+ ++ag et+sn+l  +
  tr|A0A2P4WPX1|A0A2P4WPX1_CAERE 237 NLCACALDFWMAGMETTSNAL-RW 259
                                     5668****************9.36 PP

  == domain 2  score: 6.5 bits;  conditional E-value: 0.14
              Round3_FinalIHelix   8 alllfiagletisnsllsslLfy 30 
                                     +l+ + ag et+snsl  + L+y
  tr|A0A2P4WPX1|A0A2P4WPX1_CAERE 728 VLDFWVAGMETTSNSL-RWHLAY 749
                                     5899************.587766 PP

  == domain 3  score: 7.9 bits;  conditional E-value: 0.05
              Round3_FinalIHelix    8 alllfiagletisnsllsslLfy 30  
                                      +l+ ++ag et+snsl  + L+y
  tr|A0A2P4WPX1|A0A2P4WPX1_CAERE 1174 VLDFWLAGMETTSNSL-RWHLAY 1195
                                      5899************.587766 PP

  == domain 4  score: 7.9 bits;  conditional E-value: 0.051
              Round3_FinalIHelix    8 alllfiagletisnsllsslLfy 30  
                                      +l+ ++ag et+snsl  + L+y
  tr|A0A2P4WPX1|A0A2P4WPX1_CAERE 1634 VLDFWLAGMETTSNSL-RWHLAY 1655
                                      5899************.587766 PP

>> tr|A0A6J1N4F9|A0A6J1N4F9_BICAN  Uncharacterized protein LOC112049185 OS=Bicyclus anynana OX=110368 GN=LOC112049185 PE
   #    score  bias  c-Evalue  i-Evalue hmmfrom  hmm to    alifrom  ali to    envfrom  env to     acc
 ---   ------ ----- --------- --------- ------- -------    ------- -------    ------- -------    ----
   1 !   11.6   0.1    0.0032         7       7      32 ..     313     337 ..     308     338 .. 0.85
   2 !   20.7   0.2   3.8e-06    0.0083       3      32 ..     809     838 ..     807     839 .. 0.89

  Alignments for each domain:
  == domain 1  score: 11.6 bits;  conditional E-value: 0.0032
              Round3_FinalIHelix   7 lalllfiagletisnsllsslLfyll 32 
                                     +a+++++ag++t++n+ +   Lf l+
  tr|A0A6J1N4F9|A0A6J1N4F9_BICAN 313 MANDMLFAGVDTTANTII-GALFLLA 337
                                     89**************98.4488886 PP

  == domain 2  score: 20.7 bits;  conditional E-value: 3.8e-06
              Round3_FinalIHelix   3 ea.eglalllfiagletisnsllsslLfyll 32 
                                     ++  +la++lf+ag++t+++++ +++L+ l+
  tr|A0A6J1N4F9|A0A6J1N4F9_BICAN 809 NVaVTLANDLFLAGVDTSAGTA-LAILYLLA 838
                                     66689*****************.6*****98 PP

>> tr|A0A0D3F1P3|A0A0D3F1P3_9ORYZ  Cytochrome P450 OS=Oryza barthii OX=65489 PE=4 SV=1
   #    score  bias  c-Evalue  i-Evalue hmmfrom  hmm to    alifrom  ali to    envfrom  env to     acc
 ---   ------ ----- --------- --------- ------- -------    ------- -------    ------- -------    ----
   1 ?    5.1   0.0      0.41   8.9e+02       6      23 ..      10      27 ..       7      31 .. 0.86
   2 ?    1.8   0.0       4.8     1e+04      10      23 ..     215     228 ..     213     232 .. 0.87
   3 ?    3.6   0.0       1.2   2.7e+03       8      26 ..     737     754 ..     733     757 .. 0.84
   4 ?    5.3   0.0      0.35   7.7e+02       6      23 ..    1262    1279 ..    1259    1283 .. 0.86
   5 !   12.5   0.1    0.0017       3.7       5      26 ..    1749    1769 ..    1746    1772 .. 0.87

  Alignments for each domain:
  == domain 1  score: 5.1 bits;  conditional E-value: 0.41
              Round3_FinalIHelix  6 glalllfiagletisnsl 23
                                    + +l+lf ag+et++n+l
  tr|A0A0D3F1P3|A0A0D3F1P3_9ORYZ 10 AVVLELFGAGSETSANTL 27
                                    5689************99 PP

  == domain 2  score: 1.8 bits;  conditional E-value: 4.8
              Round3_FinalIHelix  10 llfiagletisnsl 23 
                                     +lf ag+et++n+l
  tr|A0A0D3F1P3|A0A0D3F1P3_9ORYZ 215 ELFGAGSETSANTL 228
                                     7999********99 PP

  == domain 3  score: 3.6 bits;  conditional E-value: 1.2
              Round3_FinalIHelix   8 alllfiagletisnsllss 26 
                                     + +lf ag+et++n+l  +
  tr|A0A0D3F1P3|A0A0D3F1P3_9ORYZ 737 IRDLFGAGSETSANTL-QW 754
                                     6799***********9.46 PP

  == domain 4  score: 5.3 bits;  conditional E-value: 0.35
              Round3_FinalIHelix    6 glalllfiagletisnsl 23  
                                      + +l+lf ag+et++n+l
  tr|A0A0D3F1P3|A0A0D3F1P3_9ORYZ 1262 AVVLDLFGAGSETSANTL 1279
                                      5689************99 PP

  == domain 5  score: 12.5 bits;  conditional E-value: 0.0017
              Round3_FinalIHelix    5 eglalllfiagletisnsllss 26  
                                      ++++l+lf+ag+et++n+l  +
  tr|A0A0D3F1P3|A0A0D3F1P3_9ORYZ 1749 KAIILDLFNAGSETSANTL-QW 1769
                                      689***************9.47 PP

>> tr|A0A182XZZ6|A0A182XZZ6_ANOST  Uncharacterized protein OS=Anopheles stephensi OX=30069 PE=3 SV=1
   #    score  bias  c-Evalue  i-Evalue hmmfrom  hmm to    alifrom  ali to    envfrom  env to     acc
 ---   ------ ----- --------- --------- ------- -------    ------- -------    ------- -------    ----
   1 ?   10.0   0.0      0.01        23       6      32 ..     316     341 ..     311     342 .. 0.90
   2 !   11.3   0.1    0.0041         9       8      32 ..     821     844 ..     815     845 .. 0.92
   3 !   10.4   0.1     0.008        18       7      32 ..    1305    1329 ..    1299    1330 .. 0.89

  Alignments for each domain:
  == domain 1  score: 10.0 bits;  conditional E-value: 0.01
              Round3_FinalIHelix   6 glalllfiagletisnsllsslLfyll 32 
                                     ++ +++++ag++t+s  + + +L++l+
  tr|A0A182XZZ6|A0A182XZZ6_ANOST 316 TMSMDSLFAGVDTTSSGS-TGVLYCLA 341
                                     799************999.89****98 PP

  == domain 2  score: 11.3 bits;  conditional E-value: 0.0041
              Round3_FinalIHelix   8 alllfiagletisnsllsslLfyll 32 
                                     al++++ag++t+s  +  ++L++l+
  tr|A0A182XZZ6|A0A182XZZ6_ANOST 821 ALDMIFAGIDTTSSGA-AAILYCLA 844
                                     79***********999.5******8 PP

  == domain 3  score: 10.4 bits;  conditional E-value: 0.008
              Round3_FinalIHelix    7 lalllfiagletisnsllsslLfyll 32  
                                      + l++++ag++t+s  ++  +L++l+
  tr|A0A182XZZ6|A0A182XZZ6_ANOST 1305 MSLDMLMAGIDTTSSGSI-GILYCLA 1329
                                      789**********99996.89***98 PP

>> tr|A0A2J8NSW7|A0A2J8NSW7_PANTR  Aromatase (Fragment) OS=Pan troglodytes OX=9598 GN=CK820_G0008582 PE=3 SV=1
   #    score  bias  c-Evalue  i-Evalue hmmfrom  hmm to    alifrom  ali to    envfrom  env to     acc
 ---   ------ ----- --------- --------- ------- -------    ------- -------    ------- -------    ----
   1 !   31.4   0.2   1.3e-09   2.9e-06       2      32 ..     294     323 ..     293     324 .. 0.92

  Alignments for each domain:
  == domain 1  score: 31.4 bits;  conditional E-value: 1.3e-09
              Round3_FinalIHelix   2 keaeglalllfiagletisnsllsslLfyll 32 
                                     +++++++l+++ia+++t+s+sl +++Lf ++
  tr|A0A2J8NSW7|A0A2J8NSW7_PANTR 294 ENVNQCILEMLIAAPDTMSVSL-FFMLFLIA 323
                                     789*******************.6****987 PP

>> tr|E7EQ08|E7EQ08_HUMAN  Aromatase OS=Homo sapiens OX=9606 GN=CYP19A1 PE=1 SV=2
   #    score  bias  c-Evalue  i-Evalue hmmfrom  hmm to    alifrom  ali to    envfrom  env to     acc
 ---   ------ ----- --------- --------- ------- -------    ------- -------    ------- -------    ----
   1 !   31.4   0.2   1.3e-09   2.9e-06       2      32 ..     294     323 ..     293     324 .. 0.92

  Alignments for each domain:
  == domain 1  score: 31.4 bits;  conditional E-value: 1.3e-09
      Round3_FinalIHelix   2 keaeglalllfiagletisnsllsslLfyll 32 
                             +++++++l+++ia+++t+s+sl +++Lf ++
  tr|E7EQ08|E7EQ08_HUMAN 294 ENVNQCILEMLIAAPDTMSVSL-FFMLFLIA 323
                             789*******************.6****987 PP

>> tr|Q7Z471|Q7Z471_HUMAN  Aromatase (Fragment) OS=Homo sapiens OX=9606 GN=CYP19A1 PE=2 SV=1
   #    score  bias  c-Evalue  i-Evalue hmmfrom  hmm to    alifrom  ali to    envfrom  env to     acc
 ---   ------ ----- --------- --------- ------- -------    ------- -------    ------- -------    ----
   1 !   31.4   0.2   1.4e-09     3e-06       2      32 ..     294     323 ..     293     324 .. 0.92

  Alignments for each domain:
  == domain 1  score: 31.4 bits;  conditional E-value: 1.4e-09
      Round3_FinalIHelix   2 keaeglalllfiagletisnsllsslLfyll 32 
                             +++++++l+++ia+++t+s+sl +++Lf ++
  tr|Q7Z471|Q7Z471_HUMAN 294 ENVNQCILEMLIAAPDTMSVSL-FFMLFLIA 323
                             789*******************.6****987 PP

>> tr|A3EYF4|A3EYF4_BUBBU  Aromatase cytochrome P450 (Fragment) OS=Bubalus bubalis OX=89462 PE=3 SV=1
   #    score  bias  c-Evalue  i-Evalue hmmfrom  hmm to    alifrom  ali to    envfrom  env to     acc
 ---   ------ ----- --------- --------- ------- -------    ------- -------    ------- -------    ----
   1 !   32.1   0.2   8.2e-10   1.8e-06       2      32 ..       8      37 ..       7      38 .. 0.92

  Alignments for each domain:
  == domain 1  score: 32.1 bits;  conditional E-value: 8.2e-10
      Round3_FinalIHelix  2 keaeglalllfiagletisnsllsslLfyll 32
                            +++++++l+++ia+++t+s+s+ +++Lf ++
  tr|A3EYF4|A3EYF4_BUBBU  8 ENVNQCILEMLIAAPDTMSVSV-FFMLFLIA 37
                            789*******************.6****987 PP

>> tr|A0A2J8VBP2|A0A2J8VBP2_PONAB  Aromatase (Fragment) OS=Pongo abelii OX=9601 GN=CR201_G0020169 PE=3 SV=1
   #    score  bias  c-Evalue  i-Evalue hmmfrom  hmm to    alifrom  ali to    envfrom  env to     acc
 ---   ------ ----- --------- --------- ------- -------    ------- -------    ------- -------    ----
   1 !   31.4   0.2   1.3e-09   2.9e-06       2      32 ..     294     323 ..     293     324 .. 0.92

  Alignments for each domain:
  == domain 1  score: 31.4 bits;  conditional E-value: 1.3e-09
              Round3_FinalIHelix   2 keaeglalllfiagletisnsllsslLfyll 32 
                                     +++++++l+++ia+++t+s+sl +++Lf ++
  tr|A0A2J8VBP2|A0A2J8VBP2_PONAB 294 ENVNQCILEMLIAAPDTMSVSL-FFMLFLIA 323
                                     789*******************.6****987 PP

>> tr|Q05CU4|Q05CU4_HUMAN  Aromatase (Fragment) OS=Homo sapiens OX=9606 GN=CYP19A1 PE=2 SV=1
   #    score  bias  c-Evalue  i-Evalue hmmfrom  hmm to    alifrom  ali to    envfrom  env to     acc
 ---   ------ ----- --------- --------- ------- -------    ------- -------    ------- -------    ----
   1 !   31.4   0.2   1.4e-09     3e-06       2      32 ..     294     323 ..     293     324 .. 0.92

  Alignments for each domain:
  == domain 1  score: 31.4 bits;  conditional E-value: 1.4e-09
      Round3_FinalIHelix   2 keaeglalllfiagletisnsllsslLfyll 32 
                             +++++++l+++ia+++t+s+sl +++Lf ++
  tr|Q05CU4|Q05CU4_HUMAN 294 ENVNQCILEMLIAAPDTMSVSL-FFMLFLIA 323
                             789*******************.6****987 PP

>> tr|A0A8J6FXK7|A0A8J6FXK7_MICOH  Aromatase OS=Microtus ochrogaster OX=79684 GN=LTLLF_200080 PE=3 SV=1
   #    score  bias  c-Evalue  i-Evalue hmmfrom  hmm to    alifrom  ali to    envfrom  env to     acc
 ---   ------ ----- --------- --------- ------- -------    ------- -------    ------- -------    ----
   1 ?    1.3   0.0       6.7   1.5e+04      11      30 ..      87     105 ..      85     108 .. 0.87
   2 !   28.7   0.3     1e-08   2.2e-05       2      30 ..     294     322 ..     292     324 .. 0.84

  Alignments for each domain:
  == domain 1  score: 1.3 bits;  conditional E-value: 6.7
              Round3_FinalIHelix  11 lfiagletisnsllsslLfy 30 
                                     ++i g et + s+ ss++f 
  tr|A0A8J6FXK7|A0A8J6FXK7_MICOH  87 VWISGEETLVISK-SSVIFH 105
                                     588999*******.9**995 PP

  == domain 2  score: 28.7 bits;  conditional E-value: 1e-08
              Round3_FinalIHelix   2 keaeglalllfiagletisnsllsslLfy 30 
                                     +++++++l+++ia+++t+s++l+++lL++
  tr|A0A8J6FXK7|A0A8J6FXK7_MICOH 294 ENVNQCILEMLIAAPDTMSVTLYFMLLLI 322
                                     577*******************9666654 PP

>> tr|H3ALV3|H3ALV3_LATCH  Cytochrome P450 family 19 subfamily A member 1 OS=Latimeria chalumnae OX=7897 GN=CYP19A1 PE=3
   #    score  bias  c-Evalue  i-Evalue hmmfrom  hmm to    alifrom  ali to    envfrom  env to     acc
 ---   ------ ----- --------- --------- ------- -------    ------- -------    ------- -------    ----
   1 ?    6.1   0.0      0.19   4.1e+02       5      23 ..      17      34 ..      14      38 .. 0.84
   2 !   24.1   0.2   3.1e-07   0.00069       2      32 ..     311     340 ..     310     341 .. 0.91

  Alignments for each domain:
  == domain 1  score: 6.1 bits;  conditional E-value: 0.19
      Round3_FinalIHelix  5 eglalllfiagletisnsl 23
                            e+  +++f+ +++++sn++
  tr|H3ALV3|H3ALV3_LATCH 17 EM-MMDVFNPVQHNSSNVM 34
                            45.5*************98 PP

  == domain 2  score: 24.1 bits;  conditional E-value: 3.1e-07
      Round3_FinalIHelix   2 keaeglalllfiagletisnsllsslLfyll 32 
                             +++ ++ l+++iag++t+s++l + +L+ ++
  tr|H3ALV3|H3ALV3_LATCH 311 ENVQQCLLEMLIAGPDTMSVTL-FYMLMLVA 340
                             7889******************.699*9886 PP

>> tr|A0A1D5QZ23|A0A1D5QZ23_MACMU  Aromatase OS=Macaca mulatta OX=9544 GN=CYP19A1 PE=3 SV=2
   #    score  bias  c-Evalue  i-Evalue hmmfrom  hmm to    alifrom  ali to    envfrom  env to     acc
 ---   ------ ----- --------- --------- ------- -------    ------- -------    ------- -------    ----
   1 !   30.8   0.2   2.1e-09   4.6e-06       2      32 ..     294     323 ..     293     324 .. 0.92

  Alignments for each domain:
  == domain 1  score: 30.8 bits;  conditional E-value: 2.1e-09
              Round3_FinalIHelix   2 keaeglalllfiagletisnsllsslLfyll 32 
                                     +++++++l+++ia+++t+s+sl +++Lf ++
  tr|A0A1D5QZ23|A0A1D5QZ23_MACMU 294 ENVNQCILEMLIAAPDTMSVSL-FFMLFLIA 323
                                     789*******************.6****987 PP

>> tr|A0A8J8XT54|A0A8J8XT54_MACMU  Aromatase OS=Macaca mulatta OX=9544 GN=EGK_17491 PE=3 SV=1
   #    score  bias  c-Evalue  i-Evalue hmmfrom  hmm to    alifrom  ali to    envfrom  env to     acc
 ---   ------ ----- --------- --------- ------- -------    ------- -------    ------- -------    ----
   1 !   30.8   0.2   2.1e-09   4.6e-06       2      32 ..     294     323 ..     293     324 .. 0.92

  Alignments for each domain:
  == domain 1  score: 30.8 bits;  conditional E-value: 2.1e-09
              Round3_FinalIHelix   2 keaeglalllfiagletisnsllsslLfyll 32 
                                     +++++++l+++ia+++t+s+sl +++Lf ++
  tr|A0A8J8XT54|A0A8J8XT54_MACMU 294 ENVNQCILEMLIAAPDTMSVSL-FFMLFLIA 323
                                     789*******************.6****987 PP

>> tr|A0A8J8YF18|A0A8J8YF18_MACFA  Aromatase OS=Macaca fascicularis OX=9541 GN=EGM_15975 PE=3 SV=1
   #    score  bias  c-Evalue  i-Evalue hmmfrom  hmm to    alifrom  ali to    envfrom  env to     acc
 ---   ------ ----- --------- --------- ------- -------    ------- -------    ------- -------    ----
   1 !   30.8   0.2   2.1e-09   4.6e-06       2      32 ..     294     323 ..     293     324 .. 0.92

  Alignments for each domain:
  == domain 1  score: 30.8 bits;  conditional E-value: 2.1e-09
              Round3_FinalIHelix   2 keaeglalllfiagletisnsllsslLfyll 32 
                                     +++++++l+++ia+++t+s+sl +++Lf ++
  tr|A0A8J8YF18|A0A8J8YF18_MACFA 294 ENVNQCILEMLIAAPDTMSVSL-FFMLFLIA 323
                                     789*******************.6****987 PP

>> tr|Q95LY0|Q95LY0_MACFA  Aromatase OS=Macaca fascicularis OX=9541 GN=CYP19A1 PE=2 SV=1
   #    score  bias  c-Evalue  i-Evalue hmmfrom  hmm to    alifrom  ali to    envfrom  env to     acc
 ---   ------ ----- --------- --------- ------- -------    ------- -------    ------- -------    ----
   1 !   30.8   0.2   2.1e-09   4.6e-06       2      32 ..     294     323 ..     293     324 .. 0.92

  Alignments for each domain:
  == domain 1  score: 30.8 bits;  conditional E-value: 2.1e-09
      Round3_FinalIHelix   2 keaeglalllfiagletisnsllsslLfyll 32 
                             +++++++l+++ia+++t+s+sl +++Lf ++
  tr|Q95LY0|Q95LY0_MACFA 294 ENVNQCILEMLIAAPDTMSVSL-FFMLFLIA 323
                             789*******************.6****987 PP

>> tr|A0A8C5PHZ9|A0A8C5PHZ9_9ANUR  aromatase OS=Leptobrachium leishanense OX=445787 GN=CYP19A1 PE=3 SV=1
   #    score  bias  c-Evalue  i-Evalue hmmfrom  hmm to    alifrom  ali to    envfrom  env to     acc
 ---   ------ ----- --------- --------- ------- -------    ------- -------    ------- -------    ----
   1 ?    2.1   0.0       3.8   8.3e+03       5      32 ..      11      38 ..       7      39 .. 0.85
   2 !   27.4   0.5   2.7e-08   5.8e-05       2      31 ..     306     334 ..     305     336 .. 0.85

  Alignments for each domain:
  == domain 1  score: 2.1 bits;  conditional E-value: 3.8
              Round3_FinalIHelix  5 eglalllfiagletisnsllsslLfyll 32
                                     +++l+ +++ +++i+ ++ s+++++++
  tr|A0A8C5PHZ9|A0A8C5PHZ9_9ANUR 11 ANMILEALNTMQSNITEVMPSLTPATAA 38
                                    6899**************9988888876 PP

  == domain 2  score: 27.4 bits;  conditional E-value: 2.7e-08
              Round3_FinalIHelix   2 keaeglalllfiagletisnsllsslLfyl 31 
                                     +++++++l+++ia+++t+s+sl+ ++L  +
  tr|A0A8C5PHZ9|A0A8C5PHZ9_9ANUR 306 ENVNQCILEMLIAAPDTMSVSLF-FMLVLI 334
                                     789*******************6.666554 PP

>> tr|A0A8C0R3Y2|A0A8C0R3Y2_CANLU  Aromatase OS=Canis lupus dingo OX=286419 GN=CYP19A1 PE=3 SV=1
   #    score  bias  c-Evalue  i-Evalue hmmfrom  hmm to    alifrom  ali to    envfrom  env to     acc
 ---   ------ ----- --------- --------- ------- -------    ------- -------    ------- -------    ----
   1 !   30.2   0.2   3.4e-09   7.4e-06       2      32 ..     294     323 ..     293     324 .. 0.92

  Alignments for each domain:
  == domain 1  score: 30.2 bits;  conditional E-value: 3.4e-09
              Round3_FinalIHelix   2 keaeglalllfiagletisnsllsslLfyll 32 
                                     +++++++l+++ia+++t+s+s+ +++Lf ++
  tr|A0A8C0R3Y2|A0A8C0R3Y2_CANLU 294 ENVNQCILEMLIAAPDTMSVSV-FFMLFLIA 323
                                     789*******************.6****987 PP

>> tr|A0A8X7XPU8|A0A8X7XPU8_POLSE  aromatase (Fragment) OS=Polypterus senegalus OX=55291 GN=Cyp19a1 PE=3 SV=1
   #    score  bias  c-Evalue  i-Evalue hmmfrom  hmm to    alifrom  ali to    envfrom  env to     acc
 ---   ------ ----- --------- --------- ------- -------    ------- -------    ------- -------    ----
   1 !   30.1   0.4   3.5e-09   7.6e-06       3      32 ..     260     288 ..     258     289 .. 0.90

  Alignments for each domain:
  == domain 1  score: 30.1 bits;  conditional E-value: 3.5e-09
              Round3_FinalIHelix   3 eaeglalllfiagletisnsllsslLfyll 32 
                                      +++++l+++iag++t+s++l +++L+ l+
  tr|A0A8X7XPU8|A0A8X7XPU8_POLSE 260 DVTQCILEMLIAGPDTMSVTL-FFMLMLLA 288
                                     569******************.6****997 PP

>> tr|A0A2K6CXJ1|A0A2K6CXJ1_MACNE  Aromatase OS=Macaca nemestrina OX=9545 GN=CYP19A1 PE=3 SV=1
   #    score  bias  c-Evalue  i-Evalue hmmfrom  hmm to    alifrom  ali to    envfrom  env to     acc
 ---   ------ ----- --------- --------- ------- -------    ------- -------    ------- -------    ----
   1 !   30.8   0.2   2.1e-09   4.6e-06       2      32 ..     294     323 ..     293     324 .. 0.92

  Alignments for each domain:
  == domain 1  score: 30.8 bits;  conditional E-value: 2.1e-09
              Round3_FinalIHelix   2 keaeglalllfiagletisnsllsslLfyll 32 
                                     +++++++l+++ia+++t+s+sl +++Lf ++
  tr|A0A2K6CXJ1|A0A2K6CXJ1_MACNE 294 ENVNQCILEMLIAAPDTMSVSL-FFMLFLIA 323
                                     789*******************.6****987 PP

>> tr|A0A2J8NSX0|A0A2J8NSX0_PANTR  Aromatase OS=Pan troglodytes OX=9598 GN=CYP19A1 PE=3 SV=1
   #    score  bias  c-Evalue  i-Evalue hmmfrom  hmm to    alifrom  ali to    envfrom  env to     acc
 ---   ------ ----- --------- --------- ------- -------    ------- -------    ------- -------    ----
   1 !   30.8   0.2   2.1e-09   4.6e-06       2      32 ..     294     323 ..     293     324 .. 0.92

  Alignments for each domain:
  == domain 1  score: 30.8 bits;  conditional E-value: 2.1e-09
              Round3_FinalIHelix   2 keaeglalllfiagletisnsllsslLfyll 32 
                                     +++++++l+++ia+++t+s+sl +++Lf ++
  tr|A0A2J8NSX0|A0A2J8NSX0_PANTR 294 ENVNQCILEMLIAAPDTMSVSL-FFMLFLIA 323
                                     789*******************.6****987 PP

>> tr|A0A6D2Y496|A0A6D2Y496_PANTR  Aromatase OS=Pan troglodytes OX=9598 GN=CK820_G0008582 PE=3 SV=1
   #    score  bias  c-Evalue  i-Evalue hmmfrom  hmm to    alifrom  ali to    envfrom  env to     acc
 ---   ------ ----- --------- --------- ------- -------    ------- -------    ------- -------    ----
   1 !   30.8   0.2   2.1e-09   4.6e-06       2      32 ..     294     323 ..     293     324 .. 0.92

  Alignments for each domain:
  == domain 1  score: 30.8 bits;  conditional E-value: 2.1e-09
              Round3_FinalIHelix   2 keaeglalllfiagletisnsllsslLfyll 32 
                                     +++++++l+++ia+++t+s+sl +++Lf ++
  tr|A0A6D2Y496|A0A6D2Y496_PANTR 294 ENVNQCILEMLIAAPDTMSVSL-FFMLFLIA 323
                                     789*******************.6****987 PP

>> tr|A0A2K5KCE1|A0A2K5KCE1_COLAP  Aromatase OS=Colobus angolensis palliatus OX=336983 GN=CYP19A1 PE=3 SV=1
   #    score  bias  c-Evalue  i-Evalue hmmfrom  hmm to    alifrom  ali to    envfrom  env to     acc
 ---   ------ ----- --------- --------- ------- -------    ------- -------    ------- -------    ----
   1 !   30.8   0.2   2.1e-09   4.6e-06       2      32 ..     294     323 ..     293     324 .. 0.92

  Alignments for each domain:
  == domain 1  score: 30.8 bits;  conditional E-value: 2.1e-09
              Round3_FinalIHelix   2 keaeglalllfiagletisnsllsslLfyll 32 
                                     +++++++l+++ia+++t+s+sl +++Lf ++
  tr|A0A2K5KCE1|A0A2K5KCE1_COLAP 294 ENVNQCILEMLIAAPDTMSVSL-FFMLFLIA 323
                                     789*******************.6****987 PP

>> tr|A0A2K5L4E2|A0A2K5L4E2_CERAT  Aromatase OS=Cercocebus atys OX=9531 GN=CYP19A1 PE=3 SV=1
   #    score  bias  c-Evalue  i-Evalue hmmfrom  hmm to    alifrom  ali to    envfrom  env to     acc
 ---   ------ ----- --------- --------- ------- -------    ------- -------    ------- -------    ----
   1 !   30.8   0.2   2.1e-09   4.6e-06       2      32 ..     294     323 ..     293     324 .. 0.92

  Alignments for each domain:
  == domain 1  score: 30.8 bits;  conditional E-value: 2.1e-09
              Round3_FinalIHelix   2 keaeglalllfiagletisnsllsslLfyll 32 
                                     +++++++l+++ia+++t+s+sl +++Lf ++
  tr|A0A2K5L4E2|A0A2K5L4E2_CERAT 294 ENVNQCILEMLIAAPDTMSVSL-FFMLFLIA 323
                                     789*******************.6****987 PP

>> tr|Q45RG7|Q45RG7_HUMAN  Aromatase OS=Homo sapiens OX=9606 GN=CYP19A1 PE=2 SV=1
   #    score  bias  c-Evalue  i-Evalue hmmfrom  hmm to    alifrom  ali to    envfrom  env to     acc
 ---   ------ ----- --------- --------- ------- -------    ------- -------    ------- -------    ----
   1 !   30.8   0.2   2.1e-09   4.6e-06       2      32 ..     294     323 ..     293     324 .. 0.92

  Alignments for each domain:
  == domain 1  score: 30.8 bits;  conditional E-value: 2.1e-09
      Round3_FinalIHelix   2 keaeglalllfiagletisnsllsslLfyll 32 
                             +++++++l+++ia+++t+s+sl +++Lf ++
  tr|Q45RG7|Q45RG7_HUMAN 294 ENVNQCILEMLIAAPDTMSVSL-FFMLFLIA 323
                             789*******************.6****987 PP

>> tr|Q8IYG4|Q8IYG4_HUMAN  Aromatase OS=Homo sapiens OX=9606 GN=CYP19A1 PE=2 SV=1
   #    score  bias  c-Evalue  i-Evalue hmmfrom  hmm to    alifrom  ali to    envfrom  env to     acc
 ---   ------ ----- --------- --------- ------- -------    ------- -------    ------- -------    ----
   1 !   30.8   0.2   2.1e-09   4.6e-06       2      32 ..     294     323 ..     293     324 .. 0.92

  Alignments for each domain:
  == domain 1  score: 30.8 bits;  conditional E-value: 2.1e-09
      Round3_FinalIHelix   2 keaeglalllfiagletisnsllsslLfyll 32 
                             +++++++l+++ia+++t+s+sl +++Lf ++
  tr|Q8IYG4|Q8IYG4_HUMAN 294 ENVNQCILEMLIAAPDTMSVSL-FFMLFLIA 323
                             789*******************.6****987 PP

>> tr|A8K6W3|A8K6W3_HUMAN  Aromatase OS=Homo sapiens OX=9606 PE=2 SV=1
   #    score  bias  c-Evalue  i-Evalue hmmfrom  hmm to    alifrom  ali to    envfrom  env to     acc
 ---   ------ ----- --------- --------- ------- -------    ------- -------    ------- -------    ----
   1 !   30.8   0.2   2.1e-09   4.6e-06       2      32 ..     294     323 ..     293     324 .. 0.92

  Alignments for each domain:
  == domain 1  score: 30.8 bits;  conditional E-value: 2.1e-09
      Round3_FinalIHelix   2 keaeglalllfiagletisnsllsslLfyll 32 
                             +++++++l+++ia+++t+s+sl +++Lf ++
  tr|A8K6W3|A8K6W3_HUMAN 294 ENVNQCILEMLIAAPDTMSVSL-FFMLFLIA 323
                             789*******************.6****987 PP

>> tr|A0A2K6N010|A0A2K6N010_RHIBE  Aromatase OS=Rhinopithecus bieti OX=61621 GN=CYP19A1 PE=3 SV=1
   #    score  bias  c-Evalue  i-Evalue hmmfrom  hmm to    alifrom  ali to    envfrom  env to     acc
 ---   ------ ----- --------- --------- ------- -------    ------- -------    ------- -------    ----
   1 !   30.8   0.2   2.1e-09   4.6e-06       2      32 ..     294     323 ..     293     324 .. 0.92

  Alignments for each domain:
  == domain 1  score: 30.8 bits;  conditional E-value: 2.1e-09
              Round3_FinalIHelix   2 keaeglalllfiagletisnsllsslLfyll 32 
                                     +++++++l+++ia+++t+s+sl +++Lf ++
  tr|A0A2K6N010|A0A2K6N010_RHIBE 294 ENVNQCILEMLIAAPDTMSVSL-FFMLFLIA 323
                                     789*******************.6****987 PP

>> tr|A0A2K6NTQ0|A0A2K6NTQ0_RHIRO  Aromatase OS=Rhinopithecus roxellana OX=61622 GN=CYP19A1 PE=3 SV=1
   #    score  bias  c-Evalue  i-Evalue hmmfrom  hmm to    alifrom  ali to    envfrom  env to     acc
 ---   ------ ----- --------- --------- ------- -------    ------- -------    ------- -------    ----
   1 !   30.8   0.2   2.1e-09   4.6e-06       2      32 ..     294     323 ..     293     324 .. 0.92

  Alignments for each domain:
  == domain 1  score: 30.8 bits;  conditional E-value: 2.1e-09
              Round3_FinalIHelix   2 keaeglalllfiagletisnsllsslLfyll 32 
                                     +++++++l+++ia+++t+s+sl +++Lf ++
  tr|A0A2K6NTQ0|A0A2K6NTQ0_RHIRO 294 ENVNQCILEMLIAAPDTMSVSL-FFMLFLIA 323
                                     789*******************.6****987 PP

>> tr|A0A8C9GPQ8|A0A8C9GPQ8_9PRIM  Aromatase OS=Piliocolobus tephrosceles OX=591936 GN=LOC111552757 PE=3 SV=1
   #    score  bias  c-Evalue  i-Evalue hmmfrom  hmm to    alifrom  ali to    envfrom  env to     acc
 ---   ------ ----- --------- --------- ------- -------    ------- -------    ------- -------    ----
   1 !   30.8   0.2   2.1e-09   4.6e-06       2      32 ..     294     323 ..     293     324 .. 0.92

  Alignments for each domain:
  == domain 1  score: 30.8 bits;  conditional E-value: 2.1e-09
              Round3_FinalIHelix   2 keaeglalllfiagletisnsllsslLfyll 32 
                                     +++++++l+++ia+++t+s+sl +++Lf ++
  tr|A0A8C9GPQ8|A0A8C9GPQ8_9PRIM 294 ENVNQCILEMLIAAPDTMSVSL-FFMLFLIA 323
                                     789*******************.6****987 PP

>> sp|P11511|CP19A_HUMAN  Aromatase OS=Homo sapiens OX=9606 GN=CYP19A1 PE=1 SV=3
   #    score  bias  c-Evalue  i-Evalue hmmfrom  hmm to    alifrom  ali to    envfrom  env to     acc
 ---   ------ ----- --------- --------- ------- -------    ------- -------    ------- -------    ----
   1 !   30.8   0.2   2.1e-09   4.6e-06       2      32 ..     294     323 ..     293     324 .. 0.92

  Alignments for each domain:
  == domain 1  score: 30.8 bits;  conditional E-value: 2.1e-09
     Round3_FinalIHelix   2 keaeglalllfiagletisnsllsslLfyll 32 
                            +++++++l+++ia+++t+s+sl +++Lf ++
  sp|P11511|CP19A_HUMAN 294 ENVNQCILEMLIAAPDTMSVSL-FFMLFLIA 323
                            789*******************.6****987 PP

>> tr|A0A2R9A604|A0A2R9A604_PANPA  Aromatase OS=Pan paniscus OX=9597 GN=CYP19A1 PE=3 SV=1
   #    score  bias  c-Evalue  i-Evalue hmmfrom  hmm to    alifrom  ali to    envfrom  env to     acc
 ---   ------ ----- --------- --------- ------- -------    ------- -------    ------- -------    ----
   1 !   30.8   0.2   2.1e-09   4.6e-06       2      32 ..     294     323 ..     293     324 .. 0.92

  Alignments for each domain:
  == domain 1  score: 30.8 bits;  conditional E-value: 2.1e-09
              Round3_FinalIHelix   2 keaeglalllfiagletisnsllsslLfyll 32 
                                     +++++++l+++ia+++t+s+sl +++Lf ++
  tr|A0A2R9A604|A0A2R9A604_PANPA 294 ENVNQCILEMLIAAPDTMSVSL-FFMLFLIA 323
                                     789*******************.6****987 PP

>> tr|G3RDS5|G3RDS5_GORGO  Aromatase OS=Gorilla gorilla gorilla OX=9595 GN=CYP19A1 PE=3 SV=1
   #    score  bias  c-Evalue  i-Evalue hmmfrom  hmm to    alifrom  ali to    envfrom  env to     acc
 ---   ------ ----- --------- --------- ------- -------    ------- -------    ------- -------    ----
   1 !   30.8   0.2   2.1e-09   4.6e-06       2      32 ..     294     323 ..     293     324 .. 0.92

  Alignments for each domain:
  == domain 1  score: 30.8 bits;  conditional E-value: 2.1e-09
      Round3_FinalIHelix   2 keaeglalllfiagletisnsllsslLfyll 32 
                             +++++++l+++ia+++t+s+sl +++Lf ++
  tr|G3RDS5|G3RDS5_GORGO 294 ENVNQCILEMLIAAPDTMSVSL-FFMLFLIA 323
                             789*******************.6****987 PP

>> tr|A0A096NM34|A0A096NM34_PAPAN  Aromatase OS=Papio anubis OX=9555 PE=3 SV=1
   #    score  bias  c-Evalue  i-Evalue hmmfrom  hmm to    alifrom  ali to    envfrom  env to     acc
 ---   ------ ----- --------- --------- ------- -------    ------- -------    ------- -------    ----
   1 !   30.8   0.2   2.1e-09   4.6e-06       2      32 ..     294     323 ..     293     324 .. 0.92

  Alignments for each domain:
  == domain 1  score: 30.8 bits;  conditional E-value: 2.1e-09
              Round3_FinalIHelix   2 keaeglalllfiagletisnsllsslLfyll 32 
                                     +++++++l+++ia+++t+s+sl +++Lf ++
  tr|A0A096NM34|A0A096NM34_PAPAN 294 ENVNQCILEMLIAAPDTMSVSL-FFMLFLIA 323
                                     789*******************.6****987 PP

>> tr|A0A0D9RFI7|A0A0D9RFI7_CHLSB  Aromatase OS=Chlorocebus sabaeus OX=60711 GN=CYP19A1 PE=3 SV=1
   #    score  bias  c-Evalue  i-Evalue hmmfrom  hmm to    alifrom  ali to    envfrom  env to     acc
 ---   ------ ----- --------- --------- ------- -------    ------- -------    ------- -------    ----
   1 !   30.8   0.2   2.1e-09   4.6e-06       2      32 ..     294     323 ..     293     324 .. 0.92

  Alignments for each domain:
  == domain 1  score: 30.8 bits;  conditional E-value: 2.1e-09
              Round3_FinalIHelix   2 keaeglalllfiagletisnsllsslLfyll 32 
                                     +++++++l+++ia+++t+s+sl +++Lf ++
  tr|A0A0D9RFI7|A0A0D9RFI7_CHLSB 294 ENVNQCILEMLIAAPDTMSVSL-FFMLFLIA 323
                                     789*******************.6****987 PP

>> tr|A0A2K6A906|A0A2K6A906_MANLE  Aromatase OS=Mandrillus leucophaeus OX=9568 GN=CYP19A1 PE=3 SV=1
   #    score  bias  c-Evalue  i-Evalue hmmfrom  hmm to    alifrom  ali to    envfrom  env to     acc
 ---   ------ ----- --------- --------- ------- -------    ------- -------    ------- -------    ----
   1 !   30.8   0.2   2.1e-09   4.6e-06       2      32 ..     294     323 ..     293     324 .. 0.92

  Alignments for each domain:
  == domain 1  score: 30.8 bits;  conditional E-value: 2.1e-09
              Round3_FinalIHelix   2 keaeglalllfiagletisnsllsslLfyll 32 
                                     +++++++l+++ia+++t+s+sl +++Lf ++
  tr|A0A2K6A906|A0A2K6A906_MANLE 294 ENVNQCILEMLIAAPDTMSVSL-FFMLFLIA 323
                                     789*******************.6****987 PP

>> tr|A0A8D2K1I4|A0A8D2K1I4_THEGE  Aromatase OS=Theropithecus gelada OX=9565 GN=LOC112627390 PE=3 SV=1
   #    score  bias  c-Evalue  i-Evalue hmmfrom  hmm to    alifrom  ali to    envfrom  env to     acc
 ---   ------ ----- --------- --------- ------- -------    ------- -------    ------- -------    ----
   1 !   30.8   0.2   2.1e-09   4.6e-06       2      32 ..     294     323 ..     293     324 .. 0.92

  Alignments for each domain:
  == domain 1  score: 30.8 bits;  conditional E-value: 2.1e-09
              Round3_FinalIHelix   2 keaeglalllfiagletisnsllsslLfyll 32 
                                     +++++++l+++ia+++t+s+sl +++Lf ++
  tr|A0A8D2K1I4|A0A8D2K1I4_THEGE 294 ENVNQCILEMLIAAPDTMSVSL-FFMLFLIA 323
                                     789*******************.6****987 PP

>> tr|A0A6D2WR21|A0A6D2WR21_PONAB  Aromatase OS=Pongo abelii OX=9601 GN=CYP19A1 PE=3 SV=1
   #    score  bias  c-Evalue  i-Evalue hmmfrom  hmm to    alifrom  ali to    envfrom  env to     acc
 ---   ------ ----- --------- --------- ------- -------    ------- -------    ------- -------    ----
   1 !   30.8   0.2   2.1e-09   4.6e-06       2      32 ..     294     323 ..     293     324 .. 0.92

  Alignments for each domain:
  == domain 1  score: 30.8 bits;  conditional E-value: 2.1e-09
              Round3_FinalIHelix   2 keaeglalllfiagletisnsllsslLfyll 32 
                                     +++++++l+++ia+++t+s+sl +++Lf ++
  tr|A0A6D2WR21|A0A6D2WR21_PONAB 294 ENVNQCILEMLIAAPDTMSVSL-FFMLFLIA 323
                                     789*******************.6****987 PP

>> tr|A0A2I3NHQ8|A0A2I3NHQ8_PAPAN  Aromatase OS=Papio anubis OX=9555 PE=3 SV=2
   #    score  bias  c-Evalue  i-Evalue hmmfrom  hmm to    alifrom  ali to    envfrom  env to     acc
 ---   ------ ----- --------- --------- ------- -------    ------- -------    ------- -------    ----
   1 !   30.8   0.2   2.1e-09   4.6e-06       2      32 ..     294     323 ..     293     324 .. 0.92

  Alignments for each domain:
  == domain 1  score: 30.8 bits;  conditional E-value: 2.1e-09
              Round3_FinalIHelix   2 keaeglalllfiagletisnsllsslLfyll 32 
                                     +++++++l+++ia+++t+s+sl +++Lf ++
  tr|A0A2I3NHQ8|A0A2I3NHQ8_PAPAN 294 ENVNQCILEMLIAAPDTMSVSL-FFMLFLIA 323
                                     789*******************.6****987 PP

>> tr|A0A8D1I0T9|A0A8D1I0T9_PIG  Uncharacterized protein OS=Sus scrofa OX=9823 PE=3 SV=1
   #    score  bias  c-Evalue  i-Evalue hmmfrom  hmm to    alifrom  ali to    envfrom  env to     acc
 ---   ------ ----- --------- --------- ------- -------    ------- -------    ------- -------    ----
   1 !   29.9   0.2   4.2e-09   9.1e-06       2      32 ..     294     323 ..     292     324 .. 0.91

  Alignments for each domain:
  == domain 1  score: 29.9 bits;  conditional E-value: 4.2e-09
            Round3_FinalIHelix   2 keaeglalllfiagletisnsllsslLfyll 32 
                                   +++++++l+++ia+++t+s+++ +++Lf ++
  tr|A0A8D1I0T9|A0A8D1I0T9_PIG 294 ENVNQCILEMLIAAPDTMSVTV-FFMLFLIA 323
                                   577*******************.6****987 PP

>> sp|P46194|CP19A_BOVIN  Aromatase OS=Bos taurus OX=9913 GN=CYP19A1 PE=2 SV=3
   #    score  bias  c-Evalue  i-Evalue hmmfrom  hmm to    alifrom  ali to    envfrom  env to     acc
 ---   ------ ----- --------- --------- ------- -------    ------- -------    ------- -------    ----
   1 !   29.5   0.2   5.6e-09   1.2e-05       2      32 ..     294     323 ..     293     324 .. 0.92

  Alignments for each domain:
  == domain 1  score: 29.5 bits;  conditional E-value: 5.6e-09
     Round3_FinalIHelix   2 keaeglalllfiagletisnsllsslLfyll 32 
                            +++++++l+++ia+++t+s+s+ +++Lf ++
  sp|P46194|CP19A_BOVIN 294 ENVNQCILEMLIAAPDTMSVSV-FFMLFLIA 323
                            789*******************.6****987 PP

>> tr|A0A6P3FG77|A0A6P3FG77_OCTDE  Aromatase OS=Octodon degus OX=10160 GN=LOC101569378 PE=3 SV=1
   #    score  bias  c-Evalue  i-Evalue hmmfrom  hmm to    alifrom  ali to    envfrom  env to     acc
 ---   ------ ----- --------- --------- ------- -------    ------- -------    ------- -------    ----
   1 !   28.7   0.2     1e-08   2.2e-05       2      32 ..     294     323 ..     293     324 .. 0.92

  Alignments for each domain:
  == domain 1  score: 28.7 bits;  conditional E-value: 1e-08
              Round3_FinalIHelix   2 keaeglalllfiagletisnsllsslLfyll 32 
                                     +++++++l+++ia+++t+s+s++ ++Lf ++
  tr|A0A6P3FG77|A0A6P3FG77_OCTDE 294 ENVNQCILEMLIAAPDTMSVSVY-FMLFLIA 323
                                     789*******************9.99**987 PP

>> tr|A0A6J1P1G8|A0A6J1P1G8_BICAN  Uncharacterized protein LOC112055283 OS=Bicyclus anynana OX=110368 GN=LOC112055283 PE
   #    score  bias  c-Evalue  i-Evalue hmmfrom  hmm to    alifrom  ali to    envfrom  env to     acc
 ---   ------ ----- --------- --------- ------- -------    ------- -------    ------- -------    ----
   1 !   14.4   0.1    0.0004      0.88       7      32 ..     317     341 ..     311     342 .. 0.90
   2 !   16.9   0.5   6.2e-05      0.14       6      32 ..     824     849 ..     818     850 .. 0.87

  Alignments for each domain:
  == domain 1  score: 14.4 bits;  conditional E-value: 0.0004
              Round3_FinalIHelix   7 lalllfiagletisnsllsslLfyll 32 
                                     +a ++++ag++t+sn++ + +L+ l+
  tr|A0A6J1P1G8|A0A6J1P1G8_BICAN 317 MASDMLFAGVDTASNTM-TGTLYLLA 341
                                     788**************.8****998 PP

  == domain 2  score: 16.9 bits;  conditional E-value: 6.2e-05
              Round3_FinalIHelix   6 glalllfiagletisnsllsslLfyll 32 
                                      +a ++++ag++t++n++ +s+Lf l+
  tr|A0A6J1P1G8|A0A6J1P1G8_BICAN 824 IMASDMLFAGVDTAANTM-TSTLFLLA 849
                                     5899**************.8****997 PP

>> tr|H0VPL2|H0VPL2_CAVPO  Aromatase OS=Cavia porcellus OX=10141 GN=CYP19A1 PE=3 SV=2
   #    score  bias  c-Evalue  i-Evalue hmmfrom  hmm to    alifrom  ali to    envfrom  env to     acc
 ---   ------ ----- --------- --------- ------- -------    ------- -------    ------- -------    ----
   1 !   28.5   0.2   1.1e-08   2.5e-05       2      32 ..     294     323 ..     293     324 .. 0.92

  Alignments for each domain:
  == domain 1  score: 28.5 bits;  conditional E-value: 1.1e-08
      Round3_FinalIHelix   2 keaeglalllfiagletisnsllsslLfyll 32 
                             +++++++l+++ia+++t+s++++ ++Lf ++
  tr|H0VPL2|H0VPL2_CAVPO 294 ENVNQCILEMLIAAPDTMSVTVY-FMLFLIA 323
                             789*******************9.99**987 PP

>> tr|Q4STF7|Q4STF7_TETNG  (spotted green pufferfish) hypothetical protein OS=Tetraodon nigroviridis OX=99883 GN=GSTENG0
   #    score  bias  c-Evalue  i-Evalue hmmfrom  hmm to    alifrom  ali to    envfrom  env to     acc
 ---   ------ ----- --------- --------- ------- -------    ------- -------    ------- -------    ----
   1 !   14.8   0.0   0.00031      0.68       3      30 ..     173     201 ..     171     203 .. 0.86
   2 !   14.2   0.1   0.00047         1       5      30 ..     414     439 ..     410     441 .. 0.87

  Alignments for each domain:
  == domain 1  score: 14.8 bits;  conditional E-value: 0.00031
      Round3_FinalIHelix   3 ea.eglalllfiagletisnsllsslLfy 30 
                             ++ +++al+l +ag +t+sn+ll+ +L+ 
  tr|Q4STF7|Q4STF7_TETNG 173 NRlPRYALDLHFAGTDTTSNTLLTGFLYL 201
                             56699*****************9877775 PP

  == domain 2  score: 14.2 bits;  conditional E-value: 0.00047
      Round3_FinalIHelix   5 eglalllfiagletisnsllsslLfy 30 
                             +++al+l +ag +t+sn+ll+ +L+ 
  tr|Q4STF7|Q4STF7_TETNG 414 PMYALDLHFAGTDTTSNTLLTGFLYL 439
                             89*****************9877775 PP

>> tr|A0A1S3AAJ1|A0A1S3AAJ1_ERIEU  aromatase OS=Erinaceus europaeus OX=9365 GN=LOC103121348 PE=3 SV=1
   #    score  bias  c-Evalue  i-Evalue hmmfrom  hmm to    alifrom  ali to    envfrom  env to     acc
 ---   ------ ----- --------- --------- ------- -------    ------- -------    ------- -------    ----
   1 !   30.7   0.2   2.3e-09     5e-06       2      32 ..     294     323 ..     292     324 .. 0.91

  Alignments for each domain:
  == domain 1  score: 30.7 bits;  conditional E-value: 2.3e-09
              Round3_FinalIHelix   2 keaeglalllfiagletisnsllsslLfyll 32 
                                     +++++++l+++ia+++t+s+sl +++Lf ++
  tr|A0A1S3AAJ1|A0A1S3AAJ1_ERIEU 294 ENVNQCILEMLIAAPDTMSVSL-FFMLFLIA 323
                                     577*******************.6****987 PP

>> tr|A0A8D1SXV6|A0A8D1SXV6_PIG  aromatase OS=Sus scrofa OX=9823 PE=3 SV=1
   #    score  bias  c-Evalue  i-Evalue hmmfrom  hmm to    alifrom  ali to    envfrom  env to     acc
 ---   ------ ----- --------- --------- ------- -------    ------- -------    ------- -------    ----
   1 !   30.4   0.2   2.9e-09   6.3e-06       2      32 ..      59      88 ..      57      89 .. 0.91

  Alignments for each domain:
  == domain 1  score: 30.4 bits;  conditional E-value: 2.9e-09
            Round3_FinalIHelix  2 keaeglalllfiagletisnsllsslLfyll 32
                                  +++++++l+++ia+++t+s+++ +++Lf ++
  tr|A0A8D1SXV6|A0A8D1SXV6_PIG 59 ENVNQCILEMLIAAPDTMSVTV-FFMLFLIA 88
                                  577*******************.6****987 PP

>> tr|A0A643BN43|A0A643BN43_BALPH  Cytochrome P450 family 19 subfamily A member 1 (Fragment) OS=Balaenoptera physalus OX
   #    score  bias  c-Evalue  i-Evalue hmmfrom  hmm to    alifrom  ali to    envfrom  env to     acc
 ---   ------ ----- --------- --------- ------- -------    ------- -------    ------- -------    ----
   1 !   30.0   0.2   3.7e-09   8.2e-06       2      32 ..     327     356 ..     326     357 .. 0.92

  Alignments for each domain:
  == domain 1  score: 30.0 bits;  conditional E-value: 3.7e-09
              Round3_FinalIHelix   2 keaeglalllfiagletisnsllsslLfyll 32 
                                     +++++++l+++ia+++t+s+s+ +++Lf ++
  tr|A0A643BN43|A0A643BN43_BALPH 327 ENVNQCILEMLIAAPDTMSVSV-FFMLFLIA 356
                                     789*******************.6****987 PP

>> tr|A0A340X6F7|A0A340X6F7_LIPVE  aromatase OS=Lipotes vexillifer OX=118797 GN=LOC103080853 PE=3 SV=1
   #    score  bias  c-Evalue  i-Evalue hmmfrom  hmm to    alifrom  ali to    envfrom  env to     acc
 ---   ------ ----- --------- --------- ------- -------    ------- -------    ------- -------    ----
   1 !   29.5   0.2   5.6e-09   1.2e-05       2      32 ..     294     323 ..     293     324 .. 0.92

  Alignments for each domain:
  == domain 1  score: 29.5 bits;  conditional E-value: 5.6e-09
              Round3_FinalIHelix   2 keaeglalllfiagletisnsllsslLfyll 32 
                                     +++++++l+++ia+++t+s+s+ +++Lf ++
  tr|A0A340X6F7|A0A340X6F7_LIPVE 294 ENVNQCILEMLIAAPDTMSVSV-FFMLFLIA 323
                                     789*******************.6****987 PP

>> tr|A0A8C6D9I3|A0A8C6D9I3_MOSMO  aromatase OS=Moschus moschiferus OX=68415 GN=CYP19A1 PE=3 SV=1
   #    score  bias  c-Evalue  i-Evalue hmmfrom  hmm to    alifrom  ali to    envfrom  env to     acc
 ---   ------ ----- --------- --------- ------- -------    ------- -------    ------- -------    ----
   1 !   29.5   0.2   5.6e-09   1.2e-05       2      32 ..     294     323 ..     293     324 .. 0.92

  Alignments for each domain:
  == domain 1  score: 29.5 bits;  conditional E-value: 5.6e-09
              Round3_FinalIHelix   2 keaeglalllfiagletisnsllsslLfyll 32 
                                     +++++++l+++ia+++t+s+s+ +++Lf ++
  tr|A0A8C6D9I3|A0A8C6D9I3_MOSMO 294 ENVNQCILEMLIAAPDTMSVSV-FFMLFLIA 323
                                     789*******************.6****987 PP

>> tr|A0A0D3F1P4|A0A0D3F1P4_9ORYZ  Cytochrome P450 OS=Oryza barthii OX=65489 PE=4 SV=1
   #    score  bias  c-Evalue  i-Evalue hmmfrom  hmm to    alifrom  ali to    envfrom  env to     acc
 ---   ------ ----- --------- --------- ------- -------    ------- -------    ------- -------    ----
   1 ?    5.3   0.0      0.36   7.9e+02       6      23 ..      10      27 ..       7      31 .. 0.86
   2 ?    3.8   0.0       1.1   2.4e+03       8      26 ..     536     553 ..     532     556 .. 0.84
   3 ?    5.5   0.0      0.31   6.8e+02       6      23 ..    1061    1078 ..    1058    1082 .. 0.86
   4 !   12.6   0.1    0.0015       3.3       5      26 ..    1548    1568 ..    1545    1571 .. 0.87

  Alignments for each domain:
  == domain 1  score: 5.3 bits;  conditional E-value: 0.36
              Round3_FinalIHelix  6 glalllfiagletisnsl 23
                                    + +l+lf ag+et++n+l
  tr|A0A0D3F1P4|A0A0D3F1P4_9ORYZ 10 AVVLELFGAGSETSANTL 27
                                    5689************99 PP

  == domain 2  score: 3.8 bits;  conditional E-value: 1.1
              Round3_FinalIHelix   8 alllfiagletisnsllss 26 
                                     + +lf ag+et++n+l  +
  tr|A0A0D3F1P4|A0A0D3F1P4_9ORYZ 536 IRDLFGAGSETSANTL-QW 553
                                     6799***********9.46 PP

  == domain 3  score: 5.5 bits;  conditional E-value: 0.31
              Round3_FinalIHelix    6 glalllfiagletisnsl 23  
                                      + +l+lf ag+et++n+l
  tr|A0A0D3F1P4|A0A0D3F1P4_9ORYZ 1061 AVVLDLFGAGSETSANTL 1078
                                      5689************99 PP

  == domain 4  score: 12.6 bits;  conditional E-value: 0.0015
              Round3_FinalIHelix    5 eglalllfiagletisnsllss 26  
                                      ++++l+lf+ag+et++n+l  +
  tr|A0A0D3F1P4|A0A0D3F1P4_9ORYZ 1548 KAIILDLFNAGSETSANTL-QW 1568
                                      689***************9.47 PP

>> tr|L8I947|L8I947_9CETA  aromatase OS=Bos mutus OX=72004 GN=M91_14099 PE=3 SV=1
   #    score  bias  c-Evalue  i-Evalue hmmfrom  hmm to    alifrom  ali to    envfrom  env to     acc
 ---   ------ ----- --------- --------- ------- -------    ------- -------    ------- -------    ----
   1 !   29.5   0.2   5.6e-09   1.2e-05       2      32 ..     294     323 ..     293     324 .. 0.92

  Alignments for each domain:
  == domain 1  score: 29.5 bits;  conditional E-value: 5.6e-09
      Round3_FinalIHelix   2 keaeglalllfiagletisnsllsslLfyll 32 
                             +++++++l+++ia+++t+s+s+ +++Lf ++
  tr|L8I947|L8I947_9CETA 294 ENVNQCILEMLIAAPDTMSVSV-FFMLFLIA 323
                             789*******************.6****987 PP

>> tr|A0A4W2G0D8|A0A4W2G0D8_BOBOX  aromatase OS=Bos indicus x Bos taurus OX=30522 GN=CYP19A1 PE=3 SV=1
   #    score  bias  c-Evalue  i-Evalue hmmfrom  hmm to    alifrom  ali to    envfrom  env to     acc
 ---   ------ ----- --------- --------- ------- -------    ------- -------    ------- -------    ----
   1 !   29.5   0.2   5.6e-09   1.2e-05       2      32 ..     294     323 ..     293     324 .. 0.92

  Alignments for each domain:
  == domain 1  score: 29.5 bits;  conditional E-value: 5.6e-09
              Round3_FinalIHelix   2 keaeglalllfiagletisnsllsslLfyll 32 
                                     +++++++l+++ia+++t+s+s+ +++Lf ++
  tr|A0A4W2G0D8|A0A4W2G0D8_BOBOX 294 ENVNQCILEMLIAAPDTMSVSV-FFMLFLIA 323
                                     789*******************.6****987 PP

>> tr|A0A6B0RA67|A0A6B0RA67_9CETA  aromatase OS=Bos mutus OX=72004 GN=E5288_WYG006508 PE=3 SV=1
   #    score  bias  c-Evalue  i-Evalue hmmfrom  hmm to    alifrom  ali to    envfrom  env to     acc
 ---   ------ ----- --------- --------- ------- -------    ------- -------    ------- -------    ----
   1 !   29.5   0.2   5.6e-09   1.2e-05       2      32 ..     294     323 ..     293     324 .. 0.92

  Alignments for each domain:
  == domain 1  score: 29.5 bits;  conditional E-value: 5.6e-09
              Round3_FinalIHelix   2 keaeglalllfiagletisnsllsslLfyll 32 
                                     +++++++l+++ia+++t+s+s+ +++Lf ++
  tr|A0A6B0RA67|A0A6B0RA67_9CETA 294 ENVNQCILEMLIAAPDTMSVSV-FFMLFLIA 323
                                     789*******************.6****987 PP

>> tr|A0A6P5CER6|A0A6P5CER6_BOSIN  aromatase OS=Bos indicus OX=9915 GN=LOC109565118 PE=3 SV=1
   #    score  bias  c-Evalue  i-Evalue hmmfrom  hmm to    alifrom  ali to    envfrom  env to     acc
 ---   ------ ----- --------- --------- ------- -------    ------- -------    ------- -------    ----
   1 !   29.5   0.2   5.6e-09   1.2e-05       2      32 ..     294     323 ..     293     324 .. 0.92

  Alignments for each domain:
  == domain 1  score: 29.5 bits;  conditional E-value: 5.6e-09
              Round3_FinalIHelix   2 keaeglalllfiagletisnsllsslLfyll 32 
                                     +++++++l+++ia+++t+s+s+ +++Lf ++
  tr|A0A6P5CER6|A0A6P5CER6_BOSIN 294 ENVNQCILEMLIAAPDTMSVSV-FFMLFLIA 323
                                     789*******************.6****987 PP

>> tr|F2Z4F2|F2Z4F2_BOVIN  aromatase OS=Bos taurus OX=9913 GN=CYP19A1 PE=3 SV=1
   #    score  bias  c-Evalue  i-Evalue hmmfrom  hmm to    alifrom  ali to    envfrom  env to     acc
 ---   ------ ----- --------- --------- ------- -------    ------- -------    ------- -------    ----
   1 !   29.5   0.2   5.6e-09   1.2e-05       2      32 ..     294     323 ..     293     324 .. 0.92

  Alignments for each domain:
  == domain 1  score: 29.5 bits;  conditional E-value: 5.6e-09
      Round3_FinalIHelix   2 keaeglalllfiagletisnsllsslLfyll 32 
                             +++++++l+++ia+++t+s+s+ +++Lf ++
  tr|F2Z4F2|F2Z4F2_BOVIN 294 ENVNQCILEMLIAAPDTMSVSV-FFMLFLIA 323
                             789*******************.6****987 PP

>> tr|A0A6P6HHE0|A0A6P6HHE0_PUMCO  aromatase OS=Puma concolor OX=9696 GN=LOC112855925 PE=3 SV=1
   #    score  bias  c-Evalue  i-Evalue hmmfrom  hmm to    alifrom  ali to    envfrom  env to     acc
 ---   ------ ----- --------- --------- ------- -------    ------- -------    ------- -------    ----
   1 !   29.6   0.2   5.1e-09   1.1e-05       2      32 ..     235     264 ..     233     265 .. 0.91

  Alignments for each domain:
  == domain 1  score: 29.6 bits;  conditional E-value: 5.1e-09
              Round3_FinalIHelix   2 keaeglalllfiagletisnsllsslLfyll 32 
                                     +++++++l+++ia+++t+s+s+ +++Lf ++
  tr|A0A6P6HHE0|A0A6P6HHE0_PUMCO 235 ENVNQCILEMLIAAPDTMSVSV-FFMLFLIA 264
                                     577*******************.6****987 PP

>> tr|A0A8D1QUM0|A0A8D1QUM0_PIG  aromatase OS=Sus scrofa OX=9823 PE=3 SV=1
   #    score  bias  c-Evalue  i-Evalue hmmfrom  hmm to    alifrom  ali to    envfrom  env to     acc
 ---   ------ ----- --------- --------- ------- -------    ------- -------    ------- -------    ----
   1 !   29.9   0.2   4.1e-09   8.9e-06       2      32 ..     131     160 ..     129     161 .. 0.91

  Alignments for each domain:
  == domain 1  score: 29.9 bits;  conditional E-value: 4.1e-09
            Round3_FinalIHelix   2 keaeglalllfiagletisnsllsslLfyll 32 
                                   +++++++l+++ia+++t+s+++ +++Lf ++
  tr|A0A8D1QUM0|A0A8D1QUM0_PIG 131 ENVNQCILEMLIAAPDTMSVTV-FFMLFLIA 160
                                   577*******************.6****987 PP

>> tr|K7TVY1|K7TVY1_BUBBU  aromatase OS=Bubalus bubalis OX=89462 GN=CYP19A1 PE=2 SV=1
   #    score  bias  c-Evalue  i-Evalue hmmfrom  hmm to    alifrom  ali to    envfrom  env to     acc
 ---   ------ ----- --------- --------- ------- -------    ------- -------    ------- -------    ----
   1 !   29.5   0.2   5.6e-09   1.2e-05       2      32 ..     294     323 ..     293     324 .. 0.92

  Alignments for each domain:
  == domain 1  score: 29.5 bits;  conditional E-value: 5.6e-09
      Round3_FinalIHelix   2 keaeglalllfiagletisnsllsslLfyll 32 
                             +++++++l+++ia+++t+s+s+ +++Lf ++
  tr|K7TVY1|K7TVY1_BUBBU 294 ENVNQCILEMLIAAPDTMSVSV-FFMLFLIA 323
                             789*******************.6****987 PP

>> tr|A0A212CTA7|A0A212CTA7_CEREH  CYP19A1 (Fragment) OS=Cervus elaphus hippelaphus OX=46360 GN=Celaphus_00006193 PE=3 S
   #    score  bias  c-Evalue  i-Evalue hmmfrom  hmm to    alifrom  ali to    envfrom  env to     acc
 ---   ------ ----- --------- --------- ------- -------    ------- -------    ------- -------    ----
   1 !   30.1   0.2   3.6e-09   7.8e-06       2      32 ..     169     198 ..     168     199 .. 0.92

  Alignments for each domain:
  == domain 1  score: 30.1 bits;  conditional E-value: 3.6e-09
              Round3_FinalIHelix   2 keaeglalllfiagletisnsllsslLfyll 32 
                                     +++++++l+++i++++t+s+s+ +++Lf ++
  tr|A0A212CTA7|A0A212CTA7_CEREH 169 ENVNQCILEMLITVPDTMSVSV-FFMLFLIA 198
                                     789*******************.6****987 PP

>> tr|A0A8C2VRD8|A0A8C2VRD8_CHILA  Aromatase OS=Chinchilla lanigera OX=34839 GN=CYP19A1 PE=3 SV=1
   #    score  bias  c-Evalue  i-Evalue hmmfrom  hmm to    alifrom  ali to    envfrom  env to     acc
 ---   ------ ----- --------- --------- ------- -------    ------- -------    ------- -------    ----
   1 !   27.8   0.2     2e-08   4.4e-05       2      32 ..     294     323 ..     293     324 .. 0.92

  Alignments for each domain:
  == domain 1  score: 27.8 bits;  conditional E-value: 2e-08
              Round3_FinalIHelix   2 keaeglalllfiagletisnsllsslLfyll 32 
                                     +++++++l+++ia+++t+s++++ ++Lf ++
  tr|A0A8C2VRD8|A0A8C2VRD8_CHILA 294 ENVNQCVLEMLIAAPDTMSVTVY-FMLFLIA 323
                                     789*******************9.99**987 PP

>> tr|Q208A6|Q208A6_BUBBU  aromatase OS=Bubalus bubalis OX=89462 GN=CYP19 PE=2 SV=2
   #    score  bias  c-Evalue  i-Evalue hmmfrom  hmm to    alifrom  ali to    envfrom  env to     acc
 ---   ------ ----- --------- --------- ------- -------    ------- -------    ------- -------    ----
   1 !   29.5   0.2   5.6e-09   1.2e-05       2      32 ..     294     323 ..     293     324 .. 0.92

  Alignments for each domain:
  == domain 1  score: 29.5 bits;  conditional E-value: 5.6e-09
      Round3_FinalIHelix   2 keaeglalllfiagletisnsllsslLfyll 32 
                             +++++++l+++ia+++t+s+s+ +++Lf ++
  tr|Q208A6|Q208A6_BUBBU 294 ENVNQCILEMLIAAPDTMSVSV-FFMLFLIA 323
                             789*******************.6****987 PP

>> tr|P79286|P79286_PIG  aromatase OS=Sus scrofa OX=9823 GN=HFAROA10 PE=2 SV=1
   #    score  bias  c-Evalue  i-Evalue hmmfrom  hmm to    alifrom  ali to    envfrom  env to     acc
 ---   ------ ----- --------- --------- ------- -------    ------- -------    ------- -------    ----
   1 !   29.8   0.2   4.3e-09   9.4e-06       2      32 ..     145     174 ..     143     175 .. 0.91

  Alignments for each domain:
  == domain 1  score: 29.8 bits;  conditional E-value: 4.3e-09
    Round3_FinalIHelix   2 keaeglalllfiagletisnsllsslLfyll 32 
                           +++++++l+++ia+++t+s+++ +++Lf ++
  tr|P79286|P79286_PIG 145 ENVNQCILEMLIAAPDTMSVTV-FFMLFLIA 174
                           577*******************.6****987 PP

>> tr|A0A4X1SYE6|A0A4X1SYE6_PIG  aromatase OS=Sus scrofa OX=9823 GN=CYP19A1 PE=3 SV=1
   #    score  bias  c-Evalue  i-Evalue hmmfrom  hmm to    alifrom  ali to    envfrom  env to     acc
 ---   ------ ----- --------- --------- ------- -------    ------- -------    ------- -------    ----
   1 !   29.8   0.2   4.3e-09   9.4e-06       2      32 ..     145     174 ..     143     175 .. 0.91

  Alignments for each domain:
  == domain 1  score: 29.8 bits;  conditional E-value: 4.3e-09
            Round3_FinalIHelix   2 keaeglalllfiagletisnsllsslLfyll 32 
                                   +++++++l+++ia+++t+s+++ +++Lf ++
  tr|A0A4X1SYE6|A0A4X1SYE6_PIG 145 ENVNQCILEMLIAAPDTMSVTV-FFMLFLIA 174
                                   577*******************.6****987 PP

>> tr|I3LPP5|I3LPP5_PIG  aromatase OS=Sus scrofa OX=9823 GN=CYP19A1 PE=3 SV=2
   #    score  bias  c-Evalue  i-Evalue hmmfrom  hmm to    alifrom  ali to    envfrom  env to     acc
 ---   ------ ----- --------- --------- ------- -------    ------- -------    ------- -------    ----
   1 !   29.8   0.2   4.3e-09   9.4e-06       2      32 ..     145     174 ..     143     175 .. 0.91

  Alignments for each domain:
  == domain 1  score: 29.8 bits;  conditional E-value: 4.3e-09
    Round3_FinalIHelix   2 keaeglalllfiagletisnsllsslLfyll 32 
                           +++++++l+++ia+++t+s+++ +++Lf ++
  tr|I3LPP5|I3LPP5_PIG 145 ENVNQCILEMLIAAPDTMSVTV-FFMLFLIA 174
                           577*******************.6****987 PP

>> tr|A0A8D1SVX4|A0A8D1SVX4_PIG  aromatase OS=Sus scrofa OX=9823 PE=3 SV=1
   #    score  bias  c-Evalue  i-Evalue hmmfrom  hmm to    alifrom  ali to    envfrom  env to     acc
 ---   ------ ----- --------- --------- ------- -------    ------- -------    ------- -------    ----
   1 !   30.2   0.2   3.3e-09   7.2e-06       2      32 ..      85     114 ..      83     115 .. 0.91

  Alignments for each domain:
  == domain 1  score: 30.2 bits;  conditional E-value: 3.3e-09
            Round3_FinalIHelix   2 keaeglalllfiagletisnsllsslLfyll 32 
                                   +++++++l+++ia+++t+s+++ +++Lf ++
  tr|A0A8D1SVX4|A0A8D1SVX4_PIG  85 ENVNQCILEMLIAAPDTMSVTV-FFMLFLIA 114
                                   577*******************.6****987 PP

>> tr|A0A8D0NN40|A0A8D0NN40_PIG  aromatase OS=Sus scrofa OX=9823 PE=3 SV=1
   #    score  bias  c-Evalue  i-Evalue hmmfrom  hmm to    alifrom  ali to    envfrom  env to     acc
 ---   ------ ----- --------- --------- ------- -------    ------- -------    ------- -------    ----
   1 !   29.8   0.2   4.3e-09   9.4e-06       2      32 ..     145     174 ..     143     175 .. 0.91

  Alignments for each domain:
  == domain 1  score: 29.8 bits;  conditional E-value: 4.3e-09
            Round3_FinalIHelix   2 keaeglalllfiagletisnsllsslLfyll 32 
                                   +++++++l+++ia+++t+s+++ +++Lf ++
  tr|A0A8D0NN40|A0A8D0NN40_PIG 145 ENVNQCILEMLIAAPDTMSVTV-FFMLFLIA 174
                                   577*******************.6****987 PP

>> tr|A0A8C2P619|A0A8C2P619_CAPHI  aromatase OS=Capra hircus OX=9925 PE=3 SV=1
   #    score  bias  c-Evalue  i-Evalue hmmfrom  hmm to    alifrom  ali to    envfrom  env to     acc
 ---   ------ ----- --------- --------- ------- -------    ------- -------    ------- -------    ----
   1 !   29.5   0.2   5.6e-09   1.2e-05       2      32 ..     269     298 ..     267     299 .. 0.91

  Alignments for each domain:
  == domain 1  score: 29.5 bits;  conditional E-value: 5.6e-09
              Round3_FinalIHelix   2 keaeglalllfiagletisnsllsslLfyll 32 
                                     +++++++l+++ia+++t+s+s+ +++Lf ++
  tr|A0A8C2P619|A0A8C2P619_CAPHI 269 ENVNQCILEMLIAAPDTMSVSV-FFMLFLIA 298
                                     577*******************.6****987 PP

>> tr|A0A5N3V6P0|A0A5N3V6P0_MUNMU  Cytochrome P450 family 19 subfamily A member 1 OS=Muntiacus muntjak OX=9888 GN=FD754_
   #    score  bias  c-Evalue  i-Evalue hmmfrom  hmm to    alifrom  ali to    envfrom  env to     acc
 ---   ------ ----- --------- --------- ------- -------    ------- -------    ------- -------    ----
   1 !   30.0   0.4   3.8e-09   8.4e-06       2      32 ..     219     248 ..     218     249 .. 0.92

  Alignments for each domain:
  == domain 1  score: 30.0 bits;  conditional E-value: 3.8e-09
              Round3_FinalIHelix   2 keaeglalllfiagletisnsllsslLfyll 32 
                                     +++++++l+++ia+++t+s+s+ +++Lf ++
  tr|A0A5N3V6P0|A0A5N3V6P0_MUNMU 219 ENVNQCILEMLIAVPDTMSVSV-FFMLFLIA 248
                                     799*******************.6****987 PP

>> tr|A0A8D1YA89|A0A8D1YA89_PIG  aromatase OS=Sus scrofa OX=9823 PE=3 SV=1
   #    score  bias  c-Evalue  i-Evalue hmmfrom  hmm to    alifrom  ali to    envfrom  env to     acc
 ---   ------ ----- --------- --------- ------- -------    ------- -------    ------- -------    ----
   1 !   29.8   0.2   4.3e-09   9.4e-06       2      32 ..     145     174 ..     143     175 .. 0.91

  Alignments for each domain:
  == domain 1  score: 29.8 bits;  conditional E-value: 4.3e-09
            Round3_FinalIHelix   2 keaeglalllfiagletisnsllsslLfyll 32 
                                   +++++++l+++ia+++t+s+++ +++Lf ++
  tr|A0A8D1YA89|A0A8D1YA89_PIG 145 ENVNQCILEMLIAAPDTMSVTV-FFMLFLIA 174
                                   577*******************.6****987 PP

>> tr|G3T3M3|G3T3M3_LOXAF  aromatase OS=Loxodonta africana OX=9785 GN=CYP19A1 PE=3 SV=1
   #    score  bias  c-Evalue  i-Evalue hmmfrom  hmm to    alifrom  ali to    envfrom  env to     acc
 ---   ------ ----- --------- --------- ------- -------    ------- -------    ------- -------    ----
   1 !   29.8   0.2   4.4e-09   9.6e-06       2      32 ..     210     239 ..     209     240 .. 0.92

  Alignments for each domain:
  == domain 1  score: 29.8 bits;  conditional E-value: 4.4e-09
      Round3_FinalIHelix   2 keaeglalllfiagletisnsllsslLfyll 32 
                             +++++++l+++ia+++t+s+s+ +++Lf ++
  tr|G3T3M3|G3T3M3_LOXAF 210 ENVNQCILEMLIAAPDTMSVSV-FFMLFLIA 239
                             789*******************.6****987 PP

>> tr|A0A8J2RD02|A0A8J2RD02_9CRUS  S1 motif domain-containing protein OS=Daphnia galeata OX=27404 GN=DGAL_LOCUS1309 PE=3
   #    score  bias  c-Evalue  i-Evalue hmmfrom  hmm to    alifrom  ali to    envfrom  env to     acc
 ---   ------ ----- --------- --------- ------- -------    ------- -------    ------- -------    ----
   1 !   12.4   0.1    0.0018         4       2      30 ..     274     302 ..     273     304 .. 0.90
   2 !   16.6   0.0   7.9e-05      0.17       2      30 ..     704     732 ..     703     734 .. 0.88

  Alignments for each domain:
  == domain 1  score: 12.4 bits;  conditional E-value: 0.0018
              Round3_FinalIHelix   2 keaeglalllfiagletisnsllsslLfy 30 
                                     +++ +++l+++ ag +t++ns +++lL+ 
  tr|A0A8J2RD02|A0A8J2RD02_9CRUS 274 EQLMNIILDILSAGADTTGNSIGFALLYL 302
                                     67789******************999986 PP

  == domain 2  score: 16.6 bits;  conditional E-value: 7.9e-05
              Round3_FinalIHelix   2 keaeglalllfiagletisnsllsslLfy 30 
                                     +++ +l+ +lfiag++t++n+ ++ lL++
  tr|A0A8J2RD02|A0A8J2RD02_9CRUS 704 EQLISLIFDLFIAGGDTTGNAIGFVLLYM 732
                                     678999*****************888887 PP

>> tr|A0A8D0VSZ3|A0A8D0VSZ3_PIG  aromatase OS=Sus scrofa OX=9823 PE=3 SV=1
   #    score  bias  c-Evalue  i-Evalue hmmfrom  hmm to    alifrom  ali to    envfrom  env to     acc
 ---   ------ ----- --------- --------- ------- -------    ------- -------    ------- -------    ----
   1 !   29.8   0.2   4.3e-09   9.4e-06       2      32 ..     145     174 ..     143     175 .. 0.91

  Alignments for each domain:
  == domain 1  score: 29.8 bits;  conditional E-value: 4.3e-09
            Round3_FinalIHelix   2 keaeglalllfiagletisnsllsslLfyll 32 
                                   +++++++l+++ia+++t+s+++ +++Lf ++
  tr|A0A8D0VSZ3|A0A8D0VSZ3_PIG 145 ENVNQCILEMLIAAPDTMSVTV-FFMLFLIA 174
                                   577*******************.6****987 PP

>> tr|A0A0B7G0E2|A0A0B7G0E2_THACB  Uncharacterized protein OS=Thanatephorus cucumeris (strain AG1-IB / isolate 7/3/14) O
   #    score  bias  c-Evalue  i-Evalue hmmfrom  hmm to    alifrom  ali to    envfrom  env to     acc
 ---   ------ ----- --------- --------- ------- -------    ------- -------    ------- -------    ----
   1 !   16.3   0.4    0.0001      0.23      11      32 ..      89     109 ..      85     109 .. 0.92
   2 !   16.3   0.4    0.0001      0.23      11      32 ..     402     422 ..     398     422 .. 0.92

  Alignments for each domain:
  == domain 1  score: 16.3 bits;  conditional E-value: 0.0001
              Round3_FinalIHelix  11 lfiagletisnsllsslLfyll 32 
                                     +++ag++t+sn+l ssl++ l+
  tr|A0A0B7G0E2|A0A0B7G0E2_THACB  89 MLLAGSDTTSNTL-SSLCYHLA 109
                                     689**********.*****886 PP

  == domain 2  score: 16.3 bits;  conditional E-value: 0.0001
              Round3_FinalIHelix  11 lfiagletisnsllsslLfyll 32 
                                     +++ag++t+sn+l ssl++ l+
  tr|A0A0B7G0E2|A0A0B7G0E2_THACB 402 MLLAGSDTTSNTL-SSLCYHLA 422
                                     689**********.*****886 PP

>> tr|A0A8C2PDH2|A0A8C2PDH2_CAPHI  aromatase OS=Capra hircus OX=9925 PE=3 SV=1
   #    score  bias  c-Evalue  i-Evalue hmmfrom  hmm to    alifrom  ali to    envfrom  env to     acc
 ---   ------ ----- --------- --------- ------- -------    ------- -------    ------- -------    ----
   1 !   29.4   0.2     6e-09   1.3e-05       2      32 ..     295     324 ..     293     325 .. 0.91

  Alignments for each domain:
  == domain 1  score: 29.4 bits;  conditional E-value: 6e-09
              Round3_FinalIHelix   2 keaeglalllfiagletisnsllsslLfyll 32 
                                     +++++++l+++ia+++t+s+s+ +++Lf ++
  tr|A0A8C2PDH2|A0A8C2PDH2_CAPHI 295 ENVNQCILEMLIAAPDTMSVSV-FFMLFLIA 324
                                     577*******************.6****987 PP

>> tr|W5QIJ0|W5QIJ0_SHEEP  aromatase OS=Ovis aries OX=9940 GN=CYP19 PE=3 SV=1
   #    score  bias  c-Evalue  i-Evalue hmmfrom  hmm to    alifrom  ali to    envfrom  env to     acc
 ---   ------ ----- --------- --------- ------- -------    ------- -------    ------- -------    ----
   1 !   29.7   0.2   4.8e-09   1.1e-05       2      32 ..     215     244 ..     213     245 .. 0.91

  Alignments for each domain:
  == domain 1  score: 29.7 bits;  conditional E-value: 4.8e-09
      Round3_FinalIHelix   2 keaeglalllfiagletisnsllsslLfyll 32 
                             +++++++l+++ia+++t+s+s+ +++Lf ++
  tr|W5QIJ0|W5QIJ0_SHEEP 215 ENVNQCILEMLIAAPDTMSVSV-FFMLFLIA 244
                             577*******************.6****987 PP

>> tr|A0A260ZQ36|A0A260ZQ36_CAERE  Uncharacterized protein (Fragment) OS=Caenorhabditis remanei OX=31234 GN=FL82_23392 P
   #    score  bias  c-Evalue  i-Evalue hmmfrom  hmm to    alifrom  ali to    envfrom  env to     acc
 ---   ------ ----- --------- --------- ------- -------    ------- -------    ------- -------    ----
   1 !   12.4   0.1    0.0018       3.9       4      25 ..     295     316 ..     292     323 .. 0.86
   2 ?    4.8   0.0      0.49   1.1e+03      10      24 ..     771     785 ..     765     789 .. 0.87
   3 ?    8.1   0.1     0.045        97       5      25 ..    1244    1264 ..    1240    1271 .. 0.82
   4 ?    2.9   0.0       2.2   4.7e+03      10      24 ..    1674    1688 ..    1670    1691 .. 0.87

  Alignments for each domain:
  == domain 1  score: 12.4 bits;  conditional E-value: 0.0018
              Round3_FinalIHelix   4 aeglalllfiagletisnslls 25 
                                     +++++++l+i+g+et++ +l+s
  tr|A0A260ZQ36|A0A260ZQ36_CAERE 295 LKTMIIDLWITGQETTTTTLIS 316
                                     589***************9974 PP

  == domain 2  score: 4.8 bits;  conditional E-value: 0.49
              Round3_FinalIHelix  10 llfiagletisnsll 24 
                                     +l++ag++t++ +l+
  tr|A0A260ZQ36|A0A260ZQ36_CAERE 771 DLWLAGQDTTATTLV 785
                                     89*********9997 PP

  == domain 3  score: 8.1 bits;  conditional E-value: 0.045
              Round3_FinalIHelix    5 eglalllfiagletisnslls 25  
                                      +++  +l+i+g+et++ +l+s
  tr|A0A260ZQ36|A0A260ZQ36_CAERE 1244 KTMLFDLWITGQETTTTTLIS 1264
                                      5667789**********9974 PP

  == domain 4  score: 2.9 bits;  conditional E-value: 2.2
              Round3_FinalIHelix   10 llfiagletisnsll 24  
                                      +l++ag++t s +l+
  tr|A0A260ZQ36|A0A260ZQ36_CAERE 1674 DLWFAGQDTKSTTLV 1688
                                      89********99997 PP

>> tr|A0A4U1EBV8|A0A4U1EBV8_MONMO  Cytochrome P450 family 19 subfamily A member 1 (Fragment) OS=Monodon monoceros OX=401
   #    score  bias  c-Evalue  i-Evalue hmmfrom  hmm to    alifrom  ali to    envfrom  env to     acc
 ---   ------ ----- --------- --------- ------- -------    ------- -------    ------- -------    ----
   1 !   29.4   0.2   6.1e-09   1.3e-05       2      32 ..     299     328 ..     298     329 .. 0.92

  Alignments for each domain:
  == domain 1  score: 29.4 bits;  conditional E-value: 6.1e-09
              Round3_FinalIHelix   2 keaeglalllfiagletisnsllsslLfyll 32 
                                     +++++++l+++ia+++t+s+s+ +++Lf ++
  tr|A0A4U1EBV8|A0A4U1EBV8_MONMO 299 ENVNQCVLEMLIAAPDTMSVSV-FFMLFLIA 328
                                     789*******************.6****987 PP

>> sp|Q6YI21|CP19A_CAPHI  Aromatase OS=Capra hircus OX=9925 GN=CYP19A1 PE=2 SV=1
   #    score  bias  c-Evalue  i-Evalue hmmfrom  hmm to    alifrom  ali to    envfrom  env to     acc
 ---   ------ ----- --------- --------- ------- -------    ------- -------    ------- -------    ----
   1 !   29.4   0.2     6e-09   1.3e-05       2      32 ..     294     323 ..     292     324 .. 0.91

  Alignments for each domain:
  == domain 1  score: 29.4 bits;  conditional E-value: 6e-09
     Round3_FinalIHelix   2 keaeglalllfiagletisnsllsslLfyll 32 
                            +++++++l+++ia+++t+s+s+ +++Lf ++
  sp|Q6YI21|CP19A_CAPHI 294 ENVNQCILEMLIAAPDTMSVSV-FFMLFLIA 323
                            577*******************.6****987 PP

>> sp|Q9XS28|CP19A_SHEEP  Aromatase OS=Ovis aries OX=9940 GN=CYP19A1 PE=2 SV=1
   #    score  bias  c-Evalue  i-Evalue hmmfrom  hmm to    alifrom  ali to    envfrom  env to     acc
 ---   ------ ----- --------- --------- ------- -------    ------- -------    ------- -------    ----
   1 !   29.4   0.2     6e-09   1.3e-05       2      32 ..     294     323 ..     292     324 .. 0.91

  Alignments for each domain:
  == domain 1  score: 29.4 bits;  conditional E-value: 6e-09
     Round3_FinalIHelix   2 keaeglalllfiagletisnsllsslLfyll 32 
                            +++++++l+++ia+++t+s+s+ +++Lf ++
  sp|Q9XS28|CP19A_SHEEP 294 ENVNQCILEMLIAAPDTMSVSV-FFMLFLIA 323
                            577*******************.6****987 PP

>> tr|A0A5N4E3E5|A0A5N4E3E5_CAMDR  aromatase OS=Camelus dromedarius OX=9838 GN=Aromatase PE=3 SV=1
   #    score  bias  c-Evalue  i-Evalue hmmfrom  hmm to    alifrom  ali to    envfrom  env to     acc
 ---   ------ ----- --------- --------- ------- -------    ------- -------    ------- -------    ----
   1 !   30.0   0.2   3.7e-09   8.1e-06       2      32 ..     135     164 ..     133     165 .. 0.91

  Alignments for each domain:
  == domain 1  score: 30.0 bits;  conditional E-value: 3.7e-09
              Round3_FinalIHelix   2 keaeglalllfiagletisnsllsslLfyll 32 
                                     +++++++l+++ia+++t+s+s+ +++Lf ++
  tr|A0A5N4E3E5|A0A5N4E3E5_CAMDR 135 ENVNQCILEMLIAAPDTMSVSV-FFMLFLIA 164
                                     577*******************.6****987 PP

>> tr|A0A7J8JT89|A0A7J8JT89_MOLMO  aromatase OS=Molossus molossus OX=27622 GN=HJG59_003579 PE=3 SV=1
   #    score  bias  c-Evalue  i-Evalue hmmfrom  hmm to    alifrom  ali to    envfrom  env to     acc
 ---   ------ ----- --------- --------- ------- -------    ------- -------    ------- -------    ----
   1 !   29.5   0.2   5.6e-09   1.2e-05       2      32 ..     294     323 ..     293     324 .. 0.92

  Alignments for each domain:
  == domain 1  score: 29.5 bits;  conditional E-value: 5.6e-09
              Round3_FinalIHelix   2 keaeglalllfiagletisnsllsslLfyll 32 
                                     +++++++l+++ia+++t+s+s+ +++Lf ++
  tr|A0A7J8JT89|A0A7J8JT89_MOLMO 294 ENVNQCILEMLIAAPDTMSVSV-FFMLFLIA 323
                                     789*******************.6****987 PP

>> tr|G5C8S5|G5C8S5_HETGA  Aromatase OS=Heterocephalus glaber OX=10181 GN=GW7_20253 PE=3 SV=1
   #    score  bias  c-Evalue  i-Evalue hmmfrom  hmm to    alifrom  ali to    envfrom  env to     acc
 ---   ------ ----- --------- --------- ------- -------    ------- -------    ------- -------    ----
   1 !   29.4   0.2   5.9e-09   1.3e-05       2      32 ..     101     130 ..     100     131 .. 0.92

  Alignments for each domain:
  == domain 1  score: 29.4 bits;  conditional E-value: 5.9e-09
      Round3_FinalIHelix   2 keaeglalllfiagletisnsllsslLfyll 32 
                             +++++++l+++ia+++t+s++++ ++Lf ++
  tr|G5C8S5|G5C8S5_HETGA 101 ENVNQCILEMLIAAPDTMSVTVY-FMLFLIA 130
                             789*******************9.99**987 PP

>> tr|A0A8C4T3V6|A0A8C4T3V6_ERPCA  aromatase OS=Erpetoichthys calabaricus OX=27687 GN=LOC114667208 PE=3 SV=1
   #    score  bias  c-Evalue  i-Evalue hmmfrom  hmm to    alifrom  ali to    envfrom  env to     acc
 ---   ------ ----- --------- --------- ------- -------    ------- -------    ------- -------    ----
   1 !   30.1   0.4   3.7e-09     8e-06       3      32 ..     280     308 ..     278     309 .. 0.90

  Alignments for each domain:
  == domain 1  score: 30.1 bits;  conditional E-value: 3.7e-09
              Round3_FinalIHelix   3 eaeglalllfiagletisnsllsslLfyll 32 
                                      +++++l+++iag++t+s++l +++L+ l+
  tr|A0A8C4T3V6|A0A8C4T3V6_ERPCA 280 DVTQCILEMLIAGPDTMSVTL-FFMLMLLA 308
                                     569******************.6****997 PP

>> tr|A0A5N4E2D8|A0A5N4E2D8_CAMDR  aromatase (Fragment) OS=Camelus dromedarius OX=9838 GN=Aromatase PE=3 SV=1
   #    score  bias  c-Evalue  i-Evalue hmmfrom  hmm to    alifrom  ali to    envfrom  env to     acc
 ---   ------ ----- --------- --------- ------- -------    ------- -------    ------- -------    ----
   1 !   29.9   0.2     4e-09   8.7e-06       2      32 ..     155     184 ..     153     185 .. 0.91

  Alignments for each domain:
  == domain 1  score: 29.9 bits;  conditional E-value: 4e-09
              Round3_FinalIHelix   2 keaeglalllfiagletisnsllsslLfyll 32 
                                     +++++++l+++ia+++t+s+s+ +++Lf ++
  tr|A0A5N4E2D8|A0A5N4E2D8_CAMDR 155 ENVNQCILEMLIAAPDTMSVSV-FFMLFLIA 184
                                     577*******************.6****987 PP

>> tr|A0A6J3A280|A0A6J3A280_VICPA  aromatase OS=Vicugna pacos OX=30538 GN=LOC102526537 PE=3 SV=1
   #    score  bias  c-Evalue  i-Evalue hmmfrom  hmm to    alifrom  ali to    envfrom  env to     acc
 ---   ------ ----- --------- --------- ------- -------    ------- -------    ------- -------    ----
   1 !   29.9   0.2   4.2e-09   9.1e-06       2      32 ..     169     198 ..     167     199 .. 0.91

  Alignments for each domain:
  == domain 1  score: 29.9 bits;  conditional E-value: 4.2e-09
              Round3_FinalIHelix   2 keaeglalllfiagletisnsllsslLfyll 32 
                                     +++++++l+++ia+++t+s+s+ +++Lf ++
  tr|A0A6J3A280|A0A6J3A280_VICPA 169 ENVNQCILEMLIAAPDTMSVSV-FFMLFLIA 198
                                     577*******************.6****987 PP

>> tr|Q2XVA0|Q2XVA0_MACFA  Aromatase (Fragment) OS=Macaca fascicularis OX=9541 GN=CYP19 PE=2 SV=1
   #    score  bias  c-Evalue  i-Evalue hmmfrom  hmm to    alifrom  ali to    envfrom  env to     acc
 ---   ------ ----- --------- --------- ------- -------    ------- -------    ------- -------    ----
   1 !   31.1   0.2   1.7e-09   3.6e-06       2      32 ..     210     239 ..     209     240 .. 0.92

  Alignments for each domain:
  == domain 1  score: 31.1 bits;  conditional E-value: 1.7e-09
      Round3_FinalIHelix   2 keaeglalllfiagletisnsllsslLfyll 32 
                             +++++++l+++ia+++t+s+sl +++Lf ++
  tr|Q2XVA0|Q2XVA0_MACFA 210 ENVNQCILEMLIAAPDTMSVSL-FFMLFLIA 239
                             789*******************.6****987 PP

>> tr|A0A2Y9MJL7|A0A2Y9MJL7_DELLE  aromatase OS=Delphinapterus leucas OX=9749 GN=LOC111171015 PE=3 SV=2
   #    score  bias  c-Evalue  i-Evalue hmmfrom  hmm to    alifrom  ali to    envfrom  env to     acc
 ---   ------ ----- --------- --------- ------- -------    ------- -------    ------- -------    ----
   1 !   29.7   0.2   4.7e-09     1e-05       2      32 ..      84     113 ..      83     114 .. 0.92

  Alignments for each domain:
  == domain 1  score: 29.7 bits;  conditional E-value: 4.7e-09
              Round3_FinalIHelix   2 keaeglalllfiagletisnsllsslLfyll 32 
                                     +++++++l+++ia+++t+s+s+ +++Lf ++
  tr|A0A2Y9MJL7|A0A2Y9MJL7_DELLE  84 ENVNQCVLEMLIAAPDTMSVSV-FFMLFLIA 113
                                     789*******************.6****987 PP

>> tr|A0A6P6HHH2|A0A6P6HHH2_PUMCO  aromatase OS=Puma concolor OX=9696 GN=LOC112855925 PE=3 SV=1
   #    score  bias  c-Evalue  i-Evalue hmmfrom  hmm to    alifrom  ali to    envfrom  env to     acc
 ---   ------ ----- --------- --------- ------- -------    ------- -------    ------- -------    ----
   1 !   29.4   0.2     6e-09   1.3e-05       2      32 ..     294     323 ..     292     324 .. 0.91

  Alignments for each domain:
  == domain 1  score: 29.4 bits;  conditional E-value: 6e-09
              Round3_FinalIHelix   2 keaeglalllfiagletisnsllsslLfyll 32 
                                     +++++++l+++ia+++t+s+s+ +++Lf ++
  tr|A0A6P6HHH2|A0A6P6HHH2_PUMCO 294 ENVNQCILEMLIAAPDTMSVSV-FFMLFLIA 323
                                     577*******************.6****987 PP

>> sp|Q29624|CP19A_PIG  Aromatase 1 OS=Sus scrofa OX=9823 GN=CYP19A1 PE=2 SV=1
   #    score  bias  c-Evalue  i-Evalue hmmfrom  hmm to    alifrom  ali to    envfrom  env to     acc
 ---   ------ ----- --------- --------- ------- -------    ------- -------    ------- -------    ----
   1 !   29.2   0.2   6.8e-09   1.5e-05       2      32 ..     294     323 ..     292     324 .. 0.91

  Alignments for each domain:
  == domain 1  score: 29.2 bits;  conditional E-value: 6.8e-09
   Round3_FinalIHelix   2 keaeglalllfiagletisnsllsslLfyll 32 
                          +++++++l+++ia+++t+s+++ +++Lf ++
  sp|Q29624|CP19A_PIG 294 ENVNQCILEMLIAAPDTMSVTV-FFMLFLIA 323
                          577*******************.6****987 PP

>> tr|A0A6J8EGF9|A0A6J8EGF9_MYTCO  Cytochrome P450 3A41,Cytochrome P450 3A19,Cytochrome P450 3A31,Cytochrome P450 3A16,C
   #    score  bias  c-Evalue  i-Evalue hmmfrom  hmm to    alifrom  ali to    envfrom  env to     acc
 ---   ------ ----- --------- --------- ------- -------    ------- -------    ------- -------    ----
   1 !   16.9   0.5   6.5e-05      0.14       5      32 ..     309     331 ..     305     332 .. 0.86
   2 !   14.5   0.2   0.00038      0.82       7      32 ..     830     850 ..     824     851 .. 0.86

  Alignments for each domain:
  == domain 1  score: 16.9 bits;  conditional E-value: 6.5e-05
              Round3_FinalIHelix   5 eglalllfiagletisnsllsslLfyll 32 
                                      ++    fiag++t++n+l s+ +++l+
  tr|A0A6J8EGF9|A0A6J8EGF9_MYTCO 309 VTF----FIAGYDTTANTL-SFACYCLA 331
                                     555....9***********.9******8 PP

  == domain 2  score: 14.5 bits;  conditional E-value: 0.00038
              Round3_FinalIHelix   7 lalllfiagletisnsllsslLfyll 32 
                                     +    f ag++t++n+l s+ +++l+
  tr|A0A6J8EGF9|A0A6J8EGF9_MYTCO 830 F----FVAGYDTTANTL-SFACYCLA 850
                                     4....99**********.9******8 PP

>> tr|A0A553PP19|A0A553PP19_TIGCA  Cytochrome P450 (Fragment) OS=Tigriopus californicus OX=6832 GN=TCAL_10761 PE=3 SV=1
   #    score  bias  c-Evalue  i-Evalue hmmfrom  hmm to    alifrom  ali to    envfrom  env to     acc
 ---   ------ ----- --------- --------- ------- -------    ------- -------    ------- -------    ----
   1 ?    6.3   0.0      0.17   3.8e+02      17      32 ..     109     123 ..     108     124 .. 0.92
   2 ?    9.6   0.1     0.014        30       9      32 ..     583     605 ..     575     606 .. 0.88
   3 !   15.8   0.1   0.00015      0.32      11      32 ..    1058    1078 ..    1048    1079 .. 0.85

  Alignments for each domain:
  == domain 1  score: 6.3 bits;  conditional E-value: 0.17
              Round3_FinalIHelix  17 etisnsllsslLfyll 32 
                                     et++n+l s+l+++l+
  tr|A0A553PP19|A0A553PP19_TIGCA 109 ETTANTL-STLCYNLA 123
                                     9******.*******8 PP

  == domain 2  score: 9.6 bits;  conditional E-value: 0.014
              Round3_FinalIHelix   9 lllfiagletisnsllsslLfyll 32 
                                     ++ f+ag+et++ +l  +l+++l+
  tr|A0A553PP19|A0A553PP19_TIGCA 583 AIFFLAGFETTASTL-ATLCYNLA 605
                                     6779***********.6*****97 PP

  == domain 3  score: 15.8 bits;  conditional E-value: 0.00015
              Round3_FinalIHelix   11 lfiagletisnsllsslLfyll 32  
                                       f+ag+et++n+l s+l+++l+
  tr|A0A553PP19|A0A553PP19_TIGCA 1058 FFLAGFETTANTL-STLCYNLA 1078
                                      69***********.*******8 PP

>> tr|G1PEN3|G1PEN3_MYOLU  aromatase OS=Myotis lucifugus OX=59463 GN=CYP19A1 PE=3 SV=1
   #    score  bias  c-Evalue  i-Evalue hmmfrom  hmm to    alifrom  ali to    envfrom  env to     acc
 ---   ------ ----- --------- --------- ------- -------    ------- -------    ------- -------    ----
   1 !   28.9   0.2   8.5e-09   1.9e-05       2      32 ..     295     324 ..     294     325 .. 0.92

  Alignments for each domain:
  == domain 1  score: 28.9 bits;  conditional E-value: 8.5e-09
      Round3_FinalIHelix   2 keaeglalllfiagletisnsllsslLfyll 32 
                             +++++++l+++ia+++t+s+s+ +++Lf ++
  tr|G1PEN3|G1PEN3_MYOLU 295 ENVNQCILEMLIAAPDTMSVSV-FFMLFLIS 324
                             789*******************.6****986 PP

>> tr|A0A8D1QUG3|A0A8D1QUG3_PIG  aromatase OS=Sus scrofa OX=9823 PE=3 SV=1
   #    score  bias  c-Evalue  i-Evalue hmmfrom  hmm to    alifrom  ali to    envfrom  env to     acc
 ---   ------ ----- --------- --------- ------- -------    ------- -------    ------- -------    ----
   1 !   29.4   0.2   6.1e-09   1.3e-05       2      32 ..     252     281 ..     250     282 .. 0.91

  Alignments for each domain:
  == domain 1  score: 29.4 bits;  conditional E-value: 6.1e-09
            Round3_FinalIHelix   2 keaeglalllfiagletisnsllsslLfyll 32 
                                   +++++++l+++ia+++t+s+++ +++Lf ++
  tr|A0A8D1QUG3|A0A8D1QUG3_PIG 252 ENVNQCILEMLIAAPDTMSVTV-FFMLFLIA 281
                                   577*******************.6****987 PP

>> tr|S7PEE2|S7PEE2_MYOBR  aromatase OS=Myotis brandtii OX=109478 GN=D623_10026016 PE=3 SV=1
   #    score  bias  c-Evalue  i-Evalue hmmfrom  hmm to    alifrom  ali to    envfrom  env to     acc
 ---   ------ ----- --------- --------- ------- -------    ------- -------    ------- -------    ----
   1 !   28.9   0.2   8.5e-09   1.9e-05       2      32 ..     295     324 ..     294     325 .. 0.92

  Alignments for each domain:
  == domain 1  score: 28.9 bits;  conditional E-value: 8.5e-09
      Round3_FinalIHelix   2 keaeglalllfiagletisnsllsslLfyll 32 
                             +++++++l+++ia+++t+s+s+ +++Lf ++
  tr|S7PEE2|S7PEE2_MYOBR 295 ENVNQCILEMLIAAPDTMSVSV-FFMLFLIS 324
                             789*******************.6****986 PP

>> tr|A0A5S6HC39|A0A5S6HC39_PIG  aromatase OS=Sus scrofa OX=9823 GN=CYP19A1 PE=3 SV=1
   #    score  bias  c-Evalue  i-Evalue hmmfrom  hmm to    alifrom  ali to    envfrom  env to     acc
 ---   ------ ----- --------- --------- ------- -------    ------- -------    ------- -------    ----
   1 !   29.2   0.2   7.1e-09   1.5e-05       2      32 ..     311     340 ..     309     341 .. 0.91

  Alignments for each domain:
  == domain 1  score: 29.2 bits;  conditional E-value: 7.1e-09
            Round3_FinalIHelix   2 keaeglalllfiagletisnsllsslLfyll 32 
                                   +++++++l+++ia+++t+s+++ +++Lf ++
  tr|A0A5S6HC39|A0A5S6HC39_PIG 311 ENVNQCILEMLIAAPDTMSVTV-FFMLFLIA 340
                                   577*******************.6****987 PP

>> tr|A0A8D1Y6K2|A0A8D1Y6K2_PIG  aromatase OS=Sus scrofa OX=9823 PE=3 SV=1
   #    score  bias  c-Evalue  i-Evalue hmmfrom  hmm to    alifrom  ali to    envfrom  env to     acc
 ---   ------ ----- --------- --------- ------- -------    ------- -------    ------- -------    ----
   1 !   29.2   0.2   7.1e-09   1.5e-05       2      32 ..     311     340 ..     309     341 .. 0.91

  Alignments for each domain:
  == domain 1  score: 29.2 bits;  conditional E-value: 7.1e-09
            Round3_FinalIHelix   2 keaeglalllfiagletisnsllsslLfyll 32 
                                   +++++++l+++ia+++t+s+++ +++Lf ++
  tr|A0A8D1Y6K2|A0A8D1Y6K2_PIG 311 ENVNQCILEMLIAAPDTMSVTV-FFMLFLIA 340
                                   577*******************.6****987 PP

>> tr|A0A8C9B464|A0A8C9B464_PHOSS  aromatase OS=Phocoena sinus OX=42100 GN=LOC116749060 PE=3 SV=1
   #    score  bias  c-Evalue  i-Evalue hmmfrom  hmm to    alifrom  ali to    envfrom  env to     acc
 ---   ------ ----- --------- --------- ------- -------    ------- -------    ------- -------    ----
   1 !   29.0   0.1   7.9e-09   1.7e-05       2      32 ..     294     323 ..     292     324 .. 0.90

  Alignments for each domain:
  == domain 1  score: 29.0 bits;  conditional E-value: 7.9e-09
              Round3_FinalIHelix   2 keaeglalllfiagletisnsllsslLfyll 32 
                                     +++++++l+++ia+++t+s+s+ +++Lf ++
  tr|A0A8C9B464|A0A8C9B464_PHOSS 294 ENVDQCILEMLIAAPDTMSVSV-FFMLFLIA 323
                                     577*******************.6****987 PP

>> tr|A0A8D0VRV5|A0A8D0VRV5_PIG  aromatase OS=Sus scrofa OX=9823 PE=3 SV=1
   #    score  bias  c-Evalue  i-Evalue hmmfrom  hmm to    alifrom  ali to    envfrom  env to     acc
 ---   ------ ----- --------- --------- ------- -------    ------- -------    ------- -------    ----
   1 !   29.2   0.2   7.1e-09   1.5e-05       2      32 ..     311     340 ..     309     341 .. 0.91

  Alignments for each domain:
  == domain 1  score: 29.2 bits;  conditional E-value: 7.1e-09
            Round3_FinalIHelix   2 keaeglalllfiagletisnsllsslLfyll 32 
                                   +++++++l+++ia+++t+s+++ +++Lf ++
  tr|A0A8D0VRV5|A0A8D0VRV5_PIG 311 ENVNQCILEMLIAAPDTMSVTV-FFMLFLIA 340
                                   577*******************.6****987 PP

>> tr|Q9TSH1|Q9TSH1_PIG  aromatase (Fragment) OS=Sus scrofa OX=9823 PE=3 SV=1
   #    score  bias  c-Evalue  i-Evalue hmmfrom  hmm to    alifrom  ali to    envfrom  env to     acc
 ---   ------ ----- --------- --------- ------- -------    ------- -------    ------- -------    ----
   1 !   29.6   0.2   5.1e-09   1.1e-05       2      32 ..     195     224 ..     193     225 .. 0.91

  Alignments for each domain:
  == domain 1  score: 29.6 bits;  conditional E-value: 5.1e-09
    Round3_FinalIHelix   2 keaeglalllfiagletisnsllsslLfyll 32 
                           +++++++l+++ia+++t+s+++ +++Lf ++
  tr|Q9TSH1|Q9TSH1_PIG 195 ENVNQCILEMLIAAPDTMSVTV-FFMLFLIA 224
                           577*******************.6****987 PP

>> tr|A0A8D0NPU7|A0A8D0NPU7_PIG  aromatase OS=Sus scrofa OX=9823 PE=3 SV=1
   #    score  bias  c-Evalue  i-Evalue hmmfrom  hmm to    alifrom  ali to    envfrom  env to     acc
 ---   ------ ----- --------- --------- ------- -------    ------- -------    ------- -------    ----
   1 !   29.2   0.2   7.1e-09   1.5e-05       2      32 ..     311     340 ..     309     341 .. 0.91

  Alignments for each domain:
  == domain 1  score: 29.2 bits;  conditional E-value: 7.1e-09
            Round3_FinalIHelix   2 keaeglalllfiagletisnsllsslLfyll 32 
                                   +++++++l+++ia+++t+s+++ +++Lf ++
  tr|A0A8D0NPU7|A0A8D0NPU7_PIG 311 ENVNQCILEMLIAAPDTMSVTV-FFMLFLIA 340
                                   577*******************.6****987 PP

>> tr|A0A8D0ZCU4|A0A8D0ZCU4_PIG  aromatase OS=Sus scrofa OX=9823 PE=3 SV=1
   #    score  bias  c-Evalue  i-Evalue hmmfrom  hmm to    alifrom  ali to    envfrom  env to     acc
 ---   ------ ----- --------- --------- ------- -------    ------- -------    ------- -------    ----
   1 !   29.2   0.2   7.1e-09   1.5e-05       2      32 ..     311     340 ..     309     341 .. 0.91

  Alignments for each domain:
  == domain 1  score: 29.2 bits;  conditional E-value: 7.1e-09
            Round3_FinalIHelix   2 keaeglalllfiagletisnsllsslLfyll 32 
                                   +++++++l+++ia+++t+s+++ +++Lf ++
  tr|A0A8D0ZCU4|A0A8D0ZCU4_PIG 311 ENVNQCILEMLIAAPDTMSVTV-FFMLFLIA 340
                                   577*******************.6****987 PP

>> sp|Q69FB6|CP19A_LAGAC  Aromatase OS=Lagenorhynchus acutus OX=90246 GN=CYP19A1 PE=2 SV=1
   #    score  bias  c-Evalue  i-Evalue hmmfrom  hmm to    alifrom  ali to    envfrom  env to     acc
 ---   ------ ----- --------- --------- ------- -------    ------- -------    ------- -------    ----
   1 !   29.0   0.1   7.9e-09   1.7e-05       2      32 ..     294     323 ..     292     324 .. 0.90

  Alignments for each domain:
  == domain 1  score: 29.0 bits;  conditional E-value: 7.9e-09
     Round3_FinalIHelix   2 keaeglalllfiagletisnsllsslLfyll 32 
                            +++++++l+++ia+++t+s+s+ +++Lf ++
  sp|Q69FB6|CP19A_LAGAC 294 ENVDQCILEMLIAAPDTMSVSV-FFMLFLIA 323
                            577*******************.6****987 PP

>> tr|A0A8C6BIC7|A0A8C6BIC7_MONMO  aromatase OS=Monodon monoceros OX=40151 GN=LOC114903553 PE=3 SV=1
   #    score  bias  c-Evalue  i-Evalue hmmfrom  hmm to    alifrom  ali to    envfrom  env to     acc
 ---   ------ ----- --------- --------- ------- -------    ------- -------    ------- -------    ----
   1 !   29.0   0.1   7.9e-09   1.7e-05       2      32 ..     294     323 ..     292     324 .. 0.90

  Alignments for each domain:
  == domain 1  score: 29.0 bits;  conditional E-value: 7.9e-09
              Round3_FinalIHelix   2 keaeglalllfiagletisnsllsslLfyll 32 
                                     +++++++l+++ia+++t+s+s+ +++Lf ++
  tr|A0A8C6BIC7|A0A8C6BIC7_MONMO 294 ENVDQCILEMLIAAPDTMSVSV-FFMLFLIA 323
                                     577*******************.6****987 PP

>> tr|A0A2Y9MYF4|A0A2Y9MYF4_DELLE  aromatase OS=Delphinapterus leucas OX=9749 GN=LOC111170860 PE=3 SV=1
   #    score  bias  c-Evalue  i-Evalue hmmfrom  hmm to    alifrom  ali to    envfrom  env to     acc
 ---   ------ ----- --------- --------- ------- -------    ------- -------    ------- -------    ----
   1 !   29.0   0.1   7.9e-09   1.7e-05       2      32 ..     294     323 ..     292     324 .. 0.90

  Alignments for each domain:
  == domain 1  score: 29.0 bits;  conditional E-value: 7.9e-09
              Round3_FinalIHelix   2 keaeglalllfiagletisnsllsslLfyll 32 
                                     +++++++l+++ia+++t+s+s+ +++Lf ++
  tr|A0A2Y9MYF4|A0A2Y9MYF4_DELLE 294 ENVDQCILEMLIAAPDTMSVSV-FFMLFLIA 323
                                     577*******************.6****987 PP

>> tr|A0A6J1UPQ4|A0A6J1UPQ4_9SAUR  aromatase OS=Notechis scutatus OX=8663 GN=LOC113418339 PE=3 SV=1
   #    score  bias  c-Evalue  i-Evalue hmmfrom  hmm to    alifrom  ali to    envfrom  env to     acc
 ---   ------ ----- --------- --------- ------- -------    ------- -------    ------- -------    ----
   1 ?    1.7   0.0         5   1.1e+04       8      26 ..      85     103 ..      80     107 .. 0.81
   2 !   26.3   0.3   5.9e-08   0.00013       2      32 ..     295     324 ..     294     325 .. 0.86

  Alignments for each domain:
  == domain 1  score: 1.7 bits;  conditional E-value: 5
              Round3_FinalIHelix   8 alllfiagletisnsllss 26 
                                     ++ ++i+g et + s+ ss
  tr|A0A6J1UPQ4|A0A6J1UPQ4_9SAUR  85 FMRVWINGEETLVISKSSS 103
                                     5779**********99444 PP

  == domain 2  score: 26.3 bits;  conditional E-value: 5.9e-08
              Round3_FinalIHelix   2 keaeglalllfiagletisnsllsslLfyll 32 
                                     +++++++l+++ia+++t+s++l+ ++L  ++
  tr|A0A6J1UPQ4|A0A6J1UPQ4_9SAUR 295 ENVNQCVLEMLIAAPDTMSVTLF-FMLVLIA 324
                                     688*******************5.7776655 PP

>> tr|A0A9W3GRH6|A0A9W3GRH6_CAMBA  aromatase OS=Camelus bactrianus OX=9837 GN=LOC105067585 PE=3 SV=1
   #    score  bias  c-Evalue  i-Evalue hmmfrom  hmm to    alifrom  ali to    envfrom  env to     acc
 ---   ------ ----- --------- --------- ------- -------    ------- -------    ------- -------    ----
   1 !   29.8   0.2   4.5e-09   9.9e-06       2      32 ..     192     221 ..     190     222 .. 0.91

  Alignments for each domain:
  == domain 1  score: 29.8 bits;  conditional E-value: 4.5e-09
              Round3_FinalIHelix   2 keaeglalllfiagletisnsllsslLfyll 32 
                                     +++++++l+++ia+++t+s+s+ +++Lf ++
  tr|A0A9W3GRH6|A0A9W3GRH6_CAMBA 192 ENVNQCILEMLIAAPDTMSVSV-FFMLFLIA 221
                                     577*******************.6****987 PP

>> tr|A0A8C5PHM5|A0A8C5PHM5_9ANUR  aromatase OS=Leptobrachium leishanense OX=445787 GN=CYP19A1 PE=3 SV=1
   #    score  bias  c-Evalue  i-Evalue hmmfrom  hmm to    alifrom  ali to    envfrom  env to     acc
 ---   ------ ----- --------- --------- ------- -------    ------- -------    ------- -------    ----
   1 ?    1.9   0.0       4.2   9.2e+03       5      32 ..      53      80 ..      50      81 .. 0.85
   2 !   27.2   0.5   2.9e-08   6.4e-05       2      31 ..     348     376 ..     347     378 .. 0.85

  Alignments for each domain:
  == domain 1  score: 1.9 bits;  conditional E-value: 4.2
              Round3_FinalIHelix  5 eglalllfiagletisnsllsslLfyll 32
                                     +++l+ +++ +++i+ ++ s+++++++
  tr|A0A8C5PHM5|A0A8C5PHM5_9ANUR 53 ANMILEALNTMQSNITEVMPSLTPATAA 80
                                    6899**************9988888876 PP

  == domain 2  score: 27.2 bits;  conditional E-value: 2.9e-08
              Round3_FinalIHelix   2 keaeglalllfiagletisnsllsslLfyl 31 
                                     +++++++l+++ia+++t+s+sl+ ++L  +
  tr|A0A8C5PHM5|A0A8C5PHM5_9ANUR 348 ENVNQCILEMLIAAPDTMSVSLF-FMLVLI 376
                                     789*******************6.666554 PP

>> tr|A0A383Z5M0|A0A383Z5M0_BALAS  aromatase OS=Balaenoptera acutorostrata scammoni OX=310752 GN=LOC103012080 PE=3 SV=1
   #    score  bias  c-Evalue  i-Evalue hmmfrom  hmm to    alifrom  ali to    envfrom  env to     acc
 ---   ------ ----- --------- --------- ------- -------    ------- -------    ------- -------    ----
   1 !   29.5   0.2   5.6e-09   1.2e-05       2      32 ..     294     323 ..     293     324 .. 0.92

  Alignments for each domain:
  == domain 1  score: 29.5 bits;  conditional E-value: 5.6e-09
              Round3_FinalIHelix   2 keaeglalllfiagletisnsllsslLfyll 32 
                                     +++++++l+++ia+++t+s+s+ +++Lf ++
  tr|A0A383Z5M0|A0A383Z5M0_BALAS 294 ENVNQCILEMLIAAPDTMSVSV-FFMLFLIA 323
                                     789*******************.6****987 PP

>> tr|A0A226MIA2|A0A226MIA2_CALSU  Cytochrome P450 2J2 (Fragment) OS=Callipepla squamata OX=9009 GN=ASZ78_003709 PE=3 SV
   #    score  bias  c-Evalue  i-Evalue hmmfrom  hmm to    alifrom  ali to    envfrom  env to     acc
 ---   ------ ----- --------- --------- ------- -------    ------- -------    ------- -------    ----
   1 !   11.3   0.3    0.0042       9.1       3      31 ..     294     322 ..     292     323 .. 0.86
   2 !   11.2   0.3    0.0044       9.6       2      31 ..     768     797 ..     767     798 .. 0.88
   3 !   11.3   0.3    0.0042       9.1       3      31 ..    1262    1290 ..    1260    1291 .. 0.86

  Alignments for each domain:
  == domain 1  score: 11.3 bits;  conditional E-value: 0.0042
              Round3_FinalIHelix   3 eaeglalllfiagletisnsllsslLfyl 31 
                                     ++ ++ l+lf+ag et+s +   +lLf++
  tr|A0A226MIA2|A0A226MIA2_CALSU 294 NLVACTLDLFFAGTETTSTTIRWALLFMA 322
                                     5689***************9987888875 PP

  == domain 2  score: 11.2 bits;  conditional E-value: 0.0044
              Round3_FinalIHelix   2 keaeglalllfiagletisnsllsslLfyl 31 
                                     +++ ++ l+l++ag et+s +   +lLf++
  tr|A0A226MIA2|A0A226MIA2_CALSU 768 ENLVACTLDLLFAGTETSSTTIRWALLFMA 797
                                     6789*****************988888887 PP

  == domain 3  score: 11.3 bits;  conditional E-value: 0.0042
              Round3_FinalIHelix    3 eaeglalllfiagletisnsllsslLfyl 31  
                                      ++ ++ l+lf+ag et+s +   +lLf++
  tr|A0A226MIA2|A0A226MIA2_CALSU 1262 NLVACTLDLFFAGTETTSTTIRWALLFMA 1290
                                      5689***************9987888875 PP

>> tr|A0A2Y9S1I1|A0A2Y9S1I1_PHYMC  aromatase OS=Physeter macrocephalus OX=9755 GN=LOC102982383 PE=3 SV=1
   #    score  bias  c-Evalue  i-Evalue hmmfrom  hmm to    alifrom  ali to    envfrom  env to     acc
 ---   ------ ----- --------- --------- ------- -------    ------- -------    ------- -------    ----
   1 !   29.5   0.2   5.6e-09   1.2e-05       2      32 ..     294     323 ..     293     324 .. 0.92

  Alignments for each domain:
  == domain 1  score: 29.5 bits;  conditional E-value: 5.6e-09
              Round3_FinalIHelix   2 keaeglalllfiagletisnsllsslLfyll 32 
                                     +++++++l+++ia+++t+s+s+ +++Lf ++
  tr|A0A2Y9S1I1|A0A2Y9S1I1_PHYMC 294 ENVNQCILEMLIAAPDTMSVSV-FFMLFLIA 323
                                     789*******************.6****987 PP

>> tr|A0A8S4BMR2|A0A8S4BMR2_9TELE  (Atlantic silverside) hypothetical protein (Fragment) OS=Menidia menidia OX=238744 GN
   #    score  bias  c-Evalue  i-Evalue hmmfrom  hmm to    alifrom  ali to    envfrom  env to     acc
 ---   ------ ----- --------- --------- ------- -------    ------- -------    ------- -------    ----
   1 !   11.7   0.5     0.003       6.5       9      30 ..     316     337 ..     313     339 .. 0.88
   2 !   11.1   0.2    0.0049        11       9      30 ..     481     502 ..     478     505 .. 0.90
   3 !   12.2   0.2    0.0022       4.7       3      30 ..     731     758 ..     729     760 .. 0.87

  Alignments for each domain:
  == domain 1  score: 11.7 bits;  conditional E-value: 0.003
              Round3_FinalIHelix   9 lllfiagletisnsllsslLfy 30 
                                     l+l +ag +t+sn+ll++lL+ 
  tr|A0A8S4BMR2|A0A8S4BMR2_9TELE 316 LDLHFAGTDTTSNTLLTALLYL 337
                                     7999***********9998885 PP

  == domain 2  score: 11.1 bits;  conditional E-value: 0.0049
              Round3_FinalIHelix   9 lllfiagletisnsllsslLfy 30 
                                     l+l +ag +t+sn+ll+++L+ 
  tr|A0A8S4BMR2|A0A8S4BMR2_9TELE 481 LDLHFAGADTTSNTLLTAFLYL 502
                                     7999***************997 PP

  == domain 3  score: 12.2 bits;  conditional E-value: 0.0022
              Round3_FinalIHelix   3 eaeglalllfiagletisnsllsslLfy 30 
                                     ++ ++ l+l +ag +t+sn+ll+ +L+ 
  tr|A0A8S4BMR2|A0A8S4BMR2_9TELE 731 QLVMYSLDLHFAGTDTTSNTLLTGFLYL 758
                                     6789*****************9877775 PP

>> tr|A0A341B5G2|A0A341B5G2_NEOAA  aromatase OS=Neophocaena asiaeorientalis asiaeorientalis OX=1706337 GN=LOC112397422 P
   #    score  bias  c-Evalue  i-Evalue hmmfrom  hmm to    alifrom  ali to    envfrom  env to     acc
 ---   ------ ----- --------- --------- ------- -------    ------- -------    ------- -------    ----
   1 !   29.0   0.1   7.9e-09   1.7e-05       2      32 ..     294     323 ..     292     324 .. 0.90

  Alignments for each domain:
  == domain 1  score: 29.0 bits;  conditional E-value: 7.9e-09
              Round3_FinalIHelix   2 keaeglalllfiagletisnsllsslLfyll 32 
                                     +++++++l+++ia+++t+s+s+ +++Lf ++
  tr|A0A341B5G2|A0A341B5G2_NEOAA 294 ENVDQCILEMLIAAPDTMSVSV-FFMLFLIA 323
                                     577*******************.6****987 PP

>> tr|A0A6J2BAC1|A0A6J2BAC1_ZALCA  aromatase OS=Zalophus californianus OX=9704 GN=LOC113910201 PE=3 SV=2
   #    score  bias  c-Evalue  i-Evalue hmmfrom  hmm to    alifrom  ali to    envfrom  env to     acc
 ---   ------ ----- --------- --------- ------- -------    ------- -------    ------- -------    ----
   1 !   29.7   0.2   4.7e-09     1e-05       2      32 ..     235     264 ..     234     265 .. 0.92

  Alignments for each domain:
  == domain 1  score: 29.7 bits;  conditional E-value: 4.7e-09
              Round3_FinalIHelix   2 keaeglalllfiagletisnsllsslLfyll 32 
                                     +++++++l+++ia+++t+s+s+ +++Lf ++
  tr|A0A6J2BAC1|A0A6J2BAC1_ZALCA 235 ENVNQCILEMLIAAPDTMSVSV-FFMLFLIA 264
                                     789*******************.6****987 PP

>> tr|A0A2Y9HJM6|A0A2Y9HJM6_NEOSC  aromatase OS=Neomonachus schauinslandi OX=29088 GN=LOC110583928 PE=3 SV=1
   #    score  bias  c-Evalue  i-Evalue hmmfrom  hmm to    alifrom  ali to    envfrom  env to     acc
 ---   ------ ----- --------- --------- ------- -------    ------- -------    ------- -------    ----
   1 !   29.7   0.2   4.7e-09     1e-05       2      32 ..     235     264 ..     234     265 .. 0.92

  Alignments for each domain:
  == domain 1  score: 29.7 bits;  conditional E-value: 4.7e-09
              Round3_FinalIHelix   2 keaeglalllfiagletisnsllsslLfyll 32 
                                     +++++++l+++ia+++t+s+s+ +++Lf ++
  tr|A0A2Y9HJM6|A0A2Y9HJM6_NEOSC 235 ENVNQCILEMLIAAPDTMSVSV-FFMLFLIA 264
                                     789*******************.6****987 PP

>> tr|A0A7J7FBI8|A0A7J7FBI8_DICBM  aromatase OS=Diceros bicornis minor OX=77932 GN=HPG69_001871 PE=3 SV=1
   #    score  bias  c-Evalue  i-Evalue hmmfrom  hmm to    alifrom  ali to    envfrom  env to     acc
 ---   ------ ----- --------- --------- ------- -------    ------- -------    ------- -------    ----
   1 !   29.5   0.2   5.6e-09   1.2e-05       2      32 ..     205     234 ..     204     235 .. 0.92

  Alignments for each domain:
  == domain 1  score: 29.5 bits;  conditional E-value: 5.6e-09
              Round3_FinalIHelix   2 keaeglalllfiagletisnsllsslLfyll 32 
                                     +++++++l+++ia+++t+s+s+ +++Lf ++
  tr|A0A7J7FBI8|A0A7J7FBI8_DICBM 205 ENVNQCILEMLIAAPDTMSVSV-FFMLFLVA 234
                                     789*******************.6****986 PP

>> tr|A0A6J3R1G7|A0A6J3R1G7_TURTR  aromatase OS=Tursiops truncatus OX=9739 GN=LOC101335827 PE=3 SV=1
   #    score  bias  c-Evalue  i-Evalue hmmfrom  hmm to    alifrom  ali to    envfrom  env to     acc
 ---   ------ ----- --------- --------- ------- -------    ------- -------    ------- -------    ----
   1 !   29.0   0.1   7.9e-09   1.7e-05       2      32 ..     294     323 ..     292     324 .. 0.90

  Alignments for each domain:
  == domain 1  score: 29.0 bits;  conditional E-value: 7.9e-09
              Round3_FinalIHelix   2 keaeglalllfiagletisnsllsslLfyll 32 
                                     +++++++l+++ia+++t+s+s+ +++Lf ++
  tr|A0A6J3R1G7|A0A6J3R1G7_TURTR 294 ENVDQCILEMLIAAPDTMSVSV-FFMLFLIA 323
                                     577*******************.6****987 PP

>> tr|A0A4U1EC89|A0A4U1EC89_MONMO  aromatase (Fragment) OS=Monodon monoceros OX=40151 GN=EI555_001007 PE=3 SV=1
   #    score  bias  c-Evalue  i-Evalue hmmfrom  hmm to    alifrom  ali to    envfrom  env to     acc
 ---   ------ ----- --------- --------- ------- -------    ------- -------    ------- -------    ----
   1 !   29.3   0.1   6.5e-09   1.4e-05       2      32 ..     221     250 ..     219     251 .. 0.90

  Alignments for each domain:
  == domain 1  score: 29.3 bits;  conditional E-value: 6.5e-09
              Round3_FinalIHelix   2 keaeglalllfiagletisnsllsslLfyll 32 
                                     +++++++l+++ia+++t+s+s+ +++Lf ++
  tr|A0A4U1EC89|A0A4U1EC89_MONMO 221 ENVDQCILEMLIAAPDTMSVSV-FFMLFLIA 250
                                     577*******************.6****987 PP

>> tr|L5MCK1|L5MCK1_MYODS  aromatase OS=Myotis davidii OX=225400 GN=MDA_GLEAN10016345 PE=3 SV=1
   #    score  bias  c-Evalue  i-Evalue hmmfrom  hmm to    alifrom  ali to    envfrom  env to     acc
 ---   ------ ----- --------- --------- ------- -------    ------- -------    ------- -------    ----
   1 !   28.9   0.2   8.5e-09   1.9e-05       2      32 ..     295     324 ..     294     325 .. 0.92

  Alignments for each domain:
  == domain 1  score: 28.9 bits;  conditional E-value: 8.5e-09
      Round3_FinalIHelix   2 keaeglalllfiagletisnsllsslLfyll 32 
                             +++++++l+++ia+++t+s+s+ +++Lf ++
  tr|L5MCK1|L5MCK1_MYODS 295 ENVNQCILEMLIAAPDTMSVSV-FFMLFLIS 324
                             789*******************.6****986 PP

>> tr|A0A8B6YCQ2|A0A8B6YCQ2_CAMFR  aromatase OS=Camelus ferus OX=419612 GN=LOC102519005 PE=3 SV=1
   #    score  bias  c-Evalue  i-Evalue hmmfrom  hmm to    alifrom  ali to    envfrom  env to     acc
 ---   ------ ----- --------- --------- ------- -------    ------- -------    ------- -------    ----
   1 !   29.4   0.2   6.1e-09   1.3e-05       2      32 ..     295     324 ..     293     325 .. 0.91

  Alignments for each domain:
  == domain 1  score: 29.4 bits;  conditional E-value: 6.1e-09
              Round3_FinalIHelix   2 keaeglalllfiagletisnsllsslLfyll 32 
                                     +++++++l+++ia+++t+s+s+ +++Lf ++
  tr|A0A8B6YCQ2|A0A8B6YCQ2_CAMFR 295 ENVNQCILEMLIAAPDTMSVSV-FFMLFLIA 324
                                     577*******************.6****987 PP

>> tr|A0A8D1QW76|A0A8D1QW76_PIG  aromatase OS=Sus scrofa OX=9823 PE=3 SV=1
   #    score  bias  c-Evalue  i-Evalue hmmfrom  hmm to    alifrom  ali to    envfrom  env to     acc
 ---   ------ ----- --------- --------- ------- -------    ------- -------    ------- -------    ----
   1 !   29.2   0.2   6.7e-09   1.5e-05       2      32 ..     287     316 ..     285     317 .. 0.91

  Alignments for each domain:
  == domain 1  score: 29.2 bits;  conditional E-value: 6.7e-09
            Round3_FinalIHelix   2 keaeglalllfiagletisnsllsslLfyll 32 
                                   +++++++l+++ia+++t+s+++ +++Lf ++
  tr|A0A8D1QW76|A0A8D1QW76_PIG 287 ENVNQCILEMLIAAPDTMSVTV-FFMLFLIA 316
                                   577*******************.6****987 PP

>> tr|A0A7J8AJN1|A0A7J8AJN1_MYOMY  aromatase OS=Myotis myotis OX=51298 GN=mMyoMyo1_003566 PE=3 SV=1
   #    score  bias  c-Evalue  i-Evalue hmmfrom  hmm to    alifrom  ali to    envfrom  env to     acc
 ---   ------ ----- --------- --------- ------- -------    ------- -------    ------- -------    ----
   1 !   28.9   0.2   8.5e-09   1.9e-05       2      32 ..     295     324 ..     294     325 .. 0.92

  Alignments for each domain:
  == domain 1  score: 28.9 bits;  conditional E-value: 8.5e-09
              Round3_FinalIHelix   2 keaeglalllfiagletisnsllsslLfyll 32 
                                     +++++++l+++ia+++t+s+s+ +++Lf ++
  tr|A0A7J8AJN1|A0A7J8AJN1_MYOMY 295 ENVNQCILEMLIAAPDTMSVSV-FFMLFLIS 324
                                     789*******************.6****986 PP

>> tr|A0A6P4YM69|A0A6P4YM69_BRABE  Uncharacterized protein LOC109466472 OS=Branchiostoma belcheri OX=7741 GN=LOC10946647
   #    score  bias  c-Evalue  i-Evalue hmmfrom  hmm to    alifrom  ali to    envfrom  env to     acc
 ---   ------ ----- --------- --------- ------- -------    ------- -------    ------- -------    ----
   1 !   11.7   0.1     0.003       6.5       4      32 ..     327     354 ..     325     355 .. 0.86
   2 ?    8.4   0.2     0.035        77       3      32 ..     857     885 ..     856     886 .. 0.91
   3 !   11.5   0.1    0.0035       7.6       3      32 ..    1290    1318 ..    1289    1319 .. 0.91

  Alignments for each domain:
  == domain 1  score: 11.7 bits;  conditional E-value: 0.003
              Round3_FinalIHelix   4 aeglalllfiagletisnsllsslLfyll 32 
                                     a +  ++l+ ag+++++n+l  + L++l+
  tr|A0A6P4YM69|A0A6P4YM69_BRABE 327 AVMTSIELITAGVDSTANTL-AFNLYCLA 354
                                     5666789*************.599****8 PP

  == domain 2  score: 8.4 bits;  conditional E-value: 0.035
              Round3_FinalIHelix   3 eaeglalllfiagletisnsllsslLfyll 32 
                                     ea ++a +l+  ++e+++n+l  + L++l+
  tr|A0A6P4YM69|A0A6P4YM69_BRABE 857 EAVMMAVELLTGAVESTANTL-AFNLYCLA 885
                                     6789*****************.599****8 PP

  == domain 3  score: 11.5 bits;  conditional E-value: 0.0035
              Round3_FinalIHelix    3 eaeglalllfiagletisnsllsslLfyll 32  
                                      e+ ++a++l+i g+++++n++  + L++l+
  tr|A0A6P4YM69|A0A6P4YM69_BRABE 1290 EVIMMAIGLIIGGVDSTGNTM-AFNLYFLA 1318
                                      5789*****************.599*9998 PP

>> tr|A0A8B8WR26|A0A8B8WR26_BALMU  aromatase OS=Balaenoptera musculus OX=9771 GN=LOC118890681 PE=3 SV=1
   #    score  bias  c-Evalue  i-Evalue hmmfrom  hmm to    alifrom  ali to    envfrom  env to     acc
 ---   ------ ----- --------- --------- ------- -------    ------- -------    ------- -------    ----
   1 !   29.5   0.2   5.6e-09   1.2e-05       2      32 ..     294     323 ..     293     324 .. 0.92

  Alignments for each domain:
  == domain 1  score: 29.5 bits;  conditional E-value: 5.6e-09
              Round3_FinalIHelix   2 keaeglalllfiagletisnsllsslLfyll 32 
                                     +++++++l+++ia+++t+s+s+ +++Lf ++
  tr|A0A8B8WR26|A0A8B8WR26_BALMU 294 ENVNQCILEMLIAAPDTMSVSV-FFMLFLIA 323
                                     789*******************.6****987 PP

>> tr|A0A8D1E091|A0A8D1E091_PIG  aromatase OS=Sus scrofa OX=9823 PE=3 SV=1
   #    score  bias  c-Evalue  i-Evalue hmmfrom  hmm to    alifrom  ali to    envfrom  env to     acc
 ---   ------ ----- --------- --------- ------- -------    ------- -------    ------- -------    ----
   1 !   29.2   0.2   6.7e-09   1.5e-05       2      32 ..     294     323 ..     292     324 .. 0.91

  Alignments for each domain:
  == domain 1  score: 29.2 bits;  conditional E-value: 6.7e-09
            Round3_FinalIHelix   2 keaeglalllfiagletisnsllsslLfyll 32 
                                   +++++++l+++ia+++t+s+++ +++Lf ++
  tr|A0A8D1E091|A0A8D1E091_PIG 294 ENVNQCILEMLIAAPDTMSVTV-FFMLFLIA 323
                                   577*******************.6****987 PP

>> tr|A0A8B6ZCI0|A0A8B6ZCI0_ORYAF  aromatase OS=Orycteropus afer afer OX=1230840 GN=LOC103192233 PE=3 SV=1
   #    score  bias  c-Evalue  i-Evalue hmmfrom  hmm to    alifrom  ali to    envfrom  env to     acc
 ---   ------ ----- --------- --------- ------- -------    ------- -------    ------- -------    ----
   1 !   29.4   0.2     6e-09   1.3e-05       2      32 ..     294     323 ..     292     324 .. 0.91

  Alignments for each domain:
  == domain 1  score: 29.4 bits;  conditional E-value: 6e-09
              Round3_FinalIHelix   2 keaeglalllfiagletisnsllsslLfyll 32 
                                     +++++++l+++ia+++t+s+s+ +++Lf ++
  tr|A0A8B6ZCI0|A0A8B6ZCI0_ORYAF 294 ENVNQCILEMLIAAPDTMSVSV-FFMLFLIA 323
                                     577*******************.6****987 PP

>> tr|A0A0E0CGV1|A0A0E0CGV1_9ORYZ  Cytochrome P450 OS=Oryza meridionalis OX=40149 PE=4 SV=1
   #    score  bias  c-Evalue  i-Evalue hmmfrom  hmm to    alifrom  ali to    envfrom  env to     acc
 ---   ------ ----- --------- --------- ------- -------    ------- -------    ------- -------    ----
   1 ?    2.9   0.0         2   4.4e+03       8      26 ..     321     338 ..     317     341 .. 0.84
   2 !   11.8   0.1    0.0028       6.1       5      26 ..     822     842 ..     819     845 .. 0.87
   3 ?    3.8   0.0       1.1   2.4e+03       4      23 ..    1326    1345 ..    1323    1349 .. 0.85
   4 ?    9.6   0.1     0.015        32       4      23 ..    1876    1895 ..    1873    1899 .. 0.87

  Alignments for each domain:
  == domain 1  score: 2.9 bits;  conditional E-value: 2
              Round3_FinalIHelix   8 alllfiagletisnsllss 26 
                                     + +lf ag+et++n+l  +
  tr|A0A0E0CGV1|A0A0E0CGV1_9ORYZ 321 IRDLFGAGSETSANTL-QW 338
                                     6799***********9.46 PP

  == domain 2  score: 11.8 bits;  conditional E-value: 0.0028
              Round3_FinalIHelix   5 eglalllfiagletisnsllss 26 
                                     ++++l+lf+ag+et++n+l  +
  tr|A0A0E0CGV1|A0A0E0CGV1_9ORYZ 822 KAIILDLFNAGSETSANTL-QW 842
                                     689***************9.47 PP

  == domain 3  score: 3.8 bits;  conditional E-value: 1.1
              Round3_FinalIHelix    4 aeglalllfiagletisnsl 23  
                                      +++ +l+lf ag+et+s +l
  tr|A0A0E0CGV1|A0A0E0CGV1_9ORYZ 1326 LKAVILDLFGAGSETSSDAL 1345
                                      67889***********9776 PP

  == domain 4  score: 9.6 bits;  conditional E-value: 0.015
              Round3_FinalIHelix    4 aeglalllfiagletisnsl 23  
                                      +++ +l+lf ag+et+sn+l
  tr|A0A0E0CGV1|A0A0E0CGV1_9ORYZ 1876 LKAVILELFCAGSETSSNAL 1895
                                      67889*************99 PP

>> tr|A0A0L0C020|A0A0L0C020_LUCCU  Cytochrome P450 12a5, mitochondrial OS=Lucilia cuprina OX=7375 GN=FF38_05788 PE=3 SV=
   #    score  bias  c-Evalue  i-Evalue hmmfrom  hmm to    alifrom  ali to    envfrom  env to     acc
 ---   ------ ----- --------- --------- ------- -------    ------- -------    ------- -------    ----
   1 !   16.4   0.2     9e-05       0.2       3      32 ..     330     358 ..     328     359 .. 0.91
   2 !   13.2   0.2   0.00097       2.1       4      32 ..     857     884 ..     854     885 .. 0.89

  Alignments for each domain:
  == domain 1  score: 16.4 bits;  conditional E-value: 9e-05
              Round3_FinalIHelix   3 eaeglalllfiagletisnsllsslLfyll 32 
                                      a  +a++l++ag++t+s +  + lL++l+
  tr|A0A0L0C020|A0A0L0C020_LUCCU 330 LAIVMAMDLLMAGVDTTSSTF-TGLLLCLA 358
                                     5789*****************.8*****98 PP

  == domain 2  score: 13.2 bits;  conditional E-value: 0.00097
              Round3_FinalIHelix   4 aeglalllfiagletisnsllsslLfyll 32 
                                     a+ +a+++++ag++t++ s   +l ++l+
  tr|A0A0L0C020|A0A0L0C020_LUCCU 857 ATVMAMDMLMAGVDTTTSSF-AALMLCLA 884
                                     578**************999.59999997 PP

>> tr|A0A8D1E2U5|A0A8D1E2U5_PIG  aromatase OS=Sus scrofa OX=9823 PE=3 SV=1
   #    score  bias  c-Evalue  i-Evalue hmmfrom  hmm to    alifrom  ali to    envfrom  env to     acc
 ---   ------ ----- --------- --------- ------- -------    ------- -------    ------- -------    ----
   1 !   29.9   0.2   4.2e-09   9.2e-06       2      32 ..     145     174 ..     143     175 .. 0.91

  Alignments for each domain:
  == domain 1  score: 29.9 bits;  conditional E-value: 4.2e-09
            Round3_FinalIHelix   2 keaeglalllfiagletisnsllsslLfyll 32 
                                   +++++++l+++ia+++t+s+++ +++Lf ++
  tr|A0A8D1E2U5|A0A8D1E2U5_PIG 145 ENVNQCILEMLIAAPDTMSVTV-FFMLFLIA 174
                                   577*******************.6****987 PP

>> sp|Q5QQX7|CP19A_CANLF  Aromatase OS=Canis lupus familiaris OX=9615 GN=CYP19A1 PE=2 SV=1
   #    score  bias  c-Evalue  i-Evalue hmmfrom  hmm to    alifrom  ali to    envfrom  env to     acc
 ---   ------ ----- --------- --------- ------- -------    ------- -------    ------- -------    ----
   1 !   29.5   0.2   5.6e-09   1.2e-05       2      32 ..     294     323 ..     293     324 .. 0.92

  Alignments for each domain:
  == domain 1  score: 29.5 bits;  conditional E-value: 5.6e-09
     Round3_FinalIHelix   2 keaeglalllfiagletisnsllsslLfyll 32 
                            +++++++l+++ia+++t+s+s+ +++Lf ++
  sp|Q5QQX7|CP19A_CANLF 294 ENVNQCILEMLIAAPDTMSVSV-FFMLFLIA 323
                            789*******************.6****987 PP

>> tr|A0A3Q7TH54|A0A3Q7TH54_VULVU  aromatase OS=Vulpes vulpes OX=9627 GN=LOC112920063 PE=3 SV=1
   #    score  bias  c-Evalue  i-Evalue hmmfrom  hmm to    alifrom  ali to    envfrom  env to     acc
 ---   ------ ----- --------- --------- ------- -------    ------- -------    ------- -------    ----
   1 !   29.5   0.2   5.6e-09   1.2e-05       2      32 ..     294     323 ..     293     324 .. 0.92

  Alignments for each domain:
  == domain 1  score: 29.5 bits;  conditional E-value: 5.6e-09
              Round3_FinalIHelix   2 keaeglalllfiagletisnsllsslLfyll 32 
                                     +++++++l+++ia+++t+s+s+ +++Lf ++
  tr|A0A3Q7TH54|A0A3Q7TH54_VULVU 294 ENVNQCILEMLIAAPDTMSVSV-FFMLFLIA 323
                                     789*******************.6****987 PP

>> tr|A0A8C0TCX1|A0A8C0TCX1_CANLF  aromatase OS=Canis lupus familiaris OX=9615 GN=CYP19A1 PE=3 SV=1
   #    score  bias  c-Evalue  i-Evalue hmmfrom  hmm to    alifrom  ali to    envfrom  env to     acc
 ---   ------ ----- --------- --------- ------- -------    ------- -------    ------- -------    ----
   1 !   29.5   0.2   5.6e-09   1.2e-05       2      32 ..     294     323 ..     293     324 .. 0.92

  Alignments for each domain:
  == domain 1  score: 29.5 bits;  conditional E-value: 5.6e-09
              Round3_FinalIHelix   2 keaeglalllfiagletisnsllsslLfyll 32 
                                     +++++++l+++ia+++t+s+s+ +++Lf ++
  tr|A0A8C0TCX1|A0A8C0TCX1_CANLF 294 ENVNQCILEMLIAAPDTMSVSV-FFMLFLIA 323
                                     789*******************.6****987 PP

>> tr|A0A8I3PXC9|A0A8I3PXC9_CANLF  aromatase OS=Canis lupus familiaris OX=9615 GN=CYP19A1 PE=3 SV=1
   #    score  bias  c-Evalue  i-Evalue hmmfrom  hmm to    alifrom  ali to    envfrom  env to     acc
 ---   ------ ----- --------- --------- ------- -------    ------- -------    ------- -------    ----
   1 !   29.5   0.2   5.6e-09   1.2e-05       2      32 ..     294     323 ..     293     324 .. 0.92

  Alignments for each domain:
  == domain 1  score: 29.5 bits;  conditional E-value: 5.6e-09
              Round3_FinalIHelix   2 keaeglalllfiagletisnsllsslLfyll 32 
                                     +++++++l+++ia+++t+s+s+ +++Lf ++
  tr|A0A8I3PXC9|A0A8I3PXC9_CANLF 294 ENVNQCILEMLIAAPDTMSVSV-FFMLFLIA 323
                                     789*******************.6****987 PP

>> tr|A0A811Y5L1|A0A811Y5L1_NYCPR  aromatase OS=Nyctereutes procyonoides OX=34880 GN=NYPRO_LOCUS5674 PE=3 SV=1
   #    score  bias  c-Evalue  i-Evalue hmmfrom  hmm to    alifrom  ali to    envfrom  env to     acc
 ---   ------ ----- --------- --------- ------- -------    ------- -------    ------- -------    ----
   1 !   29.5   0.2   5.6e-09   1.2e-05       2      32 ..     294     323 ..     293     324 .. 0.92

  Alignments for each domain:
  == domain 1  score: 29.5 bits;  conditional E-value: 5.6e-09
              Round3_FinalIHelix   2 keaeglalllfiagletisnsllsslLfyll 32 
                                     +++++++l+++ia+++t+s+s+ +++Lf ++
  tr|A0A811Y5L1|A0A811Y5L1_NYCPR 294 ENVNQCILEMLIAAPDTMSVSV-FFMLFLIA 323
                                     789*******************.6****987 PP

>> tr|A0A3Q7Q1J8|A0A3Q7Q1J8_CALUR  aromatase OS=Callorhinus ursinus OX=34884 GN=LOC112833088 PE=3 SV=1
   #    score  bias  c-Evalue  i-Evalue hmmfrom  hmm to    alifrom  ali to    envfrom  env to     acc
 ---   ------ ----- --------- --------- ------- -------    ------- -------    ------- -------    ----
   1 !   29.5   0.2   5.6e-09   1.2e-05       2      32 ..     294     323 ..     293     324 .. 0.92

  Alignments for each domain:
  == domain 1  score: 29.5 bits;  conditional E-value: 5.6e-09
              Round3_FinalIHelix   2 keaeglalllfiagletisnsllsslLfyll 32 
                                     +++++++l+++ia+++t+s+s+ +++Lf ++
  tr|A0A3Q7Q1J8|A0A3Q7Q1J8_CALUR 294 ENVNQCILEMLIAAPDTMSVSV-FFMLFLIA 323
                                     789*******************.6****987 PP

>> tr|A0A2U3VNE3|A0A2U3VNE3_ODORO  aromatase OS=Odobenus rosmarus divergens OX=9708 GN=LOC101383271 PE=3 SV=1
   #    score  bias  c-Evalue  i-Evalue hmmfrom  hmm to    alifrom  ali to    envfrom  env to     acc
 ---   ------ ----- --------- --------- ------- -------    ------- -------    ------- -------    ----
   1 !   29.5   0.2   5.6e-09   1.2e-05       2      32 ..     294     323 ..     293     324 .. 0.92

  Alignments for each domain:
  == domain 1  score: 29.5 bits;  conditional E-value: 5.6e-09
              Round3_FinalIHelix   2 keaeglalllfiagletisnsllsslLfyll 32 
                                     +++++++l+++ia+++t+s+s+ +++Lf ++
  tr|A0A2U3VNE3|A0A2U3VNE3_ODORO 294 ENVNQCILEMLIAAPDTMSVSV-FFMLFLIA 323
                                     789*******************.6****987 PP

>> tr|A0A2U3YTF3|A0A2U3YTF3_LEPWE  aromatase OS=Leptonychotes weddellii OX=9713 GN=LOC102731614 PE=3 SV=1
   #    score  bias  c-Evalue  i-Evalue hmmfrom  hmm to    alifrom  ali to    envfrom  env to     acc
 ---   ------ ----- --------- --------- ------- -------    ------- -------    ------- -------    ----
   1 !   29.5   0.2   5.6e-09   1.2e-05       2      32 ..     294     323 ..     293     324 .. 0.92

  Alignments for each domain:
  == domain 1  score: 29.5 bits;  conditional E-value: 5.6e-09
              Round3_FinalIHelix   2 keaeglalllfiagletisnsllsslLfyll 32 
                                     +++++++l+++ia+++t+s+s+ +++Lf ++
  tr|A0A2U3YTF3|A0A2U3YTF3_LEPWE 294 ENVNQCILEMLIAAPDTMSVSV-FFMLFLIA 323
                                     789*******************.6****987 PP

>> tr|A0A6J2B7T1|A0A6J2B7T1_ZALCA  aromatase OS=Zalophus californianus OX=9704 GN=LOC113910201 PE=3 SV=2
   #    score  bias  c-Evalue  i-Evalue hmmfrom  hmm to    alifrom  ali to    envfrom  env to     acc
 ---   ------ ----- --------- --------- ------- -------    ------- -------    ------- -------    ----
   1 !   29.5   0.2   5.6e-09   1.2e-05       2      32 ..     294     323 ..     293     324 .. 0.92

  Alignments for each domain:
  == domain 1  score: 29.5 bits;  conditional E-value: 5.6e-09
              Round3_FinalIHelix   2 keaeglalllfiagletisnsllsslLfyll 32 
                                     +++++++l+++ia+++t+s+s+ +++Lf ++
  tr|A0A6J2B7T1|A0A6J2B7T1_ZALCA 294 ENVNQCILEMLIAAPDTMSVSV-FFMLFLIA 323
                                     789*******************.6****987 PP

>> tr|A0A2Y9HDD8|A0A2Y9HDD8_NEOSC  aromatase OS=Neomonachus schauinslandi OX=29088 GN=LOC110583928 PE=3 SV=1
   #    score  bias  c-Evalue  i-Evalue hmmfrom  hmm to    alifrom  ali to    envfrom  env to     acc
 ---   ------ ----- --------- --------- ------- -------    ------- -------    ------- -------    ----
   1 !   29.5   0.2   5.6e-09   1.2e-05       2      32 ..     294     323 ..     293     324 .. 0.92

  Alignments for each domain:
  == domain 1  score: 29.5 bits;  conditional E-value: 5.6e-09
              Round3_FinalIHelix   2 keaeglalllfiagletisnsllsslLfyll 32 
                                     +++++++l+++ia+++t+s+s+ +++Lf ++
  tr|A0A2Y9HDD8|A0A2Y9HDD8_NEOSC 294 ENVNQCILEMLIAAPDTMSVSV-FFMLFLIA 323
                                     789*******************.6****987 PP

>> tr|K7NAC7|K7NAC7_LYNPA  aromatase OS=Lynx pardinus OX=191816 GN=CYP19A1 PE=2 SV=1
   #    score  bias  c-Evalue  i-Evalue hmmfrom  hmm to    alifrom  ali to    envfrom  env to     acc
 ---   ------ ----- --------- --------- ------- -------    ------- -------    ------- -------    ----
   1 !   29.6   0.2   5.1e-09   1.1e-05       2      32 ..     235     264 ..     233     265 .. 0.91

  Alignments for each domain:
  == domain 1  score: 29.6 bits;  conditional E-value: 5.1e-09
      Round3_FinalIHelix   2 keaeglalllfiagletisnsllsslLfyll 32 
                             +++++++l+++ia+++t+s+s+ +++Lf ++
  tr|K7NAC7|K7NAC7_LYNPA 235 ENVNQCILEMLIAAPDTMSVSV-FFMLFLIA 264
                             577*******************.6****987 PP

>> tr|A0A2Y9MJE2|A0A2Y9MJE2_DELLE  Aromatase-like OS=Delphinapterus leucas OX=9749 GN=LOC111170861 PE=3 SV=2
   #    score  bias  c-Evalue  i-Evalue hmmfrom  hmm to    alifrom  ali to    envfrom  env to     acc
 ---   ------ ----- --------- --------- ------- -------    ------- -------    ------- -------    ----
   1 !   29.1   0.2   7.3e-09   1.6e-05       2      32 ..     294     323 ..     293     324 .. 0.92

  Alignments for each domain:
  == domain 1  score: 29.1 bits;  conditional E-value: 7.3e-09
              Round3_FinalIHelix   2 keaeglalllfiagletisnsllsslLfyll 32 
                                     +++++++l+++ia+++t+s+s+ +++Lf ++
  tr|A0A2Y9MJE2|A0A2Y9MJE2_DELLE 294 ENVNQCVLEMLIAAPDTMSVSV-FFMLFLIA 323
                                     789*******************.6****987 PP

>> tr|A0A836A5V0|A0A836A5V0_SHEEP  aromatase OS=Ovis aries OX=9940 GN=JEQ12_018259 PE=3 SV=1
   #    score  bias  c-Evalue  i-Evalue hmmfrom  hmm to    alifrom  ali to    envfrom  env to     acc
 ---   ------ ----- --------- --------- ------- -------    ------- -------    ------- -------    ----
   1 !   28.8   0.2     9e-09     2e-05       2      32 ..     311     340 ..     309     341 .. 0.91

  Alignments for each domain:
  == domain 1  score: 28.8 bits;  conditional E-value: 9e-09
              Round3_FinalIHelix   2 keaeglalllfiagletisnsllsslLfyll 32 
                                     +++++++l+++ia+++t+s+s+ +++Lf ++
  tr|A0A836A5V0|A0A836A5V0_SHEEP 311 ENVNQCILEMLIAAPDTMSVSV-FFMLFLIA 340
                                     577*******************.6****987 PP

>> tr|A0A1B0F0M7|A0A1B0F0M7_PHLPP  Cytochrome P450 OS=Phlebotomus papatasi OX=29031 PE=3 SV=1
   #    score  bias  c-Evalue  i-Evalue hmmfrom  hmm to    alifrom  ali to    envfrom  env to     acc
 ---   ------ ----- --------- --------- ------- -------    ------- -------    ------- -------    ----
   1 !   14.0   0.1   0.00057       1.2       7      32 ..     328     352 ..     323     353 .. 0.90
   2 !   15.6   0.1   0.00017      0.38       4      32 ..     789     816 ..     787     817 .. 0.91

  Alignments for each domain:
  == domain 1  score: 14.0 bits;  conditional E-value: 0.00057
              Round3_FinalIHelix   7 lalllfiagletisnsllsslLfyll 32 
                                     ++++ ++ag++t+s +  +s+L+ l+
  tr|A0A1B0F0M7|A0A1B0F0M7_PHLPP 328 MVMDALFAGVDTTSTAT-FSVLYVLA 352
                                     899**************.6****998 PP

  == domain 2  score: 15.6 bits;  conditional E-value: 0.00017
              Round3_FinalIHelix   4 aeglalllfiagletisnsllsslLfyll 32 
                                     a+ +a++ ++ag++++s +  +s+L+ l+
  tr|A0A1B0F0M7|A0A1B0F0M7_PHLPP 789 ATVMAMDALFAGVDSTSTAT-FSVLYVLA 816
                                     5789****************.6****998 PP

>> tr|K7N9Z5|K7N9Z5_FELCA  aromatase OS=Felis catus OX=9685 GN=CYP19A1 PE=2 SV=1
   #    score  bias  c-Evalue  i-Evalue hmmfrom  hmm to    alifrom  ali to    envfrom  env to     acc
 ---   ------ ----- --------- --------- ------- -------    ------- -------    ------- -------    ----
   1 !   29.6   0.2   5.2e-09   1.1e-05       2      32 ..     235     264 ..     233     265 .. 0.91

  Alignments for each domain:
  == domain 1  score: 29.6 bits;  conditional E-value: 5.2e-09
      Round3_FinalIHelix   2 keaeglalllfiagletisnsllsslLfyll 32 
                             +++++++l+++ia+++t+s+s+ +++Lf ++
  tr|K7N9Z5|K7N9Z5_FELCA 235 ENVNQCILEMLIAAPDTMSVSV-FFMLFLIA 264
                             577*******************.6****987 PP

>> tr|A0A5N4E2I3|A0A5N4E2I3_CAMDR  aromatase OS=Camelus dromedarius OX=9838 GN=Aromatase PE=3 SV=1
   #    score  bias  c-Evalue  i-Evalue hmmfrom  hmm to    alifrom  ali to    envfrom  env to     acc
 ---   ------ ----- --------- --------- ------- -------    ------- -------    ------- -------    ----
   1 !   29.4   0.2     6e-09   1.3e-05       2      32 ..     289     318 ..     287     319 .. 0.91

  Alignments for each domain:
  == domain 1  score: 29.4 bits;  conditional E-value: 6e-09
              Round3_FinalIHelix   2 keaeglalllfiagletisnsllsslLfyll 32 
                                     +++++++l+++ia+++t+s+s+ +++Lf ++
  tr|A0A5N4E2I3|A0A5N4E2I3_CAMDR 289 ENVNQCILEMLIAAPDTMSVSV-FFMLFLIA 318
                                     577*******************.6****987 PP

>> tr|A0A1A6GMM0|A0A1A6GMM0_NEOLE  Aromatase (Fragment) OS=Neotoma lepida OX=56216 GN=A6R68_04870 PE=3 SV=1
   #    score  bias  c-Evalue  i-Evalue hmmfrom  hmm to    alifrom  ali to    envfrom  env to     acc
 ---   ------ ----- --------- --------- ------- -------    ------- -------    ------- -------    ----
   1 !   29.5   0.3   5.4e-09   1.2e-05       2      30 ..      84     112 ..      82     114 .. 0.84

  Alignments for each domain:
  == domain 1  score: 29.5 bits;  conditional E-value: 5.4e-09
              Round3_FinalIHelix   2 keaeglalllfiagletisnsllsslLfy 30 
                                     +++++++l+++ia+++t+s++l+++lL++
  tr|A0A1A6GMM0|A0A1A6GMM0_NEOLE  84 ENVNQCILEMLIAAPDTMSVTLYFMLLLI 112
                                     577*******************9666654 PP

>> tr|A0A260ZHC3|A0A260ZHC3_CAERE  CYtochrome P450 family (Fragment) OS=Caenorhabditis remanei OX=31234 GN=FL82_14672 PE
   #    score  bias  c-Evalue  i-Evalue hmmfrom  hmm to    alifrom  ali to    envfrom  env to     acc
 ---   ------ ----- --------- --------- ------- -------    ------- -------    ------- -------    ----
   1 !   12.8   0.3    0.0013       2.9      10      32 ..     287     308 ..     281     309 .. 0.92
   2 !   17.0   0.2   5.9e-05      0.13      10      32 ..     775     796 ..     767     797 .. 0.88

  Alignments for each domain:
  == domain 1  score: 12.8 bits;  conditional E-value: 0.0013
              Round3_FinalIHelix  10 llfiagletisnsllsslLfyll 32 
                                     +l++ag+et+s +l ++ + +ll
  tr|A0A260ZHC3|A0A260ZHC3_CAERE 287 DLWLAGQETTSTTL-TWACVCLL 308
                                     89************.8*****97 PP

  == domain 2  score: 17.0 bits;  conditional E-value: 5.9e-05
              Round3_FinalIHelix  10 llfiagletisnsllsslLfyll 32 
                                     +l+iag+et+s +l s+ +++ll
  tr|A0A260ZHC3|A0A260ZHC3_CAERE 775 DLWIAGQETTSTTL-SWACACLL 796
                                     89************.******98 PP

>> tr|G3UND5|G3UND5_LOXAF  aromatase OS=Loxodonta africana OX=9785 GN=CYP19A1 PE=3 SV=1
   #    score  bias  c-Evalue  i-Evalue hmmfrom  hmm to    alifrom  ali to    envfrom  env to     acc
 ---   ------ ----- --------- --------- ------- -------    ------- -------    ------- -------    ----
   1 !   29.5   0.2   5.6e-09   1.2e-05       2      32 ..     294     323 ..     293     324 .. 0.92

  Alignments for each domain:
  == domain 1  score: 29.5 bits;  conditional E-value: 5.6e-09
      Round3_FinalIHelix   2 keaeglalllfiagletisnsllsslLfyll 32 
                             +++++++l+++ia+++t+s+s+ +++Lf ++
  tr|G3UND5|G3UND5_LOXAF 294 ENVNQCILEMLIAAPDTMSVSV-FFMLFLIA 323
                             789*******************.6****987 PP

>> tr|A0A384DAX2|A0A384DAX2_URSMA  aromatase OS=Ursus maritimus OX=29073 GN=LOC103676745 PE=3 SV=1
   #    score  bias  c-Evalue  i-Evalue hmmfrom  hmm to    alifrom  ali to    envfrom  env to     acc
 ---   ------ ----- --------- --------- ------- -------    ------- -------    ------- -------    ----
   1 !   29.4   0.2     6e-09   1.3e-05       2      32 ..     294     323 ..     292     324 .. 0.91

  Alignments for each domain:
  == domain 1  score: 29.4 bits;  conditional E-value: 6e-09
              Round3_FinalIHelix   2 keaeglalllfiagletisnsllsslLfyll 32 
                                     +++++++l+++ia+++t+s+s+ +++Lf ++
  tr|A0A384DAX2|A0A384DAX2_URSMA 294 ENVNQCILEMLIAAPDTMSVSV-FFMLFLIA 323
                                     577*******************.6****987 PP

>> tr|C9K5T2|C9K5T2_URSTH  aromatase OS=Ursus thibetanus japonicus OX=378754 GN=cyp19 PE=2 SV=1
   #    score  bias  c-Evalue  i-Evalue hmmfrom  hmm to    alifrom  ali to    envfrom  env to     acc
 ---   ------ ----- --------- --------- ------- -------    ------- -------    ------- -------    ----
   1 !   29.4   0.2     6e-09   1.3e-05       2      32 ..     294     323 ..     292     324 .. 0.91

  Alignments for each domain:
  == domain 1  score: 29.4 bits;  conditional E-value: 6e-09
      Round3_FinalIHelix   2 keaeglalllfiagletisnsllsslLfyll 32 
                             +++++++l+++ia+++t+s+s+ +++Lf ++
  tr|C9K5T2|C9K5T2_URSTH 294 ENVNQCILEMLIAAPDTMSVSV-FFMLFLIA 323
                             577*******************.6****987 PP

>> tr|D2HEH6|D2HEH6_AILME  aromatase (Fragment) OS=Ailuropoda melanoleuca OX=9646 GN=CYP19A1 PE=3 SV=1
   #    score  bias  c-Evalue  i-Evalue hmmfrom  hmm to    alifrom  ali to    envfrom  env to     acc
 ---   ------ ----- --------- --------- ------- -------    ------- -------    ------- -------    ----
   1 !   29.4   0.2     6e-09   1.3e-05       2      32 ..     294     323 ..     292     324 .. 0.91

  Alignments for each domain:
  == domain 1  score: 29.4 bits;  conditional E-value: 6e-09
      Round3_FinalIHelix   2 keaeglalllfiagletisnsllsslLfyll 32 
                             +++++++l+++ia+++t+s+s+ +++Lf ++
  tr|D2HEH6|D2HEH6_AILME 294 ENVNQCILEMLIAAPDTMSVSV-FFMLFLIA 323
                             577*******************.6****987 PP

>> tr|A0A452QBZ3|A0A452QBZ3_URSAM  aromatase OS=Ursus americanus OX=9643 GN=CYP19A1 PE=3 SV=1
   #    score  bias  c-Evalue  i-Evalue hmmfrom  hmm to    alifrom  ali to    envfrom  env to     acc
 ---   ------ ----- --------- --------- ------- -------    ------- -------    ------- -------    ----
   1 !   29.5   0.2   5.4e-09   1.2e-05       2      32 ..     256     285 ..     254     286 .. 0.91

  Alignments for each domain:
  == domain 1  score: 29.5 bits;  conditional E-value: 5.4e-09
              Round3_FinalIHelix   2 keaeglalllfiagletisnsllsslLfyll 32 
                                     +++++++l+++ia+++t+s+s+ +++Lf ++
  tr|A0A452QBZ3|A0A452QBZ3_URSAM 256 ENVNQCILEMLIAAPDTMSVSV-FFMLFLIA 285
                                     577*******************.6****987 PP

>> tr|A0A8J5ZPF1|A0A8J5ZPF1_GALPY  aromatase (Fragment) OS=Galemys pyrenaicus OX=202257 GN=J0S82_001109 PE=3 SV=1
   #    score  bias  c-Evalue  i-Evalue hmmfrom  hmm to    alifrom  ali to    envfrom  env to     acc
 ---   ------ ----- --------- --------- ------- -------    ------- -------    ------- -------    ----
   1 !   27.8   0.2   1.9e-08   4.2e-05       2      32 ..     304     333 ..     303     334 .. 0.84

  Alignments for each domain:
  == domain 1  score: 27.8 bits;  conditional E-value: 1.9e-08
              Round3_FinalIHelix   2 keaeglalllfiagletisnsllsslLfyll 32 
                                     +++++++l+++ia+++t+s+s++ ++L+ ++
  tr|A0A8J5ZPF1|A0A8J5ZPF1_GALPY 304 ENVNQCILEMLIAAPDTMSVSVF-FMLLLIA 333
                                     789*******************6.6666554 PP

>> tr|A0A9B0T5R1|A0A9B0T5R1_CHRAS  aromatase OS=Chrysochloris asiatica OX=185453 GN=LOC102840356 PE=3 SV=1
   #    score  bias  c-Evalue  i-Evalue hmmfrom  hmm to    alifrom  ali to    envfrom  env to     acc
 ---   ------ ----- --------- --------- ------- -------    ------- -------    ------- -------    ----
   1 !   29.2   0.1   7.1e-09   1.5e-05       2      32 ..     294     323 ..     292     324 .. 0.90

  Alignments for each domain:
  == domain 1  score: 29.2 bits;  conditional E-value: 7.1e-09
              Round3_FinalIHelix   2 keaeglalllfiagletisnsllsslLfyll 32 
                                     +++++++l+++ia+++t+s+s+ +++L+ ++
  tr|A0A9B0T5R1|A0A9B0T5R1_CHRAS 294 ENVNQCILEMLIAAPDTMSVSV-FFMLYLIA 323
                                     577*******************.6****987 PP

>> tr|A0AA40HX56|A0AA40HX56_EPTNI  Aromatase OS=Eptesicus nilssonii OX=59451 GN=QTO34_019729 PE=3 SV=1
   #    score  bias  c-Evalue  i-Evalue hmmfrom  hmm to    alifrom  ali to    envfrom  env to     acc
 ---   ------ ----- --------- --------- ------- -------    ------- -------    ------- -------    ----
   1 !   28.6   0.2   1.1e-08   2.3e-05       2      31 ..     294     322 ..     293     324 .. 0.91

  Alignments for each domain:
  == domain 1  score: 28.6 bits;  conditional E-value: 1.1e-08
              Round3_FinalIHelix   2 keaeglalllfiagletisnsllsslLfyl 31 
                                     +++++++l+++ia+++t+s+s+ +++Lf +
  tr|A0AA40HX56|A0AA40HX56_EPTNI 294 ENVNQCILEMLIAAPDTMSVSV-FFMLFLI 322
                                     789*******************.6***986 PP

>> tr|A0A5N4E2N3|A0A5N4E2N3_CAMDR  aromatase OS=Camelus dromedarius OX=9838 GN=Aromatase PE=3 SV=1
   #    score  bias  c-Evalue  i-Evalue hmmfrom  hmm to    alifrom  ali to    envfrom  env to     acc
 ---   ------ ----- --------- --------- ------- -------    ------- -------    ------- -------    ----
   1 !   29.4   0.2     6e-09   1.3e-05       2      32 ..     288     317 ..     286     318 .. 0.91

  Alignments for each domain:
  == domain 1  score: 29.4 bits;  conditional E-value: 6e-09
              Round3_FinalIHelix   2 keaeglalllfiagletisnsllsslLfyll 32 
                                     +++++++l+++ia+++t+s+s+ +++Lf ++
  tr|A0A5N4E2N3|A0A5N4E2N3_CAMDR 288 ENVNQCILEMLIAAPDTMSVSV-FFMLFLIA 317
                                     577*******************.6****987 PP

>> tr|A0A8B8T4L6|A0A8B8T4L6_CAMFR  aromatase OS=Camelus ferus OX=419612 GN=LOC116664105 PE=3 SV=1
   #    score  bias  c-Evalue  i-Evalue hmmfrom  hmm to    alifrom  ali to    envfrom  env to     acc
 ---   ------ ----- --------- --------- ------- -------    ------- -------    ------- -------    ----
   1 !   29.4   0.2   6.1e-09   1.3e-05       2      32 ..     295     324 ..     293     325 .. 0.91

  Alignments for each domain:
  == domain 1  score: 29.4 bits;  conditional E-value: 6.1e-09
              Round3_FinalIHelix   2 keaeglalllfiagletisnsllsslLfyll 32 
                                     +++++++l+++ia+++t+s+s+ +++Lf ++
  tr|A0A8B8T4L6|A0A8B8T4L6_CAMFR 295 ENVNQCILEMLIAAPDTMSVSV-FFMLFLIA 324
                                     577*******************.6****987 PP

>> tr|S9Y8A1|S9Y8A1_CAMFR  aromatase OS=Camelus ferus OX=419612 GN=CB1_000540013 PE=3 SV=1
   #    score  bias  c-Evalue  i-Evalue hmmfrom  hmm to    alifrom  ali to    envfrom  env to     acc
 ---   ------ ----- --------- --------- ------- -------    ------- -------    ------- -------    ----
   1 !   29.6   0.2   5.3e-09   1.2e-05       2      32 ..     227     256 ..     225     257 .. 0.91

  Alignments for each domain:
  == domain 1  score: 29.6 bits;  conditional E-value: 5.3e-09
      Round3_FinalIHelix   2 keaeglalllfiagletisnsllsslLfyll 32 
                             +++++++l+++ia+++t+s+s+ +++Lf ++
  tr|S9Y8A1|S9Y8A1_CAMFR 227 ENVNQCILEMLIAAPDTMSVSV-FFMLFLIA 256
                             577*******************.6****987 PP

>> sp|Q29605|CP19A_RABIT  Aromatase OS=Oryctolagus cuniculus OX=9986 GN=CYP19A1 PE=2 SV=1
   #    score  bias  c-Evalue  i-Evalue hmmfrom  hmm to    alifrom  ali to    envfrom  env to     acc
 ---   ------ ----- --------- --------- ------- -------    ------- -------    ------- -------    ----
   1 !   28.7   0.2   9.7e-09   2.1e-05       2      32 ..     294     323 ..     293     324 .. 0.92

  Alignments for each domain:
  == domain 1  score: 28.7 bits;  conditional E-value: 9.7e-09
     Round3_FinalIHelix   2 keaeglalllfiagletisnsllsslLfyll 32 
                            +++++++l+++ia+++t+s+s+ +++Lf ++
  sp|Q29605|CP19A_RABIT 294 ENVNQCVLEMLIAAPDTMSVSV-FFMLFLIA 323
                            789*******************.6****987 PP

>> tr|A0A667GXF9|A0A667GXF9_LYNCA  aromatase OS=Lynx canadensis OX=61383 GN=CYP19A1 PE=3 SV=1
   #    score  bias  c-Evalue  i-Evalue hmmfrom  hmm to    alifrom  ali to    envfrom  env to     acc
 ---   ------ ----- --------- --------- ------- -------    ------- -------    ------- -------    ----
   1 !   29.4   0.2     6e-09   1.3e-05       2      32 ..     294     323 ..     292     324 .. 0.91

  Alignments for each domain:
  == domain 1  score: 29.4 bits;  conditional E-value: 6e-09
              Round3_FinalIHelix   2 keaeglalllfiagletisnsllsslLfyll 32 
                                     +++++++l+++ia+++t+s+s+ +++Lf ++
  tr|A0A667GXF9|A0A667GXF9_LYNCA 294 ENVNQCILEMLIAAPDTMSVSV-FFMLFLIA 323
                                     577*******************.6****987 PP

>> tr|K7NAI8|K7NAI8_LYNPA  aromatase OS=Lynx pardinus OX=191816 GN=CYP19A1 PE=2 SV=1
   #    score  bias  c-Evalue  i-Evalue hmmfrom  hmm to    alifrom  ali to    envfrom  env to     acc
 ---   ------ ----- --------- --------- ------- -------    ------- -------    ------- -------    ----
   1 !   29.4   0.2     6e-09   1.3e-05       2      32 ..     294     323 ..     292     324 .. 0.91

  Alignments for each domain:
  == domain 1  score: 29.4 bits;  conditional E-value: 6e-09
      Round3_FinalIHelix   2 keaeglalllfiagletisnsllsslLfyll 32 
                             +++++++l+++ia+++t+s+s+ +++Lf ++
  tr|K7NAI8|K7NAI8_LYNPA 294 ENVNQCILEMLIAAPDTMSVSV-FFMLFLIA 323
                             577*******************.6****987 PP

>> tr|A0A6I9ZI52|A0A6I9ZI52_ACIJB  aromatase OS=Acinonyx jubatus OX=32536 GN=LOC106967273 PE=3 SV=1
   #    score  bias  c-Evalue  i-Evalue hmmfrom  hmm to    alifrom  ali to    envfrom  env to     acc
 ---   ------ ----- --------- --------- ------- -------    ------- -------    ------- -------    ----
   1 !   29.4   0.2     6e-09   1.3e-05       2      32 ..     294     323 ..     292     324 .. 0.91

  Alignments for each domain:
  == domain 1  score: 29.4 bits;  conditional E-value: 6e-09
              Round3_FinalIHelix   2 keaeglalllfiagletisnsllsslLfyll 32 
                                     +++++++l+++ia+++t+s+s+ +++Lf ++
  tr|A0A6I9ZI52|A0A6I9ZI52_ACIJB 294 ENVNQCILEMLIAAPDTMSVSV-FFMLFLIA 323
                                     577*******************.6****987 PP

>> tr|A0A8C8WMB9|A0A8C8WMB9_PANLE  aromatase OS=Panthera leo OX=9689 GN=CYP19A1 PE=3 SV=1
   #    score  bias  c-Evalue  i-Evalue hmmfrom  hmm to    alifrom  ali to    envfrom  env to     acc
 ---   ------ ----- --------- --------- ------- -------    ------- -------    ------- -------    ----
   1 !   29.4   0.2     6e-09   1.3e-05       2      32 ..     294     323 ..     292     324 .. 0.91

  Alignments for each domain:
  == domain 1  score: 29.4 bits;  conditional E-value: 6e-09
              Round3_FinalIHelix   2 keaeglalllfiagletisnsllsslLfyll 32 
                                     +++++++l+++ia+++t+s+s+ +++Lf ++
  tr|A0A8C8WMB9|A0A8C8WMB9_PANLE 294 ENVNQCILEMLIAAPDTMSVSV-FFMLFLIA 323
                                     577*******************.6****987 PP

>> tr|A0A8C9J912|A0A8C9J912_PANTA  aromatase OS=Panthera tigris altaica OX=74533 GN=CYP19A1 PE=3 SV=1
   #    score  bias  c-Evalue  i-Evalue hmmfrom  hmm to    alifrom  ali to    envfrom  env to     acc
 ---   ------ ----- --------- --------- ------- -------    ------- -------    ------- -------    ----
   1 !   29.4   0.2     6e-09   1.3e-05       2      32 ..     294     323 ..     292     324 .. 0.91

  Alignments for each domain:
  == domain 1  score: 29.4 bits;  conditional E-value: 6e-09
              Round3_FinalIHelix   2 keaeglalllfiagletisnsllsslLfyll 32 
                                     +++++++l+++ia+++t+s+s+ +++Lf ++
  tr|A0A8C9J912|A0A8C9J912_PANTA 294 ENVNQCILEMLIAAPDTMSVSV-FFMLFLIA 323
                                     577*******************.6****987 PP

>> tr|A0A9W2UFY1|A0A9W2UFY1_PANPR  aromatase OS=Panthera pardus OX=9691 GN=CYP19A1 PE=3 SV=1
   #    score  bias  c-Evalue  i-Evalue hmmfrom  hmm to    alifrom  ali to    envfrom  env to     acc
 ---   ------ ----- --------- --------- ------- -------    ------- -------    ------- -------    ----
   1 !   29.4   0.2     6e-09   1.3e-05       2      32 ..     294     323 ..     292     324 .. 0.91

  Alignments for each domain:
  == domain 1  score: 29.4 bits;  conditional E-value: 6e-09
              Round3_FinalIHelix   2 keaeglalllfiagletisnsllsslLfyll 32 
                                     +++++++l+++ia+++t+s+s+ +++Lf ++
  tr|A0A9W2UFY1|A0A9W2UFY1_PANPR 294 ENVNQCILEMLIAAPDTMSVSV-FFMLFLIA 323
                                     577*******************.6****987 PP

>> tr|A0A6G1AXR0|A0A6G1AXR0_CROCR  aromatase (Fragment) OS=Crocuta crocuta OX=9678 GN=Cyp19a1 PE=3 SV=1
   #    score  bias  c-Evalue  i-Evalue hmmfrom  hmm to    alifrom  ali to    envfrom  env to     acc
 ---   ------ ----- --------- --------- ------- -------    ------- -------    ------- -------    ----
   1 !   29.4   0.2     6e-09   1.3e-05       2      32 ..     294     323 ..     292     324 .. 0.91

  Alignments for each domain:
  == domain 1  score: 29.4 bits;  conditional E-value: 6e-09
              Round3_FinalIHelix   2 keaeglalllfiagletisnsllsslLfyll 32 
                                     +++++++l+++ia+++t+s+s+ +++Lf ++
  tr|A0A6G1AXR0|A0A6G1AXR0_CROCR 294 ENVNQCILEMLIAAPDTMSVSV-FFMLFLIA 323
                                     577*******************.6****987 PP

>> tr|K7NAJ2|K7NAJ2_FELCA  aromatase OS=Felis catus OX=9685 GN=CYP19A1 PE=2 SV=1
   #    score  bias  c-Evalue  i-Evalue hmmfrom  hmm to    alifrom  ali to    envfrom  env to     acc
 ---   ------ ----- --------- --------- ------- -------    ------- -------    ------- -------    ----
   1 !   29.4   0.2     6e-09   1.3e-05       2      32 ..     294     323 ..     292     324 .. 0.91

  Alignments for each domain:
  == domain 1  score: 29.4 bits;  conditional E-value: 6e-09
      Round3_FinalIHelix   2 keaeglalllfiagletisnsllsslLfyll 32 
                             +++++++l+++ia+++t+s+s+ +++Lf ++
  tr|K7NAJ2|K7NAJ2_FELCA 294 ENVNQCILEMLIAAPDTMSVSV-FFMLFLIA 323
                             577*******************.6****987 PP

>> tr|H0WJG7|H0WJG7_OTOGA  Aromatase OS=Otolemur garnettii OX=30611 GN=CYP19A1 PE=3 SV=1
   #    score  bias  c-Evalue  i-Evalue hmmfrom  hmm to    alifrom  ali to    envfrom  env to     acc
 ---   ------ ----- --------- --------- ------- -------    ------- -------    ------- -------    ----
   1 !   29.5   0.2   5.6e-09   1.2e-05       2      32 ..     294     323 ..     293     324 .. 0.92

  Alignments for each domain:
  == domain 1  score: 29.5 bits;  conditional E-value: 5.6e-09
      Round3_FinalIHelix   2 keaeglalllfiagletisnsllsslLfyll 32 
                             +++++++l+++ia+++t+s+s+ +++Lf ++
  tr|H0WJG7|H0WJG7_OTOGA 294 ENVNQCILEMLIAAPDTMSVSV-FFMLFLIA 323
                             789*******************.6****987 PP

>> tr|G1R3I0|G1R3I0_NOMLE  Aromatase OS=Nomascus leucogenys OX=61853 GN=CYP19A1 PE=3 SV=1
   #    score  bias  c-Evalue  i-Evalue hmmfrom  hmm to    alifrom  ali to    envfrom  env to     acc
 ---   ------ ----- --------- --------- ------- -------    ------- -------    ------- -------    ----
   1 !   29.2   0.3   7.1e-09   1.6e-05       2      32 ..     294     323 ..     293     324 .. 0.84

  Alignments for each domain:
  == domain 1  score: 29.2 bits;  conditional E-value: 7.1e-09
      Round3_FinalIHelix   2 keaeglalllfiagletisnsllsslLfyll 32 
                             +++++++l+++ia+++t+s+sl+ ++L+ ++
  tr|G1R3I0|G1R3I0_NOMLE 294 ENVNQCILEMLIAAPDTMSVSLF-FMLLLIA 323
                             789*******************6.6666554 PP

>> tr|A0A182Y1B2|A0A182Y1B2_ANOST  Uncharacterized protein OS=Anopheles stephensi OX=30069 PE=3 SV=1
   #    score  bias  c-Evalue  i-Evalue hmmfrom  hmm to    alifrom  ali to    envfrom  env to     acc
 ---   ------ ----- --------- --------- ------- -------    ------- -------    ------- -------    ----
   1 !   15.2   0.3   0.00023       0.5       3      32 ..     291     320 ..     289     321 .. 0.86
   2 !   13.6   0.1   0.00076       1.6       1      31 [.     785     815 ..     785     817 .. 0.85

  Alignments for each domain:
  == domain 1  score: 15.2 bits;  conditional E-value: 0.00023
              Round3_FinalIHelix   3 eaeglalllfiagletisnsllsslLfyll 32 
                                     ++++++l+lfiag++t+s +  ++l ++l+
  tr|A0A182Y1B2|A0A182Y1B2_ANOST 291 QLTMIILDLFIAGGHTTSTTIDLALMMMLV 320
                                     679***************998777777775 PP

  == domain 2  score: 13.6 bits;  conditional E-value: 0.00076
              Round3_FinalIHelix   1 dkeaeglalllfiagletisnsllsslLfyl 31 
                                     d+++++++l++fiag+ t+s +l +++ +++
  tr|A0A182Y1B2|A0A182Y1B2_ANOST 785 DRQLTMIILDIFIAGGQTTSTTLDLAFMMMI 815
                                     5799****************99976666665 PP

>> tr|A0A811KXK1|A0A811KXK1_9BILA  CYtochrome P450 family OS=Bursaphelenchus okinawaensis OX=465554 GN=BOKJ2_LOCUS9446 P
   #    score  bias  c-Evalue  i-Evalue hmmfrom  hmm to    alifrom  ali to    envfrom  env to     acc
 ---   ------ ----- --------- --------- ------- -------    ------- -------    ------- -------    ----
   1 !   12.8   0.0    0.0013       2.9       4      26 ..     297     318 ..     294     324 .. 0.77
   2 !   12.5   0.1    0.0017       3.8       3      31 ..     755     781 ..     753     783 .. 0.78

  Alignments for each domain:
  == domain 1  score: 12.8 bits;  conditional E-value: 0.0013
              Round3_FinalIHelix   4 a.eglalllfiagletisnsllss 26 
                                     + + +++l + ag+et+snsl ++
  tr|A0A811KXK1|A0A811KXK1_9BILA 297 LaNVCFDL-WVAGQETTSNSL-TW 318
                                     43778666.************.78 PP

  == domain 2  score: 12.5 bits;  conditional E-value: 0.0017
              Round3_FinalIHelix   3 eaeglalllfiagletisnsllsslLfyl 31 
                                      a+ +++l +iag+et+s +l ++ + y+
  tr|A0A811KXK1|A0A811KXK1_9BILA 755 LANVCFDL-WIAGQETTSTTL-TWAVSYI 781
                                     56778666.************.7976665 PP

>> tr|A0A6G1ED27|A0A6G1ED27_9ORYZ  Cytochrome P450 OS=Oryza meyeriana var. granulata OX=110450 GN=E2562_020307 PE=3 SV=1
   #    score  bias  c-Evalue  i-Evalue hmmfrom  hmm to    alifrom  ali to    envfrom  env to     acc
 ---   ------ ----- --------- --------- ------- -------    ------- -------    ------- -------    ----
   1 !   10.1   0.0    0.0096        21       6      31 ..     299     323 ..     296     325 .. 0.89
   2 ?    8.9   0.0     0.024        53       6      31 ..     809     833 ..     806     835 .. 0.89
   3 ?    7.3   0.0     0.079   1.7e+02       6      30 ..    1318    1341 ..    1315    1344 .. 0.89

  Alignments for each domain:
  == domain 1  score: 10.1 bits;  conditional E-value: 0.0096
              Round3_FinalIHelix   6 glalllfiagletisnsllsslLfyl 31 
                                     +++l + iag +++s+sl  ++L+++
  tr|A0A6G1ED27|A0A6G1ED27_9ORYZ 299 DIILNIVIAGKDSTSGSL-AWFLYMV 323
                                     6889999***********.6****97 PP

  == domain 2  score: 8.9 bits;  conditional E-value: 0.024
              Round3_FinalIHelix   6 glalllfiagletisnsllsslLfyl 31 
                                     +++l + iag +t+++sl  ++L+++
  tr|A0A6G1ED27|A0A6G1ED27_9ORYZ 809 DIILNIVIAGKDTTAGSL-AWFLYMV 833
                                     6889999***********.6****97 PP

  == domain 3  score: 7.3 bits;  conditional E-value: 0.079
              Round3_FinalIHelix    6 glalllfiagletisnsllsslLfy 30  
                                      +++l + iag +t++++l  ++L++
  tr|A0A6G1ED27|A0A6G1ED27_9ORYZ 1318 DIILNIVIAGKDTTAGAL-AWFLYM 1341
                                      6889999***********.6****8 PP

>> tr|A0A341B782|A0A341B782_NEOAA  aromatase OS=Neophocaena asiaeorientalis asiaeorientalis OX=1706337 GN=LOC112397499 P
   #    score  bias  c-Evalue  i-Evalue hmmfrom  hmm to    alifrom  ali to    envfrom  env to     acc
 ---   ------ ----- --------- --------- ------- -------    ------- -------    ------- -------    ----
   1 !   28.7   0.2   9.7e-09   2.1e-05       2      32 ..     294     323 ..     293     324 .. 0.92

  Alignments for each domain:
  == domain 1  score: 28.7 bits;  conditional E-value: 9.7e-09
              Round3_FinalIHelix   2 keaeglalllfiagletisnsllsslLfyll 32 
                                     +++++++l+++ia+++t+s+s+ +++Lf ++
  tr|A0A341B782|A0A341B782_NEOAA 294 ENVNQCVLEMLIAAPDTMSVSV-FFMLFLIA 323
                                     789*******************.6****987 PP

>> tr|F7ADA9|F7ADA9_ORNAN  aromatase OS=Ornithorhynchus anatinus OX=9258 GN=CYP19A1 PE=3 SV=2
   #    score  bias  c-Evalue  i-Evalue hmmfrom  hmm to    alifrom  ali to    envfrom  env to     acc
 ---   ------ ----- --------- --------- ------- -------    ------- -------    ------- -------    ----
   1 ?    5.0   0.3      0.44   9.6e+02      10      32 ..      16      37 ..      11      38 .. 0.78
   2 !   24.4   0.2   2.4e-07   0.00052       2      32 ..     303     332 ..     302     333 .. 0.84

  Alignments for each domain:
  == domain 1  score: 5.0 bits;  conditional E-value: 0.44
      Round3_FinalIHelix 10 llfiagletisnsllsslLfyll 32
                            ll +ag++t++++l ++lL+ ll
  tr|F7ADA9|F7ADA9_ORNAN 16 LLPEAGPRTAAATL-TLLLLLLL 37
                            56689*********.68777765 PP

  == domain 2  score: 24.4 bits;  conditional E-value: 2.4e-07
      Round3_FinalIHelix   2 keaeglalllfiagletisnsllsslLfyll 32 
                             ++++++ l+++ia+++t+s++ + ++L+ ++
  tr|F7ADA9|F7ADA9_ORNAN 303 ENVNQCMLEMLIAAPDTMSVTIF-FMLLLIA 332
                             789*******************6.6666554 PP

>> tr|A0A8C9B7K7|A0A8C9B7K7_PHOSS  aromatase OS=Phocoena sinus OX=42100 GN=LOC116749147 PE=3 SV=1
   #    score  bias  c-Evalue  i-Evalue hmmfrom  hmm to    alifrom  ali to    envfrom  env to     acc
 ---   ------ ----- --------- --------- ------- -------    ------- -------    ------- -------    ----
   1 !   28.7   0.2   9.7e-09   2.1e-05       2      32 ..     294     323 ..     293     324 .. 0.92

  Alignments for each domain:
  == domain 1  score: 28.7 bits;  conditional E-value: 9.7e-09
              Round3_FinalIHelix   2 keaeglalllfiagletisnsllsslLfyll 32 
                                     +++++++l+++ia+++t+s+s+ +++Lf ++
  tr|A0A8C9B7K7|A0A8C9B7K7_PHOSS 294 ENVNQCVLEMLIAAPDTMSVSV-FFMLFLIA 323
                                     789*******************.6****987 PP

>> tr|A0A8D1DGT6|A0A8D1DGT6_PIG  aromatase OS=Sus scrofa OX=9823 PE=3 SV=1
   #    score  bias  c-Evalue  i-Evalue hmmfrom  hmm to    alifrom  ali to    envfrom  env to     acc
 ---   ------ ----- --------- --------- ------- -------    ------- -------    ------- -------    ----
   1 !   28.8   0.2   9.2e-09     2e-05       2      32 ..      46      75 ..      44      76 .. 0.91

  Alignments for each domain:
  == domain 1  score: 28.8 bits;  conditional E-value: 9.2e-09
            Round3_FinalIHelix  2 keaeglalllfiagletisnsllsslLfyll 32
                                  +++++++l+++ia+++t s+++ +++Lf ++
  tr|A0A8D1DGT6|A0A8D1DGT6_PIG 46 ENVNQCILEMLIAAPDTLSVTV-FFMLFLIA 75
                                  577*******************.6****987 PP

>> tr|A0A8D1CL66|A0A8D1CL66_PIG  aromatase OS=Sus scrofa OX=9823 PE=3 SV=1
   #    score  bias  c-Evalue  i-Evalue hmmfrom  hmm to    alifrom  ali to    envfrom  env to     acc
 ---   ------ ----- --------- --------- ------- -------    ------- -------    ------- -------    ----
   1 !   28.3   0.2   1.4e-08     3e-05       2      32 ..     127     156 ..     125     157 .. 0.91

  Alignments for each domain:
  == domain 1  score: 28.3 bits;  conditional E-value: 1.4e-08
            Round3_FinalIHelix   2 keaeglalllfiagletisnsllsslLfyll 32 
                                   +++++++l+++ia+++t s+++ +++Lf ++
  tr|A0A8D1CL66|A0A8D1CL66_PIG 127 ENVNQCILEMLIAAPDTLSVTV-FFMLFLIA 156
                                   577*******************.6****987 PP

>> tr|A0A7R8YLE5|A0A7R8YLE5_HERIL  Cytochrome P450 OS=Hermetia illucens OX=343691 GN=HERILL_LOCUS805 PE=3 SV=1
   #    score  bias  c-Evalue  i-Evalue hmmfrom  hmm to    alifrom  ali to    envfrom  env to     acc
 ---   ------ ----- --------- --------- ------- -------    ------- -------    ------- -------    ----
   1 !   13.8   0.1   0.00064       1.4       7      32 ..     320     344 ..     315     345 .. 0.91
   2 !   15.2   0.2   0.00023      0.49       5      32 ..     751     777 ..     749     778 .. 0.92

  Alignments for each domain:
  == domain 1  score: 13.8 bits;  conditional E-value: 0.00064
              Round3_FinalIHelix   7 lalllfiagletisnsllsslLfyll 32 
                                     +a ++f ag++++s +  +s+L++l+
  tr|A0A7R8YLE5|A0A7R8YLE5_HERIL 320 MATDMFVAGIDSTSSAI-TSVLYNLA 344
                                     889**************.8******8 PP

  == domain 2  score: 15.2 bits;  conditional E-value: 0.00023
              Round3_FinalIHelix   5 eglalllfiagletisnsllsslLfyll 32 
                                     + +a++++ ag++t+s + + s+L++l+
  tr|A0A7R8YLE5|A0A7R8YLE5_HERIL 751 TVMAIDMITAGVDTTSSAIV-SVLYNLA 777
                                     689****************7.******8 PP

>> tr|A0A7J8AZ37|A0A7J8AZ37_PIPKU  aromatase OS=Pipistrellus kuhlii OX=59472 GN=mPipKuh1_003520 PE=3 SV=1
   #    score  bias  c-Evalue  i-Evalue hmmfrom  hmm to    alifrom  ali to    envfrom  env to     acc
 ---   ------ ----- --------- --------- ------- -------    ------- -------    ------- -------    ----
   1 !   28.2   0.2   1.5e-08   3.3e-05       2      31 ..     294     322 ..     293     324 .. 0.91

  Alignments for each domain:
  == domain 1  score: 28.2 bits;  conditional E-value: 1.5e-08
              Round3_FinalIHelix   2 keaeglalllfiagletisnsllsslLfyl 31 
                                     +++++++l+++ia+++t+s+s+ +++Lf +
  tr|A0A7J8AZ37|A0A7J8AZ37_PIPKU 294 ENVNQCILEMLIAAPDTMSVSV-FFMLFLI 322
                                     789*******************.6***986 PP

>> tr|A0A8C6BGT4|A0A8C6BGT4_MONMO  aromatase OS=Monodon monoceros OX=40151 GN=LOC114903554 PE=3 SV=1
   #    score  bias  c-Evalue  i-Evalue hmmfrom  hmm to    alifrom  ali to    envfrom  env to     acc
 ---   ------ ----- --------- --------- ------- -------    ------- -------    ------- -------    ----
   1 !   28.7   0.2   9.7e-09   2.1e-05       2      32 ..     294     323 ..     293     324 .. 0.92

  Alignments for each domain:
  == domain 1  score: 28.7 bits;  conditional E-value: 9.7e-09
              Round3_FinalIHelix   2 keaeglalllfiagletisnsllsslLfyll 32 
                                     +++++++l+++ia+++t+s+s+ +++Lf ++
  tr|A0A8C6BGT4|A0A8C6BGT4_MONMO 294 ENVNQCVLEMLIAAPDTMSVSV-FFMLFLIA 323
                                     789*******************.6****987 PP

>> tr|A0A6J3R200|A0A6J3R200_TURTR  aromatase OS=Tursiops truncatus OX=9739 GN=LOC101337437 PE=3 SV=1
   #    score  bias  c-Evalue  i-Evalue hmmfrom  hmm to    alifrom  ali to    envfrom  env to     acc
 ---   ------ ----- --------- --------- ------- -------    ------- -------    ------- -------    ----
   1 !   28.7   0.2   9.7e-09   2.1e-05       2      32 ..     294     323 ..     293     324 .. 0.92

  Alignments for each domain:
  == domain 1  score: 28.7 bits;  conditional E-value: 9.7e-09
              Round3_FinalIHelix   2 keaeglalllfiagletisnsllsslLfyll 32 
                                     +++++++l+++ia+++t+s+s+ +++Lf ++
  tr|A0A6J3R200|A0A6J3R200_TURTR 294 ENVNQCVLEMLIAAPDTMSVSV-FFMLFLIA 323
                                     789*******************.6****987 PP

>> tr|A0A8C9A8Q6|A0A8C9A8Q6_PROSS  Aromatase OS=Prolemur simus OX=1328070 GN=CYP19A1 PE=3 SV=1
   #    score  bias  c-Evalue  i-Evalue hmmfrom  hmm to    alifrom  ali to    envfrom  env to     acc
 ---   ------ ----- --------- --------- ------- -------    ------- -------    ------- -------    ----
   1 !   28.7   0.2   9.7e-09   2.1e-05       2      32 ..     294     323 ..     293     324 .. 0.92

  Alignments for each domain:
  == domain 1  score: 28.7 bits;  conditional E-value: 9.7e-09
              Round3_FinalIHelix   2 keaeglalllfiagletisnsllsslLfyll 32 
                                     +++++++l+++ia+++t+s+s+ +++Lf ++
  tr|A0A8C9A8Q6|A0A8C9A8Q6_PROSS 294 ENVNQCVLEMLIAAPDTMSVSV-FFMLFLIA 323
                                     789*******************.6****987 PP

>> tr|A0A182TWT1|A0A182TWT1_9DIPT  Uncharacterized protein OS=Anopheles melas OX=34690 PE=3 SV=1
   #    score  bias  c-Evalue  i-Evalue hmmfrom  hmm to    alifrom  ali to    envfrom  env to     acc
 ---   ------ ----- --------- --------- ------- -------    ------- -------    ------- -------    ----
   1 !   12.5   0.0    0.0017       3.7       7      32 ..     318     342 ..     312     343 .. 0.89
   2 !   15.1   0.1   0.00024      0.52       4      32 ..     778     805 ..     775     806 .. 0.89

  Alignments for each domain:
  == domain 1  score: 12.5 bits;  conditional E-value: 0.0017
              Round3_FinalIHelix   7 lalllfiagletisnsllsslLfyll 32 
                                     + l+++iag++t+s  + + +L++l+
  tr|A0A182TWT1|A0A182TWT1_9DIPT 318 MSLDMLIAGIDTTSSGS-TGVLYCLA 342
                                     89************999.89****98 PP

  == domain 2  score: 15.1 bits;  conditional E-value: 0.00024
              Round3_FinalIHelix   4 aeglalllfiagletisnsllsslLfyll 32 
                                     a  +a ++++ag++t+s s  + +L++l+
  tr|A0A182TWT1|A0A182TWT1_9DIPT 778 AVVMAFDMIMAGIDTTSSST-FGILYCLA 805
                                     58899***************.6******8 PP

>> tr|A0A8D2AQY8|A0A8D2AQY8_SCIVU  Aromatase OS=Sciurus vulgaris OX=55149 GN=CYP19A1 PE=3 SV=1
   #    score  bias  c-Evalue  i-Evalue hmmfrom  hmm to    alifrom  ali to    envfrom  env to     acc
 ---   ------ ----- --------- --------- ------- -------    ------- -------    ------- -------    ----
   1 !   28.4   0.1   1.2e-08   2.7e-05       2      32 ..     294     323 ..     293     324 .. 0.92

  Alignments for each domain:
  == domain 1  score: 28.4 bits;  conditional E-value: 1.2e-08
              Round3_FinalIHelix   2 keaeglalllfiagletisnsllsslLfyll 32 
                                     +++++++l+++ia+++t+s++++ ++Lf ++
  tr|A0A8D2AQY8|A0A8D2AQY8_SCIVU 294 ENVNQCILEMLIAAPDTMSVTVY-FMLFLIA 323
                                     789*******************9.99**987 PP

>> tr|A0A8D0R3G1|A0A8D0R3G1_PIG  aromatase OS=Sus scrofa OX=9823 PE=3 SV=1
   #    score  bias  c-Evalue  i-Evalue hmmfrom  hmm to    alifrom  ali to    envfrom  env to     acc
 ---   ------ ----- --------- --------- ------- -------    ------- -------    ------- -------    ----
   1 !   28.2   0.2   1.4e-08   3.2e-05       2      32 ..     143     172 ..     141     173 .. 0.91

  Alignments for each domain:
  == domain 1  score: 28.2 bits;  conditional E-value: 1.4e-08
            Round3_FinalIHelix   2 keaeglalllfiagletisnsllsslLfyll 32 
                                   +++++++l+++ia+++t s+++ +++Lf ++
  tr|A0A8D0R3G1|A0A8D0R3G1_PIG 143 ENVNQCILEMLIAAPDTLSVTV-FFMLFLIA 172
                                   577*******************.6****987 PP

>> tr|A0A6J2L7H2|A0A6J2L7H2_9CHIR  aromatase OS=Phyllostomus discolor OX=89673 GN=LOC114493114 PE=3 SV=1
   #    score  bias  c-Evalue  i-Evalue hmmfrom  hmm to    alifrom  ali to    envfrom  env to     acc
 ---   ------ ----- --------- --------- ------- -------    ------- -------    ------- -------    ----
   1 !   27.2   0.2   3.1e-08   6.8e-05       2      32 ..     293     322 ..     292     323 .. 0.92

  Alignments for each domain:
  == domain 1  score: 27.2 bits;  conditional E-value: 3.1e-08
              Round3_FinalIHelix   2 keaeglalllfiagletisnsllsslLfyll 32 
                                     +++++++l++ ia+++t+s+s+ +++Lf ++
  tr|A0A6J2L7H2|A0A6J2L7H2_9CHIR 293 ENVNQCILEMMIAAPDTMSVSV-FFMLFLIA 322
                                     789*******************.6****987 PP

>> tr|A0AA41MIZ6|A0AA41MIZ6_SCICA  Aromatase OS=Sciurus carolinensis OX=30640 GN=SUZIE_119950 PE=3 SV=1
   #    score  bias  c-Evalue  i-Evalue hmmfrom  hmm to    alifrom  ali to    envfrom  env to     acc
 ---   ------ ----- --------- --------- ------- -------    ------- -------    ------- -------    ----
   1 !   28.5   0.1   1.2e-08   2.6e-05       2      32 ..     279     308 ..     278     309 .. 0.92

  Alignments for each domain:
  == domain 1  score: 28.5 bits;  conditional E-value: 1.2e-08
              Round3_FinalIHelix   2 keaeglalllfiagletisnsllsslLfyll 32 
                                     +++++++l+++ia+++t+s++++ ++Lf ++
  tr|A0AA41MIZ6|A0AA41MIZ6_SCICA 279 ENVNQCILEMLIAAPDTMSVTVY-FMLFLIA 308
                                     789*******************9.99**987 PP

>> tr|A0A5N4CXY9|A0A5N4CXY9_CAMDR  unspecific monooxygenase OS=Camelus dromedarius OX=9838 GN=Cadr_000023629 PE=3 SV=1
   #    score  bias  c-Evalue  i-Evalue hmmfrom  hmm to    alifrom  ali to    envfrom  env to     acc
 ---   ------ ----- --------- --------- ------- -------    ------- -------    ------- -------    ----
   1 !   15.0   0.2   0.00026      0.57      10      31 ..      18      38 ..      13      40 .. 0.83
   2 !   15.0   0.2   0.00026      0.57      10      31 ..      75      95 ..      70      97 .. 0.83

  Alignments for each domain:
  == domain 1  score: 15.0 bits;  conditional E-value: 0.00026
              Round3_FinalIHelix 10 llfiagletisnsllsslLfyl 31
                                    + ++ag+et+snsl s++ + l
  tr|A0A5N4CXY9|A0A5N4CXY9_CAMDR 18 IFIFAGYETTSNSL-SFIMYEL 38
                                    5689**********.9987755 PP

  == domain 2  score: 15.0 bits;  conditional E-value: 0.00026
              Round3_FinalIHelix 10 llfiagletisnsllsslLfyl 31
                                    + ++ag+et+snsl s++ + l
  tr|A0A5N4CXY9|A0A5N4CXY9_CAMDR 75 IFIFAGYETTSNSL-SFIMYEL 95
                                    5689**********.9987755 PP

>> tr|A0A8W7PEZ2|A0A8W7PEZ2_ANOCL  Cytochrome P450 OS=Anopheles coluzzii OX=1518534 PE=3 SV=1
   #    score  bias  c-Evalue  i-Evalue hmmfrom  hmm to    alifrom  ali to    envfrom  env to     acc
 ---   ------ ----- --------- --------- ------- -------    ------- -------    ------- -------    ----
   1 !   12.5   0.0    0.0017       3.7       7      32 ..     263     287 ..     257     288 .. 0.89
   2 !   15.1   0.1   0.00024      0.52       4      32 ..     752     779 ..     749     780 .. 0.89

  Alignments for each domain:
  == domain 1  score: 12.5 bits;  conditional E-value: 0.0017
              Round3_FinalIHelix   7 lalllfiagletisnsllsslLfyll 32 
                                     + l+++iag++t+s  + + +L++l+
  tr|A0A8W7PEZ2|A0A8W7PEZ2_ANOCL 263 MSLDMLIAGIDTTSSGS-TGVLYCLA 287
                                     89************999.89****98 PP

  == domain 2  score: 15.1 bits;  conditional E-value: 0.00024
              Round3_FinalIHelix   4 aeglalllfiagletisnsllsslLfyll 32 
                                     a  +a ++++ag++t+s s  + +L++l+
  tr|A0A8W7PEZ2|A0A8W7PEZ2_ANOCL 752 AVVMAFDMIMAGIDTTSSST-FGILYCLA 779
                                     58899***************.6******8 PP

>> tr|A0A8D0M1N2|A0A8D0M1N2_PIG  aromatase OS=Sus scrofa OX=9823 GN=CYP19A2 PE=3 SV=1
   #    score  bias  c-Evalue  i-Evalue hmmfrom  hmm to    alifrom  ali to    envfrom  env to     acc
 ---   ------ ----- --------- --------- ------- -------    ------- -------    ------- -------    ----
   1 !   28.2   0.2   1.5e-08   3.2e-05       2      32 ..     145     174 ..     143     175 .. 0.91

  Alignments for each domain:
  == domain 1  score: 28.2 bits;  conditional E-value: 1.5e-08
            Round3_FinalIHelix   2 keaeglalllfiagletisnsllsslLfyll 32 
                                   +++++++l+++ia+++t s+++ +++Lf ++
  tr|A0A8D0M1N2|A0A8D0M1N2_PIG 145 ENVNQCILEMLIAAPDTLSVTV-FFMLFLIA 174
                                   577*******************.6****987 PP



Internal pipeline statistics summary:
-------------------------------------
Query model(s):                            1  (33 nodes)
Target sequences:                     497798  (228933780 residues searched)
Passed MSV filter:                    214878  (0.431657); expected 9956.0 (0.02)
Passed bias filter:                   209309  (0.42047); expected 9956.0 (0.02)
Passed Vit filter:                    128140  (0.257414); expected 497.8 (0.001)
Passed Fwd filter:                     37967  (0.0762699); expected 5.0 (1e-05)
Initial search space (Z):             497798  [actual number of targets]
Domain search space  (domZ):             228  [number of targets reported over threshold]
# CPU time: 12.88u 0.15s 00:00:13.03 Elapsed: 00:00:06.09
# Mc/sec: 1239.82
//
# Alignment of 291 hits satisfying inclusion thresholds saved to: ../output/hmm_search_3/pfam/5//ihelixhits_e_0p00001_z__T_.aln
[ok]
