# hmmsearch :: search profile(s) against a sequence database
# HMMER 3.3.2 (Nov 2020); http://hmmer.org/
# Copyright (C) 2020 Howard Hughes Medical Institute.
# Freely distributed under the BSD open source license.
# - - - - - - - - - - - - - - - - - - - - - - - - - - - - - - - - - - - -
# query HMM file:                  ../output/hmm_round_3/ihelix_round3_hmm.hmm
# target sequence database:        ../input/databases/biocatnet_p450.fasta
# MSA of all hits saved to file:   ../output/hmm_search_3/biocatnet/3//ihelixhits_e_0p001_z__T_.aln
# sequence reporting threshold:    E-value <= 0.001
# - - - - - - - - - - - - - - - - - - - - - - - - - - - - - - - - - - - -

Query:       Round3_FinalIHelix  [M=33]
Scores for complete sequences (score includes all domains):
   --- full sequence ---   --- best 1 domain ---    -#dom-
    E-value  score  bias    E-value  score  bias    exp  N  Sequence                                                                                                                                                                                             Description
    ------- ------ -----    ------- ------ -----   ---- --  --------                                                                                                                                                                                             -----------
    2.3e-08   34.9   4.6     0.0085   17.6   0.4    3.1  2  sid|75248|pid|54607|hfid|349|sfid|33|gi|308460667|taxonID|31234|Caenorhabditisremanei                                                                                                                 
    8.6e-08   33.1   1.2    3.1e-07   31.4   0.2    2.4  1  sid|6214|pid|4230|hfid|316|sfid|19|gb|AAH56258.1|gi|33604018|taxonID|9606|Homosapiens                                                                                                                 
    9.1e-08   33.1   1.2    3.1e-07   31.4   0.2    2.4  1  sid|6215|pid|4230|hfid|316|sfid|19|gb|AAH20767.1|gi|116283623|taxonID|9606|Homosapiens                                                                                                                
    9.4e-08   33.0   0.5    2.6e-06   28.6   0.3    2.9  1  sid|6197|pid|4216|hfid|316|sfid|19|gi|532007179|taxonID|79684|Microtusochrogaster                                                                                                                     
    1.3e-07   32.6   0.2    3.7e-07   31.2   0.2    1.8  1  sid|6163|pid|4192|hfid|316|sfid|19|gi|635135801|taxonID|60711|Chlorocebussabaeus                                                                                                                      
    1.3e-07   32.6   1.0    4.9e-07   30.8   0.2    2.4  1  sid|6103|pid|4145|hfid|316|sfid|19|gi|567315997|taxonID|9541|Macacafascicularis                                                                                                                       
    1.3e-07   32.6   0.2    4.9e-07   30.8   0.2    2.0  1  sid|6096|pid|4145|hfid|316|sfid|19|emb|CAL38062.1|gi|117645192|taxonID|32630|syntheticconstruct                                                                                                       
    1.6e-07   32.3   1.4    4.1e-07   31.0   0.2    2.3  1  sid|6204|pid|4223|hfid|316|sfid|19|gi|530405451|taxonID|9606|Homosapiens                                                                                                                              
    1.9e-07   32.1   0.6    1.4e-06   29.4   0.2    2.6  1  sid|6188|pid|4210|hfid|316|sfid|19|gi|507674554|taxonID|9371|Echinopstelfairi                                                                                                                         
    1.9e-07   32.1   1.4    4.9e-07   30.8   0.2    2.4  1  sid|6100|pid|4145|hfid|316|sfid|19|gi|114657064|taxonID|9598|Pantroglodytes                                                                                                                           
    1.9e-07   32.1   1.4    4.9e-07   30.8   0.2    2.4  1  sid|6094|pid|4145|hfid|316|sfid|19|gb|AAZ23558.1|gi|71084088|taxonID|9606|Homosapiens                                                                                                                 
    1.9e-07   32.1   1.4    4.9e-07   30.8   0.2    2.4  1  sid|6104|pid|4145|hfid|316|sfid|19|gb|AAH35959.1|gi|23271165|taxonID|9606|Homosapiens                                                                                                                 
    1.9e-07   32.1   1.4    4.9e-07   30.8   0.2    2.4  1  sid|6105|pid|4145|hfid|316|sfid|19|emb|CAL37411.1|gi|117646592|taxonID|32630|syntheticconstruct                                                                                                       
    1.9e-07   32.1   1.4    4.9e-07   30.8   0.2    2.3  1  sid|6091|pid|4145|hfid|316|sfid|19|dbj|BAF84467.1|gi|158256988|taxonID|9606|Homosapiens                                                                                                               
    1.9e-07   32.1   1.4    4.9e-07   30.8   0.2    2.3  1  sid|6098|pid|4145|hfid|316|sfid|19|gb|AAA52141.1|gi|181288|gb|AAA52132.1|gi|181213|taxonID|9606|Homosapiens                                                                                           
    1.9e-07   32.0   1.4    4.9e-07   30.8   0.2    2.3  1  sid|6093|pid|4145|hfid|316|sfid|19|gi|13904858|gi|404312987|gi|404312988|gi|218766731|gi|390136177|gi|390136176|pdb|4GL5(A)|pdb|4GL7(A)|pdb|3EQM(A)|pdb|3S7S(A)|pdb|3S79(A)|taxonID|9606|Homosapiens  
    1.9e-07   32.0   1.4    4.9e-07   30.8   0.2    2.3  1  sid|6099|pid|4145|hfid|316|sfid|19|gi|426379075|taxonID|9595|Gorillagorillagorilla                                                                                                                    
    1.9e-07   32.0   1.4    4.9e-07   30.8   0.2    2.3  1  sid|6101|pid|4145|hfid|316|sfid|19|gb|ABB76809.1|gi|82468904|taxonID|9541|Macacafascicularis|gi|402874306|taxonID|9555|Papioanubis                                                                    
    1.9e-07   32.0   1.4    4.9e-07   30.8   0.2    2.3  1  sid|6095|pid|4145|hfid|316|sfid|19|emb|CAA31929.1|gi|28847|taxonID|9606|Homosapiens                                                                                                                   
      2e-07   32.0   1.4    4.9e-07   30.8   0.2    2.3  1  sid|6092|pid|4145|hfid|316|sfid|19|gi|297696649|taxonID|9601|Pongoabelii                                                                                                                              
      2e-07   32.0   1.4    4.9e-07   30.8   0.2    2.3  1  sid|6097|pid|4145|hfid|316|sfid|19|gb|AAI07786.1|gi|78070747|taxonID|9606|Homosapiens                                                                                                                 
    2.2e-07   31.9   1.4    4.5e-07   30.9   0.2    2.2  1  sid|6119|pid|4156|hfid|316|sfid|19|gi|578826655|gi|532137988|gb|AAA35556.1|gi|179000|pdb|4KQ8(A)|taxonID|9606|Homosapiens                                                                             
    2.3e-07   31.8   0.2    1.3e-06   29.5   0.2    2.3  1  sid|6179|pid|4204|hfid|316|sfid|19|gi|27805827|taxonID|9913|Bostaurus                                                                                                                                 
    2.3e-07   31.8   0.9    2.3e-06   28.7   0.2    2.7  1  sid|6113|pid|4151|hfid|316|sfid|19|gi|507679185|taxonID|10160|Octodondegus                                                                                                                            
    2.4e-07   31.8   0.9    2.6e-06   28.5   0.2    2.8  1  sid|6125|pid|4162|hfid|316|sfid|19|gi|348572276|taxonID|10141|Caviaporcellus                                                                                                                          
    2.5e-07   31.7   1.7    5.2e-07   30.7   0.2    2.4  1  sid|6160|pid|4189|hfid|316|sfid|19|gi|617641981|taxonID|9365|Erinaceuseuropaeus                                                                                                                       
    2.6e-07   31.6   0.2    1.3e-06   29.5   0.2    2.2  1  sid|6107|pid|4147|hfid|316|sfid|19|gi|602686701|taxonID|118797|Lipotesvexillifer                                                                                                                      
    2.7e-07   31.6   0.2    1.3e-06   29.5   0.2    2.2  1  sid|6177|pid|4204|hfid|316|sfid|19|gb|AAA62244.1|gi|625061|taxonID|9913|Bostaurus                                                                                                                     
    2.7e-07   31.6   0.2    1.3e-06   29.5   0.2    2.2  1  sid|6178|pid|4204|hfid|316|sfid|19|gi|555977142|taxonID|72004|Bosmutus                                                                                                                                
    2.7e-07   31.6   0.2    1.3e-06   29.5   0.2    2.2  1  sid|6180|pid|4204|hfid|316|sfid|19|gi|296483078|taxonID|9913|Bostaurus                                                                                                                                
    2.9e-07   31.5   0.2    1.3e-06   29.5   0.2    2.2  1  sid|6131|pid|4166|hfid|316|sfid|19|gi|595763331|taxonID|89462|Bubalusbubalis                                                                                                                          
    2.9e-07   31.5   0.2    1.2e-06   29.6   0.2    2.2  1  sid|6110|pid|4148|hfid|316|sfid|19|gi|488541242|taxonID|9361|Dasypusnovemcinctus                                                                                                                      
    2.9e-07   31.5   0.2    1.3e-06   29.5   0.2    2.2  1  sid|6130|pid|4166|hfid|316|sfid|19|gb|ABD64825.2|gi|117582069|taxonID|89462|Bubalusbubalis                                                                                                            
      3e-07   31.5   0.2    9.9e-07   29.8   0.2    2.0  1  sid|6128|pid|4165|hfid|316|sfid|19|gb|AAB61696.1|gi|1762231|taxonID|9823|Susscrofa                                                                                                                    
    3.2e-07   31.4   0.2    1.4e-06   29.4   0.2    2.2  1  sid|6199|pid|4218|hfid|316|sfid|19|gi|556769427|taxonID|59538|Pantholopshodgsonii                                                                                                                     
    3.2e-07   31.4   0.2    1.4e-06   29.4   0.2    2.2  1  sid|6129|pid|4166|hfid|316|sfid|19|gi|172088165|taxonID|9940|Ovisaries                                                                                                                                
    3.3e-07   31.3   0.4    1.4e-06   29.4   0.2    2.1  1  sid|6220|pid|4235|hfid|316|sfid|19|gb|EHB17936.1|gi|351715017|taxonID|10181|Heterocephalusglaber                                                                                                      
    3.9e-07   31.1   0.2    1.6e-06   29.2   0.2    2.1  1  sid|6173|pid|4201|hfid|316|sfid|19|gb|AAC48731.1|gi|1762362|gi|47523916|taxonID|9823|Susscrofa                                                                                                        
    3.9e-07   31.1   0.2      2e-06   28.9   0.2    2.3  1  sid|6136|pid|4170|hfid|316|sfid|19|gi|558112604|taxonID|59463|Myotislucifugus                                                                                                                         
      4e-07   31.1   0.2      2e-06   28.9   0.2    2.2  1  sid|6135|pid|4170|hfid|316|sfid|19|gi|554538646|taxonID|109478|Myotisbrandtii                                                                                                                         
    4.2e-07   31.0   0.1    1.8e-06   29.0   0.1    2.2  1  sid|6108|pid|4147|hfid|316|sfid|19|sp|Q69FB6.1|gi|54035752|taxonID|90246|Lagenorhynchusacutus                                                                                                         
    4.2e-07   31.0   1.3    1.3e-06   29.5   0.2    2.5  1  sid|6146|pid|4178|hfid|316|sfid|19|gi|594633993|taxonID|310752|Balaenopteraacutorostratascammoni                                                                                                      
    4.3e-07   31.0   1.5    6.9e-05   24.1   0.2    3.3  2  sid|98551|pid|74295|hfid|316|sfid|19|gi|556996999|taxonID|7897|Latimeriachalumnae                                                                                                                     
    4.3e-07   31.0   1.3    1.3e-06   29.5   0.2    2.5  1  sid|6154|pid|4184|hfid|316|sfid|19|gi|593767741|taxonID|9755|Physetercatodon                                                                                                                          
    4.3e-07   31.0   1.3    1.1e-06   29.7   0.2    2.3  1  sid|6087|pid|4142|hfid|316|sfid|19|gi|585191461|taxonID|9713|Leptonychotesweddellii                                                                                                                   
    4.4e-07   30.9   0.1    1.8e-06   29.0   0.1    2.1  1  sid|6109|pid|4147|hfid|316|sfid|19|gi|466065682|taxonID|9733|Orcinusorca                                                                                                                              
    4.5e-07   30.9   0.2      2e-06   28.9   0.2    2.2  1  sid|6137|pid|4170|hfid|316|sfid|19|gi|584071514|taxonID|225400|Myotisdavidii                                                                                                                          
    4.9e-07   30.8   1.4    1.4e-06   29.4   0.2    2.5  1  sid|6114|pid|4152|hfid|316|sfid|19|gi|634832367|taxonID|1230840|Orycteropusaferafer                                                                                                                   
    5.1e-07   30.7   1.3    1.3e-06   29.5   0.2    2.3  1  sid|6142|pid|4174|hfid|316|sfid|19|gi|56790279|taxonID|9615|Canislupusfamiliaris                                                                                                                      
    5.3e-07   30.7   1.3    1.3e-06   29.5   0.2    2.3  1  sid|6088|pid|4143|hfid|316|sfid|19|gi|472353902|taxonID|9708|Odobenusrosmarusdivergens                                                                                                                
    5.3e-07   30.7   1.4    1.2e-06   29.6   0.2    2.3  1  sid|6205|pid|4224|hfid|316|sfid|19|gb|ADU04379.1|gi|315307950|taxonID|191816|Lynxpardinus                                                                                                             
    5.4e-07   30.7   1.4    1.2e-06   29.6   0.2    2.3  1  sid|6206|pid|4224|hfid|316|sfid|19|gi|586988968|taxonID|9685|Feliscatus                                                                                                                               
    5.6e-07   30.6   1.3    1.3e-06   29.5   0.2    2.3  1  sid|6157|pid|4186|hfid|316|sfid|19|gi|344297770|taxonID|9785|Loxodontaafricana                                                                                                                        
    5.6e-07   30.6   1.0    1.4e-06   29.4   0.2    2.2  1  sid|6156|pid|4185|hfid|316|sfid|19|dbj|BAI44113.1|gi|260279072|taxonID|378754|Ursusthibetanusjaponicus                                                                                                
    5.6e-07   30.6   1.0    1.4e-06   29.4   0.2    2.2  1  sid|6155|pid|4185|hfid|316|sfid|19|gi|301770097|taxonID|9646|Ailuropodamelanoleuca                                                                                                                    
    5.8e-07   30.6   0.9    1.6e-06   29.2   0.1    2.3  1  sid|6124|pid|4161|hfid|316|sfid|19|gi|586447052|taxonID|185453|Chrysochlorisasiatica                                                                                                                  
    6.1e-07   30.5   1.4    6.1e-06   27.4   0.2    3.1  1  sid|6145|pid|4177|hfid|316|sfid|19|gi|533122756|gi|533122760|gi|533122758|taxonID|34839|Chinchillalanigera                                                                                            
    6.4e-07   30.4   0.9    2.3e-06   28.7   0.2    2.4  1  sid|6194|pid|4215|hfid|316|sfid|19|gi|283135134|taxonID|9986|Oryctolaguscuniculus                                                                                                                     
    6.4e-07   30.4   1.4    1.4e-06   29.4   0.2    2.3  1  sid|6189|pid|4211|hfid|316|sfid|19|gb|ADU04378.1|gi|315307948|taxonID|191816|Lynxpardinus                                                                                                             
    6.6e-07   30.4   1.4    1.4e-06   29.4   0.2    2.3  1  sid|6190|pid|4211|hfid|316|sfid|19|gi|586988966|taxonID|9685|Feliscatus                                                                                                                               
    6.6e-07   30.4   1.4    1.5e-06   29.3   0.2    2.3  1  sid|6121|pid|4158|hfid|316|sfid|19|gi|560910149|gb|EPY83671.1|gi|528764012|taxonID|419612|Camelusferus                                                                                                
    6.6e-07   30.4   1.7    1.3e-06   29.5   0.2    2.3  1  sid|6212|pid|4228|hfid|316|sfid|19|gi|395822184|taxonID|30611|Otolemurgarnettii                                                                                                                       
    6.7e-07   30.4   1.7    1.3e-06   29.5   0.2    2.3  1  sid|6167|pid|4196|hfid|316|sfid|19|gi|585693806|taxonID|28737|Elephantulusedwardii                                                                                                                    
      7e-07   30.3   1.5    1.6e-06   29.2   0.3    2.3  1  sid|6102|pid|4145|hfid|316|sfid|19|gi|332235559|taxonID|61853|Nomascusleucogenys                                                                                                                      
    7.3e-07   30.3   1.0    2.1e-06   28.9   0.2    2.3  1  sid|6085|pid|4140|hfid|316|sfid|19|gi|466065851|taxonID|9733|Orcinusorca                                                                                                                              
    7.7e-07   30.2   1.3    1.6e-06   29.2   0.2    2.2  1  sid|6208|pid|4226|hfid|316|sfid|19|gi|478494572|taxonID|73337|Ceratotheriumsimumsimum                                                                                                                 
      8e-07   30.1   0.2    3.5e-06   28.2   0.2    2.1  1  sid|6144|pid|4176|hfid|316|sfid|19|gi|641705083|taxonID|29078|Eptesicusfuscus                                                                                                                         
    9.6e-07   29.9   0.7    4.6e-06   27.8   0.2    2.5  1  sid|6216|pid|4231|hfid|316|sfid|19|gi|593767744|taxonID|9755|Physetercatodon                                                                                                                          
    1.3e-06   29.5   0.2    5.3e-06   27.6   0.2    2.1  1  sid|6149|pid|4180|hfid|316|sfid|19|gb|ELK05419.1|gi|431896001|gi|586531034|taxonID|9402|Pteropusalecto                                                                                                
    1.3e-06   29.4   2.3    2.1e-06   28.8   0.3    2.5  1  sid|6187|pid|4209|hfid|316|sfid|19|gi|391852669|taxonID|9483|Callithrixjacchus                                                                                                                        
    1.4e-06   29.4   2.3    2.1e-06   28.8   0.3    2.5  1  sid|6186|pid|4209|hfid|316|sfid|19|gi|403274266|taxonID|39432|Saimiriboliviensisboliviensis                                                                                                           
    1.4e-06   29.4   2.2      2e-06   28.9   0.4    2.3  1  sid|6132|pid|4167|hfid|316|sfid|19|gi|471379842|taxonID|127582|Trichechusmanatuslatirostris                                                                                                           
    1.6e-06   29.2   0.9    5.3e-06   27.6   0.2    2.4  1  sid|6116|pid|4154|hfid|316|sfid|19|gi|47523910|taxonID|9823|Susscrofa                                                                                                                                 
    1.6e-06   29.2   0.9    5.3e-06   27.6   0.2    2.4  1  sid|6117|pid|4154|hfid|316|sfid|19|gb|AAB51387.1|gi|1928956|taxonID|9823|Susscrofa                                                                                                                    
    1.8e-06   29.0   0.2    1.8e-06   29.0   0.2    2.4  1  sid|6196|pid|4215|hfid|316|sfid|19|emb|CAA94315.1|gi|1240045|taxonID|9986|Oryctolaguscuniculus                                                                                                        
    1.9e-06   29.0   2.3    3.5e-06   28.1   0.3    2.6  1  sid|6086|pid|4141|hfid|316|sfid|19|gi|6681099|gi|568960737|taxonID|10090|Musmusculus                                                                                                                  
    2.3e-06   28.7   0.2    2.3e-06   28.7   0.2    2.8  1  sid|6195|pid|4215|hfid|316|sfid|19|gi|655861582|taxonID|9986|Oryctolaguscuniculus                                                                                                                     
    2.3e-06   28.7   2.4    2.6e-06   28.6   0.3    2.3  1  sid|6120|pid|4157|hfid|316|sfid|19|gb|EGW14179.1|gi|344258075|gi|354493402|taxonID|10029|Cricetulusgriseus                                                                                            
    2.5e-06   28.6   0.1    8.2e-06   27.0   0.1    1.9  1  sid|80164|pid|58680|hfid|354|sfid|35|gi|268554436|taxonID|6238|Caenorhabditisbriggsae                                                                                                                 
    2.5e-06   28.6   0.5    6.9e-06   27.2   0.5    1.7  1  sid|11737|pid|8483|hfid|1382|sfid|393|gb|ERL86685.1|gi|546675502|taxonID|77166|Dendroctonusponderosae                                                                                                 
    2.6e-06   28.6   0.1    2.6e-06   28.6   0.1    3.1  1  sid|6115|pid|4153|hfid|316|sfid|19|gi|504130688|taxonID|9978|Ochotonaprinceps                                                                                                                         
    2.6e-06   28.6   2.6    2.8e-06   28.4   0.4    2.4  1  sid|6112|pid|4150|hfid|316|sfid|19|gi|589916659|taxonID|230844|Peromyscusmaniculatusbairdii                                                                                                           
    2.8e-06   28.4   1.1    7.6e-06   27.1   0.2    2.3  1  sid|6127|pid|4164|hfid|316|sfid|19|gi|594633991|taxonID|310752|Balaenopteraacutorostratascammoni                                                                                                      
    3.4e-06   28.2   0.5    3.4e-06   28.2   0.5    3.0  1  sid|6211|pid|4227|hfid|316|sfid|19|gb|ACM89456.1|gi|223452003|taxonID|8364|Xenopus(Silurana)tropicalis                                                                                                
    3.4e-06   28.2   0.4    1.1e-05   26.6   0.4    1.9  1  sid|6260|pid|4262|hfid|316|sfid|19|gb|AAT36641.1|gi|47607479|taxonID|7937|Anguillajaponica                                                                                                            
    3.5e-06   28.2   1.8    1.3e-05   26.4   1.8    2.0  1  sid|4933|pid|3315|hfid|1296|sfid|305|gb|ACN93795.1|gi|225548287|taxonID|36989|Reticulitermesflavipes                                                                                                  
    3.6e-06   28.1   1.5    9.9e-06   26.7   1.5    1.8  1  sid|101260|pid|76766|hfid|307|sfid|15|emb|CBL95272.1|gi|296315553|taxonID|6973|Blattellagermanica                                                                                                     
    3.6e-06   28.1   1.6    9.5e-06   26.8   0.5    2.3  1  sid|11738|pid|8484|hfid|1382|sfid|393|gb|AFI45012.1|gi|385199928|taxonID|77166|Dendroctonusponderosae                                                                                                 
    3.9e-06   28.0   2.8    4.2e-06   27.9   0.3    2.4  1  sid|6182|pid|4206|hfid|316|sfid|19|gi|532061479|taxonID|43179|Ictidomystridecemlineatus                                                                                                               
      4e-06   28.0   2.3    4.5e-06   27.8   0.3    2.2  1  sid|6161|pid|4190|hfid|316|sfid|19|gi|524930819|taxonID|10036|Mesocricetusauratus                                                                                                                     
    4.2e-06   27.9   0.3    1.7e-05   26.1   0.3    2.1  1  sid|6123|pid|4160|hfid|316|sfid|19|gi|505836509|taxonID|42254|Sorexaraneus                                                                                                                            
    4.2e-06   27.9   5.5      0.047   15.3   0.5    2.6  2  sid|11708|pid|8456|hfid|1370|sfid|347|gb|AFI45010.1|gi|385199924|gb|ERL92317.1|gi|546682375|taxonID|77166|Dendroctonusponderosae                                                                      
    4.8e-06   27.7   0.3    1.9e-05   25.9   0.3    2.1  1  sid|6203|pid|4222|hfid|316|sfid|19|gi|640825238|taxonID|9478|Tarsiussyrichta                                                                                                                          
    5.4e-06   27.6   0.0    1.9e-05   25.9   0.0    2.0  1  sid|97167|pid|73113|hfid|1388|sfid|413|gb|AGT57838.1|gi|531445092|taxonID|7539|Leptinotarsadecemlineata                                                                                               
    5.4e-06   27.6   0.1    1.5e-05   26.2   0.1    1.8  1  sid|80163|pid|58679|hfid|354|sfid|35|emb|CAP30519.2|gi|309360844|taxonID|6238|Caenorhabditisbriggsae                                                                                                  
    5.9e-06   27.4   1.2    4.6e-05   24.7   0.3    2.6  1  sid|6143|pid|4175|hfid|316|sfid|19|gi|602630672|taxonID|176946|Pythonbivittatus                                                                                                                       
      6e-06   27.4   0.5      6e-06   27.4   0.5    2.9  1  sid|6089|pid|4144|hfid|316|sfid|19|dbj|BAA90529.1|gi|6899814|taxonID|8355|Xenopuslaevis                                                                                                               
      6e-06   27.4   0.5      6e-06   27.4   0.5    2.9  1  sid|6090|pid|4144|hfid|316|sfid|19|gi|148222838|taxonID|8355|Xenopuslaevis                                                                                                                            
    6.3e-06   27.3   0.5    6.3e-06   27.3   0.5    2.6  1  sid|11739|pid|8484|hfid|1382|sfid|393|gb|ERL91318.1|gi|546681183|taxonID|77166|Dendroctonusponderosae                                                                                                 
    6.5e-06   27.3   0.5    2.9e-05   25.3   0.3    2.2  1  sid|6151|pid|4182|hfid|316|sfid|19|dbj|BAE20061.1|gi|73760319|taxonID|481883|Eublepharismacularius                                                                                                    
    6.6e-06   27.3   5.5      0.063   15.0   0.5    2.7  2  sid|11709|pid|8457|hfid|1370|sfid|347|gb|ENN70690.1|gi|478250187|taxonID|77166|Dendroctonusponderosae                                                                                                 
    6.8e-06   27.2   0.4    6.8e-06   27.2   0.4    2.8  1  sid|6209|pid|4227|hfid|316|sfid|19|gi|148238050|taxonID|8364|Xenopus(Silurana)tropicalis                                                                                                              
    6.8e-06   27.2   0.4    6.8e-06   27.2   0.4    2.8  1  sid|6210|pid|4227|hfid|316|sfid|19|dbj|BAE93232.1|gi|91754114|taxonID|8364|Xenopus(Silurana)tropicalis                                                                                                
    7.1e-06   27.2   1.9    1.7e-05   26.0   0.3    2.6  1  sid|6184|pid|4208|hfid|316|sfid|19|sp|P22443.1|gi|117295|taxonID|10116|Rattusnorvegicus                                                                                                               
    7.6e-06   27.1   1.2    2.8e-05   25.4   0.4    2.4  1  sid|6298|pid|4291|hfid|316|sfid|19|gi|573881136|taxonID|7918|Lepisosteusoculatus                                                                                                                      
    7.7e-06   27.1   1.9    1.7e-05   26.0   0.3    2.6  1  sid|6185|pid|4208|hfid|316|sfid|19|gi|281182626|taxonID|10116|Rattusnorvegicus                                                                                                                        
    7.8e-06   27.1   0.3    2.5e-05   25.5   0.3    1.9  1  sid|6202|pid|4221|hfid|316|sfid|19|gb|AAP43633.1|gi|31415709|taxonID|9337|Trichosurusvulpecula                                                                                                        
    8.5e-06   26.9   1.5    2.9e-05   25.3   1.5    2.0  1  sid|4935|pid|3317|hfid|1296|sfid|305|gb|AAS13464.1|gi|42398143|taxonID|6984|Diplopterapunctata                                                                                                        
    9.1e-06   26.9   0.2    9.1e-06   26.9   0.2    2.5  1  sid|6201|pid|4220|hfid|316|sfid|19|gi|511868515|taxonID|9669|Mustelaputoriusfuro                                                                                                                      
    9.3e-06   26.8   0.5    9.3e-06   26.8   0.5    2.7  1  sid|6213|pid|4229|hfid|316|sfid|19|gb|AAM95462.1|gi|22475179|taxonID|8319|Pleurodeleswaltl                                                                                                            
    1.1e-05   26.5   0.1    1.1e-05   26.5   0.1    2.7  1  sid|6166|pid|4195|hfid|316|sfid|19|gi|507557568|taxonID|51337|Jaculusjaculus                                                                                                                          
    1.4e-05   26.2   2.8       0.11   14.2   0.3    2.7  2  sid|85278|pid|62969|hfid|225|sfid|6|gi|340723208|taxonID|30195|Bombusterrestris                                                                                                                       
    1.5e-05   26.1   1.2    3.9e-05   24.9   0.2    2.2  1  sid|6191|pid|4212|hfid|316|sfid|19|gi|602686705|taxonID|118797|Lipotesvexillifer                                                                                                                      
    1.7e-05   26.1   0.4    3.4e-05   25.1   0.4    1.5  1  sid|99405|pid|75068|hfid|1282|sfid|301|gb|AGN52764.1|gi|510813186|taxonID|195883|Laodelphaxstriatella                                                                                                 
    1.9e-05   25.9   0.4    1.9e-05   25.9   0.4    3.9  1  sid|6261|pid|4262|hfid|316|sfid|19|sp|Q6QHT9.1|gi|66773993|taxonID|7937|Anguillajaponica                                                                                                              
      2e-05   25.8   0.4    7.8e-05   24.0   0.4    2.1  1  sid|6111|pid|4149|hfid|316|sfid|19|gi|47523920|taxonID|9823|Susscrofa                                                                                                                                 
    2.4e-05   25.5   0.1      9e-05   23.8   0.1    2.0  1  sid|105378|pid|80480|hfid|354|sfid|35|gi|308496309|taxonID|31234|Caenorhabditisremanei                                                                                                                
    2.7e-05   25.4   0.3    2.7e-05   25.4   0.3    3.9  1  sid|6262|pid|4262|hfid|316|sfid|19|gb|AHM63732.1|gi|595583445|taxonID|7936|Anguillaanguilla                                                                                                           
    2.8e-05   25.3   0.4    6.7e-05   24.2   0.4    1.7  1  sid|11387|pid|8179|hfid|1281|sfid|301|gi|170046077|taxonID|7176|Culexquinquefasciatus                                                                                                                 
    2.8e-05   25.3   0.4    6.4e-05   24.2   0.4    1.6  1  sid|11380|pid|8173|hfid|1281|sfid|301|gi|158295296|taxonID|180454|Anophelesgambiaestr.PEST                                                                                                            
    2.9e-05   25.3   0.1    2.9e-05   25.3   0.1    1.9  1  sid|105379|pid|80481|hfid|354|sfid|35|gb|EGT42727.1|gi|341886792|taxonID|135651|Caenorhabditisbrenneri                                                                                                
    2.9e-05   25.3   0.4    6.5e-05   24.2   0.4    1.6  1  sid|11383|pid|8175|hfid|1281|sfid|301|gb|ETN65528.1|gi|568257189|taxonID|43151|Anophelesdarlingi                                                                                                      
    3.4e-05   25.1   0.4      9e-05   23.8   0.4    1.8  1  sid|11402|pid|8194|hfid|1281|sfid|301|gi|557755455|taxonID|7370|Muscadomestica                                                                                                                        
    3.4e-05   25.1   0.5    3.4e-05   25.1   0.5    2.7  1  sid|6126|pid|4163|hfid|316|sfid|19|dbj|BAD12119.1|gi|44886090|taxonID|8330|Cynopspyrrhogaster                                                                                                         
    3.7e-05   25.0   0.2    3.7e-05   25.0   0.2    2.6  1  sid|6122|pid|4159|hfid|316|sfid|19|gi|611969675|taxonID|13616|Monodelphisdomestica                                                                                                                    
    3.7e-05   25.0   0.4    8.4e-05   23.9   0.4    1.6  1  sid|11412|pid|8200|hfid|1281|sfid|301|gi|195455871|taxonID|7260|Drosophilawillistoni                                                                                                                  
    3.7e-05   25.0   0.3     0.0013   20.1   0.1    3.3  1  sid|6390|pid|4356|hfid|316|sfid|19|gb|ABD62880.1|gi|89152376|taxonID|8049|Gadusmorhua                                                                                                                 
    3.8e-05   24.9   0.1    3.8e-05   24.9   0.1    2.5  1  sid|6359|pid|4334|hfid|316|sfid|19|dbj|BAJ19136.1|gi|307548819|taxonID|75329|Misgurnusanguillicaudatus                                                                                                
    3.8e-05   24.9   0.4    8.8e-05   23.8   0.4    1.6  1  sid|11394|pid|8186|hfid|1281|sfid|301|gb|EAT33149.2|gi|403183452|gi|157105917|taxonID|7159|Aedesaegypti                                                                                               
    3.8e-05   24.9   2.4       0.54   12.1   0.2    3.0  2  sid|91911|pid|68598|hfid|225|sfid|6|gi|350418750|taxonID|132113|Bombusimpatiens                                                                                                                       
    3.9e-05   24.9   0.4    8.5e-05   23.9   0.4    1.6  1  sid|11409|pid|8199|hfid|1281|sfid|301|gi|195582799|taxonID|7240|Drosophilasimulans                                                                                                                    
    3.9e-05   24.9   0.2    3.9e-05   24.9   0.2    2.8  1  sid|6183|pid|4207|hfid|316|sfid|19|gi|395503248|taxonID|9305|Sarcophilusharrisii                                                                                                                      
    3.9e-05   24.9   0.4    8.5e-05   23.9   0.4    1.6  1  sid|11389|pid|8181|hfid|1281|sfid|301|gi|195485293|taxonID|7245|Drosophilayakuba                                                                                                                      
      4e-05   24.9   0.4    8.5e-05   23.9   0.4    1.6  1  sid|11411|pid|8199|hfid|1281|sfid|301|gi|195333812|taxonID|7238|Drosophilasechellia                                                                                                                   
      4e-05   24.9   0.4    8.5e-05   23.9   0.4    1.6  1  sid|11410|pid|8199|hfid|1281|sfid|301|gi|19922108|taxonID|7227|Drosophilamelanogaster                                                                                                                 
      4e-05   24.9   0.4    8.5e-05   23.9   0.4    1.6  1  sid|11408|pid|8198|hfid|1281|sfid|301|gi|194883602|taxonID|7220|Drosophilaerecta                                                                                                                      
      4e-05   24.8   0.4    8.6e-05   23.8   0.4    1.6  1  sid|11419|pid|8206|hfid|1281|sfid|301|gi|125810259|taxonID|46245|Drosophilapseudoobscurapseudoobscura                                                                                                 
    4.1e-05   24.8   0.4    8.6e-05   23.8   0.4    1.6  1  sid|11418|pid|8206|hfid|1281|sfid|301|gi|195175401|taxonID|7234|Drosophilapersimilis                                                                                                                  
    4.1e-05   24.8   0.4    8.7e-05   23.8   0.4    1.6  1  sid|11401|pid|8193|hfid|1281|sfid|301|gi|194756494|taxonID|7217|Drosophilaananassae                                                                                                                   
    4.1e-05   24.8   1.7      0.085   14.5   0.1    2.7  2  sid|61575|pid|43624|hfid|596|sfid|76|gi|357506985|taxonID|3880|Medicagotruncatula                                                                                                                     
    4.3e-05   24.8   1.3    0.00019   22.8   0.5    2.4  1  sid|6193|pid|4214|hfid|316|sfid|19|gi|564730659|taxonID|8496|Alligatormississippiensis                                                                                                                
    5.2e-05   24.5   0.2    0.00023   22.5   0.2    2.1  1  sid|6362|pid|4337|hfid|316|sfid|19|gb|ACM51147.1|gi|222433606|taxonID|8153|Haplochromisburtoni                                                                                                        
    5.6e-05   24.4   0.6    0.00021   22.7   0.6    2.0  1  sid|6134|pid|4169|hfid|316|sfid|19|gi|326926613|taxonID|9103|Meleagrisgallopavo                                                                                                                       
    5.8e-05   24.4   1.8    0.00011   23.6   0.2    2.4  1  sid|6147|pid|4179|hfid|316|sfid|19|gb|AAC04699.1|gi|2921280|taxonID|9796|Equuscaballus                                                                                                                
    6.3e-05   24.3   0.3    0.00017   22.9   0.3    1.8  1  sid|6218|pid|4233|hfid|316|sfid|19|gb|EMP29127.1|gi|465960938|taxonID|8469|Cheloniamydas                                                                                                              
    6.6e-05   24.2   0.1     0.0003   22.1   0.1    2.2  1  sid|11815|pid|8536|hfid|360|sfid|39|gi|530382130|taxonID|9606|Homosapiens                                                                                                                             
    6.8e-05   24.2   0.1    0.00033   22.0   0.1    2.2  1  sid|11756|pid|8495|hfid|360|sfid|39|gi|525313655|taxonID|9606|Homosapiens                                                                                                                             
    6.8e-05   24.2   0.1    0.00033   22.0   0.1    2.2  1  sid|11757|pid|8495|hfid|360|sfid|39|dbj|BAH13522.1|gi|221043690|taxonID|9606|Homosapiens                                                                                                              
    6.9e-05   24.1   0.1    0.00035   21.9   0.1    2.3  1  sid|11814|pid|8536|hfid|360|sfid|39|gi|32313587|taxonID|9606|Homosapiens                                                                                                                              
      7e-05   24.1   4.6       0.19   13.5   0.4    2.7  2  sid|10880|pid|7754|hfid|31|sfid|2|gb|EPY78829.1|gi|528759170|taxonID|419612|Camelusferus                                                                                                              
      7e-05   24.1   0.1    0.00033   22.0   0.1    2.2  1  sid|11753|pid|8495|hfid|360|sfid|39|gi|397526685|taxonID|9597|Panpaniscus                                                                                                                             
    7.2e-05   24.1   0.1    0.00033   22.0   0.1    2.2  1  sid|11754|pid|8495|hfid|360|sfid|39|gi|332824336|taxonID|9598|Pantroglodytes                                                                                                                          
    7.2e-05   24.1   0.1    0.00035   21.9   0.1    2.2  1  sid|11759|pid|8497|hfid|360|sfid|39|gi|397526683|taxonID|9597|Panpaniscus                                                                                                                             
    7.3e-05   24.1   0.2    7.3e-05   24.1   0.2    2.5  1  sid|6374|pid|4347|hfid|316|sfid|19|gb|AGN52746.1|gi|510813086|taxonID|111304|Acipenserschrenckii                                                                                                      
    7.3e-05   24.0   0.1    0.00035   21.9   0.1    2.2  1  sid|11812|pid|8536|hfid|360|sfid|39|gb|AAF63329.1|gi|7533024|taxonID|9606|Homosapiens                                                                                                                 
    7.3e-05   24.0   0.1    0.00035   21.9   0.1    2.2  1  sid|11817|pid|8536|hfid|360|sfid|39|gi|114607654|taxonID|9598|Pantroglodytes                                                                                                                          
    7.4e-05   24.0   0.1    0.00033   22.0   0.1    2.2  1  sid|11795|pid|8520|hfid|360|sfid|39|gi|635094648|taxonID|60711|Chlorocebussabaeus                                                                                                                     
    7.5e-05   24.0   0.1    0.00035   21.9   0.1    2.2  1  sid|11764|pid|8500|hfid|360|sfid|39|gi|635094646|taxonID|60711|Chlorocebussabaeus                                                                                                                     
    7.6e-05   24.0   0.3    0.00022   22.6   0.3    1.8  1  sid|6172|pid|4200|hfid|316|sfid|19|gi|641773599|taxonID|8478|Chrysemyspictabellii                                                                                                                     
    7.8e-05   24.0   0.1    0.00033   22.0   0.1    2.1  1  sid|11755|pid|8495|hfid|360|sfid|39|gi|332210329|taxonID|61853|Nomascusleucogenys                                                                                                                     
    7.8e-05   24.0   0.1    0.00035   21.9   0.1    2.2  1  sid|11769|pid|8500|hfid|360|sfid|39|gb|EHH18391.1|gi|355561759|taxonID|9544|Macacamulatta                                                                                                             
    7.9e-05   23.9   0.1    0.00035   21.9   0.1    2.2  1  sid|11760|pid|8497|hfid|360|sfid|39|gi|332210327|taxonID|61853|Nomascusleucogenys                                                                                                                     
      8e-05   23.9   0.1    0.00036   21.9   0.1    2.2  1  sid|11768|pid|8500|hfid|360|sfid|39|gi|402867166|gi|402867168|taxonID|9555|Papioanubis                                                                                                                
    8.2e-05   23.9   0.1    0.00035   21.9   0.1    2.1  1  sid|11767|pid|8500|hfid|360|sfid|39|gi|109071395|gi|302564277|taxonID|9544|Macacamulatta                                                                                                              
    8.2e-05   23.9   0.1    0.00035   21.9   0.1    2.1  1  sid|11766|pid|8500|hfid|360|sfid|39|dbj|BAE73077.1|gi|84579287|taxonID|9541|Macacafascicularis                                                                                                        
    8.4e-05   23.9   1.5    0.00019   22.8   0.2    2.4  1  sid|6148|pid|4179|hfid|316|sfid|19|gi|126352438|taxonID|9796|Equuscaballus|gi|664710193|taxonID|9798|Equusprzewalskii                                                                                 
    8.8e-05   23.8   0.1    0.00035   21.9   0.1    2.1  1  sid|11750|pid|8492|hfid|360|sfid|39|gi|426353406|taxonID|9595|Gorillagorillagorilla                                                                                                                   
    9.7e-05   23.7   0.2    0.00023   22.5   0.2    1.6  1  sid|88683|pid|65849|hfid|373|sfid|49|gi|282721120|taxonID|7070|Triboliumcastaneum                                                                                                                     
    0.00011   23.5   0.5    0.00065   21.1   0.5    2.4  1  sid|6395|pid|4361|hfid|316|sfid|19|gb|ABB89869.1|gi|82754114|taxonID|47969|Oreochromisaureus                                                                                                          
    0.00011   23.5   0.6     0.0007   21.0   0.1    2.5  1  sid|11802|pid|8527|hfid|360|sfid|39|gi|296198313|gi|296198311|taxonID|9483|Callithrixjacchus                                                                                                          
    0.00011   23.5   0.1    0.00047   21.5   0.1    2.1  1  sid|11816|pid|8536|hfid|360|sfid|39|gi|297678267|taxonID|9601|Pongoabelii                                                                                                                             
    0.00011   23.5   8.7    0.00017   22.9   0.2    3.5  2  sid|6324|pid|4305|hfid|316|sfid|19|gb|ABX45102.1|gi|160623513|taxonID|43700|Monopterusalbus                                                                                                           
    0.00011   23.5   0.1    0.00065   21.1   0.1    2.4  1  sid|6287|pid|4283|hfid|316|sfid|19|gb|AAW72732.1|gi|58384768|taxonID|48193|Mugilcephalus                                                                                                              
    0.00012   23.4   0.3    0.00041   21.7   0.3    2.0  1  sid|6207|pid|4225|hfid|316|sfid|19|gi|637342318|taxonID|28377|Anoliscarolinensis                                                                                                                      
    0.00012   23.4   0.5     0.0009   20.7   0.4    2.7  1  sid|6329|pid|4308|hfid|316|sfid|19|gb|AAW23165.1|gi|56698934|taxonID|8078|Fundulusheteroclitus                                                                                                        
    0.00012   23.4   0.4     0.0005   21.5   0.4    2.1  1  sid|6331|pid|4309|hfid|316|sfid|19|gb|AAX55671.1|gi|61744176|taxonID|141886|Paralichthyslethostigma                                                                                                   
    0.00012   23.4   0.4     0.0005   21.5   0.4    2.1  1  sid|6330|pid|4309|hfid|316|sfid|19|dbj|BAA74777.1|gi|4239990|taxonID|8255|Paralichthysolivaceus                                                                                                       
    0.00012   23.3   0.4    0.00098   20.6   0.4    2.6  1  sid|6227|pid|4242|hfid|316|sfid|19|gb|AAV91178.1|gi|56424223|taxonID|304459|Cromileptesaltivelis                                                                                                      
    0.00013   23.3   0.3    0.00028   22.3   0.3    1.6  1  sid|11392|pid|8184|hfid|1281|sfid|301|gi|498944126|taxonID|7213|Ceratitiscapitata                                                                                                                     
    0.00013   23.3   0.1    0.00056   21.3   0.0    2.0  1  sid|12561|pid|9080|hfid|372|sfid|49|gi|557750175|taxonID|7370|Muscadomestica                                                                                                                          
    0.00013   23.3   0.4     0.0009   20.7   0.4    2.5  1  sid|6328|pid|4308|hfid|316|sfid|19|gb|AAR97268.1|gi|40888695|taxonID|8078|Fundulusheteroclitus                                                                                                        
    0.00014   23.2   0.4    0.00014   23.2   0.4    2.1  1  sid|4936|pid|3318|hfid|1296|sfid|305|gi|91079740|taxonID|7070|Triboliumcastaneum                                                                                                                      
    0.00014   23.2   0.7     0.0011   20.4   0.1    2.5  1  sid|2512|pid|1767|hfid|297|sfid|12|gi|195335697|taxonID|7238|Drosophilasechellia                                                                                                                      
    0.00015   23.1   0.4    0.00029   22.2   0.4    1.5  1  sid|11417|pid|8205|hfid|1281|sfid|301|gi|328723316|taxonID|7029|Acyrthosiphonpisum                                                                                                                    
    0.00015   23.1   0.3    0.00031   22.1   0.3    1.6  1  sid|11400|pid|8192|hfid|1281|sfid|301|gi|195383812|taxonID|7244|Drosophilavirilis                                                                                                                     
    0.00015   23.1   0.6    0.00034   22.0   0.6    1.6  1  sid|11420|pid|8207|hfid|1281|sfid|301|gi|350397449|taxonID|132113|Bombusimpatiens                                                                                                                     
    0.00015   23.1   0.2    0.00047   21.5   0.2    1.8  1  sid|6373|pid|4346|hfid|316|sfid|19|gb|ACN70015.1|gi|224925990|taxonID|69293|Gasterosteusaculeatus                                                                                                     
    0.00015   23.0   0.7     0.0012   20.3   0.1    2.5  1  sid|2518|pid|1773|hfid|297|sfid|12|gi|195584707|taxonID|7240|Drosophilasimulans                                                                                                                       
    0.00015   23.0   0.1    0.00038   21.8   0.1    1.7  1  sid|105377|pid|80479|hfid|354|sfid|35|gi|25146185|taxonID|6239|Caenorhabditiselegans                                                                                                                  
    0.00015   23.0   0.3    0.00033   22.0   0.3    1.6  1  sid|11415|pid|8203|hfid|1281|sfid|301|gi|195029583|taxonID|7222|Drosophilagrimshawi                                                                                                                   
    0.00016   23.0   0.4    0.00036   21.9   0.4    1.6  1  sid|11385|pid|8177|hfid|1281|sfid|301|gi|242009930|taxonID|121224|Pediculushumanuscorporis                                                                                                            
    0.00016   23.0   0.4    0.00033   22.0   0.4    1.5  1  sid|11386|pid|8178|hfid|1281|sfid|301|gi|380020219|taxonID|7463|Apisflorea                                                                                                                            
    0.00016   23.0   0.3    0.00033   22.0   0.3    1.5  1  sid|11407|pid|8197|hfid|1281|sfid|301|gi|195121688|taxonID|7230|Drosophilamojavensis                                                                                                                  
    0.00016   23.0   0.4     0.0007   21.0   0.1    2.3  1  sid|11852|pid|8561|hfid|360|sfid|39|gi|403261428|gi|403261430|taxonID|39432|Saimiriboliviensisboliviensis                                                                                             
    0.00016   23.0   0.3    0.00033   22.0   0.3    1.5  1  sid|11388|pid|8180|hfid|1281|sfid|301|gb|ADF87561.1|gi|295291752|taxonID|7263|Drosophilaarizonae                                                                                                      
    0.00017   22.9   5.1    0.00031   22.1   0.2    3.5  1  sid|6361|pid|4336|hfid|316|sfid|19|gb|AGE12465.1|gi|449826723|taxonID|211491|CarassiusauratusxCyprinuscarpioxCarassiuscuvieri                                                                         
    0.00017   22.9   0.3     0.0005   21.5   0.3    1.8  1  sid|95519|pid|71701|hfid|57|sfid|2|gi|602677593|taxonID|176946|Pythonbivittatus                                                                                                                       
    0.00018   22.9   0.4    0.00035   21.9   0.4    1.5  1  sid|11393|pid|8185|hfid|1281|sfid|301|gi|91081457|taxonID|7070|Triboliumcastaneum                                                                                                                     
    0.00018   22.8   0.3    0.00036   21.9   0.3    1.5  1  sid|11406|pid|8196|hfid|1281|sfid|301|gi|665800906|taxonID|69319|Microplitisdemolitor                                                                                                                 
    0.00018   22.8   0.5     0.0012   20.2   0.5    2.5  1  sid|6369|pid|4344|hfid|316|sfid|19|gi|525345423|taxonID|8128|Oreochromisniloticus                                                                                                                     
    0.00018   22.8   0.2    0.00041   21.7   0.2    1.6  1  sid|63997|pid|45576|hfid|295|sfid|12|emb|CAI64834.1|gi|61657667|taxonID|7227|Drosophilamelanogaster                                                                                                   
    0.00019   22.7   0.0    0.00064   21.1   0.0    1.9  1  sid|12559|pid|9078|hfid|372|sfid|49|gi|195120852|taxonID|7230|Drosophilamojavensis                                                                                                                    
    0.00019   22.7   0.5     0.0012   20.2   0.5    2.4  1  sid|6370|pid|4344|hfid|316|sfid|19|gb|AAO62625.1|gi|28933412|taxonID|8128|Oreochromisniloticus                                                                                                        
    0.00019   22.7   5.2     0.0003   22.1   0.2    3.5  1  sid|6398|pid|4363|hfid|316|sfid|19|gb|AFV60023.1|gi|410094583|taxonID|564874|Carassiusauratusssp.Pengze                                                                                               
     0.0002   22.7   0.5     0.0012   20.2   0.5    2.4  1  sid|6403|pid|4365|hfid|316|sfid|19|gb|AAD31031.1|gi|4838538|taxonID|8127|Oreochromismossambicus                                                                                                       
    0.00021   22.6   0.6    0.00021   22.6   0.6    2.6  1  sid|6152|pid|4183|hfid|316|sfid|19|gi|543353895|taxonID|181119|Pseudopodoceshumilis                                                                                                                   
    0.00021   22.6   0.6    0.00021   22.6   0.6    2.6  1  sid|6153|pid|4183|hfid|316|sfid|19|gi|525008718|taxonID|59894|Ficedulaalbicollis                                                                                                                      
    0.00021   22.6   0.6    0.00021   22.6   0.6    2.5  1  sid|6159|pid|4188|hfid|316|sfid|19|gi|115529248|taxonID|59729|Taeniopygiaguttata                                                                                                                      
    0.00021   22.6   0.6    0.00021   22.6   0.6    2.6  1  sid|6174|pid|4202|hfid|316|sfid|19|gi|542148870|taxonID|44394|Zonotrichiaalbicollis                                                                                                                   
    0.00021   22.6   0.6    0.00021   22.6   0.6    2.6  1  sid|6175|pid|4202|hfid|316|sfid|19|gi|543256319|taxonID|48883|Geospizafortis                                                                                                                          
    0.00021   22.6   0.6    0.00021   22.6   0.6    2.6  1  sid|6181|pid|4205|hfid|316|sfid|19|gi|669290470|taxonID|85066|Corvusbrachyrhynchos                                                                                                                    
    0.00021   22.6   0.6    0.00045   21.6   0.6    1.6  1  sid|11381|pid|8174|hfid|1281|sfid|301|gi|340715161|taxonID|30195|Bombusterrestris                                                                                                                     
    0.00021   22.6   0.6    0.00021   22.6   0.6    2.4  1  sid|6162|pid|4191|hfid|316|sfid|19|gi|663255637|taxonID|9244|Calypteanna                                                                                                                              
    0.00021   22.6   0.6    0.00045   21.6   0.6    1.6  1  sid|11382|pid|8174|hfid|1281|sfid|301|gi|350397446|taxonID|132113|Bombusimpatiens                                                                                                                     
    0.00021   22.6   0.0    0.00071   21.0   0.0    1.9  1  sid|65305|pid|46673|hfid|337|sfid|27|gi|658840107|taxonID|8081|Poeciliareticulata                                                                                                                     
    0.00022   22.6   0.2    0.00022   22.6   0.2    2.4  1  sid|6226|pid|4241|hfid|316|sfid|19|gb|AGH69789.1|gi|469663687|taxonID|229290|Anoplopomafimbria                                                                                                        
    0.00022   22.6   0.1    0.00054   21.4   0.1    1.7  1  sid|63988|pid|45572|hfid|295|sfid|12|gi|194900042|taxonID|7220|Drosophilaerecta                                                                                                                       
    0.00022   22.5   0.6    0.00044   21.6   0.6    1.5  1  sid|11413|pid|8201|hfid|1281|sfid|301|gi|572315813|taxonID|7462|Apisdorsata                                                                                                                           
    0.00023   22.5   0.6    0.00045   21.6   0.6    1.5  1  sid|11414|pid|8202|hfid|1281|sfid|301|gi|383855736|taxonID|143995|Megachilerotundata                                                                                                                  
    0.00023   22.5   0.0    0.00061   21.2   0.0    1.8  1  sid|65310|pid|46677|hfid|337|sfid|27|gi|551493301|taxonID|8083|Xiphophorusmaculatus                                                                                                                   
    0.00023   22.5   0.2    0.00023   22.5   0.2    2.9  1  sid|6354|pid|4329|hfid|316|sfid|19|dbj|BAJ65432.1|gi|320118831|taxonID|8238|Thunnusorientalis                                                                                                         
    0.00023   22.5   0.1    0.00054   21.4   0.1    1.7  1  sid|63990|pid|45574|hfid|295|sfid|12|gi|195569749|taxonID|7240|Drosophilasimulans                                                                                                                     
    0.00023   22.5   0.1    0.00054   21.4   0.1    1.7  1  sid|64012|pid|45591|hfid|295|sfid|12|gb|AAM76202.1|gi|21744287|taxonID|7227|Drosophilamelanogaster                                                                                                    
    0.00023   22.5   0.1    0.00054   21.4   0.1    1.7  1  sid|64014|pid|45591|hfid|295|sfid|12|gi|21356685|taxonID|7227|Drosophilamelanogaster                                                                                                                  
    0.00024   22.5   0.1    0.00054   21.4   0.1    1.7  1  sid|64013|pid|45591|hfid|295|sfid|12|gb|AAR88135.1|gi|40646521|taxonID|7227|Drosophilamelanogaster                                                                                                    
    0.00024   22.5   0.5    0.00045   21.6   0.5    1.5  1  sid|11395|pid|8187|hfid|1281|sfid|301|gb|EFN87619.1|gi|307211541|taxonID|610380|Harpegnathossaltator                                                                                                  
    0.00024   22.4   0.3    0.00024   22.4   0.3    2.8  1  sid|6168|pid|4197|hfid|316|sfid|19|gi|591384940|taxonID|8469|Cheloniamydas                                                                                                                            
    0.00025   22.4   0.2    0.00056   21.3   0.2    1.6  1  sid|63995|pid|45576|hfid|295|sfid|12|emb|CAG38967.1|gi|50880290|taxonID|7227|Drosophilamelanogaster                                                                                                   
    0.00025   22.4   0.2    0.00056   21.3   0.2    1.6  1  sid|63993|pid|45576|hfid|295|sfid|12|gi|24648130|taxonID|7227|Drosophilamelanogaster                                                                                                                  
    0.00025   22.4   0.2    0.00056   21.3   0.2    1.6  1  sid|63992|pid|45576|hfid|295|sfid|12|gb|AAL48134.1|gi|17944490|taxonID|7227|Drosophilamelanogaster                                                                                                    
    0.00025   22.4   0.0     0.0011   20.5   0.0    2.1  1  sid|11765|pid|8500|hfid|360|sfid|39|gi|544427565|gi|544427563|gi|544427567|taxonID|9541|Macacafascicularis                                                                                            
    0.00025   22.4   0.2    0.00056   21.3   0.2    1.6  1  sid|63989|pid|45573|hfid|295|sfid|12|gi|195569747|taxonID|7240|Drosophilasimulans                                                                                                                     
    0.00025   22.4   0.2    0.00056   21.3   0.2    1.6  1  sid|63996|pid|45576|hfid|295|sfid|12|emb|CAG38968.1|gi|50880292|taxonID|7227|Drosophilamelanogaster                                                                                                   
    0.00025   22.4   0.2    0.00056   21.3   0.2    1.6  1  sid|64002|pid|45581|hfid|295|sfid|12|gi|194900040|taxonID|7220|Drosophilaerecta                                                                                                                       
    0.00026   22.4   0.3    0.00026   22.4   0.3    2.8  1  sid|6138|pid|4171|hfid|316|sfid|19|gb|AGZ83067.1|gi|556903891|taxonID|27788|Lepidochelysolivacea                                                                                                      
    0.00026   22.4   0.3    0.00026   22.4   0.3    2.9  1  sid|6139|pid|4171|hfid|316|sfid|19|gb|AGW47686.1|gi|545693183|taxonID|27788|Lepidochelysolivacea                                                                                                      
    0.00026   22.4   0.3    0.00026   22.4   0.3    2.9  1  sid|6169|pid|4198|hfid|316|sfid|19|gb|AAG09376.1|gi|9957482|taxonID|34903|Trachemysscripta                                                                                                            
    0.00026   22.4   0.3    0.00026   22.4   0.3    2.9  1  sid|6170|pid|4198|hfid|316|sfid|19|gi|532691798|taxonID|8479|Chrysemyspicta                                                                                                                           
    0.00026   22.4   0.2    0.00056   21.3   0.2    1.6  1  sid|63994|pid|45576|hfid|295|sfid|12|gi|195353713|taxonID|7238|Drosophilasechellia                                                                                                                    
    0.00027   22.3   0.0    0.00064   21.1   0.0    1.7  1  sid|12558|pid|9077|hfid|372|sfid|49|gi|195442238|taxonID|7260|Drosophilawillistoni                                                                                                                    
    0.00027   22.3   0.0    0.00084   20.8   0.0    1.8  1  sid|65324|pid|46688|hfid|337|sfid|27|gi|617400761|taxonID|48698|Poeciliaformosa                                                                                                                       
    0.00027   22.3   0.0    0.00084   20.8   0.0    1.9  1  sid|65322|pid|46686|hfid|337|sfid|27|gi|658840105|taxonID|8081|Poeciliareticulata                                                                                                                     
    0.00027   22.3   0.4    0.00027   22.3   0.4    3.1  1  sid|6349|pid|4325|hfid|316|sfid|19|dbj|BAI44466.1|gi|260763794|taxonID|80970|Amphiprionclarkii                                                                                                        
    0.00028   22.3   0.5     0.0025   19.3   0.2    2.8  1  sid|6270|pid|4268|hfid|316|sfid|19|dbj|BAB82524.1|gi|18147124|taxonID|143350|Pagrusmajor                                                                                                              
    0.00028   22.3   0.3    0.00028   22.3   0.3    2.9  1  sid|6106|pid|4146|hfid|316|sfid|19|gb|AGW47687.1|gi|545693185|taxonID|27788|Lepidochelysolivacea                                                                                                      
    0.00028   22.2   0.0    0.00063   21.2   0.0    1.6  1  sid|12570|pid|9086|hfid|372|sfid|49|gi|195383662|taxonID|7244|Drosophilavirilis                                                                                                                       
    0.00028   22.2   0.3    0.00028   22.2   0.3    2.7  1  sid|6392|pid|4358|hfid|316|sfid|19|dbj|BAD91037.1|gi|61097792|taxonID|48668|Rutilusrutilus                                                                                                            
    0.00028   22.2   0.1     0.0011   20.4   0.1    2.1  1  sid|11836|pid|8550|hfid|360|sfid|39|gi|507924668|taxonID|143302|Condyluracristata                                                                                                                     
    0.00029   22.2   0.5     0.0008   20.8   0.5    1.8  1  sid|6217|pid|4232|hfid|316|sfid|19|sp|P79699.2|gi|21431508|taxonID|93934|Coturnixjaponica                                                                                                             
    0.00029   22.2   0.2     0.0011   20.4   0.2    2.0  1  sid|6141|pid|4173|hfid|316|sfid|19|gi|632938231|taxonID|7868|Callorhinchusmilii                                                                                                                       
    0.00029   22.2   0.4     0.0012   20.3   0.1    2.2  1  sid|2510|pid|1765|hfid|297|sfid|12|gi|194881187|taxonID|7220|Drosophilaerecta                                                                                                                         
    0.00029   22.2   0.2     0.0011   20.4   0.1    2.0  1  sid|2521|pid|1776|hfid|297|sfid|12|gb|AAY55548.1|gi|66772473|gi|221330401|taxonID|7227|Drosophilamelanogaster                                                                                         
     0.0003   22.1   0.3     0.0011   20.5   0.1    2.0  1  sid|2511|pid|1766|hfid|297|sfid|12|gi|195487338|taxonID|7245|Drosophilayakuba                                                                                                                         
     0.0003   22.1   0.2     0.0003   22.1   0.2    3.6  1  sid|6400|pid|4363|hfid|316|sfid|19|gb|AGE12464.1|gi|444792399|taxonID|7957|Carassiusauratus                                                                                                           
     0.0003   22.1   0.2     0.0003   22.1   0.2    3.6  1  sid|6397|pid|4363|hfid|316|sfid|19|dbj|BAA23758.1|gi|2662331|taxonID|7957|Carassiusauratus                                                                                                            
     0.0003   22.1   0.2     0.0003   22.1   0.2    3.6  1  sid|6399|pid|4363|hfid|316|sfid|19|gb|AEX97168.1|gi|372477954|taxonID|7957|Carassiusauratus                                                                                                           
     0.0003   22.1   0.2     0.0003   22.1   0.2    3.6  1  sid|6401|pid|4363|hfid|316|sfid|19|sp|O73686.1|gi|7673981|taxonID|7957|Carassiusauratus                                                                                                               
     0.0003   22.1   0.5     0.0016   19.9   0.5    2.3  1  sid|6333|pid|4311|hfid|316|sfid|19|gi|525344735|taxonID|31033|Takifugurubripes                                                                                                                        
    0.00031   22.1   0.2     0.0025   19.3   0.2    2.6  1  sid|6242|pid|4250|hfid|316|sfid|19|gb|AAV91179.1|gi|56424243|taxonID|8187|Latescalcarifer                                                                                                             
    0.00031   22.1   0.2    0.00031   22.1   0.2    2.8  1  sid|6385|pid|4354|hfid|316|sfid|19|gb|AGE12466.1|gi|444792401|taxonID|543562|Carassiuscarassiusredvar.xCyprinuscarpio                                                                                 
    0.00031   22.1   0.2    0.00031   22.1   0.2    3.0  1  sid|6386|pid|4354|hfid|316|sfid|19|gb|ACB13197.1|gi|170295882|taxonID|7962|Cyprinuscarpio                                                                                                             
    0.00032   22.1   0.0    0.00067   21.1   0.0    1.6  1  sid|12555|pid|9075|hfid|372|sfid|49|gi|195026393|taxonID|7222|Drosophilagrimshawi                                                                                                                     
    0.00032   22.1   0.2     0.0024   19.4   0.2    2.4  1  sid|6249|pid|4256|hfid|316|sfid|19|gb|AFP45764.1|gi|399532016|taxonID|435163|Thamnaconusseptentrionalis                                                                                               
    0.00032   22.0   0.1    0.00092   20.6   0.1    1.8  1  sid|65303|pid|46671|hfid|337|sfid|27|gi|551493299|taxonID|8083|Xiphophorusmaculatus                                                                                                                   
    0.00034   22.0   0.2     0.0025   19.3   0.2    2.6  1  sid|6303|pid|4295|hfid|316|sfid|19|gb|ABK30807.1|gi|116874241|taxonID|219752|Odontesthesbonariensis                                                                                                   
    0.00034   22.0   0.2    0.00096   20.6   0.2    1.7  1  sid|90231|pid|67184|hfid|373|sfid|49|gi|645015254|taxonID|7425|Nasoniavitripennis                                                                                                                     
    0.00034   22.0   0.2     0.0025   19.3   0.2    2.6  1  sid|6276|pid|4274|hfid|316|sfid|19|gi|658840784|taxonID|8081|Poeciliareticulata                                                                                                                       
    0.00034   22.0   0.8    0.00072   21.0   0.8    1.5  1  sid|11405|pid|8195|hfid|1281|sfid|301|dbj|BAM73845.1|gi|433338979|taxonID|7091|Bombyxmori                                                                                                             
    0.00034   22.0   0.1    0.00087   20.7   0.1    1.7  1  sid|8257|pid|5695|hfid|332|sfid|27|gi|585681237|taxonID|28737|Elephantulusedwardii                                                                                                                    
    0.00035   21.9   0.2     0.0025   19.3   0.2    2.5  1  sid|6344|pid|4321|hfid|316|sfid|19|gi|551496486|taxonID|8083|Xiphophorusmaculatus                                                                                                                     
    0.00036   21.9   2.0    0.00065   21.1   0.3    2.2  1  sid|90228|pid|67181|hfid|373|sfid|49|gi|340715177|taxonID|30195|Bombusterrestris                                                                                                                      
    0.00036   21.9   0.3     0.0023   19.4   0.3    2.5  1  sid|6278|pid|4276|hfid|316|sfid|19|gb|AGS14758.1|gi|527478367|taxonID|1084758|Trematocaramarginatum                                                                                                   
    0.00036   21.9   1.1    0.00075   20.9   1.1    1.5  1  sid|11398|pid|8190|hfid|1281|sfid|301|gi|571533529|taxonID|7460|Apismellifera                                                                                                                         
    0.00036   21.9   0.2     0.0025   19.3   0.2    2.5  1  sid|6236|pid|4248|hfid|316|sfid|19|gi|617426301|taxonID|48698|Poeciliaformosa                                                                                                                         
    0.00036   21.9   0.2     0.0025   19.3   0.2    2.5  1  sid|6368|pid|4343|hfid|316|sfid|19|gb|AGN04322.1|gi|508096314|taxonID|30732|Oryziasmelastigma                                                                                                         
    0.00037   21.9   0.2      0.054   15.1   0.1    2.8  2  sid|7458|pid|5133|hfid|326|sfid|24|gb|EPQ05180.1|gi|521023392|taxonID|109478|Myotisbrandtii                                                                                                           
     0.0004   21.8   0.2     0.0011   20.3   0.2    1.8  1  sid|65301|pid|46670|hfid|337|sfid|27|gi|658840112|taxonID|8081|Poeciliareticulata                                                                                                                     
     0.0004   21.8   0.2     0.0025   19.3   0.2    2.5  1  sid|6246|pid|4254|hfid|316|sfid|19|gb|AAS58448.1|gi|45356818|taxonID|215347|Epinephelusakaara                                                                                                         
     0.0004   21.8   0.4     0.0033   18.9   0.4    2.7  1  sid|6391|pid|4357|hfid|316|sfid|19|emb|CAF99837.1|gi|47230644|taxonID|99883|Tetraodonnigroviridis                                                                                                     
     0.0004   21.8   0.2     0.0025   19.3   0.2    2.4  1  sid|6302|pid|4295|hfid|316|sfid|19|gb|ABK41198.1|gi|117574655|taxonID|378430|Odontestheshatcheri                                                                                                      
    0.00042   21.7   0.2     0.0025   19.3   0.2    2.4  1  sid|6356|pid|4331|hfid|316|sfid|19|gb|ABL64075.1|gi|119353108|taxonID|8167|Percaflavescens                                                                                                            
    0.00042   21.7   0.2     0.0015   20.0   0.5    1.8  1  sid|11384|pid|8176|hfid|1281|sfid|301|gi|645015256|taxonID|7425|Nasoniavitripennis                                                                                                                    
    0.00043   21.7   1.0    0.00094   20.6   1.0    1.5  1  sid|11390|pid|8182|hfid|1281|sfid|301|gb|EFZ21337.1|gi|322800333|taxonID|13686|Solenopsisinvicta                                                                                                      
    0.00044   21.6   0.2     0.0018   19.7   0.2    2.1  1  sid|6393|pid|4359|hfid|316|sfid|19|gb|ABD47676.2|gi|95104788|taxonID|72011|Acanthopagrusschlegelii                                                                                                    
    0.00044   21.6   0.2     0.0014   20.1   0.2    1.9  1  sid|6240|pid|4250|hfid|316|sfid|19|gb|AFR23347.1|gi|403084310|taxonID|160731|Mycteropercarosacea                                                                                                      
    0.00044   21.6   0.5     0.0014   20.1   0.5    1.9  1  sid|6158|pid|4187|hfid|316|sfid|19|gb|AAN04475.2|gi|25085761|taxonID|93934|Coturnixjaponica                                                                                                           
    0.00044   21.6   0.4     0.0018   19.8   0.4    2.1  1  sid|6140|pid|4172|hfid|316|sfid|19|gi|48976119|gb|AAA48739.1|gi|211705|taxonID|9031|Gallusgallus                                                                                                      
    0.00044   21.6   0.2     0.0012   20.2   0.2    1.7  1  sid|65302|pid|46670|hfid|337|sfid|27|gi|658840109|taxonID|8081|Poeciliareticulata                                                                                                                     
    0.00044   21.6   0.1     0.0059   18.1   0.1    2.6  1  sid|6337|pid|4315|hfid|316|sfid|19|emb|CAC84575.1|gi|18477218|taxonID|8022|Oncorhynchusmykiss                                                                                                         
    0.00044   21.6   0.4     0.0017   19.8   0.4    2.0  1  sid|6164|pid|4193|hfid|316|sfid|19|gb|AAA48598.1|gi|211170|taxonID|9031|Gallusgallus                                                                                                                  
    0.00045   21.6   0.2     0.0025   19.3   0.2    2.4  1  sid|6358|pid|4333|hfid|316|sfid|19|gb|ACO35041.1|gi|225903786|taxonID|215358|Larimichthyscrocea                                                                                                       
    0.00045   21.6   0.1     0.0019   19.6   0.0    2.0  1  sid|12569|pid|9085|hfid|372|sfid|49|gb|AID61431.1|gi|659106110|taxonID|145453|Calliphorastygia                                                                                                        
    0.00045   21.6   2.2     0.0064   18.0   0.1    3.4  1  sid|6338|pid|4315|hfid|316|sfid|19|emb|CAC84574.1|gi|18477216|taxonID|8022|Oncorhynchusmykiss                                                                                                         
    0.00046   21.6   0.2     0.0025   19.3   0.2    2.3  1  sid|6346|pid|4323|hfid|316|sfid|19|gb|AAL27699.1|gi|16751572|taxonID|8175|Sparusaurata                                                                                                                
    0.00046   21.6   1.2     0.0025   19.3   0.2    2.9  1  sid|6269|pid|4267|hfid|316|sfid|19|gi|523704521|taxonID|8090|Oryziaslatipes                                                                                                                           
    0.00047   21.6   0.2     0.0025   19.3   0.2    2.3  1  sid|6347|pid|4323|hfid|316|sfid|19|gb|ABC70869.1|gi|85541261|taxonID|182642|Rhabdosargussarba                                                                                                         
    0.00047   21.5   0.2     0.0038   18.7   0.2    2.6  1  sid|6299|pid|4292|hfid|316|sfid|19|gb|AHZ08827.1|gi|630867428|taxonID|75038|Scatophagusargus                                                                                                          
    0.00048   21.5   0.1     0.0011   20.4   0.1    1.7  1  sid|56653|pid|40151|hfid|440|sfid|53|gi|568462693|taxonID|936046|Agaricusbisporusvar.bisporusH97                                                                                                      
    0.00048   21.5   1.1     0.0011   20.4   1.1    1.6  1  sid|11416|pid|8204|hfid|1281|sfid|301|gb|ENN80608.1|gi|478261030|taxonID|77166|Dendroctonusponderosae                                                                                                 
    0.00049   21.5   0.0     0.0021   19.6   0.0    2.1  1  sid|65299|pid|46668|hfid|337|sfid|27|gi|432933754|taxonID|8090|Oryziaslatipes                                                                                                                         
     0.0005   21.4   0.6     0.0025   19.3   0.2    2.5  1  sid|6355|pid|4330|hfid|316|sfid|19|gb|AAP23236.1|gi|30259314|taxonID|72011|Acanthopagrusschlegelii                                                                                                    
     0.0005   21.4   0.8     0.0011   20.4   0.8    1.6  1  sid|11403|pid|8195|hfid|1281|sfid|301|gi|512892082|taxonID|7091|Bombyxmori                                                                                                                            
    0.00051   21.4   0.4    0.00051   21.4   0.4    2.3  1  sid|6365|pid|4340|hfid|316|sfid|19|gb|ACI04549.2|gi|242308761|taxonID|98923|Veraspermoseri                                                                                                            
    0.00051   21.4   0.8     0.0011   20.4   0.8    1.6  1  sid|11404|pid|8195|hfid|1281|sfid|301|dbj|BAM73846.1|gi|433338981|taxonID|7091|Bombyxmori                                                                                                             
    0.00051   21.4   0.1     0.0012   20.3   0.1    1.7  1  sid|56652|pid|40151|hfid|440|sfid|53|gi|597989919|taxonID|597362|Agaricusbisporusvar.burnettiiJB137-S8                                                                                                
    0.00052   21.4   0.1        4.9    9.1   0.0    3.0  2  sid|70749|pid|50986|hfid|596|sfid|76|gi|568883573|taxonID|2711|Citrussinensis                                                                                                                         
    0.00052   21.4   0.4     0.0018   19.8   0.0    2.2  1  sid|65325|pid|46689|hfid|337|sfid|27|gi|657582977|taxonID|144197|Stegastespartitus                                                                                                                    
    0.00052   21.4   0.8     0.0011   20.4   0.8    1.5  1  sid|11391|pid|8183|hfid|1281|sfid|301|gb|EHJ78478.1|gi|357630154|taxonID|13037|Danausplexippus                                                                                                        
    0.00054   21.4   0.3     0.0031   19.0   0.3    2.4  1  sid|6309|pid|4300|hfid|316|sfid|19|gb|AGS14773.1|gi|527478397|taxonID|143505|Gnathochromispermaxillaris                                                                                               
    0.00055   21.3   0.2     0.0013   20.1   0.2    1.7  1  sid|63998|pid|45577|hfid|295|sfid|12|gi|194746689|taxonID|7217|Drosophilaananassae                                                                                                                    
    0.00057   21.3   0.1     0.0013   20.2   0.1    1.6  1  sid|56636|pid|40135|hfid|440|sfid|53|gi|169851531|taxonID|240176|Coprinopsiscinereaokayama7#130                                                                                                       
    0.00057   21.3   0.1     0.0024   19.4   0.1    2.1  1  sid|67846|pid|48682|hfid|31|sfid|2|gi|551488262|taxonID|8083|Xiphophorusmaculatus                                                                                                                     
    0.00057   21.3   0.4    0.00057   21.3   0.4    2.4  1  sid|6133|pid|4168|hfid|316|sfid|19|gb|ACN54526.1|gi|224552342|taxonID|8386|Rhinellamarina                                                                                                             
    0.00057   21.3   0.2     0.0074   17.8   0.1    2.9  1  sid|6335|pid|4313|hfid|316|sfid|19|gb|AAU25806.2|gi|62083299|taxonID|1234273|Tachysurusfulvidraco                                                                                                     
    0.00058   21.2   0.1     0.0026   19.2   0.1    2.2  1  sid|67856|pid|48692|hfid|31|sfid|2|gi|658845614|taxonID|8081|Poeciliareticulata                                                                                                                       
    0.00058   21.2   0.5     0.0014   20.1   0.5    1.6  1  sid|90234|pid|67187|hfid|373|sfid|49|gi|665800944|taxonID|69319|Microplitisdemolitor                                                                                                                  
    0.00059   21.2   0.0     0.0015   20.0   0.0    1.6  1  sid|8268|pid|5704|hfid|332|sfid|27|gi|602625830|taxonID|176946|Pythonbivittatus                                                                                                                       
    0.00059   21.2   0.4     0.0026   19.3   0.1    2.2  1  sid|76878|pid|55975|hfid|295|sfid|12|gi|557782239|taxonID|7370|Muscadomestica                                                                                                                         
    0.00062   21.2   0.0     0.0013   20.2   0.0    1.6  1  sid|12556|pid|9076|hfid|372|sfid|49|gi|24652454|taxonID|7227|Drosophilamelanogaster                                                                                                                   
    0.00062   21.2   0.1     0.0026   19.2   0.1    2.1  1  sid|67848|pid|48684|hfid|31|sfid|2|gi|617421853|taxonID|48698|Poeciliaformosa                                                                                                                         
    0.00062   21.2   0.5     0.0022   19.4   0.5    2.0  1  sid|56233|pid|39801|hfid|31|sfid|2|gi|657758113|taxonID|244447|Cynoglossussemilaevis                                                                                                                  
    0.00062   21.2   0.7     0.0048   18.4   0.3    2.8  1  sid|6410|pid|4372|hfid|316|sfid|19|gi|659928133|taxonID|244447|Cynoglossussemilaevis                                                                                                                  
    0.00064   21.1   0.4     0.0021   19.5   0.4    2.0  1  sid|11745|pid|8489|hfid|360|sfid|39|gi|532065615|taxonID|43179|Ictidomystridecemlineatus                                                                                                              
    0.00065   21.1   0.1     0.0026   19.2   0.1    2.1  1  sid|67854|pid|48690|hfid|31|sfid|2|gb|AGN04309.1|gi|508096288|taxonID|30732|Oryziasmelastigma                                                                                                         
    0.00065   21.1   0.0     0.0022   19.5   0.0    2.0  1  sid|11855|pid|8564|hfid|360|sfid|39|gi|507537984|taxonID|51337|Jaculusjaculus                                                                                                                         
    0.00066   21.1   0.5    0.00066   21.1   0.5    2.7  1  sid|6198|pid|4217|hfid|316|sfid|19|gi|558217776|taxonID|13735|Pelodiscussinensis                                                                                                                      
    0.00067   21.1   0.3     0.0023   19.4   0.2    2.0  1  sid|2515|pid|1770|hfid|297|sfid|12|gi|194757928|taxonID|7217|Drosophilaananassae                                                                                                                      
    0.00068   21.0   0.0     0.0015   20.0   0.0    1.5  1  sid|8288|pid|5720|hfid|332|sfid|27|gi|637249172|taxonID|28377|Anoliscarolinensis                                                                                                                      
    0.00068   21.0   0.4     0.0022   19.4   0.4    2.0  1  sid|11845|pid|8557|hfid|360|sfid|39|gi|532065613|taxonID|43179|Ictidomystridecemlineatus                                                                                                              
    0.00071   21.0   0.1      0.011   17.3   0.2    2.6  1  sid|105481|pid|80576|hfid|316|sfid|19|gb|AAH76104.1|gi|49902876|taxonID|7955|Daniorerio                                                                                                               
    0.00071   21.0   0.1     0.0057   18.2   0.1    2.7  1  sid|6241|pid|4250|hfid|316|sfid|19|gb|AAR97601.1|gi|40949963|taxonID|94232|Epinepheluscoioides                                                                                                        
    0.00071   21.0   0.1     0.0026   19.2   0.1    2.0  1  sid|67850|pid|48686|hfid|31|sfid|2|gi|432856167|taxonID|8090|Oryziaslatipes                                                                                                                           
    0.00072   21.0   0.1     0.0026   19.2   0.1    2.0  1  sid|67849|pid|48685|hfid|31|sfid|2|gi|432856165|taxonID|8090|Oryziaslatipes                                                                                                                           
    0.00073   21.0   0.1     0.0024   19.3   0.1    1.9  1  sid|11805|pid|8529|hfid|360|sfid|39|gi|511830248|taxonID|9669|Mustelaputoriusfuro                                                                                                                     
    0.00073   20.9   0.1     0.0025   19.3   0.1    1.9  1  sid|11840|pid|8553|hfid|360|sfid|39|gi|545519329|gi|73973079|gi|545519325|taxonID|9615|Canislupusfamiliaris                                                                                           
    0.00074   20.9   0.0      0.002   19.6   0.0    1.8  1  sid|12573|pid|9089|hfid|372|sfid|49|gi|195153455|taxonID|7234|Drosophilapersimilis                                                                                                                    
    0.00075   20.9   0.0     0.0017   19.8   0.0    1.6  1  sid|8265|pid|5701|hfid|332|sfid|27|gi|327260612|taxonID|28377|Anoliscarolinensis                                                                                                                      
    0.00075   20.9   0.7     0.0031   19.0   0.3    2.2  1  sid|2516|pid|1771|hfid|297|sfid|12|gi|195029745|taxonID|7222|Drosophilagrimshawi                                                                                                                      
    0.00075   20.9   0.0      0.002   19.6   0.0    1.8  1  sid|12567|pid|9083|hfid|372|sfid|49|gi|125811121|gi|482683738|taxonID|46245|Drosophilapseudoobscurapseudoobscura                                                                                      
    0.00076   20.9   0.2    0.00076   20.9   0.2    3.1  1  sid|6231|pid|4245|hfid|316|sfid|19|emb|CAC43178.1|gi|14589321|taxonID|13489|Dicentrarchuslabrax                                                                                                       
    0.00076   20.9   0.2    0.00076   20.9   0.2    3.2  1  sid|6232|pid|4245|hfid|316|sfid|19|emb|CAC21712.1|gi|12227191|taxonID|13489|Dicentrarchuslabrax                                                                                                       
    0.00076   20.9   0.2    0.00076   20.9   0.2    2.7  1  sid|6409|pid|4371|hfid|316|sfid|19|gb|ADB29065.1|gi|283776329|taxonID|143606|Gobiocyprisrarus                                                                                                         
    0.00077   20.9   1.8     0.0016   19.9   0.4    2.3  1  sid|6289|pid|4285|hfid|316|sfid|19|gb|AFM35729.1|gi|390986145|taxonID|435163|Thamnaconusseptentrionalis                                                                                               
    0.00077   20.9   0.1     0.0025   19.3   0.1    1.9  1  sid|11790|pid|8515|hfid|360|sfid|39|gi|511830246|gi|511830250|taxonID|9669|Mustelaputoriusfuro                                                                                                        
     0.0008   20.8   1.3     0.0024   19.4   0.1    2.3  1  sid|90233|pid|67186|hfid|373|sfid|49|gi|328723312|taxonID|7029|Acyrthosiphonpisum                                                                                                                     
    0.00081   20.8   1.0     0.0025   19.3   1.0    1.8  1  sid|12038|pid|8686|hfid|65|sfid|3|gb|ELR58237.1|gi|440908190|taxonID|72004|Bosmutus                                                                                                                   
    0.00081   20.8   0.1      0.004   18.7   0.1    2.3  1  sid|11813|pid|8536|hfid|360|sfid|39|gb|AAH10358.1|gi|14714464|taxonID|9606|Homosapiens                                                                                                                
    0.00082   20.8   0.1     0.0028   19.1   0.1    1.9  1  sid|11786|pid|8512|hfid|360|sfid|39|gi|545519323|gi|545519327|gi|545519320|taxonID|9615|Canislupusfamiliaris                                                                                          
    0.00082   20.8   0.7     0.0049   18.4   0.3    2.6  1  sid|6360|pid|4335|hfid|316|sfid|19|gi|657746469|taxonID|244447|Cynoglossussemilaevis                                                                                                                  
    0.00084   20.8   4.4     0.0038   18.7   0.1    3.3  1  sid|6297|pid|4290|hfid|316|sfid|19|gb|AAY26901.1|gi|63022637|taxonID|8267|Hippoglossushippoglossus                                                                                                    
    0.00084   20.8   0.3     0.0058   18.2   0.3    2.5  1  sid|6266|pid|4265|hfid|316|sfid|19|gb|AGS14762.1|gi|527478375|taxonID|272724|Lamprologuslemairii                                                                                                      
    0.00085   20.7   0.2     0.0072   17.9   0.2    2.7  1  sid|6406|pid|4368|hfid|316|sfid|19|gb|AGQ20431.1|gi|523352565|taxonID|150288|Boleophthalmuspectinirostris                                                                                             
    0.00086   20.7   0.3     0.0058   18.2   0.3    2.5  1  sid|6265|pid|4265|hfid|316|sfid|19|gb|AGS14763.1|gi|527478377|taxonID|32501|Lamprologuscallipterus                                                                                                    
    0.00086   20.7   0.0     0.0024   19.3   0.0    1.7  1  sid|8287|pid|5719|hfid|332|sfid|27|gi|641760778|taxonID|8478|Chrysemyspictabellii                                                                                                                     
    0.00089   20.7   0.3     0.0049   18.4   0.3    2.3  1  sid|6342|pid|4319|hfid|316|sfid|19|gb|ACN39247.2|gi|253801096|taxonID|214486|Sebastesschlegelii                                                                                                       
     0.0009   20.7   0.1     0.0009   20.7   0.1    2.6  1  sid|6253|pid|4258|hfid|316|sfid|19|gb|AAR97602.1|gi|40949965|taxonID|94232|Epinepheluscoioides                                                                                                        
     0.0009   20.7   0.1     0.0009   20.7   0.1    2.8  1  sid|6343|pid|4320|hfid|316|sfid|19|gb|AAV91181.1|gi|56424299|taxonID|304459|Cromileptesaltivelis                                                                                                      
     0.0009   20.7   0.0      0.002   19.6   0.0    1.6  1  sid|12557|pid|9076|hfid|372|sfid|49|gi|195475356|taxonID|7245|Drosophilayakuba                                                                                                                        
     0.0009   20.7   0.1     0.0009   20.7   0.1    3.4  1  sid|6228|pid|4243|hfid|316|sfid|19|gb|AAS58447.1|gi|45356816|taxonID|215347|Epinephelusakaara                                                                                                         
    0.00091   20.7   0.0      0.002   19.6   0.0    1.6  1  sid|12571|pid|9087|hfid|372|sfid|49|gi|194857855|taxonID|7220|Drosophilaerecta                                                                                                                        
    0.00091   20.7   0.4    0.00091   20.7   0.4    2.6  1  sid|6279|pid|4277|hfid|316|sfid|19|gb|ACF60486.1|gi|194396138|taxonID|43700|Monopterusalbus                                                                                                           
    0.00091   20.7   0.4    0.00091   20.7   0.4    2.6  1  sid|6280|pid|4277|hfid|316|sfid|19|gb|ABX45101.1|gi|160623511|taxonID|43700|Monopterusalbus                                                                                                           
    0.00092   20.6   0.0      0.002   19.6   0.0    1.6  1  sid|12566|pid|9082|hfid|372|sfid|49|gb|AAL68266.1|gi|18447404|taxonID|7227|Drosophilamelanogaster                                                                                                     
    0.00092   20.6   0.0      0.002   19.6   0.0    1.6  1  sid|12565|pid|9082|hfid|372|sfid|49|gi|28573913|taxonID|7227|Drosophilamelanogaster                                                                                                                   
    0.00093   20.6   0.5        1.5   10.7   0.0    2.5  2  sid|84890|pid|62632|hfid|595|sfid|76|emb|CBI30230.3|gi|297740048|taxonID|29760|Vitisvinifera                                                                                                          
    0.00093   20.6   0.0      0.002   19.6   0.0    1.6  1  sid|12564|pid|9082|hfid|372|sfid|49|gi|195333145|taxonID|7238|Drosophilasechellia                                                                                                                     
    0.00093   20.6   0.0      0.002   19.6   0.0    1.6  1  sid|12563|pid|9082|hfid|372|sfid|49|gi|195582198|taxonID|7240|Drosophilasimulans                                                                                                                      
    0.00094   20.6   0.3     0.0042   18.6   0.3    2.1  1  sid|6310|pid|4301|hfid|316|sfid|19|gb|AGS14766.1|gi|527478383|taxonID|27731|Aulonocranusdewindti                                                                                                      
    0.00095   20.6   0.3     0.0042   18.6   0.3    2.1  1  sid|6311|pid|4301|hfid|316|sfid|19|gb|AGS14765.1|gi|527478381|taxonID|68046|Ophthalmotilapianasuta                                                                                                    
    0.00095   20.6   0.0     0.0021   19.6   0.0    1.6  1  sid|12568|pid|9084|hfid|372|sfid|49|gi|194757956|taxonID|7217|Drosophilaananassae                                                                                                                     
    0.00097   20.6   0.0      0.013   17.0   0.1    2.6  1  sid|6263|pid|4263|hfid|316|sfid|19|dbj|BAD91038.1|gi|61097794|taxonID|48668|Rutilusrutilus                                                                                                            
    0.00098   20.6   0.3     0.0042   18.6   0.3    2.1  1  sid|6345|pid|4322|hfid|316|sfid|19|gb|AGS14755.1|gi|527478361|taxonID|559345|Xenotilapiamelanogenys                                                                                                   
      0.001   20.5   0.3     0.0042   18.6   0.3    2.1  1  sid|6312|pid|4301|hfid|316|sfid|19|gb|AGS14764.1|gi|527478379|taxonID|27755|Ophthalmotilapiaventralis                                                                                                 


Domain annotation for each sequence (and alignments):
>> sid|75248|pid|54607|hfid|349|sfid|33|gi|308460667|taxonID|31234|Caenorhabditisremanei  
   #    score  bias  c-Evalue  i-Evalue hmmfrom  hmm to    alifrom  ali to    envfrom  env to     acc
 ---   ------ ----- --------- --------- ------- -------    ------- -------    ------- -------    ----
   1 !   17.6   0.4     6e-05    0.0085       4      32 ..     292     319 ..     289     320 .. 0.81
   2 !   17.6   0.4     6e-05    0.0085       4      32 ..     605     632 ..     602     633 .. 0.81

  Alignments for each domain:
  == domain 1  score: 17.6 bits;  conditional E-value: 6e-05
                                                                     Round3_FinalIHelix   4 aeglalllfiagletisnsllsslLfyll 32 
                                                                                            ++ +++ l+ ag et+sn+l+ slL+ ll
  sid|75248|pid|54607|hfid|349|sfid|33|gi|308460667|taxonID|31234|Caenorhabditisremanei 292 DSVCFD-LWVAGMETTSNTLYWSLLYVLL 319
                                                                                            466755.5*************99999886 PP

  == domain 2  score: 17.6 bits;  conditional E-value: 6e-05
                                                                     Round3_FinalIHelix   4 aeglalllfiagletisnsllsslLfyll 32 
                                                                                            ++ +++ l+ ag et+sn+l+ slL+ ll
  sid|75248|pid|54607|hfid|349|sfid|33|gi|308460667|taxonID|31234|Caenorhabditisremanei 605 DSVCFD-LWVAGMETTSNTLYWSLLYVLL 632
                                                                                            466755.5*************99999886 PP

>> sid|6214|pid|4230|hfid|316|sfid|19|gb|AAH56258.1|gi|33604018|taxonID|9606|Homosapiens  
   #    score  bias  c-Evalue  i-Evalue hmmfrom  hmm to    alifrom  ali to    envfrom  env to     acc
 ---   ------ ----- --------- --------- ------- -------    ------- -------    ------- -------    ----
   1 !   31.4   0.2   2.2e-09   3.1e-07       2      32 ..     294     323 ..     293     324 .. 0.92

  Alignments for each domain:
  == domain 1  score: 31.4 bits;  conditional E-value: 2.2e-09
                                                                     Round3_FinalIHelix   2 keaeglalllfiagletisnsllsslLfyll 32 
                                                                                            +++++++l+++ia+++t+s+sl +++Lf ++
  sid|6214|pid|4230|hfid|316|sfid|19|gb|AAH56258.1|gi|33604018|taxonID|9606|Homosapiens 294 ENVNQCILEMLIAAPDTMSVSL-FFMLFLIA 323
                                                                                            789*******************.6****987 PP

>> sid|6215|pid|4230|hfid|316|sfid|19|gb|AAH20767.1|gi|116283623|taxonID|9606|Homosapiens  
   #    score  bias  c-Evalue  i-Evalue hmmfrom  hmm to    alifrom  ali to    envfrom  env to     acc
 ---   ------ ----- --------- --------- ------- -------    ------- -------    ------- -------    ----
   1 !   31.4   0.2   2.2e-09   3.1e-07       2      32 ..     294     323 ..     293     324 .. 0.92

  Alignments for each domain:
  == domain 1  score: 31.4 bits;  conditional E-value: 2.2e-09
                                                                      Round3_FinalIHelix   2 keaeglalllfiagletisnsllsslLfyll 32 
                                                                                             +++++++l+++ia+++t+s+sl +++Lf ++
  sid|6215|pid|4230|hfid|316|sfid|19|gb|AAH20767.1|gi|116283623|taxonID|9606|Homosapiens 294 ENVNQCILEMLIAAPDTMSVSL-FFMLFLIA 323
                                                                                             789*******************.6****987 PP

>> sid|6197|pid|4216|hfid|316|sfid|19|gi|532007179|taxonID|79684|Microtusochrogaster  
   #    score  bias  c-Evalue  i-Evalue hmmfrom  hmm to    alifrom  ali to    envfrom  env to     acc
 ---   ------ ----- --------- --------- ------- -------    ------- -------    ------- -------    ----
   1 !   28.6   0.3   1.8e-08   2.6e-06       2      30 ..     294     322 ..     292     324 .. 0.84

  Alignments for each domain:
  == domain 1  score: 28.6 bits;  conditional E-value: 1.8e-08
                                                                 Round3_FinalIHelix   2 keaeglalllfiagletisnsllsslLfy 30 
                                                                                        +++++++l+++ia+++t+s++l+++lL++
  sid|6197|pid|4216|hfid|316|sfid|19|gi|532007179|taxonID|79684|Microtusochrogaster 294 ENVNQCILEMLIAAPDTMSVTLYFMLLLI 322
                                                                                        577*******************9666654 PP

>> sid|6163|pid|4192|hfid|316|sfid|19|gi|635135801|taxonID|60711|Chlorocebussabaeus  
   #    score  bias  c-Evalue  i-Evalue hmmfrom  hmm to    alifrom  ali to    envfrom  env to     acc
 ---   ------ ----- --------- --------- ------- -------    ------- -------    ------- -------    ----
   1 !   31.2   0.2   2.6e-09   3.7e-07       2      32 ..     199     228 ..     198     229 .. 0.92

  Alignments for each domain:
  == domain 1  score: 31.2 bits;  conditional E-value: 2.6e-09
                                                                Round3_FinalIHelix   2 keaeglalllfiagletisnsllsslLfyll 32 
                                                                                       +++++++l+++ia+++t+s+sl +++Lf ++
  sid|6163|pid|4192|hfid|316|sfid|19|gi|635135801|taxonID|60711|Chlorocebussabaeus 199 ENVNQCILEMLIAAPDTMSVSL-FFMLFLIA 228
                                                                                       789*******************.6****987 PP

>> sid|6103|pid|4145|hfid|316|sfid|19|gi|567315997|taxonID|9541|Macacafascicularis  
   #    score  bias  c-Evalue  i-Evalue hmmfrom  hmm to    alifrom  ali to    envfrom  env to     acc
 ---   ------ ----- --------- --------- ------- -------    ------- -------    ------- -------    ----
   1 !   30.8   0.2   3.4e-09   4.9e-07       2      32 ..     294     323 ..     293     324 .. 0.92

  Alignments for each domain:
  == domain 1  score: 30.8 bits;  conditional E-value: 3.4e-09
                                                               Round3_FinalIHelix   2 keaeglalllfiagletisnsllsslLfyll 32 
                                                                                      +++++++l+++ia+++t+s+sl +++Lf ++
  sid|6103|pid|4145|hfid|316|sfid|19|gi|567315997|taxonID|9541|Macacafascicularis 294 ENVNQCILEMLIAAPDTMSVSL-FFMLFLIA 323
                                                                                      789*******************.6****987 PP

>> sid|6096|pid|4145|hfid|316|sfid|19|emb|CAL38062.1|gi|117645192|taxonID|32630|syntheticconstruct  
   #    score  bias  c-Evalue  i-Evalue hmmfrom  hmm to    alifrom  ali to    envfrom  env to     acc
 ---   ------ ----- --------- --------- ------- -------    ------- -------    ------- -------    ----
   1 !   30.8   0.2   3.4e-09   4.9e-07       2      32 ..     294     323 ..     293     324 .. 0.92

  Alignments for each domain:
  == domain 1  score: 30.8 bits;  conditional E-value: 3.4e-09
                                                                               Round3_FinalIHelix   2 keaeglalllfiagletisnsllsslLfyll 32 
                                                                                                      +++++++l+++ia+++t+s+sl +++Lf ++
  sid|6096|pid|4145|hfid|316|sfid|19|emb|CAL38062.1|gi|117645192|taxonID|32630|syntheticconstruct 294 ENVNQCILEMLIAAPDTMSVSL-FFMLFLIA 323
                                                                                                      789*******************.6****987 PP

>> sid|6204|pid|4223|hfid|316|sfid|19|gi|530405451|taxonID|9606|Homosapiens  
   #    score  bias  c-Evalue  i-Evalue hmmfrom  hmm to    alifrom  ali to    envfrom  env to     acc
 ---   ------ ----- --------- --------- ------- -------    ------- -------    ------- -------    ----
   1 !   31.0   0.2   2.9e-09   4.1e-07       2      32 ..     235     264 ..     234     265 .. 0.92

  Alignments for each domain:
  == domain 1  score: 31.0 bits;  conditional E-value: 2.9e-09
                                                        Round3_FinalIHelix   2 keaeglalllfiagletisnsllsslLfyll 32 
                                                                               +++++++l+++ia+++t+s+sl +++Lf ++
  sid|6204|pid|4223|hfid|316|sfid|19|gi|530405451|taxonID|9606|Homosapiens 235 ENVNQCILEMLIAAPDTMSVSL-FFMLFLIA 264
                                                                               789*******************.6****987 PP

>> sid|6188|pid|4210|hfid|316|sfid|19|gi|507674554|taxonID|9371|Echinopstelfairi  
   #    score  bias  c-Evalue  i-Evalue hmmfrom  hmm to    alifrom  ali to    envfrom  env to     acc
 ---   ------ ----- --------- --------- ------- -------    ------- -------    ------- -------    ----
   1 !   29.4   0.2   9.8e-09   1.4e-06       2      32 ..     294     323 ..     292     324 .. 0.91

  Alignments for each domain:
  == domain 1  score: 29.4 bits;  conditional E-value: 9.8e-09
                                                             Round3_FinalIHelix   2 keaeglalllfiagletisnsllsslLfyll 32 
                                                                                    +++++++l+++ia+++t+s+s+ +++Lf ++
  sid|6188|pid|4210|hfid|316|sfid|19|gi|507674554|taxonID|9371|Echinopstelfairi 294 ENVNQCILEMLIAAPDTMSVSV-FFMLFLIA 323
                                                                                    577*******************.6****987 PP

>> sid|6100|pid|4145|hfid|316|sfid|19|gi|114657064|taxonID|9598|Pantroglodytes  
   #    score  bias  c-Evalue  i-Evalue hmmfrom  hmm to    alifrom  ali to    envfrom  env to     acc
 ---   ------ ----- --------- --------- ------- -------    ------- -------    ------- -------    ----
   1 !   30.8   0.2   3.4e-09   4.9e-07       2      32 ..     294     323 ..     293     324 .. 0.92

  Alignments for each domain:
  == domain 1  score: 30.8 bits;  conditional E-value: 3.4e-09
                                                           Round3_FinalIHelix   2 keaeglalllfiagletisnsllsslLfyll 32 
                                                                                  +++++++l+++ia+++t+s+sl +++Lf ++
  sid|6100|pid|4145|hfid|316|sfid|19|gi|114657064|taxonID|9598|Pantroglodytes 294 ENVNQCILEMLIAAPDTMSVSL-FFMLFLIA 323
                                                                                  789*******************.6****987 PP

>> sid|6094|pid|4145|hfid|316|sfid|19|gb|AAZ23558.1|gi|71084088|taxonID|9606|Homosapiens  
   #    score  bias  c-Evalue  i-Evalue hmmfrom  hmm to    alifrom  ali to    envfrom  env to     acc
 ---   ------ ----- --------- --------- ------- -------    ------- -------    ------- -------    ----
   1 !   30.8   0.2   3.4e-09   4.9e-07       2      32 ..     294     323 ..     293     324 .. 0.92

  Alignments for each domain:
  == domain 1  score: 30.8 bits;  conditional E-value: 3.4e-09
                                                                     Round3_FinalIHelix   2 keaeglalllfiagletisnsllsslLfyll 32 
                                                                                            +++++++l+++ia+++t+s+sl +++Lf ++
  sid|6094|pid|4145|hfid|316|sfid|19|gb|AAZ23558.1|gi|71084088|taxonID|9606|Homosapiens 294 ENVNQCILEMLIAAPDTMSVSL-FFMLFLIA 323
                                                                                            789*******************.6****987 PP

>> sid|6104|pid|4145|hfid|316|sfid|19|gb|AAH35959.1|gi|23271165|taxonID|9606|Homosapiens  
   #    score  bias  c-Evalue  i-Evalue hmmfrom  hmm to    alifrom  ali to    envfrom  env to     acc
 ---   ------ ----- --------- --------- ------- -------    ------- -------    ------- -------    ----
   1 !   30.8   0.2   3.4e-09   4.9e-07       2      32 ..     294     323 ..     293     324 .. 0.92

  Alignments for each domain:
  == domain 1  score: 30.8 bits;  conditional E-value: 3.4e-09
                                                                     Round3_FinalIHelix   2 keaeglalllfiagletisnsllsslLfyll 32 
                                                                                            +++++++l+++ia+++t+s+sl +++Lf ++
  sid|6104|pid|4145|hfid|316|sfid|19|gb|AAH35959.1|gi|23271165|taxonID|9606|Homosapiens 294 ENVNQCILEMLIAAPDTMSVSL-FFMLFLIA 323
                                                                                            789*******************.6****987 PP

>> sid|6105|pid|4145|hfid|316|sfid|19|emb|CAL37411.1|gi|117646592|taxonID|32630|syntheticconstruct  
   #    score  bias  c-Evalue  i-Evalue hmmfrom  hmm to    alifrom  ali to    envfrom  env to     acc
 ---   ------ ----- --------- --------- ------- -------    ------- -------    ------- -------    ----
   1 !   30.8   0.2   3.4e-09   4.9e-07       2      32 ..     294     323 ..     293     324 .. 0.92

  Alignments for each domain:
  == domain 1  score: 30.8 bits;  conditional E-value: 3.4e-09
                                                                               Round3_FinalIHelix   2 keaeglalllfiagletisnsllsslLfyll 32 
                                                                                                      +++++++l+++ia+++t+s+sl +++Lf ++
  sid|6105|pid|4145|hfid|316|sfid|19|emb|CAL37411.1|gi|117646592|taxonID|32630|syntheticconstruct 294 ENVNQCILEMLIAAPDTMSVSL-FFMLFLIA 323
                                                                                                      789*******************.6****987 PP

>> sid|6091|pid|4145|hfid|316|sfid|19|dbj|BAF84467.1|gi|158256988|taxonID|9606|Homosapiens  
   #    score  bias  c-Evalue  i-Evalue hmmfrom  hmm to    alifrom  ali to    envfrom  env to     acc
 ---   ------ ----- --------- --------- ------- -------    ------- -------    ------- -------    ----
   1 !   30.8   0.2   3.4e-09   4.9e-07       2      32 ..     294     323 ..     293     324 .. 0.92

  Alignments for each domain:
  == domain 1  score: 30.8 bits;  conditional E-value: 3.4e-09
                                                                       Round3_FinalIHelix   2 keaeglalllfiagletisnsllsslLfyll 32 
                                                                                              +++++++l+++ia+++t+s+sl +++Lf ++
  sid|6091|pid|4145|hfid|316|sfid|19|dbj|BAF84467.1|gi|158256988|taxonID|9606|Homosapiens 294 ENVNQCILEMLIAAPDTMSVSL-FFMLFLIA 323
                                                                                              789*******************.6****987 PP

>> sid|6098|pid|4145|hfid|316|sfid|19|gb|AAA52141.1|gi|181288|gb|AAA52132.1|gi|181213|taxonID|9606|Homosapiens  
   #    score  bias  c-Evalue  i-Evalue hmmfrom  hmm to    alifrom  ali to    envfrom  env to     acc
 ---   ------ ----- --------- --------- ------- -------    ------- -------    ------- -------    ----
   1 !   30.8   0.2   3.4e-09   4.9e-07       2      32 ..     294     323 ..     293     324 .. 0.92

  Alignments for each domain:
  == domain 1  score: 30.8 bits;  conditional E-value: 3.4e-09
                                                                                           Round3_FinalIHelix   2 keaeglalllfiagletisnsllsslLfyll 32 
                                                                                                                  +++++++l+++ia+++t+s+sl +++Lf ++
  sid|6098|pid|4145|hfid|316|sfid|19|gb|AAA52141.1|gi|181288|gb|AAA52132.1|gi|181213|taxonID|9606|Homosapiens 294 ENVNQCILEMLIAAPDTMSVSL-FFMLFLIA 323
                                                                                                                  789*******************.6****987 PP

>> sid|6093|pid|4145|hfid|316|sfid|19|gi|13904858|gi|404312987|gi|404312988|gi|218766731|gi|390136177|gi|390136176|pdb|4GL5(A)|pdb|4GL7(A)|pdb|3EQM(A)|pdb|3S7S(A)|pdb|3S79(A)|taxonID|9606|Homosapiens  
   #    score  bias  c-Evalue  i-Evalue hmmfrom  hmm to    alifrom  ali to    envfrom  env to     acc
 ---   ------ ----- --------- --------- ------- -------    ------- -------    ------- -------    ----
   1 !   30.8   0.2   3.4e-09   4.9e-07       2      32 ..     294     323 ..     293     324 .. 0.92

  Alignments for each domain:
  == domain 1  score: 30.8 bits;  conditional E-value: 3.4e-09
                                                                                                                                                                                    Round3_FinalIHelix   2 keaeglalllfiagletisnsllsslLfyll 32 
                                                                                                                                                                                                           +++++++l+++ia+++t+s+sl +++Lf ++
  sid|6093|pid|4145|hfid|316|sfid|19|gi|13904858|gi|404312987|gi|404312988|gi|218766731|gi|390136177|gi|390136176|pdb|4GL5(A)|pdb|4GL7(A)|pdb|3EQM(A)|pdb|3S7S(A)|pdb|3S79(A)|taxonID|9606|Homosapiens 294 ENVNQCILEMLIAAPDTMSVSL-FFMLFLIA 323
                                                                                                                                                                                                           789*******************.6****987 PP

>> sid|6099|pid|4145|hfid|316|sfid|19|gi|426379075|taxonID|9595|Gorillagorillagorilla  
   #    score  bias  c-Evalue  i-Evalue hmmfrom  hmm to    alifrom  ali to    envfrom  env to     acc
 ---   ------ ----- --------- --------- ------- -------    ------- -------    ------- -------    ----
   1 !   30.8   0.2   3.4e-09   4.9e-07       2      32 ..     294     323 ..     293     324 .. 0.92

  Alignments for each domain:
  == domain 1  score: 30.8 bits;  conditional E-value: 3.4e-09
                                                                  Round3_FinalIHelix   2 keaeglalllfiagletisnsllsslLfyll 32 
                                                                                         +++++++l+++ia+++t+s+sl +++Lf ++
  sid|6099|pid|4145|hfid|316|sfid|19|gi|426379075|taxonID|9595|Gorillagorillagorilla 294 ENVNQCILEMLIAAPDTMSVSL-FFMLFLIA 323
                                                                                         789*******************.6****987 PP

>> sid|6101|pid|4145|hfid|316|sfid|19|gb|ABB76809.1|gi|82468904|taxonID|9541|Macacafascicularis|gi|402874306|taxonID|9555|Papioanubis  
   #    score  bias  c-Evalue  i-Evalue hmmfrom  hmm to    alifrom  ali to    envfrom  env to     acc
 ---   ------ ----- --------- --------- ------- -------    ------- -------    ------- -------    ----
   1 !   30.8   0.2   3.4e-09   4.9e-07       2      32 ..     294     323 ..     293     324 .. 0.92

  Alignments for each domain:
  == domain 1  score: 30.8 bits;  conditional E-value: 3.4e-09
                                                                                                                  Round3_FinalIHelix   2 keaeglalllfiagletisnsllsslLfyll 32 
                                                                                                                                         +++++++l+++ia+++t+s+sl +++Lf ++
  sid|6101|pid|4145|hfid|316|sfid|19|gb|ABB76809.1|gi|82468904|taxonID|9541|Macacafascicularis|gi|402874306|taxonID|9555|Papioanubis 294 ENVNQCILEMLIAAPDTMSVSL-FFMLFLIA 323
                                                                                                                                         789*******************.6****987 PP

>> sid|6095|pid|4145|hfid|316|sfid|19|emb|CAA31929.1|gi|28847|taxonID|9606|Homosapiens  
   #    score  bias  c-Evalue  i-Evalue hmmfrom  hmm to    alifrom  ali to    envfrom  env to     acc
 ---   ------ ----- --------- --------- ------- -------    ------- -------    ------- -------    ----
   1 !   30.8   0.2   3.4e-09   4.9e-07       2      32 ..     294     323 ..     293     324 .. 0.92

  Alignments for each domain:
  == domain 1  score: 30.8 bits;  conditional E-value: 3.4e-09
                                                                   Round3_FinalIHelix   2 keaeglalllfiagletisnsllsslLfyll 32 
                                                                                          +++++++l+++ia+++t+s+sl +++Lf ++
  sid|6095|pid|4145|hfid|316|sfid|19|emb|CAA31929.1|gi|28847|taxonID|9606|Homosapiens 294 ENVNQCILEMLIAAPDTMSVSL-FFMLFLIA 323
                                                                                          789*******************.6****987 PP

>> sid|6092|pid|4145|hfid|316|sfid|19|gi|297696649|taxonID|9601|Pongoabelii  
   #    score  bias  c-Evalue  i-Evalue hmmfrom  hmm to    alifrom  ali to    envfrom  env to     acc
 ---   ------ ----- --------- --------- ------- -------    ------- -------    ------- -------    ----
   1 !   30.8   0.2   3.4e-09   4.9e-07       2      32 ..     294     323 ..     293     324 .. 0.92

  Alignments for each domain:
  == domain 1  score: 30.8 bits;  conditional E-value: 3.4e-09
                                                        Round3_FinalIHelix   2 keaeglalllfiagletisnsllsslLfyll 32 
                                                                               +++++++l+++ia+++t+s+sl +++Lf ++
  sid|6092|pid|4145|hfid|316|sfid|19|gi|297696649|taxonID|9601|Pongoabelii 294 ENVNQCILEMLIAAPDTMSVSL-FFMLFLIA 323
                                                                               789*******************.6****987 PP

>> sid|6097|pid|4145|hfid|316|sfid|19|gb|AAI07786.1|gi|78070747|taxonID|9606|Homosapiens  
   #    score  bias  c-Evalue  i-Evalue hmmfrom  hmm to    alifrom  ali to    envfrom  env to     acc
 ---   ------ ----- --------- --------- ------- -------    ------- -------    ------- -------    ----
   1 !   30.8   0.2   3.4e-09   4.9e-07       2      32 ..     294     323 ..     293     324 .. 0.92

  Alignments for each domain:
  == domain 1  score: 30.8 bits;  conditional E-value: 3.4e-09
                                                                     Round3_FinalIHelix   2 keaeglalllfiagletisnsllsslLfyll 32 
                                                                                            +++++++l+++ia+++t+s+sl +++Lf ++
  sid|6097|pid|4145|hfid|316|sfid|19|gb|AAI07786.1|gi|78070747|taxonID|9606|Homosapiens 294 ENVNQCILEMLIAAPDTMSVSL-FFMLFLIA 323
                                                                                            789*******************.6****987 PP

>> sid|6119|pid|4156|hfid|316|sfid|19|gi|578826655|gi|532137988|gb|AAA35556.1|gi|179000|pdb|4KQ8(A)|taxonID|9606|Homosapiens  
   #    score  bias  c-Evalue  i-Evalue hmmfrom  hmm to    alifrom  ali to    envfrom  env to     acc
 ---   ------ ----- --------- --------- ------- -------    ------- -------    ------- -------    ----
   1 !   30.9   0.2   3.2e-09   4.5e-07       2      32 ..     260     289 ..     259     290 .. 0.92

  Alignments for each domain:
  == domain 1  score: 30.9 bits;  conditional E-value: 3.2e-09
                                                                                                         Round3_FinalIHelix   2 keaeglalllfiagletisnsllsslLfyll 32 
                                                                                                                                +++++++l+++ia+++t+s+sl +++Lf ++
  sid|6119|pid|4156|hfid|316|sfid|19|gi|578826655|gi|532137988|gb|AAA35556.1|gi|179000|pdb|4KQ8(A)|taxonID|9606|Homosapiens 260 ENVNQCILEMLIAAPDTMSVSL-FFMLFLIA 289
                                                                                                                                789*******************.6****987 PP

>> sid|6179|pid|4204|hfid|316|sfid|19|gi|27805827|taxonID|9913|Bostaurus  
   #    score  bias  c-Evalue  i-Evalue hmmfrom  hmm to    alifrom  ali to    envfrom  env to     acc
 ---   ------ ----- --------- --------- ------- -------    ------- -------    ------- -------    ----
   1 !   29.5   0.2   9.1e-09   1.3e-06       2      32 ..     294     323 ..     293     324 .. 0.92

  Alignments for each domain:
  == domain 1  score: 29.5 bits;  conditional E-value: 9.1e-09
                                                     Round3_FinalIHelix   2 keaeglalllfiagletisnsllsslLfyll 32 
                                                                            +++++++l+++ia+++t+s+s+ +++Lf ++
  sid|6179|pid|4204|hfid|316|sfid|19|gi|27805827|taxonID|9913|Bostaurus 294 ENVNQCILEMLIAAPDTMSVSV-FFMLFLIA 323
                                                                            789*******************.6****987 PP

>> sid|6113|pid|4151|hfid|316|sfid|19|gi|507679185|taxonID|10160|Octodondegus  
   #    score  bias  c-Evalue  i-Evalue hmmfrom  hmm to    alifrom  ali to    envfrom  env to     acc
 ---   ------ ----- --------- --------- ------- -------    ------- -------    ------- -------    ----
   1 !   28.7   0.2   1.7e-08   2.3e-06       2      32 ..     294     323 ..     293     324 .. 0.92

  Alignments for each domain:
  == domain 1  score: 28.7 bits;  conditional E-value: 1.7e-08
                                                          Round3_FinalIHelix   2 keaeglalllfiagletisnsllsslLfyll 32 
                                                                                 +++++++l+++ia+++t+s+s++ ++Lf ++
  sid|6113|pid|4151|hfid|316|sfid|19|gi|507679185|taxonID|10160|Octodondegus 294 ENVNQCILEMLIAAPDTMSVSVY-FMLFLIA 323
                                                                                 789*******************9.99**987 PP

>> sid|6125|pid|4162|hfid|316|sfid|19|gi|348572276|taxonID|10141|Caviaporcellus  
   #    score  bias  c-Evalue  i-Evalue hmmfrom  hmm to    alifrom  ali to    envfrom  env to     acc
 ---   ------ ----- --------- --------- ------- -------    ------- -------    ------- -------    ----
   1 !   28.5   0.2   1.9e-08   2.6e-06       2      32 ..     294     323 ..     293     324 .. 0.92

  Alignments for each domain:
  == domain 1  score: 28.5 bits;  conditional E-value: 1.9e-08
                                                            Round3_FinalIHelix   2 keaeglalllfiagletisnsllsslLfyll 32 
                                                                                   +++++++l+++ia+++t+s++++ ++Lf ++
  sid|6125|pid|4162|hfid|316|sfid|19|gi|348572276|taxonID|10141|Caviaporcellus 294 ENVNQCILEMLIAAPDTMSVTVY-FMLFLIA 323
                                                                                   789*******************9.99**987 PP

>> sid|6160|pid|4189|hfid|316|sfid|19|gi|617641981|taxonID|9365|Erinaceuseuropaeus  
   #    score  bias  c-Evalue  i-Evalue hmmfrom  hmm to    alifrom  ali to    envfrom  env to     acc
 ---   ------ ----- --------- --------- ------- -------    ------- -------    ------- -------    ----
   1 !   30.7   0.2   3.7e-09   5.2e-07       2      32 ..     294     323 ..     292     324 .. 0.91

  Alignments for each domain:
  == domain 1  score: 30.7 bits;  conditional E-value: 3.7e-09
                                                               Round3_FinalIHelix   2 keaeglalllfiagletisnsllsslLfyll 32 
                                                                                      +++++++l+++ia+++t+s+sl +++Lf ++
  sid|6160|pid|4189|hfid|316|sfid|19|gi|617641981|taxonID|9365|Erinaceuseuropaeus 294 ENVNQCILEMLIAAPDTMSVSL-FFMLFLIA 323
                                                                                      577*******************.6****987 PP

>> sid|6107|pid|4147|hfid|316|sfid|19|gi|602686701|taxonID|118797|Lipotesvexillifer  
   #    score  bias  c-Evalue  i-Evalue hmmfrom  hmm to    alifrom  ali to    envfrom  env to     acc
 ---   ------ ----- --------- --------- ------- -------    ------- -------    ------- -------    ----
   1 !   29.5   0.2   9.1e-09   1.3e-06       2      32 ..     294     323 ..     293     324 .. 0.92

  Alignments for each domain:
  == domain 1  score: 29.5 bits;  conditional E-value: 9.1e-09
                                                                Round3_FinalIHelix   2 keaeglalllfiagletisnsllsslLfyll 32 
                                                                                       +++++++l+++ia+++t+s+s+ +++Lf ++
  sid|6107|pid|4147|hfid|316|sfid|19|gi|602686701|taxonID|118797|Lipotesvexillifer 294 ENVNQCILEMLIAAPDTMSVSV-FFMLFLIA 323
                                                                                       789*******************.6****987 PP

>> sid|6177|pid|4204|hfid|316|sfid|19|gb|AAA62244.1|gi|625061|taxonID|9913|Bostaurus  
   #    score  bias  c-Evalue  i-Evalue hmmfrom  hmm to    alifrom  ali to    envfrom  env to     acc
 ---   ------ ----- --------- --------- ------- -------    ------- -------    ------- -------    ----
   1 !   29.5   0.2   9.1e-09   1.3e-06       2      32 ..     294     323 ..     293     324 .. 0.92

  Alignments for each domain:
  == domain 1  score: 29.5 bits;  conditional E-value: 9.1e-09
                                                                 Round3_FinalIHelix   2 keaeglalllfiagletisnsllsslLfyll 32 
                                                                                        +++++++l+++ia+++t+s+s+ +++Lf ++
  sid|6177|pid|4204|hfid|316|sfid|19|gb|AAA62244.1|gi|625061|taxonID|9913|Bostaurus 294 ENVNQCILEMLIAAPDTMSVSV-FFMLFLIA 323
                                                                                        789*******************.6****987 PP

>> sid|6178|pid|4204|hfid|316|sfid|19|gi|555977142|taxonID|72004|Bosmutus  
   #    score  bias  c-Evalue  i-Evalue hmmfrom  hmm to    alifrom  ali to    envfrom  env to     acc
 ---   ------ ----- --------- --------- ------- -------    ------- -------    ------- -------    ----
   1 !   29.5   0.2   9.1e-09   1.3e-06       2      32 ..     294     323 ..     293     324 .. 0.92

  Alignments for each domain:
  == domain 1  score: 29.5 bits;  conditional E-value: 9.1e-09
                                                      Round3_FinalIHelix   2 keaeglalllfiagletisnsllsslLfyll 32 
                                                                             +++++++l+++ia+++t+s+s+ +++Lf ++
  sid|6178|pid|4204|hfid|316|sfid|19|gi|555977142|taxonID|72004|Bosmutus 294 ENVNQCILEMLIAAPDTMSVSV-FFMLFLIA 323
                                                                             789*******************.6****987 PP

>> sid|6180|pid|4204|hfid|316|sfid|19|gi|296483078|taxonID|9913|Bostaurus  
   #    score  bias  c-Evalue  i-Evalue hmmfrom  hmm to    alifrom  ali to    envfrom  env to     acc
 ---   ------ ----- --------- --------- ------- -------    ------- -------    ------- -------    ----
   1 !   29.5   0.2   9.1e-09   1.3e-06       2      32 ..     294     323 ..     293     324 .. 0.92

  Alignments for each domain:
  == domain 1  score: 29.5 bits;  conditional E-value: 9.1e-09
                                                      Round3_FinalIHelix   2 keaeglalllfiagletisnsllsslLfyll 32 
                                                                             +++++++l+++ia+++t+s+s+ +++Lf ++
  sid|6180|pid|4204|hfid|316|sfid|19|gi|296483078|taxonID|9913|Bostaurus 294 ENVNQCILEMLIAAPDTMSVSV-FFMLFLIA 323
                                                                             789*******************.6****987 PP

>> sid|6131|pid|4166|hfid|316|sfid|19|gi|595763331|taxonID|89462|Bubalusbubalis  
   #    score  bias  c-Evalue  i-Evalue hmmfrom  hmm to    alifrom  ali to    envfrom  env to     acc
 ---   ------ ----- --------- --------- ------- -------    ------- -------    ------- -------    ----
   1 !   29.5   0.2   9.1e-09   1.3e-06       2      32 ..     294     323 ..     293     324 .. 0.92

  Alignments for each domain:
  == domain 1  score: 29.5 bits;  conditional E-value: 9.1e-09
                                                            Round3_FinalIHelix   2 keaeglalllfiagletisnsllsslLfyll 32 
                                                                                   +++++++l+++ia+++t+s+s+ +++Lf ++
  sid|6131|pid|4166|hfid|316|sfid|19|gi|595763331|taxonID|89462|Bubalusbubalis 294 ENVNQCILEMLIAAPDTMSVSV-FFMLFLIA 323
                                                                                   789*******************.6****987 PP

>> sid|6110|pid|4148|hfid|316|sfid|19|gi|488541242|taxonID|9361|Dasypusnovemcinctus  
   #    score  bias  c-Evalue  i-Evalue hmmfrom  hmm to    alifrom  ali to    envfrom  env to     acc
 ---   ------ ----- --------- --------- ------- -------    ------- -------    ------- -------    ----
   1 !   29.6   0.2   8.5e-09   1.2e-06       2      32 ..     294     323 ..     292     324 .. 0.91

  Alignments for each domain:
  == domain 1  score: 29.6 bits;  conditional E-value: 8.5e-09
                                                                Round3_FinalIHelix   2 keaeglalllfiagletisnsllsslLfyll 32 
                                                                                       +++++++l+++ia+++t+s+s+ +++Lf ++
  sid|6110|pid|4148|hfid|316|sfid|19|gi|488541242|taxonID|9361|Dasypusnovemcinctus 294 ENVNQCILEMLIAAPDTMSVSV-FFMLFLIA 323
                                                                                       577*******************.6****987 PP

>> sid|6130|pid|4166|hfid|316|sfid|19|gb|ABD64825.2|gi|117582069|taxonID|89462|Bubalusbubalis  
   #    score  bias  c-Evalue  i-Evalue hmmfrom  hmm to    alifrom  ali to    envfrom  env to     acc
 ---   ------ ----- --------- --------- ------- -------    ------- -------    ------- -------    ----
   1 !   29.5   0.2   9.1e-09   1.3e-06       2      32 ..     294     323 ..     293     324 .. 0.92

  Alignments for each domain:
  == domain 1  score: 29.5 bits;  conditional E-value: 9.1e-09
                                                                          Round3_FinalIHelix   2 keaeglalllfiagletisnsllsslLfyll 32 
                                                                                                 +++++++l+++ia+++t+s+s+ +++Lf ++
  sid|6130|pid|4166|hfid|316|sfid|19|gb|ABD64825.2|gi|117582069|taxonID|89462|Bubalusbubalis 294 ENVNQCILEMLIAAPDTMSVSV-FFMLFLIA 323
                                                                                                 789*******************.6****987 PP

>> sid|6128|pid|4165|hfid|316|sfid|19|gb|AAB61696.1|gi|1762231|taxonID|9823|Susscrofa  
   #    score  bias  c-Evalue  i-Evalue hmmfrom  hmm to    alifrom  ali to    envfrom  env to     acc
 ---   ------ ----- --------- --------- ------- -------    ------- -------    ------- -------    ----
   1 !   29.8   0.2     7e-09   9.9e-07       2      32 ..     145     174 ..     143     175 .. 0.91

  Alignments for each domain:
  == domain 1  score: 29.8 bits;  conditional E-value: 7e-09
                                                                  Round3_FinalIHelix   2 keaeglalllfiagletisnsllsslLfyll 32 
                                                                                         +++++++l+++ia+++t+s+++ +++Lf ++
  sid|6128|pid|4165|hfid|316|sfid|19|gb|AAB61696.1|gi|1762231|taxonID|9823|Susscrofa 145 ENVNQCILEMLIAAPDTMSVTV-FFMLFLIA 174
                                                                                         577*******************.6****987 PP

>> sid|6199|pid|4218|hfid|316|sfid|19|gi|556769427|taxonID|59538|Pantholopshodgsonii  
   #    score  bias  c-Evalue  i-Evalue hmmfrom  hmm to    alifrom  ali to    envfrom  env to     acc
 ---   ------ ----- --------- --------- ------- -------    ------- -------    ------- -------    ----
   1 !   29.4   0.2   9.8e-09   1.4e-06       2      32 ..     294     323 ..     292     324 .. 0.91

  Alignments for each domain:
  == domain 1  score: 29.4 bits;  conditional E-value: 9.8e-09
                                                                 Round3_FinalIHelix   2 keaeglalllfiagletisnsllsslLfyll 32 
                                                                                        +++++++l+++ia+++t+s+s+ +++Lf ++
  sid|6199|pid|4218|hfid|316|sfid|19|gi|556769427|taxonID|59538|Pantholopshodgsonii 294 ENVNQCILEMLIAAPDTMSVSV-FFMLFLIA 323
                                                                                        577*******************.6****987 PP

>> sid|6129|pid|4166|hfid|316|sfid|19|gi|172088165|taxonID|9940|Ovisaries  
   #    score  bias  c-Evalue  i-Evalue hmmfrom  hmm to    alifrom  ali to    envfrom  env to     acc
 ---   ------ ----- --------- --------- ------- -------    ------- -------    ------- -------    ----
   1 !   29.4   0.2   9.8e-09   1.4e-06       2      32 ..     294     323 ..     292     324 .. 0.91

  Alignments for each domain:
  == domain 1  score: 29.4 bits;  conditional E-value: 9.8e-09
                                                      Round3_FinalIHelix   2 keaeglalllfiagletisnsllsslLfyll 32 
                                                                             +++++++l+++ia+++t+s+s+ +++Lf ++
  sid|6129|pid|4166|hfid|316|sfid|19|gi|172088165|taxonID|9940|Ovisaries 294 ENVNQCILEMLIAAPDTMSVSV-FFMLFLIA 323
                                                                             577*******************.6****987 PP

>> sid|6220|pid|4235|hfid|316|sfid|19|gb|EHB17936.1|gi|351715017|taxonID|10181|Heterocephalusglaber  
   #    score  bias  c-Evalue  i-Evalue hmmfrom  hmm to    alifrom  ali to    envfrom  env to     acc
 ---   ------ ----- --------- --------- ------- -------    ------- -------    ------- -------    ----
   1 !   29.4   0.2   9.7e-09   1.4e-06       2      32 ..     101     130 ..     100     131 .. 0.92

  Alignments for each domain:
  == domain 1  score: 29.4 bits;  conditional E-value: 9.7e-09
                                                                                Round3_FinalIHelix   2 keaeglalllfiagletisnsllsslLfyll 32 
                                                                                                       +++++++l+++ia+++t+s++++ ++Lf ++
  sid|6220|pid|4235|hfid|316|sfid|19|gb|EHB17936.1|gi|351715017|taxonID|10181|Heterocephalusglaber 101 ENVNQCILEMLIAAPDTMSVTVY-FMLFLIA 130
                                                                                                       789*******************9.99**987 PP

>> sid|6173|pid|4201|hfid|316|sfid|19|gb|AAC48731.1|gi|1762362|gi|47523916|taxonID|9823|Susscrofa  
   #    score  bias  c-Evalue  i-Evalue hmmfrom  hmm to    alifrom  ali to    envfrom  env to     acc
 ---   ------ ----- --------- --------- ------- -------    ------- -------    ------- -------    ----
   1 !   29.2   0.2   1.1e-08   1.6e-06       2      32 ..     294     323 ..     292     324 .. 0.91

  Alignments for each domain:
  == domain 1  score: 29.2 bits;  conditional E-value: 1.1e-08
                                                                              Round3_FinalIHelix   2 keaeglalllfiagletisnsllsslLfyll 32 
                                                                                                     +++++++l+++ia+++t+s+++ +++Lf ++
  sid|6173|pid|4201|hfid|316|sfid|19|gb|AAC48731.1|gi|1762362|gi|47523916|taxonID|9823|Susscrofa 294 ENVNQCILEMLIAAPDTMSVTV-FFMLFLIA 323
                                                                                                     577*******************.6****987 PP

>> sid|6136|pid|4170|hfid|316|sfid|19|gi|558112604|taxonID|59463|Myotislucifugus  
   #    score  bias  c-Evalue  i-Evalue hmmfrom  hmm to    alifrom  ali to    envfrom  env to     acc
 ---   ------ ----- --------- --------- ------- -------    ------- -------    ------- -------    ----
   1 !   28.9   0.2   1.4e-08     2e-06       2      32 ..     295     324 ..     294     325 .. 0.92

  Alignments for each domain:
  == domain 1  score: 28.9 bits;  conditional E-value: 1.4e-08
                                                             Round3_FinalIHelix   2 keaeglalllfiagletisnsllsslLfyll 32 
                                                                                    +++++++l+++ia+++t+s+s+ +++Lf ++
  sid|6136|pid|4170|hfid|316|sfid|19|gi|558112604|taxonID|59463|Myotislucifugus 295 ENVNQCILEMLIAAPDTMSVSV-FFMLFLIS 324
                                                                                    789*******************.6****986 PP

>> sid|6135|pid|4170|hfid|316|sfid|19|gi|554538646|taxonID|109478|Myotisbrandtii  
   #    score  bias  c-Evalue  i-Evalue hmmfrom  hmm to    alifrom  ali to    envfrom  env to     acc
 ---   ------ ----- --------- --------- ------- -------    ------- -------    ------- -------    ----
   1 !   28.9   0.2   1.4e-08     2e-06       2      32 ..     295     324 ..     294     325 .. 0.92

  Alignments for each domain:
  == domain 1  score: 28.9 bits;  conditional E-value: 1.4e-08
                                                             Round3_FinalIHelix   2 keaeglalllfiagletisnsllsslLfyll 32 
                                                                                    +++++++l+++ia+++t+s+s+ +++Lf ++
  sid|6135|pid|4170|hfid|316|sfid|19|gi|554538646|taxonID|109478|Myotisbrandtii 295 ENVNQCILEMLIAAPDTMSVSV-FFMLFLIS 324
                                                                                    789*******************.6****986 PP

>> sid|6108|pid|4147|hfid|316|sfid|19|sp|Q69FB6.1|gi|54035752|taxonID|90246|Lagenorhynchusacutus  
   #    score  bias  c-Evalue  i-Evalue hmmfrom  hmm to    alifrom  ali to    envfrom  env to     acc
 ---   ------ ----- --------- --------- ------- -------    ------- -------    ------- -------    ----
   1 !   29.0   0.1   1.3e-08   1.8e-06       2      32 ..     294     323 ..     292     324 .. 0.90

  Alignments for each domain:
  == domain 1  score: 29.0 bits;  conditional E-value: 1.3e-08
                                                                             Round3_FinalIHelix   2 keaeglalllfiagletisnsllsslLfyll 32 
                                                                                                    +++++++l+++ia+++t+s+s+ +++Lf ++
  sid|6108|pid|4147|hfid|316|sfid|19|sp|Q69FB6.1|gi|54035752|taxonID|90246|Lagenorhynchusacutus 294 ENVDQCILEMLIAAPDTMSVSV-FFMLFLIA 323
                                                                                                    577*******************.6****987 PP

>> sid|6146|pid|4178|hfid|316|sfid|19|gi|594633993|taxonID|310752|Balaenopteraacutorostratascammoni  
   #    score  bias  c-Evalue  i-Evalue hmmfrom  hmm to    alifrom  ali to    envfrom  env to     acc
 ---   ------ ----- --------- --------- ------- -------    ------- -------    ------- -------    ----
   1 !   29.5   0.2   9.1e-09   1.3e-06       2      32 ..     294     323 ..     293     324 .. 0.92

  Alignments for each domain:
  == domain 1  score: 29.5 bits;  conditional E-value: 9.1e-09
                                                                                Round3_FinalIHelix   2 keaeglalllfiagletisnsllsslLfyll 32 
                                                                                                       +++++++l+++ia+++t+s+s+ +++Lf ++
  sid|6146|pid|4178|hfid|316|sfid|19|gi|594633993|taxonID|310752|Balaenopteraacutorostratascammoni 294 ENVNQCILEMLIAAPDTMSVSV-FFMLFLIA 323
                                                                                                       789*******************.6****987 PP

>> sid|98551|pid|74295|hfid|316|sfid|19|gi|556996999|taxonID|7897|Latimeriachalumnae  
   #    score  bias  c-Evalue  i-Evalue hmmfrom  hmm to    alifrom  ali to    envfrom  env to     acc
 ---   ------ ----- --------- --------- ------- -------    ------- -------    ------- -------    ----
   1 ?    4.2   0.0       1.3   1.8e+02       7      23 ..       1      17 [.       1      21 [. 0.90
   2 !   24.1   0.2   4.9e-07   6.9e-05       2      32 ..     294     323 ..     293     324 .. 0.91

  Alignments for each domain:
  == domain 1  score: 4.2 bits;  conditional E-value: 1.3
                                                                 Round3_FinalIHelix  7 lalllfiagletisnsl 23
                                                                                       + +++f+ +++++sn++
  sid|98551|pid|74295|hfid|316|sfid|19|gi|556996999|taxonID|7897|Latimeriachalumnae  1 MMMDVFNPVQHNSSNVM 17
                                                                                       569************98 PP

  == domain 2  score: 24.1 bits;  conditional E-value: 4.9e-07
                                                                 Round3_FinalIHelix   2 keaeglalllfiagletisnsllsslLfyll 32 
                                                                                        +++ ++ l+++iag++t+s++l + +L+ ++
  sid|98551|pid|74295|hfid|316|sfid|19|gi|556996999|taxonID|7897|Latimeriachalumnae 294 ENVQQCLLEMLIAGPDTMSVTL-FYMLMLVA 323
                                                                                        7889******************.699*9886 PP

>> sid|6154|pid|4184|hfid|316|sfid|19|gi|593767741|taxonID|9755|Physetercatodon  
   #    score  bias  c-Evalue  i-Evalue hmmfrom  hmm to    alifrom  ali to    envfrom  env to     acc
 ---   ------ ----- --------- --------- ------- -------    ------- -------    ------- -------    ----
   1 !   29.5   0.2   9.1e-09   1.3e-06       2      32 ..     294     323 ..     293     324 .. 0.92

  Alignments for each domain:
  == domain 1  score: 29.5 bits;  conditional E-value: 9.1e-09
                                                            Round3_FinalIHelix   2 keaeglalllfiagletisnsllsslLfyll 32 
                                                                                   +++++++l+++ia+++t+s+s+ +++Lf ++
  sid|6154|pid|4184|hfid|316|sfid|19|gi|593767741|taxonID|9755|Physetercatodon 294 ENVNQCILEMLIAAPDTMSVSV-FFMLFLIA 323
                                                                                   789*******************.6****987 PP

>> sid|6087|pid|4142|hfid|316|sfid|19|gi|585191461|taxonID|9713|Leptonychotesweddellii  
   #    score  bias  c-Evalue  i-Evalue hmmfrom  hmm to    alifrom  ali to    envfrom  env to     acc
 ---   ------ ----- --------- --------- ------- -------    ------- -------    ------- -------    ----
   1 !   29.7   0.2   7.8e-09   1.1e-06       2      32 ..     235     264 ..     234     265 .. 0.92

  Alignments for each domain:
  == domain 1  score: 29.7 bits;  conditional E-value: 7.8e-09
                                                                   Round3_FinalIHelix   2 keaeglalllfiagletisnsllsslLfyll 32 
                                                                                          +++++++l+++ia+++t+s+s+ +++Lf ++
  sid|6087|pid|4142|hfid|316|sfid|19|gi|585191461|taxonID|9713|Leptonychotesweddellii 235 ENVNQCILEMLIAAPDTMSVSV-FFMLFLIA 264
                                                                                          789*******************.6****987 PP

>> sid|6109|pid|4147|hfid|316|sfid|19|gi|466065682|taxonID|9733|Orcinusorca  
   #    score  bias  c-Evalue  i-Evalue hmmfrom  hmm to    alifrom  ali to    envfrom  env to     acc
 ---   ------ ----- --------- --------- ------- -------    ------- -------    ------- -------    ----
   1 !   29.0   0.1   1.3e-08   1.8e-06       2      32 ..     294     323 ..     292     324 .. 0.90

  Alignments for each domain:
  == domain 1  score: 29.0 bits;  conditional E-value: 1.3e-08
                                                        Round3_FinalIHelix   2 keaeglalllfiagletisnsllsslLfyll 32 
                                                                               +++++++l+++ia+++t+s+s+ +++Lf ++
  sid|6109|pid|4147|hfid|316|sfid|19|gi|466065682|taxonID|9733|Orcinusorca 294 ENVDQCILEMLIAAPDTMSVSV-FFMLFLIA 323
                                                                               577*******************.6****987 PP

>> sid|6137|pid|4170|hfid|316|sfid|19|gi|584071514|taxonID|225400|Myotisdavidii  
   #    score  bias  c-Evalue  i-Evalue hmmfrom  hmm to    alifrom  ali to    envfrom  env to     acc
 ---   ------ ----- --------- --------- ------- -------    ------- -------    ------- -------    ----
   1 !   28.9   0.2   1.4e-08     2e-06       2      32 ..     295     324 ..     294     325 .. 0.92

  Alignments for each domain:
  == domain 1  score: 28.9 bits;  conditional E-value: 1.4e-08
                                                            Round3_FinalIHelix   2 keaeglalllfiagletisnsllsslLfyll 32 
                                                                                   +++++++l+++ia+++t+s+s+ +++Lf ++
  sid|6137|pid|4170|hfid|316|sfid|19|gi|584071514|taxonID|225400|Myotisdavidii 295 ENVNQCILEMLIAAPDTMSVSV-FFMLFLIS 324
                                                                                   789*******************.6****986 PP

>> sid|6114|pid|4152|hfid|316|sfid|19|gi|634832367|taxonID|1230840|Orycteropusaferafer  
   #    score  bias  c-Evalue  i-Evalue hmmfrom  hmm to    alifrom  ali to    envfrom  env to     acc
 ---   ------ ----- --------- --------- ------- -------    ------- -------    ------- -------    ----
   1 !   29.4   0.2   9.8e-09   1.4e-06       2      32 ..     294     323 ..     292     324 .. 0.91

  Alignments for each domain:
  == domain 1  score: 29.4 bits;  conditional E-value: 9.8e-09
                                                                   Round3_FinalIHelix   2 keaeglalllfiagletisnsllsslLfyll 32 
                                                                                          +++++++l+++ia+++t+s+s+ +++Lf ++
  sid|6114|pid|4152|hfid|316|sfid|19|gi|634832367|taxonID|1230840|Orycteropusaferafer 294 ENVNQCILEMLIAAPDTMSVSV-FFMLFLIA 323
                                                                                          577*******************.6****987 PP

>> sid|6142|pid|4174|hfid|316|sfid|19|gi|56790279|taxonID|9615|Canislupusfamiliaris  
   #    score  bias  c-Evalue  i-Evalue hmmfrom  hmm to    alifrom  ali to    envfrom  env to     acc
 ---   ------ ----- --------- --------- ------- -------    ------- -------    ------- -------    ----
   1 !   29.5   0.2   9.1e-09   1.3e-06       2      32 ..     294     323 ..     293     324 .. 0.92

  Alignments for each domain:
  == domain 1  score: 29.5 bits;  conditional E-value: 9.1e-09
                                                                Round3_FinalIHelix   2 keaeglalllfiagletisnsllsslLfyll 32 
                                                                                       +++++++l+++ia+++t+s+s+ +++Lf ++
  sid|6142|pid|4174|hfid|316|sfid|19|gi|56790279|taxonID|9615|Canislupusfamiliaris 294 ENVNQCILEMLIAAPDTMSVSV-FFMLFLIA 323
                                                                                       789*******************.6****987 PP

>> sid|6088|pid|4143|hfid|316|sfid|19|gi|472353902|taxonID|9708|Odobenusrosmarusdivergens  
   #    score  bias  c-Evalue  i-Evalue hmmfrom  hmm to    alifrom  ali to    envfrom  env to     acc
 ---   ------ ----- --------- --------- ------- -------    ------- -------    ------- -------    ----
   1 !   29.5   0.2   9.1e-09   1.3e-06       2      32 ..     294     323 ..     293     324 .. 0.92

  Alignments for each domain:
  == domain 1  score: 29.5 bits;  conditional E-value: 9.1e-09
                                                                      Round3_FinalIHelix   2 keaeglalllfiagletisnsllsslLfyll 32 
                                                                                             +++++++l+++ia+++t+s+s+ +++Lf ++
  sid|6088|pid|4143|hfid|316|sfid|19|gi|472353902|taxonID|9708|Odobenusrosmarusdivergens 294 ENVNQCILEMLIAAPDTMSVSV-FFMLFLIA 323
                                                                                             789*******************.6****987 PP

>> sid|6205|pid|4224|hfid|316|sfid|19|gb|ADU04379.1|gi|315307950|taxonID|191816|Lynxpardinus  
   #    score  bias  c-Evalue  i-Evalue hmmfrom  hmm to    alifrom  ali to    envfrom  env to     acc
 ---   ------ ----- --------- --------- ------- -------    ------- -------    ------- -------    ----
   1 !   29.6   0.2   8.4e-09   1.2e-06       2      32 ..     235     264 ..     233     265 .. 0.91

  Alignments for each domain:
  == domain 1  score: 29.6 bits;  conditional E-value: 8.4e-09
                                                                         Round3_FinalIHelix   2 keaeglalllfiagletisnsllsslLfyll 32 
                                                                                                +++++++l+++ia+++t+s+s+ +++Lf ++
  sid|6205|pid|4224|hfid|316|sfid|19|gb|ADU04379.1|gi|315307950|taxonID|191816|Lynxpardinus 235 ENVNQCILEMLIAAPDTMSVSV-FFMLFLIA 264
                                                                                                577*******************.6****987 PP

>> sid|6206|pid|4224|hfid|316|sfid|19|gi|586988968|taxonID|9685|Feliscatus  
   #    score  bias  c-Evalue  i-Evalue hmmfrom  hmm to    alifrom  ali to    envfrom  env to     acc
 ---   ------ ----- --------- --------- ------- -------    ------- -------    ------- -------    ----
   1 !   29.6   0.2   8.4e-09   1.2e-06       2      32 ..     235     264 ..     233     265 .. 0.91

  Alignments for each domain:
  == domain 1  score: 29.6 bits;  conditional E-value: 8.4e-09
                                                       Round3_FinalIHelix   2 keaeglalllfiagletisnsllsslLfyll 32 
                                                                              +++++++l+++ia+++t+s+s+ +++Lf ++
  sid|6206|pid|4224|hfid|316|sfid|19|gi|586988968|taxonID|9685|Feliscatus 235 ENVNQCILEMLIAAPDTMSVSV-FFMLFLIA 264
                                                                              577*******************.6****987 PP

>> sid|6157|pid|4186|hfid|316|sfid|19|gi|344297770|taxonID|9785|Loxodontaafricana  
   #    score  bias  c-Evalue  i-Evalue hmmfrom  hmm to    alifrom  ali to    envfrom  env to     acc
 ---   ------ ----- --------- --------- ------- -------    ------- -------    ------- -------    ----
   1 !   29.5   0.2   9.1e-09   1.3e-06       2      32 ..     294     323 ..     293     324 .. 0.92

  Alignments for each domain:
  == domain 1  score: 29.5 bits;  conditional E-value: 9.1e-09
                                                              Round3_FinalIHelix   2 keaeglalllfiagletisnsllsslLfyll 32 
                                                                                     +++++++l+++ia+++t+s+s+ +++Lf ++
  sid|6157|pid|4186|hfid|316|sfid|19|gi|344297770|taxonID|9785|Loxodontaafricana 294 ENVNQCILEMLIAAPDTMSVSV-FFMLFLIA 323
                                                                                     789*******************.6****987 PP

>> sid|6156|pid|4185|hfid|316|sfid|19|dbj|BAI44113.1|gi|260279072|taxonID|378754|Ursusthibetanusjaponicus  
   #    score  bias  c-Evalue  i-Evalue hmmfrom  hmm to    alifrom  ali to    envfrom  env to     acc
 ---   ------ ----- --------- --------- ------- -------    ------- -------    ------- -------    ----
   1 !   29.4   0.2   9.8e-09   1.4e-06       2      32 ..     294     323 ..     292     324 .. 0.91

  Alignments for each domain:
  == domain 1  score: 29.4 bits;  conditional E-value: 9.8e-09
                                                                                      Round3_FinalIHelix   2 keaeglalllfiagletisnsllsslLfyll 32 
                                                                                                             +++++++l+++ia+++t+s+s+ +++Lf ++
  sid|6156|pid|4185|hfid|316|sfid|19|dbj|BAI44113.1|gi|260279072|taxonID|378754|Ursusthibetanusjaponicus 294 ENVNQCILEMLIAAPDTMSVSV-FFMLFLIA 323
                                                                                                             577*******************.6****987 PP

>> sid|6155|pid|4185|hfid|316|sfid|19|gi|301770097|taxonID|9646|Ailuropodamelanoleuca  
   #    score  bias  c-Evalue  i-Evalue hmmfrom  hmm to    alifrom  ali to    envfrom  env to     acc
 ---   ------ ----- --------- --------- ------- -------    ------- -------    ------- -------    ----
   1 !   29.4   0.2   9.8e-09   1.4e-06       2      32 ..     294     323 ..     292     324 .. 0.91

  Alignments for each domain:
  == domain 1  score: 29.4 bits;  conditional E-value: 9.8e-09
                                                                  Round3_FinalIHelix   2 keaeglalllfiagletisnsllsslLfyll 32 
                                                                                         +++++++l+++ia+++t+s+s+ +++Lf ++
  sid|6155|pid|4185|hfid|316|sfid|19|gi|301770097|taxonID|9646|Ailuropodamelanoleuca 294 ENVNQCILEMLIAAPDTMSVSV-FFMLFLIA 323
                                                                                         577*******************.6****987 PP

>> sid|6124|pid|4161|hfid|316|sfid|19|gi|586447052|taxonID|185453|Chrysochlorisasiatica  
   #    score  bias  c-Evalue  i-Evalue hmmfrom  hmm to    alifrom  ali to    envfrom  env to     acc
 ---   ------ ----- --------- --------- ------- -------    ------- -------    ------- -------    ----
   1 !   29.2   0.1   1.2e-08   1.6e-06       2      32 ..     294     323 ..     292     324 .. 0.90

  Alignments for each domain:
  == domain 1  score: 29.2 bits;  conditional E-value: 1.2e-08
                                                                    Round3_FinalIHelix   2 keaeglalllfiagletisnsllsslLfyll 32 
                                                                                           +++++++l+++ia+++t+s+s+ +++L+ ++
  sid|6124|pid|4161|hfid|316|sfid|19|gi|586447052|taxonID|185453|Chrysochlorisasiatica 294 ENVNQCILEMLIAAPDTMSVSV-FFMLYLIA 323
                                                                                           577*******************.6****987 PP

>> sid|6145|pid|4177|hfid|316|sfid|19|gi|533122756|gi|533122760|gi|533122758|taxonID|34839|Chinchillalanigera  
   #    score  bias  c-Evalue  i-Evalue hmmfrom  hmm to    alifrom  ali to    envfrom  env to     acc
 ---   ------ ----- --------- --------- ------- -------    ------- -------    ------- -------    ----
   1 !   27.4   0.2   4.3e-08   6.1e-06       2      32 ..     421     450 ..     420     451 .. 0.92

  Alignments for each domain:
  == domain 1  score: 27.4 bits;  conditional E-value: 4.3e-08
                                                                                          Round3_FinalIHelix   2 keaeglalllfiagletisnsllsslLfyll 32 
                                                                                                                 +++++++l+++ia+++t+s++++ ++Lf ++
  sid|6145|pid|4177|hfid|316|sfid|19|gi|533122756|gi|533122760|gi|533122758|taxonID|34839|Chinchillalanigera 421 ENVNQCVLEMLIAAPDTMSVTVY-FMLFLIA 450
                                                                                                                 789*******************9.99**987 PP

>> sid|6194|pid|4215|hfid|316|sfid|19|gi|283135134|taxonID|9986|Oryctolaguscuniculus  
   #    score  bias  c-Evalue  i-Evalue hmmfrom  hmm to    alifrom  ali to    envfrom  env to     acc
 ---   ------ ----- --------- --------- ------- -------    ------- -------    ------- -------    ----
   1 !   28.7   0.2   1.6e-08   2.3e-06       2      32 ..     294     323 ..     293     324 .. 0.92

  Alignments for each domain:
  == domain 1  score: 28.7 bits;  conditional E-value: 1.6e-08
                                                                 Round3_FinalIHelix   2 keaeglalllfiagletisnsllsslLfyll 32 
                                                                                        +++++++l+++ia+++t+s+s+ +++Lf ++
  sid|6194|pid|4215|hfid|316|sfid|19|gi|283135134|taxonID|9986|Oryctolaguscuniculus 294 ENVNQCVLEMLIAAPDTMSVSV-FFMLFLIA 323
                                                                                        789*******************.6****987 PP

>> sid|6189|pid|4211|hfid|316|sfid|19|gb|ADU04378.1|gi|315307948|taxonID|191816|Lynxpardinus  
   #    score  bias  c-Evalue  i-Evalue hmmfrom  hmm to    alifrom  ali to    envfrom  env to     acc
 ---   ------ ----- --------- --------- ------- -------    ------- -------    ------- -------    ----
   1 !   29.4   0.2   9.8e-09   1.4e-06       2      32 ..     294     323 ..     292     324 .. 0.91

  Alignments for each domain:
  == domain 1  score: 29.4 bits;  conditional E-value: 9.8e-09
                                                                         Round3_FinalIHelix   2 keaeglalllfiagletisnsllsslLfyll 32 
                                                                                                +++++++l+++ia+++t+s+s+ +++Lf ++
  sid|6189|pid|4211|hfid|316|sfid|19|gb|ADU04378.1|gi|315307948|taxonID|191816|Lynxpardinus 294 ENVNQCILEMLIAAPDTMSVSV-FFMLFLIA 323
                                                                                                577*******************.6****987 PP

>> sid|6190|pid|4211|hfid|316|sfid|19|gi|586988966|taxonID|9685|Feliscatus  
   #    score  bias  c-Evalue  i-Evalue hmmfrom  hmm to    alifrom  ali to    envfrom  env to     acc
 ---   ------ ----- --------- --------- ------- -------    ------- -------    ------- -------    ----
   1 !   29.4   0.2   9.9e-09   1.4e-06       2      32 ..     294     323 ..     292     324 .. 0.91

  Alignments for each domain:
  == domain 1  score: 29.4 bits;  conditional E-value: 9.9e-09
                                                       Round3_FinalIHelix   2 keaeglalllfiagletisnsllsslLfyll 32 
                                                                              +++++++l+++ia+++t+s+s+ +++Lf ++
  sid|6190|pid|4211|hfid|316|sfid|19|gi|586988966|taxonID|9685|Feliscatus 294 ENVNQCILEMLIAAPDTMSVSV-FFMLFLIA 323
                                                                              577*******************.6****987 PP

>> sid|6121|pid|4158|hfid|316|sfid|19|gi|560910149|gb|EPY83671.1|gi|528764012|taxonID|419612|Camelusferus  
   #    score  bias  c-Evalue  i-Evalue hmmfrom  hmm to    alifrom  ali to    envfrom  env to     acc
 ---   ------ ----- --------- --------- ------- -------    ------- -------    ------- -------    ----
   1 !   29.3   0.2     1e-08   1.5e-06       2      32 ..     295     324 ..     293     325 .. 0.91

  Alignments for each domain:
  == domain 1  score: 29.3 bits;  conditional E-value: 1e-08
                                                                                      Round3_FinalIHelix   2 keaeglalllfiagletisnsllsslLfyll 32 
                                                                                                             +++++++l+++ia+++t+s+s+ +++Lf ++
  sid|6121|pid|4158|hfid|316|sfid|19|gi|560910149|gb|EPY83671.1|gi|528764012|taxonID|419612|Camelusferus 295 ENVNQCILEMLIAAPDTMSVSV-FFMLFLIA 324
                                                                                                             577*******************.6****987 PP

>> sid|6212|pid|4228|hfid|316|sfid|19|gi|395822184|taxonID|30611|Otolemurgarnettii  
   #    score  bias  c-Evalue  i-Evalue hmmfrom  hmm to    alifrom  ali to    envfrom  env to     acc
 ---   ------ ----- --------- --------- ------- -------    ------- -------    ------- -------    ----
   1 !   29.5   0.2   9.1e-09   1.3e-06       2      32 ..     294     323 ..     293     324 .. 0.92

  Alignments for each domain:
  == domain 1  score: 29.5 bits;  conditional E-value: 9.1e-09
                                                               Round3_FinalIHelix   2 keaeglalllfiagletisnsllsslLfyll 32 
                                                                                      +++++++l+++ia+++t+s+s+ +++Lf ++
  sid|6212|pid|4228|hfid|316|sfid|19|gi|395822184|taxonID|30611|Otolemurgarnettii 294 ENVNQCILEMLIAAPDTMSVSV-FFMLFLIA 323
                                                                                      789*******************.6****987 PP

>> sid|6167|pid|4196|hfid|316|sfid|19|gi|585693806|taxonID|28737|Elephantulusedwardii  
   #    score  bias  c-Evalue  i-Evalue hmmfrom  hmm to    alifrom  ali to    envfrom  env to     acc
 ---   ------ ----- --------- --------- ------- -------    ------- -------    ------- -------    ----
   1 !   29.5   0.2   9.1e-09   1.3e-06       2      32 ..     294     323 ..     293     324 .. 0.92

  Alignments for each domain:
  == domain 1  score: 29.5 bits;  conditional E-value: 9.1e-09
                                                                  Round3_FinalIHelix   2 keaeglalllfiagletisnsllsslLfyll 32 
                                                                                         +++++++l+++ia+++t+s+s+ +++Lf ++
  sid|6167|pid|4196|hfid|316|sfid|19|gi|585693806|taxonID|28737|Elephantulusedwardii 294 ENVNQCILEMLIAAPDTMSVSV-FFMLFLIA 323
                                                                                         789*******************.6****987 PP

>> sid|6102|pid|4145|hfid|316|sfid|19|gi|332235559|taxonID|61853|Nomascusleucogenys  
   #    score  bias  c-Evalue  i-Evalue hmmfrom  hmm to    alifrom  ali to    envfrom  env to     acc
 ---   ------ ----- --------- --------- ------- -------    ------- -------    ------- -------    ----
   1 !   29.2   0.3   1.2e-08   1.6e-06       2      32 ..     294     323 ..     293     324 .. 0.84

  Alignments for each domain:
  == domain 1  score: 29.2 bits;  conditional E-value: 1.2e-08
                                                                Round3_FinalIHelix   2 keaeglalllfiagletisnsllsslLfyll 32 
                                                                                       +++++++l+++ia+++t+s+sl+ ++L+ ++
  sid|6102|pid|4145|hfid|316|sfid|19|gi|332235559|taxonID|61853|Nomascusleucogenys 294 ENVNQCILEMLIAAPDTMSVSLF-FMLLLIA 323
                                                                                       789*******************6.6666554 PP

>> sid|6085|pid|4140|hfid|316|sfid|19|gi|466065851|taxonID|9733|Orcinusorca  
   #    score  bias  c-Evalue  i-Evalue hmmfrom  hmm to    alifrom  ali to    envfrom  env to     acc
 ---   ------ ----- --------- --------- ------- -------    ------- -------    ------- -------    ----
   1 !   28.9   0.2   1.5e-08   2.1e-06       2      32 ..     260     289 ..     259     290 .. 0.92

  Alignments for each domain:
  == domain 1  score: 28.9 bits;  conditional E-value: 1.5e-08
                                                        Round3_FinalIHelix   2 keaeglalllfiagletisnsllsslLfyll 32 
                                                                               +++++++l+++ia+++t+s+s+ +++Lf ++
  sid|6085|pid|4140|hfid|316|sfid|19|gi|466065851|taxonID|9733|Orcinusorca 260 ENVNQCVLEMLIAAPDTMSVSV-FFMLFLIA 289
                                                                               789*******************.6****987 PP

>> sid|6208|pid|4226|hfid|316|sfid|19|gi|478494572|taxonID|73337|Ceratotheriumsimumsimum  
   #    score  bias  c-Evalue  i-Evalue hmmfrom  hmm to    alifrom  ali to    envfrom  env to     acc
 ---   ------ ----- --------- --------- ------- -------    ------- -------    ------- -------    ----
   1 !   29.2   0.2   1.2e-08   1.6e-06       2      32 ..     294     323 ..     293     324 .. 0.92

  Alignments for each domain:
  == domain 1  score: 29.2 bits;  conditional E-value: 1.2e-08
                                                                     Round3_FinalIHelix   2 keaeglalllfiagletisnsllsslLfyll 32 
                                                                                            +++++++l+++ia+++t+s+s+ +++Lf ++
  sid|6208|pid|4226|hfid|316|sfid|19|gi|478494572|taxonID|73337|Ceratotheriumsimumsimum 294 ENVNQCILEMLIAAPDTMSVSV-FFMLFLVA 323
                                                                                            789*******************.6****986 PP

>> sid|6144|pid|4176|hfid|316|sfid|19|gi|641705083|taxonID|29078|Eptesicusfuscus  
   #    score  bias  c-Evalue  i-Evalue hmmfrom  hmm to    alifrom  ali to    envfrom  env to     acc
 ---   ------ ----- --------- --------- ------- -------    ------- -------    ------- -------    ----
   1 !   28.2   0.2   2.5e-08   3.5e-06       2      31 ..     294     322 ..     293     324 .. 0.91

  Alignments for each domain:
  == domain 1  score: 28.2 bits;  conditional E-value: 2.5e-08
                                                             Round3_FinalIHelix   2 keaeglalllfiagletisnsllsslLfyl 31 
                                                                                    +++++++l+++ia+++t+s+s+ +++Lf +
  sid|6144|pid|4176|hfid|316|sfid|19|gi|641705083|taxonID|29078|Eptesicusfuscus 294 ENVNQCILEMLIAAPDTMSVSV-FFMLFLI 322
                                                                                    789*******************.6***986 PP

>> sid|6216|pid|4231|hfid|316|sfid|19|gi|593767744|taxonID|9755|Physetercatodon  
   #    score  bias  c-Evalue  i-Evalue hmmfrom  hmm to    alifrom  ali to    envfrom  env to     acc
 ---   ------ ----- --------- --------- ------- -------    ------- -------    ------- -------    ----
   1 !   27.8   0.2   3.2e-08   4.6e-06       2      32 ..     294     323 ..     293     324 .. 0.84

  Alignments for each domain:
  == domain 1  score: 27.8 bits;  conditional E-value: 3.2e-08
                                                            Round3_FinalIHelix   2 keaeglalllfiagletisnsllsslLfyll 32 
                                                                                   +++++++l+++ia+++t+s+s++ ++L+ ++
  sid|6216|pid|4231|hfid|316|sfid|19|gi|593767744|taxonID|9755|Physetercatodon 294 ENVNQCVLEMLIAAPDTMSVSVF-FMLLLIA 323
                                                                                   789*******************6.6666554 PP

>> sid|6149|pid|4180|hfid|316|sfid|19|gb|ELK05419.1|gi|431896001|gi|586531034|taxonID|9402|Pteropusalecto  
   #    score  bias  c-Evalue  i-Evalue hmmfrom  hmm to    alifrom  ali to    envfrom  env to     acc
 ---   ------ ----- --------- --------- ------- -------    ------- -------    ------- -------    ----
   1 !   27.6   0.2   3.8e-08   5.3e-06       2      32 ..     294     323 ..     292     324 .. 0.91

  Alignments for each domain:
  == domain 1  score: 27.6 bits;  conditional E-value: 3.8e-08
                                                                                      Round3_FinalIHelix   2 keaeglalllfiagletisnsllsslLfyll 32 
                                                                                                             +++++++l+++ia+++t s+++ +++Lf ++
  sid|6149|pid|4180|hfid|316|sfid|19|gb|ELK05419.1|gi|431896001|gi|586531034|taxonID|9402|Pteropusalecto 294 ENVNQCILEMLIAAPDTLSVTV-FFMLFLIA 323
                                                                                                             577*******************.6****987 PP

>> sid|6187|pid|4209|hfid|316|sfid|19|gi|391852669|taxonID|9483|Callithrixjacchus  
   #    score  bias  c-Evalue  i-Evalue hmmfrom  hmm to    alifrom  ali to    envfrom  env to     acc
 ---   ------ ----- --------- --------- ------- -------    ------- -------    ------- -------    ----
   1 !   28.8   0.3   1.5e-08   2.1e-06       2      32 ..     294     323 ..     293     324 .. 0.92

  Alignments for each domain:
  == domain 1  score: 28.8 bits;  conditional E-value: 1.5e-08
                                                              Round3_FinalIHelix   2 keaeglalllfiagletisnsllsslLfyll 32 
                                                                                     ++++++ l+++ia+++t+s+sl +++Lf ++
  sid|6187|pid|4209|hfid|316|sfid|19|gi|391852669|taxonID|9483|Callithrixjacchus 294 ENVNQCMLEMLIAAPDTMSVSL-FFMLFLIA 323
                                                                                     789*******************.6****987 PP

>> sid|6186|pid|4209|hfid|316|sfid|19|gi|403274266|taxonID|39432|Saimiriboliviensisboliviensis  
   #    score  bias  c-Evalue  i-Evalue hmmfrom  hmm to    alifrom  ali to    envfrom  env to     acc
 ---   ------ ----- --------- --------- ------- -------    ------- -------    ------- -------    ----
   1 !   28.8   0.3   1.5e-08   2.1e-06       2      32 ..     294     323 ..     293     324 .. 0.92

  Alignments for each domain:
  == domain 1  score: 28.8 bits;  conditional E-value: 1.5e-08
                                                                           Round3_FinalIHelix   2 keaeglalllfiagletisnsllsslLfyll 32 
                                                                                                  ++++++ l+++ia+++t+s+sl +++Lf ++
  sid|6186|pid|4209|hfid|316|sfid|19|gi|403274266|taxonID|39432|Saimiriboliviensisboliviensis 294 ENVNQCMLEMLIAAPDTMSVSL-FFMLFLIA 323
                                                                                                  789*******************.6****987 PP

>> sid|6132|pid|4167|hfid|316|sfid|19|gi|471379842|taxonID|127582|Trichechusmanatuslatirostris  
   #    score  bias  c-Evalue  i-Evalue hmmfrom  hmm to    alifrom  ali to    envfrom  env to     acc
 ---   ------ ----- --------- --------- ------- -------    ------- -------    ------- -------    ----
   1 !   28.9   0.4   1.4e-08     2e-06       2      32 ..     294     323 ..     293     324 .. 0.92

  Alignments for each domain:
  == domain 1  score: 28.9 bits;  conditional E-value: 1.4e-08
                                                                           Round3_FinalIHelix   2 keaeglalllfiagletisnsllsslLfyll 32 
                                                                                                  +++++++l+++ia+++t+s+s+ +++Lf ++
  sid|6132|pid|4167|hfid|316|sfid|19|gi|471379842|taxonID|127582|Trichechusmanatuslatirostris 294 ENVNQCILEMLIAAPDTMSVSV-FFMLFLIA 323
                                                                                                  789*******************.6****986 PP

>> sid|6116|pid|4154|hfid|316|sfid|19|gi|47523910|taxonID|9823|Susscrofa  
   #    score  bias  c-Evalue  i-Evalue hmmfrom  hmm to    alifrom  ali to    envfrom  env to     acc
 ---   ------ ----- --------- --------- ------- -------    ------- -------    ------- -------    ----
   1 !   27.6   0.2   3.8e-08   5.3e-06       2      32 ..     294     323 ..     292     324 .. 0.91

  Alignments for each domain:
  == domain 1  score: 27.6 bits;  conditional E-value: 3.8e-08
                                                     Round3_FinalIHelix   2 keaeglalllfiagletisnsllsslLfyll 32 
                                                                            +++++++l+++ia+++t s+++ +++Lf ++
  sid|6116|pid|4154|hfid|316|sfid|19|gi|47523910|taxonID|9823|Susscrofa 294 ENVNQCILEMLIAAPDTLSVTV-FFMLFLIA 323
                                                                            577*******************.6****987 PP

>> sid|6117|pid|4154|hfid|316|sfid|19|gb|AAB51387.1|gi|1928956|taxonID|9823|Susscrofa  
   #    score  bias  c-Evalue  i-Evalue hmmfrom  hmm to    alifrom  ali to    envfrom  env to     acc
 ---   ------ ----- --------- --------- ------- -------    ------- -------    ------- -------    ----
   1 !   27.6   0.2   3.8e-08   5.3e-06       2      32 ..     294     323 ..     292     324 .. 0.91

  Alignments for each domain:
  == domain 1  score: 27.6 bits;  conditional E-value: 3.8e-08
                                                                  Round3_FinalIHelix   2 keaeglalllfiagletisnsllsslLfyll 32 
                                                                                         +++++++l+++ia+++t s+++ +++Lf ++
  sid|6117|pid|4154|hfid|316|sfid|19|gb|AAB51387.1|gi|1928956|taxonID|9823|Susscrofa 294 ENVNQCILEMLIAAPDTLSVTV-FFMLFLIA 323
                                                                                         577*******************.6****987 PP

>> sid|6196|pid|4215|hfid|316|sfid|19|emb|CAA94315.1|gi|1240045|taxonID|9986|Oryctolaguscuniculus  
   #    score  bias  c-Evalue  i-Evalue hmmfrom  hmm to    alifrom  ali to    envfrom  env to     acc
 ---   ------ ----- --------- --------- ------- -------    ------- -------    ------- -------    ----
   1 !   29.0   0.2   1.3e-08   1.8e-06       2      32 ..     294     323 ..     293     324 .. 0.92

  Alignments for each domain:
  == domain 1  score: 29.0 bits;  conditional E-value: 1.3e-08
                                                                              Round3_FinalIHelix   2 keaeglalllfiagletisnsllsslLfyll 32 
                                                                                                     +++++++l+++ia+++t+s+s+ +++Lf ++
  sid|6196|pid|4215|hfid|316|sfid|19|emb|CAA94315.1|gi|1240045|taxonID|9986|Oryctolaguscuniculus 294 ENVNQCVLEMLIAAPDTMSVSV-FFMLFLIA 323
                                                                                                     789*******************.6****987 PP

>> sid|6086|pid|4141|hfid|316|sfid|19|gi|6681099|gi|568960737|taxonID|10090|Musmusculus  
   #    score  bias  c-Evalue  i-Evalue hmmfrom  hmm to    alifrom  ali to    envfrom  env to     acc
 ---   ------ ----- --------- --------- ------- -------    ------- -------    ------- -------    ----
   1 !   28.1   0.3   2.5e-08   3.5e-06       2      32 ..     294     323 ..     292     324 .. 0.84

  Alignments for each domain:
  == domain 1  score: 28.1 bits;  conditional E-value: 2.5e-08
                                                                    Round3_FinalIHelix   2 keaeglalllfiagletisnsllsslLfyll 32 
                                                                                           +++++++l+++ia+++t+s++l+ ++L+ ++
  sid|6086|pid|4141|hfid|316|sfid|19|gi|6681099|gi|568960737|taxonID|10090|Musmusculus 294 ENVNQCILEMLIAAPDTMSVTLY-FMLLLVA 323
                                                                                           577*******************9.6666554 PP

>> sid|6195|pid|4215|hfid|316|sfid|19|gi|655861582|taxonID|9986|Oryctolaguscuniculus  
   #    score  bias  c-Evalue  i-Evalue hmmfrom  hmm to    alifrom  ali to    envfrom  env to     acc
 ---   ------ ----- --------- --------- ------- -------    ------- -------    ------- -------    ----
   1 !   28.7   0.2   1.6e-08   2.3e-06       2      32 ..     294     323 ..     293     324 .. 0.92

  Alignments for each domain:
  == domain 1  score: 28.7 bits;  conditional E-value: 1.6e-08
                                                                 Round3_FinalIHelix   2 keaeglalllfiagletisnsllsslLfyll 32 
                                                                                        +++++++l+++ia+++t+s+s+ +++Lf ++
  sid|6195|pid|4215|hfid|316|sfid|19|gi|655861582|taxonID|9986|Oryctolaguscuniculus 294 ENVNQCVLEMLIAAPDTMSVSV-FFMLFLIA 323
                                                                                        789*******************.6****987 PP

>> sid|6120|pid|4157|hfid|316|sfid|19|gb|EGW14179.1|gi|344258075|gi|354493402|taxonID|10029|Cricetulusgriseus  
   #    score  bias  c-Evalue  i-Evalue hmmfrom  hmm to    alifrom  ali to    envfrom  env to     acc
 ---   ------ ----- --------- --------- ------- -------    ------- -------    ------- -------    ----
   1 !   28.6   0.3   1.8e-08   2.6e-06       2      30 ..     294     322 ..     292     324 .. 0.84

  Alignments for each domain:
  == domain 1  score: 28.6 bits;  conditional E-value: 1.8e-08
                                                                                          Round3_FinalIHelix   2 keaeglalllfiagletisnsllsslLfy 30 
                                                                                                                 +++++++l+++ia+++t+s++l+++lL++
  sid|6120|pid|4157|hfid|316|sfid|19|gb|EGW14179.1|gi|344258075|gi|354493402|taxonID|10029|Cricetulusgriseus 294 ENVNQCILEMLIAAPDTMSVTLYFMLLLI 322
                                                                                                                 577*******************9666654 PP

>> sid|80164|pid|58680|hfid|354|sfid|35|gi|268554436|taxonID|6238|Caenorhabditisbriggsae  
   #    score  bias  c-Evalue  i-Evalue hmmfrom  hmm to    alifrom  ali to    envfrom  env to     acc
 ---   ------ ----- --------- --------- ------- -------    ------- -------    ------- -------    ----
   1 !   27.0   0.1   5.8e-08   8.2e-06       2      32 ..     293     323 ..     292     324 .. 0.93

  Alignments for each domain:
  == domain 1  score: 27.0 bits;  conditional E-value: 5.8e-08
                                                                     Round3_FinalIHelix   2 keaeglalllfiagletisnsllsslLfyll 32 
                                                                                            +++++l+l+l+i+g+et++++l+s+++++l+
  sid|80164|pid|58680|hfid|354|sfid|35|gi|268554436|taxonID|6238|Caenorhabditisbriggsae 293 ENLKMLVLDLWITGQETTTMTLISAFIRFLN 323
                                                                                            788************************9996 PP

>> sid|11737|pid|8483|hfid|1382|sfid|393|gb|ERL86685.1|gi|546675502|taxonID|77166|Dendroctonusponderosae  
   #    score  bias  c-Evalue  i-Evalue hmmfrom  hmm to    alifrom  ali to    envfrom  env to     acc
 ---   ------ ----- --------- --------- ------- -------    ------- -------    ------- -------    ----
   1 !   27.2   0.5   4.9e-08   6.9e-06       5      33 .]     161     188 ..     159     188 .. 0.93

  Alignments for each domain:
  == domain 1  score: 27.2 bits;  conditional E-value: 4.9e-08
                                                                                     Round3_FinalIHelix   5 eglalllfiagletisnsllsslLfylla 33 
                                                                                                            +++a+++f+a+l+t s+s+ sslLf++++
  sid|11737|pid|8483|hfid|1382|sfid|393|gb|ERL86685.1|gi|546675502|taxonID|77166|Dendroctonusponderosae 161 DDIAEEVFNAFLDTLSYSC-SSLLFCFYE 188
                                                                                                            689****************.*******96 PP

>> sid|6115|pid|4153|hfid|316|sfid|19|gi|504130688|taxonID|9978|Ochotonaprinceps  
   #    score  bias  c-Evalue  i-Evalue hmmfrom  hmm to    alifrom  ali to    envfrom  env to     acc
 ---   ------ ----- --------- --------- ------- -------    ------- -------    ------- -------    ----
   1 !   28.6   0.1   1.8e-08   2.6e-06       2      32 ..     296     325 ..     295     326 .. 0.92

  Alignments for each domain:
  == domain 1  score: 28.6 bits;  conditional E-value: 1.8e-08
                                                             Round3_FinalIHelix   2 keaeglalllfiagletisnsllsslLfyll 32 
                                                                                    +++++++l+++ia+++t+s+++ +++Lf ++
  sid|6115|pid|4153|hfid|316|sfid|19|gi|504130688|taxonID|9978|Ochotonaprinceps 296 ENVNQCVLEMLIAAPDTMSVTV-FFMLFLIA 325
                                                                                    789*******************.6****987 PP

>> sid|6112|pid|4150|hfid|316|sfid|19|gi|589916659|taxonID|230844|Peromyscusmaniculatusbairdii  
   #    score  bias  c-Evalue  i-Evalue hmmfrom  hmm to    alifrom  ali to    envfrom  env to     acc
 ---   ------ ----- --------- --------- ------- -------    ------- -------    ------- -------    ----
   1 !   28.4   0.4     2e-08   2.8e-06       2      31 ..     294     323 ..     292     324 .. 0.88

  Alignments for each domain:
  == domain 1  score: 28.4 bits;  conditional E-value: 2e-08
                                                                           Round3_FinalIHelix   2 keaeglalllfiagletisnsllsslLfyl 31 
                                                                                                  +++++++l+++ia+++t+s++l+++lL+++
  sid|6112|pid|4150|hfid|316|sfid|19|gi|589916659|taxonID|230844|Peromyscusmaniculatusbairdii 294 ENVNQCILEMLIAAPDTMSVTLYFMLLLMA 323
                                                                                                  577********************8888765 PP

>> sid|6127|pid|4164|hfid|316|sfid|19|gi|594633991|taxonID|310752|Balaenopteraacutorostratascammoni  
   #    score  bias  c-Evalue  i-Evalue hmmfrom  hmm to    alifrom  ali to    envfrom  env to     acc
 ---   ------ ----- --------- --------- ------- -------    ------- -------    ------- -------    ----
   1 !   27.1   0.2   5.4e-08   7.6e-06       2      32 ..     294     323 ..     293     324 .. 0.84

  Alignments for each domain:
  == domain 1  score: 27.1 bits;  conditional E-value: 5.4e-08
                                                                                Round3_FinalIHelix   2 keaeglalllfiagletisnsllsslLfyll 32 
                                                                                                       +++++++l+++ia+++t+s+s++ ++L+ ++
  sid|6127|pid|4164|hfid|316|sfid|19|gi|594633991|taxonID|310752|Balaenopteraacutorostratascammoni 294 ENVNQCVLEMLIAAPDTMSVSVF-FMLLLIA 323
                                                                                                       789*******************6.6666554 PP

>> sid|6211|pid|4227|hfid|316|sfid|19|gb|ACM89456.1|gi|223452003|taxonID|8364|Xenopus(Silurana)tropicalis  
   #    score  bias  c-Evalue  i-Evalue hmmfrom  hmm to    alifrom  ali to    envfrom  env to     acc
 ---   ------ ----- --------- --------- ------- -------    ------- -------    ------- -------    ----
   1 !   28.2   0.5   2.4e-08   3.4e-06       2      31 ..     292     320 ..     291     322 .. 0.85

  Alignments for each domain:
  == domain 1  score: 28.2 bits;  conditional E-value: 2.4e-08
                                                                                      Round3_FinalIHelix   2 keaeglalllfiagletisnsllsslLfyl 31 
                                                                                                             +++++++l+++ia+++t+s+sl+ ++L  +
  sid|6211|pid|4227|hfid|316|sfid|19|gb|ACM89456.1|gi|223452003|taxonID|8364|Xenopus(Silurana)tropicalis 292 ENVNQCILEMLIAAPDTMSVSLF-FMLVLI 320
                                                                                                             789*******************6.666554 PP

>> sid|6260|pid|4262|hfid|316|sfid|19|gb|AAT36641.1|gi|47607479|taxonID|7937|Anguillajaponica  
   #    score  bias  c-Evalue  i-Evalue hmmfrom  hmm to    alifrom  ali to    envfrom  env to     acc
 ---   ------ ----- --------- --------- ------- -------    ------- -------    ------- -------    ----
   1 !   26.6   0.4   7.9e-08   1.1e-05       2      31 ..     203     231 ..     202     232 .. 0.92

  Alignments for each domain:
  == domain 1  score: 26.6 bits;  conditional E-value: 7.9e-08
                                                                          Round3_FinalIHelix   2 keaeglalllfiagletisnsllsslLfyl 31 
                                                                                                 +++ +++l+++ia+++t+s sl +++L+ l
  sid|6260|pid|4262|hfid|316|sfid|19|gb|AAT36641.1|gi|47607479|taxonID|7937|Anguillajaponica 203 ENVQQCILEMIIAAPDTMSISL-FFMLMLL 231
                                                                                                 7889******************.699*987 PP

>> sid|4933|pid|3315|hfid|1296|sfid|305|gb|ACN93795.1|gi|225548287|taxonID|36989|Reticulitermesflavipes  
   #    score  bias  c-Evalue  i-Evalue hmmfrom  hmm to    alifrom  ali to    envfrom  env to     acc
 ---   ------ ----- --------- --------- ------- -------    ------- -------    ------- -------    ----
   1 !   26.4   1.8   9.1e-08   1.3e-05       3      32 ..     260     289 ..     258     290 .. 0.92

  Alignments for each domain:
  == domain 1  score: 26.4 bits;  conditional E-value: 9.1e-08
                                                                                    Round3_FinalIHelix   3 eaeglalllfiagletisnsllsslLfyll 32 
                                                                                                           ++ +l l+lf+ag+et+sn+l++++L++ll
  sid|4933|pid|3315|hfid|1296|sfid|305|gb|ACN93795.1|gi|225548287|taxonID|36989|Reticulitermesflavipes 260 QLVALCLDLFMAGSETTSNTLGFAMLYMLL 289
                                                                                                           667899**********************97 PP

>> sid|101260|pid|76766|hfid|307|sfid|15|emb|CBL95272.1|gi|296315553|taxonID|6973|Blattellagermanica  
   #    score  bias  c-Evalue  i-Evalue hmmfrom  hmm to    alifrom  ali to    envfrom  env to     acc
 ---   ------ ----- --------- --------- ------- -------    ------- -------    ------- -------    ----
   1 !   26.7   1.5     7e-08   9.9e-06       3      32 ..     192     221 ..     190     222 .. 0.93

  Alignments for each domain:
  == domain 1  score: 26.7 bits;  conditional E-value: 7e-08
                                                                                 Round3_FinalIHelix   3 eaeglalllfiagletisnsllsslLfyll 32 
                                                                                                        ++ +l l++f+ag+et+sn+l++++L++ll
  sid|101260|pid|76766|hfid|307|sfid|15|emb|CBL95272.1|gi|296315553|taxonID|6973|Blattellagermanica 192 QLVSLSLDSFMAGSETTSNTLGFAMLYMLL 221
                                                                                                        67899***********************97 PP

>> sid|11738|pid|8484|hfid|1382|sfid|393|gb|AFI45012.1|gi|385199928|taxonID|77166|Dendroctonusponderosae  
   #    score  bias  c-Evalue  i-Evalue hmmfrom  hmm to    alifrom  ali to    envfrom  env to     acc
 ---   ------ ----- --------- --------- ------- -------    ------- -------    ------- -------    ----
   1 !   26.8   0.5   6.7e-08   9.5e-06       5      33 .]     260     287 ..     258     287 .. 0.93

  Alignments for each domain:
  == domain 1  score: 26.8 bits;  conditional E-value: 6.7e-08
                                                                                     Round3_FinalIHelix   5 eglalllfiagletisnsllsslLfylla 33 
                                                                                                            +++a+++f+a+l+t s+s+ sslLf++++
  sid|11738|pid|8484|hfid|1382|sfid|393|gb|AFI45012.1|gi|385199928|taxonID|77166|Dendroctonusponderosae 260 DDIAEEVFNAFLDTLSYSC-SSLLFCFYE 287
                                                                                                            689****************.*******96 PP

>> sid|6182|pid|4206|hfid|316|sfid|19|gi|532061479|taxonID|43179|Ictidomystridecemlineatus  
   #    score  bias  c-Evalue  i-Evalue hmmfrom  hmm to    alifrom  ali to    envfrom  env to     acc
 ---   ------ ----- --------- --------- ------- -------    ------- -------    ------- -------    ----
   1 !   27.9   0.3     3e-08   4.2e-06       2      32 ..     294     323 ..     293     324 .. 0.92

  Alignments for each domain:
  == domain 1  score: 27.9 bits;  conditional E-value: 3e-08
                                                                       Round3_FinalIHelix   2 keaeglalllfiagletisnsllsslLfyll 32 
                                                                                              +++++++l+++ia+++t+s++++ ++Lf ++
  sid|6182|pid|4206|hfid|316|sfid|19|gi|532061479|taxonID|43179|Ictidomystridecemlineatus 294 ENVNQCILEMLIAAPDTMSVTVY-FMLFLIA 323
                                                                                              789*******************9.99*9876 PP

>> sid|6161|pid|4190|hfid|316|sfid|19|gi|524930819|taxonID|10036|Mesocricetusauratus  
   #    score  bias  c-Evalue  i-Evalue hmmfrom  hmm to    alifrom  ali to    envfrom  env to     acc
 ---   ------ ----- --------- --------- ------- -------    ------- -------    ------- -------    ----
   1 !   27.8   0.3   3.2e-08   4.5e-06       2      30 ..     294     322 ..     292     324 .. 0.84

  Alignments for each domain:
  == domain 1  score: 27.8 bits;  conditional E-value: 3.2e-08
                                                                 Round3_FinalIHelix   2 keaeglalllfiagletisnsllsslLfy 30 
                                                                                        +++++++l+++ia+++t+s++l+++lL++
  sid|6161|pid|4190|hfid|316|sfid|19|gi|524930819|taxonID|10036|Mesocricetusauratus 294 ENVNQCVLEMLIAAPDTMSVTLYFMLLLI 322
                                                                                        577*******************9666654 PP

>> sid|6123|pid|4160|hfid|316|sfid|19|gi|505836509|taxonID|42254|Sorexaraneus  
   #    score  bias  c-Evalue  i-Evalue hmmfrom  hmm to    alifrom  ali to    envfrom  env to     acc
 ---   ------ ----- --------- --------- ------- -------    ------- -------    ------- -------    ----
   1 !   26.1   0.3   1.2e-07   1.7e-05       2      31 ..     294     322 ..     293     324 .. 0.91

  Alignments for each domain:
  == domain 1  score: 26.1 bits;  conditional E-value: 1.2e-07
                                                          Round3_FinalIHelix   2 keaeglalllfiagletisnsllsslLfyl 31 
                                                                                 +++++++l++ ia+++t+s++l +++Lf +
  sid|6123|pid|4160|hfid|316|sfid|19|gi|505836509|taxonID|42254|Sorexaraneus 294 ENVNQCILEIMIAAPDTMSVTL-FFMLFLI 322
                                                                                 789*******************.6***986 PP

>> sid|11708|pid|8456|hfid|1370|sfid|347|gb|AFI45010.1|gi|385199924|gb|ERL92317.1|gi|546682375|taxonID|77166|Dendroctonusponderosae  
   #    score  bias  c-Evalue  i-Evalue hmmfrom  hmm to    alifrom  ali to    envfrom  env to     acc
 ---   ------ ----- --------- --------- ------- -------    ------- -------    ------- -------    ----
   1 !   14.4   0.5   0.00065     0.092       4      32 ..     178     201 ..     175     202 .. 0.85
   2 !   15.3   0.5   0.00033     0.047       4      32 ..     622     645 ..     619     646 .. 0.85

  Alignments for each domain:
  == domain 1  score: 14.4 bits;  conditional E-value: 0.00065
                                                                                                                Round3_FinalIHelix   4 aeglalllfiagletisnsllsslLfyll 32 
                                                                                                                                       a+++    f++g+et+s +l s+lLf+l+
  sid|11708|pid|8456|hfid|1370|sfid|347|gb|AFI45010.1|gi|385199924|gb|ERL92317.1|gi|546682375|taxonID|77166|Dendroctonusponderosae 178 ASTF----FLDGYETSSLTL-SFLLFNLA 201
                                                                                                                                       5555....888*********.******98 PP

  == domain 2  score: 15.3 bits;  conditional E-value: 0.00033
                                                                                                                Round3_FinalIHelix   4 aeglalllfiagletisnsllsslLfyll 32 
                                                                                                                                       a+++    f++g+e++sn++ +slL++l+
  sid|11708|pid|8456|hfid|1370|sfid|347|gb|AFI45010.1|gi|385199924|gb|ERL92317.1|gi|546682375|taxonID|77166|Dendroctonusponderosae 622 ATTF----FLDGYESSSNVM-TSLLMNLA 645
                                                                                                                                       5555....888*********.8*****98 PP

>> sid|6203|pid|4222|hfid|316|sfid|19|gi|640825238|taxonID|9478|Tarsiussyrichta  
   #    score  bias  c-Evalue  i-Evalue hmmfrom  hmm to    alifrom  ali to    envfrom  env to     acc
 ---   ------ ----- --------- --------- ------- -------    ------- -------    ------- -------    ----
   1 !   25.9   0.3   1.3e-07   1.9e-05       2      31 ..     294     322 ..     292     324 .. 0.82

  Alignments for each domain:
  == domain 1  score: 25.9 bits;  conditional E-value: 1.3e-07
                                                            Round3_FinalIHelix   2 keaeglalllfiagletisnsllsslLfyl 31 
                                                                                   +++++++l+++ia+++t+s s++ ++L+ +
  sid|6203|pid|4222|hfid|316|sfid|19|gi|640825238|taxonID|9478|Tarsiussyrichta 294 ENVNQCILEMLIAAPDTMSISVF-FMLLLI 322
                                                                                   577*******************6.555544 PP

>> sid|97167|pid|73113|hfid|1388|sfid|413|gb|AGT57838.1|gi|531445092|taxonID|7539|Leptinotarsadecemlineata  
   #    score  bias  c-Evalue  i-Evalue hmmfrom  hmm to    alifrom  ali to    envfrom  env to     acc
 ---   ------ ----- --------- --------- ------- -------    ------- -------    ------- -------    ----
   1 !   25.9   0.0   1.3e-07   1.9e-05       2      33 .]     260     290 ..     259     290 .. 0.95

  Alignments for each domain:
  == domain 1  score: 25.9 bits;  conditional E-value: 1.3e-07
                                                                                       Round3_FinalIHelix   2 keaeglalllfiagletisnsllsslLfylla 33 
                                                                                                              +e+eg++++++++++e+i++s+ s++Lf+l++
  sid|97167|pid|73113|hfid|1388|sfid|413|gb|AGT57838.1|gi|531445092|taxonID|7539|Leptinotarsadecemlineata 260 RESEGIIDEIIEIAVENIIYSC-STVLFCLYE 290
                                                                                                              789*******************.*******96 PP

>> sid|80163|pid|58679|hfid|354|sfid|35|emb|CAP30519.2|gi|309360844|taxonID|6238|Caenorhabditisbriggsae  
   #    score  bias  c-Evalue  i-Evalue hmmfrom  hmm to    alifrom  ali to    envfrom  env to     acc
 ---   ------ ----- --------- --------- ------- -------    ------- -------    ------- -------    ----
   1 !   26.2   0.1   1.1e-07   1.5e-05       2      32 ..     293     323 ..     292     324 .. 0.93

  Alignments for each domain:
  == domain 1  score: 26.2 bits;  conditional E-value: 1.1e-07
                                                                                    Round3_FinalIHelix   2 keaeglalllfiagletisnsllsslLfyll 32 
                                                                                                           +++++l+l+l+i+g+et++++l+s+++++l+
  sid|80163|pid|58679|hfid|354|sfid|35|emb|CAP30519.2|gi|309360844|taxonID|6238|Caenorhabditisbriggsae 293 ENLKMLVLDLWITGQETTTMTLISAFIRFLN 323
                                                                                                           788************************9996 PP

>> sid|6143|pid|4175|hfid|316|sfid|19|gi|602630672|taxonID|176946|Pythonbivittatus  
   #    score  bias  c-Evalue  i-Evalue hmmfrom  hmm to    alifrom  ali to    envfrom  env to     acc
 ---   ------ ----- --------- --------- ------- -------    ------- -------    ------- -------    ----
   1 !   24.7   0.3   3.2e-07   4.6e-05       2      32 ..     295     324 ..     294     325 .. 0.86

  Alignments for each domain:
  == domain 1  score: 24.7 bits;  conditional E-value: 3.2e-07
                                                               Round3_FinalIHelix   2 keaeglalllfiagletisnsllsslLfyll 32 
                                                                                      +++++++l+++ia+++t s++l+ ++L  ++
  sid|6143|pid|4175|hfid|316|sfid|19|gi|602630672|taxonID|176946|Pythonbivittatus 295 ENVNQCVLEMLIAAPDTLSVTLF-FMLVLIA 324
                                                                                      688*******************5.7776655 PP

>> sid|6089|pid|4144|hfid|316|sfid|19|dbj|BAA90529.1|gi|6899814|taxonID|8355|Xenopuslaevis  
   #    score  bias  c-Evalue  i-Evalue hmmfrom  hmm to    alifrom  ali to    envfrom  env to     acc
 ---   ------ ----- --------- --------- ------- -------    ------- -------    ------- -------    ----
   1 !   27.4   0.5   4.2e-08     6e-06       2      31 ..     292     320 ..     291     322 .. 0.85

  Alignments for each domain:
  == domain 1  score: 27.4 bits;  conditional E-value: 4.2e-08
                                                                       Round3_FinalIHelix   2 keaeglalllfiagletisnsllsslLfyl 31 
                                                                                              +++++++l+++ia+++t+s+sl+ ++L  +
  sid|6089|pid|4144|hfid|316|sfid|19|dbj|BAA90529.1|gi|6899814|taxonID|8355|Xenopuslaevis 292 ENVNQCILEMLIAAPDTMSVSLF-FMLVLI 320
                                                                                              789*******************6.666554 PP

>> sid|6090|pid|4144|hfid|316|sfid|19|gi|148222838|taxonID|8355|Xenopuslaevis  
   #    score  bias  c-Evalue  i-Evalue hmmfrom  hmm to    alifrom  ali to    envfrom  env to     acc
 ---   ------ ----- --------- --------- ------- -------    ------- -------    ------- -------    ----
   1 !   27.4   0.5   4.2e-08     6e-06       2      31 ..     292     320 ..     291     322 .. 0.85

  Alignments for each domain:
  == domain 1  score: 27.4 bits;  conditional E-value: 4.2e-08
                                                          Round3_FinalIHelix   2 keaeglalllfiagletisnsllsslLfyl 31 
                                                                                 +++++++l+++ia+++t+s+sl+ ++L  +
  sid|6090|pid|4144|hfid|316|sfid|19|gi|148222838|taxonID|8355|Xenopuslaevis 292 ENVNQCILEMLIAAPDTMSVSLF-FMLVLI 320
                                                                                 789*******************6.666554 PP

>> sid|11739|pid|8484|hfid|1382|sfid|393|gb|ERL91318.1|gi|546681183|taxonID|77166|Dendroctonusponderosae  
   #    score  bias  c-Evalue  i-Evalue hmmfrom  hmm to    alifrom  ali to    envfrom  env to     acc
 ---   ------ ----- --------- --------- ------- -------    ------- -------    ------- -------    ----
   1 !   27.3   0.5   4.5e-08   6.3e-06       5      33 .]     260     287 ..     258     287 .. 0.93

  Alignments for each domain:
  == domain 1  score: 27.3 bits;  conditional E-value: 4.5e-08
                                                                                     Round3_FinalIHelix   5 eglalllfiagletisnsllsslLfylla 33 
                                                                                                            +++a+++f+a+l+t s+s+ sslLf++++
  sid|11739|pid|8484|hfid|1382|sfid|393|gb|ERL91318.1|gi|546681183|taxonID|77166|Dendroctonusponderosae 260 DDIAEEVFNAFLDTLSYSC-SSLLFCFYE 287
                                                                                                            689****************.*******96 PP

>> sid|6151|pid|4182|hfid|316|sfid|19|dbj|BAE20061.1|gi|73760319|taxonID|481883|Eublepharismacularius  
   #    score  bias  c-Evalue  i-Evalue hmmfrom  hmm to    alifrom  ali to    envfrom  env to     acc
 ---   ------ ----- --------- --------- ------- -------    ------- -------    ------- -------    ----
   1 !   25.3   0.3     2e-07   2.9e-05       2      32 ..     293     322 ..     292     323 .. 0.92

  Alignments for each domain:
  == domain 1  score: 25.3 bits;  conditional E-value: 2e-07
                                                                                  Round3_FinalIHelix   2 keaeglalllfiagletisnsllsslLfyll 32 
                                                                                                         +++++++l+++ia+++t s++l +++L+ ++
  sid|6151|pid|4182|hfid|316|sfid|19|dbj|BAE20061.1|gi|73760319|taxonID|481883|Eublepharismacularius 293 ENVNQCVLEMLIAAPDTLSVTL-FFMLALIA 322
                                                                                                         688*******************.699*9887 PP

>> sid|11709|pid|8457|hfid|1370|sfid|347|gb|ENN70690.1|gi|478250187|taxonID|77166|Dendroctonusponderosae  
   #    score  bias  c-Evalue  i-Evalue hmmfrom  hmm to    alifrom  ali to    envfrom  env to     acc
 ---   ------ ----- --------- --------- ------- -------    ------- -------    ------- -------    ----
   1 !   14.1   0.5   0.00086      0.12       4      32 ..     349     372 ..     346     373 .. 0.85
   2 !   15.0   0.5   0.00044     0.063       4      32 ..     849     872 ..     846     873 .. 0.85

  Alignments for each domain:
  == domain 1  score: 14.1 bits;  conditional E-value: 0.00086
                                                                                     Round3_FinalIHelix   4 aeglalllfiagletisnsllsslLfyll 32 
                                                                                                            a+++    f++g+et+s +l s+lLf+l+
  sid|11709|pid|8457|hfid|1370|sfid|347|gb|ENN70690.1|gi|478250187|taxonID|77166|Dendroctonusponderosae 349 ASTF----FLDGYETSSLTL-SFLLFNLA 372
                                                                                                            5555....888*********.******98 PP

  == domain 2  score: 15.0 bits;  conditional E-value: 0.00044
                                                                                     Round3_FinalIHelix   4 aeglalllfiagletisnsllsslLfyll 32 
                                                                                                            a+++    f++g+e++sn++ +slL++l+
  sid|11709|pid|8457|hfid|1370|sfid|347|gb|ENN70690.1|gi|478250187|taxonID|77166|Dendroctonusponderosae 849 ATTF----FLDGYESSSNVM-TSLLMNLA 872
                                                                                                            5555....888*********.8*****98 PP

>> sid|6209|pid|4227|hfid|316|sfid|19|gi|148238050|taxonID|8364|Xenopus(Silurana)tropicalis  
   #    score  bias  c-Evalue  i-Evalue hmmfrom  hmm to    alifrom  ali to    envfrom  env to     acc
 ---   ------ ----- --------- --------- ------- -------    ------- -------    ------- -------    ----
   1 !   27.2   0.4   4.8e-08   6.8e-06       2      31 ..     292     320 ..     291     322 .. 0.87

  Alignments for each domain:
  == domain 1  score: 27.2 bits;  conditional E-value: 4.8e-08
                                                                        Round3_FinalIHelix   2 keaeglalllfiagletisnsllsslLfyl 31 
                                                                                               +++++++l+++ia+++t+s+sl +++L  +
  sid|6209|pid|4227|hfid|316|sfid|19|gi|148238050|taxonID|8364|Xenopus(Silurana)tropicalis 292 ENVNQCILEMLIAAPDTMSVSL-FFMLVLV 320
                                                                                               789*******************.5888665 PP

>> sid|6210|pid|4227|hfid|316|sfid|19|dbj|BAE93232.1|gi|91754114|taxonID|8364|Xenopus(Silurana)tropicalis  
   #    score  bias  c-Evalue  i-Evalue hmmfrom  hmm to    alifrom  ali to    envfrom  env to     acc
 ---   ------ ----- --------- --------- ------- -------    ------- -------    ------- -------    ----
   1 !   27.2   0.4   4.8e-08   6.8e-06       2      31 ..     292     320 ..     291     322 .. 0.87

  Alignments for each domain:
  == domain 1  score: 27.2 bits;  conditional E-value: 4.8e-08
                                                                                      Round3_FinalIHelix   2 keaeglalllfiagletisnsllsslLfyl 31 
                                                                                                             +++++++l+++ia+++t+s+sl +++L  +
  sid|6210|pid|4227|hfid|316|sfid|19|dbj|BAE93232.1|gi|91754114|taxonID|8364|Xenopus(Silurana)tropicalis 292 ENVNQCILEMLIAAPDTMSVSL-FFMLVLV 320
                                                                                                             789*******************.5888665 PP

>> sid|6184|pid|4208|hfid|316|sfid|19|sp|P22443.1|gi|117295|taxonID|10116|Rattusnorvegicus  
   #    score  bias  c-Evalue  i-Evalue hmmfrom  hmm to    alifrom  ali to    envfrom  env to     acc
 ---   ------ ----- --------- --------- ------- -------    ------- -------    ------- -------    ----
   1 !   26.0   0.3   1.2e-07   1.7e-05       2      30 ..     294     322 ..     292     324 .. 0.84

  Alignments for each domain:
  == domain 1  score: 26.0 bits;  conditional E-value: 1.2e-07
                                                                       Round3_FinalIHelix   2 keaeglalllfiagletisnsllsslLfy 30 
                                                                                              +++++++l+++ia+++t+s++l+ +lL++
  sid|6184|pid|4208|hfid|316|sfid|19|sp|P22443.1|gi|117295|taxonID|10116|Rattusnorvegicus 294 ENVNQCILEMLIAAPDTMSVTLYVMLLLI 322
                                                                                              577*******************9666554 PP

>> sid|6298|pid|4291|hfid|316|sfid|19|gi|573881136|taxonID|7918|Lepisosteusoculatus  
   #    score  bias  c-Evalue  i-Evalue hmmfrom  hmm to    alifrom  ali to    envfrom  env to     acc
 ---   ------ ----- --------- --------- ------- -------    ------- -------    ------- -------    ----
   1 !   25.4   0.4     2e-07   2.8e-05       3      31 ..     282     309 ..     281     310 .. 0.93

  Alignments for each domain:
  == domain 1  score: 25.4 bits;  conditional E-value: 2e-07
                                                                Round3_FinalIHelix   3 eaeglalllfiagletisnsllsslLfyl 31 
                                                                                       ++++++l+++ia+++t+s+sl+ ++L+ l
  sid|6298|pid|4291|hfid|316|sfid|19|gi|573881136|taxonID|7918|Lepisosteusoculatus 282 NVNQCVLEMLIAAPDTMSVSLY-FMLMLL 309
                                                                                       679******************9.999987 PP

>> sid|6185|pid|4208|hfid|316|sfid|19|gi|281182626|taxonID|10116|Rattusnorvegicus  
   #    score  bias  c-Evalue  i-Evalue hmmfrom  hmm to    alifrom  ali to    envfrom  env to     acc
 ---   ------ ----- --------- --------- ------- -------    ------- -------    ------- -------    ----
   1 !   26.0   0.3   1.2e-07   1.7e-05       2      30 ..     294     322 ..     292     324 .. 0.84

  Alignments for each domain:
  == domain 1  score: 26.0 bits;  conditional E-value: 1.2e-07
                                                              Round3_FinalIHelix   2 keaeglalllfiagletisnsllsslLfy 30 
                                                                                     +++++++l+++ia+++t+s++l+ +lL++
  sid|6185|pid|4208|hfid|316|sfid|19|gi|281182626|taxonID|10116|Rattusnorvegicus 294 ENVNQCILEMLIAAPDTMSVTLYVMLLLI 322
                                                                                     577*******************9666554 PP

>> sid|6202|pid|4221|hfid|316|sfid|19|gb|AAP43633.1|gi|31415709|taxonID|9337|Trichosurusvulpecula  
   #    score  bias  c-Evalue  i-Evalue hmmfrom  hmm to    alifrom  ali to    envfrom  env to     acc
 ---   ------ ----- --------- --------- ------- -------    ------- -------    ------- -------    ----
   1 !   25.5   0.3   1.8e-07   2.5e-05       2      30 ..     216     244 ..     215     246 .. 0.86

  Alignments for each domain:
  == domain 1  score: 25.5 bits;  conditional E-value: 1.8e-07
                                                                              Round3_FinalIHelix   2 keaeglalllfiagletisnsllsslLfy 30 
                                                                                                     +++++++l+++ia+++t s++++++lL++
  sid|6202|pid|4221|hfid|316|sfid|19|gb|AAP43633.1|gi|31415709|taxonID|9337|Trichosurusvulpecula 216 ENVNQCILEMLIAAPDTLSVTVYFMLLLI 244
                                                                                                     688*******************9666654 PP

>> sid|4935|pid|3317|hfid|1296|sfid|305|gb|AAS13464.1|gi|42398143|taxonID|6984|Diplopterapunctata  
   #    score  bias  c-Evalue  i-Evalue hmmfrom  hmm to    alifrom  ali to    envfrom  env to     acc
 ---   ------ ----- --------- --------- ------- -------    ------- -------    ------- -------    ----
   1 !   25.3   1.5     2e-07   2.9e-05       3      32 ..     289     318 ..     287     319 .. 0.92

  Alignments for each domain:
  == domain 1  score: 25.3 bits;  conditional E-value: 2e-07
                                                                              Round3_FinalIHelix   3 eaeglalllfiagletisnsllsslLfyll 32 
                                                                                                     ++ +l l+lf+ag+et+sn+l++++L++ll
  sid|4935|pid|3317|hfid|1296|sfid|305|gb|AAS13464.1|gi|42398143|taxonID|6984|Diplopterapunctata 289 QLVSLCLDLFMAGSETTSNTLGFAVLYMLL 318
                                                                                                     677889**********************97 PP

>> sid|6201|pid|4220|hfid|316|sfid|19|gi|511868515|taxonID|9669|Mustelaputoriusfuro  
   #    score  bias  c-Evalue  i-Evalue hmmfrom  hmm to    alifrom  ali to    envfrom  env to     acc
 ---   ------ ----- --------- --------- ------- -------    ------- -------    ------- -------    ----
   1 !   26.9   0.2   6.5e-08   9.1e-06       2      32 ..     294     323 ..     293     324 .. 0.92

  Alignments for each domain:
  == domain 1  score: 26.9 bits;  conditional E-value: 6.5e-08
                                                                Round3_FinalIHelix   2 keaeglalllfiagletisnsllsslLfyll 32 
                                                                                       +++++++l+++ a+++t+s+s+ +++Lf ++
  sid|6201|pid|4220|hfid|316|sfid|19|gi|511868515|taxonID|9669|Mustelaputoriusfuro 294 ENVNQCILEMLVAAPDTMSVSV-FFMLFLIA 323
                                                                                       789*******************.6****987 PP

>> sid|6213|pid|4229|hfid|316|sfid|19|gb|AAM95462.1|gi|22475179|taxonID|8319|Pleurodeleswaltl  
   #    score  bias  c-Evalue  i-Evalue hmmfrom  hmm to    alifrom  ali to    envfrom  env to     acc
 ---   ------ ----- --------- --------- ------- -------    ------- -------    ------- -------    ----
   1 !   26.8   0.5   6.6e-08   9.3e-06       3      32 ..     301     329 ..     299     330 .. 0.91

  Alignments for each domain:
  == domain 1  score: 26.8 bits;  conditional E-value: 6.6e-08
                                                                          Round3_FinalIHelix   3 eaeglalllfiagletisnsllsslLfyll 32 
                                                                                                 ++++++l+++ia+++t+s+sl+ ++L+ ++
  sid|6213|pid|4229|hfid|316|sfid|19|gb|AAM95462.1|gi|22475179|taxonID|8319|Pleurodeleswaltl 301 NVNQCILEMLIAAPDTMSVSLY-FMLMLIA 329
                                                                                                 789******************9.9999876 PP

>> sid|6166|pid|4195|hfid|316|sfid|19|gi|507557568|taxonID|51337|Jaculusjaculus  
   #    score  bias  c-Evalue  i-Evalue hmmfrom  hmm to    alifrom  ali to    envfrom  env to     acc
 ---   ------ ----- --------- --------- ------- -------    ------- -------    ------- -------    ----
   1 !   26.5   0.1   8.1e-08   1.1e-05       2      30 ..     294     322 ..     292     324 .. 0.84

  Alignments for each domain:
  == domain 1  score: 26.5 bits;  conditional E-value: 8.1e-08
                                                            Round3_FinalIHelix   2 keaeglalllfiagletisnsllsslLfy 30 
                                                                                   +++++++l+++ia+++t+s++++++lL++
  sid|6166|pid|4195|hfid|316|sfid|19|gi|507557568|taxonID|51337|Jaculusjaculus 294 ENVNQCVLEMLIAAPDTMSVTVYFMLLLI 322
                                                                                   577*******************9666655 PP

>> sid|85278|pid|62969|hfid|225|sfid|6|gi|340723208|taxonID|30195|Bombusterrestris  
   #    score  bias  c-Evalue  i-Evalue hmmfrom  hmm to    alifrom  ali to    envfrom  env to     acc
 ---   ------ ----- --------- --------- ------- -------    ------- -------    ------- -------    ----
   1 !   11.5   0.1    0.0059      0.83       8      31 ..     309     331 ..     303     332 .. 0.87
   2 !   14.2   0.3   0.00079      0.11       8      31 ..     536     558 ..     534     559 .. 0.90

  Alignments for each domain:
  == domain 1  score: 11.5 bits;  conditional E-value: 0.0059
                                                               Round3_FinalIHelix   8 alllfiagletisnsllsslLfyl 31 
                                                                                      a++ f+ag+et+++++ s++L+ l
  sid|85278|pid|62969|hfid|225|sfid|6|gi|340723208|taxonID|30195|Bombusterrestris 309 AAIFFAAGFETSAATM-SFTLYEL 331
                                                                                      5678************.9***966 PP

  == domain 2  score: 14.2 bits;  conditional E-value: 0.00079
                                                               Round3_FinalIHelix   8 alllfiagletisnsllsslLfyl 31 
                                                                                      a++lf+ag+et+s ++ s++L+ l
  sid|85278|pid|62969|hfid|225|sfid|6|gi|340723208|taxonID|30195|Bombusterrestris 536 AAILFAAGFETSSTTM-SFTLYEL 558
                                                                                      5789************.9***966 PP

>> sid|6191|pid|4212|hfid|316|sfid|19|gi|602686705|taxonID|118797|Lipotesvexillifer  
   #    score  bias  c-Evalue  i-Evalue hmmfrom  hmm to    alifrom  ali to    envfrom  env to     acc
 ---   ------ ----- --------- --------- ------- -------    ------- -------    ------- -------    ----
   1 !   24.9   0.2   2.7e-07   3.9e-05       2      31 ..     294     323 ..     293     324 .. 0.91

  Alignments for each domain:
  == domain 1  score: 24.9 bits;  conditional E-value: 2.7e-07
                                                                Round3_FinalIHelix   2 keaeglalllfiagletisnsllsslLfyl 31 
                                                                                       +++++++l+++ia+++t+s s+++++L+++
  sid|6191|pid|4212|hfid|316|sfid|19|gi|602686705|taxonID|118797|Lipotesvexillifer 294 ENVNQCVLEMLIAAPDTMSISVFFMMLLIA 323
                                                                                       789*******************99999875 PP

>> sid|99405|pid|75068|hfid|1282|sfid|301|gb|AGN52764.1|gi|510813186|taxonID|195883|Laodelphaxstriatella  
   #    score  bias  c-Evalue  i-Evalue hmmfrom  hmm to    alifrom  ali to    envfrom  env to     acc
 ---   ------ ----- --------- --------- ------- -------    ------- -------    ------- -------    ----
   1 !   25.1   0.4   2.4e-07   3.4e-05       3      32 ..     286     314 ..     285     315 .. 0.93

  Alignments for each domain:
  == domain 1  score: 25.1 bits;  conditional E-value: 2.4e-07
                                                                                     Round3_FinalIHelix   3 eaeglalllfiagletisnsllsslLfyll 32 
                                                                                                             a+ lal+l+++g++tis+++ +s+L++l+
  sid|99405|pid|75068|hfid|1282|sfid|301|gb|AGN52764.1|gi|510813186|taxonID|195883|Laodelphaxstriatella 286 LAYVLALDLILVGIDTISMAV-CSVLYQLA 314
                                                                                                            5789*****************.9*****98 PP

>> sid|6261|pid|4262|hfid|316|sfid|19|sp|Q6QHT9.1|gi|66773993|taxonID|7937|Anguillajaponica  
   #    score  bias  c-Evalue  i-Evalue hmmfrom  hmm to    alifrom  ali to    envfrom  env to     acc
 ---   ------ ----- --------- --------- ------- -------    ------- -------    ------- -------    ----
   1 !   25.9   0.4   1.3e-07   1.9e-05       2      31 ..     307     335 ..     306     336 .. 0.92

  Alignments for each domain:
  == domain 1  score: 25.9 bits;  conditional E-value: 1.3e-07
                                                                        Round3_FinalIHelix   2 keaeglalllfiagletisnsllsslLfyl 31 
                                                                                               +++ +++l+++ia+++t+s sl +++L+ l
  sid|6261|pid|4262|hfid|316|sfid|19|sp|Q6QHT9.1|gi|66773993|taxonID|7937|Anguillajaponica 307 ENVQQCILEMIIAAPDTMSISL-FFMLMLL 335
                                                                                               7889******************.699*987 PP

>> sid|6111|pid|4149|hfid|316|sfid|19|gi|47523920|taxonID|9823|Susscrofa  
   #    score  bias  c-Evalue  i-Evalue hmmfrom  hmm to    alifrom  ali to    envfrom  env to     acc
 ---   ------ ----- --------- --------- ------- -------    ------- -------    ------- -------    ----
   1 !   24.0   0.4   5.5e-07   7.8e-05       2      32 ..     292     321 ..     290     322 .. 0.90

  Alignments for each domain:
  == domain 1  score: 24.0 bits;  conditional E-value: 5.5e-07
                                                     Round3_FinalIHelix   2 keaeglalllfiagletisnsllsslLfyll 32 
                                                                            +++++++l++ ia+++t+s ++ +++Lf ++
  sid|6111|pid|4149|hfid|316|sfid|19|gi|47523920|taxonID|9823|Susscrofa 292 ENVNQCVLEMMIAAPDTMSITV-FFMLFLIA 321
                                                                            577*******************.6****986 PP

>> sid|105378|pid|80480|hfid|354|sfid|35|gi|308496309|taxonID|31234|Caenorhabditisremanei  
   #    score  bias  c-Evalue  i-Evalue hmmfrom  hmm to    alifrom  ali to    envfrom  env to     acc
 ---   ------ ----- --------- --------- ------- -------    ------- -------    ------- -------    ----
   1 !   23.8   0.1   6.3e-07     9e-05       2      32 ..     293     323 ..     292     324 .. 0.91

  Alignments for each domain:
  == domain 1  score: 23.8 bits;  conditional E-value: 6.3e-07
                                                                      Round3_FinalIHelix   2 keaeglalllfiagletisnsllsslLfyll 32 
                                                                                             ++++ l+l+l+i+g+et++++l+s+++++l+
  sid|105378|pid|80480|hfid|354|sfid|35|gi|308496309|taxonID|31234|Caenorhabditisremanei 293 ENLKILVLDLWITGQETTTMTLISAFIQFLN 323
                                                                                             567889**********************997 PP

>> sid|6262|pid|4262|hfid|316|sfid|19|gb|AHM63732.1|gi|595583445|taxonID|7936|Anguillaanguilla  
   #    score  bias  c-Evalue  i-Evalue hmmfrom  hmm to    alifrom  ali to    envfrom  env to     acc
 ---   ------ ----- --------- --------- ------- -------    ------- -------    ------- -------    ----
   1 !   25.4   0.3   1.9e-07   2.7e-05       2      31 ..     307     335 ..     306     336 .. 0.92

  Alignments for each domain:
  == domain 1  score: 25.4 bits;  conditional E-value: 1.9e-07
                                                                           Round3_FinalIHelix   2 keaeglalllfiagletisnsllsslLfyl 31 
                                                                                                  +++ +++l+++ia+++t+s sl +++L+ l
  sid|6262|pid|4262|hfid|316|sfid|19|gb|AHM63732.1|gi|595583445|taxonID|7936|Anguillaanguilla 307 ENVRQCILEMIIAAPDTMSISL-FFMLMLL 335
                                                                                                  7889******************.699*987 PP

>> sid|11387|pid|8179|hfid|1281|sfid|301|gi|170046077|taxonID|7176|Culexquinquefasciatus  
   #    score  bias  c-Evalue  i-Evalue hmmfrom  hmm to    alifrom  ali to    envfrom  env to     acc
 ---   ------ ----- --------- --------- ------- -------    ------- -------    ------- -------    ----
   1 !   24.2   0.4   4.7e-07   6.7e-05       2      32 ..     368     397 ..     367     398 .. 0.92

  Alignments for each domain:
  == domain 1  score: 24.2 bits;  conditional E-value: 4.7e-07
                                                                     Round3_FinalIHelix   2 keaeglalllfiagletisnsllsslLfyll 32 
                                                                                            k a  +al+++++g++tis+++ +s+L++l+
  sid|11387|pid|8179|hfid|1281|sfid|301|gi|170046077|taxonID|7176|Culexquinquefasciatus 368 KLAVVMALDMILVGIDTISMAV-CSILYQLA 397
                                                                                            56789*****************.9*****98 PP

>> sid|11380|pid|8173|hfid|1281|sfid|301|gi|158295296|taxonID|180454|Anophelesgambiaestr.PEST  
   #    score  bias  c-Evalue  i-Evalue hmmfrom  hmm to    alifrom  ali to    envfrom  env to     acc
 ---   ------ ----- --------- --------- ------- -------    ------- -------    ------- -------    ----
   1 !   24.2   0.4   4.5e-07   6.4e-05       2      32 ..     365     394 ..     364     395 .. 0.92

  Alignments for each domain:
  == domain 1  score: 24.2 bits;  conditional E-value: 4.5e-07
                                                                          Round3_FinalIHelix   2 keaeglalllfiagletisnsllsslLfyll 32 
                                                                                                 k a  +al+l+++g++tis+++ +s+L++l+
  sid|11380|pid|8173|hfid|1281|sfid|301|gi|158295296|taxonID|180454|Anophelesgambiaestr.PEST 365 KLAVVMALDLILVGIDTISMAV-CSILYQLA 394
                                                                                                 56789*****************.9*****98 PP

>> sid|105379|pid|80481|hfid|354|sfid|35|gb|EGT42727.1|gi|341886792|taxonID|135651|Caenorhabditisbrenneri  
   #    score  bias  c-Evalue  i-Evalue hmmfrom  hmm to    alifrom  ali to    envfrom  env to     acc
 ---   ------ ----- --------- --------- ------- -------    ------- -------    ------- -------    ----
   1 !   25.3   0.1   2.1e-07   2.9e-05       2      32 ..     293     323 ..     292     324 .. 0.93

  Alignments for each domain:
  == domain 1  score: 25.3 bits;  conditional E-value: 2.1e-07
                                                                                      Round3_FinalIHelix   2 keaeglalllfiagletisnsllsslLfyll 32 
                                                                                                             ++++ ++l+l+i+g+et++++l+s+++++l+
  sid|105379|pid|80481|hfid|354|sfid|35|gb|EGT42727.1|gi|341886792|taxonID|135651|Caenorhabditisbrenneri 293 ENLKVIVLDLWITGQETTTMTLISAFIRFLN 323
                                                                                                             6789***********************9996 PP

>> sid|11383|pid|8175|hfid|1281|sfid|301|gb|ETN65528.1|gi|568257189|taxonID|43151|Anophelesdarlingi  
   #    score  bias  c-Evalue  i-Evalue hmmfrom  hmm to    alifrom  ali to    envfrom  env to     acc
 ---   ------ ----- --------- --------- ------- -------    ------- -------    ------- -------    ----
   1 !   24.2   0.4   4.6e-07   6.5e-05       2      32 ..     372     401 ..     371     402 .. 0.92

  Alignments for each domain:
  == domain 1  score: 24.2 bits;  conditional E-value: 4.6e-07
                                                                                Round3_FinalIHelix   2 keaeglalllfiagletisnsllsslLfyll 32 
                                                                                                       k a  +al+l+++g++tis+++ +s+L++l+
  sid|11383|pid|8175|hfid|1281|sfid|301|gb|ETN65528.1|gi|568257189|taxonID|43151|Anophelesdarlingi 372 KLAVVMALDLILVGIDTISMAV-CSILYQLA 401
                                                                                                       56789*****************.9*****98 PP

>> sid|11402|pid|8194|hfid|1281|sfid|301|gi|557755455|taxonID|7370|Muscadomestica  
   #    score  bias  c-Evalue  i-Evalue hmmfrom  hmm to    alifrom  ali to    envfrom  env to     acc
 ---   ------ ----- --------- --------- ------- -------    ------- -------    ------- -------    ----
   1 !   23.8   0.4   6.3e-07     9e-05       7      32 ..     379     403 ..     373     404 .. 0.91

  Alignments for each domain:
  == domain 1  score: 23.8 bits;  conditional E-value: 6.3e-07
                                                              Round3_FinalIHelix   7 lalllfiagletisnsllsslLfyll 32 
                                                                                     +al+l+++g++tis+++ +s+L++l+
  sid|11402|pid|8194|hfid|1281|sfid|301|gi|557755455|taxonID|7370|Muscadomestica 379 MALDLILVGIDTISMAV-CSMLYQLA 403
                                                                                     89***************.9*****98 PP

>> sid|6126|pid|4163|hfid|316|sfid|19|dbj|BAD12119.1|gi|44886090|taxonID|8330|Cynopspyrrhogaster  
   #    score  bias  c-Evalue  i-Evalue hmmfrom  hmm to    alifrom  ali to    envfrom  env to     acc
 ---   ------ ----- --------- --------- ------- -------    ------- -------    ------- -------    ----
   1 !   25.1   0.5   2.4e-07   3.4e-05       3      32 ..     295     323 ..     293     324 .. 0.91

  Alignments for each domain:
  == domain 1  score: 25.1 bits;  conditional E-value: 2.4e-07
                                                                             Round3_FinalIHelix   3 eaeglalllfiagletisnsllsslLfyll 32 
                                                                                                    ++++++l+++ia+++t s++l+ ++L+ ++
  sid|6126|pid|4163|hfid|316|sfid|19|dbj|BAD12119.1|gi|44886090|taxonID|8330|Cynopspyrrhogaster 295 NVNQCILEMLIAAPDTLSVTLY-FMLMLIA 323
                                                                                                    789******************9.9999876 PP

>> sid|6122|pid|4159|hfid|316|sfid|19|gi|611969675|taxonID|13616|Monodelphisdomestica  
   #    score  bias  c-Evalue  i-Evalue hmmfrom  hmm to    alifrom  ali to    envfrom  env to     acc
 ---   ------ ----- --------- --------- ------- -------    ------- -------    ------- -------    ----
   1 !   25.0   0.2   2.6e-07   3.7e-05       2      30 ..     294     322 ..     293     324 .. 0.86

  Alignments for each domain:
  == domain 1  score: 25.0 bits;  conditional E-value: 2.6e-07
                                                                  Round3_FinalIHelix   2 keaeglalllfiagletisnsllsslLfy 30 
                                                                                         +++++++l+++ia+++t s++++++lL++
  sid|6122|pid|4159|hfid|316|sfid|19|gi|611969675|taxonID|13616|Monodelphisdomestica 294 ENVNQCILEMLIAAPDTLSVTVYFMLLLI 322
                                                                                         688*******************9666655 PP

>> sid|11412|pid|8200|hfid|1281|sfid|301|gi|195455871|taxonID|7260|Drosophilawillistoni  
   #    score  bias  c-Evalue  i-Evalue hmmfrom  hmm to    alifrom  ali to    envfrom  env to     acc
 ---   ------ ----- --------- --------- ------- -------    ------- -------    ------- -------    ----
   1 !   23.9   0.4     6e-07   8.4e-05       7      32 ..     349     373 ..     343     374 .. 0.91

  Alignments for each domain:
  == domain 1  score: 23.9 bits;  conditional E-value: 6e-07
                                                                    Round3_FinalIHelix   7 lalllfiagletisnsllsslLfyll 32 
                                                                                           +al+l+++g++tis+++ +s+L++l+
  sid|11412|pid|8200|hfid|1281|sfid|301|gi|195455871|taxonID|7260|Drosophilawillistoni 349 MALDLILVGIDTISMAV-CSMLYQLA 373
                                                                                           89***************.9*****98 PP

>> sid|6390|pid|4356|hfid|316|sfid|19|gb|ABD62880.1|gi|89152376|taxonID|8049|Gadusmorhua  
   #    score  bias  c-Evalue  i-Evalue hmmfrom  hmm to    alifrom  ali to    envfrom  env to     acc
 ---   ------ ----- --------- --------- ------- -------    ------- -------    ------- -------    ----
   1 !   20.1   0.1   9.5e-06    0.0013       3      31 ..     317     344 ..     315     345 .. 0.86

  Alignments for each domain:
  == domain 1  score: 20.1 bits;  conditional E-value: 9.5e-06
                                                                     Round3_FinalIHelix   3 eaeglalllfiagletisnsllsslLfyl 31 
                                                                                            ++ +++l++ iag++t s+sll ++L+ l
  sid|6390|pid|4356|hfid|316|sfid|19|gb|ABD62880.1|gi|89152376|taxonID|8049|Gadusmorhua 317 HVRQCVLEMVIAGPDTLSVSLL-FMLLLL 344
                                                                                            6789*****************6.777655 PP

>> sid|6359|pid|4334|hfid|316|sfid|19|dbj|BAJ19136.1|gi|307548819|taxonID|75329|Misgurnusanguillicaudatus  
   #    score  bias  c-Evalue  i-Evalue hmmfrom  hmm to    alifrom  ali to    envfrom  env to     acc
 ---   ------ ----- --------- --------- ------- -------    ------- -------    ------- -------    ----
   1 !   24.9   0.1   2.7e-07   3.8e-05       2      31 ..     313     341 ..     312     343 .. 0.91

  Alignments for each domain:
  == domain 1  score: 24.9 bits;  conditional E-value: 2.7e-07
                                                                                      Round3_FinalIHelix   2 keaeglalllfiagletisnsllsslLfyl 31 
                                                                                                             +++++++l++ iag++t s+sl +++L++l
  sid|6359|pid|4334|hfid|316|sfid|19|dbj|BAJ19136.1|gi|307548819|taxonID|75329|Misgurnusanguillicaudatus 313 ENVKQCVLEMVIAGPDTLSVSL-FFMLLIL 341
                                                                                                             789*******************.6999887 PP

>> sid|11394|pid|8186|hfid|1281|sfid|301|gb|EAT33149.2|gi|403183452|gi|157105917|taxonID|7159|Aedesaegypti  
   #    score  bias  c-Evalue  i-Evalue hmmfrom  hmm to    alifrom  ali to    envfrom  env to     acc
 ---   ------ ----- --------- --------- ------- -------    ------- -------    ------- -------    ----
   1 !   23.8   0.4   6.2e-07   8.8e-05       3      32 ..     377     405 ..     375     406 .. 0.91

  Alignments for each domain:
  == domain 1  score: 23.8 bits;  conditional E-value: 6.2e-07
                                                                                       Round3_FinalIHelix   3 eaeglalllfiagletisnsllsslLfyll 32 
                                                                                                               a  +al+l+++g++tis+++ +s+L++l+
  sid|11394|pid|8186|hfid|1281|sfid|301|gb|EAT33149.2|gi|403183452|gi|157105917|taxonID|7159|Aedesaegypti 377 LAVVMALDLILVGIDTISMAV-CSILYQLA 405
                                                                                                              5689*****************.9*****98 PP

>> sid|91911|pid|68598|hfid|225|sfid|6|gi|350418750|taxonID|132113|Bombusimpatiens  
   #    score  bias  c-Evalue  i-Evalue hmmfrom  hmm to    alifrom  ali to    envfrom  env to     acc
 ---   ------ ----- --------- --------- ------- -------    ------- -------    ------- -------    ----
   1 !   11.7   0.2    0.0051      0.72       8      28 ..     320     339 ..     318     344 .. 0.88
   2 !   12.1   0.2    0.0038      0.54       9      32 ..     479     501 ..     474     502 .. 0.88

  Alignments for each domain:
  == domain 1  score: 11.7 bits;  conditional E-value: 0.0051
                                                               Round3_FinalIHelix   8 alllfiagletisnsllsslL 28 
                                                                                      a++lf+ag+et+s ++ s++L
  sid|91911|pid|68598|hfid|225|sfid|6|gi|350418750|taxonID|132113|Bombusimpatiens 320 AAILFAAGFETSSTTM-SFTL 339
                                                                                      5789************.9998 PP

  == domain 2  score: 12.1 bits;  conditional E-value: 0.0038
                                                               Round3_FinalIHelix   9 lllfiagletisnsllsslLfyll 32 
                                                                                      ++ f+ag+et+++++ s++L+ l+
  sid|91911|pid|68598|hfid|225|sfid|6|gi|350418750|taxonID|132113|Bombusimpatiens 479 AIFFAAGFETSAATM-SFTLYELA 501
                                                                                      6789***********.9***9887 PP

>> sid|11409|pid|8199|hfid|1281|sfid|301|gi|195582799|taxonID|7240|Drosophilasimulans  
   #    score  bias  c-Evalue  i-Evalue hmmfrom  hmm to    alifrom  ali to    envfrom  env to     acc
 ---   ------ ----- --------- --------- ------- -------    ------- -------    ------- -------    ----
   1 !   23.9   0.4     6e-07   8.5e-05       7      32 ..     353     377 ..     347     378 .. 0.91

  Alignments for each domain:
  == domain 1  score: 23.9 bits;  conditional E-value: 6e-07
                                                                  Round3_FinalIHelix   7 lalllfiagletisnsllsslLfyll 32 
                                                                                         +al+l+++g++tis+++ +s+L++l+
  sid|11409|pid|8199|hfid|1281|sfid|301|gi|195582799|taxonID|7240|Drosophilasimulans 353 MALDLILVGIDTISMAV-CSMLYQLA 377
                                                                                         89***************.9*****98 PP

>> sid|6183|pid|4207|hfid|316|sfid|19|gi|395503248|taxonID|9305|Sarcophilusharrisii  
   #    score  bias  c-Evalue  i-Evalue hmmfrom  hmm to    alifrom  ali to    envfrom  env to     acc
 ---   ------ ----- --------- --------- ------- -------    ------- -------    ------- -------    ----
   1 !   24.9   0.2   2.7e-07   3.9e-05       2      30 ..     315     343 ..     314     345 .. 0.86

  Alignments for each domain:
  == domain 1  score: 24.9 bits;  conditional E-value: 2.7e-07
                                                                Round3_FinalIHelix   2 keaeglalllfiagletisnsllsslLfy 30 
                                                                                       +++++++l+++ia+++t s++++++lL++
  sid|6183|pid|4207|hfid|316|sfid|19|gi|395503248|taxonID|9305|Sarcophilusharrisii 315 ENVNQCILEMLIAAPDTLSVTVYFMLLLI 343
                                                                                       688*******************9666655 PP

>> sid|11389|pid|8181|hfid|1281|sfid|301|gi|195485293|taxonID|7245|Drosophilayakuba  
   #    score  bias  c-Evalue  i-Evalue hmmfrom  hmm to    alifrom  ali to    envfrom  env to     acc
 ---   ------ ----- --------- --------- ------- -------    ------- -------    ------- -------    ----
   1 !   23.9   0.4     6e-07   8.5e-05       7      32 ..     353     377 ..     347     378 .. 0.91

  Alignments for each domain:
  == domain 1  score: 23.9 bits;  conditional E-value: 6e-07
                                                                Round3_FinalIHelix   7 lalllfiagletisnsllsslLfyll 32 
                                                                                       +al+l+++g++tis+++ +s+L++l+
  sid|11389|pid|8181|hfid|1281|sfid|301|gi|195485293|taxonID|7245|Drosophilayakuba 353 MALDLILVGIDTISMAV-CSMLYQLA 377
                                                                                       89***************.9*****98 PP

>> sid|11411|pid|8199|hfid|1281|sfid|301|gi|195333812|taxonID|7238|Drosophilasechellia  
   #    score  bias  c-Evalue  i-Evalue hmmfrom  hmm to    alifrom  ali to    envfrom  env to     acc
 ---   ------ ----- --------- --------- ------- -------    ------- -------    ------- -------    ----
   1 !   23.9   0.4     6e-07   8.5e-05       7      32 ..     353     377 ..     347     378 .. 0.91

  Alignments for each domain:
  == domain 1  score: 23.9 bits;  conditional E-value: 6e-07
                                                                   Round3_FinalIHelix   7 lalllfiagletisnsllsslLfyll 32 
                                                                                          +al+l+++g++tis+++ +s+L++l+
  sid|11411|pid|8199|hfid|1281|sfid|301|gi|195333812|taxonID|7238|Drosophilasechellia 353 MALDLILVGIDTISMAV-CSMLYQLA 377
                                                                                          89***************.9*****98 PP

>> sid|11410|pid|8199|hfid|1281|sfid|301|gi|19922108|taxonID|7227|Drosophilamelanogaster  
   #    score  bias  c-Evalue  i-Evalue hmmfrom  hmm to    alifrom  ali to    envfrom  env to     acc
 ---   ------ ----- --------- --------- ------- -------    ------- -------    ------- -------    ----
   1 !   23.9   0.4     6e-07   8.5e-05       7      32 ..     353     377 ..     347     378 .. 0.91

  Alignments for each domain:
  == domain 1  score: 23.9 bits;  conditional E-value: 6e-07
                                                                     Round3_FinalIHelix   7 lalllfiagletisnsllsslLfyll 32 
                                                                                            +al+l+++g++tis+++ +s+L++l+
  sid|11410|pid|8199|hfid|1281|sfid|301|gi|19922108|taxonID|7227|Drosophilamelanogaster 353 MALDLILVGIDTISMAV-CSMLYQLA 377
                                                                                            89***************.9*****98 PP

>> sid|11408|pid|8198|hfid|1281|sfid|301|gi|194883602|taxonID|7220|Drosophilaerecta  
   #    score  bias  c-Evalue  i-Evalue hmmfrom  hmm to    alifrom  ali to    envfrom  env to     acc
 ---   ------ ----- --------- --------- ------- -------    ------- -------    ------- -------    ----
   1 !   23.9   0.4     6e-07   8.5e-05       7      32 ..     353     377 ..     347     378 .. 0.91

  Alignments for each domain:
  == domain 1  score: 23.9 bits;  conditional E-value: 6e-07
                                                                Round3_FinalIHelix   7 lalllfiagletisnsllsslLfyll 32 
                                                                                       +al+l+++g++tis+++ +s+L++l+
  sid|11408|pid|8198|hfid|1281|sfid|301|gi|194883602|taxonID|7220|Drosophilaerecta 353 MALDLILVGIDTISMAV-CSMLYQLA 377
                                                                                       89***************.9*****98 PP

>> sid|11419|pid|8206|hfid|1281|sfid|301|gi|125810259|taxonID|46245|Drosophilapseudoobscurapseudoobscura  
   #    score  bias  c-Evalue  i-Evalue hmmfrom  hmm to    alifrom  ali to    envfrom  env to     acc
 ---   ------ ----- --------- --------- ------- -------    ------- -------    ------- -------    ----
   1 !   23.8   0.4   6.1e-07   8.6e-05       7      32 ..     358     382 ..     352     383 .. 0.91

  Alignments for each domain:
  == domain 1  score: 23.8 bits;  conditional E-value: 6.1e-07
                                                                                     Round3_FinalIHelix   7 lalllfiagletisnsllsslLfyll 32 
                                                                                                            +al+l+++g++tis+++ +s+L++l+
  sid|11419|pid|8206|hfid|1281|sfid|301|gi|125810259|taxonID|46245|Drosophilapseudoobscurapseudoobscura 358 MALDLILVGIDTISMAV-CSMLYQLA 382
                                                                                                            89***************.9*****98 PP

>> sid|11418|pid|8206|hfid|1281|sfid|301|gi|195175401|taxonID|7234|Drosophilapersimilis  
   #    score  bias  c-Evalue  i-Evalue hmmfrom  hmm to    alifrom  ali to    envfrom  env to     acc
 ---   ------ ----- --------- --------- ------- -------    ------- -------    ------- -------    ----
   1 !   23.8   0.4   6.1e-07   8.6e-05       7      32 ..     358     382 ..     352     383 .. 0.91

  Alignments for each domain:
  == domain 1  score: 23.8 bits;  conditional E-value: 6.1e-07
                                                                    Round3_FinalIHelix   7 lalllfiagletisnsllsslLfyll 32 
                                                                                           +al+l+++g++tis+++ +s+L++l+
  sid|11418|pid|8206|hfid|1281|sfid|301|gi|195175401|taxonID|7234|Drosophilapersimilis 358 MALDLILVGIDTISMAV-CSMLYQLA 382
                                                                                           89***************.9*****98 PP

>> sid|11401|pid|8193|hfid|1281|sfid|301|gi|194756494|taxonID|7217|Drosophilaananassae  
   #    score  bias  c-Evalue  i-Evalue hmmfrom  hmm to    alifrom  ali to    envfrom  env to     acc
 ---   ------ ----- --------- --------- ------- -------    ------- -------    ------- -------    ----
   1 !   23.8   0.4   6.1e-07   8.7e-05       7      32 ..     363     387 ..     357     388 .. 0.91

  Alignments for each domain:
  == domain 1  score: 23.8 bits;  conditional E-value: 6.1e-07
                                                                   Round3_FinalIHelix   7 lalllfiagletisnsllsslLfyll 32 
                                                                                          +al+l+++g++tis+++ +s+L++l+
  sid|11401|pid|8193|hfid|1281|sfid|301|gi|194756494|taxonID|7217|Drosophilaananassae 363 MALDLILVGIDTISMAV-CSMLYQLA 387
                                                                                          89***************.9*****98 PP

>> sid|61575|pid|43624|hfid|596|sfid|76|gi|357506985|taxonID|3880|Medicagotruncatula  
   #    score  bias  c-Evalue  i-Evalue hmmfrom  hmm to    alifrom  ali to    envfrom  env to     acc
 ---   ------ ----- --------- --------- ------- -------    ------- -------    ------- -------    ----
   1 ?    8.7   0.3     0.045       6.4       8      26 ..     174     191 ..     169     192 .. 0.83
   2 !   14.5   0.1    0.0006     0.085       6      23 ..     299     316 ..     294     325 .. 0.82

  Alignments for each domain:
  == domain 1  score: 8.7 bits;  conditional E-value: 0.045
                                                                 Round3_FinalIHelix   8 alllfiagletisnsllss 26 
                                                                                        ++ +f+++l++isn+l+ s
  sid|61575|pid|43624|hfid|596|sfid|76|gi|357506985|taxonID|3880|Medicagotruncatula 174 GEAVFNTVLNSISNTLF-S 191
                                                                                        5668************5.6 PP

  == domain 2  score: 14.5 bits;  conditional E-value: 0.0006
                                                                 Round3_FinalIHelix   6 glalllfiagletisnsl 23 
                                                                                         l+l+lf+ag++t+sn+ 
  sid|61575|pid|43624|hfid|596|sfid|76|gi|357506985|taxonID|3880|Medicagotruncatula 299 HLFLDLFFAGIDTTSNTI 316
                                                                                        699*************97 PP

>> sid|6193|pid|4214|hfid|316|sfid|19|gi|564730659|taxonID|8496|Alligatormississippiensis  
   #    score  bias  c-Evalue  i-Evalue hmmfrom  hmm to    alifrom  ali to    envfrom  env to     acc
 ---   ------ ----- --------- --------- ------- -------    ------- -------    ------- -------    ----
   1 !   22.8   0.5   1.4e-06   0.00019       2      32 ..     294     323 ..     293     324 .. 0.86

  Alignments for each domain:
  == domain 1  score: 22.8 bits;  conditional E-value: 1.4e-06
                                                                      Round3_FinalIHelix   2 keaeglalllfiagletisnsllsslLfyll 32 
                                                                                             +++++++l++ ia+++t s++l+ ++L  ++
  sid|6193|pid|4214|hfid|316|sfid|19|gi|564730659|taxonID|8496|Alligatormississippiensis 294 ENVNQCVLEMMIAAPDTLSVTLF-FMLVLIA 323
                                                                                             789*******************5.7776655 PP

>> sid|6362|pid|4337|hfid|316|sfid|19|gb|ACM51147.1|gi|222433606|taxonID|8153|Haplochromisburtoni  
   #    score  bias  c-Evalue  i-Evalue hmmfrom  hmm to    alifrom  ali to    envfrom  env to     acc
 ---   ------ ----- --------- --------- ------- -------    ------- -------    ------- -------    ----
   1 !   22.5   0.2   1.6e-06   0.00023       3      31 ..     171     198 ..     169     199 .. 0.91

  Alignments for each domain:
  == domain 1  score: 22.5 bits;  conditional E-value: 1.6e-06
                                                                              Round3_FinalIHelix   3 eaeglalllfiagletisnsllsslLfyl 31 
                                                                                                     ++ +++l+++ia+++t s sl +++L+ l
  sid|6362|pid|4337|hfid|316|sfid|19|gb|ACM51147.1|gi|222433606|taxonID|8153|Haplochromisburtoni 171 NVRQCVLEMIIAAPDTLSISL-FFMLMLL 198
                                                                                                     6789*****************.699*987 PP

>> sid|6134|pid|4169|hfid|316|sfid|19|gi|326926613|taxonID|9103|Meleagrisgallopavo  
   #    score  bias  c-Evalue  i-Evalue hmmfrom  hmm to    alifrom  ali to    envfrom  env to     acc
 ---   ------ ----- --------- --------- ------- -------    ------- -------    ------- -------    ----
   1 !   22.7   0.6   1.5e-06   0.00021       2      32 ..     293     322 ..     292     323 .. 0.86

  Alignments for each domain:
  == domain 1  score: 22.7 bits;  conditional E-value: 1.5e-06
                                                               Round3_FinalIHelix   2 keaeglalllfiagletisnsllsslLfyll 32 
                                                                                      +++++++l++ ia+++t s++l+ ++L  ++
  sid|6134|pid|4169|hfid|316|sfid|19|gi|326926613|taxonID|9103|Meleagrisgallopavo 293 ENVNQCVLEMMIAAPDTLSVTLF-FMLILIA 322
                                                                                      789*******************5.7776655 PP

>> sid|6147|pid|4179|hfid|316|sfid|19|gb|AAC04699.1|gi|2921280|taxonID|9796|Equuscaballus  
   #    score  bias  c-Evalue  i-Evalue hmmfrom  hmm to    alifrom  ali to    envfrom  env to     acc
 ---   ------ ----- --------- --------- ------- -------    ------- -------    ------- -------    ----
   1 !   23.6   0.2   7.4e-07   0.00011       2      30 ..     294     322 ..     292     324 .. 0.85

  Alignments for each domain:
  == domain 1  score: 23.6 bits;  conditional E-value: 7.4e-07
                                                                      Round3_FinalIHelix   2 keaeglalllfiagletisnsllsslLfy 30 
                                                                                             +++++++l++ ia+++t s++++++l+++
  sid|6147|pid|4179|hfid|316|sfid|19|gb|AAC04699.1|gi|2921280|taxonID|9796|Equuscaballus 294 ENVNQCILEMMIAAPDTLSVTVFFMLCLI 322
                                                                                             577*******************8776665 PP

>> sid|6218|pid|4233|hfid|316|sfid|19|gb|EMP29127.1|gi|465960938|taxonID|8469|Cheloniamydas  
   #    score  bias  c-Evalue  i-Evalue hmmfrom  hmm to    alifrom  ali to    envfrom  env to     acc
 ---   ------ ----- --------- --------- ------- -------    ------- -------    ------- -------    ----
   1 !   22.9   0.3   1.2e-06   0.00017       2      32 ..     156     185 ..     155     186 .. 0.86

  Alignments for each domain:
  == domain 1  score: 22.9 bits;  conditional E-value: 1.2e-06
                                                                        Round3_FinalIHelix   2 keaeglalllfiagletisnsllsslLfyll 32 
                                                                                               +++++++l++ ia+++t s++l+ ++L  ++
  sid|6218|pid|4233|hfid|316|sfid|19|gb|EMP29127.1|gi|465960938|taxonID|8469|Cheloniamydas 156 ENVNQCVLEMMIAAPDTLSVTLF-FMLVLIA 185
                                                                                               688*******************5.7776655 PP

>> sid|11815|pid|8536|hfid|360|sfid|39|gi|530382130|taxonID|9606|Homosapiens  
   #    score  bias  c-Evalue  i-Evalue hmmfrom  hmm to    alifrom  ali to    envfrom  env to     acc
 ---   ------ ----- --------- --------- ------- -------    ------- -------    ------- -------    ----
   1 !   22.1   0.1   2.1e-06    0.0003       2      32 ..     261     290 ..     260     291 .. 0.92

  Alignments for each domain:
  == domain 1  score: 22.1 bits;  conditional E-value: 2.1e-06
                                                         Round3_FinalIHelix   2 keaeglalllfiagletisnsllsslLfyll 32 
                                                                                +++++++lll++a+l+++++++ +++L+y+l
  sid|11815|pid|8536|hfid|360|sfid|39|gi|530382130|taxonID|9606|Homosapiens 261 ENSPNYGLLLLWASLSNAVPVA-FWTLAYVL 290
                                                                                677*******************.6*****97 PP

>> sid|11756|pid|8495|hfid|360|sfid|39|gi|525313655|taxonID|9606|Homosapiens  
   #    score  bias  c-Evalue  i-Evalue hmmfrom  hmm to    alifrom  ali to    envfrom  env to     acc
 ---   ------ ----- --------- --------- ------- -------    ------- -------    ------- -------    ----
   1 !   22.0   0.1   2.3e-06   0.00033       2      32 ..     241     270 ..     240     271 .. 0.92

  Alignments for each domain:
  == domain 1  score: 22.0 bits;  conditional E-value: 2.3e-06
                                                         Round3_FinalIHelix   2 keaeglalllfiagletisnsllsslLfyll 32 
                                                                                +++++++lll++a+l+++++++ +++L+y+l
  sid|11756|pid|8495|hfid|360|sfid|39|gi|525313655|taxonID|9606|Homosapiens 241 ENSPNYGLLLLWASLSNAVPVA-FWTLAYVL 270
                                                                                677*******************.6*****97 PP

>> sid|11757|pid|8495|hfid|360|sfid|39|dbj|BAH13522.1|gi|221043690|taxonID|9606|Homosapiens  
   #    score  bias  c-Evalue  i-Evalue hmmfrom  hmm to    alifrom  ali to    envfrom  env to     acc
 ---   ------ ----- --------- --------- ------- -------    ------- -------    ------- -------    ----
   1 !   22.0   0.1   2.3e-06   0.00033       2      32 ..     241     270 ..     240     271 .. 0.92

  Alignments for each domain:
  == domain 1  score: 22.0 bits;  conditional E-value: 2.3e-06
                                                                        Round3_FinalIHelix   2 keaeglalllfiagletisnsllsslLfyll 32 
                                                                                               +++++++lll++a+l+++++++ +++L+y+l
  sid|11757|pid|8495|hfid|360|sfid|39|dbj|BAH13522.1|gi|221043690|taxonID|9606|Homosapiens 241 ENSPNYGLLLLWASLSNAVPVA-FWTLAYVL 270
                                                                                               677*******************.6*****97 PP

>> sid|11814|pid|8536|hfid|360|sfid|39|gi|32313587|taxonID|9606|Homosapiens  
   #    score  bias  c-Evalue  i-Evalue hmmfrom  hmm to    alifrom  ali to    envfrom  env to     acc
 ---   ------ ----- --------- --------- ------- -------    ------- -------    ------- -------    ----
   1 !   21.9   0.1   2.5e-06   0.00035       2      32 ..     261     290 ..     260     291 .. 0.92

  Alignments for each domain:
  == domain 1  score: 21.9 bits;  conditional E-value: 2.5e-06
                                                        Round3_FinalIHelix   2 keaeglalllfiagletisnsllsslLfyll 32 
                                                                               +++++++lll++a+l+++++++ +++L+y+l
  sid|11814|pid|8536|hfid|360|sfid|39|gi|32313587|taxonID|9606|Homosapiens 261 ENSPNYGLLLLWASLSNAVPVA-FWTLAYVL 290
                                                                               677*******************.6*****97 PP

>> sid|10880|pid|7754|hfid|31|sfid|2|gb|EPY78829.1|gi|528759170|taxonID|419612|Camelusferus  
   #    score  bias  c-Evalue  i-Evalue hmmfrom  hmm to    alifrom  ali to    envfrom  env to     acc
 ---   ------ ----- --------- --------- ------- -------    ------- -------    ------- -------    ----
   1 !   11.6   0.4    0.0052      0.73       8      30 ..     222     243 ..     215     246 .. 0.78
   2 !   13.5   0.4    0.0013      0.19       2      30 ..     685     712 ..     683     715 .. 0.78

  Alignments for each domain:
  == domain 1  score: 11.6 bits;  conditional E-value: 0.0052
                                                                        Round3_FinalIHelix   8 alllfiagletisnsllsslLfy 30 
                                                                                                l+lf+ag et+s +l ++ L+y
  sid|10880|pid|7754|hfid|31|sfid|2|gb|EPY78829.1|gi|528759170|taxonID|419612|Camelusferus 222 TLDLFFAGTETTSTTL-CWGLLY 243
                                                                                               58**************.885554 PP

  == domain 2  score: 13.5 bits;  conditional E-value: 0.0013
                                                                        Round3_FinalIHelix   2 keaeglalllfiagletisnsllsslLfy 30 
                                                                                               +++  + l+lf+ag et+s +l ++ L+y
  sid|10880|pid|7754|hfid|31|sfid|2|gb|EPY78829.1|gi|528759170|taxonID|419612|Camelusferus 685 ENLIYITLDLFFAGTETTSTTL-CWGLLY 712
                                                                                               4557789***************.885554 PP

>> sid|11753|pid|8495|hfid|360|sfid|39|gi|397526685|taxonID|9597|Panpaniscus  
   #    score  bias  c-Evalue  i-Evalue hmmfrom  hmm to    alifrom  ali to    envfrom  env to     acc
 ---   ------ ----- --------- --------- ------- -------    ------- -------    ------- -------    ----
   1 !   22.0   0.1   2.3e-06   0.00033       2      32 ..     241     270 ..     240     271 .. 0.92

  Alignments for each domain:
  == domain 1  score: 22.0 bits;  conditional E-value: 2.3e-06
                                                         Round3_FinalIHelix   2 keaeglalllfiagletisnsllsslLfyll 32 
                                                                                +++++++lll++a+l+++++++ +++L+y+l
  sid|11753|pid|8495|hfid|360|sfid|39|gi|397526685|taxonID|9597|Panpaniscus 241 ENSPNYGLLLLWASLSNAVPVA-FWTLAYVL 270
                                                                                677*******************.6*****97 PP

>> sid|11754|pid|8495|hfid|360|sfid|39|gi|332824336|taxonID|9598|Pantroglodytes  
   #    score  bias  c-Evalue  i-Evalue hmmfrom  hmm to    alifrom  ali to    envfrom  env to     acc
 ---   ------ ----- --------- --------- ------- -------    ------- -------    ------- -------    ----
   1 !   22.0   0.1   2.3e-06   0.00033       2      32 ..     241     270 ..     240     271 .. 0.92

  Alignments for each domain:
  == domain 1  score: 22.0 bits;  conditional E-value: 2.3e-06
                                                            Round3_FinalIHelix   2 keaeglalllfiagletisnsllsslLfyll 32 
                                                                                   +++++++lll++a+l+++++++ +++L+y+l
  sid|11754|pid|8495|hfid|360|sfid|39|gi|332824336|taxonID|9598|Pantroglodytes 241 ENSPNYGLLLLWASLSNAVPVA-FWTLAYVL 270
                                                                                   677*******************.6*****97 PP

>> sid|11759|pid|8497|hfid|360|sfid|39|gi|397526683|taxonID|9597|Panpaniscus  
   #    score  bias  c-Evalue  i-Evalue hmmfrom  hmm to    alifrom  ali to    envfrom  env to     acc
 ---   ------ ----- --------- --------- ------- -------    ------- -------    ------- -------    ----
   1 !   21.9   0.1   2.5e-06   0.00035       2      32 ..     261     290 ..     260     291 .. 0.92

  Alignments for each domain:
  == domain 1  score: 21.9 bits;  conditional E-value: 2.5e-06
                                                         Round3_FinalIHelix   2 keaeglalllfiagletisnsllsslLfyll 32 
                                                                                +++++++lll++a+l+++++++ +++L+y+l
  sid|11759|pid|8497|hfid|360|sfid|39|gi|397526683|taxonID|9597|Panpaniscus 261 ENSPNYGLLLLWASLSNAVPVA-FWTLAYVL 290
                                                                                677*******************.6*****97 PP

>> sid|6374|pid|4347|hfid|316|sfid|19|gb|AGN52746.1|gi|510813086|taxonID|111304|Acipenserschrenckii  
   #    score  bias  c-Evalue  i-Evalue hmmfrom  hmm to    alifrom  ali to    envfrom  env to     acc
 ---   ------ ----- --------- --------- ------- -------    ------- -------    ------- -------    ----
   1 !   24.1   0.2   5.1e-07   7.3e-05       3      32 ..     274     302 ..     272     303 .. 0.91

  Alignments for each domain:
  == domain 1  score: 24.1 bits;  conditional E-value: 5.1e-07
                                                                                Round3_FinalIHelix   3 eaeglalllfiagletisnsllsslLfyll 32 
                                                                                                       ++++++l+++ia+++t+s++l + +L+ ++
  sid|6374|pid|4347|hfid|316|sfid|19|gb|AGN52746.1|gi|510813086|taxonID|111304|Acipenserschrenckii 274 NVKQCVLEMLIAAPDTMSVTL-FYMLMLIA 302
                                                                                                       789******************.69999876 PP

>> sid|11812|pid|8536|hfid|360|sfid|39|gb|AAF63329.1|gi|7533024|taxonID|9606|Homosapiens  
   #    score  bias  c-Evalue  i-Evalue hmmfrom  hmm to    alifrom  ali to    envfrom  env to     acc
 ---   ------ ----- --------- --------- ------- -------    ------- -------    ------- -------    ----
   1 !   21.9   0.1   2.5e-06   0.00035       2      32 ..     261     290 ..     260     291 .. 0.92

  Alignments for each domain:
  == domain 1  score: 21.9 bits;  conditional E-value: 2.5e-06
                                                                     Round3_FinalIHelix   2 keaeglalllfiagletisnsllsslLfyll 32 
                                                                                            +++++++lll++a+l+++++++ +++L+y+l
  sid|11812|pid|8536|hfid|360|sfid|39|gb|AAF63329.1|gi|7533024|taxonID|9606|Homosapiens 261 ENSPNYGLLLLWASLSNAVPVA-FWTLAYVL 290
                                                                                            677*******************.6*****97 PP

>> sid|11817|pid|8536|hfid|360|sfid|39|gi|114607654|taxonID|9598|Pantroglodytes  
   #    score  bias  c-Evalue  i-Evalue hmmfrom  hmm to    alifrom  ali to    envfrom  env to     acc
 ---   ------ ----- --------- --------- ------- -------    ------- -------    ------- -------    ----
   1 !   21.9   0.1   2.5e-06   0.00035       2      32 ..     261     290 ..     260     291 .. 0.92

  Alignments for each domain:
  == domain 1  score: 21.9 bits;  conditional E-value: 2.5e-06
                                                            Round3_FinalIHelix   2 keaeglalllfiagletisnsllsslLfyll 32 
                                                                                   +++++++lll++a+l+++++++ +++L+y+l
  sid|11817|pid|8536|hfid|360|sfid|39|gi|114607654|taxonID|9598|Pantroglodytes 261 ENSPNYGLLLLWASLSNAVPVA-FWTLAYVL 290
                                                                                   677*******************.6*****97 PP

>> sid|11795|pid|8520|hfid|360|sfid|39|gi|635094648|taxonID|60711|Chlorocebussabaeus  
   #    score  bias  c-Evalue  i-Evalue hmmfrom  hmm to    alifrom  ali to    envfrom  env to     acc
 ---   ------ ----- --------- --------- ------- -------    ------- -------    ------- -------    ----
   1 !   22.0   0.1   2.3e-06   0.00033       2      32 ..     241     270 ..     240     271 .. 0.92

  Alignments for each domain:
  == domain 1  score: 22.0 bits;  conditional E-value: 2.3e-06
                                                                 Round3_FinalIHelix   2 keaeglalllfiagletisnsllsslLfyll 32 
                                                                                        +++++++lll++a+l+++++++ +++L+y+l
  sid|11795|pid|8520|hfid|360|sfid|39|gi|635094648|taxonID|60711|Chlorocebussabaeus 241 ENSPNYGLLLLWASLSNAVPVA-FWTLAYVL 270
                                                                                        677*******************.6*****97 PP

>> sid|11764|pid|8500|hfid|360|sfid|39|gi|635094646|taxonID|60711|Chlorocebussabaeus  
   #    score  bias  c-Evalue  i-Evalue hmmfrom  hmm to    alifrom  ali to    envfrom  env to     acc
 ---   ------ ----- --------- --------- ------- -------    ------- -------    ------- -------    ----
   1 !   21.9   0.1   2.5e-06   0.00035       2      32 ..     261     290 ..     260     291 .. 0.92

  Alignments for each domain:
  == domain 1  score: 21.9 bits;  conditional E-value: 2.5e-06
                                                                 Round3_FinalIHelix   2 keaeglalllfiagletisnsllsslLfyll 32 
                                                                                        +++++++lll++a+l+++++++ +++L+y+l
  sid|11764|pid|8500|hfid|360|sfid|39|gi|635094646|taxonID|60711|Chlorocebussabaeus 261 ENSPNYGLLLLWASLSNAVPVA-FWTLAYVL 290
                                                                                        677*******************.6*****97 PP

>> sid|6172|pid|4200|hfid|316|sfid|19|gi|641773599|taxonID|8478|Chrysemyspictabellii  
   #    score  bias  c-Evalue  i-Evalue hmmfrom  hmm to    alifrom  ali to    envfrom  env to     acc
 ---   ------ ----- --------- --------- ------- -------    ------- -------    ------- -------    ----
   1 !   22.6   0.3   1.5e-06   0.00022       2      32 ..     233     262 ..     232     263 .. 0.86

  Alignments for each domain:
  == domain 1  score: 22.6 bits;  conditional E-value: 1.5e-06
                                                                 Round3_FinalIHelix   2 keaeglalllfiagletisnsllsslLfyll 32 
                                                                                        +++++++l++ ia+++t s++l+ ++L  ++
  sid|6172|pid|4200|hfid|316|sfid|19|gi|641773599|taxonID|8478|Chrysemyspictabellii 233 ENVNQCVLEMMIAAPDTLSVTLF-FMLVLIA 262
                                                                                        688*******************5.7776655 PP

>> sid|11755|pid|8495|hfid|360|sfid|39|gi|332210329|taxonID|61853|Nomascusleucogenys  
   #    score  bias  c-Evalue  i-Evalue hmmfrom  hmm to    alifrom  ali to    envfrom  env to     acc
 ---   ------ ----- --------- --------- ------- -------    ------- -------    ------- -------    ----
   1 !   22.0   0.1   2.3e-06   0.00033       2      32 ..     241     270 ..     240     271 .. 0.92

  Alignments for each domain:
  == domain 1  score: 22.0 bits;  conditional E-value: 2.3e-06
                                                                 Round3_FinalIHelix   2 keaeglalllfiagletisnsllsslLfyll 32 
                                                                                        +++++++lll++a+l+++++++ +++L+y+l
  sid|11755|pid|8495|hfid|360|sfid|39|gi|332210329|taxonID|61853|Nomascusleucogenys 241 ENSPNYGLLLLWASLSNAVPVA-FWTLAYVL 270
                                                                                        677*******************.6*****97 PP

>> sid|11769|pid|8500|hfid|360|sfid|39|gb|EHH18391.1|gi|355561759|taxonID|9544|Macacamulatta  
   #    score  bias  c-Evalue  i-Evalue hmmfrom  hmm to    alifrom  ali to    envfrom  env to     acc
 ---   ------ ----- --------- --------- ------- -------    ------- -------    ------- -------    ----
   1 !   21.9   0.1   2.5e-06   0.00035       2      32 ..     261     290 ..     260     291 .. 0.92

  Alignments for each domain:
  == domain 1  score: 21.9 bits;  conditional E-value: 2.5e-06
                                                                         Round3_FinalIHelix   2 keaeglalllfiagletisnsllsslLfyll 32 
                                                                                                +++++++lll++a+l+++++++ +++L+y+l
  sid|11769|pid|8500|hfid|360|sfid|39|gb|EHH18391.1|gi|355561759|taxonID|9544|Macacamulatta 261 ENSPNYGLLLLWASLSNAVPVA-FWTLAYVL 290
                                                                                                677*******************.6*****97 PP

>> sid|11760|pid|8497|hfid|360|sfid|39|gi|332210327|taxonID|61853|Nomascusleucogenys  
   #    score  bias  c-Evalue  i-Evalue hmmfrom  hmm to    alifrom  ali to    envfrom  env to     acc
 ---   ------ ----- --------- --------- ------- -------    ------- -------    ------- -------    ----
   1 !   21.9   0.1   2.5e-06   0.00035       2      32 ..     261     290 ..     260     291 .. 0.92

  Alignments for each domain:
  == domain 1  score: 21.9 bits;  conditional E-value: 2.5e-06
                                                                 Round3_FinalIHelix   2 keaeglalllfiagletisnsllsslLfyll 32 
                                                                                        +++++++lll++a+l+++++++ +++L+y+l
  sid|11760|pid|8497|hfid|360|sfid|39|gi|332210327|taxonID|61853|Nomascusleucogenys 261 ENSPNYGLLLLWASLSNAVPVA-FWTLAYVL 290
                                                                                        677*******************.6*****97 PP

>> sid|11768|pid|8500|hfid|360|sfid|39|gi|402867166|gi|402867168|taxonID|9555|Papioanubis  
   #    score  bias  c-Evalue  i-Evalue hmmfrom  hmm to    alifrom  ali to    envfrom  env to     acc
 ---   ------ ----- --------- --------- ------- -------    ------- -------    ------- -------    ----
   1 !   21.9   0.1   2.5e-06   0.00036       2      32 ..     261     290 ..     260     291 .. 0.91

  Alignments for each domain:
  == domain 1  score: 21.9 bits;  conditional E-value: 2.5e-06
                                                                      Round3_FinalIHelix   2 keaeglalllfiagletisnsllsslLfyll 32 
                                                                                             +++++++lll++a+l+++++++ +++L+y+l
  sid|11768|pid|8500|hfid|360|sfid|39|gi|402867166|gi|402867168|taxonID|9555|Papioanubis 261 ENSPNYGLLLLWASLSNAVPVA-FWTLAYIL 290
                                                                                             677*******************.6****997 PP

>> sid|11767|pid|8500|hfid|360|sfid|39|gi|109071395|gi|302564277|taxonID|9544|Macacamulatta  
   #    score  bias  c-Evalue  i-Evalue hmmfrom  hmm to    alifrom  ali to    envfrom  env to     acc
 ---   ------ ----- --------- --------- ------- -------    ------- -------    ------- -------    ----
   1 !   21.9   0.1   2.5e-06   0.00035       2      32 ..     261     290 ..     260     291 .. 0.92

  Alignments for each domain:
  == domain 1  score: 21.9 bits;  conditional E-value: 2.5e-06
                                                                        Round3_FinalIHelix   2 keaeglalllfiagletisnsllsslLfyll 32 
                                                                                               +++++++lll++a+l+++++++ +++L+y+l
  sid|11767|pid|8500|hfid|360|sfid|39|gi|109071395|gi|302564277|taxonID|9544|Macacamulatta 261 ENSPNYGLLLLWASLSNAVPVA-FWTLAYVL 290
                                                                                               677*******************.6*****97 PP

>> sid|11766|pid|8500|hfid|360|sfid|39|dbj|BAE73077.1|gi|84579287|taxonID|9541|Macacafascicularis  
   #    score  bias  c-Evalue  i-Evalue hmmfrom  hmm to    alifrom  ali to    envfrom  env to     acc
 ---   ------ ----- --------- --------- ------- -------    ------- -------    ------- -------    ----
   1 !   21.9   0.1   2.5e-06   0.00035       2      32 ..     261     290 ..     260     291 .. 0.92

  Alignments for each domain:
  == domain 1  score: 21.9 bits;  conditional E-value: 2.5e-06
                                                                              Round3_FinalIHelix   2 keaeglalllfiagletisnsllsslLfyll 32 
                                                                                                     +++++++lll++a+l+++++++ +++L+y+l
  sid|11766|pid|8500|hfid|360|sfid|39|dbj|BAE73077.1|gi|84579287|taxonID|9541|Macacafascicularis 261 ENSPNYGLLLLWASLSNAVPVA-FWTLAYVL 290
                                                                                                     677*******************.6*****97 PP

>> sid|6148|pid|4179|hfid|316|sfid|19|gi|126352438|taxonID|9796|Equuscaballus|gi|664710193|taxonID|9798|Equusprzewalskii  
   #    score  bias  c-Evalue  i-Evalue hmmfrom  hmm to    alifrom  ali to    envfrom  env to     acc
 ---   ------ ----- --------- --------- ------- -------    ------- -------    ------- -------    ----
   1 !   22.8   0.2   1.3e-06   0.00019       2      30 ..     339     367 ..     337     369 .. 0.85

  Alignments for each domain:
  == domain 1  score: 22.8 bits;  conditional E-value: 1.3e-06
                                                                                                     Round3_FinalIHelix   2 keaeglalllfiagletisnsllsslLfy 30 
                                                                                                                            +++++++l++ ia+++t s++++++l+++
  sid|6148|pid|4179|hfid|316|sfid|19|gi|126352438|taxonID|9796|Equuscaballus|gi|664710193|taxonID|9798|Equusprzewalskii 339 ENVNQCILEMMIAAPDTLSVTVFFMLCLI 367
                                                                                                                            577*******************8776665 PP

>> sid|11750|pid|8492|hfid|360|sfid|39|gi|426353406|taxonID|9595|Gorillagorillagorilla  
   #    score  bias  c-Evalue  i-Evalue hmmfrom  hmm to    alifrom  ali to    envfrom  env to     acc
 ---   ------ ----- --------- --------- ------- -------    ------- -------    ------- -------    ----
   1 !   21.9   0.1   2.5e-06   0.00035       2      32 ..     261     290 ..     260     291 .. 0.92

  Alignments for each domain:
  == domain 1  score: 21.9 bits;  conditional E-value: 2.5e-06
                                                                   Round3_FinalIHelix   2 keaeglalllfiagletisnsllsslLfyll 32 
                                                                                          +++++++lll++a+l+++++++ +++L+y+l
  sid|11750|pid|8492|hfid|360|sfid|39|gi|426353406|taxonID|9595|Gorillagorillagorilla 261 ENSPNYGLLLLWASLSNAVPVA-FWTLAYVL 290
                                                                                          677*******************.6*****97 PP

>> sid|88683|pid|65849|hfid|373|sfid|49|gi|282721120|taxonID|7070|Triboliumcastaneum  
   #    score  bias  c-Evalue  i-Evalue hmmfrom  hmm to    alifrom  ali to    envfrom  env to     acc
 ---   ------ ----- --------- --------- ------- -------    ------- -------    ------- -------    ----
   1 !   22.5   0.2   1.6e-06   0.00023       3      32 ..     310     338 ..     308     338 .. 0.91

  Alignments for each domain:
  == domain 1  score: 22.5 bits;  conditional E-value: 1.6e-06
                                                                 Round3_FinalIHelix   3 eaeglalllfiagletisnsllsslLfyll 32 
                                                                                         a++lal++f++g++t+sn++  s+L++l+
  sid|88683|pid|65849|hfid|373|sfid|49|gi|282721120|taxonID|7070|Triboliumcastaneum 310 TASNLALDMFLVGVDTTSNAV-ASILYQLS 338
                                                                                        589******************.6****995 PP

>> sid|6395|pid|4361|hfid|316|sfid|19|gb|ABB89869.1|gi|82754114|taxonID|47969|Oreochromisaureus  
   #    score  bias  c-Evalue  i-Evalue hmmfrom  hmm to    alifrom  ali to    envfrom  env to     acc
 ---   ------ ----- --------- --------- ------- -------    ------- -------    ------- -------    ----
   1 !   21.1   0.5   4.6e-06   0.00065       2      31 ..     303     331 ..     302     332 .. 0.88

  Alignments for each domain:
  == domain 1  score: 21.1 bits;  conditional E-value: 4.6e-06
                                                                            Round3_FinalIHelix   2 keaeglalllfiagletisnsllsslLfyl 31 
                                                                                                   ++++++al++ ia+++t s sl+ ++L+ l
  sid|6395|pid|4361|hfid|316|sfid|19|gb|ABB89869.1|gi|82754114|taxonID|47969|Oreochromisaureus 303 ENVTQCALEMVIAAPDTLSLSLF-FMLLLL 331
                                                                                                   789*******************5.777665 PP

>> sid|11802|pid|8527|hfid|360|sfid|39|gi|296198313|gi|296198311|taxonID|9483|Callithrixjacchus  
   #    score  bias  c-Evalue  i-Evalue hmmfrom  hmm to    alifrom  ali to    envfrom  env to     acc
 ---   ------ ----- --------- --------- ------- -------    ------- -------    ------- -------    ----
   1 !   21.0   0.1     5e-06    0.0007       2      32 ..     261     290 ..     260     291 .. 0.91

  Alignments for each domain:
  == domain 1  score: 21.0 bits;  conditional E-value: 5e-06
                                                                            Round3_FinalIHelix   2 keaeglalllfiagletisnsllsslLfyll 32 
                                                                                                   +++++++lll++a+l+++++++ +++L+y+l
  sid|11802|pid|8527|hfid|360|sfid|39|gi|296198313|gi|296198311|taxonID|9483|Callithrixjacchus 261 ENSPSYGLLLLWASLSNAVPVA-FWTLAYVL 290
                                                                                                   5779******************.6*****97 PP

>> sid|11816|pid|8536|hfid|360|sfid|39|gi|297678267|taxonID|9601|Pongoabelii  
   #    score  bias  c-Evalue  i-Evalue hmmfrom  hmm to    alifrom  ali to    envfrom  env to     acc
 ---   ------ ----- --------- --------- ------- -------    ------- -------    ------- -------    ----
   1 !   21.5   0.1   3.3e-06   0.00047       2      32 ..     261     290 ..     260     291 .. 0.92

  Alignments for each domain:
  == domain 1  score: 21.5 bits;  conditional E-value: 3.3e-06
                                                         Round3_FinalIHelix   2 keaeglalllfiagletisnsllsslLfyll 32 
                                                                                +++++++lll++a+l+++++++ +++L+y+l
  sid|11816|pid|8536|hfid|360|sfid|39|gi|297678267|taxonID|9601|Pongoabelii 261 ENSPNYGLLLLWASLSNAVPAA-FWTLAYVL 290
                                                                                677*******************.6*****97 PP

>> sid|6324|pid|4305|hfid|316|sfid|19|gb|ABX45102.1|gi|160623513|taxonID|43700|Monopterusalbus  
   #    score  bias  c-Evalue  i-Evalue hmmfrom  hmm to    alifrom  ali to    envfrom  env to     acc
 ---   ------ ----- --------- --------- ------- -------    ------- -------    ------- -------    ----
   1 ?    3.3   1.2       2.5   3.5e+02      15      32 ..      16      32 ..      15      33 .. 0.74
   2 !   22.9   0.2   1.2e-06   0.00017       3      31 ..     296     323 ..     294     324 .. 0.91

  Alignments for each domain:
  == domain 1  score: 3.3 bits;  conditional E-value: 2.5
                                                                           Round3_FinalIHelix 15 gletisnsllsslLfyll 32
                                                                                                 +++tis+ ll +lL+ ll
  sid|6324|pid|4305|hfid|316|sfid|19|gb|ABX45102.1|gi|160623513|taxonID|43700|Monopterusalbus 16 VVDTISPLLL-LLLLLLL 32
                                                                                                 79*******7.5555554 PP

  == domain 2  score: 22.9 bits;  conditional E-value: 1.2e-06
                                                                           Round3_FinalIHelix   3 eaeglalllfiagletisnsllsslLfyl 31 
                                                                                                  ++ +++l++++a+++t s+sl +++L+ l
  sid|6324|pid|4305|hfid|316|sfid|19|gb|ABX45102.1|gi|160623513|taxonID|43700|Monopterusalbus 296 NVRQCVLEMIMAAPDTLSVSL-FFMLMLL 323
                                                                                                  6789*****************.699*987 PP

>> sid|6287|pid|4283|hfid|316|sfid|19|gb|AAW72732.1|gi|58384768|taxonID|48193|Mugilcephalus  
   #    score  bias  c-Evalue  i-Evalue hmmfrom  hmm to    alifrom  ali to    envfrom  env to     acc
 ---   ------ ----- --------- --------- ------- -------    ------- -------    ------- -------    ----
   1 !   21.1   0.1   4.6e-06   0.00065       2      31 ..     306     334 ..     305     336 .. 0.87

  Alignments for each domain:
  == domain 1  score: 21.1 bits;  conditional E-value: 4.6e-06
                                                                        Round3_FinalIHelix   2 keaeglalllfiagletisnsllsslLfyl 31 
                                                                                               +++ +++l++ ia+++t s+sl+ ++L+ l
  sid|6287|pid|4283|hfid|316|sfid|19|gb|AAW72732.1|gi|58384768|taxonID|48193|Mugilcephalus 306 ENVRQCVLEMVIAAPDTLSVSLF-FMLLLL 334
                                                                                               7889******************5.777765 PP

>> sid|6207|pid|4225|hfid|316|sfid|19|gi|637342318|taxonID|28377|Anoliscarolinensis  
   #    score  bias  c-Evalue  i-Evalue hmmfrom  hmm to    alifrom  ali to    envfrom  env to     acc
 ---   ------ ----- --------- --------- ------- -------    ------- -------    ------- -------    ----
   1 !   21.7   0.3   2.9e-06   0.00041       2      28 ..     252     277 ..     251     282 .. 0.89

  Alignments for each domain:
  == domain 1  score: 21.7 bits;  conditional E-value: 2.9e-06
                                                                Round3_FinalIHelix   2 keaeglalllfiagletisnsllsslL 28 
                                                                                       +++++++l+++ia+++t s++l +++L
  sid|6207|pid|4225|hfid|316|sfid|19|gi|637342318|taxonID|28377|Anoliscarolinensis 252 ENVNQCVLEMLIAAPDTLSVTL-FFIL 277
                                                                                       789*******************.5887 PP

>> sid|6329|pid|4308|hfid|316|sfid|19|gb|AAW23165.1|gi|56698934|taxonID|8078|Fundulusheteroclitus  
   #    score  bias  c-Evalue  i-Evalue hmmfrom  hmm to    alifrom  ali to    envfrom  env to     acc
 ---   ------ ----- --------- --------- ------- -------    ------- -------    ------- -------    ----
   1 !   20.7   0.4   6.4e-06    0.0009       2      31 ..     305     333 ..     304     334 .. 0.88

  Alignments for each domain:
  == domain 1  score: 20.7 bits;  conditional E-value: 6.4e-06
                                                                              Round3_FinalIHelix   2 keaeglalllfiagletisnsllsslLfyl 31 
                                                                                                     +++++++l++ ia+++t s sl+ ++L+ l
  sid|6329|pid|4308|hfid|316|sfid|19|gb|AAW23165.1|gi|56698934|taxonID|8078|Fundulusheteroclitus 305 ENVTQCVLEMVIAAPDTLSISLF-FMLLLL 333
                                                                                                     789*******************5.777665 PP

>> sid|6331|pid|4309|hfid|316|sfid|19|gb|AAX55671.1|gi|61744176|taxonID|141886|Paralichthyslethostigma  
   #    score  bias  c-Evalue  i-Evalue hmmfrom  hmm to    alifrom  ali to    envfrom  env to     acc
 ---   ------ ----- --------- --------- ------- -------    ------- -------    ------- -------    ----
   1 !   21.5   0.4   3.5e-06    0.0005       2      31 ..     304     332 ..     303     333 .. 0.87

  Alignments for each domain:
  == domain 1  score: 21.5 bits;  conditional E-value: 3.5e-06
                                                                                   Round3_FinalIHelix   2 keaeglalllfiagletisnsllsslLfyl 31 
                                                                                                          +++ +++l++ ia+++t s+sl+ ++L+ l
  sid|6331|pid|4309|hfid|316|sfid|19|gb|AAX55671.1|gi|61744176|taxonID|141886|Paralichthyslethostigma 304 ENVVQCVLEMVIAAPDTLSVSLF-FMLLLL 332
                                                                                                          7889******************5.777665 PP

>> sid|6330|pid|4309|hfid|316|sfid|19|dbj|BAA74777.1|gi|4239990|taxonID|8255|Paralichthysolivaceus  
   #    score  bias  c-Evalue  i-Evalue hmmfrom  hmm to    alifrom  ali to    envfrom  env to     acc
 ---   ------ ----- --------- --------- ------- -------    ------- -------    ------- -------    ----
   1 !   21.5   0.4   3.6e-06    0.0005       2      31 ..     306     334 ..     305     335 .. 0.87

  Alignments for each domain:
  == domain 1  score: 21.5 bits;  conditional E-value: 3.6e-06
                                                                               Round3_FinalIHelix   2 keaeglalllfiagletisnsllsslLfyl 31 
                                                                                                      +++ +++l++ ia+++t s+sl+ ++L+ l
  sid|6330|pid|4309|hfid|316|sfid|19|dbj|BAA74777.1|gi|4239990|taxonID|8255|Paralichthysolivaceus 306 ENVVQCVLEMVIAAPDTLSVSLF-FMLLLL 334
                                                                                                      7889******************5.777665 PP

>> sid|6227|pid|4242|hfid|316|sfid|19|gb|AAV91178.1|gi|56424223|taxonID|304459|Cromileptesaltivelis  
   #    score  bias  c-Evalue  i-Evalue hmmfrom  hmm to    alifrom  ali to    envfrom  env to     acc
 ---   ------ ----- --------- --------- ------- -------    ------- -------    ------- -------    ----
   1 !   20.6   0.4   6.9e-06   0.00098       2      31 ..     303     331 ..     302     332 .. 0.88

  Alignments for each domain:
  == domain 1  score: 20.6 bits;  conditional E-value: 6.9e-06
                                                                                Round3_FinalIHelix   2 keaeglalllfiagletisnsllsslLfyl 31 
                                                                                                       +++++++l++ ia+++t s sl+ ++L+ l
  sid|6227|pid|4242|hfid|316|sfid|19|gb|AAV91178.1|gi|56424223|taxonID|304459|Cromileptesaltivelis 303 ENVSQCVLEMVIAAPDTLSISLF-FMLLLL 331
                                                                                                       789*******************5.777665 PP

>> sid|11392|pid|8184|hfid|1281|sfid|301|gi|498944126|taxonID|7213|Ceratitiscapitata  
   #    score  bias  c-Evalue  i-Evalue hmmfrom  hmm to    alifrom  ali to    envfrom  env to     acc
 ---   ------ ----- --------- --------- ------- -------    ------- -------    ------- -------    ----
   1 !   22.3   0.3     2e-06   0.00028       6      32 ..     368     393 ..     363     394 .. 0.91

  Alignments for each domain:
  == domain 1  score: 22.3 bits;  conditional E-value: 2e-06
                                                                 Round3_FinalIHelix   6 glalllfiagletisnsllsslLfyll 32 
                                                                                         +al+l+++g++tis+++ +s+L++l+
  sid|11392|pid|8184|hfid|1281|sfid|301|gi|498944126|taxonID|7213|Ceratitiscapitata 368 IMALDLILVGIDTISMAV-CSILYQLA 393
                                                                                        599***************.9*****98 PP

>> sid|12561|pid|9080|hfid|372|sfid|49|gi|557750175|taxonID|7370|Muscadomestica  
   #    score  bias  c-Evalue  i-Evalue hmmfrom  hmm to    alifrom  ali to    envfrom  env to     acc
 ---   ------ ----- --------- --------- ------- -------    ------- -------    ------- -------    ----
   1 !   21.3   0.0   3.9e-06   0.00056       3      32 ..     349     377 ..     347     378 .. 0.90

  Alignments for each domain:
  == domain 1  score: 21.3 bits;  conditional E-value: 3.9e-06
                                                            Round3_FinalIHelix   3 eaeglalllfiagletisnsllsslLfyll 32 
                                                                                    a  lal+lf++g++t+s+++ ss++++l+
  sid|12561|pid|9080|hfid|372|sfid|49|gi|557750175|taxonID|7370|Muscadomestica 349 LAAVLALDLFLVGVDTTSVAV-SSTIYQLA 377
                                                                                   56789****************.9*****98 PP

>> sid|6328|pid|4308|hfid|316|sfid|19|gb|AAR97268.1|gi|40888695|taxonID|8078|Fundulusheteroclitus  
   #    score  bias  c-Evalue  i-Evalue hmmfrom  hmm to    alifrom  ali to    envfrom  env to     acc
 ---   ------ ----- --------- --------- ------- -------    ------- -------    ------- -------    ----
   1 !   20.7   0.4   6.4e-06    0.0009       2      31 ..     305     333 ..     304     334 .. 0.88

  Alignments for each domain:
  == domain 1  score: 20.7 bits;  conditional E-value: 6.4e-06
                                                                              Round3_FinalIHelix   2 keaeglalllfiagletisnsllsslLfyl 31 
                                                                                                     +++++++l++ ia+++t s sl+ ++L+ l
  sid|6328|pid|4308|hfid|316|sfid|19|gb|AAR97268.1|gi|40888695|taxonID|8078|Fundulusheteroclitus 305 ENVTQCVLEMVIAAPDTLSISLF-FMLLLL 333
                                                                                                     789*******************5.777665 PP

>> sid|4936|pid|3318|hfid|1296|sfid|305|gi|91079740|taxonID|7070|Triboliumcastaneum  
   #    score  bias  c-Evalue  i-Evalue hmmfrom  hmm to    alifrom  ali to    envfrom  env to     acc
 ---   ------ ----- --------- --------- ------- -------    ------- -------    ------- -------    ----
   1 !   23.2   0.4   9.6e-07   0.00014       6      31 ..     289     314 ..     284     315 .. 0.90

  Alignments for each domain:
  == domain 1  score: 23.2 bits;  conditional E-value: 9.6e-07
                                                                Round3_FinalIHelix   6 glalllfiagletisnsllsslLfyl 31 
                                                                                       +l l+lf+ag+et+sn+l++s++++l
  sid|4936|pid|3318|hfid|1296|sfid|305|gi|91079740|taxonID|7070|Triboliumcastaneum 289 SLCLDLFMAGSETTSNTLGFSVVYML 314
                                                                                       6789********************98 PP

>> sid|2512|pid|1767|hfid|297|sfid|12|gi|195335697|taxonID|7238|Drosophilasechellia  
   #    score  bias  c-Evalue  i-Evalue hmmfrom  hmm to    alifrom  ali to    envfrom  env to     acc
 ---   ------ ----- --------- --------- ------- -------    ------- -------    ------- -------    ----
   1 !   20.4   0.1   7.8e-06    0.0011       4      32 ..     324     351 ..     321     352 .. 0.89

  Alignments for each domain:
  == domain 1  score: 20.4 bits;  conditional E-value: 7.8e-06
                                                                Round3_FinalIHelix   4 aeglalllfiagletisnsllsslLfyll 32 
                                                                                       a ++++++++ag++t+s ++ +++L+ l+
  sid|2512|pid|1767|hfid|297|sfid|12|gi|195335697|taxonID|7238|Drosophilasechellia 324 AVTMVMDMLMAGIDTTSSAC-LTILYHLA 351
                                                                                       4799****************.5****997 PP

>> sid|11417|pid|8205|hfid|1281|sfid|301|gi|328723316|taxonID|7029|Acyrthosiphonpisum  
   #    score  bias  c-Evalue  i-Evalue hmmfrom  hmm to    alifrom  ali to    envfrom  env to     acc
 ---   ------ ----- --------- --------- ------- -------    ------- -------    ------- -------    ----
   1 !   22.2   0.4   2.1e-06   0.00029       6      32 ..     345     370 ..     341     371 .. 0.90

  Alignments for each domain:
  == domain 1  score: 22.2 bits;  conditional E-value: 2.1e-06
                                                                  Round3_FinalIHelix   6 glalllfiagletisnsllsslLfyll 32 
                                                                                          lal+l+++g++tis+++ +s+L++++
  sid|11417|pid|8205|hfid|1281|sfid|301|gi|328723316|taxonID|7029|Acyrthosiphonpisum 345 ILALDLILVGIDTISMAV-CSMLYQIA 370
                                                                                         589***************.9****987 PP

>> sid|11400|pid|8192|hfid|1281|sfid|301|gi|195383812|taxonID|7244|Drosophilavirilis  
   #    score  bias  c-Evalue  i-Evalue hmmfrom  hmm to    alifrom  ali to    envfrom  env to     acc
 ---   ------ ----- --------- --------- ------- -------    ------- -------    ------- -------    ----
   1 !   22.1   0.3   2.2e-06   0.00031       7      32 ..     354     378 ..     348     379 .. 0.91

  Alignments for each domain:
  == domain 1  score: 22.1 bits;  conditional E-value: 2.2e-06
                                                                 Round3_FinalIHelix   7 lalllfiagletisnsllsslLfyll 32 
                                                                                        +al+l+++g++tis+++ +s+L++l+
  sid|11400|pid|8192|hfid|1281|sfid|301|gi|195383812|taxonID|7244|Drosophilavirilis 354 MALDLILVGIDTISMAV-CSILYQLA 378
                                                                                        89***************.9*****98 PP

>> sid|11420|pid|8207|hfid|1281|sfid|301|gi|350397449|taxonID|132113|Bombusimpatiens  
   #    score  bias  c-Evalue  i-Evalue hmmfrom  hmm to    alifrom  ali to    envfrom  env to     acc
 ---   ------ ----- --------- --------- ------- -------    ------- -------    ------- -------    ----
   1 !   22.0   0.6   2.4e-06   0.00034       7      32 ..     226     250 ..     221     251 .. 0.92

  Alignments for each domain:
  == domain 1  score: 22.0 bits;  conditional E-value: 2.4e-06
                                                                 Round3_FinalIHelix   7 lalllfiagletisnsllsslLfyll 32 
                                                                                        lal+l+++g++tis+++ +s+L++l+
  sid|11420|pid|8207|hfid|1281|sfid|301|gi|350397449|taxonID|132113|Bombusimpatiens 226 LALDLILVGIDTISMAV-CSILYQLA 250
                                                                                        89***************.9*****98 PP

>> sid|6373|pid|4346|hfid|316|sfid|19|gb|ACN70015.1|gi|224925990|taxonID|69293|Gasterosteusaculeatus  
   #    score  bias  c-Evalue  i-Evalue hmmfrom  hmm to    alifrom  ali to    envfrom  env to     acc
 ---   ------ ----- --------- --------- ------- -------    ------- -------    ------- -------    ----
   1 !   21.5   0.2   3.3e-06   0.00047       2      31 ..     147     175 ..     146     176 .. 0.87

  Alignments for each domain:
  == domain 1  score: 21.5 bits;  conditional E-value: 3.3e-06
                                                                                 Round3_FinalIHelix   2 keaeglalllfiagletisnsllsslLfyl 31 
                                                                                                        +++ +++l++ ia+++t s+sl+ ++L+ l
  sid|6373|pid|4346|hfid|316|sfid|19|gb|ACN70015.1|gi|224925990|taxonID|69293|Gasterosteusaculeatus 147 ENVRQCVLEMVIAAPDTLSVSLF-FMLLLL 175
                                                                                                        7889******************5.777665 PP

>> sid|2518|pid|1773|hfid|297|sfid|12|gi|195584707|taxonID|7240|Drosophilasimulans  
   #    score  bias  c-Evalue  i-Evalue hmmfrom  hmm to    alifrom  ali to    envfrom  env to     acc
 ---   ------ ----- --------- --------- ------- -------    ------- -------    ------- -------    ----
   1 !   20.3   0.1   8.3e-06    0.0012       4      32 ..     350     377 ..     347     378 .. 0.89

  Alignments for each domain:
  == domain 1  score: 20.3 bits;  conditional E-value: 8.3e-06
                                                               Round3_FinalIHelix   4 aeglalllfiagletisnsllsslLfyll 32 
                                                                                      a ++++++++ag++t+s ++ +++L+ l+
  sid|2518|pid|1773|hfid|297|sfid|12|gi|195584707|taxonID|7240|Drosophilasimulans 350 AVTMVMDMLMAGIDTTSSAC-LTILYHLA 377
                                                                                      4799****************.5****997 PP

>> sid|105377|pid|80479|hfid|354|sfid|35|gi|25146185|taxonID|6239|Caenorhabditiselegans  
   #    score  bias  c-Evalue  i-Evalue hmmfrom  hmm to    alifrom  ali to    envfrom  env to     acc
 ---   ------ ----- --------- --------- ------- -------    ------- -------    ------- -------    ----
   1 !   21.8   0.1   2.7e-06   0.00038       2      32 ..     292     323 ..     291     324 .. 0.91

  Alignments for each domain:
  == domain 1  score: 21.8 bits;  conditional E-value: 2.7e-06
                                                                    Round3_FinalIHelix   2 kea.eglalllfiagletisnsllsslLfyll 32 
                                                                                           +++ ++l+ +l+i+g+et++ +l+s+++++l+
  sid|105377|pid|80479|hfid|354|sfid|35|gi|25146185|taxonID|6239|Caenorhabditiselegans 292 ENNlKMLITDLWITGQETTTTTLVSAFIQFLN 323
                                                                                           5566*************************997 PP

>> sid|11415|pid|8203|hfid|1281|sfid|301|gi|195029583|taxonID|7222|Drosophilagrimshawi  
   #    score  bias  c-Evalue  i-Evalue hmmfrom  hmm to    alifrom  ali to    envfrom  env to     acc
 ---   ------ ----- --------- --------- ------- -------    ------- -------    ------- -------    ----
   1 !   22.0   0.3   2.3e-06   0.00033       7      32 ..     380     404 ..     374     405 .. 0.92

  Alignments for each domain:
  == domain 1  score: 22.0 bits;  conditional E-value: 2.3e-06
                                                                   Round3_FinalIHelix   7 lalllfiagletisnsllsslLfyll 32 
                                                                                          +al+l+++g++tis+++ +s+L++l+
  sid|11415|pid|8203|hfid|1281|sfid|301|gi|195029583|taxonID|7222|Drosophilagrimshawi 380 MALDLILVGIDTISMAV-CSILYQLA 404
                                                                                          89***************.9*****98 PP

>> sid|11385|pid|8177|hfid|1281|sfid|301|gi|242009930|taxonID|121224|Pediculushumanuscorporis  
   #    score  bias  c-Evalue  i-Evalue hmmfrom  hmm to    alifrom  ali to    envfrom  env to     acc
 ---   ------ ----- --------- --------- ------- -------    ------- -------    ------- -------    ----
   1 !   21.9   0.4   2.5e-06   0.00036       6      32 ..     332     357 ..     328     358 .. 0.91

  Alignments for each domain:
  == domain 1  score: 21.9 bits;  conditional E-value: 2.5e-06
                                                                          Round3_FinalIHelix   6 glalllfiagletisnsllsslLfyll 32 
                                                                                                  lal+l+++g++tis+++ +s+L++l+
  sid|11385|pid|8177|hfid|1281|sfid|301|gi|242009930|taxonID|121224|Pediculushumanuscorporis 332 ILALDLILVGIDTISMAV-CSILYQLA 357
                                                                                                 589***************.9*****98 PP

>> sid|11386|pid|8178|hfid|1281|sfid|301|gi|380020219|taxonID|7463|Apisflorea  
   #    score  bias  c-Evalue  i-Evalue hmmfrom  hmm to    alifrom  ali to    envfrom  env to     acc
 ---   ------ ----- --------- --------- ------- -------    ------- -------    ------- -------    ----
   1 !   22.0   0.4   2.3e-06   0.00033       6      32 ..     300     325 ..     296     326 .. 0.91

  Alignments for each domain:
  == domain 1  score: 22.0 bits;  conditional E-value: 2.3e-06
                                                          Round3_FinalIHelix   6 glalllfiagletisnsllsslLfyll 32 
                                                                                  lal+l+++g++tis+++ +s+L++l+
  sid|11386|pid|8178|hfid|1281|sfid|301|gi|380020219|taxonID|7463|Apisflorea 300 ILALDLILVGIDTISMAV-CSILYQLA 325
                                                                                 589***************.9*****98 PP

>> sid|11407|pid|8197|hfid|1281|sfid|301|gi|195121688|taxonID|7230|Drosophilamojavensis  
   #    score  bias  c-Evalue  i-Evalue hmmfrom  hmm to    alifrom  ali to    envfrom  env to     acc
 ---   ------ ----- --------- --------- ------- -------    ------- -------    ------- -------    ----
   1 !   22.0   0.3   2.3e-06   0.00033       7      32 ..     378     402 ..     372     403 .. 0.92

  Alignments for each domain:
  == domain 1  score: 22.0 bits;  conditional E-value: 2.3e-06
                                                                    Round3_FinalIHelix   7 lalllfiagletisnsllsslLfyll 32 
                                                                                           +al+l+++g++tis+++ +s+L++l+
  sid|11407|pid|8197|hfid|1281|sfid|301|gi|195121688|taxonID|7230|Drosophilamojavensis 378 MALDLILVGIDTISMAV-CSILYQLA 402
                                                                                           89***************.9*****98 PP

>> sid|11852|pid|8561|hfid|360|sfid|39|gi|403261428|gi|403261430|taxonID|39432|Saimiriboliviensisboliviensis  
   #    score  bias  c-Evalue  i-Evalue hmmfrom  hmm to    alifrom  ali to    envfrom  env to     acc
 ---   ------ ----- --------- --------- ------- -------    ------- -------    ------- -------    ----
   1 !   21.0   0.1     5e-06    0.0007       2      32 ..     261     290 ..     260     291 .. 0.91

  Alignments for each domain:
  == domain 1  score: 21.0 bits;  conditional E-value: 5e-06
                                                                                         Round3_FinalIHelix   2 keaeglalllfiagletisnsllsslLfyll 32 
                                                                                                                +++++++lll++a+l+++++++ +++L+y+l
  sid|11852|pid|8561|hfid|360|sfid|39|gi|403261428|gi|403261430|taxonID|39432|Saimiriboliviensisboliviensis 261 ENSPSYGLLLLWASLSNAVPVA-FWTLAYVL 290
                                                                                                                5779******************.6*****97 PP

>> sid|11388|pid|8180|hfid|1281|sfid|301|gb|ADF87561.1|gi|295291752|taxonID|7263|Drosophilaarizonae  
   #    score  bias  c-Evalue  i-Evalue hmmfrom  hmm to    alifrom  ali to    envfrom  env to     acc
 ---   ------ ----- --------- --------- ------- -------    ------- -------    ------- -------    ----
   1 !   22.0   0.3   2.3e-06   0.00033       7      32 ..     377     401 ..     371     402 .. 0.92

  Alignments for each domain:
  == domain 1  score: 22.0 bits;  conditional E-value: 2.3e-06
                                                                                Round3_FinalIHelix   7 lalllfiagletisnsllsslLfyll 32 
                                                                                                       +al+l+++g++tis+++ +s+L++l+
  sid|11388|pid|8180|hfid|1281|sfid|301|gb|ADF87561.1|gi|295291752|taxonID|7263|Drosophilaarizonae 377 MALDLILVGIDTISMAV-CSILYQLA 401
                                                                                                       89***************.9*****98 PP

>> sid|6361|pid|4336|hfid|316|sfid|19|gb|AGE12465.1|gi|449826723|taxonID|211491|CarassiusauratusxCyprinuscarpioxCarassiuscuvieri  
   #    score  bias  c-Evalue  i-Evalue hmmfrom  hmm to    alifrom  ali to    envfrom  env to     acc
 ---   ------ ----- --------- --------- ------- -------    ------- -------    ------- -------    ----
   1 !   22.1   0.2   2.2e-06   0.00031       2      31 ..     313     341 ..     312     342 .. 0.87

  Alignments for each domain:
  == domain 1  score: 22.1 bits;  conditional E-value: 2.2e-06
                                                                                                             Round3_FinalIHelix   2 keaeglalllfiagletisnsllsslLfyl 31 
                                                                                                                                    +++ +++l+++ia+++t s sl+ ++L+ l
  sid|6361|pid|4336|hfid|316|sfid|19|gb|AGE12465.1|gi|449826723|taxonID|211491|CarassiusauratusxCyprinuscarpioxCarassiuscuvieri 313 ENVRQCVLEMIIAAPDTLSISLF-FMLLLL 341
                                                                                                                                    7889******************5.777665 PP

>> sid|95519|pid|71701|hfid|57|sfid|2|gi|602677593|taxonID|176946|Pythonbivittatus  
   #    score  bias  c-Evalue  i-Evalue hmmfrom  hmm to    alifrom  ali to    envfrom  env to     acc
 ---   ------ ----- --------- --------- ------- -------    ------- -------    ------- -------    ----
   1 !   21.5   0.3   3.5e-06    0.0005       2      32 ..     178     207 ..     177     208 .. 0.91

  Alignments for each domain:
  == domain 1  score: 21.5 bits;  conditional E-value: 3.5e-06
                                                               Round3_FinalIHelix   2 keaeglalllfiagletisnsllsslLfyll 32 
                                                                                      +++ +++ +lf+ag et+s+++  ++L++l+
  sid|95519|pid|71701|hfid|57|sfid|2|gi|602677593|taxonID|176946|Pythonbivittatus 178 ENLAQCVHDLFLAGTETTSVTM-MWILLILA 207
                                                                                      67799*****************.5****997 PP

>> sid|11393|pid|8185|hfid|1281|sfid|301|gi|91081457|taxonID|7070|Triboliumcastaneum  
   #    score  bias  c-Evalue  i-Evalue hmmfrom  hmm to    alifrom  ali to    envfrom  env to     acc
 ---   ------ ----- --------- --------- ------- -------    ------- -------    ------- -------    ----
   1 !   21.9   0.4   2.5e-06   0.00035       6      32 ..     321     346 ..     317     347 .. 0.91

  Alignments for each domain:
  == domain 1  score: 21.9 bits;  conditional E-value: 2.5e-06
                                                                 Round3_FinalIHelix   6 glalllfiagletisnsllsslLfyll 32 
                                                                                         lal+l+++g++tis+++ +s+L++l+
  sid|11393|pid|8185|hfid|1281|sfid|301|gi|91081457|taxonID|7070|Triboliumcastaneum 321 ILALDLILVGIDTISMAV-CSILYQLA 346
                                                                                        589***************.9*****98 PP

>> sid|11406|pid|8196|hfid|1281|sfid|301|gi|665800906|taxonID|69319|Microplitisdemolitor  
   #    score  bias  c-Evalue  i-Evalue hmmfrom  hmm to    alifrom  ali to    envfrom  env to     acc
 ---   ------ ----- --------- --------- ------- -------    ------- -------    ------- -------    ----
   1 !   21.9   0.3   2.5e-06   0.00036       4      32 ..     319     346 ..     317     347 .. 0.92

  Alignments for each domain:
  == domain 1  score: 21.9 bits;  conditional E-value: 2.5e-06
                                                                     Round3_FinalIHelix   4 aeglalllfiagletisnsllsslLfyll 32 
                                                                                            a+ lal+l+++g++tis+++ +s+L++++
  sid|11406|pid|8196|hfid|1281|sfid|301|gi|665800906|taxonID|69319|Microplitisdemolitor 319 AYVLALDLILVGIDTISMAV-CSILYQIA 346
                                                                                            5789****************.9****987 PP

>> sid|6369|pid|4344|hfid|316|sfid|19|gi|525345423|taxonID|8128|Oreochromisniloticus  
   #    score  bias  c-Evalue  i-Evalue hmmfrom  hmm to    alifrom  ali to    envfrom  env to     acc
 ---   ------ ----- --------- --------- ------- -------    ------- -------    ------- -------    ----
   1 !   20.2   0.5   8.7e-06    0.0012       2      31 ..     303     331 ..     302     332 .. 0.88

  Alignments for each domain:
  == domain 1  score: 20.2 bits;  conditional E-value: 8.7e-06
                                                                 Round3_FinalIHelix   2 keaeglalllfiagletisnsllsslLfyl 31 
                                                                                        +++++++l++ ia+++t s sl+ ++L+ l
  sid|6369|pid|4344|hfid|316|sfid|19|gi|525345423|taxonID|8128|Oreochromisniloticus 303 ENVTQCVLEMVIAAPDTLSLSLF-FMLLLL 331
                                                                                        789*******************5.777665 PP

>> sid|63997|pid|45576|hfid|295|sfid|12|emb|CAI64834.1|gi|61657667|taxonID|7227|Drosophilamelanogaster  
   #    score  bias  c-Evalue  i-Evalue hmmfrom  hmm to    alifrom  ali to    envfrom  env to     acc
 ---   ------ ----- --------- --------- ------- -------    ------- -------    ------- -------    ----
   1 !   21.7   0.2   2.9e-06   0.00041       4      32 ..     204     231 ..     200     232 .. 0.91

  Alignments for each domain:
  == domain 1  score: 21.7 bits;  conditional E-value: 2.9e-06
                                                                                   Round3_FinalIHelix   4 aeglalllfiagletisnsllsslLfyll 32 
                                                                                                          a+ +a+++++ag++t+s +  ++lL++l+
  sid|63997|pid|45576|hfid|295|sfid|12|emb|CAI64834.1|gi|61657667|taxonID|7227|Drosophilamelanogaster 204 ATVMAMDMLMAGVDTTSSTF-TALLLCLA 231
                                                                                                          589*****************.8******8 PP

>> sid|12559|pid|9078|hfid|372|sfid|49|gi|195120852|taxonID|7230|Drosophilamojavensis  
   #    score  bias  c-Evalue  i-Evalue hmmfrom  hmm to    alifrom  ali to    envfrom  env to     acc
 ---   ------ ----- --------- --------- ------- -------    ------- -------    ------- -------    ----
   1 !   21.1   0.0   4.5e-06   0.00064       3      32 ..     386     414 ..     384     415 .. 0.90

  Alignments for each domain:
  == domain 1  score: 21.1 bits;  conditional E-value: 4.5e-06
                                                                  Round3_FinalIHelix   3 eaeglalllfiagletisnsllsslLfyll 32 
                                                                                          a  lal+lf++g++t+s+++ ss++++l+
  sid|12559|pid|9078|hfid|372|sfid|49|gi|195120852|taxonID|7230|Drosophilamojavensis 386 LAAVLALDLFLVGVDTTSVAA-SSTIYQLA 414
                                                                                         56789****************.9*****98 PP

>> sid|6370|pid|4344|hfid|316|sfid|19|gb|AAO62625.1|gi|28933412|taxonID|8128|Oreochromisniloticus  
   #    score  bias  c-Evalue  i-Evalue hmmfrom  hmm to    alifrom  ali to    envfrom  env to     acc
 ---   ------ ----- --------- --------- ------- -------    ------- -------    ------- -------    ----
   1 !   20.2   0.5   8.7e-06    0.0012       2      31 ..     303     331 ..     302     332 .. 0.88

  Alignments for each domain:
  == domain 1  score: 20.2 bits;  conditional E-value: 8.7e-06
                                                                              Round3_FinalIHelix   2 keaeglalllfiagletisnsllsslLfyl 31 
                                                                                                     +++++++l++ ia+++t s sl+ ++L+ l
  sid|6370|pid|4344|hfid|316|sfid|19|gb|AAO62625.1|gi|28933412|taxonID|8128|Oreochromisniloticus 303 ENVTQCVLEMVIAAPDTLSLSLF-FMLLLL 331
                                                                                                     789*******************5.777665 PP

>> sid|6398|pid|4363|hfid|316|sfid|19|gb|AFV60023.1|gi|410094583|taxonID|564874|Carassiusauratusssp.Pengze  
   #    score  bias  c-Evalue  i-Evalue hmmfrom  hmm to    alifrom  ali to    envfrom  env to     acc
 ---   ------ ----- --------- --------- ------- -------    ------- -------    ------- -------    ----
   1 !   22.1   0.2   2.1e-06    0.0003       2      31 ..     314     342 ..     313     343 .. 0.87

  Alignments for each domain:
  == domain 1  score: 22.1 bits;  conditional E-value: 2.1e-06
                                                                                       Round3_FinalIHelix   2 keaeglalllfiagletisnsllsslLfyl 31 
                                                                                                              +++ +++l+++ia+++t s sl+ ++L+ l
  sid|6398|pid|4363|hfid|316|sfid|19|gb|AFV60023.1|gi|410094583|taxonID|564874|Carassiusauratusssp.Pengze 314 ENVRQCVLEMIIAAPDTLSISLF-FMLLLL 342
                                                                                                              7889******************5.777665 PP

>> sid|6403|pid|4365|hfid|316|sfid|19|gb|AAD31031.1|gi|4838538|taxonID|8127|Oreochromismossambicus  
   #    score  bias  c-Evalue  i-Evalue hmmfrom  hmm to    alifrom  ali to    envfrom  env to     acc
 ---   ------ ----- --------- --------- ------- -------    ------- -------    ------- -------    ----
   1 !   20.2   0.5   8.7e-06    0.0012       2      31 ..     303     331 ..     302     332 .. 0.88

  Alignments for each domain:
  == domain 1  score: 20.2 bits;  conditional E-value: 8.7e-06
                                                                               Round3_FinalIHelix   2 keaeglalllfiagletisnsllsslLfyl 31 
                                                                                                      +++++++l++ ia+++t s sl+ ++L+ l
  sid|6403|pid|4365|hfid|316|sfid|19|gb|AAD31031.1|gi|4838538|taxonID|8127|Oreochromismossambicus 303 ENVTQCVLEMVIAAPDTLSLSLF-FMLLLL 331
                                                                                                      789*******************5.777665 PP

>> sid|6152|pid|4183|hfid|316|sfid|19|gi|543353895|taxonID|181119|Pseudopodoceshumilis  
   #    score  bias  c-Evalue  i-Evalue hmmfrom  hmm to    alifrom  ali to    envfrom  env to     acc
 ---   ------ ----- --------- --------- ------- -------    ------- -------    ------- -------    ----
   1 !   22.6   0.6   1.5e-06   0.00021       2      32 ..     294     323 ..     293     324 .. 0.86

  Alignments for each domain:
  == domain 1  score: 22.6 bits;  conditional E-value: 1.5e-06
                                                                   Round3_FinalIHelix   2 keaeglalllfiagletisnsllsslLfyll 32 
                                                                                          +++++++l++ ia+++t s++l+ ++L  ++
  sid|6152|pid|4183|hfid|316|sfid|19|gi|543353895|taxonID|181119|Pseudopodoceshumilis 294 ENVNQCVLEMMIAAPDTLSVTLF-FMLILIA 323
                                                                                          789*******************5.7776655 PP

>> sid|6153|pid|4183|hfid|316|sfid|19|gi|525008718|taxonID|59894|Ficedulaalbicollis  
   #    score  bias  c-Evalue  i-Evalue hmmfrom  hmm to    alifrom  ali to    envfrom  env to     acc
 ---   ------ ----- --------- --------- ------- -------    ------- -------    ------- -------    ----
   1 !   22.6   0.6   1.5e-06   0.00021       2      32 ..     294     323 ..     293     324 .. 0.86

  Alignments for each domain:
  == domain 1  score: 22.6 bits;  conditional E-value: 1.5e-06
                                                                Round3_FinalIHelix   2 keaeglalllfiagletisnsllsslLfyll 32 
                                                                                       +++++++l++ ia+++t s++l+ ++L  ++
  sid|6153|pid|4183|hfid|316|sfid|19|gi|525008718|taxonID|59894|Ficedulaalbicollis 294 ENVNQCVLEMMIAAPDTLSVTLF-FMLILIA 323
                                                                                       789*******************5.7776655 PP

>> sid|6159|pid|4188|hfid|316|sfid|19|gi|115529248|taxonID|59729|Taeniopygiaguttata  
   #    score  bias  c-Evalue  i-Evalue hmmfrom  hmm to    alifrom  ali to    envfrom  env to     acc
 ---   ------ ----- --------- --------- ------- -------    ------- -------    ------- -------    ----
   1 !   22.6   0.6   1.5e-06   0.00021       2      32 ..     294     323 ..     293     324 .. 0.86

  Alignments for each domain:
  == domain 1  score: 22.6 bits;  conditional E-value: 1.5e-06
                                                                Round3_FinalIHelix   2 keaeglalllfiagletisnsllsslLfyll 32 
                                                                                       +++++++l++ ia+++t s++l+ ++L  ++
  sid|6159|pid|4188|hfid|316|sfid|19|gi|115529248|taxonID|59729|Taeniopygiaguttata 294 ENVNQCVLEMMIAAPDTLSVTLF-FMLILIA 323
                                                                                       789*******************5.7776655 PP

>> sid|6174|pid|4202|hfid|316|sfid|19|gi|542148870|taxonID|44394|Zonotrichiaalbicollis  
   #    score  bias  c-Evalue  i-Evalue hmmfrom  hmm to    alifrom  ali to    envfrom  env to     acc
 ---   ------ ----- --------- --------- ------- -------    ------- -------    ------- -------    ----
   1 !   22.6   0.6   1.5e-06   0.00021       2      32 ..     294     323 ..     293     324 .. 0.86

  Alignments for each domain:
  == domain 1  score: 22.6 bits;  conditional E-value: 1.5e-06
                                                                   Round3_FinalIHelix   2 keaeglalllfiagletisnsllsslLfyll 32 
                                                                                          +++++++l++ ia+++t s++l+ ++L  ++
  sid|6174|pid|4202|hfid|316|sfid|19|gi|542148870|taxonID|44394|Zonotrichiaalbicollis 294 ENVNQCVLEMMIAAPDTLSVTLF-FMLILIA 323
                                                                                          789*******************5.7776655 PP

>> sid|6175|pid|4202|hfid|316|sfid|19|gi|543256319|taxonID|48883|Geospizafortis  
   #    score  bias  c-Evalue  i-Evalue hmmfrom  hmm to    alifrom  ali to    envfrom  env to     acc
 ---   ------ ----- --------- --------- ------- -------    ------- -------    ------- -------    ----
   1 !   22.6   0.6   1.5e-06   0.00021       2      32 ..     294     323 ..     293     324 .. 0.86

  Alignments for each domain:
  == domain 1  score: 22.6 bits;  conditional E-value: 1.5e-06
                                                            Round3_FinalIHelix   2 keaeglalllfiagletisnsllsslLfyll 32 
                                                                                   +++++++l++ ia+++t s++l+ ++L  ++
  sid|6175|pid|4202|hfid|316|sfid|19|gi|543256319|taxonID|48883|Geospizafortis 294 ENVNQCVLEMMIAAPDTLSVTLF-FMLILIA 323
                                                                                   789*******************5.7776655 PP

>> sid|6181|pid|4205|hfid|316|sfid|19|gi|669290470|taxonID|85066|Corvusbrachyrhynchos  
   #    score  bias  c-Evalue  i-Evalue hmmfrom  hmm to    alifrom  ali to    envfrom  env to     acc
 ---   ------ ----- --------- --------- ------- -------    ------- -------    ------- -------    ----
   1 !   22.6   0.6   1.5e-06   0.00021       2      32 ..     294     323 ..     293     324 .. 0.86

  Alignments for each domain:
  == domain 1  score: 22.6 bits;  conditional E-value: 1.5e-06
                                                                  Round3_FinalIHelix   2 keaeglalllfiagletisnsllsslLfyll 32 
                                                                                         +++++++l++ ia+++t s++l+ ++L  ++
  sid|6181|pid|4205|hfid|316|sfid|19|gi|669290470|taxonID|85066|Corvusbrachyrhynchos 294 ENVNQCVLEMMIAAPDTLSVTLF-FMLILIA 323
                                                                                         789*******************5.7776655 PP

>> sid|11381|pid|8174|hfid|1281|sfid|301|gi|340715161|taxonID|30195|Bombusterrestris  
   #    score  bias  c-Evalue  i-Evalue hmmfrom  hmm to    alifrom  ali to    envfrom  env to     acc
 ---   ------ ----- --------- --------- ------- -------    ------- -------    ------- -------    ----
   1 !   21.6   0.6   3.2e-06   0.00045       7      32 ..     331     355 ..     326     356 .. 0.92

  Alignments for each domain:
  == domain 1  score: 21.6 bits;  conditional E-value: 3.2e-06
                                                                 Round3_FinalIHelix   7 lalllfiagletisnsllsslLfyll 32 
                                                                                        lal+l+++g++tis+++ +s+L++l+
  sid|11381|pid|8174|hfid|1281|sfid|301|gi|340715161|taxonID|30195|Bombusterrestris 331 LALDLILVGIDTISMAV-CSILYQLA 355
                                                                                        89***************.9*****98 PP

>> sid|6162|pid|4191|hfid|316|sfid|19|gi|663255637|taxonID|9244|Calypteanna  
   #    score  bias  c-Evalue  i-Evalue hmmfrom  hmm to    alifrom  ali to    envfrom  env to     acc
 ---   ------ ----- --------- --------- ------- -------    ------- -------    ------- -------    ----
   1 !   22.6   0.6   1.5e-06   0.00021       2      32 ..     294     323 ..     293     324 .. 0.86

  Alignments for each domain:
  == domain 1  score: 22.6 bits;  conditional E-value: 1.5e-06
                                                        Round3_FinalIHelix   2 keaeglalllfiagletisnsllsslLfyll 32 
                                                                               +++++++l++ ia+++t s++l+ ++L  ++
  sid|6162|pid|4191|hfid|316|sfid|19|gi|663255637|taxonID|9244|Calypteanna 294 ENVNQCVLEMMIAAPDTLSVTLF-FMLILIA 323
                                                                               789*******************5.7776655 PP

>> sid|11382|pid|8174|hfid|1281|sfid|301|gi|350397446|taxonID|132113|Bombusimpatiens  
   #    score  bias  c-Evalue  i-Evalue hmmfrom  hmm to    alifrom  ali to    envfrom  env to     acc
 ---   ------ ----- --------- --------- ------- -------    ------- -------    ------- -------    ----
   1 !   21.6   0.6   3.2e-06   0.00045       7      32 ..     331     355 ..     326     356 .. 0.92

  Alignments for each domain:
  == domain 1  score: 21.6 bits;  conditional E-value: 3.2e-06
                                                                 Round3_FinalIHelix   7 lalllfiagletisnsllsslLfyll 32 
                                                                                        lal+l+++g++tis+++ +s+L++l+
  sid|11382|pid|8174|hfid|1281|sfid|301|gi|350397446|taxonID|132113|Bombusimpatiens 331 LALDLILVGIDTISMAV-CSILYQLA 355
                                                                                        89***************.9*****98 PP

>> sid|65305|pid|46673|hfid|337|sfid|27|gi|658840107|taxonID|8081|Poeciliareticulata  
   #    score  bias  c-Evalue  i-Evalue hmmfrom  hmm to    alifrom  ali to    envfrom  env to     acc
 ---   ------ ----- --------- --------- ------- -------    ------- -------    ------- -------    ----
   1 !   21.0   0.0     5e-06   0.00071       8      32 ..     312     335 ..     306     336 .. 0.88

  Alignments for each domain:
  == domain 1  score: 21.0 bits;  conditional E-value: 5e-06
                                                                 Round3_FinalIHelix   8 alllfiagletisnsllsslLfyll 32 
                                                                                        + +l++ag++t+sn+l +++L++l+
  sid|65305|pid|46673|hfid|337|sfid|27|gi|658840107|taxonID|8081|Poeciliareticulata 312 VTELLLAGVDTTSNTL-TWTLYQLS 335
                                                                                        5699************.8*****97 PP

>> sid|6226|pid|4241|hfid|316|sfid|19|gb|AGH69789.1|gi|469663687|taxonID|229290|Anoplopomafimbria  
   #    score  bias  c-Evalue  i-Evalue hmmfrom  hmm to    alifrom  ali to    envfrom  env to     acc
 ---   ------ ----- --------- --------- ------- -------    ------- -------    ------- -------    ----
   1 !   22.6   0.2   1.5e-06   0.00022       2      31 ..     306     334 ..     305     335 .. 0.88

  Alignments for each domain:
  == domain 1  score: 22.6 bits;  conditional E-value: 1.5e-06
                                                                              Round3_FinalIHelix   2 keaeglalllfiagletisnsllsslLfyl 31 
                                                                                                     +++++++l++ ia+++t s+sl+ ++L+ l
  sid|6226|pid|4241|hfid|316|sfid|19|gb|AGH69789.1|gi|469663687|taxonID|229290|Anoplopomafimbria 306 ENVKQCVLEMVIAAPDTLSVSLF-FMLLLL 334
                                                                                                     789*******************5.777665 PP

>> sid|63988|pid|45572|hfid|295|sfid|12|gi|194900042|taxonID|7220|Drosophilaerecta  
   #    score  bias  c-Evalue  i-Evalue hmmfrom  hmm to    alifrom  ali to    envfrom  env to     acc
 ---   ------ ----- --------- --------- ------- -------    ------- -------    ------- -------    ----
   1 !   21.4   0.1   3.8e-06   0.00054       4      32 ..     323     350 ..     319     351 .. 0.90

  Alignments for each domain:
  == domain 1  score: 21.4 bits;  conditional E-value: 3.8e-06
                                                               Round3_FinalIHelix   4 aeglalllfiagletisnsllsslLfyll 32 
                                                                                      a+ +a+++++ag++t+s +  ++lL++l+
  sid|63988|pid|45572|hfid|295|sfid|12|gi|194900042|taxonID|7220|Drosophilaerecta 323 ATVMAMDMLMAGVDTTSSTF-TALLLCLA 350
                                                                                      489*****************.8******8 PP

>> sid|11413|pid|8201|hfid|1281|sfid|301|gi|572315813|taxonID|7462|Apisdorsata  
   #    score  bias  c-Evalue  i-Evalue hmmfrom  hmm to    alifrom  ali to    envfrom  env to     acc
 ---   ------ ----- --------- --------- ------- -------    ------- -------    ------- -------    ----
   1 !   21.6   0.6   3.1e-06   0.00044       7      32 ..     327     351 ..     322     352 .. 0.92

  Alignments for each domain:
  == domain 1  score: 21.6 bits;  conditional E-value: 3.1e-06
                                                           Round3_FinalIHelix   7 lalllfiagletisnsllsslLfyll 32 
                                                                                  lal+l+++g++tis+++ +s+L++l+
  sid|11413|pid|8201|hfid|1281|sfid|301|gi|572315813|taxonID|7462|Apisdorsata 327 LALDLILVGIDTISMAV-CSILYQLA 351
                                                                                  89***************.9*****98 PP

>> sid|11414|pid|8202|hfid|1281|sfid|301|gi|383855736|taxonID|143995|Megachilerotundata  
   #    score  bias  c-Evalue  i-Evalue hmmfrom  hmm to    alifrom  ali to    envfrom  env to     acc
 ---   ------ ----- --------- --------- ------- -------    ------- -------    ------- -------    ----
   1 !   21.6   0.6   3.2e-06   0.00045       7      32 ..     329     353 ..     324     354 .. 0.92

  Alignments for each domain:
  == domain 1  score: 21.6 bits;  conditional E-value: 3.2e-06
                                                                    Round3_FinalIHelix   7 lalllfiagletisnsllsslLfyll 32 
                                                                                           lal+l+++g++tis+++ +s+L++l+
  sid|11414|pid|8202|hfid|1281|sfid|301|gi|383855736|taxonID|143995|Megachilerotundata 329 LALDLILVGIDTISMAV-CSILYQLA 353
                                                                                           89***************.9*****98 PP

>> sid|65310|pid|46677|hfid|337|sfid|27|gi|551493301|taxonID|8083|Xiphophorusmaculatus  
   #    score  bias  c-Evalue  i-Evalue hmmfrom  hmm to    alifrom  ali to    envfrom  env to     acc
 ---   ------ ----- --------- --------- ------- -------    ------- -------    ------- -------    ----
   1 !   21.2   0.0   4.3e-06   0.00061       8      32 ..     312     335 ..     306     336 .. 0.88

  Alignments for each domain:
  == domain 1  score: 21.2 bits;  conditional E-value: 4.3e-06
                                                                   Round3_FinalIHelix   8 alllfiagletisnsllsslLfyll 32 
                                                                                          + +l++ag++t+sn+l +++L++l+
  sid|65310|pid|46677|hfid|337|sfid|27|gi|551493301|taxonID|8083|Xiphophorusmaculatus 312 VTELLLAGVDTTSNTL-TWVLYQLS 335
                                                                                          5699************.8*****97 PP

>> sid|6354|pid|4329|hfid|316|sfid|19|dbj|BAJ65432.1|gi|320118831|taxonID|8238|Thunnusorientalis  
   #    score  bias  c-Evalue  i-Evalue hmmfrom  hmm to    alifrom  ali to    envfrom  env to     acc
 ---   ------ ----- --------- --------- ------- -------    ------- -------    ------- -------    ----
   1 !   22.5   0.2   1.6e-06   0.00023       2      31 ..     316     344 ..     315     345 .. 0.87

  Alignments for each domain:
  == domain 1  score: 22.5 bits;  conditional E-value: 1.6e-06
                                                                             Round3_FinalIHelix   2 keaeglalllfiagletisnsllsslLfyl 31 
                                                                                                    +++ +++l++ ia+++t+s+sl+ ++L+ l
  sid|6354|pid|4329|hfid|316|sfid|19|dbj|BAJ65432.1|gi|320118831|taxonID|8238|Thunnusorientalis 316 ENVRQCVLEMVIAAPDTMSVSLF-FMLLLL 344
                                                                                                    7889******************5.777665 PP

>> sid|63990|pid|45574|hfid|295|sfid|12|gi|195569749|taxonID|7240|Drosophilasimulans  
   #    score  bias  c-Evalue  i-Evalue hmmfrom  hmm to    alifrom  ali to    envfrom  env to     acc
 ---   ------ ----- --------- --------- ------- -------    ------- -------    ------- -------    ----
   1 !   21.4   0.1   3.8e-06   0.00054       4      32 ..     323     350 ..     319     351 .. 0.90

  Alignments for each domain:
  == domain 1  score: 21.4 bits;  conditional E-value: 3.8e-06
                                                                 Round3_FinalIHelix   4 aeglalllfiagletisnsllsslLfyll 32 
                                                                                        a+ +a+++++ag++t+s +  ++lL++l+
  sid|63990|pid|45574|hfid|295|sfid|12|gi|195569749|taxonID|7240|Drosophilasimulans 323 ATVMAMDMLMAGVDTTSSTF-TALLLCLA 350
                                                                                        489*****************.8******8 PP

>> sid|64012|pid|45591|hfid|295|sfid|12|gb|AAM76202.1|gi|21744287|taxonID|7227|Drosophilamelanogaster  
   #    score  bias  c-Evalue  i-Evalue hmmfrom  hmm to    alifrom  ali to    envfrom  env to     acc
 ---   ------ ----- --------- --------- ------- -------    ------- -------    ------- -------    ----
   1 !   21.4   0.1   3.8e-06   0.00054       4      32 ..     323     350 ..     319     351 .. 0.90

  Alignments for each domain:
  == domain 1  score: 21.4 bits;  conditional E-value: 3.8e-06
                                                                                  Round3_FinalIHelix   4 aeglalllfiagletisnsllsslLfyll 32 
                                                                                                         a+ +a+++++ag++t+s +  ++lL++l+
  sid|64012|pid|45591|hfid|295|sfid|12|gb|AAM76202.1|gi|21744287|taxonID|7227|Drosophilamelanogaster 323 ATVMAMDMLMAGVDTTSSTF-TALLLCLA 350
                                                                                                         489*****************.8******8 PP

>> sid|64014|pid|45591|hfid|295|sfid|12|gi|21356685|taxonID|7227|Drosophilamelanogaster  
   #    score  bias  c-Evalue  i-Evalue hmmfrom  hmm to    alifrom  ali to    envfrom  env to     acc
 ---   ------ ----- --------- --------- ------- -------    ------- -------    ------- -------    ----
   1 !   21.4   0.1   3.8e-06   0.00054       4      32 ..     323     350 ..     319     351 .. 0.90

  Alignments for each domain:
  == domain 1  score: 21.4 bits;  conditional E-value: 3.8e-06
                                                                    Round3_FinalIHelix   4 aeglalllfiagletisnsllsslLfyll 32 
                                                                                           a+ +a+++++ag++t+s +  ++lL++l+
  sid|64014|pid|45591|hfid|295|sfid|12|gi|21356685|taxonID|7227|Drosophilamelanogaster 323 ATVMAMDMLMAGVDTTSSTF-TALLLCLA 350
                                                                                           489*****************.8******8 PP

>> sid|64013|pid|45591|hfid|295|sfid|12|gb|AAR88135.1|gi|40646521|taxonID|7227|Drosophilamelanogaster  
   #    score  bias  c-Evalue  i-Evalue hmmfrom  hmm to    alifrom  ali to    envfrom  env to     acc
 ---   ------ ----- --------- --------- ------- -------    ------- -------    ------- -------    ----
   1 !   21.4   0.1   3.8e-06   0.00054       4      32 ..     323     350 ..     319     351 .. 0.90

  Alignments for each domain:
  == domain 1  score: 21.4 bits;  conditional E-value: 3.8e-06
                                                                                  Round3_FinalIHelix   4 aeglalllfiagletisnsllsslLfyll 32 
                                                                                                         a+ +a+++++ag++t+s +  ++lL++l+
  sid|64013|pid|45591|hfid|295|sfid|12|gb|AAR88135.1|gi|40646521|taxonID|7227|Drosophilamelanogaster 323 ATVMAMDMLMAGVDTTSSTF-TALLLCLA 350
                                                                                                         489*****************.8******8 PP

>> sid|11395|pid|8187|hfid|1281|sfid|301|gb|EFN87619.1|gi|307211541|taxonID|610380|Harpegnathossaltator  
   #    score  bias  c-Evalue  i-Evalue hmmfrom  hmm to    alifrom  ali to    envfrom  env to     acc
 ---   ------ ----- --------- --------- ------- -------    ------- -------    ------- -------    ----
   1 !   21.6   0.5   3.2e-06   0.00045       7      32 ..     244     268 ..     239     269 .. 0.92

  Alignments for each domain:
  == domain 1  score: 21.6 bits;  conditional E-value: 3.2e-06
                                                                                    Round3_FinalIHelix   7 lalllfiagletisnsllsslLfyll 32 
                                                                                                           +al+l+++g++tis+++ +s+L++l+
  sid|11395|pid|8187|hfid|1281|sfid|301|gb|EFN87619.1|gi|307211541|taxonID|610380|Harpegnathossaltator 244 FALDLILVGIDTISMAV-CSILYQLA 268
                                                                                                           89***************.9*****98 PP

>> sid|6168|pid|4197|hfid|316|sfid|19|gi|591384940|taxonID|8469|Cheloniamydas  
   #    score  bias  c-Evalue  i-Evalue hmmfrom  hmm to    alifrom  ali to    envfrom  env to     acc
 ---   ------ ----- --------- --------- ------- -------    ------- -------    ------- -------    ----
   1 !   22.4   0.3   1.7e-06   0.00024       2      32 ..     274     303 ..     273     304 .. 0.86

  Alignments for each domain:
  == domain 1  score: 22.4 bits;  conditional E-value: 1.7e-06
                                                          Round3_FinalIHelix   2 keaeglalllfiagletisnsllsslLfyll 32 
                                                                                 +++++++l++ ia+++t s++l+ ++L  ++
  sid|6168|pid|4197|hfid|316|sfid|19|gi|591384940|taxonID|8469|Cheloniamydas 274 ENVNQCVLEMMIAAPDTLSVTLF-FMLVLIA 303
                                                                                 688*******************5.7776655 PP

>> sid|63995|pid|45576|hfid|295|sfid|12|emb|CAG38967.1|gi|50880290|taxonID|7227|Drosophilamelanogaster  
   #    score  bias  c-Evalue  i-Evalue hmmfrom  hmm to    alifrom  ali to    envfrom  env to     acc
 ---   ------ ----- --------- --------- ------- -------    ------- -------    ------- -------    ----
   1 !   21.3   0.2     4e-06   0.00056       4      32 ..     323     350 ..     319     351 .. 0.91

  Alignments for each domain:
  == domain 1  score: 21.3 bits;  conditional E-value: 4e-06
                                                                                   Round3_FinalIHelix   4 aeglalllfiagletisnsllsslLfyll 32 
                                                                                                          a+ +a+++++ag++t+s +  ++lL++l+
  sid|63995|pid|45576|hfid|295|sfid|12|emb|CAG38967.1|gi|50880290|taxonID|7227|Drosophilamelanogaster 323 ATVMAMDMLMAGVDTTSSTF-TALLLCLA 350
                                                                                                          589*****************.8******8 PP

>> sid|63993|pid|45576|hfid|295|sfid|12|gi|24648130|taxonID|7227|Drosophilamelanogaster  
   #    score  bias  c-Evalue  i-Evalue hmmfrom  hmm to    alifrom  ali to    envfrom  env to     acc
 ---   ------ ----- --------- --------- ------- -------    ------- -------    ------- -------    ----
   1 !   21.3   0.2     4e-06   0.00056       4      32 ..     323     350 ..     319     351 .. 0.91

  Alignments for each domain:
  == domain 1  score: 21.3 bits;  conditional E-value: 4e-06
                                                                    Round3_FinalIHelix   4 aeglalllfiagletisnsllsslLfyll 32 
                                                                                           a+ +a+++++ag++t+s +  ++lL++l+
  sid|63993|pid|45576|hfid|295|sfid|12|gi|24648130|taxonID|7227|Drosophilamelanogaster 323 ATVMAMDMLMAGVDTTSSTF-TALLLCLA 350
                                                                                           589*****************.8******8 PP

>> sid|63992|pid|45576|hfid|295|sfid|12|gb|AAL48134.1|gi|17944490|taxonID|7227|Drosophilamelanogaster  
   #    score  bias  c-Evalue  i-Evalue hmmfrom  hmm to    alifrom  ali to    envfrom  env to     acc
 ---   ------ ----- --------- --------- ------- -------    ------- -------    ------- -------    ----
   1 !   21.3   0.2     4e-06   0.00056       4      32 ..     323     350 ..     319     351 .. 0.91

  Alignments for each domain:
  == domain 1  score: 21.3 bits;  conditional E-value: 4e-06
                                                                                  Round3_FinalIHelix   4 aeglalllfiagletisnsllsslLfyll 32 
                                                                                                         a+ +a+++++ag++t+s +  ++lL++l+
  sid|63992|pid|45576|hfid|295|sfid|12|gb|AAL48134.1|gi|17944490|taxonID|7227|Drosophilamelanogaster 323 ATVMAMDMLMAGVDTTSSTF-TALLLCLA 350
                                                                                                         589*****************.8******8 PP

>> sid|11765|pid|8500|hfid|360|sfid|39|gi|544427565|gi|544427563|gi|544427567|taxonID|9541|Macacafascicularis  
   #    score  bias  c-Evalue  i-Evalue hmmfrom  hmm to    alifrom  ali to    envfrom  env to     acc
 ---   ------ ----- --------- --------- ------- -------    ------- -------    ------- -------    ----
   1 !   20.5   0.0   7.5e-06    0.0011       2      32 ..     261     290 ..     260     291 .. 0.91

  Alignments for each domain:
  == domain 1  score: 20.5 bits;  conditional E-value: 7.5e-06
                                                                                          Round3_FinalIHelix   2 keaeglalllfiagletisnsllsslLfyll 32 
                                                                                                                 ++++ ++lll++a+l+++++++ +++L+y+l
  sid|11765|pid|8500|hfid|360|sfid|39|gi|544427565|gi|544427563|gi|544427567|taxonID|9541|Macacafascicularis 261 ENSPKYGLLLLWASLSNAVPVA-FWTLAYVL 290
                                                                                                                 57799*****************.6*****97 PP

>> sid|63989|pid|45573|hfid|295|sfid|12|gi|195569747|taxonID|7240|Drosophilasimulans  
   #    score  bias  c-Evalue  i-Evalue hmmfrom  hmm to    alifrom  ali to    envfrom  env to     acc
 ---   ------ ----- --------- --------- ------- -------    ------- -------    ------- -------    ----
   1 !   21.3   0.2     4e-06   0.00056       4      32 ..     323     350 ..     319     351 .. 0.91

  Alignments for each domain:
  == domain 1  score: 21.3 bits;  conditional E-value: 4e-06
                                                                 Round3_FinalIHelix   4 aeglalllfiagletisnsllsslLfyll 32 
                                                                                        a+ +a+++++ag++t+s +  ++lL++l+
  sid|63989|pid|45573|hfid|295|sfid|12|gi|195569747|taxonID|7240|Drosophilasimulans 323 ATVMAMDMLMAGVDTTSSTF-TALLLCLA 350
                                                                                        589*****************.8******8 PP

>> sid|63996|pid|45576|hfid|295|sfid|12|emb|CAG38968.1|gi|50880292|taxonID|7227|Drosophilamelanogaster  
   #    score  bias  c-Evalue  i-Evalue hmmfrom  hmm to    alifrom  ali to    envfrom  env to     acc
 ---   ------ ----- --------- --------- ------- -------    ------- -------    ------- -------    ----
   1 !   21.3   0.2     4e-06   0.00056       4      32 ..     323     350 ..     319     351 .. 0.91

  Alignments for each domain:
  == domain 1  score: 21.3 bits;  conditional E-value: 4e-06
                                                                                   Round3_FinalIHelix   4 aeglalllfiagletisnsllsslLfyll 32 
                                                                                                          a+ +a+++++ag++t+s +  ++lL++l+
  sid|63996|pid|45576|hfid|295|sfid|12|emb|CAG38968.1|gi|50880292|taxonID|7227|Drosophilamelanogaster 323 ATVMAMDMLMAGVDTTSSTF-TALLLCLA 350
                                                                                                          589*****************.8******8 PP

>> sid|64002|pid|45581|hfid|295|sfid|12|gi|194900040|taxonID|7220|Drosophilaerecta  
   #    score  bias  c-Evalue  i-Evalue hmmfrom  hmm to    alifrom  ali to    envfrom  env to     acc
 ---   ------ ----- --------- --------- ------- -------    ------- -------    ------- -------    ----
   1 !   21.3   0.2     4e-06   0.00056       4      32 ..     323     350 ..     319     351 .. 0.91

  Alignments for each domain:
  == domain 1  score: 21.3 bits;  conditional E-value: 4e-06
                                                               Round3_FinalIHelix   4 aeglalllfiagletisnsllsslLfyll 32 
                                                                                      a+ +a+++++ag++t+s +  ++lL++l+
  sid|64002|pid|45581|hfid|295|sfid|12|gi|194900040|taxonID|7220|Drosophilaerecta 323 ATVMAMDMLMAGVDTTSSTF-TALLLCLA 350
                                                                                      589*****************.8******8 PP

>> sid|6138|pid|4171|hfid|316|sfid|19|gb|AGZ83067.1|gi|556903891|taxonID|27788|Lepidochelysolivacea  
   #    score  bias  c-Evalue  i-Evalue hmmfrom  hmm to    alifrom  ali to    envfrom  env to     acc
 ---   ------ ----- --------- --------- ------- -------    ------- -------    ------- -------    ----
   1 !   22.4   0.3   1.8e-06   0.00026       2      32 ..     293     322 ..     292     323 .. 0.86

  Alignments for each domain:
  == domain 1  score: 22.4 bits;  conditional E-value: 1.8e-06
                                                                                Round3_FinalIHelix   2 keaeglalllfiagletisnsllsslLfyll 32 
                                                                                                       +++++++l++ ia+++t s++l+ ++L  ++
  sid|6138|pid|4171|hfid|316|sfid|19|gb|AGZ83067.1|gi|556903891|taxonID|27788|Lepidochelysolivacea 293 ENVNQCVLEMMIAAPDTLSVTLF-FMLVLIA 322
                                                                                                       688*******************5.7776655 PP

>> sid|6139|pid|4171|hfid|316|sfid|19|gb|AGW47686.1|gi|545693183|taxonID|27788|Lepidochelysolivacea  
   #    score  bias  c-Evalue  i-Evalue hmmfrom  hmm to    alifrom  ali to    envfrom  env to     acc
 ---   ------ ----- --------- --------- ------- -------    ------- -------    ------- -------    ----
   1 !   22.4   0.3   1.8e-06   0.00026       2      32 ..     293     322 ..     292     323 .. 0.86

  Alignments for each domain:
  == domain 1  score: 22.4 bits;  conditional E-value: 1.8e-06
                                                                                Round3_FinalIHelix   2 keaeglalllfiagletisnsllsslLfyll 32 
                                                                                                       +++++++l++ ia+++t s++l+ ++L  ++
  sid|6139|pid|4171|hfid|316|sfid|19|gb|AGW47686.1|gi|545693183|taxonID|27788|Lepidochelysolivacea 293 ENVNQCVLEMMIAAPDTLSVTLF-FMLVLIA 322
                                                                                                       688*******************5.7776655 PP

>> sid|6169|pid|4198|hfid|316|sfid|19|gb|AAG09376.1|gi|9957482|taxonID|34903|Trachemysscripta  
   #    score  bias  c-Evalue  i-Evalue hmmfrom  hmm to    alifrom  ali to    envfrom  env to     acc
 ---   ------ ----- --------- --------- ------- -------    ------- -------    ------- -------    ----
   1 !   22.4   0.3   1.8e-06   0.00026       2      32 ..     293     322 ..     292     323 .. 0.86

  Alignments for each domain:
  == domain 1  score: 22.4 bits;  conditional E-value: 1.8e-06
                                                                          Round3_FinalIHelix   2 keaeglalllfiagletisnsllsslLfyll 32 
                                                                                                 +++++++l++ ia+++t s++l+ ++L  ++
  sid|6169|pid|4198|hfid|316|sfid|19|gb|AAG09376.1|gi|9957482|taxonID|34903|Trachemysscripta 293 ENVNQCVLEMMIAAPDTLSVTLF-FMLVLIA 322
                                                                                                 688*******************5.7776655 PP

>> sid|6170|pid|4198|hfid|316|sfid|19|gi|532691798|taxonID|8479|Chrysemyspicta  
   #    score  bias  c-Evalue  i-Evalue hmmfrom  hmm to    alifrom  ali to    envfrom  env to     acc
 ---   ------ ----- --------- --------- ------- -------    ------- -------    ------- -------    ----
   1 !   22.4   0.3   1.8e-06   0.00026       2      32 ..     293     322 ..     292     323 .. 0.86

  Alignments for each domain:
  == domain 1  score: 22.4 bits;  conditional E-value: 1.8e-06
                                                           Round3_FinalIHelix   2 keaeglalllfiagletisnsllsslLfyll 32 
                                                                                  +++++++l++ ia+++t s++l+ ++L  ++
  sid|6170|pid|4198|hfid|316|sfid|19|gi|532691798|taxonID|8479|Chrysemyspicta 293 ENVNQCVLEMMIAAPDTLSVTLF-FMLVLIA 322
                                                                                  688*******************5.7776655 PP

>> sid|63994|pid|45576|hfid|295|sfid|12|gi|195353713|taxonID|7238|Drosophilasechellia  
   #    score  bias  c-Evalue  i-Evalue hmmfrom  hmm to    alifrom  ali to    envfrom  env to     acc
 ---   ------ ----- --------- --------- ------- -------    ------- -------    ------- -------    ----
   1 !   21.3   0.2     4e-06   0.00056       4      32 ..     323     350 ..     319     351 .. 0.91

  Alignments for each domain:
  == domain 1  score: 21.3 bits;  conditional E-value: 4e-06
                                                                  Round3_FinalIHelix   4 aeglalllfiagletisnsllsslLfyll 32 
                                                                                         a+ +a+++++ag++t+s +  ++lL++l+
  sid|63994|pid|45576|hfid|295|sfid|12|gi|195353713|taxonID|7238|Drosophilasechellia 323 ATVMAMDMLMAGVDTTSSTF-TALLLCLA 350
                                                                                         589*****************.8******8 PP

>> sid|12558|pid|9077|hfid|372|sfid|49|gi|195442238|taxonID|7260|Drosophilawillistoni  
   #    score  bias  c-Evalue  i-Evalue hmmfrom  hmm to    alifrom  ali to    envfrom  env to     acc
 ---   ------ ----- --------- --------- ------- -------    ------- -------    ------- -------    ----
   1 !   21.1   0.0   4.6e-06   0.00064       3      32 ..     388     416 ..     386     417 .. 0.90

  Alignments for each domain:
  == domain 1  score: 21.1 bits;  conditional E-value: 4.6e-06
                                                                  Round3_FinalIHelix   3 eaeglalllfiagletisnsllsslLfyll 32 
                                                                                          a  lal+lf++g++t+s+++ ss++++l+
  sid|12558|pid|9077|hfid|372|sfid|49|gi|195442238|taxonID|7260|Drosophilawillistoni 388 LAAVLALDLFLVGVDTTSVAA-SSTIYQLA 416
                                                                                         56789****************.9*****98 PP

>> sid|65324|pid|46688|hfid|337|sfid|27|gi|617400761|taxonID|48698|Poeciliaformosa  
   #    score  bias  c-Evalue  i-Evalue hmmfrom  hmm to    alifrom  ali to    envfrom  env to     acc
 ---   ------ ----- --------- --------- ------- -------    ------- -------    ------- -------    ----
   1 !   20.8   0.0     6e-06   0.00084       8      32 ..     312     335 ..     306     336 .. 0.88

  Alignments for each domain:
  == domain 1  score: 20.8 bits;  conditional E-value: 6e-06
                                                               Round3_FinalIHelix   8 alllfiagletisnsllsslLfyll 32 
                                                                                      + +l++ag++t+sn+l +++L++l+
  sid|65324|pid|46688|hfid|337|sfid|27|gi|617400761|taxonID|48698|Poeciliaformosa 312 VTELLLAGVDTTSNTL-TWTLYQLS 335
                                                                                      5699************.8*****97 PP

>> sid|65322|pid|46686|hfid|337|sfid|27|gi|658840105|taxonID|8081|Poeciliareticulata  
   #    score  bias  c-Evalue  i-Evalue hmmfrom  hmm to    alifrom  ali to    envfrom  env to     acc
 ---   ------ ----- --------- --------- ------- -------    ------- -------    ------- -------    ----
   1 !   20.8   0.0     6e-06   0.00084       8      32 ..     312     335 ..     306     336 .. 0.88

  Alignments for each domain:
  == domain 1  score: 20.8 bits;  conditional E-value: 6e-06
                                                                 Round3_FinalIHelix   8 alllfiagletisnsllsslLfyll 32 
                                                                                        + +l++ag++t+sn+l +++L++l+
  sid|65322|pid|46686|hfid|337|sfid|27|gi|658840105|taxonID|8081|Poeciliareticulata 312 VTELLLAGVDTTSNTL-TWTLYQLS 335
                                                                                        5699************.8*****97 PP

>> sid|6349|pid|4325|hfid|316|sfid|19|dbj|BAI44466.1|gi|260763794|taxonID|80970|Amphiprionclarkii  
   #    score  bias  c-Evalue  i-Evalue hmmfrom  hmm to    alifrom  ali to    envfrom  env to     acc
 ---   ------ ----- --------- --------- ------- -------    ------- -------    ------- -------    ----
   1 !   22.3   0.4   1.9e-06   0.00027       2      31 ..     306     334 ..     305     335 .. 0.88

  Alignments for each domain:
  == domain 1  score: 22.3 bits;  conditional E-value: 1.9e-06
                                                                              Round3_FinalIHelix   2 keaeglalllfiagletisnsllsslLfyl 31 
                                                                                                     +++++++l++ ia+++t s+sl+ ++L+ l
  sid|6349|pid|4325|hfid|316|sfid|19|dbj|BAI44466.1|gi|260763794|taxonID|80970|Amphiprionclarkii 306 ENVTQCVLEMVIAAPDTLSVSLF-FMLLLL 334
                                                                                                     789*******************5.777665 PP

>> sid|6270|pid|4268|hfid|316|sfid|19|dbj|BAB82524.1|gi|18147124|taxonID|143350|Pagrusmajor  
   #    score  bias  c-Evalue  i-Evalue hmmfrom  hmm to    alifrom  ali to    envfrom  env to     acc
 ---   ------ ----- --------- --------- ------- -------    ------- -------    ------- -------    ----
   1 !   19.3   0.2   1.8e-05    0.0025       2      31 ..     306     334 ..     305     335 .. 0.87

  Alignments for each domain:
  == domain 1  score: 19.3 bits;  conditional E-value: 1.8e-05
                                                                        Round3_FinalIHelix   2 keaeglalllfiagletisnsllsslLfyl 31 
                                                                                               +++ +++l++ ia+++t s sl+ ++L+ l
  sid|6270|pid|4268|hfid|316|sfid|19|dbj|BAB82524.1|gi|18147124|taxonID|143350|Pagrusmajor 306 ENVRQCVLEMVIAAPDTLSISLF-FMLLLL 334
                                                                                               7889******************5.777665 PP

>> sid|6106|pid|4146|hfid|316|sfid|19|gb|AGW47687.1|gi|545693185|taxonID|27788|Lepidochelysolivacea  
   #    score  bias  c-Evalue  i-Evalue hmmfrom  hmm to    alifrom  ali to    envfrom  env to     acc
 ---   ------ ----- --------- --------- ------- -------    ------- -------    ------- -------    ----
   1 !   22.3   0.3     2e-06   0.00028       2      32 ..     325     354 ..     324     355 .. 0.86

  Alignments for each domain:
  == domain 1  score: 22.3 bits;  conditional E-value: 2e-06
                                                                                Round3_FinalIHelix   2 keaeglalllfiagletisnsllsslLfyll 32 
                                                                                                       +++++++l++ ia+++t s++l+ ++L  ++
  sid|6106|pid|4146|hfid|316|sfid|19|gb|AGW47687.1|gi|545693185|taxonID|27788|Lepidochelysolivacea 325 ENVNQCVLEMMIAAPDTLSVTLF-FMLVLIA 354
                                                                                                       688*******************5.7776655 PP

>> sid|12570|pid|9086|hfid|372|sfid|49|gi|195383662|taxonID|7244|Drosophilavirilis  
   #    score  bias  c-Evalue  i-Evalue hmmfrom  hmm to    alifrom  ali to    envfrom  env to     acc
 ---   ------ ----- --------- --------- ------- -------    ------- -------    ------- -------    ----
   1 !   21.2   0.0   4.4e-06   0.00063       3      32 ..     377     405 ..     375     406 .. 0.90

  Alignments for each domain:
  == domain 1  score: 21.2 bits;  conditional E-value: 4.4e-06
                                                               Round3_FinalIHelix   3 eaeglalllfiagletisnsllsslLfyll 32 
                                                                                       a  lal+lf++g++t+s+++ ss++++l+
  sid|12570|pid|9086|hfid|372|sfid|49|gi|195383662|taxonID|7244|Drosophilavirilis 377 LAAVLALDLFLVGVDTTSVAA-SSTIYQLA 405
                                                                                      56789****************.9*****98 PP

>> sid|6392|pid|4358|hfid|316|sfid|19|dbj|BAD91037.1|gi|61097792|taxonID|48668|Rutilusrutilus  
   #    score  bias  c-Evalue  i-Evalue hmmfrom  hmm to    alifrom  ali to    envfrom  env to     acc
 ---   ------ ----- --------- --------- ------- -------    ------- -------    ------- -------    ----
   1 !   22.2   0.3     2e-06   0.00028       2      31 ..     313     341 ..     312     342 .. 0.87

  Alignments for each domain:
  == domain 1  score: 22.2 bits;  conditional E-value: 2e-06
                                                                          Round3_FinalIHelix   2 keaeglalllfiagletisnsllsslLfyl 31 
                                                                                                 +++ +++l+++ia+++t s sl+ ++L+ l
  sid|6392|pid|4358|hfid|316|sfid|19|dbj|BAD91037.1|gi|61097792|taxonID|48668|Rutilusrutilus 313 ENVRQCVLEMLIAAPDTLSISLF-FMLLLL 341
                                                                                                 7889******************5.777665 PP

>> sid|11836|pid|8550|hfid|360|sfid|39|gi|507924668|taxonID|143302|Condyluracristata  
   #    score  bias  c-Evalue  i-Evalue hmmfrom  hmm to    alifrom  ali to    envfrom  env to     acc
 ---   ------ ----- --------- --------- ------- -------    ------- -------    ------- -------    ----
   1 !   20.4   0.1   7.6e-06    0.0011       2      32 ..     260     290 ..     259     291 .. 0.90

  Alignments for each domain:
  == domain 1  score: 20.4 bits;  conditional E-value: 7.6e-06
                                                                 Round3_FinalIHelix   2 kea.eglalllfiagletisnsllsslLfyll 32 
                                                                                        +++ ++++lll++a+l+++++++ +++L+++l
  sid|11836|pid|8550|hfid|360|sfid|39|gi|507924668|taxonID|143302|Condyluracristata 260 EQNcPNYGLLLLWASLSNAVPVA-FWTLAFVL 290
                                                                                        67779******************.6***9987 PP

>> sid|6217|pid|4232|hfid|316|sfid|19|sp|P79699.2|gi|21431508|taxonID|93934|Coturnixjaponica  
   #    score  bias  c-Evalue  i-Evalue hmmfrom  hmm to    alifrom  ali to    envfrom  env to     acc
 ---   ------ ----- --------- --------- ------- -------    ------- -------    ------- -------    ----
   1 !   20.8   0.5   5.6e-06    0.0008       2      32 ..     172     201 ..     171     202 .. 0.85

  Alignments for each domain:
  == domain 1  score: 20.8 bits;  conditional E-value: 5.6e-06
                                                                         Round3_FinalIHelix   2 keaeglalllfiagletisnsllsslLfyll 32 
                                                                                                +++++++l++ ia+++t s++l+  +L  ++
  sid|6217|pid|4232|hfid|316|sfid|19|sp|P79699.2|gi|21431508|taxonID|93934|Coturnixjaponica 172 ENVNQCVLEMMIAAPDTLSVTLF-IMLILIA 201
                                                                                                789*******************5.7776655 PP

>> sid|6141|pid|4173|hfid|316|sfid|19|gi|632938231|taxonID|7868|Callorhinchusmilii  
   #    score  bias  c-Evalue  i-Evalue hmmfrom  hmm to    alifrom  ali to    envfrom  env to     acc
 ---   ------ ----- --------- --------- ------- -------    ------- -------    ------- -------    ----
   1 !   20.4   0.2   7.7e-06    0.0011       2      32 ..     305     334 ..     304     335 .. 0.89

  Alignments for each domain:
  == domain 1  score: 20.4 bits;  conditional E-value: 7.7e-06
                                                               Round3_FinalIHelix   2 keaeglalllfiagletisnsllsslLfyll 32 
                                                                                      +++++ +l+++iag++t+s++  +++L+ ++
  sid|6141|pid|4173|hfid|316|sfid|19|gi|632938231|taxonID|7868|Callorhinchusmilii 305 ENVTQSVLEILIAGPDTMSVTI-FFMLMLIA 334
                                                                                      6789999***************.699*9876 PP

>> sid|2510|pid|1765|hfid|297|sfid|12|gi|194881187|taxonID|7220|Drosophilaerecta  
   #    score  bias  c-Evalue  i-Evalue hmmfrom  hmm to    alifrom  ali to    envfrom  env to     acc
 ---   ------ ----- --------- --------- ------- -------    ------- -------    ------- -------    ----
   1 !   20.3   0.1   8.3e-06    0.0012       4      32 ..     349     376 ..     346     377 .. 0.89

  Alignments for each domain:
  == domain 1  score: 20.3 bits;  conditional E-value: 8.3e-06
                                                             Round3_FinalIHelix   4 aeglalllfiagletisnsllsslLfyll 32 
                                                                                    a ++++++++ag++t+s ++ +++L+ l+
  sid|2510|pid|1765|hfid|297|sfid|12|gi|194881187|taxonID|7220|Drosophilaerecta 349 AVTMVMDMLMAGIDTTSSAC-LTILYHLA 376
                                                                                    4799****************.5****997 PP

>> sid|2521|pid|1776|hfid|297|sfid|12|gb|AAY55548.1|gi|66772473|gi|221330401|taxonID|7227|Drosophilamelanogaster  
   #    score  bias  c-Evalue  i-Evalue hmmfrom  hmm to    alifrom  ali to    envfrom  env to     acc
 ---   ------ ----- --------- --------- ------- -------    ------- -------    ------- -------    ----
   1 !   20.4   0.1   7.8e-06    0.0011       4      32 ..     321     348 ..     318     349 .. 0.89

  Alignments for each domain:
  == domain 1  score: 20.4 bits;  conditional E-value: 7.8e-06
                                                                                             Round3_FinalIHelix   4 aeglalllfiagletisnsllsslLfyll 32 
                                                                                                                    a ++++++++ag++t+s ++ +++L+ l+
  sid|2521|pid|1776|hfid|297|sfid|12|gb|AAY55548.1|gi|66772473|gi|221330401|taxonID|7227|Drosophilamelanogaster 321 AVTMVMDMLMAGIDTTSSAC-LTILYHLA 348
                                                                                                                    4799****************.5****997 PP

>> sid|2511|pid|1766|hfid|297|sfid|12|gi|195487338|taxonID|7245|Drosophilayakuba  
   #    score  bias  c-Evalue  i-Evalue hmmfrom  hmm to    alifrom  ali to    envfrom  env to     acc
 ---   ------ ----- --------- --------- ------- -------    ------- -------    ------- -------    ----
   1 !   20.5   0.1   7.5e-06    0.0011       4      32 ..     306     333 ..     303     334 .. 0.89

  Alignments for each domain:
  == domain 1  score: 20.5 bits;  conditional E-value: 7.5e-06
                                                             Round3_FinalIHelix   4 aeglalllfiagletisnsllsslLfyll 32 
                                                                                    a ++++++++ag++t+s ++ +++L+ l+
  sid|2511|pid|1766|hfid|297|sfid|12|gi|195487338|taxonID|7245|Drosophilayakuba 306 AVTMVMDMLMAGIDTTSSAC-LTILYHLA 333
                                                                                    4799****************.5****997 PP

>> sid|6400|pid|4363|hfid|316|sfid|19|gb|AGE12464.1|gi|444792399|taxonID|7957|Carassiusauratus  
   #    score  bias  c-Evalue  i-Evalue hmmfrom  hmm to    alifrom  ali to    envfrom  env to     acc
 ---   ------ ----- --------- --------- ------- -------    ------- -------    ------- -------    ----
   1 !   22.1   0.2   2.1e-06    0.0003       2      31 ..     313     341 ..     312     342 .. 0.87

  Alignments for each domain:
  == domain 1  score: 22.1 bits;  conditional E-value: 2.1e-06
                                                                           Round3_FinalIHelix   2 keaeglalllfiagletisnsllsslLfyl 31 
                                                                                                  +++ +++l+++ia+++t s sl+ ++L+ l
  sid|6400|pid|4363|hfid|316|sfid|19|gb|AGE12464.1|gi|444792399|taxonID|7957|Carassiusauratus 313 ENVRQCVLEMIIAAPDTLSISLF-FMLLLL 341
                                                                                                  7889******************5.777665 PP

>> sid|6397|pid|4363|hfid|316|sfid|19|dbj|BAA23758.1|gi|2662331|taxonID|7957|Carassiusauratus  
   #    score  bias  c-Evalue  i-Evalue hmmfrom  hmm to    alifrom  ali to    envfrom  env to     acc
 ---   ------ ----- --------- --------- ------- -------    ------- -------    ------- -------    ----
   1 !   22.1   0.2   2.1e-06    0.0003       2      31 ..     314     342 ..     313     343 .. 0.87

  Alignments for each domain:
  == domain 1  score: 22.1 bits;  conditional E-value: 2.1e-06
                                                                          Round3_FinalIHelix   2 keaeglalllfiagletisnsllsslLfyl 31 
                                                                                                 +++ +++l+++ia+++t s sl+ ++L+ l
  sid|6397|pid|4363|hfid|316|sfid|19|dbj|BAA23758.1|gi|2662331|taxonID|7957|Carassiusauratus 314 ENVRQCVLEMIIAAPDTLSISLF-FMLLLL 342
                                                                                                 7889******************5.777665 PP

>> sid|6399|pid|4363|hfid|316|sfid|19|gb|AEX97168.1|gi|372477954|taxonID|7957|Carassiusauratus  
   #    score  bias  c-Evalue  i-Evalue hmmfrom  hmm to    alifrom  ali to    envfrom  env to     acc
 ---   ------ ----- --------- --------- ------- -------    ------- -------    ------- -------    ----
   1 !   22.1   0.2   2.1e-06    0.0003       2      31 ..     314     342 ..     313     343 .. 0.87

  Alignments for each domain:
  == domain 1  score: 22.1 bits;  conditional E-value: 2.1e-06
                                                                           Round3_FinalIHelix   2 keaeglalllfiagletisnsllsslLfyl 31 
                                                                                                  +++ +++l+++ia+++t s sl+ ++L+ l
  sid|6399|pid|4363|hfid|316|sfid|19|gb|AEX97168.1|gi|372477954|taxonID|7957|Carassiusauratus 314 ENVRQCVLEMIIAAPDTLSISLF-FMLLLL 342
                                                                                                  7889******************5.777665 PP

>> sid|6401|pid|4363|hfid|316|sfid|19|sp|O73686.1|gi|7673981|taxonID|7957|Carassiusauratus  
   #    score  bias  c-Evalue  i-Evalue hmmfrom  hmm to    alifrom  ali to    envfrom  env to     acc
 ---   ------ ----- --------- --------- ------- -------    ------- -------    ------- -------    ----
   1 !   22.1   0.2   2.1e-06    0.0003       2      31 ..     314     342 ..     313     343 .. 0.87

  Alignments for each domain:
  == domain 1  score: 22.1 bits;  conditional E-value: 2.1e-06
                                                                       Round3_FinalIHelix   2 keaeglalllfiagletisnsllsslLfyl 31 
                                                                                              +++ +++l+++ia+++t s sl+ ++L+ l
  sid|6401|pid|4363|hfid|316|sfid|19|sp|O73686.1|gi|7673981|taxonID|7957|Carassiusauratus 314 ENVRQCVLEMIIAAPDTLSISLF-FMLLLL 342
                                                                                              7889******************5.777665 PP

>> sid|6333|pid|4311|hfid|316|sfid|19|gi|525344735|taxonID|31033|Takifugurubripes  
   #    score  bias  c-Evalue  i-Evalue hmmfrom  hmm to    alifrom  ali to    envfrom  env to     acc
 ---   ------ ----- --------- --------- ------- -------    ------- -------    ------- -------    ----
   1 !   19.9   0.5   1.1e-05    0.0016       2      31 ..     302     330 ..     301     331 .. 0.86

  Alignments for each domain:
  == domain 1  score: 19.9 bits;  conditional E-value: 1.1e-05
                                                              Round3_FinalIHelix   2 keaeglalllfiagletisnsllsslLfyl 31 
                                                                                     +++ +++l++ ia+++t s+sl+ ++L+ l
  sid|6333|pid|4311|hfid|316|sfid|19|gi|525344735|taxonID|31033|Takifugurubripes 302 ENVMQCVLEMVIAAPDTLSVSLF-FMLLLL 330
                                                                                     67899*****************5.777665 PP

>> sid|6242|pid|4250|hfid|316|sfid|19|gb|AAV91179.1|gi|56424243|taxonID|8187|Latescalcarifer  
   #    score  bias  c-Evalue  i-Evalue hmmfrom  hmm to    alifrom  ali to    envfrom  env to     acc
 ---   ------ ----- --------- --------- ------- -------    ------- -------    ------- -------    ----
   1 !   19.3   0.2   1.8e-05    0.0025       2      31 ..     306     334 ..     305     335 .. 0.87

  Alignments for each domain:
  == domain 1  score: 19.3 bits;  conditional E-value: 1.8e-05
                                                                         Round3_FinalIHelix   2 keaeglalllfiagletisnsllsslLfyl 31 
                                                                                                +++ +++l++ ia+++t s sl+ ++L+ l
  sid|6242|pid|4250|hfid|316|sfid|19|gb|AAV91179.1|gi|56424243|taxonID|8187|Latescalcarifer 306 ENVRQCVLEMVIAAPDTLSISLF-FMLLLL 334
                                                                                                7889******************5.777665 PP

>> sid|6385|pid|4354|hfid|316|sfid|19|gb|AGE12466.1|gi|444792401|taxonID|543562|Carassiuscarassiusredvar.xCyprinuscarpio  
   #    score  bias  c-Evalue  i-Evalue hmmfrom  hmm to    alifrom  ali to    envfrom  env to     acc
 ---   ------ ----- --------- --------- ------- -------    ------- -------    ------- -------    ----
   1 !   22.1   0.2   2.2e-06   0.00031       2      31 ..     313     341 ..     312     342 .. 0.87

  Alignments for each domain:
  == domain 1  score: 22.1 bits;  conditional E-value: 2.2e-06
                                                                                                     Round3_FinalIHelix   2 keaeglalllfiagletisnsllsslLfyl 31 
                                                                                                                            +++ +++l+++ia+++t s sl+ ++L+ l
  sid|6385|pid|4354|hfid|316|sfid|19|gb|AGE12466.1|gi|444792401|taxonID|543562|Carassiuscarassiusredvar.xCyprinuscarpio 313 ENVRQCVLEMIIAAPDTLSISLF-FMLLLL 341
                                                                                                                            7889******************5.777665 PP

>> sid|6386|pid|4354|hfid|316|sfid|19|gb|ACB13197.1|gi|170295882|taxonID|7962|Cyprinuscarpio  
   #    score  bias  c-Evalue  i-Evalue hmmfrom  hmm to    alifrom  ali to    envfrom  env to     acc
 ---   ------ ----- --------- --------- ------- -------    ------- -------    ------- -------    ----
   1 !   22.1   0.2   2.2e-06   0.00031       2      31 ..     313     341 ..     312     342 .. 0.87

  Alignments for each domain:
  == domain 1  score: 22.1 bits;  conditional E-value: 2.2e-06
                                                                         Round3_FinalIHelix   2 keaeglalllfiagletisnsllsslLfyl 31 
                                                                                                +++ +++l+++ia+++t s sl+ ++L+ l
  sid|6386|pid|4354|hfid|316|sfid|19|gb|ACB13197.1|gi|170295882|taxonID|7962|Cyprinuscarpio 313 ENVRQCVLEMIIAAPDTLSISLF-FMLLLL 341
                                                                                                7889******************5.777665 PP

>> sid|12555|pid|9075|hfid|372|sfid|49|gi|195026393|taxonID|7222|Drosophilagrimshawi  
   #    score  bias  c-Evalue  i-Evalue hmmfrom  hmm to    alifrom  ali to    envfrom  env to     acc
 ---   ------ ----- --------- --------- ------- -------    ------- -------    ------- -------    ----
   1 !   21.1   0.0   4.8e-06   0.00067       3      32 ..     414     442 ..     412     443 .. 0.90

  Alignments for each domain:
  == domain 1  score: 21.1 bits;  conditional E-value: 4.8e-06
                                                                 Round3_FinalIHelix   3 eaeglalllfiagletisnsllsslLfyll 32 
                                                                                         a  lal+lf++g++t+s+++ ss++++l+
  sid|12555|pid|9075|hfid|372|sfid|49|gi|195026393|taxonID|7222|Drosophilagrimshawi 414 LAAVLALDLFLVGVDTTSVAA-SSTIYQLA 442
                                                                                        56789****************.9*****98 PP

>> sid|6249|pid|4256|hfid|316|sfid|19|gb|AFP45764.1|gi|399532016|taxonID|435163|Thamnaconusseptentrionalis  
   #    score  bias  c-Evalue  i-Evalue hmmfrom  hmm to    alifrom  ali to    envfrom  env to     acc
 ---   ------ ----- --------- --------- ------- -------    ------- -------    ------- -------    ----
   1 !   19.4   0.2   1.7e-05    0.0024       3      31 ..     218     245 ..     216     246 .. 0.91

  Alignments for each domain:
  == domain 1  score: 19.4 bits;  conditional E-value: 1.7e-05
                                                                                       Round3_FinalIHelix   3 eaeglalllfiagletisnsllsslLfyl 31 
                                                                                                              ++ +++l++ ia+++t s sl +++L+ l
  sid|6249|pid|4256|hfid|316|sfid|19|gb|AFP45764.1|gi|399532016|taxonID|435163|Thamnaconusseptentrionalis 218 NVRQCVLEMVIAAPDTLSISL-FFMLMLL 245
                                                                                                              6789*****************.699*987 PP

>> sid|65303|pid|46671|hfid|337|sfid|27|gi|551493299|taxonID|8083|Xiphophorusmaculatus  
   #    score  bias  c-Evalue  i-Evalue hmmfrom  hmm to    alifrom  ali to    envfrom  env to     acc
 ---   ------ ----- --------- --------- ------- -------    ------- -------    ------- -------    ----
   1 !   20.6   0.1   6.5e-06   0.00092      10      32 ..     317     338 ..     312     339 .. 0.91

  Alignments for each domain:
  == domain 1  score: 20.6 bits;  conditional E-value: 6.5e-06
                                                                   Round3_FinalIHelix  10 llfiagletisnsllsslLfyll 32 
                                                                                          +l++ag++t+sn+l +++L++l+
  sid|65303|pid|46671|hfid|337|sfid|27|gi|551493299|taxonID|8083|Xiphophorusmaculatus 317 ELLLAGVDTTSNTL-TWVLYQLS 338
                                                                                          89************.8*****97 PP

>> sid|6303|pid|4295|hfid|316|sfid|19|gb|ABK30807.1|gi|116874241|taxonID|219752|Odontesthesbonariensis  
   #    score  bias  c-Evalue  i-Evalue hmmfrom  hmm to    alifrom  ali to    envfrom  env to     acc
 ---   ------ ----- --------- --------- ------- -------    ------- -------    ------- -------    ----
   1 !   19.3   0.2   1.8e-05    0.0025       2      31 ..     306     334 ..     305     335 .. 0.87

  Alignments for each domain:
  == domain 1  score: 19.3 bits;  conditional E-value: 1.8e-05
                                                                                   Round3_FinalIHelix   2 keaeglalllfiagletisnsllsslLfyl 31 
                                                                                                          +++ +++l++ ia+++t s sl+ ++L+ l
  sid|6303|pid|4295|hfid|316|sfid|19|gb|ABK30807.1|gi|116874241|taxonID|219752|Odontesthesbonariensis 306 ENVRQCVLEMVIAAPDTLSISLF-FMLLLL 334
                                                                                                          7889******************5.777665 PP

>> sid|90231|pid|67184|hfid|373|sfid|49|gi|645015254|taxonID|7425|Nasoniavitripennis  
   #    score  bias  c-Evalue  i-Evalue hmmfrom  hmm to    alifrom  ali to    envfrom  env to     acc
 ---   ------ ----- --------- --------- ------- -------    ------- -------    ------- -------    ----
   1 !   20.6   0.2   6.8e-06   0.00096       3      32 ..     324     352 ..     322     352 .. 0.91

  Alignments for each domain:
  == domain 1  score: 20.6 bits;  conditional E-value: 6.8e-06
                                                                 Round3_FinalIHelix   3 eaeglalllfiagletisnsllsslLfyll 32 
                                                                                         a++la +lf++g++t+sns+  s+L++l+
  sid|90231|pid|67184|hfid|373|sfid|49|gi|645015254|taxonID|7425|Nasoniavitripennis 324 LATTLAFDLFLVGIDTTSNSV-ASVLYQLA 352
                                                                                        6799*****************.6*****97 PP

>> sid|6276|pid|4274|hfid|316|sfid|19|gi|658840784|taxonID|8081|Poeciliareticulata  
   #    score  bias  c-Evalue  i-Evalue hmmfrom  hmm to    alifrom  ali to    envfrom  env to     acc
 ---   ------ ----- --------- --------- ------- -------    ------- -------    ------- -------    ----
   1 !   19.3   0.2   1.8e-05    0.0025       2      31 ..     305     333 ..     304     334 .. 0.87

  Alignments for each domain:
  == domain 1  score: 19.3 bits;  conditional E-value: 1.8e-05
                                                               Round3_FinalIHelix   2 keaeglalllfiagletisnsllsslLfyl 31 
                                                                                      +++ +++l++ ia+++t s sl+ ++L+ l
  sid|6276|pid|4274|hfid|316|sfid|19|gi|658840784|taxonID|8081|Poeciliareticulata 305 ENVRQCVLEMVIAAPDTLSISLF-FMLLLL 333
                                                                                      7889******************5.777665 PP

>> sid|11405|pid|8195|hfid|1281|sfid|301|dbj|BAM73845.1|gi|433338979|taxonID|7091|Bombyxmori  
   #    score  bias  c-Evalue  i-Evalue hmmfrom  hmm to    alifrom  ali to    envfrom  env to     acc
 ---   ------ ----- --------- --------- ------- -------    ------- -------    ------- -------    ----
   1 !   21.0   0.8   5.1e-06   0.00072       7      32 ..     172     196 ..     168     197 .. 0.93

  Alignments for each domain:
  == domain 1  score: 21.0 bits;  conditional E-value: 5.1e-06
                                                                         Round3_FinalIHelix   7 lalllfiagletisnsllsslLfyll 32 
                                                                                                +al+l+++g++tis+++ +s+L++++
  sid|11405|pid|8195|hfid|1281|sfid|301|dbj|BAM73845.1|gi|433338979|taxonID|7091|Bombyxmori 172 MALDLILVGIDTISMAV-CSILYQAA 196
                                                                                                89***************.9****998 PP

>> sid|8257|pid|5695|hfid|332|sfid|27|gi|585681237|taxonID|28737|Elephantulusedwardii  
   #    score  bias  c-Evalue  i-Evalue hmmfrom  hmm to    alifrom  ali to    envfrom  env to     acc
 ---   ------ ----- --------- --------- ------- -------    ------- -------    ------- -------    ----
   1 !   20.7   0.1   6.2e-06   0.00087       3      32 ..     326     354 ..     325     355 .. 0.91

  Alignments for each domain:
  == domain 1  score: 20.7 bits;  conditional E-value: 6.2e-06
                                                                  Round3_FinalIHelix   3 eaeglalllfiagletisnsllsslLfyll 32 
                                                                                         ea g+ ++l++ag++t+sn+l ++ L+ l+
  sid|8257|pid|5695|hfid|332|sfid|27|gi|585681237|taxonID|28737|Elephantulusedwardii 326 EAIGCLAELLMAGVDTTSNTL-TWALYHLS 354
                                                                                         6789*****************.8*999886 PP

>> sid|6344|pid|4321|hfid|316|sfid|19|gi|551496486|taxonID|8083|Xiphophorusmaculatus  
   #    score  bias  c-Evalue  i-Evalue hmmfrom  hmm to    alifrom  ali to    envfrom  env to     acc
 ---   ------ ----- --------- --------- ------- -------    ------- -------    ------- -------    ----
   1 !   19.3   0.2   1.8e-05    0.0025       2      31 ..     305     333 ..     304     334 .. 0.87

  Alignments for each domain:
  == domain 1  score: 19.3 bits;  conditional E-value: 1.8e-05
                                                                 Round3_FinalIHelix   2 keaeglalllfiagletisnsllsslLfyl 31 
                                                                                        +++ +++l++ ia+++t s sl+ ++L+ l
  sid|6344|pid|4321|hfid|316|sfid|19|gi|551496486|taxonID|8083|Xiphophorusmaculatus 305 ENVRQCVLEMVIAAPDTLSISLF-FMLLLL 333
                                                                                        7889******************5.777665 PP

>> sid|90228|pid|67181|hfid|373|sfid|49|gi|340715177|taxonID|30195|Bombusterrestris  
   #    score  bias  c-Evalue  i-Evalue hmmfrom  hmm to    alifrom  ali to    envfrom  env to     acc
 ---   ------ ----- --------- --------- ------- -------    ------- -------    ------- -------    ----
   1 !   21.1   0.3   4.6e-06   0.00065       2      32 ..     316     345 ..     315     345 .. 0.91

  Alignments for each domain:
  == domain 1  score: 21.1 bits;  conditional E-value: 4.6e-06
                                                                Round3_FinalIHelix   2 keaeglalllfiagletisnsllsslLfyll 32 
                                                                                       k a+ l l+lf++g++t+sn++  s+L++l+
  sid|90228|pid|67181|hfid|373|sfid|49|gi|340715177|taxonID|30195|Bombusterrestris 316 KLATVLSLDLFLVGIDTTSNAV-ASTLYQLA 345
                                                                                       66899*****************.599**997 PP

>> sid|6278|pid|4276|hfid|316|sfid|19|gb|AGS14758.1|gi|527478367|taxonID|1084758|Trematocaramarginatum  
   #    score  bias  c-Evalue  i-Evalue hmmfrom  hmm to    alifrom  ali to    envfrom  env to     acc
 ---   ------ ----- --------- --------- ------- -------    ------- -------    ------- -------    ----
   1 !   19.4   0.3   1.6e-05    0.0023       4      31 ..     295     321 ..     292     322 .. 0.86

  Alignments for each domain:
  == domain 1  score: 19.4 bits;  conditional E-value: 1.6e-05
                                                                                   Round3_FinalIHelix   4 aeglalllfiagletisnsllsslLfyl 31 
                                                                                                          +++++l++ ia+++t+s sl+ ++L+ l
  sid|6278|pid|4276|hfid|316|sfid|19|gb|AGS14758.1|gi|527478367|taxonID|1084758|Trematocaramarginatum 295 VTQCVLEMVIAAPDTMSLSLF-FMLLLL 321
                                                                                                          589*****************5.777665 PP

>> sid|11398|pid|8190|hfid|1281|sfid|301|gi|571533529|taxonID|7460|Apismellifera  
   #    score  bias  c-Evalue  i-Evalue hmmfrom  hmm to    alifrom  ali to    envfrom  env to     acc
 ---   ------ ----- --------- --------- ------- -------    ------- -------    ------- -------    ----
   1 !   20.9   1.1   5.3e-06   0.00075       7      32 ..     331     355 ..     327     356 .. 0.93

  Alignments for each domain:
  == domain 1  score: 20.9 bits;  conditional E-value: 5.3e-06
                                                             Round3_FinalIHelix   7 lalllfiagletisnsllsslLfyll 32 
                                                                                    lal+l+++g++tis+++ +s+L++l+
  sid|11398|pid|8190|hfid|1281|sfid|301|gi|571533529|taxonID|7460|Apismellifera 331 LALDLILVGIDTISMAV-CSILYQLA 355
                                                                                    89***************.9*****98 PP

>> sid|6236|pid|4248|hfid|316|sfid|19|gi|617426301|taxonID|48698|Poeciliaformosa  
   #    score  bias  c-Evalue  i-Evalue hmmfrom  hmm to    alifrom  ali to    envfrom  env to     acc
 ---   ------ ----- --------- --------- ------- -------    ------- -------    ------- -------    ----
   1 !   19.3   0.2   1.8e-05    0.0025       2      31 ..     305     333 ..     304     334 .. 0.87

  Alignments for each domain:
  == domain 1  score: 19.3 bits;  conditional E-value: 1.8e-05
                                                             Round3_FinalIHelix   2 keaeglalllfiagletisnsllsslLfyl 31 
                                                                                    +++ +++l++ ia+++t s sl+ ++L+ l
  sid|6236|pid|4248|hfid|316|sfid|19|gi|617426301|taxonID|48698|Poeciliaformosa 305 ENVRQCVLEMVIAAPDTLSISLF-FMLLLL 333
                                                                                    7889******************5.777665 PP

>> sid|6368|pid|4343|hfid|316|sfid|19|gb|AGN04322.1|gi|508096314|taxonID|30732|Oryziasmelastigma  
   #    score  bias  c-Evalue  i-Evalue hmmfrom  hmm to    alifrom  ali to    envfrom  env to     acc
 ---   ------ ----- --------- --------- ------- -------    ------- -------    ------- -------    ----
   1 !   19.3   0.2   1.8e-05    0.0025       2      31 ..     304     332 ..     303     333 .. 0.87

  Alignments for each domain:
  == domain 1  score: 19.3 bits;  conditional E-value: 1.8e-05
                                                                             Round3_FinalIHelix   2 keaeglalllfiagletisnsllsslLfyl 31 
                                                                                                    +++ +++l++ ia+++t s sl+ ++L+ l
  sid|6368|pid|4343|hfid|316|sfid|19|gb|AGN04322.1|gi|508096314|taxonID|30732|Oryziasmelastigma 304 ENVRQCVLEMVIAAPDTLSISLF-FMLLLL 332
                                                                                                    7889******************5.777665 PP

>> sid|7458|pid|5133|hfid|326|sfid|24|gb|EPQ05180.1|gi|521023392|taxonID|109478|Myotisbrandtii  
   #    score  bias  c-Evalue  i-Evalue hmmfrom  hmm to    alifrom  ali to    envfrom  env to     acc
 ---   ------ ----- --------- --------- ------- -------    ------- -------    ------- -------    ----
   1 !   15.1   0.1   0.00039     0.054       4      32 ..     287     314 ..     284     315 .. 0.83
   2 ?    3.9   0.0       1.6   2.3e+02      19      32 ..     342     354 ..     340     355 .. 0.85

  Alignments for each domain:
  == domain 1  score: 15.1 bits;  conditional E-value: 0.00039
                                                                           Round3_FinalIHelix   4 aeglalllfiagletisnsllsslLfyll 32 
                                                                                                  +++ + +l +a++et++nsl ++lL++l+
  sid|7458|pid|5133|hfid|326|sfid|24|gb|EPQ05180.1|gi|521023392|taxonID|109478|Myotisbrandtii 287 LYAAVTELQLAAVETTANSL-LWLLYNLS 314
                                                                                                  5566678889**********.6*****97 PP

  == domain 2  score: 3.9 bits;  conditional E-value: 1.6
                                                                           Round3_FinalIHelix  19 isnsllsslLfyll 32 
                                                                                                  ++nsl ++lL++l+
  sid|7458|pid|5133|hfid|326|sfid|24|gb|EPQ05180.1|gi|521023392|taxonID|109478|Myotisbrandtii 342 TANSL-LWLLYNLS 354
                                                                                                  6899*.6*****97 PP

>> sid|65301|pid|46670|hfid|337|sfid|27|gi|658840112|taxonID|8081|Poeciliareticulata  
   #    score  bias  c-Evalue  i-Evalue hmmfrom  hmm to    alifrom  ali to    envfrom  env to     acc
 ---   ------ ----- --------- --------- ------- -------    ------- -------    ------- -------    ----
   1 !   20.3   0.2   8.1e-06    0.0011       9      32 ..     306     328 ..     301     329 .. 0.91

  Alignments for each domain:
  == domain 1  score: 20.3 bits;  conditional E-value: 8.1e-06
                                                                 Round3_FinalIHelix   9 lllfiagletisnsllsslLfyll 32 
                                                                                         +l++ag++t+sn+l +++L++l+
  sid|65301|pid|46670|hfid|337|sfid|27|gi|658840112|taxonID|8081|Poeciliareticulata 306 TELLLAGVDTTSNTL-TWTLYQLS 328
                                                                                        589************.8*****97 PP

>> sid|6246|pid|4254|hfid|316|sfid|19|gb|AAS58448.1|gi|45356818|taxonID|215347|Epinephelusakaara  
   #    score  bias  c-Evalue  i-Evalue hmmfrom  hmm to    alifrom  ali to    envfrom  env to     acc
 ---   ------ ----- --------- --------- ------- -------    ------- -------    ------- -------    ----
   1 !   19.3   0.2   1.8e-05    0.0025       2      31 ..     306     334 ..     305     335 .. 0.87

  Alignments for each domain:
  == domain 1  score: 19.3 bits;  conditional E-value: 1.8e-05
                                                                             Round3_FinalIHelix   2 keaeglalllfiagletisnsllsslLfyl 31 
                                                                                                    +++ +++l++ ia+++t s sl+ ++L+ l
  sid|6246|pid|4254|hfid|316|sfid|19|gb|AAS58448.1|gi|45356818|taxonID|215347|Epinephelusakaara 306 ENVRQCVLEMVIAAPDTLSISLF-FMLLLL 334
                                                                                                    7889******************5.777665 PP

>> sid|6391|pid|4357|hfid|316|sfid|19|emb|CAF99837.1|gi|47230644|taxonID|99883|Tetraodonnigroviridis  
   #    score  bias  c-Evalue  i-Evalue hmmfrom  hmm to    alifrom  ali to    envfrom  env to     acc
 ---   ------ ----- --------- --------- ------- -------    ------- -------    ------- -------    ----
   1 !   18.9   0.4   2.3e-05    0.0033       2      30 ..     328     355 ..     327     357 .. 0.87

  Alignments for each domain:
  == domain 1  score: 18.9 bits;  conditional E-value: 2.3e-05
                                                                                 Round3_FinalIHelix   2 keaeglalllfiagletisnsllsslLfy 30 
                                                                                                        +++ +++l++ ia+++t s+sl +++L  
  sid|6391|pid|4357|hfid|316|sfid|19|emb|CAF99837.1|gi|47230644|taxonID|99883|Tetraodonnigroviridis 328 ENVMQCVLEMVIAAPDTLSVSL-FFMLVL 355
                                                                                                        67899*****************.588865 PP

>> sid|6302|pid|4295|hfid|316|sfid|19|gb|ABK41198.1|gi|117574655|taxonID|378430|Odontestheshatcheri  
   #    score  bias  c-Evalue  i-Evalue hmmfrom  hmm to    alifrom  ali to    envfrom  env to     acc
 ---   ------ ----- --------- --------- ------- -------    ------- -------    ------- -------    ----
   1 !   19.3   0.2   1.7e-05    0.0025       2      31 ..     306     334 ..     305     335 .. 0.87

  Alignments for each domain:
  == domain 1  score: 19.3 bits;  conditional E-value: 1.7e-05
                                                                                Round3_FinalIHelix   2 keaeglalllfiagletisnsllsslLfyl 31 
                                                                                                       +++ +++l++ ia+++t s sl+ ++L+ l
  sid|6302|pid|4295|hfid|316|sfid|19|gb|ABK41198.1|gi|117574655|taxonID|378430|Odontestheshatcheri 306 ENVRQCVLEMVIAAPDTLSISLF-FMLLLL 334
                                                                                                       7889******************5.777665 PP

>> sid|6356|pid|4331|hfid|316|sfid|19|gb|ABL64075.1|gi|119353108|taxonID|8167|Percaflavescens  
   #    score  bias  c-Evalue  i-Evalue hmmfrom  hmm to    alifrom  ali to    envfrom  env to     acc
 ---   ------ ----- --------- --------- ------- -------    ------- -------    ------- -------    ----
   1 !   19.3   0.2   1.8e-05    0.0025       2      31 ..     306     334 ..     305     335 .. 0.87

  Alignments for each domain:
  == domain 1  score: 19.3 bits;  conditional E-value: 1.8e-05
                                                                          Round3_FinalIHelix   2 keaeglalllfiagletisnsllsslLfyl 31 
                                                                                                 +++ +++l++ ia+++t s sl+ ++L+ l
  sid|6356|pid|4331|hfid|316|sfid|19|gb|ABL64075.1|gi|119353108|taxonID|8167|Percaflavescens 306 ENVRQCVLEMVIAAPDTLSISLF-FMLLLL 334
                                                                                                 7889******************5.777665 PP

>> sid|11384|pid|8176|hfid|1281|sfid|301|gi|645015256|taxonID|7425|Nasoniavitripennis  
   #    score  bias  c-Evalue  i-Evalue hmmfrom  hmm to    alifrom  ali to    envfrom  env to     acc
 ---   ------ ----- --------- --------- ------- -------    ------- -------    ------- -------    ----
   1 !   20.0   0.5   1.1e-05    0.0015       4      32 ..     325     352 ..     323     353 .. 0.92

  Alignments for each domain:
  == domain 1  score: 20.0 bits;  conditional E-value: 1.1e-05
                                                                  Round3_FinalIHelix   4 aeglalllfiagletisnsllsslLfyll 32 
                                                                                         a+ lal+l+++g++tis+++ +s+ ++l+
  sid|11384|pid|8176|hfid|1281|sfid|301|gi|645015256|taxonID|7425|Nasoniavitripennis 325 AYVLALDLILVGIDTISMAV-CSIMYQLA 352
                                                                                         6889****************.9****998 PP

>> sid|11390|pid|8182|hfid|1281|sfid|301|gb|EFZ21337.1|gi|322800333|taxonID|13686|Solenopsisinvicta  
   #    score  bias  c-Evalue  i-Evalue hmmfrom  hmm to    alifrom  ali to    envfrom  env to     acc
 ---   ------ ----- --------- --------- ------- -------    ------- -------    ------- -------    ----
   1 !   20.6   1.0   6.6e-06   0.00094       7      32 ..     336     360 ..     332     361 .. 0.93

  Alignments for each domain:
  == domain 1  score: 20.6 bits;  conditional E-value: 6.6e-06
                                                                                Round3_FinalIHelix   7 lalllfiagletisnsllsslLfyll 32 
                                                                                                       +al+l+++g++tis+++ +s+L++l+
  sid|11390|pid|8182|hfid|1281|sfid|301|gb|EFZ21337.1|gi|322800333|taxonID|13686|Solenopsisinvicta 336 FALDLILVGIDTISMAV-CSILYQLA 360
                                                                                                       79***************.9*****98 PP

>> sid|6393|pid|4359|hfid|316|sfid|19|gb|ABD47676.2|gi|95104788|taxonID|72011|Acanthopagrusschlegelii  
   #    score  bias  c-Evalue  i-Evalue hmmfrom  hmm to    alifrom  ali to    envfrom  env to     acc
 ---   ------ ----- --------- --------- ------- -------    ------- -------    ------- -------    ----
   1 !   19.7   0.2   1.3e-05    0.0018       3      31 ..     166     193 ..     164     194 .. 0.91

  Alignments for each domain:
  == domain 1  score: 19.7 bits;  conditional E-value: 1.3e-05
                                                                                  Round3_FinalIHelix   3 eaeglalllfiagletisnsllsslLfyl 31 
                                                                                                         ++ +++l++ ia+++t s sl +++L+ l
  sid|6393|pid|4359|hfid|316|sfid|19|gb|ABD47676.2|gi|95104788|taxonID|72011|Acanthopagrusschlegelii 166 NVRQCVLEMVIAAPDTLSISL-FFMLMLL 193
                                                                                                         6789*****************.699*987 PP

>> sid|6240|pid|4250|hfid|316|sfid|19|gb|AFR23347.1|gi|403084310|taxonID|160731|Mycteropercarosacea  
   #    score  bias  c-Evalue  i-Evalue hmmfrom  hmm to    alifrom  ali to    envfrom  env to     acc
 ---   ------ ----- --------- --------- ------- -------    ------- -------    ------- -------    ----
   1 !   20.1   0.2     1e-05    0.0014       2      31 ..     186     214 ..     185     215 .. 0.87

  Alignments for each domain:
  == domain 1  score: 20.1 bits;  conditional E-value: 1e-05
                                                                                Round3_FinalIHelix   2 keaeglalllfiagletisnsllsslLfyl 31 
                                                                                                       +++ +++l++ ia+++t s sl+ ++L+ l
  sid|6240|pid|4250|hfid|316|sfid|19|gb|AFR23347.1|gi|403084310|taxonID|160731|Mycteropercarosacea 186 ENVRQCVLEMVIAAPDTLSISLF-FMLLLL 214
                                                                                                       7889******************5.777665 PP

>> sid|6158|pid|4187|hfid|316|sfid|19|gb|AAN04475.2|gi|25085761|taxonID|93934|Coturnixjaponica  
   #    score  bias  c-Evalue  i-Evalue hmmfrom  hmm to    alifrom  ali to    envfrom  env to     acc
 ---   ------ ----- --------- --------- ------- -------    ------- -------    ------- -------    ----
   1 !   20.1   0.5   9.6e-06    0.0014       2      32 ..     293     322 ..     292     323 .. 0.85

  Alignments for each domain:
  == domain 1  score: 20.1 bits;  conditional E-value: 9.6e-06
                                                                           Round3_FinalIHelix   2 keaeglalllfiagletisnsllsslLfyll 32 
                                                                                                  +++++++l++ ia+++t s++l+  +L  ++
  sid|6158|pid|4187|hfid|316|sfid|19|gb|AAN04475.2|gi|25085761|taxonID|93934|Coturnixjaponica 293 ENVNQCVLEMMIAAPDTLSVTLF-IMLILIA 322
                                                                                                  789*******************5.7776655 PP

>> sid|6140|pid|4172|hfid|316|sfid|19|gi|48976119|gb|AAA48739.1|gi|211705|taxonID|9031|Gallusgallus  
   #    score  bias  c-Evalue  i-Evalue hmmfrom  hmm to    alifrom  ali to    envfrom  env to     acc
 ---   ------ ----- --------- --------- ------- -------    ------- -------    ------- -------    ----
   1 !   19.8   0.4   1.3e-05    0.0018       2      31 ..     293     321 ..     292     323 .. 0.84

  Alignments for each domain:
  == domain 1  score: 19.8 bits;  conditional E-value: 1.3e-05
                                                                                Round3_FinalIHelix   2 keaeglalllfiagletisnsllsslLfyl 31 
                                                                                                       +++++++l++ ia+++t s++l+  +L  +
  sid|6140|pid|4172|hfid|316|sfid|19|gi|48976119|gb|AAA48739.1|gi|211705|taxonID|9031|Gallusgallus 293 ENVNQCVLEMMIAAPDTLSVTLF-IMLILI 321
                                                                                                       789*******************6.666544 PP

>> sid|65302|pid|46670|hfid|337|sfid|27|gi|658840109|taxonID|8081|Poeciliareticulata  
   #    score  bias  c-Evalue  i-Evalue hmmfrom  hmm to    alifrom  ali to    envfrom  env to     acc
 ---   ------ ----- --------- --------- ------- -------    ------- -------    ------- -------    ----
   1 !   20.2   0.2   8.8e-06    0.0012       9      32 ..     306     328 ..     301     329 .. 0.91

  Alignments for each domain:
  == domain 1  score: 20.2 bits;  conditional E-value: 8.8e-06
                                                                 Round3_FinalIHelix   9 lllfiagletisnsllsslLfyll 32 
                                                                                         +l++ag++t+sn+l +++L++l+
  sid|65302|pid|46670|hfid|337|sfid|27|gi|658840109|taxonID|8081|Poeciliareticulata 306 TELLLAGVDTTSNTL-TWTLYQLS 328
                                                                                        589************.8*****97 PP

>> sid|6337|pid|4315|hfid|316|sfid|19|emb|CAC84575.1|gi|18477218|taxonID|8022|Oncorhynchusmykiss  
   #    score  bias  c-Evalue  i-Evalue hmmfrom  hmm to    alifrom  ali to    envfrom  env to     acc
 ---   ------ ----- --------- --------- ------- -------    ------- -------    ------- -------    ----
   1 !   18.1   0.1   4.2e-05    0.0059       5      31 ..     251     276 ..     248     277 .. 0.91

  Alignments for each domain:
  == domain 1  score: 18.1 bits;  conditional E-value: 4.2e-05
                                                                             Round3_FinalIHelix   5 eglalllfiagletisnsllsslLfyl 31 
                                                                                                     +++l++ ia+++t s sl +++L+ l
  sid|6337|pid|4315|hfid|316|sfid|19|emb|CAC84575.1|gi|18477218|taxonID|8022|Oncorhynchusmykiss 251 RQCVLEMVIAAPDTLSISL-FFMLMLL 276
                                                                                                    68*****************.699*987 PP

>> sid|6164|pid|4193|hfid|316|sfid|19|gb|AAA48598.1|gi|211170|taxonID|9031|Gallusgallus  
   #    score  bias  c-Evalue  i-Evalue hmmfrom  hmm to    alifrom  ali to    envfrom  env to     acc
 ---   ------ ----- --------- --------- ------- -------    ------- -------    ------- -------    ----
   1 !   19.8   0.4   1.2e-05    0.0017       2      31 ..     293     321 ..     292     323 .. 0.84

  Alignments for each domain:
  == domain 1  score: 19.8 bits;  conditional E-value: 1.2e-05
                                                                    Round3_FinalIHelix   2 keaeglalllfiagletisnsllsslLfyl 31 
                                                                                           +++++++l++ ia+++t s++l+  +L  +
  sid|6164|pid|4193|hfid|316|sfid|19|gb|AAA48598.1|gi|211170|taxonID|9031|Gallusgallus 293 ENVNQCVLEMMIAAPDTLSVTLF-IMLILI 321
                                                                                           789*******************6.666544 PP

>> sid|6358|pid|4333|hfid|316|sfid|19|gb|ACO35041.1|gi|225903786|taxonID|215358|Larimichthyscrocea  
   #    score  bias  c-Evalue  i-Evalue hmmfrom  hmm to    alifrom  ali to    envfrom  env to     acc
 ---   ------ ----- --------- --------- ------- -------    ------- -------    ------- -------    ----
   1 !   19.3   0.2   1.8e-05    0.0025       2      31 ..     306     334 ..     305     335 .. 0.87

  Alignments for each domain:
  == domain 1  score: 19.3 bits;  conditional E-value: 1.8e-05
                                                                               Round3_FinalIHelix   2 keaeglalllfiagletisnsllsslLfyl 31 
                                                                                                      +++ +++l++ ia+++t s sl+ ++L+ l
  sid|6358|pid|4333|hfid|316|sfid|19|gb|ACO35041.1|gi|225903786|taxonID|215358|Larimichthyscrocea 306 ENVRQCVLEMVIAAPDTLSISLF-FMLLLL 334
                                                                                                      7889******************5.777665 PP

>> sid|12569|pid|9085|hfid|372|sfid|49|gb|AID61431.1|gi|659106110|taxonID|145453|Calliphorastygia  
   #    score  bias  c-Evalue  i-Evalue hmmfrom  hmm to    alifrom  ali to    envfrom  env to     acc
 ---   ------ ----- --------- --------- ------- -------    ------- -------    ------- -------    ----
   1 !   19.6   0.0   1.4e-05    0.0019       7      32 ..     364     388 ..     358     389 .. 0.91

  Alignments for each domain:
  == domain 1  score: 19.6 bits;  conditional E-value: 1.4e-05
                                                                              Round3_FinalIHelix   7 lalllfiagletisnsllsslLfyll 32 
                                                                                                     lal+lf++g++t+s+++ ss++++l+
  sid|12569|pid|9085|hfid|372|sfid|49|gb|AID61431.1|gi|659106110|taxonID|145453|Calliphorastygia 364 LALDLFLVGVDTTSVAA-SSTIYQLA 388
                                                                                                     89***************.9*****98 PP

>> sid|6338|pid|4315|hfid|316|sfid|19|emb|CAC84574.1|gi|18477216|taxonID|8022|Oncorhynchusmykiss  
   #    score  bias  c-Evalue  i-Evalue hmmfrom  hmm to    alifrom  ali to    envfrom  env to     acc
 ---   ------ ----- --------- --------- ------- -------    ------- -------    ------- -------    ----
   1 !   18.0   0.1   4.6e-05    0.0064       5      31 ..     285     310 ..     282     311 .. 0.91

  Alignments for each domain:
  == domain 1  score: 18.0 bits;  conditional E-value: 4.6e-05
                                                                             Round3_FinalIHelix   5 eglalllfiagletisnsllsslLfyl 31 
                                                                                                     +++l++ ia+++t s sl +++L+ l
  sid|6338|pid|4315|hfid|316|sfid|19|emb|CAC84574.1|gi|18477216|taxonID|8022|Oncorhynchusmykiss 285 RQCVLEMVIAAPDTLSISL-FFMLMLL 310
                                                                                                    68*****************.699*987 PP

>> sid|6346|pid|4323|hfid|316|sfid|19|gb|AAL27699.1|gi|16751572|taxonID|8175|Sparusaurata  
   #    score  bias  c-Evalue  i-Evalue hmmfrom  hmm to    alifrom  ali to    envfrom  env to     acc
 ---   ------ ----- --------- --------- ------- -------    ------- -------    ------- -------    ----
   1 !   19.3   0.2   1.8e-05    0.0025       2      31 ..     306     334 ..     305     335 .. 0.87

  Alignments for each domain:
  == domain 1  score: 19.3 bits;  conditional E-value: 1.8e-05
                                                                      Round3_FinalIHelix   2 keaeglalllfiagletisnsllsslLfyl 31 
                                                                                             +++ +++l++ ia+++t s sl+ ++L+ l
  sid|6346|pid|4323|hfid|316|sfid|19|gb|AAL27699.1|gi|16751572|taxonID|8175|Sparusaurata 306 ENVRQCVLEMVIAAPDTLSISLF-FMLLLL 334
                                                                                             7889******************5.777665 PP

>> sid|6269|pid|4267|hfid|316|sfid|19|gi|523704521|taxonID|8090|Oryziaslatipes  
   #    score  bias  c-Evalue  i-Evalue hmmfrom  hmm to    alifrom  ali to    envfrom  env to     acc
 ---   ------ ----- --------- --------- ------- -------    ------- -------    ------- -------    ----
   1 !   19.3   0.2   1.8e-05    0.0025       2      31 ..     303     331 ..     302     332 .. 0.87

  Alignments for each domain:
  == domain 1  score: 19.3 bits;  conditional E-value: 1.8e-05
                                                           Round3_FinalIHelix   2 keaeglalllfiagletisnsllsslLfyl 31 
                                                                                  +++ +++l++ ia+++t s sl+ ++L+ l
  sid|6269|pid|4267|hfid|316|sfid|19|gi|523704521|taxonID|8090|Oryziaslatipes 303 ENVRQCVLEMVIAAPDTLSISLF-FMLLLL 331
                                                                                  7889******************5.777665 PP

>> sid|6347|pid|4323|hfid|316|sfid|19|gb|ABC70869.1|gi|85541261|taxonID|182642|Rhabdosargussarba  
   #    score  bias  c-Evalue  i-Evalue hmmfrom  hmm to    alifrom  ali to    envfrom  env to     acc
 ---   ------ ----- --------- --------- ------- -------    ------- -------    ------- -------    ----
   1 !   19.3   0.2   1.8e-05    0.0025       2      31 ..     306     334 ..     305     335 .. 0.87

  Alignments for each domain:
  == domain 1  score: 19.3 bits;  conditional E-value: 1.8e-05
                                                                             Round3_FinalIHelix   2 keaeglalllfiagletisnsllsslLfyl 31 
                                                                                                    +++ +++l++ ia+++t s sl+ ++L+ l
  sid|6347|pid|4323|hfid|316|sfid|19|gb|ABC70869.1|gi|85541261|taxonID|182642|Rhabdosargussarba 306 ENVRQCVLEMVIAAPDTLSISLF-FMLLLL 334
                                                                                                    7889******************5.777665 PP

>> sid|6299|pid|4292|hfid|316|sfid|19|gb|AHZ08827.1|gi|630867428|taxonID|75038|Scatophagusargus  
   #    score  bias  c-Evalue  i-Evalue hmmfrom  hmm to    alifrom  ali to    envfrom  env to     acc
 ---   ------ ----- --------- --------- ------- -------    ------- -------    ------- -------    ----
   1 !   18.7   0.2   2.7e-05    0.0038       2      31 ..     306     334 ..     305     335 .. 0.87

  Alignments for each domain:
  == domain 1  score: 18.7 bits;  conditional E-value: 2.7e-05
                                                                            Round3_FinalIHelix   2 keaeglalllfiagletisnsllsslLfyl 31 
                                                                                                   +++ +++l++ ia+++t s sl+ ++L+ l
  sid|6299|pid|4292|hfid|316|sfid|19|gb|AHZ08827.1|gi|630867428|taxonID|75038|Scatophagusargus 306 ENVRQCVLEMVIAAPDTLSISLF-FMLLLL 334
                                                                                                   5789******************5.777665 PP

>> sid|56653|pid|40151|hfid|440|sfid|53|gi|568462693|taxonID|936046|Agaricusbisporusvar.bisporusH97  
   #    score  bias  c-Evalue  i-Evalue hmmfrom  hmm to    alifrom  ali to    envfrom  env to     acc
 ---   ------ ----- --------- --------- ------- -------    ------- -------    ------- -------    ----
   1 !   20.4   0.1   7.8e-06    0.0011       5      32 ..     341     367 ..     337     368 .. 0.86

  Alignments for each domain:
  == domain 1  score: 20.4 bits;  conditional E-value: 7.8e-06
                                                                                Round3_FinalIHelix   5 eglalllfiagletisnsllsslLfyll 32 
                                                                                                       ++ al l+iag++t+sns  +++L+yl+
  sid|56653|pid|40151|hfid|440|sfid|53|gi|568462693|taxonID|936046|Agaricusbisporusvar.bisporusH97 341 TAEALTLLIAGSDTTSNST-CAILYYLA 367
                                                                                                       5557889************.9******8 PP

>> sid|11416|pid|8204|hfid|1281|sfid|301|gb|ENN80608.1|gi|478261030|taxonID|77166|Dendroctonusponderosae  
   #    score  bias  c-Evalue  i-Evalue hmmfrom  hmm to    alifrom  ali to    envfrom  env to     acc
 ---   ------ ----- --------- --------- ------- -------    ------- -------    ------- -------    ----
   1 !   20.4   1.1   7.7e-06    0.0011       7      32 ..     321     345 ..     318     346 .. 0.95

  Alignments for each domain:
  == domain 1  score: 20.4 bits;  conditional E-value: 7.7e-06
                                                                                     Round3_FinalIHelix   7 lalllfiagletisnsllsslLfyll 32 
                                                                                                            lal+l+++g++tis+++ +s+L++l+
  sid|11416|pid|8204|hfid|1281|sfid|301|gb|ENN80608.1|gi|478261030|taxonID|77166|Dendroctonusponderosae 321 LALDLILVGIDTISMAV-CSILYQLA 345
                                                                                                            79***************.9*****98 PP

>> sid|65299|pid|46668|hfid|337|sfid|27|gi|432933754|taxonID|8090|Oryziaslatipes  
   #    score  bias  c-Evalue  i-Evalue hmmfrom  hmm to    alifrom  ali to    envfrom  env to     acc
 ---   ------ ----- --------- --------- ------- -------    ------- -------    ------- -------    ----
   1 !   19.6   0.0   1.5e-05    0.0021       5      32 ..     315     341 ..     311     342 .. 0.87

  Alignments for each domain:
  == domain 1  score: 19.6 bits;  conditional E-value: 1.5e-05
                                                             Round3_FinalIHelix   5 eglalllfiagletisnsllsslLfyll 32 
                                                                                    ++ +++l++ag++t+sn+l ++ L++l+
  sid|65299|pid|46668|hfid|337|sfid|27|gi|432933754|taxonID|8090|Oryziaslatipes 315 YASIAELLLAGVDTTSNTL-TWALYQLS 341
                                                                                    566899*************.8*****97 PP

>> sid|6355|pid|4330|hfid|316|sfid|19|gb|AAP23236.1|gi|30259314|taxonID|72011|Acanthopagrusschlegelii  
   #    score  bias  c-Evalue  i-Evalue hmmfrom  hmm to    alifrom  ali to    envfrom  env to     acc
 ---   ------ ----- --------- --------- ------- -------    ------- -------    ------- -------    ----
   1 !   19.3   0.2   1.8e-05    0.0025       2      31 ..     306     334 ..     305     335 .. 0.87

  Alignments for each domain:
  == domain 1  score: 19.3 bits;  conditional E-value: 1.8e-05
                                                                                  Round3_FinalIHelix   2 keaeglalllfiagletisnsllsslLfyl 31 
                                                                                                         +++ +++l++ ia+++t s sl+ ++L+ l
  sid|6355|pid|4330|hfid|316|sfid|19|gb|AAP23236.1|gi|30259314|taxonID|72011|Acanthopagrusschlegelii 306 ENVRQCVLEMVIAAPDTLSISLF-FMLLLL 334
                                                                                                         7889******************5.777665 PP

>> sid|11403|pid|8195|hfid|1281|sfid|301|gi|512892082|taxonID|7091|Bombyxmori  
   #    score  bias  c-Evalue  i-Evalue hmmfrom  hmm to    alifrom  ali to    envfrom  env to     acc
 ---   ------ ----- --------- --------- ------- -------    ------- -------    ------- -------    ----
   1 !   20.4   0.8     8e-06    0.0011       7      32 ..     333     357 ..     329     358 .. 0.93

  Alignments for each domain:
  == domain 1  score: 20.4 bits;  conditional E-value: 8e-06
                                                          Round3_FinalIHelix   7 lalllfiagletisnsllsslLfyll 32 
                                                                                 +al+l+++g++tis+++ +s+L++++
  sid|11403|pid|8195|hfid|1281|sfid|301|gi|512892082|taxonID|7091|Bombyxmori 333 MALDLILVGIDTISMAV-CSILYQAA 357
                                                                                 89***************.9****998 PP

>> sid|6365|pid|4340|hfid|316|sfid|19|gb|ACI04549.2|gi|242308761|taxonID|98923|Veraspermoseri  
   #    score  bias  c-Evalue  i-Evalue hmmfrom  hmm to    alifrom  ali to    envfrom  env to     acc
 ---   ------ ----- --------- --------- ------- -------    ------- -------    ------- -------    ----
   1 !   21.4   0.4   3.6e-06   0.00051       2      31 ..     306     334 ..     305     335 .. 0.87

  Alignments for each domain:
  == domain 1  score: 21.4 bits;  conditional E-value: 3.6e-06
                                                                          Round3_FinalIHelix   2 keaeglalllfiagletisnsllsslLfyl 31 
                                                                                                 +++ +++l++ ia+++t s+sl+ ++L+ l
  sid|6365|pid|4340|hfid|316|sfid|19|gb|ACI04549.2|gi|242308761|taxonID|98923|Veraspermoseri 306 ENVVQCVLEMVIAAPDTLSVSLF-FMLLLL 334
                                                                                                 7889******************5.777665 PP

>> sid|11404|pid|8195|hfid|1281|sfid|301|dbj|BAM73846.1|gi|433338981|taxonID|7091|Bombyxmori  
   #    score  bias  c-Evalue  i-Evalue hmmfrom  hmm to    alifrom  ali to    envfrom  env to     acc
 ---   ------ ----- --------- --------- ------- -------    ------- -------    ------- -------    ----
   1 !   20.4   0.8     8e-06    0.0011       7      32 ..     333     357 ..     329     358 .. 0.93

  Alignments for each domain:
  == domain 1  score: 20.4 bits;  conditional E-value: 8e-06
                                                                         Round3_FinalIHelix   7 lalllfiagletisnsllsslLfyll 32 
                                                                                                +al+l+++g++tis+++ +s+L++++
  sid|11404|pid|8195|hfid|1281|sfid|301|dbj|BAM73846.1|gi|433338981|taxonID|7091|Bombyxmori 333 MALDLILVGIDTISMAV-CSILYQAA 357
                                                                                                89***************.9****998 PP

>> sid|56652|pid|40151|hfid|440|sfid|53|gi|597989919|taxonID|597362|Agaricusbisporusvar.burnettiiJB137-S8  
   #    score  bias  c-Evalue  i-Evalue hmmfrom  hmm to    alifrom  ali to    envfrom  env to     acc
 ---   ------ ----- --------- --------- ------- -------    ------- -------    ------- -------    ----
   1 !   20.3   0.1   8.3e-06    0.0012       5      32 ..     341     367 ..     337     368 .. 0.86

  Alignments for each domain:
  == domain 1  score: 20.3 bits;  conditional E-value: 8.3e-06
                                                                                      Round3_FinalIHelix   5 eglalllfiagletisnsllsslLfyll 32 
                                                                                                             ++ al l+iag++t+sns  +++L+yl+
  sid|56652|pid|40151|hfid|440|sfid|53|gi|597989919|taxonID|597362|Agaricusbisporusvar.burnettiiJB137-S8 341 TAEALTLLIAGSDTTSNST-CAILYYLA 367
                                                                                                             5557889************.9******8 PP

>> sid|70749|pid|50986|hfid|596|sfid|76|gi|568883573|taxonID|2711|Citrussinensis  
   #    score  bias  c-Evalue  i-Evalue hmmfrom  hmm to    alifrom  ali to    envfrom  env to     acc
 ---   ------ ----- --------- --------- ------- -------    ------- -------    ------- -------    ----
   1 ?    9.1   0.0     0.034       4.9       3      23 ..     289     309 ..     287     313 .. 0.86
   2 ?    9.1   0.0     0.034       4.9       3      23 ..     536     556 ..     534     560 .. 0.86

  Alignments for each domain:
  == domain 1  score: 9.1 bits;  conditional E-value: 0.034
                                                             Round3_FinalIHelix   3 eaeglalllfiagletisnsl 23 
                                                                                    + + l+++lfiag +t+s ++
  sid|70749|pid|50986|hfid|596|sfid|76|gi|568883573|taxonID|2711|Citrussinensis 289 HIKHLFADLFIAGNDTTSITM 309
                                                                                    557899************987 PP

  == domain 2  score: 9.1 bits;  conditional E-value: 0.034
                                                             Round3_FinalIHelix   3 eaeglalllfiagletisnsl 23 
                                                                                    + + l+++lfiag +t+s ++
  sid|70749|pid|50986|hfid|596|sfid|76|gi|568883573|taxonID|2711|Citrussinensis 536 HIKHLFADLFIAGNDTTSITM 556
                                                                                    557899************987 PP

>> sid|65325|pid|46689|hfid|337|sfid|27|gi|657582977|taxonID|144197|Stegastespartitus  
   #    score  bias  c-Evalue  i-Evalue hmmfrom  hmm to    alifrom  ali to    envfrom  env to     acc
 ---   ------ ----- --------- --------- ------- -------    ------- -------    ------- -------    ----
   1 !   19.8   0.0   1.2e-05    0.0018       4      32 ..     314     341 ..     311     342 .. 0.88

  Alignments for each domain:
  == domain 1  score: 19.8 bits;  conditional E-value: 1.2e-05
                                                                  Round3_FinalIHelix   4 aeglalllfiagletisnsllsslLfyll 32 
                                                                                         ++g +++l++ag++t+sn+l ++ L++l+
  sid|65325|pid|46689|hfid|337|sfid|27|gi|657582977|taxonID|144197|Stegastespartitus 314 VYGSIAELLLAGVDTTSNTL-TWALYQLS 341
                                                                                         567789**************.8*****97 PP

>> sid|11391|pid|8183|hfid|1281|sfid|301|gb|EHJ78478.1|gi|357630154|taxonID|13037|Danausplexippus  
   #    score  bias  c-Evalue  i-Evalue hmmfrom  hmm to    alifrom  ali to    envfrom  env to     acc
 ---   ------ ----- --------- --------- ------- -------    ------- -------    ------- -------    ----
   1 !   20.4   0.8     8e-06    0.0011       7      32 ..     330     354 ..     326     355 .. 0.93

  Alignments for each domain:
  == domain 1  score: 20.4 bits;  conditional E-value: 8e-06
                                                                              Round3_FinalIHelix   7 lalllfiagletisnsllsslLfyll 32 
                                                                                                     +al+l+++g++tis+++ +s+L++++
  sid|11391|pid|8183|hfid|1281|sfid|301|gb|EHJ78478.1|gi|357630154|taxonID|13037|Danausplexippus 330 MALDLILVGIDTISMAV-CSILYQAA 354
                                                                                                     89***************.9****998 PP

>> sid|6309|pid|4300|hfid|316|sfid|19|gb|AGS14773.1|gi|527478397|taxonID|143505|Gnathochromispermaxillaris  
   #    score  bias  c-Evalue  i-Evalue hmmfrom  hmm to    alifrom  ali to    envfrom  env to     acc
 ---   ------ ----- --------- --------- ------- -------    ------- -------    ------- -------    ----
   1 !   19.0   0.3   2.2e-05    0.0031       3      31 ..     294     321 ..     292     322 .. 0.85

  Alignments for each domain:
  == domain 1  score: 19.0 bits;  conditional E-value: 2.2e-05
                                                                                       Round3_FinalIHelix   3 eaeglalllfiagletisnsllsslLfyl 31 
                                                                                                               +++++l++ ia+++t s sl+ ++L+ l
  sid|6309|pid|4300|hfid|316|sfid|19|gb|AGS14773.1|gi|527478397|taxonID|143505|Gnathochromispermaxillaris 294 DVTQCVLEMVIAAPDTLSISLF-FMLLLL 321
                                                                                                              469******************5.777665 PP

>> sid|63998|pid|45577|hfid|295|sfid|12|gi|194746689|taxonID|7217|Drosophilaananassae  
   #    score  bias  c-Evalue  i-Evalue hmmfrom  hmm to    alifrom  ali to    envfrom  env to     acc
 ---   ------ ----- --------- --------- ------- -------    ------- -------    ------- -------    ----
   1 !   20.1   0.2   9.5e-06    0.0013       5      31 ..     324     349 ..     319     351 .. 0.89

  Alignments for each domain:
  == domain 1  score: 20.1 bits;  conditional E-value: 9.5e-06
                                                                  Round3_FinalIHelix   5 eglalllfiagletisnsllsslLfyl 31 
                                                                                         + +a+++++ag++t+s +  ++lLf+l
  sid|63998|pid|45577|hfid|295|sfid|12|gi|194746689|taxonID|7217|Drosophilaananassae 324 TIMAMDMLMAGVDTTSSTF-TALLFCL 349
                                                                                         569****************.8*****9 PP

>> sid|56636|pid|40135|hfid|440|sfid|53|gi|169851531|taxonID|240176|Coprinopsiscinereaokayama7#130  
   #    score  bias  c-Evalue  i-Evalue hmmfrom  hmm to    alifrom  ali to    envfrom  env to     acc
 ---   ------ ----- --------- --------- ------- -------    ------- -------    ------- -------    ----
   1 !   20.2   0.1   8.9e-06    0.0013       7      32 ..     348     372 ..     342     373 .. 0.86

  Alignments for each domain:
  == domain 1  score: 20.2 bits;  conditional E-value: 8.9e-06
                                                                               Round3_FinalIHelix   7 lalllfiagletisnsllsslLfyll 32 
                                                                                                       al l+iag++t+sns  +++L+yl+
  sid|56636|pid|40135|hfid|440|sfid|53|gi|169851531|taxonID|240176|Coprinopsiscinereaokayama7#130 348 EALTLLIAGSDTTSNST-CAILYYLA 372
                                                                                                      57889************.9******8 PP

>> sid|67846|pid|48682|hfid|31|sfid|2|gi|551488262|taxonID|8083|Xiphophorusmaculatus  
   #    score  bias  c-Evalue  i-Evalue hmmfrom  hmm to    alifrom  ali to    envfrom  env to     acc
 ---   ------ ----- --------- --------- ------- -------    ------- -------    ------- -------    ----
   1 !   19.4   0.1   1.7e-05    0.0024       2      31 ..     297     326 ..     295     327 .. 0.88

  Alignments for each domain:
  == domain 1  score: 19.4 bits;  conditional E-value: 1.7e-05
                                                                 Round3_FinalIHelix   2 keaeglalllfiagletisnsllsslLfyl 31 
                                                                                        +++ +++l+lf ag+et+s +l  ++Lf++
  sid|67846|pid|48682|hfid|31|sfid|2|gi|551488262|taxonID|8083|Xiphophorusmaculatus 297 ENLIMCVLDLFVAGSETTSTTLRWAFLFMA 326
                                                                                        567*******************98888875 PP

>> sid|6133|pid|4168|hfid|316|sfid|19|gb|ACN54526.1|gi|224552342|taxonID|8386|Rhinellamarina  
   #    score  bias  c-Evalue  i-Evalue hmmfrom  hmm to    alifrom  ali to    envfrom  env to     acc
 ---   ------ ----- --------- --------- ------- -------    ------- -------    ------- -------    ----
   1 !   21.3   0.4   4.1e-06   0.00057       2      30 ..     294     322 ..     293     324 .. 0.84

  Alignments for each domain:
  == domain 1  score: 21.3 bits;  conditional E-value: 4.1e-06
                                                                         Round3_FinalIHelix   2 keaeglalllfiagletisnsllsslLfy 30 
                                                                                                +++++ +l+++ia+++t+s+sl+++l+++
  sid|6133|pid|4168|hfid|316|sfid|19|gb|ACN54526.1|gi|224552342|taxonID|8386|Rhinellamarina 294 ENVNQSILEMLIAAPDTMSVSLYFMLILI 322
                                                                                                688999****************9665554 PP

>> sid|6335|pid|4313|hfid|316|sfid|19|gb|AAU25806.2|gi|62083299|taxonID|1234273|Tachysurusfulvidraco  
   #    score  bias  c-Evalue  i-Evalue hmmfrom  hmm to    alifrom  ali to    envfrom  env to     acc
 ---   ------ ----- --------- --------- ------- -------    ------- -------    ------- -------    ----
   1 !   17.8   0.1   5.2e-05    0.0074       5      30 ..     293     317 ..     289     319 .. 0.86

  Alignments for each domain:
  == domain 1  score: 17.8 bits;  conditional E-value: 5.2e-05
                                                                                 Round3_FinalIHelix   5 eglalllfiagletisnsllsslLfy 30 
                                                                                                         +++l++ ia+++t s+sl +++L  
  sid|6335|pid|4313|hfid|316|sfid|19|gb|AAU25806.2|gi|62083299|taxonID|1234273|Tachysurusfulvidraco 293 RQCVLEMVIAAPDTLSVSL-FFMLVL 317
                                                                                                        69*****************.588865 PP

>> sid|67856|pid|48692|hfid|31|sfid|2|gi|658845614|taxonID|8081|Poeciliareticulata  
   #    score  bias  c-Evalue  i-Evalue hmmfrom  hmm to    alifrom  ali to    envfrom  env to     acc
 ---   ------ ----- --------- --------- ------- -------    ------- -------    ------- -------    ----
   1 !   19.2   0.1   1.8e-05    0.0026       2      31 ..     297     326 ..     295     327 .. 0.87

  Alignments for each domain:
  == domain 1  score: 19.2 bits;  conditional E-value: 1.8e-05
                                                               Round3_FinalIHelix   2 keaeglalllfiagletisnsllsslLfyl 31 
                                                                                      +++ +++l+lf ag+et+s +l  ++L+++
  sid|67856|pid|48692|hfid|31|sfid|2|gi|658845614|taxonID|8081|Poeciliareticulata 297 ENLIMCVLDLFVAGSETTSTTLRWAFLYMA 326
                                                                                      567*******************87888875 PP

>> sid|90234|pid|67187|hfid|373|sfid|49|gi|665800944|taxonID|69319|Microplitisdemolitor  
   #    score  bias  c-Evalue  i-Evalue hmmfrom  hmm to    alifrom  ali to    envfrom  env to     acc
 ---   ------ ----- --------- --------- ------- -------    ------- -------    ------- -------    ----
   1 !   20.1   0.5   9.6e-06    0.0014       4      32 ..     334     361 ..     331     362 .. 0.91

  Alignments for each domain:
  == domain 1  score: 20.1 bits;  conditional E-value: 9.6e-06
                                                                    Round3_FinalIHelix   4 aeglalllfiagletisnsllsslLfyll 32 
                                                                                           a+ lal+lf++g++t++n+++ s+L++l+
  sid|90234|pid|67187|hfid|373|sfid|49|gi|665800944|taxonID|69319|Microplitisdemolitor 334 ASVLALDLFLVGIDTTANAVG-SILYQLA 361
                                                                                           589*****************8.*****98 PP

>> sid|8268|pid|5704|hfid|332|sfid|27|gi|602625830|taxonID|176946|Pythonbivittatus  
   #    score  bias  c-Evalue  i-Evalue hmmfrom  hmm to    alifrom  ali to    envfrom  env to     acc
 ---   ------ ----- --------- --------- ------- -------    ------- -------    ------- -------    ----
   1 !   20.0   0.0     1e-05    0.0015       9      32 ..     319     341 ..     313     342 .. 0.91

  Alignments for each domain:
  == domain 1  score: 20.0 bits;  conditional E-value: 1e-05
                                                               Round3_FinalIHelix   9 lllfiagletisnsllsslLfyll 32 
                                                                                       +l++ag++t+sn+l s++L+ l+
  sid|8268|pid|5704|hfid|332|sfid|27|gi|602625830|taxonID|176946|Pythonbivittatus 319 TELLLAGVDTTSNTL-SWTLYHLA 341
                                                                                      699************.*****998 PP

>> sid|76878|pid|55975|hfid|295|sfid|12|gi|557782239|taxonID|7370|Muscadomestica  
   #    score  bias  c-Evalue  i-Evalue hmmfrom  hmm to    alifrom  ali to    envfrom  env to     acc
 ---   ------ ----- --------- --------- ------- -------    ------- -------    ------- -------    ----
   1 !   19.3   0.1   1.8e-05    0.0026       4      32 ..     217     244 ..     214     245 .. 0.92

  Alignments for each domain:
  == domain 1  score: 19.3 bits;  conditional E-value: 1.8e-05
                                                             Round3_FinalIHelix   4 aeglalllfiagletisnsllsslLfyll 32 
                                                                                    a+ +a+++++ag++t+s +  ++lL++l+
  sid|76878|pid|55975|hfid|295|sfid|12|gi|557782239|taxonID|7370|Muscadomestica 217 ATVMAIDMILAGVDTTSTTF-TALLLCLA 244
                                                                                    6789****************.8******8 PP

>> sid|12556|pid|9076|hfid|372|sfid|49|gi|24652454|taxonID|7227|Drosophilamelanogaster  
   #    score  bias  c-Evalue  i-Evalue hmmfrom  hmm to    alifrom  ali to    envfrom  env to     acc
 ---   ------ ----- --------- --------- ------- -------    ------- -------    ------- -------    ----
   1 !   20.2   0.0     9e-06    0.0013       7      32 ..     208     232 ..     202     233 .. 0.91

  Alignments for each domain:
  == domain 1  score: 20.2 bits;  conditional E-value: 9e-06
                                                                   Round3_FinalIHelix   7 lalllfiagletisnsllsslLfyll 32 
                                                                                          lal+lf++g++t+s+++ ss++++l+
  sid|12556|pid|9076|hfid|372|sfid|49|gi|24652454|taxonID|7227|Drosophilamelanogaster 208 LALDLFLVGVDTTSVAA-SSTIYQLA 232
                                                                                          89***************.9*****98 PP

>> sid|67848|pid|48684|hfid|31|sfid|2|gi|617421853|taxonID|48698|Poeciliaformosa  
   #    score  bias  c-Evalue  i-Evalue hmmfrom  hmm to    alifrom  ali to    envfrom  env to     acc
 ---   ------ ----- --------- --------- ------- -------    ------- -------    ------- -------    ----
   1 !   19.2   0.1   1.8e-05    0.0026       2      31 ..     297     326 ..     295     327 .. 0.87

  Alignments for each domain:
  == domain 1  score: 19.2 bits;  conditional E-value: 1.8e-05
                                                             Round3_FinalIHelix   2 keaeglalllfiagletisnsllsslLfyl 31 
                                                                                    +++ +++l+lf ag+et+s +l  ++L+++
  sid|67848|pid|48684|hfid|31|sfid|2|gi|617421853|taxonID|48698|Poeciliaformosa 297 ENLIMCVLDLFVAGSETTSTTLRWAFLYMA 326
                                                                                    567*******************87888875 PP

>> sid|56233|pid|39801|hfid|31|sfid|2|gi|657758113|taxonID|244447|Cynoglossussemilaevis  
   #    score  bias  c-Evalue  i-Evalue hmmfrom  hmm to    alifrom  ali to    envfrom  env to     acc
 ---   ------ ----- --------- --------- ------- -------    ------- -------    ------- -------    ----
   1 !   19.4   0.5   1.6e-05    0.0022       2      30 ..     292     320 ..     291     322 .. 0.83

  Alignments for each domain:
  == domain 1  score: 19.4 bits;  conditional E-value: 1.6e-05
                                                                    Round3_FinalIHelix   2 keaeglalllfiagletisnsllss.lLfy 30 
                                                                                           ++++++al+lf+ag et+s +ll + lLf+
  sid|56233|pid|39801|hfid|31|sfid|2|gi|657758113|taxonID|244447|Cynoglossussemilaevis 292 ENLYSCALDLFFAGTETTSTTLL-WgLLFM 320
                                                                                           6789******************6.615554 PP

>> sid|6410|pid|4372|hfid|316|sfid|19|gi|659928133|taxonID|244447|Cynoglossussemilaevis  
   #    score  bias  c-Evalue  i-Evalue hmmfrom  hmm to    alifrom  ali to    envfrom  env to     acc
 ---   ------ ----- --------- --------- ------- -------    ------- -------    ------- -------    ----
   1 !   18.4   0.3   3.4e-05    0.0048       4      31 ..     308     334 ..     306     335 .. 0.86

  Alignments for each domain:
  == domain 1  score: 18.4 bits;  conditional E-value: 3.4e-05
                                                                    Round3_FinalIHelix   4 aeglalllfiagletisnsllsslLfyl 31 
                                                                                           +++++l++ ia+++t s sl+ ++L+ l
  sid|6410|pid|4372|hfid|316|sfid|19|gi|659928133|taxonID|244447|Cynoglossussemilaevis 308 VTQCVLEMVIAAPDTLSISLF-FMLLLL 334
                                                                                           599*****************5.777665 PP

>> sid|11745|pid|8489|hfid|360|sfid|39|gi|532065615|taxonID|43179|Ictidomystridecemlineatus  
   #    score  bias  c-Evalue  i-Evalue hmmfrom  hmm to    alifrom  ali to    envfrom  env to     acc
 ---   ------ ----- --------- --------- ------- -------    ------- -------    ------- -------    ----
   1 !   19.5   0.4   1.5e-05    0.0021       2      32 ..     245     274 ..     244     275 .. 0.91

  Alignments for each domain:
  == domain 1  score: 19.5 bits;  conditional E-value: 1.5e-05
                                                                        Round3_FinalIHelix   2 keaeglalllfiagletisnsllsslLfyll 32 
                                                                                               k +++++ll+++a+l+++++++ +++L+++l
  sid|11745|pid|8489|hfid|360|sfid|39|gi|532065615|taxonID|43179|Ictidomystridecemlineatus 245 KLNPNYVLLMLWASLSNTIPVA-FWTLAFVL 274
                                                                                               5679******************.6***9987 PP

>> sid|67854|pid|48690|hfid|31|sfid|2|gb|AGN04309.1|gi|508096288|taxonID|30732|Oryziasmelastigma  
   #    score  bias  c-Evalue  i-Evalue hmmfrom  hmm to    alifrom  ali to    envfrom  env to     acc
 ---   ------ ----- --------- --------- ------- -------    ------- -------    ------- -------    ----
   1 !   19.2   0.1   1.8e-05    0.0026       2      31 ..     297     326 ..     295     327 .. 0.87

  Alignments for each domain:
  == domain 1  score: 19.2 bits;  conditional E-value: 1.8e-05
                                                                             Round3_FinalIHelix   2 keaeglalllfiagletisnsllsslLfyl 31 
                                                                                                    +++ +++l+lf ag+et+s +l  ++L+++
  sid|67854|pid|48690|hfid|31|sfid|2|gb|AGN04309.1|gi|508096288|taxonID|30732|Oryziasmelastigma 297 ENLIMCVLDLFVAGSETTSTTLRWAFLYMA 326
                                                                                                    567*******************87888875 PP

>> sid|11855|pid|8564|hfid|360|sfid|39|gi|507537984|taxonID|51337|Jaculusjaculus  
   #    score  bias  c-Evalue  i-Evalue hmmfrom  hmm to    alifrom  ali to    envfrom  env to     acc
 ---   ------ ----- --------- --------- ------- -------    ------- -------    ------- -------    ----
   1 !   19.5   0.0   1.5e-05    0.0022       1      32 [.     261     291 ..     261     292 .. 0.93

  Alignments for each domain:
  == domain 1  score: 19.5 bits;  conditional E-value: 1.5e-05
                                                             Round3_FinalIHelix   1 dkeaeglalllfiagletisnsllsslLfyll 32 
                                                                                    dk++++++lll++a+l+++++++ +++L+++l
  sid|11855|pid|8564|hfid|360|sfid|39|gi|507537984|taxonID|51337|Jaculusjaculus 261 DKQRPNYGLLLLWASLSNAAPIA-FWTLAFVL 291
                                                                                    689********************.6***9987 PP

>> sid|6198|pid|4217|hfid|316|sfid|19|gi|558217776|taxonID|13735|Pelodiscussinensis  
   #    score  bias  c-Evalue  i-Evalue hmmfrom  hmm to    alifrom  ali to    envfrom  env to     acc
 ---   ------ ----- --------- --------- ------- -------    ------- -------    ------- -------    ----
   1 !   21.1   0.5   4.7e-06   0.00066       3      32 ..     295     323 ..     294     324 .. 0.86

  Alignments for each domain:
  == domain 1  score: 21.1 bits;  conditional E-value: 4.7e-06
                                                                Round3_FinalIHelix   3 eaeglalllfiagletisnsllsslLfyll 32 
                                                                                       ++++++l++ ia+++t s++l+ ++L  ++
  sid|6198|pid|4217|hfid|316|sfid|19|gi|558217776|taxonID|13735|Pelodiscussinensis 295 NVNQCVLEMMIAAPDTLSVTLF-FMLVLIA 323
                                                                                       689******************5.7776655 PP

>> sid|2515|pid|1770|hfid|297|sfid|12|gi|194757928|taxonID|7217|Drosophilaananassae  
   #    score  bias  c-Evalue  i-Evalue hmmfrom  hmm to    alifrom  ali to    envfrom  env to     acc
 ---   ------ ----- --------- --------- ------- -------    ------- -------    ------- -------    ----
   1 !   19.4   0.2   1.7e-05    0.0023       4      32 ..     293     321 ..     290     322 .. 0.87

  Alignments for each domain:
  == domain 1  score: 19.4 bits;  conditional E-value: 1.7e-05
                                                                Round3_FinalIHelix   4 a.eglalllfiagletisnsllsslLfyll 32 
                                                                                       +   +++++++ag++t+s sl +++L+ l+
  sid|2515|pid|1770|hfid|297|sfid|12|gi|194757928|taxonID|7217|Drosophilaananassae 293 VaVVMVMDMLMAGIDTTSSSL-LTILYHLS 321
                                                                                       55899****************.5*9*9886 PP

>> sid|8288|pid|5720|hfid|332|sfid|27|gi|637249172|taxonID|28377|Anoliscarolinensis  
   #    score  bias  c-Evalue  i-Evalue hmmfrom  hmm to    alifrom  ali to    envfrom  env to     acc
 ---   ------ ----- --------- --------- ------- -------    ------- -------    ------- -------    ----
   1 !   20.0   0.0     1e-05    0.0015       3      32 ..     245     273 ..     244     274 .. 0.89

  Alignments for each domain:
  == domain 1  score: 20.0 bits;  conditional E-value: 1e-05
                                                                Round3_FinalIHelix   3 eaeglalllfiagletisnsllsslLfyll 32 
                                                                                       e++g +++l++ag++t+sn+l s+ L+ l+
  sid|8288|pid|5720|hfid|332|sfid|27|gi|637249172|taxonID|28377|Anoliscarolinensis 245 EVYGSIAELLLAGVDTTSNTL-SWALYHLA 273
                                                                                       6778899**************.9***9987 PP

>> sid|11845|pid|8557|hfid|360|sfid|39|gi|532065613|taxonID|43179|Ictidomystridecemlineatus  
   #    score  bias  c-Evalue  i-Evalue hmmfrom  hmm to    alifrom  ali to    envfrom  env to     acc
 ---   ------ ----- --------- --------- ------- -------    ------- -------    ------- -------    ----
   1 !   19.4   0.4   1.6e-05    0.0022       2      32 ..     265     294 ..     264     295 .. 0.91

  Alignments for each domain:
  == domain 1  score: 19.4 bits;  conditional E-value: 1.6e-05
                                                                        Round3_FinalIHelix   2 keaeglalllfiagletisnsllsslLfyll 32 
                                                                                               k +++++ll+++a+l+++++++ +++L+++l
  sid|11845|pid|8557|hfid|360|sfid|39|gi|532065613|taxonID|43179|Ictidomystridecemlineatus 265 KLNPNYVLLMLWASLSNTIPVA-FWTLAFVL 294
                                                                                               5679******************.6***9987 PP

>> sid|105481|pid|80576|hfid|316|sfid|19|gb|AAH76104.1|gi|49902876|taxonID|7955|Daniorerio  
   #    score  bias  c-Evalue  i-Evalue hmmfrom  hmm to    alifrom  ali to    envfrom  env to     acc
 ---   ------ ----- --------- --------- ------- -------    ------- -------    ------- -------    ----
   1 !   17.3   0.2     8e-05     0.011       5      31 ..     264     289 ..     262     290 .. 0.86

  Alignments for each domain:
  == domain 1  score: 17.3 bits;  conditional E-value: 8e-05
                                                                       Round3_FinalIHelix   5 eglalllfiagletisnsllsslLfyl 31 
                                                                                               +++l++ ia+++t s sl+ ++L+ l
  sid|105481|pid|80576|hfid|316|sfid|19|gb|AAH76104.1|gi|49902876|taxonID|7955|Daniorerio 264 RQCVLEMVIAAPDTLSISLF-FMLLLL 289
                                                                                              58*****************5.777665 PP

>> sid|6241|pid|4250|hfid|316|sfid|19|gb|AAR97601.1|gi|40949963|taxonID|94232|Epinepheluscoioides  
   #    score  bias  c-Evalue  i-Evalue hmmfrom  hmm to    alifrom  ali to    envfrom  env to     acc
 ---   ------ ----- --------- --------- ------- -------    ------- -------    ------- -------    ----
   1 !   18.2   0.1     4e-05    0.0057       2      31 ..     306     334 ..     305     335 .. 0.87

  Alignments for each domain:
  == domain 1  score: 18.2 bits;  conditional E-value: 4e-05
                                                                              Round3_FinalIHelix   2 keaeglalllfiagletisnsllsslLfyl 31 
                                                                                                     +++ +++l++ ia+++t s sl+ ++L+ l
  sid|6241|pid|4250|hfid|316|sfid|19|gb|AAR97601.1|gi|40949963|taxonID|94232|Epinepheluscoioides 306 ENVRQCVLEVVIAAPDTLSISLF-FMLLLL 334
                                                                                                     7889******************5.777665 PP

>> sid|67850|pid|48686|hfid|31|sfid|2|gi|432856167|taxonID|8090|Oryziaslatipes  
   #    score  bias  c-Evalue  i-Evalue hmmfrom  hmm to    alifrom  ali to    envfrom  env to     acc
 ---   ------ ----- --------- --------- ------- -------    ------- -------    ------- -------    ----
   1 !   19.2   0.1   1.8e-05    0.0026       2      31 ..     296     325 ..     294     326 .. 0.87

  Alignments for each domain:
  == domain 1  score: 19.2 bits;  conditional E-value: 1.8e-05
                                                           Round3_FinalIHelix   2 keaeglalllfiagletisnsllsslLfyl 31 
                                                                                  +++ +++l+lf ag+et+s +l  ++L+++
  sid|67850|pid|48686|hfid|31|sfid|2|gi|432856167|taxonID|8090|Oryziaslatipes 296 ENLIMCVLDLFVAGSETTSTTLRWAFLYMA 325
                                                                                  567*******************87888875 PP

>> sid|67849|pid|48685|hfid|31|sfid|2|gi|432856165|taxonID|8090|Oryziaslatipes  
   #    score  bias  c-Evalue  i-Evalue hmmfrom  hmm to    alifrom  ali to    envfrom  env to     acc
 ---   ------ ----- --------- --------- ------- -------    ------- -------    ------- -------    ----
   1 !   19.2   0.1   1.8e-05    0.0026       2      31 ..     297     326 ..     295     327 .. 0.87

  Alignments for each domain:
  == domain 1  score: 19.2 bits;  conditional E-value: 1.8e-05
                                                           Round3_FinalIHelix   2 keaeglalllfiagletisnsllsslLfyl 31 
                                                                                  +++ +++l+lf ag+et+s +l  ++L+++
  sid|67849|pid|48685|hfid|31|sfid|2|gi|432856165|taxonID|8090|Oryziaslatipes 297 ENLIMCVLDLFVAGSETTSTTLRWAFLYMA 326
                                                                                  567*******************87888875 PP

>> sid|11805|pid|8529|hfid|360|sfid|39|gi|511830248|taxonID|9669|Mustelaputoriusfuro  
   #    score  bias  c-Evalue  i-Evalue hmmfrom  hmm to    alifrom  ali to    envfrom  env to     acc
 ---   ------ ----- --------- --------- ------- -------    ------- -------    ------- -------    ----
   1 !   19.3   0.1   1.7e-05    0.0024       2      32 ..     241     270 ..     240     271 .. 0.93

  Alignments for each domain:
  == domain 1  score: 19.3 bits;  conditional E-value: 1.7e-05
                                                                 Round3_FinalIHelix   2 keaeglalllfiagletisnsllsslLfyll 32 
                                                                                        +e+++++ll+++a+l+++++++ s++L+++l
  sid|11805|pid|8529|hfid|360|sfid|39|gi|511830248|taxonID|9669|Mustelaputoriusfuro 241 EESPNYGLLILWASLSNAVPVA-SWTLAFIL 270
                                                                                        7899******************.****9987 PP

>> sid|11840|pid|8553|hfid|360|sfid|39|gi|545519329|gi|73973079|gi|545519325|taxonID|9615|Canislupusfamiliaris  
   #    score  bias  c-Evalue  i-Evalue hmmfrom  hmm to    alifrom  ali to    envfrom  env to     acc
 ---   ------ ----- --------- --------- ------- -------    ------- -------    ------- -------    ----
   1 !   19.3   0.1   1.8e-05    0.0025       3      32 ..     262     290 ..     260     291 .. 0.89

  Alignments for each domain:
  == domain 1  score: 19.3 bits;  conditional E-value: 1.8e-05
                                                                                           Round3_FinalIHelix   3 eaeglalllfiagletisnsllsslLfyll 32 
                                                                                                                   +++++lll++a+l+++++++ +++L+++l
  sid|11840|pid|8553|hfid|360|sfid|39|gi|545519329|gi|73973079|gi|545519325|taxonID|9615|Canislupusfamiliaris 262 KSPNYGLLLLWASLSNAVPVA-FWTLAFVL 290
                                                                                                                  5699*****************.6***9987 PP

>> sid|12573|pid|9089|hfid|372|sfid|49|gi|195153455|taxonID|7234|Drosophilapersimilis  
   #    score  bias  c-Evalue  i-Evalue hmmfrom  hmm to    alifrom  ali to    envfrom  env to     acc
 ---   ------ ----- --------- --------- ------- -------    ------- -------    ------- -------    ----
   1 !   19.6   0.0   1.4e-05     0.002       7      32 ..     389     413 ..     383     414 .. 0.91

  Alignments for each domain:
  == domain 1  score: 19.6 bits;  conditional E-value: 1.4e-05
                                                                  Round3_FinalIHelix   7 lalllfiagletisnsllsslLfyll 32 
                                                                                         lal+lf++g++t+s+++ ss++++l+
  sid|12573|pid|9089|hfid|372|sfid|49|gi|195153455|taxonID|7234|Drosophilapersimilis 389 LALDLFLVGVDTTSVAA-SSTIYQLA 413
                                                                                         89***************.9*****98 PP

>> sid|8265|pid|5701|hfid|332|sfid|27|gi|327260612|taxonID|28377|Anoliscarolinensis  
   #    score  bias  c-Evalue  i-Evalue hmmfrom  hmm to    alifrom  ali to    envfrom  env to     acc
 ---   ------ ----- --------- --------- ------- -------    ------- -------    ------- -------    ----
   1 !   19.8   0.0   1.2e-05    0.0017       3      32 ..     311     339 ..     310     340 .. 0.89

  Alignments for each domain:
  == domain 1  score: 19.8 bits;  conditional E-value: 1.2e-05
                                                                Round3_FinalIHelix   3 eaeglalllfiagletisnsllsslLfyll 32 
                                                                                       e++g +++l++ag++t+sn+l s+ L+ l+
  sid|8265|pid|5701|hfid|332|sfid|27|gi|327260612|taxonID|28377|Anoliscarolinensis 311 EVYGSIAELLLAGVDTTSNTL-SWALYHLA 339
                                                                                       6778899**************.9***9987 PP

>> sid|2516|pid|1771|hfid|297|sfid|12|gi|195029745|taxonID|7222|Drosophilagrimshawi  
   #    score  bias  c-Evalue  i-Evalue hmmfrom  hmm to    alifrom  ali to    envfrom  env to     acc
 ---   ------ ----- --------- --------- ------- -------    ------- -------    ------- -------    ----
   1 !   19.0   0.3   2.2e-05    0.0031       5      32 ..     324     350 ..     320     351 .. 0.90

  Alignments for each domain:
  == domain 1  score: 19.0 bits;  conditional E-value: 2.2e-05
                                                                Round3_FinalIHelix   5 eglalllfiagletisnsllsslLfyll 32 
                                                                                        ++a+++++ag +t+s +l+ ++L++++
  sid|2516|pid|1771|hfid|297|sfid|12|gi|195029745|taxonID|7222|Drosophilagrimshawi 324 VAMAMDMLMAGMDTTSSALV-TILYNIA 350
                                                                                       78*****************7.****987 PP

>> sid|12567|pid|9083|hfid|372|sfid|49|gi|125811121|gi|482683738|taxonID|46245|Drosophilapseudoobscurapseudoobscura  
   #    score  bias  c-Evalue  i-Evalue hmmfrom  hmm to    alifrom  ali to    envfrom  env to     acc
 ---   ------ ----- --------- --------- ------- -------    ------- -------    ------- -------    ----
   1 !   19.6   0.0   1.4e-05     0.002       7      32 ..     387     411 ..     381     412 .. 0.91

  Alignments for each domain:
  == domain 1  score: 19.6 bits;  conditional E-value: 1.4e-05
                                                                                                Round3_FinalIHelix   7 lalllfiagletisnsllsslLfyll 32 
                                                                                                                       lal+lf++g++t+s+++ ss++++l+
  sid|12567|pid|9083|hfid|372|sfid|49|gi|125811121|gi|482683738|taxonID|46245|Drosophilapseudoobscurapseudoobscura 387 LALDLFLVGVDTTSVAA-SSTIYQLA 411
                                                                                                                       89***************.9*****98 PP

>> sid|6231|pid|4245|hfid|316|sfid|19|emb|CAC43178.1|gi|14589321|taxonID|13489|Dicentrarchuslabrax  
   #    score  bias  c-Evalue  i-Evalue hmmfrom  hmm to    alifrom  ali to    envfrom  env to     acc
 ---   ------ ----- --------- --------- ------- -------    ------- -------    ------- -------    ----
   1 !   20.9   0.2   5.3e-06   0.00076       2      31 ..     305     333 ..     304     334 .. 0.87

  Alignments for each domain:
  == domain 1  score: 20.9 bits;  conditional E-value: 5.3e-06
                                                                               Round3_FinalIHelix   2 keaeglalllfiagletisnsllsslLfyl 31 
                                                                                                      +++ +++l++ ia+++t s+sl+ ++L+ l
  sid|6231|pid|4245|hfid|316|sfid|19|emb|CAC43178.1|gi|14589321|taxonID|13489|Dicentrarchuslabrax 305 ENVRQCVLEMVIAAPDTLSVSLF-FMLLLL 333
                                                                                                      7889******************5.777665 PP

>> sid|6232|pid|4245|hfid|316|sfid|19|emb|CAC21712.1|gi|12227191|taxonID|13489|Dicentrarchuslabrax  
   #    score  bias  c-Evalue  i-Evalue hmmfrom  hmm to    alifrom  ali to    envfrom  env to     acc
 ---   ------ ----- --------- --------- ------- -------    ------- -------    ------- -------    ----
   1 !   20.9   0.2   5.3e-06   0.00076       2      31 ..     305     333 ..     304     334 .. 0.87

  Alignments for each domain:
  == domain 1  score: 20.9 bits;  conditional E-value: 5.3e-06
                                                                               Round3_FinalIHelix   2 keaeglalllfiagletisnsllsslLfyl 31 
                                                                                                      +++ +++l++ ia+++t s+sl+ ++L+ l
  sid|6232|pid|4245|hfid|316|sfid|19|emb|CAC21712.1|gi|12227191|taxonID|13489|Dicentrarchuslabrax 305 ENVRQCVLEMVIAAPDTLSVSLF-FMLLLL 333
                                                                                                      7889******************5.777665 PP

>> sid|6409|pid|4371|hfid|316|sfid|19|gb|ADB29065.1|gi|283776329|taxonID|143606|Gobiocyprisrarus  
   #    score  bias  c-Evalue  i-Evalue hmmfrom  hmm to    alifrom  ali to    envfrom  env to     acc
 ---   ------ ----- --------- --------- ------- -------    ------- -------    ------- -------    ----
   1 !   20.9   0.2   5.4e-06   0.00076       2      31 ..     313     341 ..     312     342 .. 0.87

  Alignments for each domain:
  == domain 1  score: 20.9 bits;  conditional E-value: 5.4e-06
                                                                             Round3_FinalIHelix   2 keaeglalllfiagletisnsllsslLfyl 31 
                                                                                                    +++ +++l++ ia+++t s+sl+ ++L+ l
  sid|6409|pid|4371|hfid|316|sfid|19|gb|ADB29065.1|gi|283776329|taxonID|143606|Gobiocyprisrarus 313 ENVRQCVLEMVIAAPDTLSVSLF-FMLLLL 341
                                                                                                    7889******************5.777665 PP

>> sid|6289|pid|4285|hfid|316|sfid|19|gb|AFM35729.1|gi|390986145|taxonID|435163|Thamnaconusseptentrionalis  
   #    score  bias  c-Evalue  i-Evalue hmmfrom  hmm to    alifrom  ali to    envfrom  env to     acc
 ---   ------ ----- --------- --------- ------- -------    ------- -------    ------- -------    ----
   1 !   19.9   0.4   1.2e-05    0.0016       2      31 ..     293     321 ..     292     322 .. 0.87

  Alignments for each domain:
  == domain 1  score: 19.9 bits;  conditional E-value: 1.2e-05
                                                                                       Round3_FinalIHelix   2 keaeglalllfiagletisnsllsslLfyl 31 
                                                                                                              +++ +++l++ ia+++t s sl+ ++L+ l
  sid|6289|pid|4285|hfid|316|sfid|19|gb|AFM35729.1|gi|390986145|taxonID|435163|Thamnaconusseptentrionalis 293 ENVVQCVLEMVIAAPDTLSISLF-FMLLLL 321
                                                                                                              7889******************5.777665 PP

>> sid|11790|pid|8515|hfid|360|sfid|39|gi|511830246|gi|511830250|taxonID|9669|Mustelaputoriusfuro  
   #    score  bias  c-Evalue  i-Evalue hmmfrom  hmm to    alifrom  ali to    envfrom  env to     acc
 ---   ------ ----- --------- --------- ------- -------    ------- -------    ------- -------    ----
   1 !   19.3   0.1   1.8e-05    0.0025       2      32 ..     261     290 ..     260     291 .. 0.93

  Alignments for each domain:
  == domain 1  score: 19.3 bits;  conditional E-value: 1.8e-05
                                                                              Round3_FinalIHelix   2 keaeglalllfiagletisnsllsslLfyll 32 
                                                                                                     +e+++++ll+++a+l+++++++ s++L+++l
  sid|11790|pid|8515|hfid|360|sfid|39|gi|511830246|gi|511830250|taxonID|9669|Mustelaputoriusfuro 261 EESPNYGLLILWASLSNAVPVA-SWTLAFIL 290
                                                                                                     7899******************.****9987 PP

>> sid|90233|pid|67186|hfid|373|sfid|49|gi|328723312|taxonID|7029|Acyrthosiphonpisum  
   #    score  bias  c-Evalue  i-Evalue hmmfrom  hmm to    alifrom  ali to    envfrom  env to     acc
 ---   ------ ----- --------- --------- ------- -------    ------- -------    ------- -------    ----
   1 !   19.4   0.1   1.7e-05    0.0024       7      32 ..     321     345 ..     316     346 .. 0.90

  Alignments for each domain:
  == domain 1  score: 19.4 bits;  conditional E-value: 1.7e-05
                                                                 Round3_FinalIHelix   7 lalllfiagletisnsllsslLfyll 32 
                                                                                        l l++fi+g++t+s++l  s+L++l+
  sid|90233|pid|67186|hfid|373|sfid|49|gi|328723312|taxonID|7029|Acyrthosiphonpisum 321 LSLDMFIVGIDTTSAAL-ASILYQLS 345
                                                                                        789**************.6*****97 PP

>> sid|12038|pid|8686|hfid|65|sfid|3|gb|ELR58237.1|gi|440908190|taxonID|72004|Bosmutus  
   #    score  bias  c-Evalue  i-Evalue hmmfrom  hmm to    alifrom  ali to    envfrom  env to     acc
 ---   ------ ----- --------- --------- ------- -------    ------- -------    ------- -------    ----
   1 !   19.3   1.0   1.7e-05    0.0025      11      32 ..     281     301 ..     275     302 .. 0.91

  Alignments for each domain:
  == domain 1  score: 19.3 bits;  conditional E-value: 1.7e-05
                                                                   Round3_FinalIHelix  11 lfiagletisnsllsslLfyll 32 
                                                                                           ++ag+et+sn+l s+lL++l+
  sid|12038|pid|8686|hfid|65|sfid|3|gb|ELR58237.1|gi|440908190|taxonID|72004|Bosmutus 281 FIFAGYETTSNTL-SFLLYILA 301
                                                                                          589**********.******98 PP

>> sid|11813|pid|8536|hfid|360|sfid|39|gb|AAH10358.1|gi|14714464|taxonID|9606|Homosapiens  
   #    score  bias  c-Evalue  i-Evalue hmmfrom  hmm to    alifrom  ali to    envfrom  env to     acc
 ---   ------ ----- --------- --------- ------- -------    ------- -------    ------- -------    ----
   1 !   18.7   0.1   2.8e-05     0.004       2      31 ..     261     289 ..     260     291 .. 0.88

  Alignments for each domain:
  == domain 1  score: 18.7 bits;  conditional E-value: 2.8e-05
                                                                      Round3_FinalIHelix   2 keaeglalllfiagletisnsllsslLfyl 31 
                                                                                             +++++++lll++a+l+++++++ +++L+ +
  sid|11813|pid|8536|hfid|360|sfid|39|gb|AAH10358.1|gi|14714464|taxonID|9606|Homosapiens 261 ENSPNYGLLLLWASLSNAVPVA-FWTLAHV 289
                                                                                             677*******************.6**9865 PP

>> sid|11786|pid|8512|hfid|360|sfid|39|gi|545519323|gi|545519327|gi|545519320|taxonID|9615|Canislupusfamiliaris  
   #    score  bias  c-Evalue  i-Evalue hmmfrom  hmm to    alifrom  ali to    envfrom  env to     acc
 ---   ------ ----- --------- --------- ------- -------    ------- -------    ------- -------    ----
   1 !   19.1   0.1     2e-05    0.0028       3      32 ..     307     335 ..     305     336 .. 0.89

  Alignments for each domain:
  == domain 1  score: 19.1 bits;  conditional E-value: 2e-05
                                                                                            Round3_FinalIHelix   3 eaeglalllfiagletisnsllsslLfyll 32 
                                                                                                                    +++++lll++a+l+++++++ +++L+++l
  sid|11786|pid|8512|hfid|360|sfid|39|gi|545519323|gi|545519327|gi|545519320|taxonID|9615|Canislupusfamiliaris 307 KSPNYGLLLLWASLSNAVPVA-FWTLAFVL 335
                                                                                                                   5699*****************.6***9987 PP

>> sid|6360|pid|4335|hfid|316|sfid|19|gi|657746469|taxonID|244447|Cynoglossussemilaevis  
   #    score  bias  c-Evalue  i-Evalue hmmfrom  hmm to    alifrom  ali to    envfrom  env to     acc
 ---   ------ ----- --------- --------- ------- -------    ------- -------    ------- -------    ----
   1 !   18.4   0.3   3.5e-05    0.0049       4      31 ..     320     346 ..     318     347 .. 0.86

  Alignments for each domain:
  == domain 1  score: 18.4 bits;  conditional E-value: 3.5e-05
                                                                    Round3_FinalIHelix   4 aeglalllfiagletisnsllsslLfyl 31 
                                                                                           +++++l++ ia+++t s sl+ ++L+ l
  sid|6360|pid|4335|hfid|316|sfid|19|gi|657746469|taxonID|244447|Cynoglossussemilaevis 320 VTQCVLEMVIAAPDTLSISLF-FMLLLL 346
                                                                                           599*****************5.777665 PP

>> sid|6297|pid|4290|hfid|316|sfid|19|gb|AAY26901.1|gi|63022637|taxonID|8267|Hippoglossushippoglossus  
   #    score  bias  c-Evalue  i-Evalue hmmfrom  hmm to    alifrom  ali to    envfrom  env to     acc
 ---   ------ ----- --------- --------- ------- -------    ------- -------    ------- -------    ----
   1 !   18.7   0.1   2.7e-05    0.0038       3      30 ..     292     318 ..     290     320 .. 0.86

  Alignments for each domain:
  == domain 1  score: 18.7 bits;  conditional E-value: 2.7e-05
                                                                                  Round3_FinalIHelix   3 eaeglalllfiagletisnsllsslLfy 30 
                                                                                                         ++ +++l++ iag++t s sl +++L  
  sid|6297|pid|4290|hfid|316|sfid|19|gb|AAY26901.1|gi|63022637|taxonID|8267|Hippoglossushippoglossus 292 NVRQCVLEMVIAGPDTLSISL-FFMLIL 318
                                                                                                         6789*****************.587765 PP

>> sid|6266|pid|4265|hfid|316|sfid|19|gb|AGS14762.1|gi|527478375|taxonID|272724|Lamprologuslemairii  
   #    score  bias  c-Evalue  i-Evalue hmmfrom  hmm to    alifrom  ali to    envfrom  env to     acc
 ---   ------ ----- --------- --------- ------- -------    ------- -------    ------- -------    ----
   1 !   18.2   0.3   4.1e-05    0.0058       4      31 ..     295     321 ..     292     322 .. 0.86

  Alignments for each domain:
  == domain 1  score: 18.2 bits;  conditional E-value: 4.1e-05
                                                                                Round3_FinalIHelix   4 aeglalllfiagletisnsllsslLfyl 31 
                                                                                                       +++++l++ ia+++t s sl+ ++L+ l
  sid|6266|pid|4265|hfid|316|sfid|19|gb|AGS14762.1|gi|527478375|taxonID|272724|Lamprologuslemairii 295 VTQCVLEMVIAAPDTLSISLF-FMLLLL 321
                                                                                                       589*****************5.777665 PP

>> sid|6406|pid|4368|hfid|316|sfid|19|gb|AGQ20431.1|gi|523352565|taxonID|150288|Boleophthalmuspectinirostris  
   #    score  bias  c-Evalue  i-Evalue hmmfrom  hmm to    alifrom  ali to    envfrom  env to     acc
 ---   ------ ----- --------- --------- ------- -------    ------- -------    ------- -------    ----
   1 !   17.9   0.2   5.1e-05    0.0072       3      31 ..     306     333 ..     305     334 .. 0.86

  Alignments for each domain:
  == domain 1  score: 17.9 bits;  conditional E-value: 5.1e-05
                                                                                         Round3_FinalIHelix   3 eaeglalllfiagletisnsllsslLfyl 31 
                                                                                                                ++ +++l++ ia+++t s sl+ ++L+ l
  sid|6406|pid|4368|hfid|316|sfid|19|gb|AGQ20431.1|gi|523352565|taxonID|150288|Boleophthalmuspectinirostris 306 NVRQCVLEMVIAAPDTLSISLF-FMLLLL 333
                                                                                                                5689*****************5.777665 PP

>> sid|6265|pid|4265|hfid|316|sfid|19|gb|AGS14763.1|gi|527478377|taxonID|32501|Lamprologuscallipterus  
   #    score  bias  c-Evalue  i-Evalue hmmfrom  hmm to    alifrom  ali to    envfrom  env to     acc
 ---   ------ ----- --------- --------- ------- -------    ------- -------    ------- -------    ----
   1 !   18.2   0.3   4.1e-05    0.0058       4      31 ..     295     321 ..     292     322 .. 0.86

  Alignments for each domain:
  == domain 1  score: 18.2 bits;  conditional E-value: 4.1e-05
                                                                                  Round3_FinalIHelix   4 aeglalllfiagletisnsllsslLfyl 31 
                                                                                                         +++++l++ ia+++t s sl+ ++L+ l
  sid|6265|pid|4265|hfid|316|sfid|19|gb|AGS14763.1|gi|527478377|taxonID|32501|Lamprologuscallipterus 295 VTQCVLEMVIAAPDTLSISLF-FMLLLL 321
                                                                                                         589*****************5.777665 PP

>> sid|8287|pid|5719|hfid|332|sfid|27|gi|641760778|taxonID|8478|Chrysemyspictabellii  
   #    score  bias  c-Evalue  i-Evalue hmmfrom  hmm to    alifrom  ali to    envfrom  env to     acc
 ---   ------ ----- --------- --------- ------- -------    ------- -------    ------- -------    ----
   1 !   19.3   0.0   1.7e-05    0.0024       3      32 ..     262     290 ..     261     291 .. 0.89

  Alignments for each domain:
  == domain 1  score: 19.3 bits;  conditional E-value: 1.7e-05
                                                                 Round3_FinalIHelix   3 eaeglalllfiagletisnsllsslLfyll 32 
                                                                                        e++g +++l++ag++t+sn+l s+ L+ l+
  sid|8287|pid|5719|hfid|332|sfid|27|gi|641760778|taxonID|8478|Chrysemyspictabellii 262 EVYGSVAELLLAGVDTTSNTL-SWALYHLA 290
                                                                                        6677789**************.9****987 PP

>> sid|6342|pid|4319|hfid|316|sfid|19|gb|ACN39247.2|gi|253801096|taxonID|214486|Sebastesschlegelii  
   #    score  bias  c-Evalue  i-Evalue hmmfrom  hmm to    alifrom  ali to    envfrom  env to     acc
 ---   ------ ----- --------- --------- ------- -------    ------- -------    ------- -------    ----
   1 !   18.4   0.3   3.5e-05    0.0049       2      31 ..     304     332 ..     303     333 .. 0.87

  Alignments for each domain:
  == domain 1  score: 18.4 bits;  conditional E-value: 3.5e-05
                                                                               Round3_FinalIHelix   2 keaeglalllfiagletisnsllsslLfyl 31 
                                                                                                      +++ +++l++ ia+++t s sl+ ++L+ l
  sid|6342|pid|4319|hfid|316|sfid|19|gb|ACN39247.2|gi|253801096|taxonID|214486|Sebastesschlegelii 304 ENVVQCVLEMVIAAPDTLSISLF-FTLLLL 332
                                                                                                      7889******************6.767654 PP

>> sid|6253|pid|4258|hfid|316|sfid|19|gb|AAR97602.1|gi|40949965|taxonID|94232|Epinepheluscoioides  
   #    score  bias  c-Evalue  i-Evalue hmmfrom  hmm to    alifrom  ali to    envfrom  env to     acc
 ---   ------ ----- --------- --------- ------- -------    ------- -------    ------- -------    ----
   1 !   20.7   0.1   6.4e-06    0.0009       3      31 ..     295     322 ..     293     323 .. 0.91

  Alignments for each domain:
  == domain 1  score: 20.7 bits;  conditional E-value: 6.4e-06
                                                                              Round3_FinalIHelix   3 eaeglalllfiagletisnsllsslLfyl 31 
                                                                                                     ++ +++l++ iag++t s sl +++L+ l
  sid|6253|pid|4258|hfid|316|sfid|19|gb|AAR97602.1|gi|40949965|taxonID|94232|Epinepheluscoioides 295 NVRQCVLEMVIAGPDTLSISL-FFMLMLL 322
                                                                                                     6789*****************.699*987 PP

>> sid|6343|pid|4320|hfid|316|sfid|19|gb|AAV91181.1|gi|56424299|taxonID|304459|Cromileptesaltivelis  
   #    score  bias  c-Evalue  i-Evalue hmmfrom  hmm to    alifrom  ali to    envfrom  env to     acc
 ---   ------ ----- --------- --------- ------- -------    ------- -------    ------- -------    ----
   1 !   20.7   0.1   6.4e-06    0.0009       3      31 ..     296     323 ..     294     324 .. 0.91

  Alignments for each domain:
  == domain 1  score: 20.7 bits;  conditional E-value: 6.4e-06
                                                                                Round3_FinalIHelix   3 eaeglalllfiagletisnsllsslLfyl 31 
                                                                                                       ++ +++l++ iag++t s sl +++L+ l
  sid|6343|pid|4320|hfid|316|sfid|19|gb|AAV91181.1|gi|56424299|taxonID|304459|Cromileptesaltivelis 296 NVRQCVLEMVIAGPDTLSISL-FFMLMLL 323
                                                                                                       6789*****************.699*987 PP

>> sid|12557|pid|9076|hfid|372|sfid|49|gi|195475356|taxonID|7245|Drosophilayakuba  
   #    score  bias  c-Evalue  i-Evalue hmmfrom  hmm to    alifrom  ali to    envfrom  env to     acc
 ---   ------ ----- --------- --------- ------- -------    ------- -------    ------- -------    ----
   1 !   19.6   0.0   1.4e-05     0.002       7      32 ..     381     405 ..     375     406 .. 0.91

  Alignments for each domain:
  == domain 1  score: 19.6 bits;  conditional E-value: 1.4e-05
                                                              Round3_FinalIHelix   7 lalllfiagletisnsllsslLfyll 32 
                                                                                     lal+lf++g++t+s+++ ss++++l+
  sid|12557|pid|9076|hfid|372|sfid|49|gi|195475356|taxonID|7245|Drosophilayakuba 381 LALDLFLVGVDTTSVAA-SSTIYQLA 405
                                                                                     89***************.9*****98 PP

>> sid|6228|pid|4243|hfid|316|sfid|19|gb|AAS58447.1|gi|45356816|taxonID|215347|Epinephelusakaara  
   #    score  bias  c-Evalue  i-Evalue hmmfrom  hmm to    alifrom  ali to    envfrom  env to     acc
 ---   ------ ----- --------- --------- ------- -------    ------- -------    ------- -------    ----
   1 !   20.7   0.1   6.4e-06    0.0009       3      31 ..     298     325 ..     296     326 .. 0.91

  Alignments for each domain:
  == domain 1  score: 20.7 bits;  conditional E-value: 6.4e-06
                                                                             Round3_FinalIHelix   3 eaeglalllfiagletisnsllsslLfyl 31 
                                                                                                    ++ +++l++ iag++t s sl +++L+ l
  sid|6228|pid|4243|hfid|316|sfid|19|gb|AAS58447.1|gi|45356816|taxonID|215347|Epinephelusakaara 298 NVRQCVLEMVIAGPDTLSISL-FFMLMLL 325
                                                                                                    6789*****************.699*987 PP

>> sid|12571|pid|9087|hfid|372|sfid|49|gi|194857855|taxonID|7220|Drosophilaerecta  
   #    score  bias  c-Evalue  i-Evalue hmmfrom  hmm to    alifrom  ali to    envfrom  env to     acc
 ---   ------ ----- --------- --------- ------- -------    ------- -------    ------- -------    ----
   1 !   19.6   0.0   1.4e-05     0.002       7      32 ..     381     405 ..     375     406 .. 0.91

  Alignments for each domain:
  == domain 1  score: 19.6 bits;  conditional E-value: 1.4e-05
                                                              Round3_FinalIHelix   7 lalllfiagletisnsllsslLfyll 32 
                                                                                     lal+lf++g++t+s+++ ss++++l+
  sid|12571|pid|9087|hfid|372|sfid|49|gi|194857855|taxonID|7220|Drosophilaerecta 381 LALDLFLVGVDTTSVAA-SSTIYQLA 405
                                                                                     89***************.9*****98 PP

>> sid|6279|pid|4277|hfid|316|sfid|19|gb|ACF60486.1|gi|194396138|taxonID|43700|Monopterusalbus  
   #    score  bias  c-Evalue  i-Evalue hmmfrom  hmm to    alifrom  ali to    envfrom  env to     acc
 ---   ------ ----- --------- --------- ------- -------    ------- -------    ------- -------    ----
   1 !   20.7   0.4   6.4e-06   0.00091       2      31 ..     306     334 ..     305     335 .. 0.88

  Alignments for each domain:
  == domain 1  score: 20.7 bits;  conditional E-value: 6.4e-06
                                                                           Round3_FinalIHelix   2 keaeglalllfiagletisnsllsslLfyl 31 
                                                                                                  +++++++l++ ia+++t s sl+ ++L+ l
  sid|6279|pid|4277|hfid|316|sfid|19|gb|ACF60486.1|gi|194396138|taxonID|43700|Monopterusalbus 306 ENVTQCVLEMVIAAPDTLSISLF-FMLLLL 334
                                                                                                  789*******************5.777665 PP

>> sid|6280|pid|4277|hfid|316|sfid|19|gb|ABX45101.1|gi|160623511|taxonID|43700|Monopterusalbus  
   #    score  bias  c-Evalue  i-Evalue hmmfrom  hmm to    alifrom  ali to    envfrom  env to     acc
 ---   ------ ----- --------- --------- ------- -------    ------- -------    ------- -------    ----
   1 !   20.7   0.4   6.4e-06   0.00091       2      31 ..     306     334 ..     305     335 .. 0.88

  Alignments for each domain:
  == domain 1  score: 20.7 bits;  conditional E-value: 6.4e-06
                                                                           Round3_FinalIHelix   2 keaeglalllfiagletisnsllsslLfyl 31 
                                                                                                  +++++++l++ ia+++t s sl+ ++L+ l
  sid|6280|pid|4277|hfid|316|sfid|19|gb|ABX45101.1|gi|160623511|taxonID|43700|Monopterusalbus 306 ENVTQCVLEMVIAAPDTLSISLF-FMLLLL 334
                                                                                                  789*******************5.777665 PP

>> sid|12566|pid|9082|hfid|372|sfid|49|gb|AAL68266.1|gi|18447404|taxonID|7227|Drosophilamelanogaster  
   #    score  bias  c-Evalue  i-Evalue hmmfrom  hmm to    alifrom  ali to    envfrom  env to     acc
 ---   ------ ----- --------- --------- ------- -------    ------- -------    ------- -------    ----
   1 !   19.6   0.0   1.4e-05     0.002       7      32 ..     382     406 ..     376     407 .. 0.91

  Alignments for each domain:
  == domain 1  score: 19.6 bits;  conditional E-value: 1.4e-05
                                                                                 Round3_FinalIHelix   7 lalllfiagletisnsllsslLfyll 32 
                                                                                                        lal+lf++g++t+s+++ ss++++l+
  sid|12566|pid|9082|hfid|372|sfid|49|gb|AAL68266.1|gi|18447404|taxonID|7227|Drosophilamelanogaster 382 LALDLFLVGVDTTSVAA-SSTIYQLA 406
                                                                                                        89***************.9*****98 PP

>> sid|12565|pid|9082|hfid|372|sfid|49|gi|28573913|taxonID|7227|Drosophilamelanogaster  
   #    score  bias  c-Evalue  i-Evalue hmmfrom  hmm to    alifrom  ali to    envfrom  env to     acc
 ---   ------ ----- --------- --------- ------- -------    ------- -------    ------- -------    ----
   1 !   19.6   0.0   1.4e-05     0.002       7      32 ..     382     406 ..     376     407 .. 0.91

  Alignments for each domain:
  == domain 1  score: 19.6 bits;  conditional E-value: 1.4e-05
                                                                   Round3_FinalIHelix   7 lalllfiagletisnsllsslLfyll 32 
                                                                                          lal+lf++g++t+s+++ ss++++l+
  sid|12565|pid|9082|hfid|372|sfid|49|gi|28573913|taxonID|7227|Drosophilamelanogaster 382 LALDLFLVGVDTTSVAA-SSTIYQLA 406
                                                                                          89***************.9*****98 PP

>> sid|84890|pid|62632|hfid|595|sfid|76|emb|CBI30230.3|gi|297740048|taxonID|29760|Vitisvinifera  
   #    score  bias  c-Evalue  i-Evalue hmmfrom  hmm to    alifrom  ali to    envfrom  env to     acc
 ---   ------ ----- --------- --------- ------- -------    ------- -------    ------- -------    ----
   1 ?    7.8   0.1     0.089        13       7      22 ..      40      55 ..      34      59 .. 0.85
   2 ?   10.7   0.0      0.01       1.5       7      23 ..     328     344 ..     322     348 .. 0.86

  Alignments for each domain:
  == domain 1  score: 7.8 bits;  conditional E-value: 0.089
                                                                            Round3_FinalIHelix  7 lalllfiagletisns 22
                                                                                                  ++l++f+ag+et+s +
  sid|84890|pid|62632|hfid|595|sfid|76|emb|CBI30230.3|gi|297740048|taxonID|29760|Vitisvinifera 40 FILEIFLAGSETSSSI 55
                                                                                                  79***********966 PP

  == domain 2  score: 10.7 bits;  conditional E-value: 0.01
                                                                            Round3_FinalIHelix   7 lalllfiagletisnsl 23 
                                                                                                   ++l++f+ag+et+s +l
  sid|84890|pid|62632|hfid|595|sfid|76|emb|CBI30230.3|gi|297740048|taxonID|29760|Vitisvinifera 328 IVLEMFFAGSETTSSTL 344
                                                                                                   89************887 PP

>> sid|12564|pid|9082|hfid|372|sfid|49|gi|195333145|taxonID|7238|Drosophilasechellia  
   #    score  bias  c-Evalue  i-Evalue hmmfrom  hmm to    alifrom  ali to    envfrom  env to     acc
 ---   ------ ----- --------- --------- ------- -------    ------- -------    ------- -------    ----
   1 !   19.6   0.0   1.4e-05     0.002       7      32 ..     382     406 ..     376     407 .. 0.91

  Alignments for each domain:
  == domain 1  score: 19.6 bits;  conditional E-value: 1.4e-05
                                                                 Round3_FinalIHelix   7 lalllfiagletisnsllsslLfyll 32 
                                                                                        lal+lf++g++t+s+++ ss++++l+
  sid|12564|pid|9082|hfid|372|sfid|49|gi|195333145|taxonID|7238|Drosophilasechellia 382 LALDLFLVGVDTTSVAA-SSTIYQLA 406
                                                                                        89***************.9*****98 PP

>> sid|12563|pid|9082|hfid|372|sfid|49|gi|195582198|taxonID|7240|Drosophilasimulans  
   #    score  bias  c-Evalue  i-Evalue hmmfrom  hmm to    alifrom  ali to    envfrom  env to     acc
 ---   ------ ----- --------- --------- ------- -------    ------- -------    ------- -------    ----
   1 !   19.6   0.0   1.4e-05     0.002       7      32 ..     382     406 ..     376     407 .. 0.91

  Alignments for each domain:
  == domain 1  score: 19.6 bits;  conditional E-value: 1.4e-05
                                                                Round3_FinalIHelix   7 lalllfiagletisnsllsslLfyll 32 
                                                                                       lal+lf++g++t+s+++ ss++++l+
  sid|12563|pid|9082|hfid|372|sfid|49|gi|195582198|taxonID|7240|Drosophilasimulans 382 LALDLFLVGVDTTSVAA-SSTIYQLA 406
                                                                                       89***************.9*****98 PP

>> sid|6310|pid|4301|hfid|316|sfid|19|gb|AGS14766.1|gi|527478383|taxonID|27731|Aulonocranusdewindti  
   #    score  bias  c-Evalue  i-Evalue hmmfrom  hmm to    alifrom  ali to    envfrom  env to     acc
 ---   ------ ----- --------- --------- ------- -------    ------- -------    ------- -------    ----
   1 !   18.6   0.3   2.9e-05    0.0042       3      31 ..     294     321 ..     292     322 .. 0.85

  Alignments for each domain:
  == domain 1  score: 18.6 bits;  conditional E-value: 2.9e-05
                                                                                Round3_FinalIHelix   3 eaeglalllfiagletisnsllsslLfyl 31 
                                                                                                        +++++l++ ia+++t s sl+ ++L+ l
  sid|6310|pid|4301|hfid|316|sfid|19|gb|AGS14766.1|gi|527478383|taxonID|27731|Aulonocranusdewindti 294 DVTQCVLEMVIAAPDTLSLSLF-FMLLLL 321
                                                                                                       469******************5.777665 PP

>> sid|6311|pid|4301|hfid|316|sfid|19|gb|AGS14765.1|gi|527478381|taxonID|68046|Ophthalmotilapianasuta  
   #    score  bias  c-Evalue  i-Evalue hmmfrom  hmm to    alifrom  ali to    envfrom  env to     acc
 ---   ------ ----- --------- --------- ------- -------    ------- -------    ------- -------    ----
   1 !   18.6   0.3   2.9e-05    0.0042       3      31 ..     294     321 ..     292     322 .. 0.85

  Alignments for each domain:
  == domain 1  score: 18.6 bits;  conditional E-value: 2.9e-05
                                                                                  Round3_FinalIHelix   3 eaeglalllfiagletisnsllsslLfyl 31 
                                                                                                          +++++l++ ia+++t s sl+ ++L+ l
  sid|6311|pid|4301|hfid|316|sfid|19|gb|AGS14765.1|gi|527478381|taxonID|68046|Ophthalmotilapianasuta 294 DVTQCVLEMVIAAPDTLSLSLF-FMLLLL 321
                                                                                                         469******************5.777665 PP

>> sid|12568|pid|9084|hfid|372|sfid|49|gi|194757956|taxonID|7217|Drosophilaananassae  
   #    score  bias  c-Evalue  i-Evalue hmmfrom  hmm to    alifrom  ali to    envfrom  env to     acc
 ---   ------ ----- --------- --------- ------- -------    ------- -------    ------- -------    ----
   1 !   19.6   0.0   1.5e-05    0.0021       7      32 ..     399     423 ..     393     424 .. 0.91

  Alignments for each domain:
  == domain 1  score: 19.6 bits;  conditional E-value: 1.5e-05
                                                                 Round3_FinalIHelix   7 lalllfiagletisnsllsslLfyll 32 
                                                                                        lal+lf++g++t+s+++ ss++++l+
  sid|12568|pid|9084|hfid|372|sfid|49|gi|194757956|taxonID|7217|Drosophilaananassae 399 LALDLFLVGVDTTSVAA-SSTIYQLA 423
                                                                                        89***************.9*****98 PP

>> sid|6263|pid|4263|hfid|316|sfid|19|dbj|BAD91038.1|gi|61097794|taxonID|48668|Rutilusrutilus  
   #    score  bias  c-Evalue  i-Evalue hmmfrom  hmm to    alifrom  ali to    envfrom  env to     acc
 ---   ------ ----- --------- --------- ------- -------    ------- -------    ------- -------    ----
   1 !   17.0   0.1   9.5e-05     0.013       5      31 ..     295     320 ..     292     321 .. 0.86

  Alignments for each domain:
  == domain 1  score: 17.0 bits;  conditional E-value: 9.5e-05
                                                                          Round3_FinalIHelix   5 eglalllfiagletisnsllsslLfyl 31 
                                                                                                  +++l++ ia+++t s sl+ ++L+ l
  sid|6263|pid|4263|hfid|316|sfid|19|dbj|BAD91038.1|gi|61097794|taxonID|48668|Rutilusrutilus 295 RQCVLEMVIAAPDTLSISLF-FMLLLL 320
                                                                                                 68*****************5.777665 PP

>> sid|6345|pid|4322|hfid|316|sfid|19|gb|AGS14755.1|gi|527478361|taxonID|559345|Xenotilapiamelanogenys  
   #    score  bias  c-Evalue  i-Evalue hmmfrom  hmm to    alifrom  ali to    envfrom  env to     acc
 ---   ------ ----- --------- --------- ------- -------    ------- -------    ------- -------    ----
   1 !   18.6   0.3   2.9e-05    0.0042       3      31 ..     294     321 ..     292     322 .. 0.85

  Alignments for each domain:
  == domain 1  score: 18.6 bits;  conditional E-value: 2.9e-05
                                                                                   Round3_FinalIHelix   3 eaeglalllfiagletisnsllsslLfyl 31 
                                                                                                           +++++l++ ia+++t s sl+ ++L+ l
  sid|6345|pid|4322|hfid|316|sfid|19|gb|AGS14755.1|gi|527478361|taxonID|559345|Xenotilapiamelanogenys 294 DVTQCVLEMVIAAPDTLSLSLF-FMLLLL 321
                                                                                                          469******************5.777665 PP

>> sid|6312|pid|4301|hfid|316|sfid|19|gb|AGS14764.1|gi|527478379|taxonID|27755|Ophthalmotilapiaventralis  
   #    score  bias  c-Evalue  i-Evalue hmmfrom  hmm to    alifrom  ali to    envfrom  env to     acc
 ---   ------ ----- --------- --------- ------- -------    ------- -------    ------- -------    ----
   1 !   18.6   0.3   2.9e-05    0.0042       3      31 ..     294     321 ..     292     322 .. 0.85

  Alignments for each domain:
  == domain 1  score: 18.6 bits;  conditional E-value: 2.9e-05
                                                                                     Round3_FinalIHelix   3 eaeglalllfiagletisnsllsslLfyl 31 
                                                                                                             +++++l++ ia+++t s sl+ ++L+ l
  sid|6312|pid|4301|hfid|316|sfid|19|gb|AGS14764.1|gi|527478379|taxonID|27755|Ophthalmotilapiaventralis 294 DVTQCVLEMVIAAPDTLSLSLF-FMLLLL 321
                                                                                                            469******************5.777665 PP



Internal pipeline statistics summary:
-------------------------------------
Query model(s):                            1  (33 nodes)
Target sequences:                      52674  (25476970 residues searched)
Passed MSV filter:                     27017  (0.51291); expected 1053.5 (0.02)
Passed bias filter:                    26476  (0.502639); expected 1053.5 (0.02)
Passed Vit filter:                     16278  (0.309033); expected 52.7 (0.001)
Passed Fwd filter:                      4389  (0.0833238); expected 0.5 (1e-05)
Initial search space (Z):              52674  [actual number of targets]
Domain search space  (domZ):             373  [number of targets reported over threshold]
# CPU time: 1.84u 0.01s 00:00:01.85 Elapsed: 00:00:00.89
# Mc/sec: 937.81
//
# Alignment of 377 hits satisfying inclusion thresholds saved to: ../output/hmm_search_3/biocatnet/3//ihelixhits_e_0p001_z__T_.aln
[ok]
