,consensus,kingdom,count,total_count,percentage,I_helix_consensus
0,AGHETT,Metazoa,1033,40196,2.569907453477958,yes
1,AGHETT,Thermoproteati,22,40196,0.05473181411085681,yes
2,AGHETT,Thermotogati,97,40196,0.24131754403423225,yes
3,AGHETT,Fungi,8201,40196,20.40252761468803,yes
4,AGHETT,Viridiplantae,2576,40196,6.408597870434869,yes
5,AGHETT,Bacillati,19998,40196,49.75121902676884,yes
6,AGHETT,Pseudomonadati,7150,40196,17.78783958602846,yes
7,AGHETT,Methanobacteriati,380,40196,0.9453676982784357,yes
8,AGHETT,Bamfordvirae,2,40196,0.004975619464623346,yes
9,AGTETT,Pseudomonadati,91,11364,0.8007743752199931,yes
10,AGTETT,Metazoa,8715,11364,76.68954593453009,yes
11,AGTETT,Fungi,1312,11364,11.545230552622316,yes
12,AGTETT,Viridiplantae,888,11364,7.81414994720169,yes
13,AGTETT,Bacillati,322,11364,2.8335093277015133,yes
14,AGSDTT,Fungi,9106,10317,88.2620916933217,yes
15,AGSDTT,Bacillati,38,10317,0.3683241252302026,yes
16,AGSDTT,Metazoa,297,10317,2.8787438208781624,yes
17,AGSDTT,Pseudomonadati,65,10317,0.6300281089463992,yes
18,AGSDTT,Viridiplantae,734,10317,7.114471261025492,yes
19,AGTDTT,Viridiplantae,4685,10176,46.03970125786164,yes
20,AGTDTT,Pseudomonadati,34,10176,0.3341194968553459,yes
21,AGTDTT,Fungi,1200,10176,11.79245283018868,yes
22,AGTDTT,Metazoa,3459,10176,33.99174528301887,yes
23,AGTDTT,Bacillati,669,10176,6.574292452830188,yes
24,AGRDTT,Bacillati,4,10110,0.03956478733926805,yes
25,AGRDTT,Bamfordvirae,2,10110,0.019782393669634024,yes
26,AGRDTT,Fungi,6098,10110,60.316518298714136,yes
27,AGRDTT,Viridiplantae,3486,10110,34.480712166172104,yes
28,AGRDTT,Metazoa,10,10110,0.09891196834817012,yes
29,AGSETT,Fungi,5244,8473,61.890711672371054,yes
30,AGSETT,Viridiplantae,723,8473,8.532987135607224,yes
31,AGSETT,Metazoa,1825,8473,21.53900625516346,yes
32,AGSETT,Bacillati,458,8473,5.405405405405405,yes
33,AGSETT,Pseudomonadati,165,8473,1.9473622093709428,yes
34,EGHDTT,Fungi,2,8457,0.023649048125812935,no
35,EGHDTT,Viridiplantae,2,8457,0.023649048125812935,no
36,EGHDTT,Metazoa,8447,8457,99.88175475937093,no
37,EGHDTT,Bacillati,1,8457,0.011824524062906468,no
38,AGHDTT,Viridiplantae,639,7607,8.400157749441304,yes
39,AGHDTT,Pseudomonadati,579,7607,7.611410542920993,yes
40,AGHDTT,Bacillati,1120,7607,14.723281188379126,yes
41,AGHDTT,Methanobacteriati,322,7607,4.2329433416589985,yes
42,AGHDTT,Thermotogati,13,7607,0.17089522807940055,yes
43,AGHDTT,Bamfordvirae,1,7607,0.013145786775338505,yes
44,AGHDTT,Fungi,3054,7607,40.147232811883796,yes
45,AGHDTT,Metazoa,1605,7607,21.098987774418298,yes
46,AGYETT,Viridiplantae,1165,6894,16.898752538439222,yes
47,AGYETT,Methanobacteriati,14,6894,0.20307513780098638,yes
48,AGYETT,Fungi,511,6894,7.412242529736002,yes
49,AGYETT,Pseudomonadati,163,6894,2.3643748186829128,yes
50,AGYETT,Thermotogati,1,6894,0.01450536698578474,yes
51,AGYETT,Bacillati,1136,6894,16.478096895851465,yes
52,AGYETT,Metazoa,3873,6894,56.1792863359443,yes
53,AGNETT,Thermoproteati,27,6813,0.3963011889035667,yes
54,AGNETT,Fungi,66,6813,0.9687362395420519,yes
55,AGNETT,Metazoa,34,6813,0.4990459415822692,yes
56,AGNETT,Methanobacteriati,20,6813,0.29355643622486427,yes
57,AGNETT,Bacillati,5383,6813,79.0107148099222,yes
58,AGNETT,Pseudomonadati,836,6813,12.270659034199324,yes
59,AGNETT,Viridiplantae,222,6813,3.258476442095993,yes
60,AGNETT,Thermotogati,6,6813,0.08806693086745927,yes
61,AGTDTS,Metazoa,377,5676,6.64200140944327,no
62,AGTDTS,Viridiplantae,5138,5676,90.5214940098661,no
63,AGTDTS,Bacillati,9,5676,0.15856236786469344,no
64,AGTDTS,Pseudomonadati,7,5676,0.12332628611698379,no
65,AGTDTS,Fungi,120,5676,2.1141649048625792,no
66,AGFETT,Pseudomonadati,173,4901,3.529891858804326,yes
67,AGFETT,Metazoa,1115,4901,22.750459089981636,yes
68,AGFETT,Viridiplantae,176,4901,3.5911038563558457,yes
69,AGFETT,Bacillati,3108,4901,63.41562946337482,yes
70,AGFETT,Fungi,261,4901,5.325443786982249,yes
71,AGQETT,Bacillati,279,4776,5.841708542713568,yes
72,AGQETT,Fungi,159,4776,3.329145728643216,yes
73,AGQETT,Metazoa,1346,4776,28.182579564489114,yes
74,AGQETT,Methanobacteriati,3,4776,0.06281407035175879,yes
75,AGQETT,Pseudomonadati,75,4776,1.5703517587939697,yes
76,AGQETT,Viridiplantae,2912,4776,60.971524288107204,yes
77,AGHETS,Fungi,999,4701,21.250797702616463,no
78,AGHETS,Metazoa,450,4701,9.572431397574984,no
79,AGHETS,Bacillati,490,4701,10.423314188470538,no
80,AGHETS,Pseudomonadati,1336,4701,28.41948521591151,no
81,AGHETS,Viridiplantae,1272,4701,27.058072750478622,no
82,AGHETS,Methanobacteriati,48,4701,1.0210593490746651,no
83,AGFETS,Viridiplantae,34,3612,0.9413067552602437,no
84,AGFETS,Metazoa,3399,3612,94.10299003322258,no
85,AGFETS,Bacillati,50,3612,1.3842746400885935,no
86,AGFETS,Fungi,99,3612,2.740863787375415,no
87,AGFETS,Pseudomonadati,19,3612,0.5260243632336655,no
88,AGVDTT,Bacillati,211,3273,6.446684998472349,yes
89,AGVDTT,Fungi,178,3273,5.438435685915063,yes
90,AGVDTT,Metazoa,2577,3273,78.73510540788267,yes
91,AGVDTT,Pseudomonadati,125,3273,3.819126183929117,yes
92,AGVDTT,Viridiplantae,136,3273,4.155209288114879,yes
93,AGIDTT,Fungi,941,2514,37.43038981702466,yes
94,AGIDTT,Pseudomonadati,263,2514,10.461416070007955,yes
95,AGIDTT,Viridiplantae,249,2514,9.904534606205251,yes
96,AGIDTT,Metazoa,433,2514,17.22354813046937,yes
97,AGIDTT,Bacillati,554,2514,22.03659506762132,yes
98,GGTDTT,Viridiplantae,1928,2513,76.72105053720652,yes
99,GGTDTT,Bacillati,86,2513,3.4222045364106646,yes
100,GGTDTT,Pseudomonadati,27,2513,1.0744130521289297,yes
101,GGTDTT,Metazoa,138,2513,5.491444488658973,yes
102,GGTDTT,Fungi,302,2513,12.0175089534421,yes
103,GGHETT,Fungi,168,2249,7.469986660738106,yes
104,GGHETT,Metazoa,757,2249,33.659404179635395,yes
105,GGHETT,Bacillati,754,2249,33.52601156069364,yes
106,GGHETT,Bamfordvirae,1,2249,0.044464206313917294,yes
107,GGHETT,Viridiplantae,401,2249,17.830146731880838,yes
108,GGHETT,Thermotogati,1,2249,0.044464206313917294,yes
109,GGHETT,Pseudomonadati,154,2249,6.847487772343264,yes
110,GGHETT,Methanobacteriati,1,2249,0.044464206313917294,yes
111,AGVETT,Bacillati,328,2177,15.06660542030317,yes
112,AGVETT,Viridiplantae,37,2177,1.6995865870463942,yes
113,AGVETT,Pseudomonadati,7,2177,0.3215434083601286,yes
114,AGVETT,Metazoa,1777,2177,81.6260909508498,yes
115,AGVETT,Fungi,25,2177,1.148369315571888,yes
116,AGYETS,Viridiplantae,88,2143,4.106392907139524,no
117,AGYETS,Bacillati,45,2143,2.099860009332711,no
118,AGYETS,Metazoa,1892,2143,88.28744750349978,no
119,AGYETS,Fungi,68,2143,3.173121791880541,no
120,AGYETS,Pseudomonadati,45,2143,2.099860009332711,no
121,AGYETS,Thermotogati,1,2143,0.04666355576294914,no
122,AGRDTS,Fungi,65,1999,3.251625812906453,no
123,AGRDTS,Metazoa,4,1999,0.2001000500250125,no
124,AGRDTS,Viridiplantae,1891,1999,94.59729864932466,no
125,AGSDTS,Bacillati,3,1901,0.15781167806417673,no
126,AGSDTS,Fungi,798,1901,41.977906365071014,no
127,AGSDTS,Viridiplantae,977,1901,51.39400315623356,no
128,AGSDTS,Metazoa,97,1901,5.102577590741715,no
129,AGSDTS,Methanobacteriati,3,1901,0.15781167806417673,no
130,AGSDTS,Pseudomonadati,3,1901,0.15781167806417673,no
131,AGSETS,Metazoa,145,1787,8.114157806379406,no
132,AGSETS,Fungi,334,1787,18.690542809177394,no
133,AGSETS,Heunggongvirae,2,1787,0.11191941801902631,no
134,AGSETS,Viridiplantae,1224,1787,68.4946838276441,no
135,AGSETS,Pseudomonadati,11,1787,0.6155567991046447,no
136,AGSETS,Bacillati,49,1787,2.7420257414661444,no
137,GGVDTT,Metazoa,1462,1782,82.04264870931539,yes
138,GGVDTT,Fungi,63,1782,3.535353535353535,yes
139,GGVDTT,Pseudomonadati,22,1782,1.2345679012345678,yes
140,GGVDTT,Viridiplantae,34,1782,1.9079685746352413,yes
141,GGVDTT,Bacillati,196,1782,10.998877665544333,yes
142,GGTETT,Fungi,84,1772,4.740406320541761,yes
143,GGTETT,Metazoa,1266,1772,71.44469525959369,yes
144,GGTETT,Viridiplantae,368,1772,20.767494356659142,yes
145,GGTETT,Bacillati,40,1772,2.2573363431151243,yes
146,GGTETT,Pseudomonadati,12,1772,0.6772009029345373,yes
147,AGQHTS,Pseudomonadati,23,1747,1.316542644533486,no
148,AGQHTS,Viridiplantae,46,1747,2.633085289066972,no
149,AGQHTS,Metazoa,969,1747,55.46651402404122,no
150,AGQHTS,Bacillati,6,1747,0.34344590726960506,no
151,AGQHTS,Fungi,629,1747,36.00457927876359,no
152,AGMETT,Metazoa,913,1736,52.592165898617516,yes
153,AGMETT,Fungi,30,1736,1.7281105990783412,yes
154,AGMETT,Bacillati,126,1736,7.258064516129033,yes
155,AGMETT,Pseudomonadati,12,1736,0.6912442396313364,yes
156,AGMETT,Viridiplantae,649,1736,37.38479262672811,yes
157,AGTETS,Bacillati,37,1667,2.2195560887822436,no
158,AGTETS,Fungi,60,1667,3.5992801439712054,no
159,AGTETS,Pseudomonadati,4,1667,0.23995200959808036,no
160,AGTETS,Metazoa,481,1667,28.854229154169165,no
161,AGTETS,Viridiplantae,1073,1667,64.36712657468506,no
162,AGQHSS,Fungi,1639,1642,99.81729598051157,no
163,AGQHSS,Metazoa,1,1642,0.06090133982947624,no
164,AGQHSS,Viridiplantae,2,1642,0.12180267965895249,no
165,AGFDTV,Pseudomonadati,8,1427,0.5606166783461808,no
166,AGFDTV,Bacillati,10,1427,0.7007708479327259,no
167,AGFDTV,Metazoa,1407,1427,98.59845830413455,no
168,AGNDTT,Metazoa,224,1409,15.89779985805536,yes
169,AGNDTT,Bacillati,597,1409,42.37047551454933,yes
170,AGNDTT,Fungi,248,1409,17.601135557132718,yes
171,AGNDTT,Pseudomonadati,253,1409,17.955997161107167,yes
172,AGNDTT,Viridiplantae,51,1409,3.61958836053939,yes
173,AGLDTV,Pseudomonadati,448,1330,33.68421052631579,no
174,AGLDTV,Metazoa,65,1330,4.887218045112782,no
175,AGLDTV,Bacillati,786,1330,59.09774436090226,no
176,AGLDTV,Fungi,11,1330,0.8270676691729323,no
177,AGADTT,Viridiplantae,167,1329,12.56583897667419,yes
178,AGADTT,Pseudomonadati,13,1329,0.9781790820165538,yes
179,AGADTT,Fungi,1031,1329,77.57712565838976,yes
180,AGADTT,Bacillati,40,1329,3.0097817908201656,yes
181,AGADTT,Metazoa,73,1329,5.492851768246802,yes
182,AGKDTT,Metazoa,6,1289,0.46547711404189296,yes
183,AGKDTT,Fungi,79,1289,6.12878200155159,yes
184,AGKDTT,Viridiplantae,1075,1289,83.39798293250583,yes
185,AGFDTT,Thermotogati,1,1258,0.0794912559618442,yes
186,AGFDTT,Viridiplantae,19,1258,1.5103338632750398,yes
187,AGFDTT,Bacillati,261,1258,20.747217806041334,yes
188,AGFDTT,Pseudomonadati,20,1258,1.5898251192368837,yes
189,AGFDTT,Metazoa,668,1258,53.10015898251193,yes
190,AGFDTT,Fungi,250,1258,19.87281399046105,yes
191,AGHDTS,Bacillati,158,1253,12.609736632083003,no
192,AGHDTS,Metazoa,84,1253,6.70391061452514,no
193,AGHDTS,Methanobacteriati,1,1253,0.07980845969672785,no
194,AGHDTS,Viridiplantae,646,1253,51.556264964086196,no
195,AGHDTS,Pseudomonadati,19,1253,1.5163607342378291,no
196,AGHDTS,Fungi,314,1253,25.059856344772548,no
197,AAHDTT,Fungi,46,1215,3.7860082304526745,no
198,AAHDTT,Metazoa,5,1215,0.411522633744856,no
199,AAHDTT,Thermotogati,25,1215,2.05761316872428,no
200,AAHDTT,Pseudomonadati,248,1215,20.411522633744855,no
201,AAHDTT,Bacillati,329,1215,27.07818930041152,no
202,AAHDTT,Viridiplantae,554,1215,45.59670781893004,no
203,AGTETV,Metazoa,1009,1197,84.29406850459482,no
204,AGTETV,Viridiplantae,45,1197,3.7593984962406015,no
205,AGTETV,Bacillati,102,1197,8.521303258145362,no
206,AGTETV,Fungi,39,1197,3.258145363408521,no
207,GGTDTS,Fungi,13,1191,1.09151973131822,no
208,GGTDTS,Metazoa,5,1191,0.41981528127623846,no
209,GGTDTS,Viridiplantae,1164,1191,97.73299748110831,no
210,GGTDTS,Bacillati,5,1191,0.41981528127623846,no
211,AGYDTT,Bamfordvirae,1,1170,0.08547008547008547,yes
212,AGYDTT,Bacillati,156,1170,13.333333333333334,yes
213,AGYDTT,Thermotogati,10,1170,0.8547008547008548,yes
214,AGYDTT,Pseudomonadati,27,1170,2.307692307692308,yes
215,AGYDTT,Viridiplantae,123,1170,10.512820512820513,yes
216,AGYDTT,Metazoa,578,1170,49.401709401709404,yes
217,AGYDTT,Fungi,228,1170,19.48717948717949,yes
218,AARDTT,Bacillati,1,1152,0.08680555555555555,no
219,AARDTT,Fungi,420,1152,36.45833333333333,no
220,AARDTT,Viridiplantae,715,1152,62.06597222222222,no
221,AGMDTT,Bacillati,39,1134,3.439153439153439,yes
222,AGMDTT,Viridiplantae,635,1134,55.99647266313933,yes
223,AGMDTT,Fungi,277,1134,24.42680776014109,yes
224,AGMDTT,Metazoa,137,1134,12.081128747795415,yes
225,AGMDTT,Pseudomonadati,11,1134,0.9700176366843033,yes
226,GGYETT,Metazoa,602,1071,56.209150326797385,yes
227,GGYETT,Pseudomonadati,28,1071,2.6143790849673203,yes
228,GGYETT,Viridiplantae,333,1071,31.092436974789916,yes
229,AGRDTV,Fungi,141,1071,13.165266106442578,no
230,AGRDTV,Viridiplantae,924,1071,86.27450980392157,no
231,AGRDTV,Pseudomonadati,1,1071,0.09337068160597572,no
232,AGRDTV,Metazoa,5,1071,0.4668534080298786,no
233,GGYETT,Fungi,34,1071,3.1746031746031744,yes
234,GGYETT,Bacillati,73,1071,6.816059757236228,yes
235,GGNDTT,Fungi,6,1056,0.5681818181818182,yes
236,GGNDTT,Pseudomonadati,767,1056,72.63257575757575,yes
237,GGNDTT,Bacillati,99,1056,9.375,yes
238,GGNDTT,Viridiplantae,69,1056,6.534090909090909,yes
239,GGNDTT,Metazoa,5,1056,0.4734848484848485,yes
240,AAHDTS,Bacillati,991,1054,94.02277039848197,no
241,AAHDTS,Metazoa,2,1054,0.18975332068311196,no
242,AAHDTS,Pseudomonadati,44,1054,4.174573055028463,no
243,AAHDTS,Viridiplantae,8,1054,0.7590132827324478,no
244,AAHDTS,Fungi,3,1054,0.2846299810246679,no
245,AGHEAT,Metazoa,1,1051,0.09514747859181732,no
246,AGHEAT,Methanobacteriati,2,1051,0.19029495718363465,no
247,AGHEAT,Fungi,9,1051,0.8563273073263558,no
248,AGHEAT,Bacillati,612,1051,58.2302568981922,no
249,AGHEAT,Pseudomonadati,380,1051,36.15604186489058,no
250,AGHEAT,Viridiplantae,27,1051,2.5689819219790673,no
251,AGHEAT,Thermotogati,11,1051,1.0466222645099905,no
252,AGLDTT,Fungi,56,1035,5.4106280193236715,yes
253,AGLDTT,Bacillati,471,1035,45.507246376811594,yes
254,AGLDTT,Metazoa,135,1035,13.043478260869565,yes
255,AGLDTT,Pseudomonadati,214,1035,20.67632850241546,yes
256,AGLDTT,Viridiplantae,81,1035,7.82608695652174,yes
257,GGSDTT,Metazoa,39,1023,3.812316715542522,yes
258,GGSDTT,Viridiplantae,524,1023,51.2218963831867,yes
259,GGSDTT,Bacillati,7,1023,0.6842619745845552,yes
260,GGSDTT,Fungi,440,1023,43.01075268817204,yes
261,GGSDTT,Pseudomonadati,12,1023,1.1730205278592376,yes
262,AGQDTT,Viridiplantae,372,1011,36.795252225519285,yes
263,AGQDTT,Bacillati,57,1011,5.637982195845697,yes
264,AGQDTT,Pseudomonadati,26,1011,2.571711177052423,yes
265,AGQDTT,Metazoa,293,1011,28.98120672601385,yes
266,AGQDTT,Fungi,231,1011,22.8486646884273,yes
267,AATDTT,Pseudomonadati,1,990,0.10101010101010101,no
268,AATDTT,Viridiplantae,550,990,55.55555555555556,no
269,AATDTT,Bacillati,12,990,1.2121212121212122,no
270,AATDTT,Fungi,376,990,37.97979797979798,no
271,AATDTT,Metazoa,48,990,4.848484848484849,no
272,GGSETT,Metazoa,496,986,50.30425963488844,yes
273,GGSETT,Pseudomonadati,27,986,2.738336713995943,yes
274,GGSETT,Fungi,342,986,34.68559837728195,yes
275,GGSETT,Bacillati,17,986,1.7241379310344827,yes
276,GGSETT,Viridiplantae,100,986,10.141987829614605,yes
277,GGHDTT,Fungi,169,973,17.36896197327852,yes
278,GGHDTT,Metazoa,634,973,65.15930113052416,yes
279,GGHDTT,Bacillati,35,973,3.597122302158273,yes
280,GGHDTT,Viridiplantae,67,973,6.885919835560124,yes
281,GGHDTT,Pseudomonadati,66,973,6.783144912641316,yes
282,GGTETV,Bacillati,93,967,9.617373319544985,no
283,GGTETV,Metazoa,70,967,7.238883143743537,no
284,GGTETV,Viridiplantae,797,967,82.41985522233712,no
285,GGTETV,Fungi,7,967,0.7238883143743536,no
286,AGAETT,Viridiplantae,79,948,8.333333333333332,yes
287,AGAETT,Bacillati,336,948,35.44303797468354,yes
288,AGAETT,Pseudomonadati,98,948,10.337552742616033,yes
289,AGAETT,Metazoa,185,948,19.514767932489452,yes
290,AGAETT,Fungi,246,948,25.949367088607595,yes
291,AAQDTT,Metazoa,9,884,1.0180995475113122,no
292,AAQDTT,Pseudomonadati,8,884,0.904977375565611,no
293,AAQDTT,Bacillati,3,884,0.3393665158371041,no
294,AAQDTT,Fungi,15,884,1.6968325791855203,no
295,AAQDTT,Viridiplantae,846,884,95.70135746606336,no
296,AAIETT,Bacillati,14,795,1.7610062893081762,no
297,AAIETT,Viridiplantae,766,795,96.35220125786164,no
298,AAIETT,Metazoa,15,795,1.8867924528301887,no
299,AGGETT,Pseudomonadati,15,792,1.893939393939394,yes
300,AGGETT,Fungi,154,792,19.444444444444446,yes
301,AGGETT,Viridiplantae,48,792,6.0606060606060606,yes
302,AGGETT,Metazoa,35,792,4.41919191919192,yes
303,AGGETT,Bacillati,533,792,67.2979797979798,yes
304,GGSETS,Metazoa,523,768,68.09895833333334,no
305,GGSETS,Viridiplantae,201,768,26.171875,no
306,GGSETS,Pseudomonadati,6,768,0.78125,no
307,GGSETS,Bacillati,4,768,0.5208333333333333,no
308,GGSETS,Fungi,33,768,4.296875,no
309,ASQDAT,Fungi,728,732,99.4535519125683,no
310,ASQDAT,Viridiplantae,1,732,0.1366120218579235,no
311,AGLETT,Thermotogati,10,726,1.3774104683195594,yes
312,AGLETT,Pseudomonadati,54,726,7.43801652892562,yes
313,AGLETT,Bacillati,462,726,63.63636363636363,yes
314,AGLETT,Viridiplantae,25,726,3.443526170798898,yes
315,AGLETT,Metazoa,120,726,16.528925619834713,yes
316,AGLETT,Fungi,53,726,7.300275482093664,yes
317,AGFDTI,Metazoa,692,697,99.28263988522238,no
318,AGFDTI,Viridiplantae,1,697,0.1434720229555237,no
319,AGFDTI,Bacillati,2,697,0.2869440459110474,no
320,AGFDTI,Fungi,2,697,0.2869440459110474,no
321,SGYETV,Metazoa,5,636,0.7861635220125787,no
322,SGYETV,Viridiplantae,631,636,99.21383647798741,no
323,GGLDTV,Pseudomonadati,371,626,59.26517571884984,no
324,GGLDTV,Bacillati,25,626,3.993610223642172,no
325,GGLDTV,Fungi,227,626,36.26198083067093,no
326,AGHHTS,Bacillati,487,625,77.92,no
327,AGHHTS,Viridiplantae,27,625,4.32,no
328,AGHHTS,Pseudomonadati,108,625,17.28,no
329,AGHHTS,Metazoa,1,625,0.16,no
330,AAYATT,Metazoa,610,610,100.0,no
331,GGFDTT,Metazoa,145,609,23.809523809523807,yes
332,GGFDTT,Fungi,32,609,5.254515599343185,yes
333,GGFDTT,Bacillati,400,609,65.68144499178982,yes
334,GGFDTT,Viridiplantae,12,609,1.9704433497536946,yes
335,GGFDTT,Pseudomonadati,12,609,1.9704433497536946,yes
336,AAHETT,Bacillati,90,600,15.0,no
337,AAHETT,Methanobacteriati,1,600,0.16666666666666669,no
338,AAHETT,Viridiplantae,31,600,5.166666666666667,no
339,AAHETT,Pseudomonadati,455,600,75.83333333333333,no
340,AAHETT,Metazoa,5,600,0.8333333333333334,no
341,AAHETT,Fungi,17,600,2.833333333333333,no
342,AGFDTS,Fungi,154,590,26.101694915254235,no
343,AGFDTS,Metazoa,392,590,66.44067796610169,no
344,AGFDTS,Viridiplantae,31,590,5.2542372881355925,no
345,AGFDTS,Bacillati,5,590,0.847457627118644,no
346,AGFDTS,Pseudomonadati,8,590,1.3559322033898304,no
347,AGIETT,Metazoa,171,576,29.6875,yes
348,AGIETT,Bacillati,241,576,41.84027777777778,yes
349,AGIETT,Fungi,109,576,18.92361111111111,yes
350,AGIETT,Viridiplantae,29,576,5.034722222222222,yes
351,AGIETT,Pseudomonadati,23,576,3.9930555555555554,yes
352,AGEDTT,Pseudomonadati,482,564,85.46099290780141,yes
353,AGEDTT,Metazoa,2,564,0.3546099290780142,yes
354,AGEDTT,Viridiplantae,17,564,3.0141843971631204,yes
355,AGEDTT,Bacillati,24,564,4.25531914893617,yes
356,AGEDTT,Fungi,33,564,5.851063829787234,yes
357,AGKQTT,Viridiplantae,541,542,99.81549815498155,no
358,AGKQTT,Metazoa,1,542,0.18450184501845018,no
359,AGHEST,Fungi,135,541,24.953789279112755,no
360,AGHEST,Viridiplantae,258,541,47.689463955637706,no
361,AGHEST,Bacillati,100,541,18.484288354898336,no
362,AGHEST,Metazoa,13,541,2.4029574861367835,no
363,AGHEST,Methanobacteriati,2,541,0.36968576709796674,no
364,AGHEST,Pseudomonadati,27,541,4.990757855822551,no
365,GGQHTS,Viridiplantae,1,524,0.19083969465648853,no
366,GGQHTS,Metazoa,1,524,0.19083969465648853,no
367,GGQHTS,Fungi,521,524,99.42748091603053,no
368,AGHETV,Methanobacteriati,1,502,0.199203187250996,no
369,AGHETV,Pseudomonadati,46,502,9.163346613545817,no
370,AGHETV,Thermoproteati,2,502,0.398406374501992,no
371,AGHETV,Metazoa,60,502,11.952191235059761,no
372,AGHETV,Viridiplantae,35,502,6.97211155378486,no
373,AGHETV,Thermotogati,21,502,4.183266932270916,no
374,AGHETV,Bacillati,216,502,43.02788844621514,no
375,AGHETV,Fungi,84,502,16.733067729083665,no
376,AAMDTT,Bacillati,2,498,0.4016064257028112,no
377,AAMDTT,Viridiplantae,23,498,4.618473895582329,no
378,AAMDTT,Fungi,472,498,94.77911646586345,no
379,AAMDTT,Metazoa,1,498,0.2008032128514056,no
380,AGFETV,Viridiplantae,1,497,0.2012072434607646,no
381,AGFETV,Metazoa,478,497,96.17706237424547,no
382,AGFETV,Pseudomonadati,3,497,0.6036217303822937,no
383,AGFETV,Fungi,4,497,0.8048289738430584,no
384,AGFETV,Bacillati,7,497,1.4084507042253522,no
385,AGTDST,Metazoa,35,489,7.157464212678937,no
386,AGTDST,Fungi,175,489,35.787321063394685,no
387,AGTDST,Viridiplantae,268,489,54.805725971370144,no
388,AGTDST,Bacillati,9,489,1.8404907975460123,no
389,AGTETI,Bacillati,2,477,0.41928721174004197,no
390,AGTETI,Fungi,18,477,3.7735849056603774,no
391,AGTETI,Metazoa,440,477,92.24318658280922,no
392,AGTETI,Viridiplantae,17,477,3.563941299790356,no
393,AGMVTT,Metazoa,469,473,99.15433403805497,no
394,AGMVTT,Viridiplantae,1,473,0.21141649048625794,no
395,AGMVTT,Thermotogati,3,473,0.6342494714587738,no
396,GGDETT,Bacillati,437,472,92.58474576271186,yes
397,GGDETT,Pseudomonadati,33,472,6.991525423728813,yes
398,AGYEPT,Bacillati,1,471,0.21231422505307856,no
399,AGYEPT,Fungi,13,471,2.7600849256900215,no
400,AGYEPT,Metazoa,454,471,96.39065817409767,no
401,AGYEPT,Viridiplantae,3,471,0.6369426751592357,no
402,AGIDTS,Fungi,25,452,5.530973451327434,no
403,AGIDTS,Metazoa,43,452,9.513274336283185,no
404,AGIDTS,Viridiplantae,378,452,83.6283185840708,no
405,AGIDTS,Bacillati,5,452,1.1061946902654867,no
406,ASFETT,Metazoa,57,440,12.954545454545455,no
407,ASFETT,Bacillati,3,440,0.6818181818181818,no
408,ASFETT,Pseudomonadati,19,440,4.318181818181818,no
409,ASFETT,Fungi,2,440,0.45454545454545453,no
410,ASFETT,Viridiplantae,359,440,81.5909090909091,no
411,ASQDAS,Viridiplantae,13,438,2.968036529680365,no
412,ASQDAS,Fungi,420,438,95.8904109589041,no
413,ASQDAS,Metazoa,2,438,0.45662100456621,no
414,GGFETS,Bacillati,3,436,0.6880733944954129,no
415,GGFETS,Viridiplantae,49,436,11.238532110091743,no
416,GGFETS,Pseudomonadati,1,436,0.22935779816513763,no
417,GGFETS,Metazoa,383,436,87.8440366972477,no
418,GGTETS,Viridiplantae,361,428,84.34579439252336,no
419,GGTETS,Metazoa,56,428,13.084112149532709,no
420,GGTETS,Fungi,11,428,2.570093457943925,no
421,TGTETT,Metazoa,408,415,98.3132530120482,no
422,TGTETT,Viridiplantae,4,415,0.9638554216867471,no
423,TGTETT,Fungi,3,415,0.7228915662650602,no
424,ASVGNT,Metazoa,404,404,100.0,no
425,AGHHTT,Pseudomonadati,71,403,17.617866004962778,no
426,AGHHTT,Fungi,28,403,6.9478908188585615,no
427,AGHHTT,Metazoa,20,403,4.962779156327544,no
428,AGHHTT,Viridiplantae,9,403,2.2332506203473943,no
429,AGHHTT,Bacillati,266,403,66.00496277915633,no
430,AGKETT,Fungi,2,401,0.4987531172069825,yes
431,AGKETT,Metazoa,1,401,0.24937655860349126,yes
432,AGKETT,Viridiplantae,364,401,90.77306733167082,yes
433,AGKETT,Bacillati,3,401,0.7481296758104738,yes
434,GGNETT,Viridiplantae,7,399,1.7543859649122806,yes
435,GGNETT,Fungi,2,399,0.5012531328320802,yes
436,GGNETT,Metazoa,10,399,2.506265664160401,yes
437,GGNETT,Methanobacteriati,10,399,2.506265664160401,yes
438,GGNETT,Bacillati,252,399,63.1578947368421,yes
439,GGNETT,Pseudomonadati,98,399,24.561403508771928,yes
440,AATDTS,Metazoa,24,396,6.0606060606060606,no
441,AATDTS,Viridiplantae,356,396,89.8989898989899,no
442,AATDTS,Bacillati,5,396,1.2626262626262625,no
443,AATDTS,Fungi,10,396,2.525252525252525,no
444,AGHITT,Fungi,4,393,1.0178117048346056,no
445,AGHITT,Bacillati,363,393,92.36641221374046,no
446,AGHITT,Metazoa,1,393,0.2544529262086514,no
447,AGHITT,Pseudomonadati,23,393,5.852417302798982,no
448,GGFETT,Bacillati,141,383,36.81462140992167,yes
449,GGFETT,Viridiplantae,15,383,3.91644908616188,yes
450,AGSDTV,Viridiplantae,17,383,4.43864229765013,no
451,GGFETT,Pseudomonadati,38,383,9.921671018276761,yes
452,AGSDTV,Fungi,290,383,75.71801566579634,no
453,AGSDTV,Bacillati,6,383,1.5665796344647518,no
454,AGSDTV,Pseudomonadati,2,383,0.5221932114882507,no
455,AGSDTV,Metazoa,55,383,14.360313315926893,no
456,GGFETT,Fungi,7,383,1.8276762402088773,yes
457,GGFETT,Metazoa,179,383,46.73629242819843,yes
458,AGYEST,Bacillati,60,382,15.706806282722512,no
459,AGYEST,Fungi,20,382,5.2356020942408374,no
460,AGYEST,Metazoa,63,382,16.49214659685864,no
461,AGYEST,Pseudomonadati,3,382,0.7853403141361256,no
462,AGYEST,Viridiplantae,236,382,61.78010471204188,no
463,AGSDST,Metazoa,12,379,3.16622691292876,no
464,AGSDST,Fungi,334,379,88.12664907651715,no
465,AGSDST,Bacillati,2,379,0.5277044854881267,no
466,AGSDST,Viridiplantae,26,379,6.860158311345646,no
467,AGHDST,Methanobacteriati,2,378,0.5291005291005291,no
468,AGHDST,Pseudomonadati,11,378,2.91005291005291,no
469,AGHDST,Bacillati,99,378,26.190476190476193,no
470,AGHDST,Fungi,168,378,44.44444444444444,no
471,AGHDST,Viridiplantae,28,378,7.4074074074074066,no
472,AGHDST,Metazoa,50,378,13.227513227513226,no
473,AGRDTI,Fungi,22,370,5.9459459459459465,no
474,AGRDTI,Viridiplantae,348,370,94.05405405405406,no
475,GGSDTS,Metazoa,8,360,2.2222222222222223,no
476,GGSDTS,Fungi,18,360,5.0,no
477,GGSDTS,Pseudomonadati,1,360,0.2777777777777778,no
478,GGSDTS,Viridiplantae,331,360,91.94444444444444,no
479,GGSDTS,Bacillati,2,360,0.5555555555555556,no
480,AGHETA,Viridiplantae,73,357,20.448179271708682,no
481,AGHETA,Metazoa,6,357,1.680672268907563,no
482,AGHETA,Fungi,145,357,40.61624649859944,no
483,AGHETA,Bacillati,68,357,19.047619047619047,no
484,AGHETA,Pseudomonadati,64,357,17.92717086834734,no
485,AGVDTI,Viridiplantae,3,355,0.8450704225352111,no
486,AGVDTI,Fungi,3,355,0.8450704225352111,no
487,AGVDTI,Metazoa,349,355,98.30985915492958,no
488,AGHESS,Methanobacteriati,1,339,0.2949852507374631,no
489,AGHESS,Bacillati,13,339,3.8348082595870205,no
490,AGHESS,Viridiplantae,288,339,84.95575221238938,no
491,AGHESS,Pseudomonadati,2,339,0.5899705014749262,no
492,AGHESS,Fungi,35,339,10.32448377581121,no
493,AGGDTT,Bacillati,19,338,5.621301775147929,yes
494,AGGDTT,Viridiplantae,17,338,5.029585798816568,yes
495,AGGDTT,Metazoa,21,338,6.21301775147929,yes
496,AGGDTT,Fungi,280,338,82.84023668639054,yes
497,AGGDTT,Pseudomonadati,1,338,0.2958579881656805,yes
498,AGTVTT,Fungi,43,333,12.912912912912914,no
499,AGSGTT,Metazoa,6,333,1.8018018018018018,no
500,AGSGTT,Viridiplantae,7,333,2.1021021021021022,no
501,AGSGTT,Bacillati,9,333,2.7027027027027026,no
502,AGTVTT,Viridiplantae,2,333,0.6006006006006006,no
503,AGTVTT,Pseudomonadati,1,333,0.3003003003003003,no
504,AGSGTT,Fungi,307,333,92.1921921921922,no
505,AGSGTT,Pseudomonadati,2,333,0.6006006006006006,no
506,AGTVTT,Bacillati,5,333,1.5015015015015014,no
507,AGTVTT,Metazoa,281,333,84.38438438438438,no
508,AGKDTS,Fungi,3,331,0.906344410876133,no
509,AGKDTS,Viridiplantae,321,331,96.97885196374622,no
510,GGVETT,Fungi,8,328,2.4390243902439024,yes
511,GGVETT,Viridiplantae,1,328,0.3048780487804878,yes
512,GGVETT,Pseudomonadati,23,328,7.01219512195122,yes
513,GGVETT,Metazoa,277,328,84.45121951219512,yes
514,AGRETT,Metazoa,4,328,1.2195121951219512,yes
515,AGRETT,Pseudomonadati,1,328,0.3048780487804878,yes
516,GGVETT,Bacillati,19,328,5.7926829268292686,yes
517,AGRETT,Viridiplantae,258,328,78.65853658536585,yes
518,AGRETT,Fungi,16,328,4.878048780487805,yes
519,AGRETT,Bacillati,2,328,0.6097560975609756,yes
520,AGVDTS,Bacillati,2,326,0.6134969325153374,no
521,AGVDTS,Fungi,32,326,9.815950920245399,no
522,AGVDTS,Viridiplantae,212,326,65.03067484662577,no
523,AGVDTS,Metazoa,76,326,23.31288343558282,no
524,GGIDTT,Metazoa,66,315,20.952380952380953,yes
525,GGIDTT,Viridiplantae,98,315,31.11111111111111,yes
526,GGIDTT,Pseudomonadati,40,315,12.698412698412698,yes
527,GGIDTT,Fungi,50,315,15.873015873015872,yes
528,GGIDTT,Bacillati,59,315,18.73015873015873,yes
529,AGQETV,Pseudomonadati,1,313,0.3194888178913738,no
530,AGQETV,Viridiplantae,290,313,92.65175718849841,no
531,AGQETV,Fungi,5,313,1.5974440894568689,no
532,AGQETV,Bacillati,2,313,0.6389776357827476,no
533,AGQETV,Metazoa,15,313,4.792332268370607,no
534,AGTDTI,Metazoa,24,308,7.792207792207792,no
535,AGTDTI,Viridiplantae,232,308,75.32467532467533,no
536,AGTDTI,Fungi,51,308,16.558441558441558,no
537,AGTDTA,Bacillati,1,300,0.33333333333333337,no
538,AGTDTA,Viridiplantae,270,300,90.0,no
539,GGIETT,Viridiplantae,17,300,5.666666666666666,yes
540,AGTDTA,Pseudomonadati,4,300,1.3333333333333335,no
541,GGIETT,Fungi,12,300,4.0,yes
542,GGIETT,Bacillati,158,300,52.666666666666664,yes
543,GGIETT,Pseudomonadati,24,300,8.0,yes
544,GGIETT,Metazoa,88,300,29.333333333333332,yes
545,AGTDTA,Metazoa,15,300,5.0,no
546,AGTDTA,Fungi,10,300,3.3333333333333335,no
547,AGYDTS,Metazoa,95,295,32.20338983050847,no
548,AGYDTS,Pseudomonadati,40,295,13.559322033898304,no
549,AGYDTS,Fungi,13,295,4.406779661016949,no
550,AGYDTS,Viridiplantae,129,295,43.728813559322035,no
551,AGYDTS,Bacillati,15,295,5.084745762711865,no
552,GGQETT,Fungi,13,292,4.4520547945205475,yes
553,GGQETT,Methanobacteriati,16,292,5.47945205479452,yes
554,GGQETT,Pseudomonadati,104,292,35.61643835616438,yes
555,GGQETT,Viridiplantae,35,292,11.986301369863012,yes
556,GGQETT,Bacillati,44,292,15.068493150684931,yes
557,GGQETT,Metazoa,63,292,21.575342465753426,yes
558,AGHETL,Fungi,25,282,8.865248226950355,no
559,AGHETL,Bacillati,237,282,84.04255319148936,no
560,AGHETL,Thermotogati,1,282,0.3546099290780142,no
561,AGHETL,Viridiplantae,5,282,1.773049645390071,no
562,AGHETL,Metazoa,9,282,3.1914893617021276,no
563,AGHETL,Pseudomonadati,3,282,1.0638297872340425,no
564,ASRDTT,Viridiplantae,23,281,8.185053380782918,no
565,ASRDTT,Fungi,255,281,90.74733096085409,no
566,AGSETV,Bacillati,40,280,14.285714285714285,no
567,AGSETV,Viridiplantae,22,280,7.857142857142857,no
568,AGSETV,Pseudomonadati,1,280,0.35714285714285715,no
569,AGSETV,Fungi,71,280,25.357142857142854,no
570,AGSETV,Metazoa,130,280,46.42857142857143,no
571,AAIHTT,Fungi,275,278,98.92086330935251,no
572,AGRDST,Viridiplantae,120,278,43.16546762589928,no
573,AAIHTT,Viridiplantae,2,278,0.7194244604316548,no
574,AGRDST,Fungi,107,278,38.489208633093526,no
575,AGRDST,Metazoa,2,278,0.7194244604316548,no
576,ASQANT,Metazoa,277,277,100.0,no
577,AGVETI,Metazoa,263,272,96.69117647058823,no
578,AGVETI,Viridiplantae,9,272,3.308823529411765,no
579,AAHDTI,Pseudomonadati,262,268,97.76119402985076,no
580,AAHDTI,Viridiplantae,4,268,1.4925373134328357,no
581,AGVDTV,Metazoa,223,267,83.52059925093633,no
582,AGVDTV,Fungi,5,267,1.8726591760299627,no
583,AGVDTV,Viridiplantae,11,267,4.119850187265917,no
584,AGVDTV,Pseudomonadati,24,267,8.98876404494382,no
585,AGSVTT,Bacillati,1,267,0.37453183520599254,no
586,AGSVTT,Metazoa,3,267,1.1235955056179776,no
587,AGVDTV,Bacillati,4,267,1.4981273408239701,no
588,AGSVTT,Fungi,263,267,98.50187265917603,no
589,AASDTT,Fungi,99,266,37.21804511278196,no
590,AASDTT,Metazoa,15,266,5.639097744360902,no
591,AASDTT,Viridiplantae,151,266,56.766917293233085,no
592,AGQDTV,Viridiplantae,175,265,66.0377358490566,no
593,AGQDTV,Metazoa,82,265,30.943396226415093,no
594,AGQDTV,Fungi,7,265,2.6415094339622645,no
595,AGQDTV,Pseudomonadati,1,265,0.37735849056603776,no
596,AGTDTV,Bacillati,2,255,0.7843137254901961,no
597,AGTDTV,Fungi,59,255,23.137254901960784,no
598,AGTDTV,Viridiplantae,136,255,53.333333333333336,no
599,AGTDTV,Metazoa,55,255,21.568627450980394,no
600,AGTDTV,Pseudomonadati,1,255,0.39215686274509803,no
601,AATETT,Pseudomonadati,1,248,0.4032258064516129,no
602,AATETT,Viridiplantae,98,248,39.516129032258064,no
603,AATETT,Bacillati,9,248,3.6290322580645165,no
604,AATETT,Fungi,98,248,39.516129032258064,no
605,AATETT,Metazoa,39,248,15.725806451612904,no
606,AGQETS,Fungi,41,247,16.599190283400812,no
607,AGQETS,Bacillati,12,247,4.8582995951417,no
608,AGQETS,Viridiplantae,156,247,63.1578947368421,no
609,AGQETS,Metazoa,36,247,14.5748987854251,no
610,AGTHTT,Viridiplantae,57,246,23.170731707317074,no
611,AGTHTT,Bacillati,2,246,0.8130081300813009,no
612,AGTHTT,Fungi,172,246,69.91869918699187,no
613,AGTHTT,Metazoa,15,246,6.097560975609756,no
614,AGYENT,Bacillati,235,241,97.5103734439834,no
615,AGYENT,Metazoa,6,241,2.4896265560165975,no
616,AGTEST,Metazoa,151,240,62.916666666666664,no
617,AGTEST,Fungi,6,240,2.5,no
618,AGTEST,Bacillati,11,240,4.583333333333333,no
619,AGTEST,Viridiplantae,71,240,29.583333333333332,no
620,AAFFTT,Metazoa,237,237,100.0,no
621,AAGDTT,Metazoa,228,236,96.61016949152543,no
622,AAGDTT,Viridiplantae,1,236,0.423728813559322,no
623,AAGDTT,Fungi,7,236,2.9661016949152543,no
624,AGHVTT,Pseudomonadati,27,235,11.48936170212766,no
625,AGHVTT,Thermoproteati,3,235,1.276595744680851,no
626,AGADTS,Bacillati,1,235,0.425531914893617,no
627,AGADTS,Fungi,62,235,26.382978723404253,no
628,AGADTS,Metazoa,96,235,40.85106382978723,no
629,AGHVTT,Viridiplantae,4,235,1.702127659574468,no
630,AGADTS,Viridiplantae,75,235,31.914893617021278,no
631,AGHVTT,Bacillati,175,235,74.46808510638297,no
632,AGHVTT,Metazoa,3,235,1.276595744680851,no
633,AGHVTT,Fungi,16,235,6.808510638297872,no
634,AAVETT,Fungi,5,234,2.1367521367521367,no
635,AAVETT,Metazoa,227,234,97.00854700854701,no
636,AAVETT,Bacillati,2,234,0.8547008547008548,no
637,AGKDST,Viridiplantae,175,225,77.77777777777779,no
638,AGKDST,Fungi,5,225,2.2222222222222223,no
639,TGHETT,Viridiplantae,61,225,27.111111111111114,no
640,TGHETT,Pseudomonadati,16,225,7.111111111111111,no
641,TGHETT,Metazoa,2,225,0.8888888888888888,no
642,TGHETT,Bacillati,81,225,36.0,no
643,TGHETT,Fungi,62,225,27.555555555555557,no
644,GGIDTS,Bacillati,7,220,3.1818181818181817,no
645,GGIDTS,Fungi,18,220,8.181818181818182,no
646,GGIDTS,Viridiplantae,195,220,88.63636363636364,no
647,SGHETT,Pseudomonadati,24,205,11.707317073170733,no
648,SGHETT,Viridiplantae,24,205,11.707317073170733,no
649,SGHETT,Nanobdellati,1,205,0.4878048780487805,no
650,SGHETT,Bacillati,103,205,50.24390243902439,no
651,SGHETT,Fungi,25,205,12.195121951219512,no
652,SGHETT,Metazoa,12,205,5.853658536585367,no
653,GGYETS,Viridiplantae,6,201,2.9850746268656714,no
654,GGYETS,Metazoa,171,201,85.07462686567165,no
655,GGYETS,Pseudomonadati,1,201,0.4975124378109453,no
656,GGYETS,Bacillati,20,201,9.950248756218906,no
657,GGYETS,Fungi,2,201,0.9950248756218906,no
658,ASMDTS,Viridiplantae,199,199,100.0,no
659,AGSHTT,Metazoa,16,197,8.121827411167512,no
660,AGSHTT,Fungi,152,197,77.15736040609137,no
661,AGSHTT,Methanobacteriati,3,197,1.5228426395939088,no
662,AGSHTT,Viridiplantae,25,197,12.690355329949238,no
663,AGYETV,Viridiplantae,8,194,4.123711340206185,no
664,AGYETV,Metazoa,95,194,48.96907216494845,no
665,AGYETV,Pseudomonadati,42,194,21.649484536082475,no
666,AGYETV,Bacillati,10,194,5.154639175257731,no
667,AGYETV,Fungi,38,194,19.587628865979383,no
668,AGTDTN,Viridiplantae,186,194,95.87628865979381,no
669,AGTDTN,Metazoa,3,194,1.5463917525773196,no
670,AGTDTN,Fungi,4,194,2.0618556701030926,no
671,GATDTT,Metazoa,16,189,8.465608465608465,no
672,ASHDTT,Metazoa,3,189,1.5873015873015872,no
673,GATDTT,Fungi,16,189,8.465608465608465,no
674,ASHDTT,Viridiplantae,176,189,93.12169312169311,no
675,ASHDTT,Bacillati,4,189,2.1164021164021163,no
676,GATDTT,Viridiplantae,156,189,82.53968253968253,no
677,ASHDTT,Pseudomonadati,1,189,0.5291005291005291,no
678,ASHDTT,Fungi,5,189,2.6455026455026456,no
679,AAHSTT,Metazoa,187,187,100.0,no
680,AAFATT,Pseudomonadati,3,186,1.6129032258064515,no
681,AAFATT,Metazoa,183,186,98.38709677419355,no
682,DGFETS,Metazoa,184,184,100.0,no
683,AGYEIV,Metazoa,182,182,100.0,no
684,AGSDTI,Fungi,115,181,63.53591160220995,no
685,AGSDTI,Bacillati,3,181,1.6574585635359116,no
686,AGSDTI,Metazoa,12,181,6.629834254143646,no
687,AGSDTI,Viridiplantae,49,181,27.071823204419886,no
688,AGNETS,Pseudomonadati,21,180,11.666666666666666,no
689,AGNETS,Bacillati,8,180,4.444444444444445,no
690,AGNETS,Viridiplantae,7,180,3.888888888888889,no
691,AGNETS,Metazoa,93,180,51.66666666666667,no
692,GGAETT,Pseudomonadati,6,180,3.3333333333333335,yes
693,GGAETT,Metazoa,12,180,6.666666666666667,yes
694,GGAETT,Viridiplantae,22,180,12.222222222222221,yes
695,AGHGTT,Bacillati,72,180,40.0,no
696,AGHGTT,Metazoa,14,180,7.777777777777778,no
697,AGHGTT,Fungi,48,180,26.666666666666668,no
698,AGHGTT,Viridiplantae,28,180,15.555555555555555,no
699,AGNETS,Fungi,49,180,27.22222222222222,no
700,AGHGTT,Pseudomonadati,18,180,10.0,no
701,GGAETT,Fungi,72,180,40.0,yes
702,GGFATT,Pseudomonadati,180,180,100.0,no
703,GGAETT,Bacillati,45,180,25.0,yes
704,AGHQTT,Pseudomonadati,9,178,5.056179775280898,no
705,AGHQTT,Metazoa,4,178,2.247191011235955,no
706,AGHQTT,Fungi,9,178,5.056179775280898,no
707,AGHQTT,Bacillati,128,178,71.91011235955057,no
708,AGHQTT,Viridiplantae,2,178,1.1235955056179776,no
709,AGHETM,Fungi,141,177,79.66101694915254,no
710,AGHETM,Bacillati,25,177,14.124293785310735,no
711,AGHETM,Pseudomonadati,3,177,1.694915254237288,no
712,AGHDTV,Pseudomonadati,3,177,1.694915254237288,no
713,AGHDTV,Bacillati,33,177,18.64406779661017,no
714,AGHDTV,Metazoa,76,177,42.93785310734463,no
715,AGHDTV,Viridiplantae,14,177,7.909604519774012,no
716,AGHDTV,Methanobacteriati,1,177,0.5649717514124294,no
717,AGHETM,Metazoa,8,177,4.519774011299435,no
718,AGHDTV,Fungi,39,177,22.033898305084744,no
719,GGYDTT,Viridiplantae,10,172,5.813953488372093,yes
720,GGYDTT,Pseudomonadati,2,172,1.1627906976744187,yes
721,GGYDTT,Metazoa,118,172,68.6046511627907,yes
722,GGYDTT,Fungi,3,172,1.744186046511628,yes
723,GGYDTT,Bacillati,30,172,17.441860465116278,yes
724,AGGETS,Bacillati,1,171,0.5847953216374269,no
725,AGGETS,Fungi,15,171,8.771929824561402,no
726,AGGETS,Pseudomonadati,1,171,0.5847953216374269,no
727,AGGETS,Viridiplantae,148,171,86.54970760233918,no
728,AGGETS,Metazoa,5,171,2.923976608187134,no
729,EGHDTV,Metazoa,169,169,100.0,no
730,AGSEST,Bacillati,12,168,7.142857142857142,no
731,AGSEST,Viridiplantae,54,168,32.142857142857146,no
732,AGSEST,Metazoa,52,168,30.952380952380953,no
733,AGSEST,Pseudomonadati,9,168,5.357142857142857,no
734,AGSEST,Fungi,39,168,23.214285714285715,no
735,AGSATT,Fungi,56,167,33.532934131736525,no
736,AGSATT,Metazoa,1,167,0.5988023952095809,no
737,AGSATT,Bacillati,7,167,4.191616766467066,no
738,AGSATT,Pseudomonadati,1,167,0.5988023952095809,no
739,AGSATT,Viridiplantae,101,167,60.47904191616767,no
740,AGHKTT,Metazoa,2,164,1.2195121951219512,no
741,AGHKTT,Methanobacteriati,1,164,0.6097560975609756,no
742,AGHKTT,Viridiplantae,3,164,1.8292682926829267,no
743,AGHKTT,Fungi,7,164,4.2682926829268295,no
744,GGLETT,Pseudomonadati,31,164,18.902439024390244,yes
745,GGLETT,Bacillati,78,164,47.5609756097561,yes
746,GGLETT,Metazoa,46,164,28.04878048780488,yes
747,GGLETT,Fungi,4,164,2.4390243902439024,yes
748,AGHKTT,Bacillati,137,164,83.53658536585365,no
749,GGLETT,Viridiplantae,5,164,3.048780487804878,yes
750,GGLDTT,Metazoa,38,162,23.456790123456788,yes
751,GGLDTT,Bacillati,63,162,38.88888888888889,yes
752,GGLDTT,Viridiplantae,7,162,4.320987654320987,yes
753,GGLDTT,Fungi,32,162,19.753086419753085,yes
754,GGLDTT,Pseudomonadati,19,162,11.728395061728394,yes
755,AAHDTL,Pseudomonadati,160,161,99.37888198757764,no
756,AGHETI,Metazoa,13,160,8.125,no
757,AAYDTT,Viridiplantae,2,160,1.25,no
758,AAYDTT,Fungi,4,160,2.5,no
759,AGHETI,Fungi,76,160,47.5,no
760,AAYDTT,Metazoa,149,160,93.125,no
761,AAYDTT,Bacillati,5,160,3.125,no
762,AGHETI,Bacillati,29,160,18.125,no
763,AGHETI,Pseudomonadati,14,160,8.75,no
764,AGHETI,Viridiplantae,26,160,16.25,no
765,AGHEAS,Fungi,1,153,0.6535947712418301,no
766,AGHEAS,Bacillati,100,153,65.359477124183,no
767,AGHEAS,Metazoa,5,153,3.2679738562091507,no
768,AGHEAS,Pseudomonadati,8,153,5.228758169934641,no
769,AGHEAS,Thermotogati,36,153,23.52941176470588,no
770,VGHETT,Bacillati,22,152,14.473684210526317,no
771,VGHETT,Viridiplantae,10,152,6.578947368421052,no
772,AGAETS,Fungi,36,152,23.684210526315788,no
773,AGAETS,Viridiplantae,57,152,37.5,no
774,AGAETS,Pseudomonadati,5,152,3.289473684210526,no
775,AGAETS,Metazoa,47,152,30.92105263157895,no
776,AGAETS,Bacillati,2,152,1.3157894736842104,no
777,VGHETT,Pseudomonadati,22,152,14.473684210526317,no
778,VGHETT,Fungi,88,152,57.89473684210527,no
779,VGHETT,Metazoa,10,152,6.578947368421052,no
780,ASYDTT,Viridiplantae,77,151,50.993377483443716,no
781,ASYDTT,Fungi,7,151,4.635761589403973,no
782,ASYDTT,Metazoa,63,151,41.72185430463576,no
783,ASYDTT,Bacillati,1,151,0.6622516556291391,no
784,RGHDTT,Metazoa,150,150,100.0,no
785,AGHLTT,Fungi,3,150,2.0,no
786,AGHLTT,Metazoa,1,150,0.6666666666666667,no
787,AGHLTT,Pseudomonadati,14,150,9.333333333333334,no
788,AGHLTT,Bacillati,85,150,56.666666666666664,no
789,AGHLTT,Viridiplantae,46,150,30.666666666666664,no
790,VGVDTT,Metazoa,144,149,96.64429530201343,no
791,AGSETA,Metazoa,10,147,6.802721088435375,no
792,AGSETA,Viridiplantae,84,147,57.14285714285714,no
793,AGSETA,Pseudomonadati,3,147,2.0408163265306123,no
794,AGSETA,Bacillati,30,147,20.408163265306122,no
795,AGSETA,Fungi,14,147,9.523809523809524,no
796,AGTDSS,Bacillati,1,146,0.684931506849315,no
797,AGTDSS,Metazoa,6,146,4.10958904109589,no
798,AGTDSS,Viridiplantae,120,146,82.1917808219178,no
799,AGTDSS,Fungi,18,146,12.32876712328767,no
800,AGNATM,Fungi,145,145,100.0,no
801,DGYETS,Metazoa,144,144,100.0,no
802,GSMDTS,Viridiplantae,143,143,100.0,no
803,AGQDSV,Viridiplantae,1,141,0.7092198581560284,no
804,AGQDSV,Fungi,1,141,0.7092198581560284,no
805,AGQDSV,Metazoa,139,141,98.58156028368793,no
806,ETSDTT,Viridiplantae,135,135,100.0,no
807,EGYDTT,Metazoa,135,135,100.0,no
808,AAADTT,Pseudomonadati,1,134,0.7462686567164178,no
809,AAADTT,Viridiplantae,22,134,16.417910447761194,no
810,AAADTT,Fungi,60,134,44.776119402985074,no
811,AAADTT,Metazoa,47,134,35.07462686567165,no
812,AAQDAS,Bacillati,7,133,5.263157894736842,no
813,AAQDAS,Fungi,13,133,9.774436090225564,no
814,AAQDAS,Metazoa,28,133,21.052631578947366,no
815,AGTETA,Metazoa,56,133,42.10526315789473,no
816,AGTETA,Bacillati,14,133,10.526315789473683,no
817,AAQDAS,Viridiplantae,85,133,63.90977443609023,no
818,AGTETA,Pseudomonadati,3,133,2.2556390977443606,no
819,AGTETA,Viridiplantae,60,133,45.11278195488722,no
820,AAVDNP,Viridiplantae,131,131,100.0,no
821,GGFDTS,Fungi,1,131,0.7633587786259541,no
822,GGFDTS,Viridiplantae,34,131,25.954198473282442,no
823,GGFDTS,Bacillati,1,131,0.7633587786259541,no
824,GGFDTS,Metazoa,95,131,72.51908396946564,no
825,EAADTT,Viridiplantae,130,130,100.0,no
826,AGIDTG,Viridiplantae,123,129,95.34883720930233,no
827,AGIDTG,Fungi,2,129,1.550387596899225,no
828,AGIDTG,Metazoa,4,129,3.10077519379845,no
829,GGADTT,Fungi,56,128,43.75,yes
830,GGADTT,Bacillati,1,128,0.78125,yes
831,GGADTT,Viridiplantae,45,128,35.15625,yes
832,GGADTT,Pseudomonadati,2,128,1.5625,yes
833,GGADTT,Metazoa,23,128,17.96875,yes
834,AGTGTT,Bacillati,1,126,0.7936507936507936,no
835,AGTGTT,Fungi,40,126,31.746031746031743,no
836,AGTGTT,Metazoa,67,126,53.17460317460318,no
837,AGTGTT,Viridiplantae,17,126,13.492063492063492,no
838,PGSETV,Bacillati,125,125,100.0,no
839,GGMDTT,Viridiplantae,20,124,16.129032258064516,yes
840,GGMDTT,Fungi,14,124,11.29032258064516,yes
841,GGMDTT,Bacillati,77,124,62.096774193548384,yes
842,GGHDTA,Metazoa,11,124,8.870967741935484,no
843,GGHDTA,Methanobacteriati,1,124,0.8064516129032258,no
844,GGHDTA,Bacillati,2,124,1.6129032258064515,no
845,GGMDTT,Metazoa,6,124,4.838709677419355,yes
846,GGMDTT,Pseudomonadati,1,124,0.8064516129032258,yes
847,GGHDTA,Pseudomonadati,1,124,0.8064516129032258,no
848,GGHDTA,Viridiplantae,99,124,79.83870967741935,no
849,GGHDTA,Fungi,10,124,8.064516129032258,no
850,AAIHTS,Fungi,123,123,100.0,no
851,AAHHTT,Bacillati,121,123,98.3739837398374,no
852,AAHHTT,Fungi,2,123,1.6260162601626018,no
853,AGGETV,Bacillati,2,122,1.639344262295082,no
854,AGGETV,Fungi,113,122,92.62295081967213,no
855,AGGETV,Pseudomonadati,1,122,0.819672131147541,no
856,AGGETV,Metazoa,4,122,3.278688524590164,no
857,AGQVTT,Bacillati,2,120,1.6666666666666667,no
858,AGQVTT,Metazoa,1,120,0.8333333333333334,no
859,AGQVTT,Viridiplantae,90,120,75.0,no
860,AGQVTT,Pseudomonadati,15,120,12.5,no
861,AGQVTT,Fungi,6,120,5.0,no
862,DGFETT,Metazoa,115,119,96.63865546218487,no
863,DGFETT,Viridiplantae,4,119,3.361344537815126,no
864,SGYETM,Viridiplantae,118,118,100.0,no
865,AGQTTT,Metazoa,2,117,1.7094017094017095,no
866,AGFHTT,Pseudomonadati,1,117,0.8547008547008548,no
867,AGQTTT,Bacillati,1,117,0.8547008547008548,no
868,AGQTTT,Viridiplantae,113,117,96.58119658119658,no
869,AGFHTT,Bacillati,13,117,11.11111111111111,no
870,AGFHTT,Metazoa,9,117,7.6923076923076925,no
871,AGFHTT,Fungi,94,117,80.34188034188034,no
872,AGSQTT,Fungi,4,115,3.4782608695652173,no
873,AGSQTT,Pseudomonadati,1,115,0.8695652173913043,no
874,AGMETS,Bacillati,51,115,44.34782608695652,no
875,AGSQTT,Viridiplantae,2,115,1.7391304347826086,no
876,AGMETS,Viridiplantae,10,115,8.695652173913043,no
877,AGMETS,Metazoa,54,115,46.95652173913044,no
878,AGSQTT,Metazoa,101,115,87.82608695652175,no
879,AGSQTT,Bacillati,5,115,4.3478260869565215,no
880,RGTDTT,Viridiplantae,113,113,100.0,no
881,AGFEST,Metazoa,62,113,54.86725663716814,no
882,GGTDST,Metazoa,9,113,7.964601769911504,no
883,AGFEST,Bacillati,15,113,13.274336283185843,no
884,AGFEST,Pseudomonadati,5,113,4.424778761061947,no
885,GGTDST,Viridiplantae,74,113,65.48672566371681,no
886,GGTDST,Fungi,29,113,25.663716814159294,no
887,AGFEST,Viridiplantae,11,113,9.734513274336283,no
888,AGFEST,Fungi,13,113,11.504424778761061,no
889,AGFDSV,Metazoa,111,111,100.0,no
890,GGTGTS,Viridiplantae,111,111,100.0,no
891,ASIHTT,Viridiplantae,5,110,4.545454545454546,no
892,GGFDTV,Metazoa,108,110,98.18181818181819,no
893,ASIHTT,Fungi,105,110,95.45454545454545,no
894,GGFDTV,Bacillati,2,110,1.8181818181818181,no
895,AGKHTT,Viridiplantae,109,109,100.0,no
896,LGHDTT,Fungi,98,108,90.74074074074075,no
897,LGHDTT,Metazoa,3,108,2.7777777777777777,no
898,AGIETS,Bacillati,18,108,16.666666666666664,no
899,AGIETS,Fungi,2,108,1.8518518518518516,no
900,AGIETS,Viridiplantae,70,108,64.81481481481481,no
901,AGIETS,Pseudomonadati,2,108,1.8518518518518516,no
902,AGIETS,Metazoa,16,108,14.814814814814813,no
903,LGHDTT,Bacillati,7,108,6.481481481481481,no
904,ATVDNP,Viridiplantae,107,107,100.0,no
905,GGMETT,Viridiplantae,2,106,1.8867924528301887,yes
906,GGMETT,Bacillati,47,106,44.339622641509436,yes
907,AGTETM,Viridiplantae,9,106,8.49056603773585,no
908,GGMETT,Fungi,3,106,2.8301886792452833,yes
909,GGMETT,Metazoa,54,106,50.943396226415096,yes
910,AGTETM,Bacillati,1,106,0.9433962264150944,no
911,AGTETM,Fungi,1,106,0.9433962264150944,no
912,AGTETM,Metazoa,95,106,89.62264150943396,no
913,GGHETS,Metazoa,7,104,6.730769230769231,no
914,GGHETS,Pseudomonadati,49,104,47.11538461538461,no
915,GGHETS,Viridiplantae,27,104,25.961538461538463,no
916,GGHETS,Bacillati,3,104,2.8846153846153846,no
917,AGSDTA,Fungi,60,104,57.692307692307686,no
918,TGQDTT,Viridiplantae,1,104,0.9615384615384616,no
919,TGQDTT,Bacillati,103,104,99.03846153846155,no
920,AGSDTA,Metazoa,9,104,8.653846153846153,no
921,GGVDTS,Bacillati,8,104,7.6923076923076925,no
922,GGVDTS,Viridiplantae,82,104,78.84615384615384,no
923,GGVDTS,Metazoa,14,104,13.461538461538462,no
924,AGSDTA,Pseudomonadati,1,104,0.9615384615384616,no
925,AGSDTA,Viridiplantae,31,104,29.807692307692307,no
926,GGHETS,Fungi,16,104,15.384615384615385,no
927,GATDTS,Metazoa,9,103,8.737864077669903,no
928,GATDTS,Viridiplantae,90,103,87.37864077669903,no
929,ASFDTT,Bacillati,2,103,1.9417475728155338,no
930,ASFDTT,Fungi,17,103,16.50485436893204,no
931,ASFDTT,Metazoa,14,103,13.592233009708737,no
932,ASFDTT,Viridiplantae,70,103,67.96116504854369,no
933,GATDTS,Bacillati,1,103,0.9708737864077669,no
934,GATDTS,Fungi,3,103,2.912621359223301,no
935,VGQETT,Viridiplantae,50,102,49.01960784313725,no
936,VGQETT,Bacillati,23,102,22.54901960784314,no
937,VGQETT,Metazoa,2,102,1.9607843137254901,no
938,VGQETT,Pseudomonadati,5,102,4.901960784313726,no
939,VGQETT,Fungi,22,102,21.568627450980394,no
940,AAIDNP,Viridiplantae,100,100,100.0,no
941,AGYEII,Metazoa,98,98,100.0,no
942,AGSDSS,Fungi,11,98,11.224489795918368,no
943,AGFETI,Metazoa,87,98,88.77551020408163,no
944,AGFETI,Bacillati,11,98,11.224489795918368,no
945,AGSDSS,Metazoa,8,98,8.16326530612245,no
946,AGSDSS,Pseudomonadati,18,98,18.367346938775512,no
947,AGSDSS,Viridiplantae,61,98,62.244897959183675,no
948,AGVNTS,Viridiplantae,97,97,100.0,no
949,VGIDTT,Fungi,3,97,3.0927835051546393,no
950,VGIDTT,Metazoa,93,97,95.87628865979381,no
951,VGIDTT,Viridiplantae,1,97,1.0309278350515463,no
952,AGVETS,Fungi,4,96,4.166666666666666,no
953,AGVETS,Bacillati,5,96,5.208333333333334,no
954,AGVETS,Pseudomonadati,3,96,3.125,no
955,AGVETS,Metazoa,57,96,59.375,no
956,AGVETS,Viridiplantae,25,96,26.041666666666668,no
957,AAIDTT,Bacillati,2,95,2.1052631578947367,no
958,AGFESS,Fungi,1,95,1.0526315789473684,no
959,AAIDTT,Fungi,7,95,7.368421052631578,no
960,AAIDTT,Metazoa,67,95,70.52631578947368,no
961,AGFESS,Metazoa,94,95,98.94736842105263,no
962,AAIDTT,Pseudomonadati,3,95,3.1578947368421053,no
963,AAIDTT,Viridiplantae,16,95,16.842105263157894,no
964,AGFETA,Bacillati,13,94,13.829787234042554,no
965,AGFETA,Pseudomonadati,2,94,2.127659574468085,no
966,AGFETA,Metazoa,71,94,75.53191489361703,no
967,AGFETA,Fungi,6,94,6.382978723404255,no
968,AGFETA,Viridiplantae,2,94,2.127659574468085,no
969,AAVDTT,Viridiplantae,12,93,12.903225806451612,no
970,AAVDTT,Fungi,55,93,59.13978494623656,no
971,AAVDTT,Pseudomonadati,1,93,1.0752688172043012,no
972,AAVDTT,Metazoa,20,93,21.50537634408602,no
973,AGSSTT,Fungi,62,92,67.3913043478261,no
974,AGSSTT,Metazoa,12,92,13.043478260869565,no
975,AGSSTT,Viridiplantae,15,92,16.304347826086957,no
976,GGGETS,Viridiplantae,91,91,100.0,no
977,EGHDTS,Viridiplantae,1,90,1.1111111111111112,no
978,EGHDTS,Metazoa,89,90,98.88888888888889,no
979,AGNDTS,Metazoa,47,89,52.80898876404494,no
980,TGTDTT,Metazoa,5,89,5.617977528089887,no
981,TGTDTT,Viridiplantae,26,89,29.213483146067414,no
982,AGNDTS,Bacillati,6,89,6.741573033707865,no
983,AGNDTS,Fungi,9,89,10.112359550561797,no
984,ASQDAM,Fungi,89,89,100.0,no
985,TGTDTT,Fungi,57,89,64.04494382022472,no
986,AGNDTS,Viridiplantae,23,89,25.842696629213485,no
987,AGMDTS,Viridiplantae,74,88,84.0909090909091,no
988,AGVDTG,Viridiplantae,88,88,100.0,no
989,AGMDTS,Metazoa,2,88,2.272727272727273,no
990,AGMDTS,Fungi,11,88,12.5,no
991,AGYETA,Metazoa,51,86,59.30232558139535,no
992,AGYETA,Fungi,3,86,3.488372093023256,no
993,AGYETA,Viridiplantae,7,86,8.13953488372093,no
994,AGYETA,Bacillati,25,86,29.069767441860467,no
995,PNNDTT,Fungi,85,85,100.0,no
996,AGQDTM,Viridiplantae,2,85,2.3529411764705883,no
997,AGQDTM,Metazoa,83,85,97.6470588235294,no
998,AGQENP,Fungi,84,85,98.82352941176471,no
999,AGQENP,Viridiplantae,1,85,1.1764705882352942,no
1000,AGYITT,Fungi,11,85,12.941176470588237,no
1001,AGYITT,Bacillati,74,85,87.05882352941177,no
1002,GAIETT,Viridiplantae,27,84,32.142857142857146,no
1003,GAIETT,Pseudomonadati,1,84,1.1904761904761905,no
1004,GAIETT,Bacillati,50,84,59.523809523809526,no
1005,AGNITT,Methanobacteriati,63,84,75.0,no
1006,EGFETS,Metazoa,84,84,100.0,no
1007,GAIETT,Metazoa,3,84,3.571428571428571,no
1008,AGNITT,Pseudomonadati,2,84,2.380952380952381,no
1009,AGNITT,Bacillati,19,84,22.61904761904762,no
1010,GGHDTS,Pseudomonadati,6,83,7.228915662650602,no
1011,AGLHTV,Metazoa,1,83,1.2048192771084338,no
1012,ASQGNT,Metazoa,83,83,100.0,no
1013,GGHDTS,Fungi,8,83,9.63855421686747,no
1014,GGHDTS,Bacillati,14,83,16.867469879518072,no
1015,GGHDTS,Viridiplantae,10,83,12.048192771084338,no
1016,AGLHTV,Bacillati,82,83,98.79518072289156,no
1017,GGHDTS,Metazoa,45,83,54.21686746987952,no
1018,AGMDTV,Bacillati,9,82,10.975609756097562,no
1019,AGMDTV,Fungi,4,82,4.878048780487805,no
1020,AGMDTV,Viridiplantae,46,82,56.09756097560976,no
1021,AGMDTV,Pseudomonadati,7,82,8.536585365853659,no
1022,AGMDTV,Metazoa,16,82,19.51219512195122,no
1023,GGTDTI,Viridiplantae,68,82,82.92682926829268,no
1024,GGTDTI,Metazoa,5,82,6.097560975609756,no
1025,GGTDTI,Fungi,9,82,10.975609756097562,no
1026,PGSETI,Bacillati,82,82,100.0,no
1027,AGNVTT,Fungi,2,81,2.4691358024691357,no
1028,AGQDTS,Pseudomonadati,4,81,4.938271604938271,no
1029,AGNVTT,Pseudomonadati,41,81,50.617283950617285,no
1030,AGQDTS,Fungi,10,81,12.345679012345679,no
1031,AGNVTT,Methanobacteriati,11,81,13.580246913580247,no
1032,AGQDTS,Viridiplantae,17,81,20.98765432098765,no
1033,AGQDTS,Metazoa,23,81,28.39506172839506,no
1034,AGIDTV,Pseudomonadati,8,81,9.876543209876543,no
1035,AGIDTV,Bacillati,7,81,8.641975308641975,no
1036,AGIDTV,Viridiplantae,4,81,4.938271604938271,no
1037,AGIDTV,Metazoa,57,81,70.37037037037037,no
1038,AGIDTV,Fungi,4,81,4.938271604938271,no
1039,AGNVTT,Bacillati,26,81,32.098765432098766,no
1040,AGEETT,Fungi,4,80,5.0,yes
1041,AGEETT,Metazoa,11,80,13.750000000000002,yes
1042,AGGDTS,Bacillati,2,80,2.5,no
1043,AGGDTS,Fungi,52,80,65.0,no
1044,AGGDTS,Viridiplantae,26,80,32.5,no
1045,AGEETT,Viridiplantae,25,80,31.25,yes
1046,AGEETT,Pseudomonadati,18,80,22.5,yes
1047,AGEETT,Bacillati,18,80,22.5,yes
1048,AGFDTA,Viridiplantae,2,79,2.5316455696202533,no
1049,AGFDTA,Pseudomonadati,6,79,7.59493670886076,no
1050,AGQEST,Pseudomonadati,2,79,2.5316455696202533,no
1051,AGFDTA,Fungi,6,79,7.59493670886076,no
1052,AGQEST,Fungi,3,79,3.79746835443038,no
1053,AGQEST,Metazoa,27,79,34.177215189873415,no
1054,AGQEST,Bacillati,1,79,1.2658227848101267,no
1055,AGFDTA,Bacillati,6,79,7.59493670886076,no
1056,AGFDTA,Metazoa,59,79,74.68354430379746,no
1057,AGQEST,Viridiplantae,46,79,58.22784810126582,no
1058,TGHDTT,Metazoa,10,78,12.82051282051282,no
1059,TGHDTT,Bacillati,37,78,47.43589743589743,no
1060,TGHDTT,Viridiplantae,6,78,7.6923076923076925,no
1061,TGHDTT,Pseudomonadati,1,78,1.282051282051282,no
1062,TGHDTT,Fungi,18,78,23.076923076923077,no
1063,AGYSTV,Metazoa,1,77,1.2987012987012987,no
1064,AGYSTV,Viridiplantae,76,77,98.7012987012987,no
1065,AGLETS,Pseudomonadati,1,77,1.2987012987012987,no
1066,AGLETS,Bacillati,1,77,1.2987012987012987,no
1067,AGLETS,Viridiplantae,3,77,3.896103896103896,no
1068,AGLETS,Fungi,3,77,3.896103896103896,no
1069,AGLETS,Metazoa,69,77,89.6103896103896,no
1070,VGYETT,Pseudomonadati,1,77,1.2987012987012987,no
1071,VGYETT,Viridiplantae,1,77,1.2987012987012987,no
1072,VGYETT,Bacillati,1,77,1.2987012987012987,no
1073,VGYETT,Metazoa,74,77,96.1038961038961,no
1074,GAYETT,Viridiplantae,2,76,2.631578947368421,no
1075,AAFDTT,Viridiplantae,4,76,5.263157894736842,no
1076,AAFDTT,Pseudomonadati,27,76,35.526315789473685,no
1077,AAFDTT,Metazoa,18,76,23.684210526315788,no
1078,AGSTTT,Fungi,56,76,73.68421052631578,no
1079,AGSTTT,Metazoa,6,76,7.894736842105263,no
1080,AGNETV,Bacillati,60,76,78.94736842105263,no
1081,GAYETT,Bacillati,43,76,56.57894736842105,no
1082,AGSTTT,Viridiplantae,14,76,18.421052631578945,no
1083,AGNETV,Fungi,5,76,6.578947368421052,no
1084,AGNETV,Viridiplantae,3,76,3.9473684210526314,no
1085,GGLDTI,Fungi,72,76,94.73684210526315,no
1086,GGLDTI,Viridiplantae,1,76,1.3157894736842104,no
1087,AAFDTT,Bacillati,12,76,15.789473684210526,no
1088,AAFDTT,Fungi,6,76,7.894736842105263,no
1089,GAYETT,Metazoa,23,76,30.263157894736842,no
1090,GAYETT,Pseudomonadati,2,76,2.631578947368421,no
1091,GGLDTI,Pseudomonadati,3,76,3.9473684210526314,no
1092,GGTDTA,Viridiplantae,70,76,92.10526315789474,no
1093,AGNETV,Metazoa,2,76,2.631578947368421,no
1094,GGTDTA,Fungi,6,76,7.894736842105263,no
1095,AGNETV,Pseudomonadati,4,76,5.263157894736842,no
1096,AAYETT,Fungi,14,75,18.666666666666668,no
1097,AAYETT,Bacillati,7,75,9.333333333333334,no
1098,GGTESS,Metazoa,2,75,2.666666666666667,no
1099,GGTESS,Viridiplantae,73,75,97.33333333333334,no
1100,AAYETT,Viridiplantae,4,75,5.333333333333334,no
1101,AAYETT,Metazoa,43,75,57.333333333333336,no
1102,AAYETT,Pseudomonadati,4,75,5.333333333333334,no
1103,AGFESV,Viridiplantae,3,74,4.054054054054054,no
1104,ASYETT,Pseudomonadati,1,74,1.3513513513513513,no
1105,ASYETT,Metazoa,15,74,20.27027027027027,no
1106,AGFESV,Metazoa,71,74,95.94594594594594,no
1107,ASYETT,Viridiplantae,46,74,62.16216216216216,no
1108,ASYETT,Fungi,7,74,9.45945945945946,no
1109,GGTDTV,Fungi,19,74,25.675675675675674,no
1110,AGEQTT,Viridiplantae,74,74,100.0,no
1111,ASYETT,Bacillati,5,74,6.756756756756757,no
1112,GGTDTV,Viridiplantae,49,74,66.21621621621621,no
1113,GGTDTV,Metazoa,6,74,8.108108108108109,no
1114,AGYGTT,Pseudomonadati,5,73,6.8493150684931505,no
1115,AGYGTT,Viridiplantae,13,73,17.80821917808219,no
1116,AGHATT,Fungi,14,73,19.17808219178082,no
1117,AGHATT,Bacillati,17,73,23.28767123287671,no
1118,AGHATT,Pseudomonadati,21,73,28.767123287671232,no
1119,AGHATT,Metazoa,5,73,6.8493150684931505,no
1120,AGHATT,Methanobacteriati,1,73,1.36986301369863,no
1121,AGYGTT,Fungi,5,73,6.8493150684931505,no
1122,AGYGTT,Metazoa,36,73,49.31506849315068,no
1123,AGHATT,Viridiplantae,8,73,10.95890410958904,no
1124,AGYGTT,Bacillati,13,73,17.80821917808219,no
1125,AGHDTI,Viridiplantae,4,72,5.555555555555555,no
1126,AGHDTI,Metazoa,22,72,30.555555555555557,no
1127,AGHDTI,Fungi,37,72,51.388888888888886,no
1128,AGHDTI,Bacillati,3,72,4.166666666666666,no
1129,GAIDTS,Viridiplantae,68,72,94.44444444444444,no
1130,AGHDTI,Pseudomonadati,2,72,2.7777777777777777,no
1131,GAIDTS,Metazoa,4,72,5.555555555555555,no
1132,AALDTT,Bacillati,14,71,19.718309859154928,no
1133,AALDTT,Viridiplantae,26,71,36.61971830985916,no
1134,AALDTT,Metazoa,23,71,32.3943661971831,no
1135,AGTDTM,Viridiplantae,35,71,49.29577464788733,no
1136,AALDTT,Fungi,8,71,11.267605633802818,no
1137,AGTDTM,Fungi,4,71,5.633802816901409,no
1138,AGTNTT,Viridiplantae,61,71,85.91549295774648,no
1139,AGTNTT,Metazoa,7,71,9.859154929577464,no
1140,AGTNTT,Fungi,3,71,4.225352112676056,no
1141,AGTDTM,Metazoa,32,71,45.07042253521127,no
1142,AGQDTI,Fungi,2,70,2.857142857142857,no
1143,AGQDTI,Metazoa,43,70,61.42857142857143,no
1144,AGADST,Metazoa,1,70,1.4285714285714286,no
1145,AGKETS,Viridiplantae,70,70,100.0,no
1146,AGQDTI,Viridiplantae,25,70,35.714285714285715,no
1147,AGADST,Viridiplantae,17,70,24.285714285714285,no
1148,AGADST,Bacillati,1,70,1.4285714285714286,no
1149,AGADST,Fungi,49,70,70.0,no
1150,GGTEST,Fungi,22,69,31.88405797101449,no
1151,GGTEST,Bacillati,1,69,1.4492753623188406,no
1152,GGRDTV,Fungi,1,69,1.4492753623188406,no
1153,GGRDTV,Pseudomonadati,67,69,97.10144927536231,no
1154,PGTDTA,Viridiplantae,69,69,100.0,no
1155,GGTEST,Metazoa,17,69,24.637681159420293,no
1156,GGTEST,Viridiplantae,29,69,42.028985507246375,no
1157,AGHDTA,Fungi,28,68,41.17647058823529,no
1158,AGHDTA,Metazoa,9,68,13.23529411764706,no
1159,AGHDTA,Bacillati,15,68,22.058823529411764,no
1160,GGVETV,Bacillati,55,68,80.88235294117648,no
1161,GGVETV,Metazoa,1,68,1.4705882352941175,no
1162,AGHDTA,Viridiplantae,9,68,13.23529411764706,no
1163,AGHDTA,Pseudomonadati,2,68,2.941176470588235,no
1164,GGVETV,Viridiplantae,6,68,8.823529411764707,no
1165,GGVETV,Fungi,1,68,1.4705882352941175,no
1166,AGTNTS,Metazoa,1,67,1.4925373134328357,no
1167,GAQDTT,Viridiplantae,2,67,2.9850746268656714,no
1168,AGTNTS,Viridiplantae,66,67,98.50746268656717,no
1169,AGDETT,Fungi,1,67,1.4925373134328357,yes
1170,AGDETT,Bacillati,63,67,94.02985074626866,yes
1171,AGSDTM,Viridiplantae,54,67,80.59701492537313,no
1172,ASHDTS,Pseudomonadati,2,67,2.9850746268656714,no
1173,AGDETT,Viridiplantae,1,67,1.4925373134328357,yes
1174,AGDETT,Pseudomonadati,1,67,1.4925373134328357,yes
1175,ASHDTS,Bacillati,1,67,1.4925373134328357,no
1176,GAQDTT,Fungi,65,67,97.01492537313433,no
1177,AGSDTM,Metazoa,1,67,1.4925373134328357,no
1178,AGSDTM,Fungi,12,67,17.91044776119403,no
1179,ASHDTS,Viridiplantae,64,67,95.52238805970148,no
1180,AGFVTT,Metazoa,3,66,4.545454545454546,no
1181,AGFVTT,Bacillati,37,66,56.060606060606055,no
1182,AGFVTT,Fungi,23,66,34.84848484848485,no
1183,AGFVTT,Pseudomonadati,3,66,4.545454545454546,no
1184,AGKETA,Viridiplantae,65,65,100.0,no
1185,GGSETA,Metazoa,4,64,6.25,no
1186,GGSETA,Fungi,1,64,1.5625,no
1187,AAHETS,Pseudomonadati,2,64,3.125,no
1188,GGQDTT,Viridiplantae,18,64,28.125,yes
1189,AAHETS,Fungi,49,64,76.5625,no
1190,GGQDTT,Pseudomonadati,6,64,9.375,yes
1191,AGVDTA,Bacillati,1,64,1.5625,no
1192,GGSETA,Viridiplantae,59,64,92.1875,no
1193,AGVDTA,Fungi,1,64,1.5625,no
1194,AAHETS,Bacillati,12,64,18.75,no
1195,AGVDTA,Metazoa,49,64,76.5625,no
1196,AGVDTA,Viridiplantae,13,64,20.3125,no
1197,GGQDTT,Metazoa,11,64,17.1875,yes
1198,AAHETS,Metazoa,1,64,1.5625,no
1199,GGQDTT,Bacillati,11,64,17.1875,yes
1200,AGAENV,Bacillati,64,64,100.0,no
1201,ASIDTS,Viridiplantae,64,64,100.0,no
1202,GGQDTT,Fungi,17,64,26.5625,yes
1203,AATETV,Fungi,62,63,98.4126984126984,no
1204,AATETV,Bacillati,1,63,1.5873015873015872,no
1205,AGLDTS,Fungi,2,63,3.1746031746031744,no
1206,AGLDTS,Bacillati,3,63,4.761904761904762,no
1207,AGHDTM,Viridiplantae,2,63,3.1746031746031744,no
1208,AASETT,Viridiplantae,21,63,33.33333333333333,no
1209,AASETT,Fungi,35,63,55.55555555555556,no
1210,AGLDTS,Metazoa,16,63,25.396825396825395,no
1211,AASETT,Bacillati,2,63,3.1746031746031744,no
1212,AGSETI,Fungi,32,63,50.79365079365079,no
1213,AASETT,Pseudomonadati,1,63,1.5873015873015872,no
1214,AASETT,Metazoa,3,63,4.761904761904762,no
1215,AGHDTM,Fungi,32,63,50.79365079365079,no
1216,AGHDTM,Bacillati,1,63,1.5873015873015872,no
1217,AGLDTS,Pseudomonadati,2,63,3.1746031746031744,no
1218,AGLDTS,Viridiplantae,40,63,63.49206349206349,no
1219,AGSETI,Viridiplantae,16,63,25.396825396825395,no
1220,AGSETI,Metazoa,10,63,15.873015873015872,no
1221,AGSETI,Bacillati,5,63,7.936507936507936,no
1222,AGHDTM,Metazoa,26,63,41.269841269841265,no
1223,PGTDTT,Fungi,57,62,91.93548387096774,no
1224,PGTDTT,Metazoa,5,62,8.064516129032258,no
1225,AAMDTS,Fungi,4,62,6.451612903225806,no
1226,ETADTT,Viridiplantae,62,62,100.0,no
1227,AAMDTS,Metazoa,6,62,9.67741935483871,no
1228,AGRDTM,Fungi,11,62,17.741935483870968,no
1229,TGHETS,Fungi,59,62,95.16129032258065,no
1230,AAMDTS,Viridiplantae,52,62,83.87096774193549,no
1231,AGRDTM,Viridiplantae,49,62,79.03225806451613,no
1232,GGTSTT,Metazoa,1,62,1.6129032258064515,no
1233,GGTSTT,Fungi,1,62,1.6129032258064515,no
1234,GGTSTT,Viridiplantae,60,62,96.7741935483871,no
1235,GGSETV,Bacillati,5,62,8.064516129032258,no
1236,GGSETV,Fungi,17,62,27.419354838709676,no
1237,GGSETV,Metazoa,28,62,45.16129032258064,no
1238,TGHETS,Bacillati,1,62,1.6129032258064515,no
1239,GGSETV,Viridiplantae,11,62,17.741935483870968,no
1240,AGYQTT,Viridiplantae,2,61,3.278688524590164,no
1241,AGYQTT,Metazoa,8,61,13.114754098360656,no
1242,AGYSTT,Fungi,1,61,1.639344262295082,no
1243,GGDETS,Pseudomonadati,4,61,6.557377049180328,no
1244,GGDETS,Bacillati,57,61,93.44262295081968,no
1245,AGYQTT,Fungi,20,61,32.78688524590164,no
1246,AGYQTT,Pseudomonadati,2,61,3.278688524590164,no
1247,GGHDST,Fungi,37,61,60.65573770491803,no
1248,GGHDST,Metazoa,7,61,11.475409836065573,no
1249,GGHDST,Viridiplantae,3,61,4.918032786885246,no
1250,GGHDST,Bacillati,14,61,22.950819672131146,no
1251,AGYSTT,Viridiplantae,2,61,3.278688524590164,no
1252,AGYSTT,Pseudomonadati,4,61,6.557377049180328,no
1253,AGYSTT,Metazoa,54,61,88.52459016393442,no
1254,AGYQTT,Bacillati,28,61,45.90163934426229,no
1255,AGYETI,Viridiplantae,5,60,8.333333333333332,no
1256,AGYETI,Pseudomonadati,4,60,6.666666666666667,no
1257,GGRDTS,Viridiplantae,2,60,3.3333333333333335,no
1258,GGRDTS,Fungi,58,60,96.66666666666667,no
1259,AGYETI,Fungi,6,60,10.0,no
1260,AGYETI,Bacillati,1,60,1.6666666666666667,no
1261,AGYETI,Metazoa,44,60,73.33333333333333,no
1262,AGFDST,Viridiplantae,10,59,16.94915254237288,no
1263,AANDTT,Bacillati,35,59,59.32203389830508,no
1264,AANDTT,Viridiplantae,2,59,3.389830508474576,no
1265,GHDTT,Metazoa,56,59,94.91525423728814,no
1266,AANDTT,Metazoa,15,59,25.423728813559322,no
1267,AGFDST,Metazoa,32,59,54.23728813559322,no
1268,AANDTT,Fungi,7,59,11.864406779661017,no
1269,AGFDST,Bacillati,5,59,8.47457627118644,no
1270,GHDTT,Fungi,3,59,5.084745762711865,no
1271,AGFDST,Methanobacteriati,2,59,3.389830508474576,no
1272,AGFDST,Fungi,8,59,13.559322033898304,no
1273,GGTETA,Viridiplantae,39,58,67.24137931034483,no
1274,AGAEST,Fungi,14,58,24.137931034482758,no
1275,GGYEST,Viridiplantae,29,58,50.0,no
1276,GGYEST,Fungi,3,58,5.172413793103448,no
1277,AGAEST,Metazoa,23,58,39.6551724137931,no
1278,AGAEST,Pseudomonadati,1,58,1.7241379310344827,no
1279,GGHEST,Fungi,13,58,22.413793103448278,no
1280,GGHEST,Bacillati,16,58,27.586206896551722,no
1281,ASIDTT,Metazoa,12,58,20.689655172413794,no
1282,GGYEST,Bacillati,4,58,6.896551724137931,no
1283,ASIDTT,Fungi,29,58,50.0,no
1284,GGHEST,Viridiplantae,27,58,46.55172413793103,no
1285,AGAEST,Viridiplantae,1,58,1.7241379310344827,no
1286,GGHEST,Pseudomonadati,2,58,3.4482758620689653,no
1287,GGTETA,Bacillati,14,58,24.137931034482758,no
1288,GGTETA,Metazoa,5,58,8.620689655172415,no
1289,AGAEST,Bacillati,19,58,32.758620689655174,no
1290,ASIDTT,Viridiplantae,16,58,27.586206896551722,no
1291,GGYEST,Metazoa,19,58,32.758620689655174,no
1292,GGYEST,Pseudomonadati,3,58,5.172413793103448,no
1293,GASDTT,Metazoa,4,57,7.017543859649122,no
1294,GASDTT,Fungi,7,57,12.280701754385964,no
1295,AGADTV,Metazoa,5,57,8.771929824561402,no
1296,AGADTV,Pseudomonadati,2,57,3.508771929824561,no
1297,AGFDIT,Fungi,57,57,100.0,no
1298,GASDTT,Viridiplantae,46,57,80.7017543859649,no
1299,LGYETT,Bacillati,54,57,94.73684210526315,no
1300,LGYETT,Metazoa,3,57,5.263157894736842,no
1301,AGADTV,Fungi,50,57,87.71929824561403,no
1302,EGFDTT,Metazoa,57,57,100.0,no
1303,VGYDTT,Fungi,17,56,30.357142857142854,no
1304,VGYDTT,Pseudomonadati,1,56,1.7857142857142856,no
1305,VGYDTT,Viridiplantae,2,56,3.571428571428571,no
1306,GGFEST,Viridiplantae,1,56,1.7857142857142856,no
1307,VGYDTT,Metazoa,36,56,64.28571428571429,no
1308,AGKDTI,Fungi,4,56,7.142857142857142,no
1309,AGHENT,Bacillati,9,56,16.071428571428573,no
1310,AGHENT,Pseudomonadati,2,56,3.571428571428571,no
1311,AGHENT,Viridiplantae,37,56,66.07142857142857,no
1312,GGFEST,Pseudomonadati,6,56,10.714285714285714,no
1313,ESSDTT,Viridiplantae,56,56,100.0,no
1314,GGFEST,Metazoa,49,56,87.5,no
1315,AGKDTI,Viridiplantae,52,56,92.85714285714286,no
1316,ASLDTS,Viridiplantae,51,56,91.07142857142857,no
1317,ASLDTS,Metazoa,4,56,7.142857142857142,no
1318,ASLDTS,Bacillati,1,56,1.7857142857142856,no
1319,AGHENT,Fungi,8,56,14.285714285714285,no
1320,AATETS,Pseudomonadati,1,55,1.8181818181818181,no
1321,AATETS,Bacillati,8,55,14.545454545454545,no
1322,GGYETV,Bacillati,51,55,92.72727272727272,no
1323,AGSESS,Viridiplantae,38,55,69.0909090909091,no
1324,GGYETV,Metazoa,4,55,7.2727272727272725,no
1325,AAEDTT,Viridiplantae,52,55,94.54545454545455,no
1326,AGSESS,Fungi,4,55,7.2727272727272725,no
1327,AGSESS,Metazoa,5,55,9.090909090909092,no
1328,AGSESS,Bacillati,8,55,14.545454545454545,no
1329,AGMVST,Metazoa,55,55,100.0,no
1330,AATETS,Fungi,4,55,7.2727272727272725,no
1331,VGHETS,Fungi,29,55,52.72727272727272,no
1332,VGHETS,Pseudomonadati,12,55,21.818181818181817,no
1333,VGHETS,Bacillati,14,55,25.454545454545453,no
1334,AATETS,Metazoa,2,55,3.6363636363636362,no
1335,AAEDTT,Pseudomonadati,1,55,1.8181818181818181,no
1336,AATETS,Viridiplantae,40,55,72.72727272727273,no
1337,AAEDTT,Fungi,2,55,3.6363636363636362,no
1338,AGNETA,Viridiplantae,1,54,1.8518518518518516,no
1339,AGNETA,Bacillati,53,54,98.14814814814815,no
1340,AGYESS,Viridiplantae,10,54,18.51851851851852,no
1341,AGYDTV,Pseudomonadati,2,54,3.7037037037037033,no
1342,AGYDTV,Viridiplantae,1,54,1.8518518518518516,no
1343,AGYDTV,Bacillati,1,54,1.8518518518518516,no
1344,AGYESS,Pseudomonadati,1,54,1.8518518518518516,no
1345,AGYESS,Fungi,3,54,5.555555555555555,no
1346,AGYESS,Bacillati,13,54,24.074074074074073,no
1347,AGSHTL,Fungi,54,54,100.0,no
1348,AGYDTV,Metazoa,49,54,90.74074074074075,no
1349,GGQHSS,Fungi,54,54,100.0,no
1350,AGYESS,Metazoa,27,54,50.0,no
1351,AGRDAT,Fungi,30,53,56.60377358490566,no
1352,GGFHTT,Pseudomonadati,1,53,1.8867924528301887,no
1353,GGFHTT,Viridiplantae,1,53,1.8867924528301887,no
1354,GGFHTT,Metazoa,49,53,92.45283018867924,no
1355,AGRDAT,Viridiplantae,21,53,39.62264150943396,no
1356,AAFETT,Metazoa,32,52,61.53846153846154,no
1357,AAFETT,Viridiplantae,9,52,17.307692307692307,no
1358,AAFETT,Fungi,6,52,11.538461538461538,no
1359,AAFETT,Pseudomonadati,2,52,3.8461538461538463,no
1360,AAFETT,Bacillati,3,52,5.769230769230769,no
1361,AGYEAT,Bacillati,5,52,9.615384615384617,no
1362,AGYEAT,Metazoa,46,52,88.46153846153845,no
1363,AGYEAT,Fungi,1,52,1.9230769230769231,no
1364,ASTDTT,Bacillati,3,52,5.769230769230769,no
1365,ASTDTT,Fungi,6,52,11.538461538461538,no
1366,ASTDTT,Metazoa,3,52,5.769230769230769,no
1367,EASDTT,Viridiplantae,52,52,100.0,no
1368,VGHDTT,Metazoa,7,52,13.461538461538462,no
1369,VGHDTT,Viridiplantae,6,52,11.538461538461538,no
1370,VGHDTT,Bacillati,28,52,53.84615384615385,no
1371,VGHDTT,Fungi,8,52,15.384615384615385,no
1372,ASTDTT,Viridiplantae,40,52,76.92307692307693,no
1373,ASHETT,Fungi,3,51,5.88235294117647,no
1374,ASHETT,Viridiplantae,36,51,70.58823529411765,no
1375,ASHETT,Bacillati,5,51,9.803921568627452,no
1376,VGHDST,Metazoa,1,51,1.9607843137254901,no
1377,VGHDST,Fungi,48,51,94.11764705882352,no
1378,ASHETT,Pseudomonadati,5,51,9.803921568627452,no
1379,AGYDST,Fungi,32,50,64.0,no
1380,AGYDST,Methanobacteriati,1,50,2.0,no
1381,AGYDST,Metazoa,11,50,22.0,no
1382,ANIDTT,Fungi,50,50,100.0,no
1383,AGQETA,Fungi,5,50,10.0,no
1384,AGQETA,Metazoa,1,50,2.0,no
1385,AGQETA,Viridiplantae,42,50,84.0,no
1386,AGQETA,Bacillati,2,50,4.0,no
1387,AGYDST,Bacillati,6,50,12.0,no
1388,AASETS,Bacillati,3,50,6.0,no
1389,AASETS,Viridiplantae,46,50,92.0,no
1390,GSTDTT,Metazoa,9,50,18.0,no
1391,GSTDTT,Viridiplantae,41,50,82.0,no
1392,AGQGTT,Bacillati,1,49,2.0408163265306123,no
1393,VGSETT,Fungi,24,49,48.97959183673469,no
1394,VGSETT,Metazoa,2,49,4.081632653061225,no
1395,AASDTS,Fungi,2,49,4.081632653061225,no
1396,AASDTS,Metazoa,1,49,2.0408163265306123,no
1397,AASDTS,Viridiplantae,46,49,93.87755102040816,no
1398,TGHDTS,Viridiplantae,1,49,2.0408163265306123,no
1399,TGHDTS,Pseudomonadati,1,49,2.0408163265306123,no
1400,AGDDNI,Fungi,1,49,2.0408163265306123,no
1401,AGDDNI,Bacillati,43,49,87.75510204081633,no
1402,TGHDTS,Metazoa,9,49,18.367346938775512,no
1403,TGHDTS,Fungi,14,49,28.57142857142857,no
1404,AGQGTT,Viridiplantae,29,49,59.183673469387756,no
1405,AGQGTT,Pseudomonadati,1,49,2.0408163265306123,no
1406,AGQGTT,Fungi,13,49,26.53061224489796,no
1407,VGSETT,Pseudomonadati,7,49,14.285714285714285,no
1408,VGSETT,Viridiplantae,15,49,30.612244897959183,no
1409,AGTATT,Metazoa,3,49,6.122448979591836,no
1410,AGTATT,Fungi,5,49,10.204081632653061,no
1411,AGTESS,Viridiplantae,37,49,75.51020408163265,no
1412,AGTESS,Metazoa,12,49,24.489795918367346,no
1413,TGHDTS,Bacillati,24,49,48.97959183673469,no
1414,AGQGTT,Metazoa,5,49,10.204081632653061,no
1415,AGTATT,Viridiplantae,41,49,83.6734693877551,no
1416,AGHENP,Bacillati,5,49,10.204081632653061,no
1417,AGHENP,Fungi,44,49,89.79591836734694,no
1418,AAFDTS,Viridiplantae,41,48,85.41666666666666,no
1419,AGEGTT,Metazoa,1,48,2.083333333333333,no
1420,TAHYTT,Metazoa,48,48,100.0,no
1421,LGHETT,Pseudomonadati,1,48,2.083333333333333,no
1422,AGQEAT,Bacillati,31,48,64.58333333333334,no
1423,AGQEAT,Fungi,1,48,2.083333333333333,no
1424,TGYETT,Bacillati,11,48,22.916666666666664,no
1425,TGYETT,Fungi,3,48,6.25,no
1426,TGYETT,Pseudomonadati,1,48,2.083333333333333,no
1427,TGYETT,Metazoa,32,48,66.66666666666666,no
1428,AGTETN,Viridiplantae,46,48,95.83333333333334,no
1429,GGFETV,Metazoa,17,48,35.41666666666667,no
1430,GGSEST,Pseudomonadati,2,48,4.166666666666666,no
1431,GGSEST,Viridiplantae,21,48,43.75,no
1432,GGSEST,Fungi,23,48,47.91666666666667,no
1433,GGSEST,Metazoa,1,48,2.083333333333333,no
1434,GGSEST,Bacillati,1,48,2.083333333333333,no
1435,AGEGTT,Fungi,46,48,95.83333333333334,no
1436,AGTETN,Metazoa,2,48,4.166666666666666,no
1437,AGEGTT,Pseudomonadati,1,48,2.083333333333333,no
1438,GGFETV,Fungi,31,48,64.58333333333334,no
1439,AGQEAT,Viridiplantae,11,48,22.916666666666664,no
1440,AGTHTS,Viridiplantae,48,48,100.0,no
1441,AAFDTS,Metazoa,7,48,14.583333333333334,no
1442,AGQEAT,Pseudomonadati,5,48,10.416666666666668,no
1443,LGHETT,Bacillati,42,48,87.5,no
1444,LGHETT,Fungi,4,48,8.333333333333332,no
1445,TGYETT,Viridiplantae,1,48,2.083333333333333,no
1446,ASVDTT,Metazoa,4,47,8.51063829787234,no
1447,ASVDTT,Viridiplantae,29,47,61.702127659574465,no
1448,TGAETT,Pseudomonadati,1,47,2.127659574468085,no
1449,ASVDTT,Pseudomonadati,2,47,4.25531914893617,no
1450,TGAETT,Bacillati,43,47,91.48936170212765,no
1451,TGAETT,Metazoa,1,47,2.127659574468085,no
1452,GGQHNT,Fungi,47,47,100.0,no
1453,TGAETT,Viridiplantae,2,47,4.25531914893617,no
1454,ASVDTT,Bacillati,1,47,2.127659574468085,no
1455,ASVDTT,Fungi,1,47,2.127659574468085,no
1456,AGKDSS,Viridiplantae,42,46,91.30434782608695,no
1457,AGHNTT,Pseudomonadati,1,46,2.1739130434782608,no
1458,AGHNTT,Metazoa,4,46,8.695652173913043,no
1459,GGIGTS,Bacillati,1,46,2.1739130434782608,no
1460,GGYETI,Viridiplantae,2,46,4.3478260869565215,no
1461,GGYETI,Bacillati,30,46,65.21739130434783,no
1462,GGYETI,Metazoa,14,46,30.434782608695656,no
1463,AGQEPV,Bacillati,42,46,91.30434782608695,no
1464,AGQEPV,Pseudomonadati,4,46,8.695652173913043,no
1465,AGHNTT,Bacillati,9,46,19.565217391304348,no
1466,AGHNTT,Viridiplantae,6,46,13.043478260869565,no
1467,AGHNTT,Fungi,26,46,56.52173913043478,no
1468,GGIGTS,Viridiplantae,45,46,97.82608695652173,no
1469,AGQHTT,Bacillati,1,46,2.1739130434782608,no
1470,AGQHTT,Fungi,25,46,54.347826086956516,no
1471,AGQHTT,Metazoa,6,46,13.043478260869565,no
1472,AGQHTT,Viridiplantae,14,46,30.434782608695656,no
1473,AGHDSV,Viridiplantae,3,45,6.666666666666667,no
1474,ASVHTT,Fungi,45,45,100.0,no
1475,AGHDSV,Metazoa,30,45,66.66666666666666,no
1476,AATDST,Metazoa,1,45,2.2222222222222223,no
1477,AATDST,Bacillati,2,45,4.444444444444445,no
1478,AATDST,Fungi,9,45,20.0,no
1479,AATDST,Viridiplantae,32,45,71.11111111111111,no
1480,SGQETV,Viridiplantae,45,45,100.0,no
1481,AGTDPT,Viridiplantae,25,45,55.55555555555556,no
1482,AGTDPT,Metazoa,14,45,31.11111111111111,no
1483,GASETS,Viridiplantae,45,45,100.0,no
1484,AGHDSV,Fungi,1,45,2.2222222222222223,no
1485,AGHDSV,Bacillati,11,45,24.444444444444443,no
1486,AGTDPT,Bacillati,1,45,2.2222222222222223,no
1487,AGTDPT,Fungi,5,45,11.11111111111111,no
1488,AAIETV,Fungi,42,44,95.45454545454545,no
1489,GGNETS,Bacillati,10,44,22.727272727272727,no
1490,GGNLTT,Pseudomonadati,44,44,100.0,no
1491,SGQETT,Bacillati,1,44,2.272727272727273,no
1492,AGQDST,Viridiplantae,14,44,31.818181818181817,no
1493,SGQETT,Viridiplantae,14,44,31.818181818181817,no
1494,SGQETT,Metazoa,29,44,65.9090909090909,no
1495,AGQDST,Metazoa,8,44,18.181818181818183,no
1496,AAFENN,Metazoa,44,44,100.0,no
1497,AGTDTG,Metazoa,2,44,4.545454545454546,no
1498,AGTDTG,Fungi,2,44,4.545454545454546,no
1499,AGQDST,Fungi,9,44,20.454545454545457,no
1500,AAIETV,Viridiplantae,2,44,4.545454545454546,no
1501,GGNETS,Viridiplantae,2,44,4.545454545454546,no
1502,GGNETS,Pseudomonadati,2,44,4.545454545454546,no
1503,GGNETS,Metazoa,30,44,68.18181818181817,no
1504,AGTDTG,Viridiplantae,40,44,90.9090909090909,no
1505,GAVDTT,Metazoa,34,43,79.06976744186046,no
1506,AGTGTS,Viridiplantae,34,43,79.06976744186046,no
1507,ASSETT,Viridiplantae,25,43,58.139534883720934,no
1508,ASSETT,Metazoa,8,43,18.6046511627907,no
1509,AGTGTS,Fungi,3,43,6.976744186046512,no
1510,GAVDTT,Viridiplantae,1,43,2.3255813953488373,no
1511,GAVDTT,Fungi,7,43,16.27906976744186,no
1512,AGSGTS,Viridiplantae,18,43,41.86046511627907,no
1513,AGSGTS,Fungi,25,43,58.139534883720934,no
1514,ASSETT,Fungi,6,43,13.953488372093023,no
1515,ASSETT,Bacillati,4,43,9.30232558139535,no
1516,AGTGTS,Metazoa,6,43,13.953488372093023,no
1517,AGTEAT,Fungi,1,42,2.380952380952381,no
1518,GGYDTS,Metazoa,22,42,52.38095238095239,no
1519,GGYDTS,Pseudomonadati,9,42,21.428571428571427,no
1520,AGTEAT,Metazoa,11,42,26.190476190476193,no
1521,AGTEAT,Viridiplantae,28,42,66.66666666666666,no
1522,ASFHTT,Viridiplantae,42,42,100.0,no
1523,GGYDTS,Fungi,1,42,2.380952380952381,no
1524,AGSDPT,Fungi,40,42,95.23809523809523,no
1525,AGIDTA,Viridiplantae,22,42,52.38095238095239,no
1526,GGFDSV,Metazoa,41,42,97.61904761904762,no
1527,AGSDPT,Viridiplantae,2,42,4.761904761904762,no
1528,AGSDSV,Viridiplantae,1,42,2.380952380952381,no
1529,AGSDSV,Metazoa,13,42,30.952380952380953,no
1530,AGSDSV,Fungi,24,42,57.14285714285714,no
1531,AGGQTT,Metazoa,40,42,95.23809523809523,no
1532,AGGQTT,Viridiplantae,1,42,2.380952380952381,no
1533,AGSDSV,Bacillati,4,42,9.523809523809524,no
1534,AGIDTA,Bacillati,2,42,4.761904761904762,no
1535,AGIDTA,Fungi,3,42,7.142857142857142,no
1536,AGIDTA,Metazoa,15,42,35.714285714285715,no
1537,GGYDTS,Viridiplantae,7,42,16.666666666666664,no
1538,AGGQTT,Fungi,1,42,2.380952380952381,no
1539,AGTEAT,Bacillati,2,42,4.761904761904762,no
1540,AGIDST,Fungi,8,41,19.51219512195122,no
1541,AGIDST,Viridiplantae,4,41,9.75609756097561,no
1542,AGIDST,Metazoa,19,41,46.34146341463415,no
1543,AGVSTS,Viridiplantae,41,41,100.0,no
1544,AGIDST,Bacillati,2,41,4.878048780487805,no
1545,GGRDTT,Fungi,17,40,42.5,yes
1546,GATETT,Bacillati,1,40,2.5,no
1547,AGTETL,Viridiplantae,28,40,70.0,no
1548,AGFHTS,Bacillati,1,40,2.5,no
1549,AGFHTS,Metazoa,35,40,87.5,no
1550,AGFHTS,Pseudomonadati,3,40,7.5,no
1551,GGRDTT,Bacillati,1,40,2.5,yes
1552,GGRDTT,Viridiplantae,10,40,25.0,yes
1553,GGVDTG,Viridiplantae,38,40,95.0,no
1554,GGVDTG,Metazoa,1,40,2.5,no
1555,GATETT,Pseudomonadati,1,40,2.5,no
1556,GATETT,Viridiplantae,26,40,65.0,no
1557,AAIDTS,Viridiplantae,38,40,95.0,no
1558,GGVDTG,Fungi,1,40,2.5,no
1559,GGIDAT,Bacillati,3,40,7.5,no
1560,GGIDAT,Metazoa,37,40,92.5,no
1561,AGTETL,Bacillati,3,40,7.5,no
1562,AGTETL,Metazoa,9,40,22.5,no
1563,GATETT,Fungi,1,40,2.5,no
1564,GATETT,Metazoa,10,40,25.0,no
1565,AAIDTS,Fungi,2,40,5.0,no
1566,AGGDTV,Fungi,25,39,64.1025641025641,no
1567,GGNDTS,Viridiplantae,4,39,10.256410256410255,no
1568,GALDTS,Viridiplantae,39,39,100.0,no
1569,ASNDTT,Fungi,2,39,5.128205128205128,no
1570,ASNDTT,Bacillati,25,39,64.1025641025641,no
1571,ASNDTT,Viridiplantae,4,39,10.256410256410255,no
1572,ASNDTT,Metazoa,8,39,20.51282051282051,no
1573,AARDTV,Viridiplantae,38,39,97.43589743589743,no
1574,AGTDAS,Metazoa,8,39,20.51282051282051,no
1575,GGSDTA,Fungi,2,39,5.128205128205128,no
1576,GGSDTA,Viridiplantae,37,39,94.87179487179486,no
1577,AGTDAS,Viridiplantae,31,39,79.48717948717949,no
1578,AGGDTV,Viridiplantae,13,39,33.33333333333333,no
1579,AGGDTV,Metazoa,1,39,2.564102564102564,no
1580,AARDTV,Fungi,1,39,2.564102564102564,no
1581,GGNDTS,Bacillati,2,39,5.128205128205128,no
1582,AGASTG,Fungi,39,39,100.0,no
1583,GGNDTS,Metazoa,32,39,82.05128205128204,no
1584,GGNDTS,Pseudomonadati,1,39,2.564102564102564,no
1585,GGEDTT,Fungi,16,38,42.10526315789473,yes
1586,AGYVTT,Fungi,2,38,5.263157894736842,no
1587,AGHGST,Pseudomonadati,38,38,100.0,no
1588,AGKETL,Viridiplantae,38,38,100.0,no
1589,AGYVTT,Bacillati,28,38,73.68421052631578,no
1590,AGYVTT,Metazoa,8,38,21.052631578947366,no
1591,GGEDTT,Viridiplantae,10,38,26.31578947368421,yes
1592,AGNATT,Pseudomonadati,1,38,2.631578947368421,no
1593,SGHDTT,Metazoa,19,38,50.0,no
1594,EGHDTI,Metazoa,38,38,100.0,no
1595,AGNATT,Fungi,3,38,7.894736842105263,no
1596,AGNATT,Bacillati,3,38,7.894736842105263,no
1597,AGNATT,Metazoa,27,38,71.05263157894737,no
1598,GGEDTT,Pseudomonadati,12,38,31.57894736842105,yes
1599,SGHDTT,Bacillati,3,38,7.894736842105263,no
1600,SGHDTT,Fungi,15,38,39.473684210526315,no
1601,AGRETS,Viridiplantae,22,37,59.45945945945946,no
1602,AGRETS,Metazoa,13,37,35.13513513513514,no
1603,AGRETS,Fungi,1,37,2.7027027027027026,no
1604,ASTDTS,Viridiplantae,32,37,86.48648648648648,no
1605,AALETT,Fungi,15,37,40.54054054054054,no
1606,AALETT,Pseudomonadati,1,37,2.7027027027027026,no
1607,AGYHTT,Bacillati,17,37,45.94594594594595,no
1608,ASLDTT,Bacillati,5,37,13.513513513513514,no
1609,ASLDTT,Fungi,1,37,2.7027027027027026,no
1610,ASLDTT,Metazoa,1,37,2.7027027027027026,no
1611,AALETT,Bacillati,21,37,56.75675675675676,no
1612,ASLDTT,Viridiplantae,30,37,81.08108108108108,no
1613,AGKDPI,Viridiplantae,37,37,100.0,no
1614,AGHDTL,Pseudomonadati,2,37,5.405405405405405,no
1615,AGYHTT,Metazoa,12,37,32.432432432432435,no
1616,ASVDNP,Viridiplantae,37,37,100.0,no
1617,AGYHTT,Pseudomonadati,1,37,2.7027027027027026,no
1618,AGYHTT,Viridiplantae,1,37,2.7027027027027026,no
1619,AGYHTT,Fungi,6,37,16.216216216216218,no
1620,ASTDTS,Metazoa,5,37,13.513513513513514,no
1621,AGLEST,Bacillati,8,37,21.62162162162162,no
1622,AGLEST,Viridiplantae,13,37,35.13513513513514,no
1623,AGHDTL,Fungi,2,37,5.405405405405405,no
1624,AGHDTL,Bacillati,4,37,10.81081081081081,no
1625,GGINTS,Viridiplantae,37,37,100.0,no
1626,AGHDTL,Metazoa,29,37,78.37837837837837,no
1627,GSIETS,Metazoa,37,37,100.0,no
1628,AGTDTL,Viridiplantae,23,37,62.16216216216216,no
1629,AGTDTL,Metazoa,4,37,10.81081081081081,no
1630,AGTDTL,Fungi,10,37,27.027027027027028,no
1631,AGLEST,Pseudomonadati,4,37,10.81081081081081,no
1632,AGLEST,Fungi,1,37,2.7027027027027026,no
1633,AGLEST,Metazoa,11,37,29.72972972972973,no
1634,GGFDST,Metazoa,34,37,91.8918918918919,no
1635,GGFDST,Bacillati,2,37,5.405405405405405,no
1636,GAIDTT,Viridiplantae,26,36,72.22222222222221,no
1637,AGLETV,Viridiplantae,2,36,5.555555555555555,no
1638,AGLETV,Metazoa,20,36,55.55555555555556,no
1639,GAIDTT,Metazoa,9,36,25.0,no
1640,VGFETS,Metazoa,36,36,100.0,no
1641,AALDTS,Viridiplantae,31,36,86.11111111111111,no
1642,AALDTS,Bacillati,3,36,8.333333333333332,no
1643,AATDPT,Viridiplantae,36,36,100.0,no
1644,AGHDAT,Bacillati,4,36,11.11111111111111,no
1645,GAIDTT,Fungi,1,36,2.7777777777777777,no
1646,RGTDTV,Viridiplantae,36,36,100.0,no
1647,AGLETV,Bacillati,4,36,11.11111111111111,no
1648,AGLETV,Fungi,10,36,27.77777777777778,no
1649,AALDTS,Fungi,1,36,2.7777777777777777,no
1650,AALDTS,Metazoa,1,36,2.7777777777777777,no
1651,AGHDAT,Fungi,31,36,86.11111111111111,no
1652,AAHEST,Pseudomonadati,10,35,28.57142857142857,no
1653,AAHEST,Fungi,7,35,20.0,no
1654,ASYETS,Viridiplantae,24,35,68.57142857142857,no
1655,GGYEPT,Metazoa,34,35,97.14285714285714,no
1656,AGSGTV,Metazoa,2,35,5.714285714285714,no
1657,GGYEPT,Viridiplantae,1,35,2.857142857142857,no
1658,AGHETG,Viridiplantae,1,35,2.857142857142857,no
1659,AGHETG,Bacillati,3,35,8.571428571428571,no
1660,AGTQTT,Metazoa,27,35,77.14285714285715,no
1661,AGTQTT,Bacillati,3,35,8.571428571428571,no
1662,AGSGTV,Viridiplantae,13,35,37.142857142857146,no
1663,AGSGTV,Fungi,20,35,57.14285714285714,no
1664,AGTQTT,Viridiplantae,5,35,14.285714285714285,no
1665,AGAETV,Metazoa,7,35,20.0,no
1666,AGHETG,Metazoa,1,35,2.857142857142857,no
1667,AGAETV,Bacillati,18,35,51.42857142857142,no
1668,AGHETG,Pseudomonadati,27,35,77.14285714285715,no
1669,AGHETG,Fungi,3,35,8.571428571428571,no
1670,AAHEST,Bacillati,18,35,51.42857142857142,no
1671,ASYETS,Metazoa,11,35,31.428571428571427,no
1672,AGAETV,Fungi,10,35,28.57142857142857,no
1673,DGLDTT,Metazoa,35,35,100.0,no
1674,AGMDTA,Bacillati,5,34,14.705882352941178,no
1675,AGHDSS,Viridiplantae,10,34,29.411764705882355,no
1676,GGIDTN,Viridiplantae,34,34,100.0,no
1677,PSLDTT,Bacillati,34,34,100.0,no
1678,TGTEST,Metazoa,2,34,5.88235294117647,no
1679,AGMDTA,Viridiplantae,20,34,58.82352941176471,no
1680,AGMDTA,Thermotogati,7,34,20.588235294117645,no
1681,AGMDTA,Metazoa,2,34,5.88235294117647,no
1682,GGGDTT,Bacillati,2,34,5.88235294117647,yes
1683,AGTDAT,Fungi,14,34,41.17647058823529,no
1684,AGHDSS,Metazoa,1,34,2.941176470588235,no
1685,AGHDSS,Bacillati,4,34,11.76470588235294,no
1686,AGHDSS,Fungi,17,34,50.0,no
1687,GGIETS,Viridiplantae,18,34,52.94117647058824,no
1688,GGIETS,Metazoa,3,34,8.823529411764707,no
1689,GGIETS,Fungi,2,34,5.88235294117647,no
1690,GGIETS,Bacillati,11,34,32.35294117647059,no
1691,GGGDTT,Viridiplantae,24,34,70.58823529411765,yes
1692,GGGDTT,Pseudomonadati,1,34,2.941176470588235,yes
1693,GGGDTT,Fungi,7,34,20.588235294117645,yes
1694,AGHDSS,Methanobacteriati,2,34,5.88235294117647,no
1695,AGTDAT,Viridiplantae,17,34,50.0,no
1696,AGTDAT,Metazoa,3,34,8.823529411764707,no
1697,AGHKST,Bacillati,34,34,100.0,no
1698,TGTEST,Viridiplantae,32,34,94.11764705882352,no
1699,GAVETT,Bacillati,4,33,12.121212121212121,no
1700,GGTGTT,Bacillati,5,33,15.151515151515152,no
1701,GGTGTT,Metazoa,4,33,12.121212121212121,no
1702,GGTGTT,Viridiplantae,24,33,72.72727272727273,no
1703,AGSETL,Bacillati,10,33,30.303030303030305,no
1704,AGASTT,Pseudomonadati,8,33,24.242424242424242,no
1705,GGLEST,Viridiplantae,5,33,15.151515151515152,no
1706,SGFETV,Viridiplantae,33,33,100.0,no
1707,AGGETA,Fungi,9,33,27.27272727272727,no
1708,AGGETA,Metazoa,1,33,3.0303030303030303,no
1709,GAFDTT,Viridiplantae,3,33,9.090909090909092,no
1710,GGSDST,Fungi,5,33,15.151515151515152,no
1711,GGSDST,Viridiplantae,28,33,84.84848484848484,no
1712,GGFHTS,Fungi,3,33,9.090909090909092,no
1713,GGFHTS,Metazoa,28,33,84.84848484848484,no
1714,GGFHTS,Pseudomonadati,2,33,6.0606060606060606,no
1715,GGLEST,Bacillati,1,33,3.0303030303030303,no
1716,GGLEST,Fungi,27,33,81.81818181818183,no
1717,AGASTT,Viridiplantae,22,33,66.66666666666666,no
1718,AGASTT,Bacillati,1,33,3.0303030303030303,no
1719,AGGETA,Viridiplantae,23,33,69.6969696969697,no
1720,EGFETT,Metazoa,5,33,15.151515151515152,no
1721,EGFETT,Viridiplantae,28,33,84.84848484848484,no
1722,AGASTT,Fungi,1,33,3.0303030303030303,no
1723,GAFDTT,Bacillati,23,33,69.6969696969697,no
1724,GAFDTT,Metazoa,5,33,15.151515151515152,no
1725,AGRNTT,Fungi,26,33,78.78787878787878,no
1726,AGRNTT,Viridiplantae,7,33,21.21212121212121,no
1727,AGSETL,Fungi,20,33,60.60606060606061,no
1728,AGSETL,Metazoa,1,33,3.0303030303030303,no
1729,AGSETL,Viridiplantae,2,33,6.0606060606060606,no
1730,VGTDTT,Metazoa,1,33,3.0303030303030303,no
1731,GAVETT,Metazoa,29,33,87.87878787878788,no
1732,VGTDTT,Viridiplantae,12,33,36.36363636363637,no
1733,VGTDTT,Bacillati,2,33,6.0606060606060606,no
1734,VGTDTT,Fungi,15,33,45.45454545454545,no
1735,AGRDTL,Viridiplantae,29,32,90.625,no
1736,AGRDAI,Viridiplantae,32,32,100.0,no
1737,GAIHTT,Fungi,32,32,100.0,no
1738,AGLHTT,Bacillati,17,32,53.125,no
1739,AGLHTT,Fungi,4,32,12.5,no
1740,AGLHTT,Metazoa,6,32,18.75,no
1741,GGTDSS,Viridiplantae,30,32,93.75,no
1742,GSVDTT,Metazoa,30,32,93.75,no
1743,GSVDTT,Viridiplantae,2,32,6.25,no
1744,GAFETS,Metazoa,3,32,9.375,no
1745,GAFETS,Viridiplantae,13,32,40.625,no
1746,AGNEST,Metazoa,3,32,9.375,no
1747,AGNEST,Bacillati,4,32,12.5,no
1748,GGTDSS,Fungi,2,32,6.25,no
1749,AAHLTT,Metazoa,4,32,12.5,no
1750,AAHLTT,Pseudomonadati,28,32,87.5,no
1751,AARDTI,Viridiplantae,32,32,100.0,no
1752,AGNEST,Pseudomonadati,25,32,78.125,no
1753,GAFETS,Fungi,16,32,50.0,no
1754,AGHQST,Fungi,1,32,3.125,no
1755,AGMITT,Metazoa,26,32,81.25,no
1756,AGMITT,Viridiplantae,6,32,18.75,no
1757,TGFETT,Bacillati,23,32,71.875,no
1758,TGFETT,Fungi,2,32,6.25,no
1759,TGFETT,Metazoa,7,32,21.875,no
1760,AGHQST,Metazoa,23,32,71.875,no
1761,AGHQST,Pseudomonadati,8,32,25.0,no
1762,EGYETS,Metazoa,32,32,100.0,no
1763,AAKETT,Viridiplantae,32,32,100.0,no
1764,AGLHTT,Pseudomonadati,1,32,3.125,no
1765,AGLHTT,Viridiplantae,4,32,12.5,no
1766,AGRDTL,Fungi,3,32,9.375,no
1767,GAIETS,Bacillati,6,31,19.35483870967742,no
1768,GAIETS,Metazoa,13,31,41.935483870967744,no
1769,GAIETS,Viridiplantae,12,31,38.70967741935484,no
1770,AGQETI,Viridiplantae,19,31,61.29032258064516,no
1771,AGQETI,Fungi,6,31,19.35483870967742,no
1772,AGQETI,Metazoa,5,31,16.129032258064516,no
1773,AGRDNT,Viridiplantae,1,31,3.225806451612903,no
1774,AGHTTT,Bacillati,8,31,25.806451612903224,no
1775,AGHTTT,Fungi,3,31,9.67741935483871,no
1776,TGSDTT,Bacillati,1,31,3.225806451612903,no
1777,TGSDTT,Fungi,20,31,64.51612903225806,no
1778,TGSDTT,Metazoa,5,31,16.129032258064516,no
1779,TGSDTT,Viridiplantae,1,31,3.225806451612903,no
1780,GSYDTT,Metazoa,6,31,19.35483870967742,no
1781,GSYDTT,Viridiplantae,25,31,80.64516129032258,no
1782,AGHTTT,Pseudomonadati,15,31,48.38709677419355,no
1783,AGSETM,Bacillati,2,31,6.451612903225806,no
1784,AGSETM,Fungi,22,31,70.96774193548387,no
1785,AGSETM,Metazoa,7,31,22.58064516129032,no
1786,AGIDTN,Viridiplantae,31,31,100.0,no
1787,GGRDTI,Pseudomonadati,26,31,83.87096774193549,no
1788,GGRDTI,Viridiplantae,3,31,9.67741935483871,no
1789,GGYDTV,Fungi,1,31,3.225806451612903,no
1790,GGYDTV,Metazoa,28,31,90.32258064516128,no
1791,GGYDTV,Viridiplantae,2,31,6.451612903225806,no
1792,AGIETV,Bacillati,5,31,16.129032258064516,no
1793,AGIETV,Fungi,1,31,3.225806451612903,no
1794,AGIETV,Metazoa,25,31,80.64516129032258,no
1795,AGRDNT,Fungi,28,31,90.32258064516128,no
1796,AGQETI,Pseudomonadati,1,31,3.225806451612903,no
1797,AGGDPT,Metazoa,10,30,33.33333333333333,no
1798,ASTETT,Viridiplantae,9,30,30.0,no
1799,GGTATT,Metazoa,5,30,16.666666666666664,no
1800,AGYATT,Fungi,1,30,3.3333333333333335,no
1801,AGYATT,Metazoa,4,30,13.333333333333334,no
1802,AGVETV,Fungi,6,30,20.0,no
1803,AAHDTA,Viridiplantae,1,30,3.3333333333333335,no
1804,AAHDTA,Bacillati,28,30,93.33333333333333,no
1805,AAHDTA,Fungi,1,30,3.3333333333333335,no
1806,AGSDTN,Viridiplantae,8,30,26.666666666666668,no
1807,AGSDTL,Fungi,21,30,70.0,no
1808,AGSDTL,Metazoa,9,30,30.0,no
1809,AGKDLI,Viridiplantae,30,30,100.0,no
1810,AGSDTN,Fungi,11,30,36.666666666666664,no
1811,AGSHST,Fungi,28,30,93.33333333333333,no
1812,GGTATT,Viridiplantae,25,30,83.33333333333334,no
1813,AGYATT,Viridiplantae,3,30,10.0,no
1814,AGYATT,Bacillati,22,30,73.33333333333333,no
1815,ASTETT,Bacillati,8,30,26.666666666666668,no
1816,ASTETT,Fungi,3,30,10.0,no
1817,ASTETT,Metazoa,9,30,30.0,no
1818,AGGDPT,Fungi,20,30,66.66666666666666,no
1819,AAFLTT,Metazoa,30,30,100.0,no
1820,AGFTTS,Metazoa,2,30,6.666666666666667,no
1821,AGFTTS,Fungi,28,30,93.33333333333333,no
1822,AGVETV,Metazoa,19,30,63.33333333333333,no
1823,AGVETV,Bacillati,5,30,16.666666666666664,no
1824,AGSDTN,Metazoa,10,30,33.33333333333333,no
1825,AGGEST,Metazoa,3,29,10.344827586206897,no
1826,AGGEST,Pseudomonadati,4,29,13.793103448275861,no
1827,AGQGTI,Viridiplantae,29,29,100.0,no
1828,GGHDTI,Fungi,1,29,3.4482758620689653,no
1829,GGHDTI,Pseudomonadati,1,29,3.4482758620689653,no
1830,GGHDTI,Metazoa,18,29,62.06896551724138,no
1831,GGTDNT,Fungi,1,29,3.4482758620689653,no
1832,GGTDNT,Viridiplantae,28,29,96.55172413793103,no
1833,AAKDTT,Viridiplantae,27,29,93.10344827586206,no
1834,AGSKTT,Viridiplantae,6,29,20.689655172413794,no
1835,ASFETI,Metazoa,2,29,6.896551724137931,no
1836,ASFETI,Viridiplantae,27,29,93.10344827586206,no
1837,AGSKTT,Metazoa,21,29,72.41379310344827,no
1838,AGSKTT,Fungi,2,29,6.896551724137931,no
1839,GGHDTI,Viridiplantae,9,29,31.03448275862069,no
1840,AGGEST,Fungi,2,29,6.896551724137931,no
1841,AGGEST,Bacillati,19,29,65.51724137931035,no
1842,AGGEST,Viridiplantae,1,29,3.4482758620689653,no
1843,AGNGTI,Viridiplantae,29,29,100.0,no
1844,GGHETV,Bacillati,8,28,28.57142857142857,no
1845,ASSETS,Viridiplantae,28,28,100.0,no
1846,AGIEST,Viridiplantae,9,28,32.142857142857146,no
1847,DGYETT,Metazoa,22,28,78.57142857142857,no
1848,AGYEPV,Viridiplantae,1,28,3.571428571428571,no
1849,DGYETT,Bacillati,5,28,17.857142857142858,no
1850,DGYETT,Fungi,1,28,3.571428571428571,no
1851,AGYEPV,Metazoa,7,28,25.0,no
1852,GGHETV,Fungi,4,28,14.285714285714285,no
1853,AGYEPV,Fungi,20,28,71.42857142857143,no
1854,GGHETV,Viridiplantae,5,28,17.857142857142858,no
1855,GGHETV,Metazoa,9,28,32.142857142857146,no
1856,GGHETV,Pseudomonadati,2,28,7.142857142857142,no
1857,GGHHTT,Bacillati,1,28,3.571428571428571,no
1858,GGHHTT,Fungi,4,28,14.285714285714285,no
1859,GGHHTT,Metazoa,8,28,28.57142857142857,no
1860,GGHHTT,Pseudomonadati,1,28,3.571428571428571,no
1861,GGHHTT,Viridiplantae,14,28,50.0,no
1862,AGTSTT,Metazoa,8,28,28.57142857142857,no
1863,GGIDTC,Viridiplantae,28,28,100.0,no
1864,GGTETI,Fungi,1,28,3.571428571428571,no
1865,AGTSTT,Viridiplantae,19,28,67.85714285714286,no
1866,AGIEST,Bacillati,12,28,42.857142857142854,no
1867,GGTETI,Metazoa,15,28,53.57142857142857,no
1868,GGTETI,Viridiplantae,12,28,42.857142857142854,no
1869,AGIEST,Metazoa,7,28,25.0,no
1870,AGTSTT,Fungi,1,28,3.571428571428571,no
1871,AGIHTT,Fungi,21,27,77.77777777777779,no
1872,AGHSTT,Methanobacteriati,3,27,11.11111111111111,no
1873,AGHSTT,Pseudomonadati,14,27,51.85185185185185,no
1874,AGHSTT,Viridiplantae,2,27,7.4074074074074066,no
1875,TGFDTT,Metazoa,26,27,96.29629629629629,no
1876,AGTSTS,Viridiplantae,27,27,100.0,no
1877,AGTNST,Metazoa,1,27,3.7037037037037033,no
1878,AGTNST,Viridiplantae,25,27,92.5925925925926,no
1879,ASFETV,Fungi,1,27,3.7037037037037033,no
1880,TGFDTT,Fungi,1,27,3.7037037037037033,no
1881,ASFETV,Viridiplantae,25,27,92.5925925925926,no
1882,ASFETV,Pseudomonadati,1,27,3.7037037037037033,no
1883,AGNATV,Viridiplantae,7,27,25.925925925925924,no
1884,AGTNST,Fungi,1,27,3.7037037037037033,no
1885,AGYDTI,Metazoa,17,27,62.96296296296296,no
1886,AGYDTI,Fungi,6,27,22.22222222222222,no
1887,GGTNTT,Fungi,5,27,18.51851851851852,no
1888,GGTNTT,Metazoa,4,27,14.814814814814813,no
1889,GGLHTV,Bacillati,27,27,100.0,no
1890,AGYDTI,Viridiplantae,4,27,14.814814814814813,no
1891,AGNATV,Fungi,20,27,74.07407407407408,no
1892,GAFETT,Fungi,3,27,11.11111111111111,no
1893,GAFETT,Metazoa,19,27,70.37037037037037,no
1894,NGHETT,Bacillati,27,27,100.0,no
1895,AGIEAT,Metazoa,1,27,3.7037037037037033,no
1896,GGTNTT,Viridiplantae,18,27,66.66666666666666,no
1897,AGIEAT,Bacillati,26,27,96.29629629629629,no
1898,AGHSTT,Bacillati,4,27,14.814814814814813,no
1899,AGHSTT,Fungi,1,27,3.7037037037037033,no
1900,AGHSTT,Metazoa,2,27,7.4074074074074066,no
1901,GAHETT,Bacillati,3,27,11.11111111111111,no
1902,GAHETT,Fungi,2,27,7.4074074074074066,no
1903,AGTDSV,Fungi,19,27,70.37037037037037,no
1904,TGTDTS,Fungi,1,27,3.7037037037037033,no
1905,TGTDTS,Metazoa,1,27,3.7037037037037033,no
1906,TGTDTS,Viridiplantae,25,27,92.5925925925926,no
1907,AGTDSV,Metazoa,2,27,7.4074074074074066,no
1908,AGTDSV,Viridiplantae,6,27,22.22222222222222,no
1909,GAHETT,Viridiplantae,21,27,77.77777777777779,no
1910,GAFETT,Bacillati,4,27,14.814814814814813,no
1911,GSIDTT,Fungi,3,27,11.11111111111111,no
1912,GSIDTT,Viridiplantae,24,27,88.88888888888889,no
1913,AGIHTT,Viridiplantae,3,27,11.11111111111111,no
1914,AGIHTT,Metazoa,3,27,11.11111111111111,no
1915,GGIDTG,Viridiplantae,25,26,96.15384615384616,no
1916,GGLDTL,Bacillati,1,26,3.8461538461538463,no
1917,GGLDTL,Fungi,22,26,84.61538461538461,no
1918,GGLDTL,Metazoa,1,26,3.8461538461538463,no
1919,SGNETT,Viridiplantae,1,26,3.8461538461538463,no
1920,GGLDTL,Pseudomonadati,1,26,3.8461538461538463,no
1921,GGLDTL,Viridiplantae,1,26,3.8461538461538463,no
1922,SGNETT,Pseudomonadati,3,26,11.538461538461538,no
1923,AGIDSS,Viridiplantae,22,26,84.61538461538461,no
1924,AGTESV,Metazoa,8,26,30.76923076923077,no
1925,GGIDTG,Metazoa,1,26,3.8461538461538463,no
1926,AGFGTI,Metazoa,26,26,100.0,no
1927,AGHEAN,Fungi,26,26,100.0,no
1928,AGRSTT,Fungi,25,26,96.15384615384616,no
1929,AGRSTT,Viridiplantae,1,26,3.8461538461538463,no
1930,GANETT,Bacillati,25,26,96.15384615384616,no
1931,GANETT,Fungi,1,26,3.8461538461538463,no
1932,AGIDSS,Fungi,1,26,3.8461538461538463,no
1933,DGYDTT,Metazoa,26,26,100.0,no
1934,AGVHTT,Pseudomonadati,1,26,3.8461538461538463,no
1935,AGVHTT,Viridiplantae,4,26,15.384615384615385,no
1936,SGNETT,Bacillati,14,26,53.84615384615385,no
1937,AGTESV,Viridiplantae,18,26,69.23076923076923,no
1938,AGKDTV,Viridiplantae,24,26,92.3076923076923,no
1939,AGKDTV,Fungi,1,26,3.8461538461538463,no
1940,SGNETT,Fungi,1,26,3.8461538461538463,no
1941,AGVHTT,Metazoa,21,26,80.76923076923077,no
1942,AGIDSS,Metazoa,3,26,11.538461538461538,no
1943,ATQDTT,Viridiplantae,26,26,100.0,no
1944,TGQETT,Viridiplantae,16,25,64.0,no
1945,GGTDTG,Fungi,1,25,4.0,no
1946,GGTDTG,Viridiplantae,23,25,92.0,no
1947,AGADTI,Viridiplantae,1,25,4.0,no
1948,AGADTI,Fungi,23,25,92.0,no
1949,GGQETV,Metazoa,14,25,56.00000000000001,no
1950,ASVDTS,Viridiplantae,24,25,96.0,no
1951,AGRDTA,Viridiplantae,11,25,44.0,no
1952,AGAEPV,Metazoa,19,25,76.0,no
1953,AGFEAT,Metazoa,22,25,88.0,no
1954,AGFEAT,Pseudomonadati,1,25,4.0,no
1955,AGQDTA,Fungi,5,25,20.0,no
1956,AGAEPV,Fungi,6,25,24.0,no
1957,AGFEAT,Bacillati,2,25,8.0,no
1958,AGRDTA,Fungi,13,25,52.0,no
1959,AGFDSS,Viridiplantae,2,25,8.0,no
1960,ASVDTS,Fungi,1,25,4.0,no
1961,AGYEQT,Metazoa,25,25,100.0,no
1962,AGLDTL,Bacillati,2,25,8.0,no
1963,AGLDTL,Fungi,22,25,88.0,no
1964,AGLDTL,Metazoa,1,25,4.0,no
1965,TGQETT,Metazoa,9,25,36.0,no
1966,AGLSTT,Metazoa,25,25,100.0,no
1967,AGTTTT,Metazoa,13,25,52.0,no
1968,AGTTTT,Viridiplantae,10,25,40.0,no
1969,AGVEPT,Bacillati,1,25,4.0,no
1970,AGTTTT,Bacillati,1,25,4.0,no
1971,AGTTTT,Fungi,1,25,4.0,no
1972,AGFDSS,Metazoa,23,25,92.0,no
1973,AGTDAA,Viridiplantae,4,25,16.0,no
1974,AGTDAA,Fungi,21,25,84.0,no
1975,GSIDTS,Viridiplantae,25,25,100.0,no
1976,AGVEPT,Metazoa,23,25,92.0,no
1977,GGQETV,Viridiplantae,11,25,44.0,no
1978,AGQDTA,Metazoa,16,25,64.0,no
1979,AGQDTA,Viridiplantae,4,25,16.0,no
1980,AGADTI,Bacillati,1,25,4.0,no
1981,AGFVTS,Fungi,18,24,75.0,no
1982,GAGDTT,Viridiplantae,1,24,4.166666666666666,no
1983,AGFVTS,Pseudomonadati,3,24,12.5,no
1984,AGFVTS,Metazoa,3,24,12.5,no
1985,AGHKTV,Metazoa,1,24,4.166666666666666,no
1986,AGHKTV,Bacillati,15,24,62.5,no
1987,AGMETI,Pseudomonadati,2,24,8.333333333333332,no
1988,AGTETQ,Viridiplantae,9,24,37.5,no
1989,AGTETQ,Metazoa,15,24,62.5,no
1990,AGSGST,Bacillati,1,24,4.166666666666666,no
1991,AGSGST,Fungi,5,24,20.833333333333336,no
1992,AGSGST,Metazoa,1,24,4.166666666666666,no
1993,GAGDTT,Metazoa,9,24,37.5,no
1994,GGIDTA,Fungi,2,24,8.333333333333332,no
1995,GGIDTA,Viridiplantae,22,24,91.66666666666666,no
1996,GGGETT,Metazoa,1,24,4.166666666666666,yes
1997,GGGETT,Pseudomonadati,1,24,4.166666666666666,yes
1998,GGGETT,Viridiplantae,7,24,29.166666666666668,yes
1999,AGMETI,Metazoa,22,24,91.66666666666666,no
2000,AGSGST,Viridiplantae,17,24,70.83333333333334,no
2001,SGLDTV,Bacillati,24,24,100.0,no
2002,AGHKTV,Viridiplantae,8,24,33.33333333333333,no
2003,GAGDTT,Fungi,14,24,58.333333333333336,no
2004,AGTVTV,Metazoa,24,24,100.0,no
2005,EGDDTT,Metazoa,24,24,100.0,no
2006,GGGETT,Bacillati,4,24,16.666666666666664,yes
2007,GGGETT,Fungi,3,24,12.5,yes
2008,GSMDTT,Metazoa,4,24,16.666666666666664,no
2009,GSMDTT,Viridiplantae,20,24,83.33333333333334,no
2010,AGYEMV,Metazoa,24,24,100.0,no
2011,GGTETM,Metazoa,1,24,4.166666666666666,no
2012,GGTETM,Viridiplantae,22,24,91.66666666666666,no
2013,GGTETM,Bacillati,1,24,4.166666666666666,no
2014,AGNDTI,Fungi,7,24,29.166666666666668,no
2015,AGNDTI,Metazoa,2,24,8.333333333333332,no
2016,AGNDTI,Viridiplantae,15,24,62.5,no
2017,AGADTM,Viridiplantae,24,24,100.0,no
2018,GGHDSL,Metazoa,24,24,100.0,no
2019,GANVTT,Bacillati,23,24,95.83333333333334,no
2020,AGNLTT,Pseudomonadati,11,23,47.82608695652174,no
2021,GGIETV,Bacillati,6,23,26.08695652173913,no
2022,GGIETV,Metazoa,3,23,13.043478260869565,no
2023,GGIETV,Pseudomonadati,4,23,17.391304347826086,no
2024,GGSDTV,Viridiplantae,10,23,43.47826086956522,no
2025,AGLETI,Metazoa,23,23,100.0,no
2026,AGFESI,Metazoa,22,23,95.65217391304348,no
2027,AGFESI,Viridiplantae,1,23,4.3478260869565215,no
2028,AAYETS,Metazoa,17,23,73.91304347826086,no
2029,AAYETS,Viridiplantae,6,23,26.08695652173913,no
2030,AAYDTS,Pseudomonadati,2,23,8.695652173913043,no
2031,AAYDTS,Viridiplantae,11,23,47.82608695652174,no
2032,AGNLTT,Metazoa,1,23,4.3478260869565215,no
2033,AAYDTS,Metazoa,10,23,43.47826086956522,no
2034,AGLGTT,Metazoa,21,23,91.30434782608695,no
2035,AGLGTT,Pseudomonadati,1,23,4.3478260869565215,no
2036,AGLGTT,Fungi,1,23,4.3478260869565215,no
2037,ATLDNP,Viridiplantae,23,23,100.0,no
2038,AGTGTV,Fungi,1,23,4.3478260869565215,no
2039,AGTGTV,Metazoa,1,23,4.3478260869565215,no
2040,AGNLTT,Bacillati,9,23,39.130434782608695,no
2041,GGIETV,Viridiplantae,10,23,43.47826086956522,no
2042,AGTGTV,Bacillati,21,23,91.30434782608695,no
2043,AGVDST,Bacillati,3,23,13.043478260869565,no
2044,AGVDST,Fungi,5,23,21.73913043478261,no
2045,AGVDST,Metazoa,7,23,30.434782608695656,no
2046,AGVDST,Viridiplantae,8,23,34.78260869565217,no
2047,SGSETT,Fungi,4,23,17.391304347826086,no
2048,SGSETT,Metazoa,15,23,65.21739130434783,no
2049,SGSETT,Viridiplantae,4,23,17.391304347826086,no
2050,GGSDTV,Bacillati,2,23,8.695652173913043,no
2051,GGSDTV,Fungi,8,23,34.78260869565217,no
2052,GGSDTV,Pseudomonadati,1,23,4.3478260869565215,no
2053,SGTDTT,Fungi,2,22,9.090909090909092,no
2054,AGREST,Fungi,2,22,9.090909090909092,no
2055,AGREST,Metazoa,5,22,22.727272727272727,no
2056,AGREST,Viridiplantae,15,22,68.18181818181817,no
2057,EAHDTT,Metazoa,22,22,100.0,no
2058,AGFTTT,Bacillati,1,22,4.545454545454546,no
2059,AGFTTT,Fungi,19,22,86.36363636363636,no
2060,AGFTTT,Metazoa,2,22,9.090909090909092,no
2061,AGRDAV,Viridiplantae,22,22,100.0,no
2062,AGLDNV,Bacillati,15,22,68.18181818181817,no
2063,LGQETT,Metazoa,21,22,95.45454545454545,no
2064,GGTDTN,Viridiplantae,17,22,77.27272727272727,no
2065,GGTDTN,Fungi,5,22,22.727272727272727,no
2066,AGHETN,Viridiplantae,1,22,4.545454545454546,no
2067,AGTGTL,Metazoa,3,22,13.636363636363635,no
2068,SGFETT,Bacillati,7,22,31.818181818181817,no
2069,SGFETT,Fungi,8,22,36.36363636363637,no
2070,SGFETT,Metazoa,2,22,9.090909090909092,no
2071,SGFETT,Pseudomonadati,5,22,22.727272727272727,no
2072,AGTGTL,Viridiplantae,19,22,86.36363636363636,no
2073,VGTETS,Fungi,13,22,59.09090909090909,no
2074,AAFESV,Viridiplantae,22,22,100.0,no
2075,AARDTS,Fungi,9,22,40.909090909090914,no
2076,AGFATT,Fungi,3,22,13.636363636363635,no
2077,AGFATT,Metazoa,16,22,72.72727272727273,no
2078,AGTITT,Fungi,13,22,59.09090909090909,no
2079,AGTITT,Metazoa,6,22,27.27272727272727,no
2080,ATIDNT,Viridiplantae,22,22,100.0,no
2081,ATIDNP,Viridiplantae,22,22,100.0,no
2082,AGHETN,Bacillati,3,22,13.636363636363635,no
2083,AGHETN,Fungi,18,22,81.81818181818183,no
2084,AGIETC,Metazoa,21,22,95.45454545454545,no
2085,TGTETS,Viridiplantae,5,22,22.727272727272727,no
2086,TGTETS,Bacillati,2,22,9.090909090909092,no
2087,TGTETS,Metazoa,14,22,63.63636363636363,no
2088,AGVINT,Fungi,22,22,100.0,no
2089,AARDTS,Bacillati,1,22,4.545454545454546,no
2090,AGTITT,Bacillati,3,22,13.636363636363635,no
2091,AGIETC,Bacillati,1,22,4.545454545454546,no
2092,GGITTT,Viridiplantae,13,22,59.09090909090909,no
2093,AARDTS,Viridiplantae,12,22,54.54545454545454,no
2094,AGLDNV,Metazoa,7,22,31.818181818181817,no
2095,AGKHTS,Viridiplantae,22,22,100.0,no
2096,LGQETT,Viridiplantae,1,22,4.545454545454546,no
2097,AGFATT,Bacillati,3,22,13.636363636363635,no
2098,SGTDTT,Viridiplantae,19,22,86.36363636363636,no
2099,VGTETS,Metazoa,2,22,9.090909090909092,no
2100,AGIDTI,Fungi,3,22,13.636363636363635,no
2101,AGIDTI,Metazoa,6,22,27.27272727272727,no
2102,AGIDTI,Viridiplantae,13,22,59.09090909090909,no
2103,ASVANT,Metazoa,22,22,100.0,no
2104,AGQHNS,Fungi,22,22,100.0,no
2105,SGTDTT,Metazoa,1,22,4.545454545454546,no
2106,VGTETS,Viridiplantae,7,22,31.818181818181817,no
2107,GGITTT,Bacillati,9,22,40.909090909090914,no
2108,GAINTS,Fungi,2,21,9.523809523809524,no
2109,GAINTS,Viridiplantae,19,21,90.47619047619048,no
2110,AAFDTV,Metazoa,21,21,100.0,no
2111,ATVDTI,Viridiplantae,21,21,100.0,no
2112,AGYENS,Bacillati,20,21,95.23809523809523,no
2113,AGYENS,Metazoa,1,21,4.761904761904762,no
2114,LGVDST,Viridiplantae,21,21,100.0,no
2115,AGHEPT,Pseudomonadati,1,21,4.761904761904762,no
2116,AGHEPT,Viridiplantae,4,21,19.047619047619047,no
2117,IGVNTI,Metazoa,21,21,100.0,no
2118,TGHDTV,Fungi,1,21,4.761904761904762,no
2119,TGHDTV,Metazoa,2,21,9.523809523809524,no
2120,GGVETS,Metazoa,7,21,33.33333333333333,no
2121,ASTETS,Viridiplantae,19,21,90.47619047619048,no
2122,AGYDTM,Fungi,2,21,9.523809523809524,no
2123,AGYDTM,Metazoa,18,21,85.71428571428571,no
2124,ASTETS,Fungi,1,21,4.761904761904762,no
2125,AGSDAT,Viridiplantae,11,21,52.38095238095239,no
2126,GGGETV,Fungi,3,21,14.285714285714285,no
2127,GGGETV,Viridiplantae,18,21,85.71428571428571,no
2128,ASFETS,Metazoa,5,21,23.809523809523807,no
2129,ASFETS,Viridiplantae,16,21,76.19047619047619,no
2130,TGHDTV,Viridiplantae,18,21,85.71428571428571,no
2131,ASTETS,Pseudomonadati,1,21,4.761904761904762,no
2132,AGRDSV,Viridiplantae,13,21,61.904761904761905,no
2133,GGHESS,Fungi,21,21,100.0,no
2134,AGSDAT,Bacillati,2,21,9.523809523809524,no
2135,AGSDAT,Fungi,2,21,9.523809523809524,no
2136,AGSDAT,Metazoa,6,21,28.57142857142857,no
2137,GSVETS,Metazoa,20,21,95.23809523809523,no
2138,AGHEPT,Bacillati,12,21,57.14285714285714,no
2139,AGHEPT,Fungi,2,21,9.523809523809524,no
2140,AGHEPT,Metazoa,2,21,9.523809523809524,no
2141,AGRDSV,Fungi,8,21,38.095238095238095,no
2142,AGVITT,Metazoa,1,21,4.761904761904762,no
2143,AGVITT,Fungi,20,21,95.23809523809523,no
2144,GSVETS,Fungi,1,21,4.761904761904762,no
2145,AGFSTT,Bacillati,1,21,4.761904761904762,no
2146,AGFSTT,Fungi,2,21,9.523809523809524,no
2147,AGFSTT,Metazoa,18,21,85.71428571428571,no
2148,AGFEAS,Bacillati,6,21,28.57142857142857,no
2149,AGFEAS,Metazoa,15,21,71.42857142857143,no
2150,AGHDAS,Metazoa,21,21,100.0,no
2151,AGYDTM,Pseudomonadati,1,21,4.761904761904762,no
2152,GGVETS,Viridiplantae,14,21,66.66666666666666,no
2153,GANATT,Bacillati,21,21,100.0,no
2154,GAMDTT,Bacillati,2,20,10.0,no
2155,GAMDTT,Fungi,9,20,45.0,no
2156,GAMDTT,Viridiplantae,9,20,45.0,no
2157,VGTETT,Metazoa,4,20,20.0,no
2158,VGTETT,Viridiplantae,16,20,80.0,no
2159,AGNDST,Bacillati,4,20,20.0,no
2160,AGNDST,Metazoa,1,20,5.0,no
2161,AGNDST,Pseudomonadati,6,20,30.0,no
2162,AGFDAT,Metazoa,19,20,95.0,no
2163,AGSNTT,Viridiplantae,4,20,20.0,no
2164,AGAHTT,Pseudomonadati,1,20,5.0,no
2165,AGNDST,Fungi,9,20,45.0,no
2166,AGTDTP,Viridiplantae,17,20,85.0,no
2167,AGTDTP,Bacillati,1,20,5.0,no
2168,AGTDTP,Metazoa,1,20,5.0,no
2169,TGMDTT,Viridiplantae,20,20,100.0,no
2170,ASIETT,Fungi,7,20,35.0,no
2171,ASIETT,Metazoa,12,20,60.0,no
2172,AGMDTI,Metazoa,1,20,5.0,no
2173,AGMDTI,Viridiplantae,17,20,85.0,no
2174,GGTDGM,Fungi,20,20,100.0,no
2175,AGQATV,Fungi,20,20,100.0,no
2176,ASIETT,Viridiplantae,1,20,5.0,no
2177,ASHQST,Pseudomonadati,20,20,100.0,no
2178,AGMEST,Bacillati,2,20,10.0,no
2179,GGIDST,Fungi,1,20,5.0,no
2180,GGIDST,Viridiplantae,9,20,45.0,no
2181,AGSNTT,Fungi,16,20,80.0,no
2182,AGKDPT,Fungi,5,20,25.0,no
2183,AGKDPT,Viridiplantae,15,20,75.0,no
2184,AAQETT,Viridiplantae,4,20,20.0,no
2185,AGAHTT,Viridiplantae,1,20,5.0,no
2186,GGIDST,Metazoa,9,20,45.0,no
2187,AGQESS,Viridiplantae,16,20,80.0,no
2188,AGMEST,Viridiplantae,8,20,40.0,no
2189,AGMDTI,Fungi,2,20,10.0,no
2190,GSFDTS,Viridiplantae,20,20,100.0,no
2191,AGMEST,Fungi,1,20,5.0,no
2192,AGMEST,Metazoa,9,20,45.0,no
2193,GGHETI,Viridiplantae,2,20,10.0,no
2194,AGRETV,Viridiplantae,2,20,10.0,no
2195,AGFGTT,Fungi,5,20,25.0,no
2196,AGFGTT,Metazoa,7,20,35.0,no
2197,GGQETS,Bacillati,3,20,15.0,no
2198,GGQETS,Metazoa,3,20,15.0,no
2199,GGQETS,Pseudomonadati,6,20,30.0,no
2200,AGQESS,Metazoa,2,20,10.0,no
2201,GGHETI,Fungi,18,20,90.0,no
2202,AGAHTT,Fungi,18,20,90.0,no
2203,AAQETT,Metazoa,3,20,15.0,no
2204,AAQETT,Pseudomonadati,3,20,15.0,no
2205,AAQETT,Bacillati,4,20,20.0,no
2206,AAQETT,Fungi,6,20,30.0,no
2207,GGQETS,Viridiplantae,8,20,40.0,no
2208,AGQESS,Fungi,2,20,10.0,no
2209,AGFGTT,Pseudomonadati,3,20,15.0,no
2210,AGFGTT,Viridiplantae,1,20,5.0,no
2211,AGFGTT,Bacillati,4,20,20.0,no
2212,AGFEPV,Fungi,1,19,5.263157894736842,no
2213,AGIETI,Fungi,1,19,5.263157894736842,no
2214,GGTSTS,Viridiplantae,19,19,100.0,no
2215,AGHGTM,Metazoa,1,19,5.263157894736842,no
2216,AAGETT,Fungi,5,19,26.31578947368421,no
2217,GAHGTT,Viridiplantae,19,19,100.0,no
2218,GAIDST,Metazoa,1,19,5.263157894736842,no
2219,GAIDST,Viridiplantae,18,19,94.73684210526315,no
2220,GAYDTS,Metazoa,1,19,5.263157894736842,no
2221,AGIETI,Metazoa,17,19,89.47368421052632,no
2222,AGIETI,Viridiplantae,1,19,5.263157894736842,no
2223,AGQESV,Metazoa,18,19,94.73684210526315,no
2224,AGFKTS,Metazoa,19,19,100.0,no
2225,AGQESV,Fungi,1,19,5.263157894736842,no
2226,ASQDTL,Metazoa,19,19,100.0,no
2227,GAFDTS,Viridiplantae,18,19,94.73684210526315,no
2228,GAFDTS,Metazoa,1,19,5.263157894736842,no
2229,AGIVTT,Bacillati,1,19,5.263157894736842,no
2230,AGHGTM,Fungi,17,19,89.47368421052632,no
2231,AGHEPV,Viridiplantae,1,19,5.263157894736842,no
2232,AGYTTT,Fungi,14,19,73.68421052631578,no
2233,AGYTTT,Bacillati,5,19,26.31578947368421,no
2234,AGIVTT,Metazoa,15,19,78.94736842105263,no
2235,AGHEPV,Bacillati,18,19,94.73684210526315,no
2236,GGMDTV,Pseudomonadati,19,19,100.0,no
2237,AAGETT,Pseudomonadati,10,19,52.63157894736842,no
2238,AGHGTM,Bacillati,1,19,5.263157894736842,no
2239,KGHDTT,Metazoa,19,19,100.0,no
2240,AGDDTT,Pseudomonadati,2,19,10.526315789473683,yes
2241,AGFDNT,Bacillati,13,19,68.42105263157895,no
2242,AGFDNT,Metazoa,6,19,31.57894736842105,no
2243,AGLESS,Metazoa,16,19,84.21052631578947,no
2244,AGLESS,Viridiplantae,3,19,15.789473684210526,no
2245,AGVEST,Bacillati,6,19,31.57894736842105,no
2246,AGVEST,Metazoa,12,19,63.1578947368421,no
2247,GGSNTA,Viridiplantae,19,19,100.0,no
2248,PSNDTT,Fungi,19,19,100.0,no
2249,AGVEST,Viridiplantae,1,19,5.263157894736842,no
2250,GGTDTM,Fungi,3,19,15.789473684210526,no
2251,GGTDTM,Viridiplantae,16,19,84.21052631578947,no
2252,AGDDTT,Fungi,3,19,15.789473684210526,yes
2253,AGDDTT,Metazoa,14,19,73.68421052631578,yes
2254,EGHDTA,Metazoa,19,19,100.0,no
2255,GAVDTS,Viridiplantae,18,19,94.73684210526315,no
2256,GAVDTS,Metazoa,1,19,5.263157894736842,no
2257,GAYDTS,Viridiplantae,17,19,89.47368421052632,no
2258,AGFEPV,Metazoa,18,19,94.73684210526315,no
2259,AGRDSS,Viridiplantae,19,19,100.0,no
2260,VSVHTT,Fungi,19,19,100.0,no
2261,AAGETT,Bacillati,3,19,15.789473684210526,no
2262,AGRDTP,Fungi,16,18,88.88888888888889,no
2263,AGRDTP,Viridiplantae,2,18,11.11111111111111,no
2264,AGQITT,Fungi,2,18,11.11111111111111,no
2265,SGYETT,Fungi,1,18,5.555555555555555,no
2266,SGYETT,Metazoa,4,18,22.22222222222222,no
2267,SGYETT,Pseudomonadati,2,18,11.11111111111111,no
2268,AGFENT,Bacillati,5,18,27.77777777777778,no
2269,AGFENT,Fungi,10,18,55.55555555555556,no
2270,AGFENT,Metazoa,3,18,16.666666666666664,no
2271,GGFETA,Metazoa,10,18,55.55555555555556,no
2272,GGFETA,Viridiplantae,1,18,5.555555555555555,no
2273,GGFETF,Fungi,18,18,100.0,no
2274,TGHEST,Pseudomonadati,1,18,5.555555555555555,no
2275,TGHEST,Bacillati,10,18,55.55555555555556,no
2276,TGHYTT,Metazoa,18,18,100.0,no
2277,ASADTT,Fungi,15,18,83.33333333333334,no
2278,ASADTT,Metazoa,1,18,5.555555555555555,no
2279,ASFDTS,Metazoa,3,18,16.666666666666664,no
2280,ASFDTS,Viridiplantae,15,18,83.33333333333334,no
2281,GGSQTT,Bacillati,7,18,38.88888888888889,no
2282,GGSQTT,Fungi,1,18,5.555555555555555,no
2283,GGSQTT,Metazoa,10,18,55.55555555555556,no
2284,AGLDTI,Bacillati,4,18,22.22222222222222,no
2285,AGLDTI,Metazoa,12,18,66.66666666666666,no
2286,AGLDTI,Pseudomonadati,2,18,11.11111111111111,no
2287,GGGDTV,Viridiplantae,4,18,22.22222222222222,no
2288,ESADTT,Viridiplantae,18,18,100.0,no
2289,GGFETA,Bacillati,7,18,38.88888888888889,no
2290,GGSDTI,Fungi,3,18,16.666666666666664,no
2291,GGSDTI,Metazoa,9,18,50.0,no
2292,AGTETP,Bacillati,9,18,50.0,no
2293,AGTETP,Metazoa,4,18,22.22222222222222,no
2294,AGTETP,Viridiplantae,5,18,27.77777777777778,no
2295,AGMHTT,Metazoa,15,18,83.33333333333334,no
2296,AGMHTT,Viridiplantae,1,18,5.555555555555555,no
2297,AGMHTT,Bacillati,1,18,5.555555555555555,no
2298,AGMHTT,Fungi,1,18,5.555555555555555,no
2299,ASADTT,Bacillati,1,18,5.555555555555555,no
2300,TGSETT,Pseudomonadati,4,18,22.22222222222222,no
2301,TGSETT,Viridiplantae,2,18,11.11111111111111,no
2302,AGYDTA,Viridiplantae,10,18,55.55555555555556,no
2303,AGYDTA,Fungi,4,18,22.22222222222222,no
2304,AGYDTA,Metazoa,4,18,22.22222222222222,no
2305,GGGDTV,Fungi,14,18,77.77777777777779,no
2306,GGIETA,Pseudomonadati,2,18,11.11111111111111,no
2307,GGSDTI,Viridiplantae,6,18,33.33333333333333,no
2308,TGSETT,Fungi,4,18,22.22222222222222,no
2309,TGSETT,Metazoa,8,18,44.44444444444444,no
2310,ASQDTT,Bacillati,3,18,16.666666666666664,no
2311,ASQDTT,Fungi,3,18,16.666666666666664,no
2312,AGQSTT,Viridiplantae,18,18,100.0,no
2313,TGHEST,Fungi,2,18,11.11111111111111,no
2314,GGIETA,Viridiplantae,16,18,88.88888888888889,no
2315,AATEPA,Bacillati,18,18,100.0,no
2316,SGYETT,Bacillati,11,18,61.111111111111114,no
2317,ASQDTT,Metazoa,10,18,55.55555555555556,no
2318,ASQDTT,Viridiplantae,2,18,11.11111111111111,no
2319,AGQITT,Viridiplantae,14,18,77.77777777777779,no
2320,GGFDNT,Pseudomonadati,1,17,5.88235294117647,no
2321,AGIGTT,Viridiplantae,2,17,11.76470588235294,no
2322,AGFEAV,Metazoa,17,17,100.0,no
2323,GGFDNT,Viridiplantae,1,17,5.88235294117647,no
2324,AGTDPS,Viridiplantae,17,17,100.0,no
2325,TGSEST,Viridiplantae,17,17,100.0,no
2326,GSTDTS,Metazoa,1,17,5.88235294117647,no
2327,GSTDTS,Viridiplantae,16,17,94.11764705882352,no
2328,AGSENA,Bacillati,11,17,64.70588235294117,no
2329,AATVTT,Bacillati,13,17,76.47058823529412,no
2330,AGQATT,Bacillati,6,17,35.294117647058826,no
2331,AGQATT,Fungi,3,17,17.647058823529413,no
2332,AGSENV,Fungi,4,17,23.52941176470588,no
2333,AGNVTL,Viridiplantae,17,17,100.0,no
2334,GGTETL,Pseudomonadati,4,17,23.52941176470588,no
2335,KGFEPT,Metazoa,17,17,100.0,no
2336,AGHDTN,Fungi,7,17,41.17647058823529,no
2337,AGHDTN,Bacillati,1,17,5.88235294117647,no
2338,AGMVTS,Metazoa,17,17,100.0,no
2339,AGMLTT,Metazoa,17,17,100.0,no
2340,AGMLST,Metazoa,17,17,100.0,no
2341,AGHDTN,Viridiplantae,8,17,47.05882352941176,no
2342,AGSENA,Viridiplantae,5,17,29.411764705882355,no
2343,GGTETL,Viridiplantae,3,17,17.647058823529413,no
2344,GSHDTT,Viridiplantae,12,17,70.58823529411765,no
2345,GSHDTT,Pseudomonadati,2,17,11.76470588235294,no
2346,GSHDTT,Bacillati,1,17,5.88235294117647,no
2347,AGQATT,Viridiplantae,4,17,23.52941176470588,no
2348,AGQATT,Pseudomonadati,1,17,5.88235294117647,no
2349,GGTDAT,Metazoa,1,17,5.88235294117647,no
2350,AGFETG,Metazoa,17,17,100.0,no
2351,GGTETL,Metazoa,10,17,58.82352941176471,no
2352,GGTDAT,Viridiplantae,16,17,94.11764705882352,no
2353,AGTVST,Viridiplantae,2,17,11.76470588235294,no
2354,AATVTT,Metazoa,4,17,23.52941176470588,no
2355,AGTVST,Metazoa,15,17,88.23529411764706,no
2356,GSHDTT,Metazoa,2,17,11.76470588235294,no
2357,EGADTT,Viridiplantae,16,17,94.11764705882352,no
2358,AGSENA,Metazoa,1,17,5.88235294117647,no
2359,EGADTT,Metazoa,1,17,5.88235294117647,no
2360,AGIGTT,Pseudomonadati,3,17,17.647058823529413,no
2361,AGIGTT,Metazoa,1,17,5.88235294117647,no
2362,AGIGTT,Bacillati,11,17,64.70588235294117,no
2363,GAADTT,Bacillati,2,17,11.76470588235294,no
2364,ASHDTV,Viridiplantae,17,17,100.0,no
2365,GGFDNT,Bacillati,15,17,88.23529411764706,no
2366,GGTTTS,Viridiplantae,17,17,100.0,no
2367,AGMETV,Metazoa,16,17,94.11764705882352,no
2368,PARDTT,Fungi,17,17,100.0,no
2369,PGAETI,Bacillati,17,17,100.0,no
2370,AGHDTN,Pseudomonadati,1,17,5.88235294117647,no
2371,AGSENV,Bacillati,13,17,76.47058823529412,no
2372,GAADTT,Viridiplantae,14,17,82.35294117647058,no
2373,AGMETV,Bacillati,1,17,5.88235294117647,no
2374,GAADTT,Fungi,1,17,5.88235294117647,no
2375,GGVDTA,Metazoa,9,16,56.25,no
2376,AGYDNT,Bacillati,11,16,68.75,no
2377,ASFESM,Viridiplantae,16,16,100.0,no
2378,AATDTI,Fungi,1,16,6.25,no
2379,GGLETV,Pseudomonadati,11,16,68.75,no
2380,GGHGTT,Fungi,6,16,37.5,no
2381,AGFGTS,Bacillati,1,16,6.25,no
2382,AGYDNT,Metazoa,5,16,31.25,no
2383,AGHVTV,Bacillati,16,16,100.0,no
2384,GGVDTA,Viridiplantae,7,16,43.75,no
2385,AGAESV,Bacillati,2,16,12.5,no
2386,AGSITT,Fungi,1,16,6.25,no
2387,AGSITT,Metazoa,8,16,50.0,no
2388,GGHGTT,Bacillati,7,16,43.75,no
2389,GSVDTS,Metazoa,1,16,6.25,no
2390,GSVDTS,Viridiplantae,15,16,93.75,no
2391,SGRDTT,Fungi,1,16,6.25,no
2392,SGRDTT,Viridiplantae,14,16,87.5,no
2393,GGTENS,Viridiplantae,16,16,100.0,no
2394,VGTDTS,Viridiplantae,15,16,93.75,no
2395,GGPETV,Viridiplantae,16,16,100.0,no
2396,AGFGTS,Metazoa,14,16,87.5,no
2397,VGMETT,Metazoa,1,16,6.25,no
2398,AGFGTS,Pseudomonadati,1,16,6.25,no
2399,GGHSTS,Fungi,16,16,100.0,no
2400,ASMDTT,Pseudomonadati,3,16,18.75,no
2401,ASMDTT,Metazoa,2,16,12.5,no
2402,AGVHTS,Viridiplantae,5,16,31.25,no
2403,GGFDLT,Metazoa,16,16,100.0,no
2404,AAMDNP,Viridiplantae,16,16,100.0,no
2405,GGMDTS,Viridiplantae,16,16,100.0,no
2406,ASMDTT,Viridiplantae,5,16,31.25,no
2407,AAQTTV,Fungi,16,16,100.0,no
2408,ASMDTT,Fungi,5,16,31.25,no
2409,AGAQTT,Bacillati,4,16,25.0,no
2410,AGMDTL,Metazoa,7,16,43.75,no
2411,AGMDTL,Fungi,8,16,50.0,no
2412,AGAQTT,Metazoa,8,16,50.0,no
2413,SGRDTT,Bacillati,1,16,6.25,no
2414,AATDTI,Viridiplantae,15,16,93.75,no
2415,GGLETV,Bacillati,1,16,6.25,no
2416,ASHDTA,Viridiplantae,16,16,100.0,no
2417,AGSITT,Viridiplantae,7,16,43.75,no
2418,GGLETV,Metazoa,4,16,25.0,no
2419,AGSETP,Fungi,5,16,31.25,no
2420,AGVHTS,Metazoa,11,16,68.75,no
2421,VGMETT,Viridiplantae,15,16,93.75,no
2422,AGSETP,Metazoa,4,16,25.0,no
2423,GGYETN,Metazoa,3,16,18.75,no
2424,GGYETN,Viridiplantae,13,16,81.25,no
2425,ASMDTT,Bacillati,1,16,6.25,no
2426,AGVDAT,Viridiplantae,1,16,6.25,no
2427,AGMDTL,Bacillati,1,16,6.25,no
2428,AGVDAT,Metazoa,15,16,93.75,no
2429,AGAESV,Metazoa,14,16,87.5,no
2430,AGSETP,Viridiplantae,7,16,43.75,no
2431,AAFETS,Fungi,3,15,20.0,no
2432,AGWETT,Fungi,2,15,13.333333333333334,yes
2433,AGWETT,Viridiplantae,5,15,33.33333333333333,yes
2434,SGLETT,Pseudomonadati,1,15,6.666666666666667,no
2435,PGHETT,Bacillati,14,15,93.33333333333333,no
2436,AGTETG,Metazoa,12,15,80.0,no
2437,AGVGST,Bacillati,15,15,100.0,no
2438,AGYDAT,Bacillati,1,15,6.666666666666667,no
2439,AGYDAT,Fungi,1,15,6.666666666666667,no
2440,PGHETT,Fungi,1,15,6.666666666666667,no
2441,GGAETS,Viridiplantae,3,15,20.0,no
2442,AGLTTT,Fungi,5,15,33.33333333333333,no
2443,AGLTTT,Metazoa,10,15,66.66666666666666,no
2444,AGKDLV,Viridiplantae,15,15,100.0,no
2445,GGTNTS,Viridiplantae,15,15,100.0,no
2446,GGTLTT,Fungi,15,15,100.0,no
2447,AGTETG,Viridiplantae,3,15,20.0,no
2448,GSFDTT,Viridiplantae,13,15,86.66666666666667,no
2449,GGTDNI,Viridiplantae,15,15,100.0,no
2450,GGHDSS,Bacillati,8,15,53.333333333333336,no
2451,GGHDSS,Fungi,3,15,20.0,no
2452,GGHDSS,Metazoa,2,15,13.333333333333334,no
2453,AAKDLI,Viridiplantae,15,15,100.0,no
2454,AATDTA,Fungi,1,15,6.666666666666667,no
2455,AATDTA,Viridiplantae,14,15,93.33333333333333,no
2456,ASIDTV,Fungi,2,15,13.333333333333334,no
2457,ASIDTV,Metazoa,1,15,6.666666666666667,no
2458,SSQEAT,Metazoa,15,15,100.0,no
2459,AGFETF,Fungi,14,15,93.33333333333333,no
2460,AGFETF,Metazoa,1,15,6.666666666666667,no
2461,GSFDTT,Metazoa,1,15,6.666666666666667,no
2462,GGTHTS,Viridiplantae,15,15,100.0,no
2463,AGQDTG,Fungi,1,15,6.666666666666667,no
2464,GGIDTV,Pseudomonadati,1,15,6.666666666666667,no
2465,GGIEST,Fungi,1,15,6.666666666666667,no
2466,GGIEST,Metazoa,14,15,93.33333333333333,no
2467,AGQDTG,Viridiplantae,12,15,80.0,no
2468,GGHDSS,Pseudomonadati,2,15,13.333333333333334,no
2469,AGKDTA,Viridiplantae,15,15,100.0,no
2470,EGHETT,Metazoa,14,15,93.33333333333333,no
2471,EGHETT,Viridiplantae,1,15,6.666666666666667,no
2472,AGVETG,Viridiplantae,15,15,100.0,no
2473,GGIDTV,Fungi,2,15,13.333333333333334,no
2474,ASIDTV,Pseudomonadati,12,15,80.0,no
2475,GGKDPS,Fungi,15,15,100.0,no
2476,GGIVTT,Metazoa,2,15,13.333333333333334,no
2477,GGIVTT,Viridiplantae,13,15,86.66666666666667,no
2478,SGLETT,Bacillati,14,15,93.33333333333333,no
2479,DGTDTT,Metazoa,2,15,13.333333333333334,no
2480,DGTDTT,Viridiplantae,13,15,86.66666666666667,no
2481,VGATTT,Bacillati,7,15,46.666666666666664,no
2482,GGIDTV,Viridiplantae,12,15,80.0,no
2483,GGAETS,Fungi,5,15,33.33333333333333,no
2484,GGAETS,Metazoa,7,15,46.666666666666664,no
2485,AGVEPS,Metazoa,15,15,100.0,no
2486,GGTTTT,Viridiplantae,12,15,80.0,no
2487,GGTTTT,Fungi,1,15,6.666666666666667,no
2488,GGTTTT,Metazoa,2,15,13.333333333333334,no
2489,AAFETS,Viridiplantae,2,15,13.333333333333334,no
2490,AGYDAT,Metazoa,13,15,86.66666666666667,no
2491,AAFETS,Pseudomonadati,1,15,6.666666666666667,no
2492,AGWETT,Bacillati,7,15,46.666666666666664,yes
2493,AAFETS,Metazoa,9,15,60.0,no
2494,GGADTS,Bacillati,1,15,6.666666666666667,no
2495,GGADTS,Fungi,3,15,20.0,no
2496,GGADTS,Metazoa,1,15,6.666666666666667,no
2497,GGADTS,Viridiplantae,10,15,66.66666666666666,no
2498,GGVDTN,Viridiplantae,14,14,100.0,no
2499,AGRETM,Fungi,1,14,7.142857142857142,no
2500,SHDTT,Metazoa,13,14,92.85714285714286,no
2501,AAYENT,Bacillati,1,14,7.142857142857142,no
2502,AGILTT,Metazoa,13,14,92.85714285714286,no
2503,AGILTT,Viridiplantae,1,14,7.142857142857142,no
2504,AGGDTA,Fungi,3,14,21.428571428571427,no
2505,AGGDTA,Viridiplantae,7,14,50.0,no
2506,AGISTT,Fungi,2,14,14.285714285714285,no
2507,AGISTT,Bacillati,6,14,42.857142857142854,no
2508,AGFDPI,Metazoa,14,14,100.0,no
2509,GGYDSS,Fungi,14,14,100.0,no
2510,AGIDTP,Bacillati,1,14,7.142857142857142,no
2511,AGIDTP,Viridiplantae,13,14,92.85714285714286,no
2512,GGSGTT,Bacillati,2,14,14.285714285714285,no
2513,DAYETT,Viridiplantae,6,14,42.857142857142854,no
2514,AGSGTI,Fungi,6,14,42.857142857142854,no
2515,AGSGTI,Viridiplantae,8,14,57.14285714285714,no
2516,AGISTT,Metazoa,6,14,42.857142857142854,no
2517,AGANTT,Viridiplantae,1,14,7.142857142857142,no
2518,GAGDSS,Viridiplantae,14,14,100.0,no
2519,ASADTS,Viridiplantae,14,14,100.0,no
2520,PTNDTT,Fungi,14,14,100.0,no
2521,GAHDTT,Fungi,7,14,50.0,no
2522,GAHDTT,Pseudomonadati,5,14,35.714285714285715,no
2523,GAHDTT,Viridiplantae,2,14,14.285714285714285,no
2524,AARETT,Viridiplantae,3,14,21.428571428571427,no
2525,AARETT,Fungi,1,14,7.142857142857142,no
2526,AGSEAT,Metazoa,1,14,7.142857142857142,no
2527,AGSEAT,Viridiplantae,2,14,14.285714285714285,no
2528,GGSDSV,Viridiplantae,4,14,28.57142857142857,no
2529,AGSESV,Bacillati,1,14,7.142857142857142,no
2530,AGSESV,Metazoa,7,14,50.0,no
2531,AGSESV,Pseudomonadati,1,14,7.142857142857142,no
2532,AGSESV,Viridiplantae,5,14,35.714285714285715,no
2533,GGSGTT,Fungi,6,14,42.857142857142854,no
2534,GGSGTT,Viridiplantae,6,14,42.857142857142854,no
2535,AGSEAT,Fungi,11,14,78.57142857142857,no
2536,TGHETV,Bacillati,13,14,92.85714285714286,no
2537,TGHETV,Fungi,1,14,7.142857142857142,no
2538,AGVESV,Metazoa,13,14,92.85714285714286,no
2539,AGVESV,Viridiplantae,1,14,7.142857142857142,no
2540,DAYETT,Metazoa,8,14,57.14285714285714,no
2541,GGDEST,Bacillati,14,14,100.0,no
2542,AGANTT,Fungi,12,14,85.71428571428571,no
2543,AGGTTT,Bacillati,1,14,7.142857142857142,no
2544,AGGTTT,Fungi,13,14,92.85714285714286,no
2545,AARETT,Bacillati,10,14,71.42857142857143,no
2546,GGSDSV,Fungi,2,14,14.285714285714285,no
2547,GGSDSV,Metazoa,7,14,50.0,no
2548,AAHLTS,Pseudomonadati,14,14,100.0,no
2549,AGLDSV,Metazoa,13,14,92.85714285714286,no
2550,AGLDSV,Pseudomonadati,1,14,7.142857142857142,no
2551,AGANTT,Metazoa,1,14,7.142857142857142,no
2552,AGRETM,Viridiplantae,13,14,92.85714285714286,no
2553,AGYQST,Metazoa,3,14,21.428571428571427,no
2554,GGGDTS,Viridiplantae,14,14,100.0,no
2555,AAYENT,Metazoa,12,14,85.71428571428571,no
2556,AAYENT,Pseudomonadati,1,14,7.142857142857142,no
2557,AGYQST,Viridiplantae,11,14,78.57142857142857,no
2558,SHDTT,Fungi,1,14,7.142857142857142,no
2559,AGVGTS,Viridiplantae,9,13,69.23076923076923,no
2560,AAAETT,Bacillati,1,13,7.6923076923076925,no
2561,AAAETT,Fungi,4,13,30.76923076923077,no
2562,AAAETT,Pseudomonadati,1,13,7.6923076923076925,no
2563,AGQNTT,Fungi,3,13,23.076923076923077,no
2564,AGGETI,Fungi,10,13,76.92307692307693,no
2565,AGGETI,Viridiplantae,3,13,23.076923076923077,no
2566,AAAETT,Viridiplantae,5,13,38.46153846153847,no
2567,ATYETT,Viridiplantae,10,13,76.92307692307693,no
2568,GAVDTN,Fungi,13,13,100.0,no
2569,GATQTT,Viridiplantae,13,13,100.0,no
2570,GATETS,Bacillati,1,13,7.6923076923076925,no
2571,GATETS,Viridiplantae,12,13,92.3076923076923,no
2572,GSSDTT,Viridiplantae,5,13,38.46153846153847,no
2573,TGFETS,Metazoa,13,13,100.0,no
2574,GGDETA,Bacillati,13,13,100.0,no
2575,AAVHTT,Fungi,13,13,100.0,no
2576,AAYETV,Fungi,5,13,38.46153846153847,no
2577,AGSENT,Bacillati,11,13,84.61538461538461,no
2578,AGSENT,Fungi,1,13,7.6923076923076925,no
2579,AGSENT,Viridiplantae,1,13,7.6923076923076925,no
2580,AAYETV,Viridiplantae,8,13,61.53846153846154,no
2581,EGVDSP,Fungi,12,13,92.3076923076923,no
2582,EGVDSP,Viridiplantae,1,13,7.6923076923076925,no
2583,AGSHTS,Viridiplantae,3,13,23.076923076923077,no
2584,GSYETT,Viridiplantae,4,13,30.76923076923077,no
2585,IGANAT,Metazoa,13,13,100.0,no
2586,VGSDTT,Fungi,10,13,76.92307692307693,no
2587,AGTDNS,Viridiplantae,13,13,100.0,no
2588,TATDTT,Fungi,9,13,69.23076923076923,no
2589,TATDTT,Metazoa,2,13,15.384615384615385,no
2590,TATDTT,Viridiplantae,2,13,15.384615384615385,no
2591,AGSHTS,Fungi,3,13,23.076923076923077,no
2592,AGSHTS,Metazoa,7,13,53.84615384615385,no
2593,AGHEAV,Thermotogati,7,13,53.84615384615385,no
2594,ASSDTT,Metazoa,13,13,100.0,no
2595,AGSQTS,Metazoa,1,13,7.6923076923076925,no
2596,AGSQTS,Viridiplantae,12,13,92.3076923076923,no
2597,GGYESI,Viridiplantae,5,13,38.46153846153847,no
2598,ATYETT,Fungi,1,13,7.6923076923076925,no
2599,ATYETT,Metazoa,2,13,15.384615384615385,no
2600,VSIHTT,Fungi,13,13,100.0,no
2601,GATDST,Fungi,5,13,38.46153846153847,no
2602,GATDST,Viridiplantae,7,13,53.84615384615385,no
2603,GSYETT,Metazoa,8,13,61.53846153846154,no
2604,GSYETT,Pseudomonadati,1,13,7.6923076923076925,no
2605,GGTHTT,Fungi,6,13,46.15384615384615,no
2606,GGTHTT,Viridiplantae,6,13,46.15384615384615,no
2607,VGSDTT,Viridiplantae,3,13,23.076923076923077,no
2608,GGTHTT,Bacillati,1,13,7.6923076923076925,no
2609,AGSNTI,Bacillati,13,13,100.0,no
2610,AGHEAV,Bacillati,4,13,30.76923076923077,no
2611,AGHEII,Metazoa,13,13,100.0,no
2612,AGHEAV,Pseudomonadati,1,13,7.6923076923076925,no
2613,AATDTV,Fungi,6,13,46.15384615384615,no
2614,AATDTV,Metazoa,2,13,15.384615384615385,no
2615,AATDTV,Viridiplantae,5,13,38.46153846153847,no
2616,AGMETA,Metazoa,7,13,53.84615384615385,no
2617,AGMETA,Viridiplantae,6,13,46.15384615384615,no
2618,AGVGTS,Fungi,4,13,30.76923076923077,no
2619,DGYDTS,Metazoa,13,13,100.0,no
2620,AGFEII,Metazoa,13,13,100.0,no
2621,GGYESI,Fungi,5,13,38.46153846153847,no
2622,GGYESI,Metazoa,3,13,23.076923076923077,no
2623,AGQNTT,Metazoa,10,13,76.92307692307693,no
2624,AGYAST,Viridiplantae,13,13,100.0,no
2625,AGVIST,Bacillati,13,13,100.0,no
2626,GGFDTI,Metazoa,13,13,100.0,no
2627,GSSDTT,Fungi,8,13,61.53846153846154,no
2628,GGYDST,Viridiplantae,5,12,41.66666666666667,no
2629,SGSDTS,Viridiplantae,6,12,50.0,no
2630,GSIHTT,Viridiplantae,5,12,41.66666666666667,no
2631,PGRDTT,Fungi,12,12,100.0,no
2632,AGYDSV,Bacillati,1,12,8.333333333333332,no
2633,AGYDSV,Metazoa,11,12,91.66666666666666,no
2634,AGYDSI,Metazoa,12,12,100.0,no
2635,AGRDAS,Viridiplantae,11,12,91.66666666666666,no
2636,AGQEPT,Viridiplantae,5,12,41.66666666666667,no
2637,AGRDAS,Fungi,1,12,8.333333333333332,no
2638,SGTATT,Viridiplantae,12,12,100.0,no
2639,AGQEPT,Bacillati,7,12,58.333333333333336,no
2640,AGSDTP,Viridiplantae,5,12,41.66666666666667,no
2641,AGSNTV,Metazoa,11,12,91.66666666666666,no
2642,TGVETT,Bacillati,11,12,91.66666666666666,no
2643,TGVETT,Metazoa,1,12,8.333333333333332,no
2644,AGSDTP,Bacillati,1,12,8.333333333333332,no
2645,AGSDTP,Fungi,3,12,25.0,no
2646,AGSDTP,Metazoa,3,12,25.0,no
2647,ASRDTL,Fungi,2,12,16.666666666666664,no
2648,AGYENV,Bacillati,12,12,100.0,no
2649,GGSTTS,Viridiplantae,12,12,100.0,no
2650,AGSNTV,Bacillati,1,12,8.333333333333332,no
2651,AGFDAV,Metazoa,12,12,100.0,no
2652,GGSHTT,Fungi,5,12,41.66666666666667,no
2653,GGSHTT,Metazoa,1,12,8.333333333333332,no
2654,AAVDTS,Metazoa,3,12,25.0,no
2655,AAVDTS,Viridiplantae,8,12,66.66666666666666,no
2656,VGTETV,Metazoa,12,12,100.0,no
2657,GGSHTT,Viridiplantae,6,12,50.0,no
2658,AATHTT,Fungi,7,12,58.333333333333336,no
2659,AATHTT,Viridiplantae,5,12,41.66666666666667,no
2660,DGFETV,Metazoa,12,12,100.0,no
2661,DGFETA,Metazoa,12,12,100.0,no
2662,VGRDTT,Viridiplantae,10,12,83.33333333333334,no
2663,TGHDST,Metazoa,6,12,50.0,no
2664,AGGSTT,Fungi,11,12,91.66666666666666,no
2665,AGGSTT,Viridiplantae,1,12,8.333333333333332,no
2666,ASSETA,Viridiplantae,12,12,100.0,no
2667,AGKYTT,Viridiplantae,12,12,100.0,no
2668,TGHDST,Fungi,5,12,41.66666666666667,no
2669,TGEETT,Bacillati,12,12,100.0,no
2670,GGFTTT,Metazoa,2,12,16.666666666666664,no
2671,GGFTTT,Pseudomonadati,10,12,83.33333333333334,no
2672,AGLLTT,Metazoa,12,12,100.0,no
2673,GSIHTT,Fungi,7,12,58.333333333333336,no
2674,VGRDTT,Fungi,2,12,16.666666666666664,no
2675,DGTETS,Metazoa,12,12,100.0,no
2676,AAQHTT,Viridiplantae,11,12,91.66666666666666,no
2677,AAQHTT,Bacillati,1,12,8.333333333333332,no
2678,SGSDTS,Fungi,3,12,25.0,no
2679,EGHDST,Metazoa,12,12,100.0,no
2680,GGYDST,Fungi,7,12,58.333333333333336,no
2681,SGSDTS,Metazoa,3,12,25.0,no
2682,AGVGTT,Bacillati,4,11,36.36363636363637,no
2683,AGVGTT,Viridiplantae,5,11,45.45454545454545,no
2684,GGAEST,Fungi,3,11,27.27272727272727,no
2685,GGAEST,Metazoa,4,11,36.36363636363637,no
2686,GGAEST,Viridiplantae,4,11,36.36363636363637,no
2687,GAAEST,Bacillati,11,11,100.0,no
2688,GGHDTV,Viridiplantae,2,11,18.181818181818183,no
2689,GGTVTT,Metazoa,1,11,9.090909090909092,no
2690,GTTDTT,Viridiplantae,11,11,100.0,no
2691,GAVDTG,Viridiplantae,11,11,100.0,no
2692,GAVNTN,Fungi,11,11,100.0,no
2693,AGTEAS,Fungi,2,11,18.181818181818183,no
2694,AGTEAS,Viridiplantae,9,11,81.81818181818183,no
2695,GGNHTS,Viridiplantae,11,11,100.0,no
2696,PGTETT,Metazoa,11,11,100.0,no
2697,GGIDNT,Bacillati,7,11,63.63636363636363,no
2698,GGIDNT,Pseudomonadati,1,11,9.090909090909092,no
2699,GGIDNT,Viridiplantae,2,11,18.181818181818183,no
2700,AGTSSS,Viridiplantae,11,11,100.0,no
2701,AGYETN,Metazoa,8,11,72.72727272727273,no
2702,AGMGTT,Fungi,1,11,9.090909090909092,no
2703,AGMGTT,Metazoa,8,11,72.72727272727273,no
2704,AGAGTT,Fungi,1,11,9.090909090909092,no
2705,AGAGTT,Metazoa,2,11,18.181818181818183,no
2706,AGAGTT,Pseudomonadati,1,11,9.090909090909092,no
2707,AGAGTT,Viridiplantae,7,11,63.63636363636363,no
2708,SGIDTG,Viridiplantae,11,11,100.0,no
2709,AGTLTT,Metazoa,6,11,54.54545454545454,no
2710,AGYETN,Viridiplantae,3,11,27.27272727272727,no
2711,GGRDPT,Fungi,11,11,100.0,no
2712,GAMDTS,Viridiplantae,11,11,100.0,no
2713,ASRDTS,Fungi,9,11,81.81818181818183,no
2714,AGTATS,Viridiplantae,11,11,100.0,no
2715,SGQDTT,Viridiplantae,3,11,27.27272727272727,no
2716,AGMDST,Viridiplantae,4,11,36.36363636363637,no
2717,ASRDTS,Viridiplantae,2,11,18.181818181818183,no
2718,ASTHTT,Viridiplantae,1,11,9.090909090909092,no
2719,AGIETL,Metazoa,11,11,100.0,no
2720,AAKDST,Viridiplantae,11,11,100.0,no
2721,TGKETT,Viridiplantae,11,11,100.0,no
2722,AGMDST,Metazoa,3,11,27.27272727272727,no
2723,TGIDTT,Metazoa,8,11,72.72727272727273,no
2724,AGVGTT,Metazoa,2,11,18.181818181818183,no
2725,AGMDST,Fungi,4,11,36.36363636363637,no
2726,AAMETT,Viridiplantae,2,11,18.181818181818183,no
2727,AGVETA,Metazoa,1,11,9.090909090909092,no
2728,AGVETP,Bacillati,11,11,100.0,no
2729,AATEST,Fungi,5,11,45.45454545454545,no
2730,AATEST,Metazoa,4,11,36.36363636363637,no
2731,AATEST,Viridiplantae,2,11,18.181818181818183,no
2732,GGTVTT,Viridiplantae,8,11,72.72727272727273,no
2733,GGTVTT,Fungi,2,11,18.181818181818183,no
2734,AGIHTL,Metazoa,11,11,100.0,no
2735,AGMGTT,Viridiplantae,2,11,18.181818181818183,no
2736,GGHDTV,Fungi,2,11,18.181818181818183,no
2737,GGHDTV,Metazoa,6,11,54.54545454545454,no
2738,GGCETS,Viridiplantae,11,11,100.0,no
2739,TGHHTT,Bacillati,10,11,90.9090909090909,no
2740,TGHHTT,Fungi,1,11,9.090909090909092,no
2741,AGVETA,Bacillati,7,11,63.63636363636363,no
2742,ASFDTV,Metazoa,11,11,100.0,no
2743,ASFESI,Viridiplantae,11,11,100.0,no
2744,ASHETV,Viridiplantae,11,11,100.0,no
2745,GAHDNT,Bacillati,11,11,100.0,no
2746,ASKDTT,Fungi,3,11,27.27272727272727,no
2747,ASKDTT,Viridiplantae,6,11,54.54545454545454,no
2748,AGTLTT,Fungi,5,11,45.45454545454545,no
2749,AGRDPT,Fungi,10,11,90.9090909090909,no
2750,AGRDPT,Viridiplantae,1,11,9.090909090909092,no
2751,AAHMTT,Pseudomonadati,11,11,100.0,no
2752,GGSETL,Fungi,4,11,36.36363636363637,no
2753,GGSETL,Metazoa,5,11,45.45454545454545,no
2754,GGSETL,Viridiplantae,2,11,18.181818181818183,no
2755,TGIDTT,Viridiplantae,3,11,27.27272727272727,no
2756,AGVETA,Viridiplantae,3,11,27.27272727272727,no
2757,AGIENV,Bacillati,11,11,100.0,no
2758,AGSDAM,Fungi,3,11,27.27272727272727,no
2759,AGFLTT,Bacillati,8,11,72.72727272727273,no
2760,AGFLTT,Pseudomonadati,3,11,27.27272727272727,no
2761,ASHDST,Viridiplantae,11,11,100.0,no
2762,AGKEST,Viridiplantae,11,11,100.0,no
2763,AGYNTT,Viridiplantae,2,11,18.181818181818183,no
2764,TGTETA,Metazoa,11,11,100.0,no
2765,AGSDAM,Viridiplantae,8,11,72.72727272727273,no
2766,ASTHTT,Fungi,10,11,90.9090909090909,no
2767,AGGETG,Viridiplantae,4,11,36.36363636363637,no
2768,ASMDTA,Viridiplantae,11,11,100.0,no
2769,SGQDTT,Fungi,8,11,72.72727272727273,no
2770,GGHDTV,Bacillati,1,11,9.090909090909092,no
2771,AGHEIT,Bacillati,2,11,18.181818181818183,no
2772,AGHEIT,Fungi,2,11,18.181818181818183,no
2773,AGGETG,Fungi,7,11,63.63636363636363,no
2774,AAMETT,Fungi,8,11,72.72727272727273,no
2775,AAMETT,Metazoa,1,11,9.090909090909092,no
2776,AGHEIT,Metazoa,3,11,27.27272727272727,no
2777,AGHEIT,Viridiplantae,4,11,36.36363636363637,no
2778,AGYNTT,Fungi,2,11,18.181818181818183,no
2779,ASHDTI,Viridiplantae,11,11,100.0,no
2780,TAMDTT,Viridiplantae,3,11,27.27272727272727,no
2781,TAMDTT,Fungi,8,11,72.72727272727273,no
2782,AGHDTQ,Viridiplantae,11,11,100.0,no
2783,AGFDTL,Fungi,1,11,9.090909090909092,no
2784,AGFDTL,Metazoa,10,11,90.9090909090909,no
2785,AGYNTT,Metazoa,5,11,45.45454545454545,no
2786,AGYNTT,Bacillati,2,11,18.181818181818183,no
2787,AGHEPS,Bacillati,7,11,63.63636363636363,no
2788,AGHEPS,Pseudomonadati,4,11,36.36363636363637,no
2789,GGYDAT,Metazoa,10,11,90.9090909090909,no
2790,GGYDAT,Viridiplantae,1,11,9.090909090909092,no
2791,SGTETS,Viridiplantae,2,11,18.181818181818183,no
2792,GGVEST,Bacillati,2,11,18.181818181818183,no
2793,SGTITT,Fungi,11,11,100.0,no
2794,GGVEST,Metazoa,9,11,81.81818181818183,no
2795,SGTETS,Bacillati,2,11,18.181818181818183,no
2796,SGTETS,Metazoa,1,11,9.090909090909092,no
2797,GGFQTT,Metazoa,11,11,100.0,no
2798,VSFETV,Metazoa,10,10,100.0,no
2799,AAAENV,Bacillati,10,10,100.0,no
2800,SGSETS,Viridiplantae,4,10,40.0,no
2801,AGFQTT,Bacillati,3,10,30.0,no
2802,ASYHTT,Bacillati,8,10,80.0,no
2803,AGYSPT,Bacillati,1,10,10.0,no
2804,AGYSPT,Metazoa,9,10,90.0,no
2805,PSNETT,Fungi,10,10,100.0,no
2806,GGFDTA,Viridiplantae,2,10,20.0,no
2807,GGFVTT,Bacillati,5,10,50.0,no
2808,GGFVTT,Pseudomonadati,5,10,50.0,no
2809,GGFDTA,Pseudomonadati,1,10,10.0,no
2810,GGYKST,Viridiplantae,10,10,100.0,no
2811,AGGDTI,Fungi,2,10,20.0,no
2812,AGGDTI,Viridiplantae,4,10,40.0,no
2813,AGHESV,Viridiplantae,3,10,30.0,no
2814,AGHESV,Bacillati,1,10,10.0,no
2815,AGHESV,Metazoa,6,10,60.0,no
2816,GGSGTS,Viridiplantae,10,10,100.0,no
2817,AGLVTT,Fungi,1,10,10.0,no
2818,AGSETG,Metazoa,3,10,30.0,no
2819,AGSETG,Pseudomonadati,1,10,10.0,no
2820,GGKDTT,Fungi,2,10,20.0,yes
2821,GGKDTT,Viridiplantae,8,10,80.0,yes
2822,GGLDST,Viridiplantae,3,10,30.0,no
2823,DGFLTT,Metazoa,10,10,100.0,no
2824,ASQETT,Viridiplantae,2,10,20.0,no
2825,GSSETS,Viridiplantae,10,10,100.0,no
2826,DGYETG,Metazoa,10,10,100.0,no
2827,ASQETT,Fungi,5,10,50.0,no
2828,GGISTS,Metazoa,2,10,20.0,no
2829,GGLDST,Metazoa,3,10,30.0,no
2830,VGIDTI,Metazoa,10,10,100.0,no
2831,VGSDTS,Bacillati,1,10,10.0,no
2832,VGSDTS,Fungi,2,10,20.0,no
2833,ATHHTT,Viridiplantae,10,10,100.0,no
2834,AGFEVT,Viridiplantae,7,10,70.0,no
2835,ASVETM,Metazoa,10,10,100.0,no
2836,VGHDTS,Fungi,3,10,30.0,no
2837,VGHDTS,Metazoa,2,10,20.0,no
2838,VGHDTS,Viridiplantae,5,10,50.0,no
2839,AGIETM,Fungi,1,10,10.0,no
2840,AGIETM,Metazoa,9,10,90.0,no
2841,AGFEVT,Metazoa,3,10,30.0,no
2842,AGFETN,Metazoa,9,10,90.0,no
2843,AGFQTT,Metazoa,6,10,60.0,no
2844,AGFQTT,Pseudomonadati,1,10,10.0,no
2845,AALHTT,Fungi,10,10,100.0,no
2846,TGSETS,Viridiplantae,1,10,10.0,no
2847,TGSETS,Fungi,1,10,10.0,no
2848,TGSETS,Metazoa,8,10,80.0,no
2849,SGHETS,Bacillati,7,10,70.0,no
2850,SGHETS,Fungi,2,10,20.0,no
2851,SGHETS,Viridiplantae,1,10,10.0,no
2852,TGHDPV,Metazoa,10,10,100.0,no
2853,AAPDTM,Metazoa,10,10,100.0,no
2854,AANETS,Metazoa,1,10,10.0,no
2855,AANETS,Viridiplantae,2,10,20.0,no
2856,AGAETA,Bacillati,6,10,60.0,no
2857,AGAETA,Fungi,2,10,20.0,no
2858,AGAETA,Pseudomonadati,2,10,20.0,no
2859,GSIDST,Viridiplantae,10,10,100.0,no
2860,AGLVTT,Metazoa,9,10,90.0,no
2861,AGTEPA,Viridiplantae,10,10,100.0,no
2862,AGFENS,Metazoa,10,10,100.0,no
2863,AGHDNT,Fungi,2,10,20.0,no
2864,AGHDNT,Viridiplantae,1,10,10.0,no
2865,GGTHST,Viridiplantae,10,10,100.0,no
2866,GGLDST,Fungi,4,10,40.0,no
2867,ASQETT,Pseudomonadati,2,10,20.0,no
2868,AGHDNT,Bacillati,7,10,70.0,no
2869,AAHGTT,Viridiplantae,4,10,40.0,no
2870,EGHNTT,Metazoa,10,10,100.0,no
2871,AGIQTC,Metazoa,10,10,100.0,no
2872,DGVETT,Metazoa,10,10,100.0,no
2873,IGSATT,Fungi,10,10,100.0,no
2874,ASTDTI,Bacillati,2,10,20.0,no
2875,ASTDTI,Fungi,3,10,30.0,no
2876,ASTDTI,Viridiplantae,5,10,50.0,no
2877,VGSDTS,Viridiplantae,5,10,50.0,no
2878,AGVVNT,Fungi,10,10,100.0,no
2879,VGYDTS,Fungi,9,10,90.0,no
2880,VGYDTS,Metazoa,1,10,10.0,no
2881,AGYHAT,Bacillati,10,10,100.0,no
2882,AGYGNN,Metazoa,10,10,100.0,no
2883,GGTDTL,Fungi,4,10,40.0,no
2884,GGFDTA,Metazoa,7,10,70.0,no
2885,AAQETV,Viridiplantae,10,10,100.0,no
2886,AGQETM,Bacillati,1,10,10.0,no
2887,AGQETM,Fungi,2,10,20.0,no
2888,AGQETM,Metazoa,3,10,30.0,no
2889,AGQETM,Viridiplantae,4,10,40.0,no
2890,AGQQTT,Fungi,2,10,20.0,no
2891,AGQQTT,Metazoa,3,10,30.0,no
2892,AGQQTT,Viridiplantae,5,10,50.0,no
2893,ASYHTT,Pseudomonadati,1,10,10.0,no
2894,AGFETN,Viridiplantae,1,10,10.0,no
2895,SGQGSS,Viridiplantae,10,10,100.0,no
2896,ASQETT,Bacillati,1,10,10.0,no
2897,AANETS,Fungi,7,10,70.0,no
2898,GAEDTT,Viridiplantae,10,10,100.0,no
2899,AGNDGT,Viridiplantae,10,10,100.0,no
2900,GGTDTL,Metazoa,2,10,20.0,no
2901,GGTDTL,Viridiplantae,4,10,40.0,no
2902,AASEGT,Viridiplantae,10,10,100.0,no
2903,AGYLTS,Metazoa,10,10,100.0,no
2904,AGLEPV,Metazoa,10,10,100.0,no
2905,SGSETS,Metazoa,6,10,60.0,no
2906,ASYHTT,Fungi,1,10,10.0,no
2907,AAMGTS,Viridiplantae,10,10,100.0,no
2908,AGSETG,Fungi,6,10,60.0,no
2909,VGQDTS,Fungi,10,10,100.0,no
2910,AAHGTT,Bacillati,6,10,60.0,no
2911,GGYESS,Pseudomonadati,1,10,10.0,no
2912,GGYESS,Fungi,1,10,10.0,no
2913,GGYESS,Metazoa,8,10,80.0,no
2914,GGISTS,Viridiplantae,8,10,80.0,no
2915,AAGDTS,Viridiplantae,1,9,11.11111111111111,no
2916,AAEDTV,Fungi,9,9,100.0,no
2917,AGAVTT,Fungi,8,9,88.88888888888889,no
2918,AGAVTT,Metazoa,1,9,11.11111111111111,no
2919,AGNETI,Bacillati,5,9,55.55555555555556,no
2920,AGNETI,Fungi,1,9,11.11111111111111,no
2921,AGNETI,Metazoa,3,9,33.33333333333333,no
2922,GGQDTS,Fungi,8,9,88.88888888888889,no
2923,AGIESL,Metazoa,1,9,11.11111111111111,no
2924,AGIESL,Pseudomonadati,8,9,88.88888888888889,no
2925,ASVETT,Pseudomonadati,2,9,22.22222222222222,no
2926,ASVETT,Viridiplantae,2,9,22.22222222222222,no
2927,ATTDTT,Viridiplantae,9,9,100.0,no
2928,AALETS,Viridiplantae,4,9,44.44444444444444,no
2929,VGHATT,Bacillati,9,9,100.0,no
2930,GGVETA,Viridiplantae,2,9,22.22222222222222,no
2931,SGTETT,Bacillati,4,9,44.44444444444444,no
2932,SGTETT,Viridiplantae,1,9,11.11111111111111,no
2933,GGVETA,Bacillati,5,9,55.55555555555556,no
2934,SGTETT,Fungi,2,9,22.22222222222222,no
2935,AAIDNT,Metazoa,2,9,22.22222222222222,no
2936,AAIDNT,Viridiplantae,7,9,77.77777777777779,no
2937,AALETS,Metazoa,1,9,11.11111111111111,no
2938,ASVETT,Bacillati,1,9,11.11111111111111,no
2939,ASVETT,Metazoa,4,9,44.44444444444444,no
2940,GGQETM,Fungi,1,9,11.11111111111111,no
2941,GRDTT,Fungi,2,9,22.22222222222222,no
2942,ESHDTT,Metazoa,9,9,100.0,no
2943,AGHKTS,Methanobacteriati,1,9,11.11111111111111,no
2944,GGQETM,Bacillati,8,9,88.88888888888889,no
2945,AGGGTT,Fungi,2,9,22.22222222222222,no
2946,AGGGTT,Pseudomonadati,4,9,44.44444444444444,no
2947,AGLDTM,Fungi,5,9,55.55555555555556,no
2948,AGLDTM,Metazoa,3,9,33.33333333333333,no
2949,AGLETA,Pseudomonadati,6,9,66.66666666666666,no
2950,AGLETA,Bacillati,2,9,22.22222222222222,no
2951,AGLETA,Fungi,1,9,11.11111111111111,no
2952,GGVETA,Pseudomonadati,2,9,22.22222222222222,no
2953,GSVETA,Bacillati,8,9,88.88888888888889,no
2954,GSVETA,Metazoa,1,9,11.11111111111111,no
2955,GGYTTT,Bacillati,5,9,55.55555555555556,no
2956,AAQETS,Fungi,4,9,44.44444444444444,no
2957,GAIHTS,Fungi,9,9,100.0,no
2958,VGSETS,Bacillati,3,9,33.33333333333333,no
2959,AGLENV,Metazoa,9,9,100.0,no
2960,AGLDTM,Bacillati,1,9,11.11111111111111,no
2961,AGGGTT,Viridiplantae,3,9,33.33333333333333,no
2962,DGYETM,Viridiplantae,9,9,100.0,no
2963,AAQSTV,Fungi,9,9,100.0,no
2964,SGDGTT,Viridiplantae,9,9,100.0,no
2965,VGSETS,Fungi,2,9,22.22222222222222,no
2966,AAHDST,Fungi,7,9,77.77777777777779,no
2967,AAHDST,Bacillati,2,9,22.22222222222222,no
2968,AALETS,Fungi,4,9,44.44444444444444,no
2969,AGRDTN,Fungi,1,9,11.11111111111111,no
2970,AGRDTN,Viridiplantae,8,9,88.88888888888889,no
2971,AGRESS,Metazoa,9,9,100.0,no
2972,AGFDNV,Metazoa,1,9,11.11111111111111,no
2973,AGFDNV,Viridiplantae,8,9,88.88888888888889,no
2974,GGTQTS,Viridiplantae,9,9,100.0,no
2975,AGHKTS,Pseudomonadati,2,9,22.22222222222222,no
2976,AGYGNS,Viridiplantae,9,9,100.0,no
2977,AGYENN,Viridiplantae,9,9,100.0,no
2978,AGFSTV,Metazoa,9,9,100.0,no
2979,AGFQTV,Metazoa,9,9,100.0,no
2980,AGNTTT,Methanobacteriati,1,9,11.11111111111111,no
2981,AGFDSI,Metazoa,9,9,100.0,no
2982,ASMETT,Metazoa,3,9,33.33333333333333,no
2983,AATEPV,Bacillati,6,9,66.66666666666666,no
2984,AATEPV,Metazoa,3,9,33.33333333333333,no
2985,ASMETT,Bacillati,6,9,66.66666666666666,no
2986,AGTVTI,Metazoa,9,9,100.0,no
2987,AGTKTT,Viridiplantae,6,9,66.66666666666666,no
2988,GRDTT,Viridiplantae,6,9,66.66666666666666,no
2989,ASHVAT,Metazoa,9,9,100.0,no
2990,AGTKTT,Metazoa,3,9,33.33333333333333,no
2991,AGLDST,Fungi,3,9,33.33333333333333,no
2992,AGLDST,Metazoa,4,9,44.44444444444444,no
2993,AGAETI,Fungi,6,9,66.66666666666666,no
2994,AGAETI,Metazoa,3,9,33.33333333333333,no
2995,AAQETS,Bacillati,5,9,55.55555555555556,no
2996,AGTIST,Bacillati,6,9,66.66666666666666,no
2997,AGTIST,Metazoa,3,9,33.33333333333333,no
2998,GAGDTS,Viridiplantae,9,9,100.0,no
2999,PARDST,Fungi,9,9,100.0,no
3000,AGLDST,Bacillati,2,9,22.22222222222222,no
3001,VGLETT,Bacillati,2,9,22.22222222222222,no
3002,VGLETT,Metazoa,7,9,77.77777777777779,no
3003,AGSEAS,Fungi,2,9,22.22222222222222,no
3004,AGSEAS,Viridiplantae,7,9,77.77777777777779,no
3005,ASHETS,Viridiplantae,3,9,33.33333333333333,no
3006,AGHDSI,Fungi,5,9,55.55555555555556,no
3007,AGHDSI,Metazoa,3,9,33.33333333333333,no
3008,AGHDSI,Viridiplantae,1,9,11.11111111111111,no
3009,GGHHSS,Fungi,9,9,100.0,no
3010,GGIFTV,Metazoa,9,9,100.0,no
3011,GAISTS,Viridiplantae,9,9,100.0,no
3012,SGNDTA,Bacillati,9,9,100.0,no
3013,ASHETS,Fungi,3,9,33.33333333333333,no
3014,ASHETS,Metazoa,2,9,22.22222222222222,no
3015,ASHETS,Pseudomonadati,1,9,11.11111111111111,no
3016,GGHDSP,Fungi,9,9,100.0,no
3017,SGYETI,Viridiplantae,9,9,100.0,no
3018,SGQHTS,Fungi,9,9,100.0,no
3019,AAMHTT,Fungi,9,9,100.0,no
3020,AGHKTS,Bacillati,4,9,44.44444444444444,no
3021,AVQDTT,Fungi,9,9,100.0,no
3022,AGYETG,Metazoa,9,9,100.0,no
3023,AGNTTT,Bacillati,8,9,88.88888888888889,no
3024,GGQDTS,Metazoa,1,9,11.11111111111111,no
3025,GGPDTV,Viridiplantae,9,9,100.0,no
3026,AGHKTS,Fungi,1,9,11.11111111111111,no
3027,AGTENQ,Viridiplantae,9,9,100.0,no
3028,AIRDTS,Viridiplantae,9,9,100.0,no
3029,GAYDTT,Pseudomonadati,1,9,11.11111111111111,no
3030,GAYDTT,Viridiplantae,1,9,11.11111111111111,no
3031,AAGDTS,Fungi,1,9,11.11111111111111,no
3032,VSFDSL,Viridiplantae,9,9,100.0,no
3033,GGIDSS,Viridiplantae,9,9,100.0,no
3034,VGSETS,Viridiplantae,4,9,44.44444444444444,no
3035,AAGDTS,Metazoa,7,9,77.77777777777779,no
3036,GAYDTT,Metazoa,6,9,66.66666666666666,no
3037,AGYLST,Metazoa,3,8,37.5,no
3038,AGYLST,Viridiplantae,2,8,25.0,no
3039,AGHEAA,Bacillati,1,8,12.5,no
3040,FGHETT,Fungi,8,8,100.0,no
3041,GARDTT,Fungi,2,8,25.0,no
3042,GGYAST,Viridiplantae,8,8,100.0,no
3043,AGIDNP,Viridiplantae,8,8,100.0,no
3044,ASYESS,Metazoa,5,8,62.5,no
3045,VGNDTT,Fungi,1,8,12.5,no
3046,DGYDTV,Metazoa,8,8,100.0,no
3047,SGYDSS,Bacillati,8,8,100.0,no
3048,AGEDTS,Fungi,2,8,25.0,no
3049,AGEDTS,Metazoa,4,8,50.0,no
3050,AGEDTS,Pseudomonadati,1,8,12.5,no
3051,AGFDGV,Metazoa,8,8,100.0,no
3052,AGMATT,Methanobacteriati,1,8,12.5,no
3053,AGMATT,Viridiplantae,2,8,25.0,no
3054,VGNDTT,Metazoa,2,8,25.0,no
3055,VGNDTT,Viridiplantae,5,8,62.5,no
3056,AGVDNP,Viridiplantae,8,8,100.0,no
3057,GGDETG,Bacillati,8,8,100.0,no
3058,AGLATT,Metazoa,4,8,50.0,no
3059,AGVEES,Metazoa,8,8,100.0,no
3060,AGSDTK,Fungi,1,8,12.5,no
3061,AGSDTK,Viridiplantae,7,8,87.5,no
3062,GGLATT,Pseudomonadati,2,8,25.0,no
3063,GGSDSS,Fungi,1,8,12.5,no
3064,AGSDPS,Metazoa,1,8,12.5,no
3065,AGSDPS,Viridiplantae,7,8,87.5,no
3066,GGYEAT,Pseudomonadati,2,8,25.0,no
3067,AGLDNI,Bacillati,6,8,75.0,no
3068,GAHDGP,Viridiplantae,8,8,100.0,no
3069,AGTDSG,Fungi,3,8,37.5,no
3070,GGYEAT,Viridiplantae,1,8,12.5,no
3071,AGMATT,Metazoa,5,8,62.5,no
3072,TGHDPI,Metazoa,8,8,100.0,no
3073,AGTGTI,Viridiplantae,5,8,62.5,no
3074,EGTEST,Metazoa,8,8,100.0,no
3075,AGYKTT,Pseudomonadati,1,8,12.5,no
3076,AGLDTA,Bacillati,2,8,25.0,no
3077,AGLDTA,Fungi,2,8,25.0,no
3078,AGLDTA,Metazoa,3,8,37.5,no
3079,AGTEPV,Fungi,1,8,12.5,no
3080,AGTEPV,Metazoa,6,8,75.0,no
3081,ASIDTI,Viridiplantae,8,8,100.0,no
3082,AGSETN,Metazoa,6,8,75.0,no
3083,AGSETN,Viridiplantae,2,8,25.0,no
3084,GAIGTS,Viridiplantae,8,8,100.0,no
3085,AARDST,Fungi,7,8,87.5,no
3086,AARDST,Viridiplantae,1,8,12.5,no
3087,ASIDNT,Viridiplantae,8,8,100.0,no
3088,AGHESP,Bacillati,4,8,50.0,no
3089,AGHESP,Fungi,1,8,12.5,no
3090,AATQTT,Metazoa,1,8,12.5,no
3091,AGLATT,Bacillati,2,8,25.0,no
3092,AGLATT,Fungi,2,8,25.0,no
3093,ASLETT,Fungi,1,8,12.5,no
3094,AGHESP,Methanobacteriati,2,8,25.0,no
3095,AGHESP,Pseudomonadati,1,8,12.5,no
3096,ASLETT,Metazoa,1,8,12.5,no
3097,GGLATT,Viridiplantae,1,8,12.5,no
3098,GGLATT,Bacillati,4,8,50.0,no
3099,GGLATT,Metazoa,1,8,12.5,no
3100,ASLETT,Bacillati,6,8,75.0,no
3101,GGYEAT,Metazoa,2,8,25.0,no
3102,AGFETM,Bacillati,1,8,12.5,no
3103,AGSDGV,Fungi,7,8,87.5,no
3104,AGSDGV,Metazoa,1,8,12.5,no
3105,AGLDNI,Metazoa,2,8,25.0,no
3106,AGYKTT,Bacillati,3,8,37.5,no
3107,AGYKTT,Fungi,1,8,12.5,no
3108,AGYKTT,Metazoa,3,8,37.5,no
3109,AGTGTI,Metazoa,3,8,37.5,no
3110,GGYENT,Bacillati,6,8,75.0,no
3111,GGYENT,Metazoa,1,8,12.5,no
3112,GGYENT,Viridiplantae,1,8,12.5,no
3113,ASIETI,Fungi,1,8,12.5,no
3114,ASIETI,Metazoa,7,8,87.5,no
3115,GGSNTT,Viridiplantae,7,8,87.5,no
3116,AGFETM,Metazoa,7,8,87.5,no
3117,AGRDPI,Viridiplantae,8,8,100.0,no
3118,AGSDNT,Fungi,7,8,87.5,no
3119,AGSDNT,Viridiplantae,1,8,12.5,no
3120,AGSDGT,Fungi,7,8,87.5,no
3121,AGSDGT,Viridiplantae,1,8,12.5,no
3122,AGFDPV,Metazoa,8,8,100.0,no
3123,GGYEAT,Bacillati,3,8,37.5,no
3124,GGSDSS,Viridiplantae,7,8,87.5,no
3125,GARDTT,Viridiplantae,1,8,12.5,no
3126,EGIGTI,Fungi,8,8,100.0,no
3127,AGYEGT,Metazoa,8,8,100.0,no
3128,AATQTT,Viridiplantae,1,8,12.5,no
3129,GGSNTT,Fungi,1,8,12.5,no
3130,GGRDNT,Fungi,8,8,100.0,no
3131,AGYHTS,Bacillati,5,8,62.5,no
3132,SGMNTI,Metazoa,8,8,100.0,no
3133,AGTDSG,Viridiplantae,5,8,62.5,no
3134,DGSDTT,Fungi,2,8,25.0,no
3135,DGSDTT,Viridiplantae,6,8,75.0,no
3136,ASFDST,Viridiplantae,8,8,100.0,no
3137,AGYHTS,Metazoa,1,8,12.5,no
3138,AAQDTS,Metazoa,8,8,100.0,no
3139,AGSGTA,Fungi,4,8,50.0,no
3140,AGHEAA,Pseudomonadati,7,8,87.5,no
3141,TGFEGL,Metazoa,8,8,100.0,no
3142,AGTEPV,Bacillati,1,8,12.5,no
3143,AGMDTP,Viridiplantae,8,8,100.0,no
3144,AGCDTT,Fungi,8,8,100.0,yes
3145,GSLDTS,Viridiplantae,8,8,100.0,no
3146,AGVNTT,Bacillati,3,8,37.5,no
3147,DGLDTS,Metazoa,8,8,100.0,no
3148,AGYLST,Bacillati,3,8,37.5,no
3149,ASYESS,Viridiplantae,3,8,37.5,no
3150,AGVNTT,Fungi,3,8,37.5,no
3151,AGLGPL,Metazoa,8,8,100.0,no
3152,GSMDTP,Viridiplantae,8,8,100.0,no
3153,GGAETI,Fungi,8,8,100.0,no
3154,GASDTS,Viridiplantae,8,8,100.0,no
3155,AGQLTT,Bacillati,5,8,62.5,no
3156,AGQLTT,Viridiplantae,3,8,37.5,no
3157,VGYETV,Metazoa,8,8,100.0,no
3158,AAFDNV,Metazoa,8,8,100.0,no
3159,AGVNTT,Metazoa,2,8,25.0,no
3160,AGFEIT,Fungi,8,8,100.0,no
3161,AGSGTA,Viridiplantae,4,8,50.0,no
3162,ASFYTT,Viridiplantae,8,8,100.0,no
3163,GGFESV,Viridiplantae,3,8,37.5,no
3164,GGFESV,Metazoa,5,8,62.5,no
3165,AGIESS,Viridiplantae,6,7,85.71428571428571,no
3166,GGAETV,Bacillati,5,7,71.42857142857143,no
3167,GGAETV,Fungi,1,7,14.285714285714285,no
3168,GGSETN,Metazoa,1,7,14.285714285714285,no
3169,GGSETN,Viridiplantae,6,7,85.71428571428571,no
3170,GGSETP,Bacillati,3,7,42.857142857142854,no
3171,GGSETP,Viridiplantae,4,7,57.14285714285714,no
3172,GGGDTI,Fungi,6,7,85.71428571428571,no
3173,AGQGTV,Metazoa,2,7,28.57142857142857,no
3174,GASETT,Metazoa,2,7,28.57142857142857,no
3175,GASETT,Viridiplantae,3,7,42.857142857142854,no
3176,SATETT,Metazoa,7,7,100.0,no
3177,AGYVST,Viridiplantae,7,7,100.0,no
3178,AASDTV,Fungi,6,7,85.71428571428571,no
3179,AGTENT,Bacillati,4,7,57.14285714285714,no
3180,AGTENT,Viridiplantae,1,7,14.285714285714285,no
3181,AASDTV,Metazoa,1,7,14.285714285714285,no
3182,AGNDTA,Viridiplantae,4,7,57.14285714285714,no
3183,AGXETT,Bacillati,3,7,42.857142857142854,yes
3184,AGQSTL,Viridiplantae,7,7,100.0,no
3185,GGVFTT,Metazoa,6,7,85.71428571428571,no
3186,GGVHTT,Fungi,7,7,100.0,no
3187,SGTDTS,Fungi,1,7,14.285714285714285,no
3188,SGTDTS,Viridiplantae,6,7,85.71428571428571,no
3189,AGLESV,Metazoa,7,7,100.0,no
3190,AGLEPT,Bacillati,2,7,28.57142857142857,no
3191,AGXETT,Metazoa,1,7,14.285714285714285,yes
3192,AGXETT,Viridiplantae,3,7,42.857142857142854,yes
3193,AGYDSP,Bacillati,7,7,100.0,no
3194,AGLEPT,Metazoa,5,7,71.42857142857143,no
3195,AGSNTS,Fungi,1,7,14.285714285714285,no
3196,AGSNTS,Viridiplantae,6,7,85.71428571428571,no
3197,GGTGSS,Viridiplantae,7,7,100.0,no
3198,AGAESI,Metazoa,3,7,42.857142857142854,no
3199,AGYGTS,Viridiplantae,2,7,28.57142857142857,no
3200,AGYEVT,Bacillati,7,7,100.0,no
3201,AGYESV,Metazoa,7,7,100.0,no
3202,AGTSNV,Fungi,7,7,100.0,no
3203,GGLDTS,Fungi,3,7,42.857142857142854,no
3204,ASMDNP,Viridiplantae,7,7,100.0,no
3205,ASMDSS,Viridiplantae,7,7,100.0,no
3206,AAIHSS,Fungi,7,7,100.0,no
3207,PGSETS,Metazoa,1,7,14.285714285714285,no
3208,PGSETS,Viridiplantae,6,7,85.71428571428571,no
3209,AGSDSI,Fungi,1,7,14.285714285714285,no
3210,TGTSTT,Viridiplantae,7,7,100.0,no
3211,AAQATV,Fungi,7,7,100.0,no
3212,TSQDTQ,Metazoa,7,7,100.0,no
3213,GGYETA,Metazoa,4,7,57.14285714285714,no
3214,SSHETT,Fungi,1,7,14.285714285714285,no
3215,SSHETT,Pseudomonadati,6,7,85.71428571428571,no
3216,AGTEPP,Metazoa,4,7,57.14285714285714,no
3217,AGTEPP,Viridiplantae,3,7,42.857142857142854,no
3218,AGAESI,Bacillati,4,7,57.14285714285714,no
3219,AGIVST,Metazoa,7,7,100.0,no
3220,AGKDAS,Viridiplantae,7,7,100.0,no
3221,GGLDTS,Viridiplantae,4,7,57.14285714285714,no
3222,AGSDSI,Metazoa,2,7,28.57142857142857,no
3223,AGSDSI,Viridiplantae,4,7,57.14285714285714,no
3224,AGSDTG,Fungi,5,7,71.42857142857143,no
3225,AGSDTG,Viridiplantae,2,7,28.57142857142857,no
3226,GSTETT,Viridiplantae,3,7,42.857142857142854,no
3227,GSTDTL,Viridiplantae,7,7,100.0,no
3228,GSSETT,Fungi,6,7,85.71428571428571,no
3229,GSSETT,Metazoa,1,7,14.285714285714285,no
3230,AGLDAT,Bacillati,2,7,28.57142857142857,no
3231,GSTETT,Fungi,1,7,14.285714285714285,no
3232,GSTETT,Metazoa,3,7,42.857142857142854,no
3233,ADHETT,Metazoa,5,7,71.42857142857143,no
3234,TGNEST,Bacillati,7,7,100.0,no
3235,AGADTN,Fungi,7,7,100.0,no
3236,ADHETT,Pseudomonadati,1,7,14.285714285714285,no
3237,ADHETT,Viridiplantae,1,7,14.285714285714285,no
3238,SGHDTS,Metazoa,4,7,57.14285714285714,no
3239,SGHDTS,Viridiplantae,2,7,28.57142857142857,no
3240,AAHDTV,Pseudomonadati,1,7,14.285714285714285,no
3241,VGLDTT,Bacillati,2,7,28.57142857142857,no
3242,VGLDTT,Metazoa,5,7,71.42857142857143,no
3243,AGFDAI,Metazoa,7,7,100.0,no
3244,AGESTT,Fungi,6,7,85.71428571428571,no
3245,TASDTT,Viridiplantae,7,7,100.0,no
3246,GGYETA,Bacillati,3,7,42.857142857142854,no
3247,AAHDTV,Bacillati,1,7,14.285714285714285,no
3248,AAHDTV,Fungi,4,7,57.14285714285714,no
3249,AAHDTV,Metazoa,1,7,14.285714285714285,no
3250,AGYGNV,Metazoa,7,7,100.0,no
3251,AGYGST,Metazoa,6,7,85.71428571428571,no
3252,AGYGST,Viridiplantae,1,7,14.285714285714285,no
3253,AGYGTS,Metazoa,5,7,71.42857142857143,no
3254,VGFETT,Metazoa,6,7,85.71428571428571,no
3255,VGFETT,Pseudomonadati,1,7,14.285714285714285,no
3256,SGYETS,Bacillati,2,7,28.57142857142857,no
3257,SGYETS,Metazoa,4,7,57.14285714285714,no
3258,SGYETS,Viridiplantae,1,7,14.285714285714285,no
3259,AANDTS,Viridiplantae,2,7,28.57142857142857,no
3260,AANDTV,Viridiplantae,7,7,100.0,no
3261,AANDTS,Metazoa,5,7,71.42857142857143,no
3262,ASSSTS,Viridiplantae,7,7,100.0,no
3263,AGIETA,Viridiplantae,2,7,28.57142857142857,no
3264,AGHDTP,Metazoa,5,7,71.42857142857143,no
3265,SGHDTS,Fungi,1,7,14.285714285714285,no
3266,GGGDTI,Viridiplantae,1,7,14.285714285714285,no
3267,EGHDRT,Metazoa,7,7,100.0,no
3268,GSIETM,Viridiplantae,7,7,100.0,no
3269,ASEDTV,Metazoa,7,7,100.0,no
3270,ASFATT,Metazoa,7,7,100.0,no
3271,AGTDNT,Metazoa,1,7,14.285714285714285,no
3272,AGTDNT,Viridiplantae,6,7,85.71428571428571,no
3273,PGTDTS,Viridiplantae,7,7,100.0,no
3274,AGTDSM,Metazoa,1,7,14.285714285714285,no
3275,AGTDSM,Viridiplantae,6,7,85.71428571428571,no
3276,AGKETV,Viridiplantae,7,7,100.0,no
3277,AGKESM,Viridiplantae,7,7,100.0,no
3278,AGLDAT,Metazoa,5,7,71.42857142857143,no
3279,EGTESV,Metazoa,7,7,100.0,no
3280,AGRATT,Fungi,7,7,100.0,no
3281,AGRDSI,Fungi,5,7,71.42857142857143,no
3282,AGRDSI,Viridiplantae,2,7,28.57142857142857,no
3283,AGIETA,Bacillati,5,7,71.42857142857143,no
3284,AGVDTM,Fungi,6,7,85.71428571428571,no
3285,AGVDTM,Viridiplantae,1,7,14.285714285714285,no
3286,SGHGTT,Fungi,1,7,14.285714285714285,no
3287,SGHGTT,Pseudomonadati,3,7,42.857142857142854,no
3288,TGSDTS,Metazoa,6,7,85.71428571428571,no
3289,TGSDTS,Viridiplantae,1,7,14.285714285714285,no
3290,GGAETV,Viridiplantae,1,7,14.285714285714285,no
3291,GATDTV,Metazoa,4,7,57.14285714285714,no
3292,GATDTV,Viridiplantae,3,7,42.857142857142854,no
3293,GGMETA,Metazoa,4,7,57.14285714285714,no
3294,GGMETA,Viridiplantae,3,7,42.857142857142854,no
3295,AGKDSA,Viridiplantae,7,7,100.0,no
3296,GSYDTV,Metazoa,4,7,57.14285714285714,no
3297,GSYDTV,Viridiplantae,3,7,42.857142857142854,no
3298,AGGHTT,Fungi,1,7,14.285714285714285,no
3299,AGGHTT,Metazoa,5,7,71.42857142857143,no
3300,AGHDGT,Fungi,6,7,85.71428571428571,no
3301,AGHDGT,Metazoa,1,7,14.285714285714285,no
3302,AGNDTV,Fungi,4,7,57.14285714285714,no
3303,GGTENT,Bacillati,3,7,42.857142857142854,no
3304,AGNDTA,Fungi,3,7,42.857142857142854,no
3305,DGSETS,Metazoa,7,7,100.0,no
3306,PGHDTI,Fungi,7,7,100.0,no
3307,PGEDSV,Viridiplantae,7,7,100.0,no
3308,PAFEST,Fungi,6,7,85.71428571428571,no
3309,PAFEST,Metazoa,1,7,14.285714285714285,no
3310,PGGETV,Bacillati,7,7,100.0,no
3311,SGHGTT,Viridiplantae,3,7,42.857142857142854,no
3312,AGDETS,Bacillati,5,7,71.42857142857143,no
3313,AGESTT,Viridiplantae,1,7,14.285714285714285,no
3314,AGNDTV,Metazoa,2,7,28.57142857142857,no
3315,AGNDTV,Viridiplantae,1,7,14.285714285714285,no
3316,GGTETG,Viridiplantae,7,7,100.0,no
3317,TGFEST,Metazoa,7,7,100.0,no
3318,GGTENT,Metazoa,2,7,28.57142857142857,no
3319,GGTENT,Viridiplantae,2,7,28.57142857142857,no
3320,GGYTTI,Metazoa,7,7,100.0,no
3321,AGHDTP,Fungi,2,7,28.57142857142857,no
3322,AGYKST,Metazoa,1,7,14.285714285714285,no
3323,AGYKST,Viridiplantae,6,7,85.71428571428571,no
3324,TGYDTT,Metazoa,7,7,100.0,no
3325,AGYTST,Viridiplantae,7,7,100.0,no
3326,GGFDSS,Metazoa,6,7,85.71428571428571,no
3327,GGFDSS,Viridiplantae,1,7,14.285714285714285,no
3328,ASYESV,Metazoa,7,7,100.0,no
3329,GGVDTV,Fungi,1,7,14.285714285714285,no
3330,GGVDTV,Metazoa,3,7,42.857142857142854,no
3331,GGVDTV,Viridiplantae,3,7,42.857142857142854,no
3332,AGIESS,Metazoa,1,7,14.285714285714285,no
3333,VGNETP,Pseudomonadati,7,7,100.0,no
3334,GGIATT,Viridiplantae,1,7,14.285714285714285,no
3335,GGIATT,Pseudomonadati,2,7,28.57142857142857,no
3336,GGIATT,Fungi,1,7,14.285714285714285,no
3337,GGIATT,Bacillati,3,7,42.857142857142854,no
3338,VSIDTT,Fungi,7,7,100.0,no
3339,GGIDPT,Fungi,7,7,100.0,no
3340,AAFDNP,Viridiplantae,7,7,100.0,no
3341,GGVFTT,Fungi,1,7,14.285714285714285,no
3342,GATETV,Bacillati,1,7,14.285714285714285,no
3343,GATETV,Metazoa,3,7,42.857142857142854,no
3344,GATETV,Viridiplantae,3,7,42.857142857142854,no
3345,AAFSTT,Metazoa,7,7,100.0,no
3346,AGQGTV,Viridiplantae,1,7,14.285714285714285,no
3347,GASETT,Fungi,2,7,28.57142857142857,no
3348,AGQGTV,Bacillati,4,7,57.14285714285714,no
3349,GGYDPP,Bacillati,6,6,100.0,no
3350,GASETI,Viridiplantae,6,6,100.0,no
3351,AGHEVI,Metazoa,6,6,100.0,no
3352,AGVVST,Bacillati,6,6,100.0,no
3353,AGTDGV,Fungi,6,6,100.0,no
3354,AGKDPS,Fungi,4,6,66.66666666666666,no
3355,AGKDPS,Viridiplantae,2,6,33.33333333333333,no
3356,PGSDTS,Viridiplantae,6,6,100.0,no
3357,AGHMTT,Bacillati,5,6,83.33333333333334,no
3358,AGHMTT,Pseudomonadati,1,6,16.666666666666664,no
3359,AGTDPP,Fungi,1,6,16.666666666666664,no
3360,VGKDTT,Viridiplantae,5,6,83.33333333333334,no
3361,AGGEAT,Bacillati,6,6,100.0,no
3362,AGTDSN,Viridiplantae,6,6,100.0,no
3363,AGTDPP,Metazoa,4,6,66.66666666666666,no
3364,AGTDPP,Viridiplantae,1,6,16.666666666666664,no
3365,AGKEAT,Viridiplantae,6,6,100.0,no
3366,AGHGTV,Bacillati,1,6,16.666666666666664,no
3367,AGNGTV,Viridiplantae,6,6,100.0,no
3368,AALHTS,Fungi,6,6,100.0,no
3369,GASENS,Viridiplantae,6,6,100.0,no
3370,ASVDST,Metazoa,1,6,16.666666666666664,no
3371,AAYSTT,Metazoa,6,6,100.0,no
3372,GGSDTM,Fungi,4,6,66.66666666666666,no
3373,GGSDTM,Viridiplantae,2,6,33.33333333333333,no
3374,GGSDTN,Viridiplantae,6,6,100.0,no
3375,TGSETI,Fungi,6,6,100.0,no
3376,TGSDTV,Fungi,2,6,33.33333333333333,no
3377,GGSETI,Fungi,2,6,33.33333333333333,no
3378,GGSETI,Metazoa,4,6,66.66666666666666,no
3379,TGSDTV,Viridiplantae,2,6,33.33333333333333,no
3380,AGYDPT,Metazoa,6,6,100.0,no
3381,AAVDTV,Viridiplantae,6,6,100.0,no
3382,AGDDNV,Bacillati,6,6,100.0,no
3383,AGTCTT,Metazoa,5,6,83.33333333333334,no
3384,AGTCTT,Viridiplantae,1,6,16.666666666666664,no
3385,AGHHSL,Pseudomonadati,6,6,100.0,no
3386,TGVDTV,Bacillati,4,6,66.66666666666666,no
3387,TGVDTV,Metazoa,2,6,33.33333333333333,no
3388,GGMETS,Metazoa,4,6,66.66666666666666,no
3389,AGCETT,Metazoa,5,6,83.33333333333334,yes
3390,LGEDTT,Bacillati,6,6,100.0,no
3391,AGHGTV,Fungi,2,6,33.33333333333333,no
3392,AGHGTV,Viridiplantae,3,6,50.0,no
3393,GGMETS,Viridiplantae,2,6,33.33333333333333,no
3394,AGFESA,Metazoa,3,6,50.0,no
3395,AGIATT,Fungi,2,6,33.33333333333333,no
3396,DGYESS,Metazoa,6,6,100.0,no
3397,TGMETT,Bacillati,1,6,16.666666666666664,no
3398,EGFGTV,Metazoa,6,6,100.0,no
3399,TGMETT,Fungi,1,6,16.666666666666664,no
3400,TGMETT,Viridiplantae,4,6,66.66666666666666,no
3401,GGYDTI,Viridiplantae,2,6,33.33333333333333,no
3402,AGFETP,Metazoa,3,6,50.0,no
3403,AGFETP,Pseudomonadati,3,6,50.0,no
3404,AGQENT,Viridiplantae,3,6,50.0,no
3405,AGRDAL,Viridiplantae,6,6,100.0,no
3406,AGQENT,Fungi,2,6,33.33333333333333,no
3407,GGIDTI,Fungi,3,6,50.0,no
3408,GGIDTI,Metazoa,1,6,16.666666666666664,no
3409,GGIDTI,Viridiplantae,2,6,33.33333333333333,no
3410,AGQENT,Pseudomonadati,1,6,16.666666666666664,no
3411,AGFLTS,Fungi,4,6,66.66666666666666,no
3412,AGFLTS,Metazoa,2,6,33.33333333333333,no
3413,AGPETT,Bacillati,1,6,16.666666666666664,yes
3414,AGPETT,Metazoa,5,6,83.33333333333334,yes
3415,AGIGTS,Viridiplantae,6,6,100.0,no
3416,ASIHST,Fungi,6,6,100.0,no
3417,AGFEAG,Metazoa,6,6,100.0,no
3418,AGMNNI,Viridiplantae,6,6,100.0,no
3419,HDTT,Fungi,1,6,16.666666666666664,no
3420,HDTT,Metazoa,5,6,83.33333333333334,no
3421,SGLHTT,Pseudomonadati,6,6,100.0,no
3422,PSIDTT,Bacillati,6,6,100.0,no
3423,AGCETT,Bacillati,1,6,16.666666666666664,yes
3424,TAFDTT,Metazoa,2,6,33.33333333333333,no
3425,TAFDTT,Pseudomonadati,4,6,66.66666666666666,no
3426,AGSEPS,Viridiplantae,6,6,100.0,no
3427,AGSEPT,Fungi,6,6,100.0,no
3428,GGTQTT,Metazoa,1,6,16.666666666666664,no
3429,GGTQTT,Viridiplantae,5,6,83.33333333333334,no
3430,GGYDTI,Metazoa,4,6,66.66666666666666,no
3431,AGHEMT,Fungi,2,6,33.33333333333333,no
3432,AATETA,Viridiplantae,6,6,100.0,no
3433,AELETT,Metazoa,6,6,100.0,no
3434,ADAETT,Viridiplantae,6,6,100.0,no
3435,AGVEAT,Metazoa,1,6,16.666666666666664,no
3436,AGVEAT,Viridiplantae,3,6,50.0,no
3437,EGIDSP,Fungi,6,6,100.0,no
3438,AGTYTT,Viridiplantae,5,6,83.33333333333334,no
3439,AGVDVT,Viridiplantae,6,6,100.0,no
3440,AGVEAT,Bacillati,2,6,33.33333333333333,no
3441,DGFEAS,Metazoa,6,6,100.0,no
3442,AGFEPT,Fungi,2,6,33.33333333333333,no
3443,AGFEPT,Metazoa,4,6,66.66666666666666,no
3444,AGFEGI,Metazoa,6,6,100.0,no
3445,AGTDTQ,Viridiplantae,6,6,100.0,no
3446,TGYEST,Bacillati,1,6,16.666666666666664,no
3447,TGYEST,Metazoa,5,6,83.33333333333334,no
3448,AGYSTI,Metazoa,2,6,33.33333333333333,no
3449,AGYSTI,Viridiplantae,4,6,66.66666666666666,no
3450,AGSEKS,Metazoa,6,6,100.0,no
3451,AGSDPV,Fungi,4,6,66.66666666666666,no
3452,AGSDPV,Metazoa,2,6,33.33333333333333,no
3453,AGYETM,Fungi,2,6,33.33333333333333,no
3454,AGTYTT,Metazoa,1,6,16.666666666666664,no
3455,AGYEVV,Bacillati,3,6,50.0,no
3456,AGYEVV,Metazoa,3,6,50.0,no
3457,AGYETM,Metazoa,4,6,66.66666666666666,no
3458,ASVDST,Viridiplantae,5,6,83.33333333333334,no
3459,ASVDTP,Viridiplantae,5,6,83.33333333333334,no
3460,MGLETC,Metazoa,6,6,100.0,no
3461,AGHYTT,Metazoa,1,6,16.666666666666664,no
3462,AGIATT,Metazoa,3,6,50.0,no
3463,AGIATT,Viridiplantae,1,6,16.666666666666664,no
3464,AGHEMT,Metazoa,2,6,33.33333333333333,no
3465,AGHEMT,Methanobacteriati,1,6,16.666666666666664,no
3466,AGHEMT,Viridiplantae,1,6,16.666666666666664,no
3467,AAKDLV,Viridiplantae,6,6,100.0,no
3468,AANEST,Bacillati,6,6,100.0,no
3469,VGFETV,Metazoa,6,6,100.0,no
3470,ASQDTV,Metazoa,6,6,100.0,no
3471,GGFDTM,Viridiplantae,2,6,33.33333333333333,no
3472,DGLSTT,Metazoa,6,6,100.0,no
3473,EAHDST,Metazoa,6,6,100.0,no
3474,PGGETI,Bacillati,6,6,100.0,no
3475,AGHAAT,Pseudomonadati,4,6,66.66666666666666,no
3476,SGLEPM,Pseudomonadati,6,6,100.0,no
3477,GGTDSV,Pseudomonadati,1,6,16.666666666666664,no
3478,GGTDSV,Viridiplantae,1,6,16.666666666666664,no
3479,GGFDTM,Metazoa,4,6,66.66666666666666,no
3480,GALETS,Viridiplantae,6,6,100.0,no
3481,GANDTT,Metazoa,1,6,16.666666666666664,no
3482,GANDTT,Viridiplantae,5,6,83.33333333333334,no
3483,ENADTT,Viridiplantae,6,6,100.0,no
3484,AGHAAT,Fungi,2,6,33.33333333333333,no
3485,AGTNGP,Viridiplantae,6,6,100.0,no
3486,AASNTS,Viridiplantae,6,6,100.0,no
3487,TGTETV,Metazoa,6,6,100.0,no
3488,AGTENV,Metazoa,1,6,16.666666666666664,no
3489,AGRGTT,Fungi,3,6,50.0,no
3490,AGRGTT,Metazoa,2,6,33.33333333333333,no
3491,AGRGTT,Viridiplantae,1,6,16.666666666666664,no
3492,AATDSS,Viridiplantae,6,6,100.0,no
3493,GGVDST,Fungi,1,6,16.666666666666664,no
3494,GGVDST,Metazoa,5,6,83.33333333333334,no
3495,AGSATS,Fungi,2,6,33.33333333333333,no
3496,GGIGTG,Viridiplantae,6,6,100.0,no
3497,AGHVTA,Bacillati,6,6,100.0,no
3498,AGIDTL,Bacillati,3,6,50.0,no
3499,AGIDTL,Viridiplantae,3,6,50.0,no
3500,AGHYTT,Bacillati,3,6,50.0,no
3501,AGHYTT,Fungi,2,6,33.33333333333333,no
3502,AGHEIV,Metazoa,6,6,100.0,no
3503,AGIHTV,Metazoa,6,6,100.0,no
3504,AGFVST,Bacillati,6,6,100.0,no
3505,AGSDAS,Viridiplantae,5,6,83.33333333333334,no
3506,AGSDAV,Fungi,2,6,33.33333333333333,no
3507,AGSDAV,Metazoa,4,6,66.66666666666666,no
3508,AGSATS,Viridiplantae,4,6,66.66666666666666,no
3509,AGLDPV,Metazoa,6,6,100.0,no
3510,GGFESS,Metazoa,6,6,100.0,no
3511,EGQDTT,Metazoa,6,6,100.0,no
3512,GSFETT,Fungi,4,6,66.66666666666666,no
3513,GSFETT,Bacillati,1,6,16.666666666666664,no
3514,AGKHST,Viridiplantae,6,6,100.0,no
3515,GGTDSV,Metazoa,4,6,66.66666666666666,no
3516,AGTENV,Bacillati,5,6,83.33333333333334,no
3517,GATEST,Bacillati,2,6,33.33333333333333,no
3518,GATEST,Viridiplantae,4,6,66.66666666666666,no
3519,GATETI,Viridiplantae,6,6,100.0,no
3520,SGTMTT,Fungi,6,6,100.0,no
3521,GGIDAS,Viridiplantae,1,6,16.666666666666664,no
3522,AGEKTT,Pseudomonadati,6,6,100.0,no
3523,GGIDAS,Bacillati,5,6,83.33333333333334,no
3524,AGLETL,Metazoa,2,6,33.33333333333333,no
3525,AGLETL,Viridiplantae,3,6,50.0,no
3526,TGSDTV,Metazoa,2,6,33.33333333333333,no
3527,AGYDNA,Bacillati,6,6,100.0,no
3528,GGSESS,Fungi,1,6,16.666666666666664,no
3529,GGSESS,Viridiplantae,5,6,83.33333333333334,no
3530,AGLETL,Bacillati,1,6,16.666666666666664,no
3531,ASVYNT,Fungi,6,6,100.0,no
3532,AGIDSV,Bacillati,1,6,16.666666666666664,no
3533,AGIDSV,Fungi,4,6,66.66666666666666,no
3534,AGIDSV,Viridiplantae,1,6,16.666666666666664,no
3535,AAFDTA,Fungi,1,5,20.0,no
3536,ASYDTV,Metazoa,3,5,60.0,no
3537,ASYDTV,Viridiplantae,2,5,40.0,no
3538,AGFQPS,Metazoa,5,5,100.0,no
3539,TAQDTT,Fungi,2,5,40.0,no
3540,AGFDTG,Metazoa,4,5,80.0,no
3541,AGFDTG,Viridiplantae,1,5,20.0,no
3542,AAIETS,Fungi,3,5,60.0,no
3543,AAIETS,Metazoa,2,5,40.0,no
3544,AAIDTV,Fungi,3,5,60.0,no
3545,AGFGTV,Metazoa,4,5,80.0,no
3546,GSMDTA,Viridiplantae,5,5,100.0,no
3547,AGRDSM,Fungi,3,5,60.0,no
3548,AGRDSM,Viridiplantae,2,5,40.0,no
3549,AAIGTS,Metazoa,1,5,20.0,no
3550,AAIGTS,Viridiplantae,3,5,60.0,no
3551,AAIDNS,Viridiplantae,5,5,100.0,no
3552,GGFGTT,Fungi,1,5,20.0,no
3553,EGHDTM,Metazoa,5,5,100.0,no
3554,AGYDTC,Metazoa,5,5,100.0,no
3555,GGSEPP,Viridiplantae,5,5,100.0,no
3556,AGSMTT,Fungi,1,5,20.0,no
3557,AGSMTT,Metazoa,1,5,20.0,no
3558,AGSKTS,Viridiplantae,5,5,100.0,no
3559,AGSQST,Fungi,5,5,100.0,no
3560,GAGEST,Viridiplantae,5,5,100.0,no
3561,VGHSST,Bacillati,1,5,20.0,no
3562,VGHSST,Pseudomonadati,4,5,80.0,no
3563,AAIDTV,Viridiplantae,2,5,40.0,no
3564,GGHDTP,Fungi,1,5,20.0,no
3565,GGHDTP,Metazoa,3,5,60.0,no
3566,GGHDTP,Viridiplantae,1,5,20.0,no
3567,AGFDII,Metazoa,5,5,100.0,no
3568,TGAETS,Bacillati,1,5,20.0,no
3569,GAHDTS,Viridiplantae,2,5,40.0,no
3570,AAAKTT,Viridiplantae,5,5,100.0,no
3571,GGADTA,Fungi,4,5,80.0,no
3572,AGFGTV,Bacillati,1,5,20.0,no
3573,AVHDTT,Fungi,3,5,60.0,no
3574,AVHDTT,Viridiplantae,2,5,40.0,no
3575,AGQETL,Fungi,1,5,20.0,no
3576,AGQETL,Viridiplantae,4,5,80.0,no
3577,GATEPP,Bacillati,5,5,100.0,no
3578,AGRDGT,Viridiplantae,5,5,100.0,no
3579,AGRDPA,Fungi,5,5,100.0,no
3580,SGTEST,Metazoa,5,5,100.0,no
3581,GSFETS,Viridiplantae,5,5,100.0,no
3582,AGDHTS,Bacillati,5,5,100.0,no
3583,AGDDTV,Viridiplantae,1,5,20.0,no
3584,AGKETG,Viridiplantae,5,5,100.0,no
3585,AGKGTT,Viridiplantae,3,5,60.0,no
3586,AGTHST,Viridiplantae,5,5,100.0,no
3587,VGQETS,Viridiplantae,5,5,100.0,no
3588,EGTESA,Metazoa,5,5,100.0,no
3589,AGFETL,Bacillati,1,5,20.0,no
3590,AGFETL,Metazoa,4,5,80.0,no
3591,GGIHTT,Fungi,1,5,20.0,no
3592,GGIHTT,Metazoa,2,5,40.0,no
3593,GGIHTT,Viridiplantae,2,5,40.0,no
3594,AGHEKT,Bacillati,1,5,20.0,no
3595,AAMETS,Fungi,4,5,80.0,no
3596,AAMETS,Viridiplantae,1,5,20.0,no
3597,GGYDTA,Metazoa,2,5,40.0,no
3598,ASRDST,Fungi,4,5,80.0,no
3599,ASRDST,Viridiplantae,1,5,20.0,no
3600,ASSDTS,Fungi,1,5,20.0,no
3601,ASSDTS,Viridiplantae,4,5,80.0,no
3602,GALETT,Metazoa,4,5,80.0,no
3603,GALETT,Viridiplantae,1,5,20.0,no
3604,GALDTT,Bacillati,3,5,60.0,no
3605,AGRQTT,Viridiplantae,5,5,100.0,no
3606,AGRHTT,Viridiplantae,5,5,100.0,no
3607,GGVDSS,Viridiplantae,5,5,100.0,no
3608,TGTDTV,Metazoa,3,5,60.0,no
3609,AATDNP,Viridiplantae,5,5,100.0,no
3610,TGTHKS,Fungi,5,5,100.0,no
3611,TGTDTV,Fungi,2,5,40.0,no
3612,AGTMTT,Fungi,5,5,100.0,no
3613,GALDTT,Viridiplantae,1,5,20.0,no
3614,GAMEAT,Pseudomonadati,5,5,100.0,no
3615,GGFENT,Metazoa,5,5,100.0,no
3616,ANGDTS,Fungi,5,5,100.0,no
3617,QGTDTT,Viridiplantae,5,5,100.0,no
3618,GGFDTL,Metazoa,5,5,100.0,no
3619,ANFETT,Metazoa,3,5,60.0,no
3620,ANFETT,Viridiplantae,2,5,40.0,no
3621,PAFESI,Fungi,5,5,100.0,no
3622,AGHQSV,Bacillati,5,5,100.0,no
3623,ASNSTT,Metazoa,5,5,100.0,no
3624,VGFDTI,Metazoa,3,5,60.0,no
3625,GALDTT,Fungi,1,5,20.0,no
3626,VGHETI,Fungi,3,5,60.0,no
3627,VGHETI,Metazoa,1,5,20.0,no
3628,AGFGTN,Fungi,5,5,100.0,no
3629,AGRDSL,Fungi,1,5,20.0,no
3630,AGIESV,Bacillati,2,5,40.0,no
3631,AGIESV,Metazoa,3,5,60.0,no
3632,NGTDTT,Fungi,5,5,100.0,no
3633,AGHXTT,Bacillati,3,5,60.0,no
3634,AGHXTT,Pseudomonadati,2,5,40.0,no
3635,AGYETP,Fungi,1,5,20.0,no
3636,AGYETP,Metazoa,4,5,80.0,no
3637,GGRDSV,Fungi,5,5,100.0,no
3638,AGYENA,Bacillati,5,5,100.0,no
3639,AGMEAT,Fungi,2,5,40.0,no
3640,AGMEAT,Metazoa,3,5,60.0,no
3641,AGVDSV,Bacillati,3,5,60.0,no
3642,AGTVTS,Bacillati,1,5,20.0,no
3643,GGSTTT,Bacillati,5,5,100.0,no
3644,AGHVST,Bacillati,5,5,100.0,no
3645,VGHETI,Viridiplantae,1,5,20.0,no
3646,VGFDTI,Viridiplantae,2,5,40.0,no
3647,AGFEGV,Metazoa,5,5,100.0,no
3648,AGSDSN,Viridiplantae,4,5,80.0,no
3649,TGGDTI,Viridiplantae,5,5,100.0,no
3650,AGTEAP,Fungi,5,5,100.0,no
3651,GGTDTP,Viridiplantae,5,5,100.0,no
3652,AGTDTK,Viridiplantae,5,5,100.0,no
3653,GSADTV,Viridiplantae,5,5,100.0,no
3654,AGANSS,Fungi,4,5,80.0,no
3655,AGANSS,Viridiplantae,1,5,20.0,no
3656,AGYSST,Metazoa,1,5,20.0,no
3657,AGYSST,Viridiplantae,4,5,80.0,no
3658,AGFEGT,Metazoa,5,5,100.0,no
3659,AGSEAV,Viridiplantae,5,5,100.0,no
3660,AGFEAI,Metazoa,5,5,100.0,no
3661,AGFEAA,Metazoa,5,5,100.0,no
3662,GGKETT,Viridiplantae,5,5,100.0,yes
3663,DGFITS,Metazoa,5,5,100.0,no
3664,AGFDPM,Fungi,5,5,100.0,no
3665,AGVDTL,Pseudomonadati,2,5,40.0,no
3666,AGHDPV,Fungi,1,5,20.0,no
3667,AGHDPV,Metazoa,4,5,80.0,no
3668,TGHETA,Fungi,5,5,100.0,no
3669,AGTTST,Viridiplantae,5,5,100.0,no
3670,AGVDSS,Fungi,3,5,60.0,no
3671,AGVDSS,Viridiplantae,2,5,40.0,no
3672,SAYETT,Metazoa,5,5,100.0,no
3673,GGFGTT,Viridiplantae,4,5,80.0,no
3674,GGSATT,Metazoa,2,5,40.0,no
3675,GGSATT,Viridiplantae,3,5,60.0,no
3676,GGSDNT,Fungi,5,5,100.0,no
3677,AATHST,Viridiplantae,5,5,100.0,no
3678,AATGTS,Viridiplantae,5,5,100.0,no
3679,TGNETS,Metazoa,3,5,60.0,no
3680,AGVDTL,Metazoa,2,5,40.0,no
3681,GSSDTI,Metazoa,5,5,100.0,no
3682,AGQEMT,Metazoa,1,5,20.0,no
3683,AGQEMT,Pseudomonadati,1,5,20.0,no
3684,AGQEMT,Viridiplantae,3,5,60.0,no
3685,GGYDTA,Viridiplantae,3,5,60.0,no
3686,AGHGTI,Viridiplantae,4,5,80.0,no
3687,TGAETS,Fungi,1,5,20.0,no
3688,TGAETS,Metazoa,3,5,60.0,no
3689,TGADTT,Fungi,4,5,80.0,no
3690,TGADTT,Metazoa,1,5,20.0,no
3691,AGDDTV,Bacillati,1,5,20.0,no
3692,AGDDTV,Fungi,2,5,40.0,no
3693,GGYHTT,Bacillati,1,5,20.0,no
3694,GGYHTT,Metazoa,3,5,60.0,no
3695,PGTETP,Metazoa,5,5,100.0,no
3696,ARHETT,Fungi,3,5,60.0,no
3697,ARHETT,Viridiplantae,2,5,40.0,no
3698,AGPETS,Viridiplantae,5,5,100.0,no
3699,AGPDAT,Fungi,5,5,100.0,no
3700,ASIHTS,Fungi,5,5,100.0,no
3701,AGRESV,Viridiplantae,1,5,20.0,no
3702,AGFNTT,Metazoa,5,5,100.0,no
3703,AGQFTT,Metazoa,5,5,100.0,no
3704,AGQGGT,Fungi,5,5,100.0,no
3705,AGTVTS,Fungi,1,5,20.0,no
3706,AGTVTS,Viridiplantae,3,5,60.0,no
3707,AGADTA,Fungi,3,5,60.0,no
3708,AGADTA,Pseudomonadati,2,5,40.0,no
3709,TGNETS,Fungi,2,5,40.0,no
3710,GGHATT,Bacillati,5,5,100.0,no
3711,DGYETA,Metazoa,5,5,100.0,no
3712,AGHDTG,Fungi,4,5,80.0,no
3713,AGVDSV,Viridiplantae,2,5,40.0,no
3714,TGKDTT,Viridiplantae,5,5,100.0,no
3715,AGQDTN,Metazoa,5,5,100.0,no
3716,AGQDPS,Bacillati,5,5,100.0,no
3717,ASGDTI,Fungi,5,5,100.0,no
3718,ASGDTT,Bacillati,1,5,20.0,no
3719,ASGDTT,Fungi,3,5,60.0,no
3720,AGKDAI,Viridiplantae,5,5,100.0,no
3721,GGLDAT,Metazoa,5,5,100.0,no
3722,AGHGTI,Pseudomonadati,1,5,20.0,no
3723,GAHDTS,Bacillati,3,5,60.0,no
3724,GGTGAT,Viridiplantae,5,5,100.0,no
3725,GGMETM,Bacillati,1,5,20.0,no
3726,GGMETM,Metazoa,1,5,20.0,no
3727,GGMETM,Viridiplantae,3,5,60.0,no
3728,ASFVTT,Bacillati,5,5,100.0,no
3729,AARDTL,Viridiplantae,4,5,80.0,no
3730,AGSVST,Fungi,4,5,80.0,no
3731,AGSVST,Metazoa,1,5,20.0,no
3732,AARDTM,Fungi,5,5,100.0,no
3733,AARDTL,Fungi,1,5,20.0,no
3734,AFTETT,Metazoa,5,5,100.0,no
3735,AGHDTG,Viridiplantae,1,5,20.0,no
3736,TGQETV,Metazoa,1,5,20.0,no
3737,TGQETV,Viridiplantae,4,5,80.0,no
3738,AAYEPV,Fungi,5,5,100.0,no
3739,AGVENT,Bacillati,1,5,20.0,no
3740,AGVENT,Metazoa,1,5,20.0,no
3741,AGVENT,Viridiplantae,1,5,20.0,no
3742,AAHTNT,Fungi,5,5,100.0,no
3743,AAIGTS,Fungi,1,5,20.0,no
3744,GSIETT,Bacillati,1,5,20.0,no
3745,GSIETT,Fungi,2,5,40.0,no
3746,GSIETT,Metazoa,2,5,40.0,no
3747,GSMETS,Viridiplantae,5,5,100.0,no
3748,VGFEAM,Metazoa,5,5,100.0,no
3749,AAMDST,Fungi,5,5,100.0,no
3750,GAQDTS,Fungi,5,5,100.0,no
3751,AGHEKT,Viridiplantae,1,5,20.0,no
3752,AAQDTA,Viridiplantae,5,5,100.0,no
3753,AGNHTT,Bacillati,2,5,40.0,no
3754,AGNHTT,Pseudomonadati,1,5,20.0,no
3755,AGNHTT,Viridiplantae,2,5,40.0,no
3756,ASFESV,Viridiplantae,5,5,100.0,no
3757,VARDTV,Viridiplantae,5,5,100.0,no
3758,IGTDTS,Viridiplantae,5,5,100.0,no
3759,IGVNAT,Metazoa,5,5,100.0,no
3760,AGKEAV,Viridiplantae,5,5,100.0,no
3761,AGKDTM,Viridiplantae,3,5,60.0,no
3762,TAQDTT,Bacillati,3,5,60.0,no
3763,GGYDNN,Fungi,5,5,100.0,no
3764,AGHHTI,Pseudomonadati,3,5,60.0,no
3765,GATSTS,Viridiplantae,5,5,100.0,no
3766,AAFDTA,Pseudomonadati,1,5,20.0,no
3767,AAFDTA,Viridiplantae,3,5,60.0,no
3768,AGHHTI,Bacillati,2,5,40.0,no
3769,GGADTA,Viridiplantae,1,5,20.0,no
3770,GGIDTM,Metazoa,2,5,40.0,no
3771,GGIDTM,Viridiplantae,3,5,60.0,no
3772,AGHEKT,Fungi,1,5,20.0,no
3773,AGHEKT,Metazoa,1,5,20.0,no
3774,GASDTI,Metazoa,4,5,80.0,no
3775,GASDTI,Viridiplantae,1,5,20.0,no
3776,SGSDTT,Fungi,4,5,80.0,no
3777,SGSDTT,Pseudomonadati,1,5,20.0,no
3778,AGRDSL,Viridiplantae,4,5,80.0,no
3779,VGYETS,Metazoa,4,4,100.0,no
3780,AACDTT,Fungi,1,4,25.0,no
3781,AACDTT,Metazoa,2,4,50.0,no
3782,GATDTA,Viridiplantae,3,4,75.0,no
3783,GATDTI,Bacillati,3,4,75.0,no
3784,GATDTI,Viridiplantae,1,4,25.0,no
3785,AGQHQS,Fungi,4,4,100.0,no
3786,GGADTI,Fungi,2,4,50.0,no
3787,GGADTI,Viridiplantae,2,4,50.0,no
3788,AAGDTI,Fungi,3,4,75.0,no
3789,AAGDTI,Metazoa,1,4,25.0,no
3790,SAIHTT,Fungi,3,4,75.0,no
3791,SAIHTT,Metazoa,1,4,25.0,no
3792,SALEPM,Pseudomonadati,4,4,100.0,no
3793,GGADST,Metazoa,2,4,50.0,no
3794,GATHTT,Viridiplantae,4,4,100.0,no
3795,AAGETQ,Fungi,4,4,100.0,no
3796,AAFEAL,Viridiplantae,4,4,100.0,no
3797,AGVMTT,Bacillati,1,4,25.0,no
3798,AGVMTT,Fungi,1,4,25.0,no
3799,AGVMTT,Viridiplantae,2,4,50.0,no
3800,AGYATV,Pseudomonadati,1,4,25.0,no
3801,AGVVTT,Metazoa,4,4,100.0,no
3802,AGLDTG,Viridiplantae,4,4,100.0,no
3803,SGVDTI,Metazoa,3,4,75.0,no
3804,SGTETI,Metazoa,4,4,100.0,no
3805,GGSETG,Viridiplantae,4,4,100.0,no
3806,GGSETM,Metazoa,3,4,75.0,no
3807,AAVEST,Fungi,3,4,75.0,no
3808,AAVEST,Metazoa,1,4,25.0,no
3809,TGSHTI,Fungi,4,4,100.0,no
3810,AGYEGV,Metazoa,4,4,100.0,no
3811,EGIDTG,Viridiplantae,4,4,100.0,no
3812,EGHGTT,Metazoa,4,4,100.0,no
3813,ASYEST,Metazoa,1,4,25.0,no
3814,ASYEST,Viridiplantae,3,4,75.0,no
3815,VGFEVM,Metazoa,4,4,100.0,no
3816,AALMTT,Metazoa,4,4,100.0,no
3817,GATDTA,Bacillati,1,4,25.0,no
3818,AGLKTT,Metazoa,4,4,100.0,no
3819,GSNDTS,Viridiplantae,4,4,100.0,no
3820,GGSETM,Viridiplantae,1,4,25.0,no
3821,EGHVTT,Metazoa,4,4,100.0,no
3822,PAHDTV,Fungi,4,4,100.0,no
3823,SGGETS,Viridiplantae,4,4,100.0,no
3824,AGTTTS,Viridiplantae,4,4,100.0,no
3825,AGFITT,Bacillati,4,4,100.0,no
3826,AGFGST,Metazoa,1,4,25.0,no
3827,AGFGST,Pseudomonadati,1,4,25.0,no
3828,AGFGST,Viridiplantae,2,4,50.0,no
3829,AGHDNV,Bacillati,1,4,25.0,no
3830,AGHDNV,Metazoa,1,4,25.0,no
3831,AGHDNV,Pseudomonadati,2,4,50.0,no
3832,AGHDPT,Metazoa,3,4,75.0,no
3833,AGHDPT,Pseudomonadati,1,4,25.0,no
3834,TGIGGP,Bacillati,4,4,100.0,no
3835,EGHATT,Metazoa,4,4,100.0,no
3836,EGFETA,Metazoa,4,4,100.0,no
3837,AGHGTS,Methanobacteriati,1,4,25.0,no
3838,AGTDAP,Viridiplantae,3,4,75.0,no
3839,AGTAST,Fungi,1,4,25.0,no
3840,AGTAST,Metazoa,3,4,75.0,no
3841,AGTATI,Metazoa,4,4,100.0,no
3842,AGTATM,Metazoa,4,4,100.0,no
3843,GGTESA,Viridiplantae,4,4,100.0,no
3844,GGTEAI,Bacillati,4,4,100.0,no
3845,ASHHTT,Pseudomonadati,1,4,25.0,no
3846,ASHHTT,Viridiplantae,2,4,50.0,no
3847,ASHLTT,Pseudomonadati,4,4,100.0,no
3848,ASIDNP,Viridiplantae,4,4,100.0,no
3849,ASHHTT,Metazoa,1,4,25.0,no
3850,AAQDTI,Metazoa,4,4,100.0,no
3851,AGHETP,Fungi,2,4,50.0,no
3852,AGHETP,Pseudomonadati,1,4,25.0,no
3853,AGSSTV,Viridiplantae,1,4,25.0,no
3854,AGNGTT,Metazoa,2,4,50.0,no
3855,AGNGTT,Viridiplantae,1,4,25.0,no
3856,ASFEST,Pseudomonadati,3,4,75.0,no
3857,GGLGTL,Metazoa,4,4,100.0,no
3858,TSVHTT,Fungi,4,4,100.0,no
3859,TSYETI,Pseudomonadati,4,4,100.0,no
3860,TSGDTT,Fungi,4,4,100.0,no
3861,AGSSTV,Pseudomonadati,1,4,25.0,no
3862,AGENTI,Metazoa,4,4,100.0,no
3863,AGENTL,Metazoa,4,4,100.0,no
3864,TATDTS,Metazoa,1,4,25.0,no
3865,TATDTS,Viridiplantae,1,4,25.0,no
3866,AGSSTV,Metazoa,2,4,50.0,no
3867,AGNGSI,Viridiplantae,4,4,100.0,no
3868,AGNGTT,Fungi,1,4,25.0,no
3869,GGQDTA,Fungi,3,4,75.0,no
3870,GGQDTA,Viridiplantae,1,4,25.0,no
3871,GGNDTV,Bacillati,1,4,25.0,no
3872,GGNDTV,Metazoa,3,4,75.0,no
3873,GGMVTT,Metazoa,4,4,100.0,no
3874,AGTDSI,Viridiplantae,2,4,50.0,no
3875,GGYQST,Viridiplantae,4,4,100.0,no
3876,GGYQTT,Metazoa,4,4,100.0,no
3877,TAFETT,Pseudomonadati,4,4,100.0,no
3878,TAFDQI,Metazoa,4,4,100.0,no
3879,SSIHTT,Fungi,4,4,100.0,no
3880,AGQDAT,Metazoa,3,4,75.0,no
3881,QAIHTT,Fungi,4,4,100.0,no
3882,ANVETT,Metazoa,4,4,100.0,no
3883,AIRDTT,Viridiplantae,4,4,100.0,no
3884,GGQDAS,Bacillati,4,4,100.0,no
3885,ASEDTA,Metazoa,4,4,100.0,no
3886,GAATS,Fungi,4,4,100.0,no
3887,VGSELP,Viridiplantae,4,4,100.0,no
3888,GGTFTT,Fungi,4,4,100.0,no
3889,GGTGTA,Viridiplantae,4,4,100.0,no
3890,ASIDTL,Viridiplantae,4,4,100.0,no
3891,LGQDTT,Bacillati,3,4,75.0,no
3892,GGYEPP,Viridiplantae,4,4,100.0,no
3893,AGDDSI,Fungi,4,4,100.0,no
3894,AGNDSS,Metazoa,2,4,50.0,no
3895,AGTDSI,Metazoa,2,4,50.0,no
3896,ANIDVT,Fungi,4,4,100.0,no
3897,GGNEST,Pseudomonadati,4,4,100.0,no
3898,GGMETV,Metazoa,3,4,75.0,no
3899,GGMETV,Viridiplantae,1,4,25.0,no
3900,ASFDTI,Viridiplantae,4,4,100.0,no
3901,AGYIST,Viridiplantae,4,4,100.0,no
3902,GGQEST,Viridiplantae,2,4,50.0,no
3903,TGYKTV,Fungi,4,4,100.0,no
3904,TGYETI,Pseudomonadati,4,4,100.0,no
3905,AASDST,Viridiplantae,4,4,100.0,no
3906,AASDTI,Fungi,2,4,50.0,no
3907,AASDTI,Metazoa,2,4,50.0,no
3908,TGFSTT,Bacillati,4,4,100.0,no
3909,AGSEGT,Fungi,3,4,75.0,no
3910,GGYVST,Viridiplantae,4,4,100.0,no
3911,AGHDAI,Metazoa,4,4,100.0,no
3912,AGYTTD,Metazoa,4,4,100.0,no
3913,GGQDTV,Fungi,1,4,25.0,no
3914,GGQDTV,Pseudomonadati,2,4,50.0,no
3915,GGQDTV,Viridiplantae,1,4,25.0,no
3916,GGQEST,Fungi,2,4,50.0,no
3917,AGFDPL,Fungi,4,4,100.0,no
3918,AGSESF,Viridiplantae,4,4,100.0,no
3919,AGFDQM,Metazoa,4,4,100.0,no
3920,GGISTV,Pseudomonadati,4,4,100.0,no
3921,ASNDTS,Viridiplantae,3,4,75.0,no
3922,ASNDTS,Metazoa,1,4,25.0,no
3923,AGSEAP,Fungi,1,4,25.0,no
3924,AGSEAP,Viridiplantae,3,4,75.0,no
3925,GGYNTT,Fungi,1,4,25.0,no
3926,GGYNTT,Viridiplantae,3,4,75.0,no
3927,TGFDTS,Metazoa,4,4,100.0,no
3928,AGQDAT,Viridiplantae,1,4,25.0,no
3929,AGHGTL,Bacillati,4,4,100.0,no
3930,AGHGTS,Bacillati,1,4,25.0,no
3931,AGHGTS,Fungi,2,4,50.0,no
3932,GGTQST,Viridiplantae,2,4,50.0,no
3933,DGLNTT,Metazoa,4,4,100.0,no
3934,AGHETP,Bacillati,1,4,25.0,no
3935,AGHSTP,Viridiplantae,4,4,100.0,no
3936,DGNETS,Metazoa,4,4,100.0,no
3937,DGLETS,Metazoa,4,4,100.0,no
3938,AGHINT,Metazoa,4,4,100.0,no
3939,QGHDTT,Metazoa,4,4,100.0,no
3940,GGFEAV,Metazoa,4,4,100.0,no
3941,VGHEST,Fungi,2,4,50.0,no
3942,VGFDTT,Metazoa,4,4,100.0,no
3943,AANESS,Bacillati,2,4,50.0,no
3944,AANESS,Metazoa,2,4,50.0,no
3945,AGTEPT,Viridiplantae,1,4,25.0,no
3946,VGRDPT,Viridiplantae,4,4,100.0,no
3947,PAHDNV,Fungi,4,4,100.0,no
3948,AGHSTS,Fungi,3,4,75.0,no
3949,AGFEPI,Metazoa,4,4,100.0,no
3950,GGHETA,Fungi,1,4,25.0,no
3951,GGHEAS,Fungi,4,4,100.0,no
3952,AVSDST,Viridiplantae,4,4,100.0,no
3953,GGHETA,Pseudomonadati,3,4,75.0,no
3954,VGHETV,Fungi,2,4,50.0,no
3955,VGHETV,Metazoa,1,4,25.0,no
3956,VGHEST,Viridiplantae,2,4,50.0,no
3957,AGTEGS,Viridiplantae,4,4,100.0,no
3958,GGYIST,Viridiplantae,4,4,100.0,no
3959,GGYGTV,Viridiplantae,4,4,100.0,no
3960,AGSEGT,Viridiplantae,1,4,25.0,no
3961,AGGDST,Bacillati,1,4,25.0,no
3962,GGYEGV,Metazoa,4,4,100.0,no
3963,GGTQST,Metazoa,2,4,50.0,no
3964,SSADTT,Viridiplantae,4,4,100.0,no
3965,AGKETI,Viridiplantae,4,4,100.0,no
3966,AGKVTT,Fungi,2,4,50.0,no
3967,AGKVTT,Pseudomonadati,1,4,25.0,no
3968,PARDTA,Fungi,4,4,100.0,no
3969,PARDTS,Fungi,4,4,100.0,no
3970,AGCDTS,Fungi,3,4,75.0,no
3971,AGCDTS,Viridiplantae,1,4,25.0,no
3972,AGLMTT,Metazoa,4,4,100.0,no
3973,EGTETS,Viridiplantae,1,4,25.0,no
3974,EGTVTV,Metazoa,4,4,100.0,no
3975,EGSDTT,Fungi,1,4,25.0,no
3976,AGTGST,Fungi,1,4,25.0,no
3977,AGTGST,Viridiplantae,3,4,75.0,no
3978,AGTGTA,Viridiplantae,4,4,100.0,no
3979,AGTGNT,Fungi,2,4,50.0,no
3980,AGKVTT,Viridiplantae,1,4,25.0,no
3981,AAHATT,Metazoa,3,4,75.0,no
3982,AGGDST,Fungi,3,4,75.0,no
3983,AAMHTS,Fungi,4,4,100.0,no
3984,AGSDLT,Fungi,4,4,100.0,no
3985,EGSDTT,Metazoa,1,4,25.0,no
3986,EGSDTT,Viridiplantae,2,4,50.0,no
3987,AAHFTT,Bacillati,4,4,100.0,no
3988,EGTETS,Metazoa,3,4,75.0,no
3989,AGHATS,Fungi,4,4,100.0,no
3990,GAMETS,Metazoa,4,4,100.0,no
3991,GGEETT,Bacillati,2,4,50.0,yes
3992,GGEETT,Viridiplantae,2,4,50.0,yes
3993,GGEDST,Pseudomonadati,4,4,100.0,no
3994,AAGTTT,Bacillati,3,4,75.0,no
3995,AAGTTT,Pseudomonadati,1,4,25.0,no
3996,AAHATT,Bacillati,1,4,25.0,no
3997,AGHEGT,Viridiplantae,1,4,25.0,no
3998,ASSEST,Viridiplantae,4,4,100.0,no
3999,VGHETV,Bacillati,1,4,25.0,no
4000,AGTYTS,Viridiplantae,4,4,100.0,no
4001,GGSHTS,Bacillati,3,4,75.0,no
4002,GGSHTS,Viridiplantae,1,4,25.0,no
4003,GGSGTM,Metazoa,4,4,100.0,no
4004,GGSNTS,Fungi,1,4,25.0,no
4005,AGYLTT,Fungi,1,4,25.0,no
4006,AGYLTT,Pseudomonadati,2,4,50.0,no
4007,AGRHTS,Fungi,4,4,100.0,no
4008,AGRGSM,Viridiplantae,4,4,100.0,no
4009,ASRDAI,Viridiplantae,4,4,100.0,no
4010,ASTEST,Fungi,2,4,50.0,no
4011,ASTEST,Viridiplantae,2,4,50.0,no
4012,AGHEGT,Fungi,3,4,75.0,no
4013,GGTDNN,Viridiplantae,4,4,100.0,no
4014,GGTDNS,Viridiplantae,4,4,100.0,no
4015,AGTMTV,Metazoa,4,4,100.0,no
4016,GGQTTV,Bacillati,4,4,100.0,no
4017,TGTITT,Fungi,4,4,100.0,no
4018,AASHTT,Fungi,1,4,25.0,no
4019,AASHTT,Viridiplantae,3,4,75.0,no
4020,AGYLTT,Bacillati,1,4,25.0,no
4021,AGLQTT,Metazoa,4,4,100.0,no
4022,GGTATS,Viridiplantae,3,4,75.0,no
4023,GGTATS,Fungi,1,4,25.0,no
4024,AGTRTT,Fungi,1,4,25.0,no
4025,AGTRTT,Metazoa,1,4,25.0,no
4026,AGTEPT,Fungi,1,4,25.0,no
4027,AGTEPT,Metazoa,2,4,50.0,no
4028,AGMFTT,Metazoa,4,4,100.0,no
4029,AAVDST,Viridiplantae,4,4,100.0,no
4030,SGFDTT,Bacillati,2,4,50.0,no
4031,SGFDTT,Metazoa,1,4,25.0,no
4032,SGFDTT,Pseudomonadati,1,4,25.0,no
4033,PGQDSV,Viridiplantae,4,4,100.0,no
4034,PGKDTM,Viridiplantae,4,4,100.0,no
4035,PGQDPT,Fungi,4,4,100.0,no
4036,AGVDPT,Metazoa,4,4,100.0,no
4037,AAKDLT,Viridiplantae,4,4,100.0,no
4038,NGYETS,Metazoa,4,4,100.0,no
4039,AGQEPM,Bacillati,2,4,50.0,no
4040,AGQEPM,Pseudomonadati,2,4,50.0,no
4041,AGQEGN,Viridiplantae,4,4,100.0,no
4042,AGQEII,Metazoa,4,4,100.0,no
4043,TGNETT,Bacillati,3,4,75.0,no
4044,GSTETS,Viridiplantae,4,4,100.0,no
4045,AGYETL,Viridiplantae,2,4,50.0,no
4046,GGRDAS,Bacillati,4,4,100.0,no
4047,AGALTT,Fungi,1,4,25.0,no
4048,AGALTT,Metazoa,3,4,75.0,no
4049,AGTGNT,Pseudomonadati,2,4,50.0,no
4050,AGHVAV,Bacillati,3,4,75.0,no
4051,AGHVAV,Pseudomonadati,1,4,25.0,no
4052,AALEPL,Metazoa,4,4,100.0,no
4053,GGSNTS,Metazoa,1,4,25.0,no
4054,GGSNTS,Viridiplantae,2,4,50.0,no
4055,AGTRTT,Viridiplantae,2,4,50.0,no
4056,SGDATT,Viridiplantae,4,4,100.0,no
4057,AGYEPS,Metazoa,3,4,75.0,no
4058,AGYEPS,Viridiplantae,1,4,25.0,no
4059,AGYEPC,Metazoa,4,4,100.0,no
4060,AGYETL,Metazoa,2,4,50.0,no
4061,ATYDTS,Viridiplantae,4,4,100.0,no
4062,GGYDIT,Metazoa,4,4,100.0,no
4063,GGVESV,Bacillati,4,4,100.0,no
4064,AAADTV,Viridiplantae,4,4,100.0,no
4065,AADDTT,Fungi,4,4,100.0,no
4066,SAMDTT,Fungi,4,4,100.0,no
4067,VGVHTT,Fungi,4,4,100.0,no
4068,SGVDTI,Viridiplantae,1,4,25.0,no
4069,AGFQST,Viridiplantae,1,4,25.0,no
4070,AGIDPT,Metazoa,4,4,100.0,no
4071,ATFETT,Viridiplantae,4,4,100.0,no
4072,ASYDTS,Viridiplantae,1,4,25.0,no
4073,ASYDTS,Fungi,1,4,25.0,no
4074,ASYDTS,Metazoa,2,4,50.0,no
4075,ASVHTS,Fungi,3,4,75.0,no
4076,ASVHTS,Viridiplantae,1,4,25.0,no
4077,AGYATV,Metazoa,2,4,50.0,no
4078,AGYANV,Metazoa,4,4,100.0,no
4079,AGLETC,Metazoa,4,4,100.0,no
4080,AAIDST,Fungi,1,4,25.0,no
4081,AAIDST,Metazoa,2,4,50.0,no
4082,AAIDST,Viridiplantae,1,4,25.0,no
4083,GARTTT,Bacillati,4,4,100.0,no
4084,AGFQST,Metazoa,3,4,75.0,no
4085,EGHHTT,Metazoa,4,4,100.0,no
4086,TGNETT,Pseudomonadati,1,4,25.0,no
4087,TGQDTV,Metazoa,3,4,75.0,no
4088,TGQDTV,Viridiplantae,1,4,25.0,no
4089,AGYDSS,Fungi,2,4,50.0,no
4090,AGYDSS,Viridiplantae,1,4,25.0,no
4091,GGSEAT,Metazoa,4,4,100.0,no
4092,AGYATV,Fungi,1,4,25.0,no
4093,AGKDPV,Fungi,4,4,100.0,no
4094,IGVNTT,Metazoa,4,4,100.0,no
4095,AGITTT,Bacillati,1,4,25.0,no
4096,AGITTT,Metazoa,3,4,75.0,no
4097,KGHDTV,Metazoa,4,4,100.0,no
4098,VAIHTT,Fungi,4,4,100.0,no
4099,DGTDST,Viridiplantae,4,4,100.0,no
4100,DGTETA,Metazoa,4,4,100.0,no
4101,GGLETS,Metazoa,4,4,100.0,no
4102,TAIHTT,Fungi,4,4,100.0,no
4103,AGFAAT,Bacillati,1,4,25.0,no
4104,AGFAAT,Metazoa,3,4,75.0,no
4105,TATDTS,Fungi,2,4,50.0,no
4106,GAFEST,Metazoa,4,4,100.0,no
4107,AGHNTS,Fungi,1,4,25.0,no
4108,AGHNTS,Viridiplantae,3,4,75.0,no
4109,AAFGTT,Metazoa,4,4,100.0,no
4110,GGADST,Viridiplantae,2,4,50.0,no
4111,SAYDSS,Viridiplantae,4,4,100.0,no
4112,SGQETS,Viridiplantae,4,4,100.0,no
4113,SGQDST,Metazoa,4,4,100.0,no
4114,GAHETS,Bacillati,1,4,25.0,no
4115,GAHETS,Viridiplantae,3,4,75.0,no
4116,VGKETT,Viridiplantae,4,4,100.0,no
4117,GARDTI,Fungi,1,4,25.0,no
4118,GARDTI,Viridiplantae,3,4,75.0,no
4119,GAYENT,Bacillati,3,4,75.0,no
4120,GAYENT,Metazoa,1,4,25.0,no
4121,GGVETN,Viridiplantae,4,4,100.0,no
4122,AGQSSN,Metazoa,4,4,100.0,no
4123,GGIDAL,Bacillati,4,4,100.0,no
4124,GGHTTT,Pseudomonadati,4,4,100.0,no
4125,VGVETT,Viridiplantae,1,3,33.33333333333333,no
4126,GAVGTT,Bacillati,2,3,66.66666666666666,no
4127,GAVGTT,Fungi,1,3,33.33333333333333,no
4128,GFYDTV,Metazoa,3,3,100.0,no
4129,GAYTAV,Metazoa,3,3,100.0,no
4130,GATVTT,Bacillati,3,3,100.0,no
4131,GAVDST,Metazoa,3,3,100.0,no
4132,SAHDTT,Viridiplantae,3,3,100.0,no
4133,AGHHST,Viridiplantae,1,3,33.33333333333333,no
4134,AAFETV,Fungi,2,3,66.66666666666666,no
4135,AAFETV,Metazoa,1,3,33.33333333333333,no
4136,VGTDSS,Viridiplantae,3,3,100.0,no
4137,AAADST,Metazoa,3,3,100.0,no
4138,AAADTS,Metazoa,1,3,33.33333333333333,no
4139,AAADTS,Viridiplantae,2,3,66.66666666666666,no
4140,VGVETT,Metazoa,2,3,66.66666666666666,no
4141,ATEDTT,Viridiplantae,3,3,100.0,no
4142,ATEGTT,Viridiplantae,3,3,100.0,no
4143,GGIDSV,Viridiplantae,3,3,100.0,no
4144,GGHVTT,Bacillati,2,3,66.66666666666666,no
4145,GGHVTT,Metazoa,1,3,33.33333333333333,no
4146,ATYDTT,Metazoa,1,3,33.33333333333333,no
4147,ATYDTT,Pseudomonadati,2,3,66.66666666666666,no
4148,GGHTTS,Fungi,2,3,66.66666666666666,no
4149,GGHTTS,Viridiplantae,1,3,33.33333333333333,no
4150,ASYDPT,Bacillati,3,3,100.0,no
4151,AGIDNT,Bacillati,1,3,33.33333333333333,no
4152,AGIDNT,Metazoa,2,3,66.66666666666666,no
4153,GAQETT,Bacillati,1,3,33.33333333333333,no
4154,GAQETT,Pseudomonadati,2,3,66.66666666666666,no
4155,GAQGTT,Fungi,3,3,100.0,no
4156,GANTTT,Bacillati,3,3,100.0,no
4157,AGFHTI,Metazoa,3,3,100.0,no
4158,SGVDTS,Metazoa,3,3,100.0,no
4159,SGVDTT,Fungi,2,3,66.66666666666666,no
4160,SGVDTT,Viridiplantae,1,3,33.33333333333333,no
4161,AGFRTT,Metazoa,2,3,66.66666666666666,no
4162,AGFSAV,Bacillati,3,3,100.0,no
4163,SGSGTV,Metazoa,3,3,100.0,no
4164,GGADTV,Metazoa,2,3,66.66666666666666,no
4165,GGAETA,Fungi,2,3,66.66666666666666,no
4166,GGAETA,Viridiplantae,1,3,33.33333333333333,no
4167,GASDTV,Fungi,1,3,33.33333333333333,no
4168,GASDTV,Metazoa,2,3,66.66666666666666,no
4169,AGRETI,Viridiplantae,3,3,100.0,no
4170,AGFGNS,Metazoa,3,3,100.0,no
4171,AGFITS,Fungi,3,3,100.0,no
4172,AGREAT,Pseudomonadati,1,3,33.33333333333333,no
4173,AGREAT,Viridiplantae,2,3,66.66666666666666,no
4174,GGVEAP,Viridiplantae,3,3,100.0,no
4175,AGRDGP,Viridiplantae,3,3,100.0,no
4176,AGFRTT,Bacillati,1,3,33.33333333333333,no
4177,AGSATV,Fungi,1,3,33.33333333333333,no
4178,AGSDAI,Fungi,2,3,66.66666666666666,no
4179,GGVDTP,Viridiplantae,3,3,100.0,no
4180,AGQEIT,Bacillati,1,3,33.33333333333333,no
4181,AGQEIT,Viridiplantae,2,3,66.66666666666666,no
4182,AGQEGT,Bacillati,1,3,33.33333333333333,no
4183,AGQEGT,Viridiplantae,2,3,66.66666666666666,no
4184,AGQEAS,Bacillati,3,3,100.0,no
4185,DGFFTT,Metazoa,3,3,100.0,no
4186,DGFGTT,Metazoa,3,3,100.0,no
4187,ASMETS,Viridiplantae,3,3,100.0,no
4188,ASLETS,Metazoa,2,3,66.66666666666666,no
4189,ASLETS,Pseudomonadati,1,3,33.33333333333333,no
4190,GGIPAT,Bacillati,3,3,100.0,no
4191,ASIHTA,Fungi,3,3,100.0,no
4192,AGIHSN,Metazoa,3,3,100.0,no
4193,CGTITT,Metazoa,3,3,100.0,no
4194,AVTDTT,Viridiplantae,3,3,100.0,no
4195,AVSDSS,Viridiplantae,3,3,100.0,no
4196,AVRDTT,Viridiplantae,3,3,100.0,no
4197,GGHETM,Bacillati,1,3,33.33333333333333,no
4198,GGHETM,Viridiplantae,2,3,66.66666666666666,no
4199,GGHEAT,Pseudomonadati,3,3,100.0,no
4200,DGHDTI,Metazoa,3,3,100.0,no
4201,ASQDST,Viridiplantae,3,3,100.0,no
4202,ASQDAL,Fungi,1,3,33.33333333333333,no
4203,ASNDTY,Viridiplantae,3,3,100.0,no
4204,ASNHTT,Fungi,1,3,33.33333333333333,no
4205,ASNHTT,Metazoa,2,3,66.66666666666666,no
4206,VGFESV,Metazoa,3,3,100.0,no
4207,VGFDST,Metazoa,3,3,100.0,no
4208,VGHENS,Bacillati,3,3,100.0,no
4209,AGINTS,Metazoa,2,3,66.66666666666666,no
4210,AGINTS,Viridiplantae,1,3,33.33333333333333,no
4211,AGIITT,Metazoa,2,3,66.66666666666666,no
4212,AGIITT,Pseudomonadati,1,3,33.33333333333333,no
4213,AGIKTT,Bacillati,3,3,100.0,no
4214,GGISTA,Metazoa,1,3,33.33333333333333,no
4215,GGISTA,Viridiplantae,2,3,66.66666666666666,no
4216,GGIITT,Viridiplantae,3,3,100.0,no
4217,VATDTT,Fungi,1,3,33.33333333333333,no
4218,VATDTT,Viridiplantae,2,3,66.66666666666666,no
4219,VASDTT,Viridiplantae,3,3,100.0,no
4220,AGITNS,Fungi,3,3,100.0,no
4221,AGIQTS,Metazoa,3,3,100.0,no
4222,IGVNTV,Metazoa,3,3,100.0,no
4223,IGHETT,Bacillati,1,3,33.33333333333333,no
4224,IGHETT,Viridiplantae,2,3,66.66666666666666,no
4225,GGLETI,Bacillati,1,3,33.33333333333333,no
4226,GGLETI,Metazoa,2,3,66.66666666666666,no
4227,ASHDTM,Viridiplantae,3,3,100.0,no
4228,VGIHTT,Fungi,3,3,100.0,no
4229,GGHDTG,Metazoa,3,3,100.0,no
4230,DGTETT,Metazoa,3,3,100.0,no
4231,AAQMTV,Fungi,3,3,100.0,no
4232,VGCDTT,Fungi,3,3,100.0,no
4233,ASIDTA,Viridiplantae,3,3,100.0,no
4234,ASKETT,Fungi,3,3,100.0,no
4235,TSMDTS,Viridiplantae,3,3,100.0,no
4236,TSFEST,Metazoa,3,3,100.0,no
4237,AASEST,Viridiplantae,1,3,33.33333333333333,no
4238,ASFESL,Metazoa,2,3,66.66666666666666,no
4239,ASFESL,Viridiplantae,1,3,33.33333333333333,no
4240,GGLGTT,Bacillati,3,3,100.0,no
4241,AGIGTA,Viridiplantae,3,3,100.0,no
4242,LGYEST,Metazoa,3,3,100.0,no
4243,LGSDTT,Fungi,2,3,66.66666666666666,no
4244,LGSDTT,Metazoa,1,3,33.33333333333333,no
4245,AGKDAT,Viridiplantae,3,3,100.0,no
4246,AGIVNT,Fungi,3,3,100.0,no
4247,AGKDAN,Viridiplantae,3,3,100.0,no
4248,ASIDAT,Viridiplantae,2,3,66.66666666666666,no
4249,ANFETS,Metazoa,3,3,100.0,no
4250,DGSETT,Fungi,3,3,100.0,no
4251,DGLETT,Metazoa,3,3,100.0,no
4252,DGYEVT,Bacillati,3,3,100.0,no
4253,AGKLTT,Viridiplantae,3,3,100.0,no
4254,AGLDPT,Fungi,2,3,66.66666666666666,no
4255,AGLDPT,Metazoa,1,3,33.33333333333333,no
4256,AGLDSS,Viridiplantae,1,3,33.33333333333333,no
4257,AASEST,Bacillati,2,3,66.66666666666666,no
4258,TGYRTV,Fungi,3,3,100.0,no
4259,TGYESM,Metazoa,3,3,100.0,no
4260,GGQETG,Viridiplantae,3,3,100.0,no
4261,AGYSSS,Metazoa,3,3,100.0,no
4262,AGYSTP,Viridiplantae,3,3,100.0,no
4263,AGYRTT,Metazoa,1,3,33.33333333333333,no
4264,AGYRTT,Viridiplantae,2,3,66.66666666666666,no
4265,AARDSN,Fungi,3,3,100.0,no
4266,AAQGTT,Bacillati,1,3,33.33333333333333,no
4267,AAQGTT,Fungi,2,3,66.66666666666666,no
4268,IGADTT,Fungi,3,3,100.0,no
4269,GYDTT,Metazoa,3,3,100.0,no
4270,GGNDTI,Metazoa,1,3,33.33333333333333,no
4271,GGNDTI,Viridiplantae,2,3,66.66666666666666,no
4272,ARRDTT,Viridiplantae,3,3,100.0,no
4273,IGINAT,Metazoa,3,3,100.0,no
4274,AGKDSL,Viridiplantae,3,3,100.0,no
4275,ASAETT,Metazoa,1,3,33.33333333333333,no
4276,ASAETT,Viridiplantae,2,3,66.66666666666666,no
4277,GGMDTM,Metazoa,1,3,33.33333333333333,no
4278,GGMDTM,Viridiplantae,2,3,66.66666666666666,no
4279,GGLSTT,Metazoa,3,3,100.0,no
4280,AARDAT,Fungi,3,3,100.0,no
4281,AGYEGP,Metazoa,3,3,100.0,no
4282,AAVGNT,Metazoa,3,3,100.0,no
4283,TGSETV,Bacillati,1,3,33.33333333333333,no
4284,TGSETV,Fungi,1,3,33.33333333333333,no
4285,TGSETV,Viridiplantae,1,3,33.33333333333333,no
4286,TGSESP,Bacillati,3,3,100.0,no
4287,AGLETP,Bacillati,1,3,33.33333333333333,no
4288,AGLETP,Viridiplantae,2,3,66.66666666666666,no
4289,AAYDTG,Bacillati,3,3,100.0,no
4290,GSVDTM,Metazoa,3,3,100.0,no
4291,SGHATS,Viridiplantae,3,3,100.0,no
4292,SGHDTA,Bacillati,3,3,100.0,no
4293,AGYESA,Viridiplantae,3,3,100.0,no
4294,GGHDGP,Fungi,2,3,66.66666666666666,no
4295,GGHDGP,Viridiplantae,1,3,33.33333333333333,no
4296,EGHHTI,Metazoa,3,3,100.0,no
4297,GGRDTA,Fungi,2,3,66.66666666666666,no
4298,GGRDTA,Methanobacteriati,1,3,33.33333333333333,no
4299,GGQSTT,Fungi,1,3,33.33333333333333,no
4300,GGQSTT,Viridiplantae,2,3,66.66666666666666,no
4301,AGYHTV,Bacillati,2,3,66.66666666666666,no
4302,AGYHTV,Viridiplantae,1,3,33.33333333333333,no
4303,AGYHST,Metazoa,3,3,100.0,no
4304,AATGTT,Bacillati,3,3,100.0,no
4305,AGLDNP,Viridiplantae,3,3,100.0,no
4306,AGYPTT,Bacillati,3,3,100.0,no
4307,TGVETQ,Bacillati,3,3,100.0,no
4308,TGTGTS,Viridiplantae,3,3,100.0,no
4309,AGYESG,Metazoa,2,3,66.66666666666666,no
4310,AGYESG,Viridiplantae,1,3,33.33333333333333,no
4311,AGYESI,Metazoa,3,3,100.0,no
4312,GGRNTT,Fungi,3,3,100.0,no
4313,AAHQTT,Pseudomonadati,1,3,33.33333333333333,no
4314,AAHMTS,Pseudomonadati,3,3,100.0,no
4315,AGVEPV,Viridiplantae,3,3,100.0,no
4316,AGVESL,Pseudomonadati,3,3,100.0,no
4317,AGVHTV,Metazoa,1,3,33.33333333333333,no
4318,AGVHTV,Viridiplantae,2,3,66.66666666666666,no
4319,AGHDSM,Bacillati,3,3,100.0,no
4320,AGHDNS,Fungi,1,3,33.33333333333333,no
4321,AGWETV,Viridiplantae,1,3,33.33333333333333,no
4322,EGHDTL,Metazoa,3,3,100.0,no
4323,GGGDST,Fungi,1,3,33.33333333333333,no
4324,GGGDST,Viridiplantae,2,3,66.66666666666666,no
4325,GGFNST,Metazoa,3,3,100.0,no
4326,GGFQTI,Metazoa,3,3,100.0,no
4327,GGFSTT,Metazoa,3,3,100.0,no
4328,AAHQTT,Fungi,2,3,66.66666666666666,no
4329,TGQGTT,Viridiplantae,2,3,66.66666666666666,no
4330,TGQETS,Pseudomonadati,1,3,33.33333333333333,no
4331,TGQETS,Viridiplantae,2,3,66.66666666666666,no
4332,AGAATT,Bacillati,1,3,33.33333333333333,no
4333,AGHDTC,Bacillati,1,3,33.33333333333333,no
4334,AGHDTC,Fungi,2,3,66.66666666666666,no
4335,AGLENM,Bacillati,3,3,100.0,no
4336,AGWETV,Bacillati,2,3,66.66666666666666,no
4337,GGSESP,Viridiplantae,3,3,100.0,no
4338,GGSENS,Viridiplantae,3,3,100.0,no
4339,AGYATS,Metazoa,1,3,33.33333333333333,no
4340,AGYATS,Viridiplantae,2,3,66.66666666666666,no
4341,AAYHTT,Pseudomonadati,1,3,33.33333333333333,no
4342,TGRDTT,Fungi,2,3,66.66666666666666,no
4343,TGRDTT,Viridiplantae,1,3,33.33333333333333,no
4344,TGQGTT,Bacillati,1,3,33.33333333333333,no
4345,AGHESI,Fungi,2,3,66.66666666666666,no
4346,AGHESI,Viridiplantae,1,3,33.33333333333333,no
4347,SGFEPL,Metazoa,3,3,100.0,no
4348,SGFDTS,Metazoa,3,3,100.0,no
4349,SGADTS,Fungi,3,3,100.0,no
4350,AGTNTV,Viridiplantae,3,3,100.0,no
4351,GGSSTS,Metazoa,1,3,33.33333333333333,no
4352,GGSSTS,Viridiplantae,2,3,66.66666666666666,no
4353,TGHETL,Fungi,1,3,33.33333333333333,no
4354,TGHETL,Bacillati,2,3,66.66666666666666,no
4355,AGVDPS,Viridiplantae,3,3,100.0,no
4356,AGVDPV,Viridiplantae,3,3,100.0,no
4357,AAIHST,Fungi,3,3,100.0,no
4358,PGSDTT,Fungi,1,3,33.33333333333333,no
4359,PGSDTT,Viridiplantae,2,3,66.66666666666666,no
4360,AGHESA,Metazoa,1,3,33.33333333333333,no
4361,AGVETM,Viridiplantae,1,3,33.33333333333333,no
4362,AGAATT,Viridiplantae,1,3,33.33333333333333,no
4363,AEKETV,Viridiplantae,3,3,100.0,no
4364,AGADAT,Metazoa,1,3,33.33333333333333,no
4365,AGADAT,Viridiplantae,2,3,66.66666666666666,no
4366,AGADSS,Fungi,1,3,33.33333333333333,no
4367,AGADSS,Metazoa,1,3,33.33333333333333,no
4368,AGADSS,Viridiplantae,1,3,33.33333333333333,no
4369,AGHDNS,Pseudomonadati,1,3,33.33333333333333,no
4370,AGHDNS,Viridiplantae,1,3,33.33333333333333,no
4371,AGVDTP,Viridiplantae,1,3,33.33333333333333,no
4372,AGVDTN,Metazoa,1,3,33.33333333333333,no
4373,AGVDTN,Viridiplantae,2,3,66.66666666666666,no
4374,AGVDTP,Bacillati,2,3,66.66666666666666,no
4375,AGVETM,Bacillati,1,3,33.33333333333333,no
4376,AGVETM,Metazoa,1,3,33.33333333333333,no
4377,EGLETT,Metazoa,3,3,100.0,no
4378,EGNDTT,Metazoa,3,3,100.0,no
4379,GGFETI,Metazoa,3,3,100.0,no
4380,SGKEST,Viridiplantae,3,3,100.0,no
4381,SGHSTT,Fungi,2,3,66.66666666666666,no
4382,SGHITT,Bacillati,1,3,33.33333333333333,no
4383,SGHITT,Metazoa,2,3,66.66666666666666,no
4384,SGHSTT,Bacillati,1,3,33.33333333333333,no
4385,AGTLTM,Fungi,3,3,100.0,no
4386,AGTITA,Metazoa,3,3,100.0,no
4387,GGTDPT,Fungi,3,3,100.0,no
4388,TGHDPT,Fungi,1,3,33.33333333333333,no
4389,TGHDPT,Metazoa,2,3,66.66666666666666,no
4390,AGTESI,Metazoa,2,3,66.66666666666666,no
4391,AGTHAP,Viridiplantae,3,3,100.0,no
4392,EGRDTT,Metazoa,3,3,100.0,no
4393,GSIDNP,Pseudomonadati,3,3,100.0,no
4394,GSFETV,Fungi,3,3,100.0,no
4395,GSFQTI,Metazoa,3,3,100.0,no
4396,GSFETI,Metazoa,3,3,100.0,no
4397,AGAETM,Metazoa,2,3,66.66666666666666,no
4398,AGAENT,Bacillati,3,3,100.0,no
4399,AGAEAS,Viridiplantae,3,3,100.0,no
4400,AGTKTS,Viridiplantae,3,3,100.0,no
4401,GGTDAM,Pseudomonadati,1,3,33.33333333333333,no
4402,GGTDAM,Viridiplantae,2,3,66.66666666666666,no
4403,AGLVPL,Metazoa,3,3,100.0,no
4404,AGLQPL,Metazoa,3,3,100.0,no
4405,GSHETT,Bacillati,1,3,33.33333333333333,no
4406,GSHETT,Pseudomonadati,1,3,33.33333333333333,no
4407,GSHETT,Viridiplantae,1,3,33.33333333333333,no
4408,GSHGTI,Viridiplantae,3,3,100.0,no
4409,GGYGTT,Viridiplantae,1,3,33.33333333333333,no
4410,AGGNTT,Fungi,3,3,100.0,no
4411,AGGGTS,Pseudomonadati,3,3,100.0,no
4412,AGTEKT,Fungi,2,3,66.66666666666666,no
4413,AGTEKT,Metazoa,1,3,33.33333333333333,no
4414,TGFETV,Viridiplantae,3,3,100.0,no
4415,TGEDTT,Pseudomonadati,3,3,100.0,no
4416,TGANTT,Viridiplantae,3,3,100.0,no
4417,GGFEAS,Metazoa,3,3,100.0,no
4418,EGYETT,Fungi,1,3,33.33333333333333,no
4419,EGYETT,Metazoa,2,3,66.66666666666666,no
4420,ESFETS,Metazoa,3,3,100.0,no
4421,PSRDTT,Fungi,3,3,100.0,no
4422,AGHQSS,Viridiplantae,3,3,100.0,no
4423,AGHNTP,Viridiplantae,3,3,100.0,no
4424,GGYGTT,Fungi,2,3,66.66666666666666,no
4425,AGMDTG,Viridiplantae,2,3,66.66666666666666,no
4426,AGANPV,Metazoa,3,3,100.0,no
4427,AGDQTT,Bacillati,2,3,66.66666666666666,no
4428,AGDQTT,Viridiplantae,1,3,33.33333333333333,no
4429,GNYETT,Metazoa,3,3,100.0,no
4430,AGNATL,Fungi,3,3,100.0,no
4431,AGHAST,Pseudomonadati,1,3,33.33333333333333,no
4432,AGHAST,Fungi,2,3,66.66666666666666,no
4433,GGTDTC,Viridiplantae,3,3,100.0,no
4434,GGTDSA,Viridiplantae,3,3,100.0,no
4435,AGTESI,Viridiplantae,1,3,33.33333333333333,no
4436,AGTESM,Viridiplantae,3,3,100.0,no
4437,AGAGTS,Viridiplantae,3,3,100.0,no
4438,AGAETM,Viridiplantae,1,3,33.33333333333333,no
4439,TGHDTI,Viridiplantae,3,3,100.0,no
4440,AGMDTG,Fungi,1,3,33.33333333333333,no
4441,AGEETV,Pseudomonadati,1,3,33.33333333333333,no
4442,AGEGTV,Fungi,2,3,66.66666666666666,no
4443,AGEGTV,Metazoa,1,3,33.33333333333333,no
4444,AGEEST,Metazoa,2,3,66.66666666666666,no
4445,AGEETV,Fungi,2,3,66.66666666666666,no
4446,AGEEST,Fungi,1,3,33.33333333333333,no
4447,AGEDNT,Bacillati,3,3,100.0,no
4448,AGGENV,Bacillati,3,3,100.0,no
4449,AGTDGM,Fungi,3,3,100.0,no
4450,AGTDAV,Metazoa,3,3,100.0,no
4451,AGHNAS,Metazoa,3,3,100.0,no
4452,AGHLST,Pseudomonadati,1,3,33.33333333333333,no
4453,AGHLST,Viridiplantae,2,3,66.66666666666666,no
4454,GGFDPT,Metazoa,3,3,100.0,no
4455,GAFDTA,Viridiplantae,3,3,100.0,no
4456,GAIDTC,Viridiplantae,3,3,100.0,no
4457,AGNESV,Metazoa,3,3,100.0,no
4458,AGSVTV,Bacillati,1,3,33.33333333333333,no
4459,AGSVTV,Metazoa,1,3,33.33333333333333,no
4460,AGSVTV,Viridiplantae,1,3,33.33333333333333,no
4461,AGSYTT,Metazoa,2,3,66.66666666666666,no
4462,AGSYTT,Viridiplantae,1,3,33.33333333333333,no
4463,AGTDMT,Viridiplantae,3,3,100.0,no
4464,AGTDNV,Viridiplantae,3,3,100.0,no
4465,TGADTV,Pseudomonadati,3,3,100.0,no
4466,AGMQTT,Metazoa,3,3,100.0,no
4467,AGMSTS,Metazoa,3,3,100.0,no
4468,GGYHTV,Metazoa,3,3,100.0,no
4469,GGTEPT,Bacillati,3,3,100.0,no
4470,AGHDIT,Bacillati,1,3,33.33333333333333,no
4471,AGHDIT,Fungi,2,3,66.66666666666666,no
4472,AGNDNT,Bacillati,3,3,100.0,no
4473,AGHHST,Bacillati,2,3,66.66666666666666,no
4474,AGHGTA,Metazoa,3,3,100.0,no
4475,SSTETT,Metazoa,2,3,66.66666666666666,no
4476,SSTETT,Viridiplantae,1,3,33.33333333333333,no
4477,STIDTS,Viridiplantae,3,3,100.0,no
4478,AGPDTM,Metazoa,3,3,100.0,no
4479,AGPDTT,Viridiplantae,3,3,100.0,yes
4480,AGQDSS,Fungi,1,3,33.33333333333333,no
4481,GGTHSV,Fungi,3,3,100.0,no
4482,GAISTV,Metazoa,3,3,100.0,no
4483,GAKDPT,Fungi,3,3,100.0,no
4484,GALDSS,Viridiplantae,3,3,100.0,no
4485,AAHDAT,Bacillati,2,3,66.66666666666666,no
4486,AAHDAT,Viridiplantae,1,3,33.33333333333333,no
4487,AGHHSS,Fungi,2,3,66.66666666666666,no
4488,AGHHSS,Metazoa,1,3,33.33333333333333,no
4489,AGSLTT,Fungi,2,3,66.66666666666666,no
4490,AGSLTT,Metazoa,1,3,33.33333333333333,no
4491,GGYESV,Viridiplantae,3,3,100.0,no
4492,AGNHTS,Fungi,3,3,100.0,no
4493,AGNGPV,Viridiplantae,3,3,100.0,no
4494,AGSSTI,Metazoa,3,3,100.0,no
4495,SSHDTS,Viridiplantae,3,3,100.0,no
4496,AGSFTT,Metazoa,3,3,100.0,no
4497,AGGEPS,Viridiplantae,3,3,100.0,no
4498,SGQEST,Viridiplantae,3,3,100.0,no
4499,SGNDAS,Metazoa,3,3,100.0,no
4500,GGTESV,Metazoa,1,3,33.33333333333333,no
4501,GGTESV,Viridiplantae,2,3,66.66666666666666,no
4502,AGSSTS,Fungi,3,3,100.0,no
4503,AGSRTT,Fungi,2,3,66.66666666666666,no
4504,GGTETP,Metazoa,3,3,100.0,no
4505,GANSTT,Bacillati,3,3,100.0,no
4506,GAMHTA,Metazoa,3,3,100.0,no
4507,GGAQTT,Metazoa,3,3,100.0,no
4508,GGVDTI,Viridiplantae,3,3,100.0,no
4509,AGSATI,Metazoa,1,3,33.33333333333333,no
4510,AGSATI,Viridiplantae,2,3,66.66666666666666,no
4511,AGSDAI,Viridiplantae,1,3,33.33333333333333,no
4512,AGSATV,Bacillati,2,3,66.66666666666666,no
4513,AGSDSA,Viridiplantae,3,3,100.0,no
4514,SGQGTT,Viridiplantae,3,3,100.0,no
4515,AGGDSS,Bacillati,1,3,33.33333333333333,no
4516,AGGDSS,Viridiplantae,2,3,66.66666666666666,no
4517,AGFXTI,Metazoa,3,3,100.0,no
4518,GAIETI,Bacillati,2,3,66.66666666666666,no
4519,GGDDTT,Bacillati,3,3,100.0,yes
4520,GGDESS,Bacillati,3,3,100.0,no
4521,AGSEIT,Viridiplantae,2,3,66.66666666666666,no
4522,GGVATS,Viridiplantae,3,3,100.0,no
4523,GGTVSA,Viridiplantae,3,3,100.0,no
4524,GGTVTS,Viridiplantae,3,3,100.0,no
4525,AGFEPS,Metazoa,3,3,100.0,no
4526,AGFEMS,Metazoa,3,3,100.0,no
4527,GGTTSP,Viridiplantae,3,3,100.0,no
4528,AGSDTC,Fungi,3,3,100.0,no
4529,AGQDSS,Metazoa,2,3,66.66666666666666,no
4530,AGQDSG,Viridiplantae,3,3,100.0,no
4531,GGYENV,Bacillati,3,3,100.0,no
4532,AGFDTM,Metazoa,3,3,100.0,no
4533,AGFESP,Metazoa,3,3,100.0,no
4534,AGFEPF,Metazoa,3,3,100.0,no
4535,AGFDSL,Metazoa,3,3,100.0,no
4536,AGSEIT,Fungi,1,3,33.33333333333333,no
4537,VTSDSI,Viridiplantae,3,3,100.0,no
4538,VSHETT,Metazoa,1,3,33.33333333333333,no
4539,VSHETT,Viridiplantae,2,3,66.66666666666666,no
4540,AGHEVT,Bacillati,3,3,100.0,no
4541,SAHGTT,Viridiplantae,3,3,100.0,no
4542,AAFETN,Metazoa,3,3,100.0,no
4543,AAFETL,Metazoa,3,3,100.0,no
4544,AGHESA,Bacillati,1,3,33.33333333333333,no
4545,AGQETN,Viridiplantae,3,3,100.0,no
4546,AGQETG,Fungi,1,3,33.33333333333333,no
4547,AGQETG,Viridiplantae,2,3,66.66666666666666,no
4548,AGQHAT,Viridiplantae,3,3,100.0,no
4549,AGQHNT,Fungi,3,3,100.0,no
4550,GATDSS,Viridiplantae,3,3,100.0,no
4551,GASHTS,Viridiplantae,3,3,100.0,no
4552,GGADTV,Bacillati,1,3,33.33333333333333,no
4553,AGQTTA,Viridiplantae,3,3,100.0,no
4554,AGQRTT,Bacillati,3,3,100.0,no
4555,AGQKPT,Viridiplantae,3,3,100.0,no
4556,AGQKTT,Fungi,1,3,33.33333333333333,no
4557,AGQKTT,Viridiplantae,2,3,66.66666666666666,no
4558,GGVHTS,Viridiplantae,3,3,100.0,no
4559,GGVETG,Viridiplantae,3,3,100.0,no
4560,SGSDSS,Viridiplantae,3,3,100.0,no
4561,GGVEPI,Viridiplantae,3,3,100.0,no
4562,GGVESS,Metazoa,1,3,33.33333333333333,no
4563,GGVESS,Viridiplantae,2,3,66.66666666666666,no
4564,AGRDGV,Viridiplantae,3,3,100.0,no
4565,AGRDGI,Fungi,1,3,33.33333333333333,no
4566,AGRDGI,Viridiplantae,2,3,66.66666666666666,no
4567,GGVNTV,Fungi,1,3,33.33333333333333,no
4568,GGVNTV,Metazoa,2,3,66.66666666666666,no
4569,ASQSNT,Metazoa,3,3,100.0,no
4570,GGIHTS,Fungi,1,3,33.33333333333333,no
4571,GGIHTS,Metazoa,1,3,33.33333333333333,no
4572,GGIHTS,Viridiplantae,1,3,33.33333333333333,no
4573,GGIETM,Bacillati,2,3,66.66666666666666,no
4574,GGIETM,Metazoa,1,3,33.33333333333333,no
4575,AAMDTV,Fungi,2,3,66.66666666666666,no
4576,AAMDTV,Viridiplantae,1,3,33.33333333333333,no
4577,AGIDAT,Metazoa,2,3,66.66666666666666,no
4578,AGIDAT,Viridiplantae,1,3,33.33333333333333,no
4579,AGHYTI,Metazoa,2,3,66.66666666666666,no
4580,AGHYTI,Pseudomonadati,1,3,33.33333333333333,no
4581,AGHVTS,Fungi,1,3,33.33333333333333,no
4582,AGHVTS,Bacillati,2,3,66.66666666666666,no
4583,AGHEEI,Fungi,3,3,100.0,no
4584,ASRDTA,Fungi,3,3,100.0,no
4585,NGYETT,Fungi,1,3,33.33333333333333,no
4586,NGLETC,Metazoa,3,3,100.0,no
4587,NGTETT,Fungi,3,3,100.0,no
4588,NGHETV,Bacillati,3,3,100.0,no
4589,AGIETP,Bacillati,1,3,33.33333333333333,no
4590,AGIETP,Viridiplantae,2,3,66.66666666666666,no
4591,AAKETS,Viridiplantae,3,3,100.0,no
4592,VGHISI,Viridiplantae,3,3,100.0,no
4593,AGHESA,Fungi,1,3,33.33333333333333,no
4594,AGHENI,Bacillati,3,3,100.0,no
4595,ATIDTS,Viridiplantae,3,3,100.0,no
4596,AAMDSS,Viridiplantae,3,3,100.0,no
4597,AALGTT,Metazoa,1,3,33.33333333333333,no
4598,AALGTT,Pseudomonadati,2,3,66.66666666666666,no
4599,ASVESV,Metazoa,3,3,100.0,no
4600,NGYETT,Bacillati,2,3,66.66666666666666,no
4601,XGFETT,Metazoa,2,2,100.0,no
4602,AAADTM,Metazoa,2,2,100.0,no
4603,VGYHTT,Pseudomonadati,2,2,100.0,no
4604,VGSGTT,Pseudomonadati,2,2,100.0,no
4605,VGTDTI,Viridiplantae,2,2,100.0,no
4606,AAHDSS,Fungi,2,2,100.0,no
4607,AAHDTN,Pseudomonadati,2,2,100.0,no
4608,VGSESV,Metazoa,2,2,100.0,no
4609,VGSETI,Fungi,2,2,100.0,no
4610,AAHETN,Pseudomonadati,1,2,50.0,no
4611,AAHDGL,Metazoa,2,2,100.0,no
4612,AAHEAT,Pseudomonadati,1,2,50.0,no
4613,AAHEAT,Viridiplantae,1,2,50.0,no
4614,AAHETA,Bacillati,2,2,100.0,no
4615,GAYNNI,Bacillati,2,2,100.0,no
4616,GETEST,Viridiplantae,2,2,100.0,no
4617,GGADNP,Viridiplantae,2,2,100.0,no
4618,GAYETV,Metazoa,2,2,100.0,no
4619,GAYEST,Metazoa,1,2,50.0,no
4620,GAYEST,Viridiplantae,1,2,50.0,no
4621,GAYETS,Pseudomonadati,2,2,100.0,no
4622,GATETA,Bacillati,1,2,50.0,no
4623,GATETA,Viridiplantae,1,2,50.0,no
4624,GAYDPT,Bacillati,2,2,100.0,no
4625,GAYDSS,Fungi,2,2,100.0,no
4626,GAYDST,Pseudomonadati,1,2,50.0,no
4627,GAYDST,Viridiplantae,1,2,50.0,no
4628,VGQDTT,Bacillati,1,2,50.0,no
4629,VGQDTT,Viridiplantae,1,2,50.0,no
4630,VGQETA,Viridiplantae,2,2,100.0,no
4631,VGSDLP,Viridiplantae,2,2,100.0,no
4632,AAIDTA,Viridiplantae,1,2,50.0,no
4633,VGNETT,Bacillati,1,2,50.0,no
4634,VGNETT,Fungi,1,2,50.0,no
4635,AAHVTT,Pseudomonadati,2,2,100.0,no
4636,AAIDTA,Fungi,1,2,50.0,no
4637,AAINTS,Fungi,2,2,100.0,no
4638,GGANTT,Viridiplantae,2,2,100.0,no
4639,GGAQTS,Metazoa,2,2,100.0,no
4640,GGASST,Viridiplantae,2,2,100.0,no
4641,GATDTM,Viridiplantae,2,2,100.0,no
4642,GATDTP,Viridiplantae,2,2,100.0,no
4643,GATATV,Metazoa,2,2,100.0,no
4644,AAIEAT,Viridiplantae,2,2,100.0,no
4645,AALDST,Bacillati,1,2,50.0,no
4646,AALDST,Viridiplantae,1,2,50.0,no
4647,AAKDNT,Fungi,2,2,100.0,no
4648,AAKDPS,Fungi,2,2,100.0,no
4649,AAKYST,Viridiplantae,2,2,100.0,no
4650,AALDNN,Metazoa,2,2,100.0,no
4651,VGHESS,Fungi,1,2,50.0,no
4652,VGHESS,Viridiplantae,1,2,50.0,no
4653,VGHGTT,Bacillati,2,2,100.0,no
4654,AAMDTN,Fungi,1,2,50.0,no
4655,AAMDTN,Viridiplantae,1,2,50.0,no
4656,AANETT,Viridiplantae,2,2,100.0,no
4657,VGEETT,Viridiplantae,2,2,100.0,no
4658,VGFDVI,Metazoa,2,2,100.0,no
4659,VGFKTT,Metazoa,2,2,100.0,no
4660,AAMGTT,Fungi,2,2,100.0,no
4661,AAQETA,Fungi,2,2,100.0,no
4662,AANHTC,Viridiplantae,2,2,100.0,no
4663,VASETT,Viridiplantae,2,2,100.0,no
4664,VATDTS,Fungi,2,2,100.0,no
4665,VATETT,Metazoa,1,2,50.0,no
4666,VATETT,Viridiplantae,1,2,50.0,no
4667,VAYETT,Pseudomonadati,2,2,100.0,no
4668,VGAATT,Bacillati,1,2,50.0,no
4669,VGAATT,Fungi,1,2,50.0,no
4670,VAHDST,Fungi,2,2,100.0,no
4671,GGFDAT,Metazoa,2,2,100.0,no
4672,GGFDAV,Metazoa,2,2,100.0,no
4673,GAIEPT,Metazoa,2,2,100.0,no
4674,GGFDAI,Metazoa,2,2,100.0,no
4675,GALSTT,Fungi,2,2,100.0,no
4676,GGAVTT,Fungi,2,2,100.0,no
4677,GALEAT,Pseudomonadati,2,2,100.0,no
4678,GALHTT,Fungi,2,2,100.0,no
4679,TSLGTT,Bacillati,2,2,100.0,no
4680,TSQDTT,Fungi,2,2,100.0,no
4681,AASETP,Fungi,2,2,100.0,no
4682,TSFDST,Metazoa,2,2,100.0,no
4683,TSHDTT,Fungi,2,2,100.0,no
4684,TNHETT,Viridiplantae,2,2,100.0,no
4685,AASDSM,Viridiplantae,2,2,100.0,no
4686,AASDTM,Viridiplantae,2,2,100.0,no
4687,TGYKTI,Fungi,2,2,100.0,no
4688,TGVEAP,Bacillati,2,2,100.0,no
4689,TGYDTV,Metazoa,2,2,100.0,no
4690,AATDAT,Viridiplantae,1,2,50.0,no
4691,AATDNT,Bacillati,2,2,100.0,no
4692,AATDSV,Bacillati,1,2,50.0,no
4693,AATDSV,Fungi,1,2,50.0,no
4694,TGTVTT,Fungi,2,2,100.0,no
4695,AASHTS,Fungi,2,2,100.0,no
4696,AATATT,Viridiplantae,2,2,100.0,no
4697,AATDAT,Fungi,1,2,50.0,no
4698,TGTGST,Viridiplantae,2,2,100.0,no
4699,TGTNTT,Fungi,1,2,50.0,no
4700,TGTNTT,Viridiplantae,1,2,50.0,no
4701,TGTTTT,Metazoa,2,2,100.0,no
4702,AATEPT,Metazoa,1,2,50.0,no
4703,AATEPT,Pseudomonadati,1,2,50.0,no
4704,AATETM,Metazoa,2,2,100.0,no
4705,AATQTS,Viridiplantae,1,2,50.0,no
4706,AAVDNA,Viridiplantae,2,2,100.0,no
4707,AAVHTS,Fungi,2,2,100.0,no
4708,AAYDTC,Metazoa,2,2,100.0,no
4709,GAFETL,Metazoa,2,2,100.0,no
4710,GAFHTT,Metazoa,2,2,100.0,no
4711,GGFDNV,Viridiplantae,2,2,100.0,no
4712,GGFDPA,Bacillati,2,2,100.0,no
4713,GAIDSS,Viridiplantae,2,2,100.0,no
4714,GAIDTL,Metazoa,2,2,100.0,no
4715,GAFDTV,Metazoa,2,2,100.0,no
4716,GAHDSI,Viridiplantae,2,2,100.0,no
4717,GAHFTT,Bacillati,2,2,100.0,no
4718,GAITTT,Bacillati,2,2,100.0,no
4719,GALDSA,Viridiplantae,2,2,100.0,no
4720,AAVETV,Bacillati,1,2,50.0,no
4721,AAVETV,Metazoa,1,2,50.0,no
4722,TGTATT,Metazoa,2,2,100.0,no
4723,TGTDTI,Metazoa,2,2,100.0,no
4724,AAYEIV,Metazoa,2,2,100.0,no
4725,AAYEPT,Pseudomonadati,2,2,100.0,no
4726,AAYESS,Fungi,2,2,100.0,no
4727,AAYGTI,Metazoa,2,2,100.0,no
4728,TGSDTL,Pseudomonadati,2,2,100.0,no
4729,TGQDTY,Metazoa,2,2,100.0,no
4730,TGQEPT,Bacillati,2,2,100.0,no
4731,TGQETI,Metazoa,1,2,50.0,no
4732,TGQETI,Viridiplantae,1,2,50.0,no
4733,AETDTT,Viridiplantae,2,2,100.0,no
4734,AEHETS,Fungi,2,2,100.0,no
4735,AEHETT,Fungi,1,2,50.0,no
4736,AEHETT,Pseudomonadati,1,2,50.0,no
4737,AERDTT,Viridiplantae,1,2,50.0,no
4738,FGHDTS,Pseudomonadati,2,2,100.0,no
4739,FGYETT,Metazoa,2,2,100.0,no
4740,ESYETS,Metazoa,2,2,100.0,no
4741,GGFDSI,Metazoa,2,2,100.0,no
4742,ADTETT,Metazoa,2,2,100.0,no
4743,ADYETT,Metazoa,2,2,100.0,no
4744,TGKETS,Viridiplantae,2,2,100.0,no
4745,TGMSTT,Viridiplantae,2,2,100.0,no
4746,TGNDTS,Fungi,2,2,100.0,no
4747,TGIEST,Bacillati,1,2,50.0,no
4748,TGIEST,Metazoa,1,2,50.0,no
4749,TGIETS,Viridiplantae,2,2,100.0,no
4750,AGADSV,Fungi,1,2,50.0,no
4751,AGADSV,Pseudomonadati,1,2,50.0,no
4752,TGHETI,Pseudomonadati,1,2,50.0,no
4753,TGHETI,Viridiplantae,1,2,50.0,no
4754,AGAESL,Metazoa,2,2,100.0,no
4755,AGAESS,Bacillati,1,2,50.0,no
4756,AGAESS,Metazoa,1,2,50.0,no
4757,AGAETQ,Viridiplantae,2,2,100.0,no
4758,AGAHST,Fungi,1,2,50.0,no
4759,AGAHST,Metazoa,1,2,50.0,no
4760,TGGDTT,Fungi,2,2,100.0,no
4761,TGGETT,Fungi,1,2,50.0,no
4762,TGGETT,Viridiplantae,1,2,50.0,no
4763,TGGETV,Viridiplantae,2,2,100.0,no
4764,AGATTT,Pseudomonadati,2,2,100.0,no
4765,AGDSTT,Bacillati,2,2,100.0,no
4766,AGAMTT,Viridiplantae,2,2,100.0,no
4767,AGDESV,Fungi,2,2,100.0,no
4768,GGFHPT,Metazoa,2,2,100.0,no
4769,GGFHSS,Metazoa,2,2,100.0,no
4770,GGFHST,Metazoa,2,2,100.0,no
4771,GGFHTA,Metazoa,2,2,100.0,no
4772,EGVETS,Metazoa,2,2,100.0,no
4773,TGFDTV,Bacillati,2,2,100.0,no
4774,TFTETT,Metazoa,2,2,100.0,no
4775,TGAGST,Viridiplantae,2,2,100.0,no
4776,TGCETT,Metazoa,2,2,100.0,no
4777,AGEDST,Pseudomonadati,2,2,100.0,no
4778,AGEETS,Viridiplantae,2,2,100.0,no
4779,AGFDAP,Metazoa,2,2,100.0,no
4780,AGENTT,Fungi,2,2,100.0,no
4781,AGFATS,Metazoa,1,2,50.0,no
4782,AGFATS,Viridiplantae,1,2,50.0,no
4783,TAQGTT,Viridiplantae,1,2,50.0,no
4784,TATHTT,Fungi,2,2,100.0,no
4785,TAQGTT,Bacillati,1,2,50.0,no
4786,TAFETI,Metazoa,2,2,100.0,no
4787,TAHYTI,Metazoa,2,2,100.0,no
4788,AGFDPT,Metazoa,2,2,100.0,no
4789,SSTDTT,Fungi,1,2,50.0,no
4790,SSTDTT,Viridiplantae,1,2,50.0,no
4791,SSYETV,Viridiplantae,2,2,100.0,no
4792,SSAETT,Bacillati,2,2,100.0,no
4793,SSFETT,Viridiplantae,2,2,100.0,no
4794,SSIDTT,Metazoa,2,2,100.0,no
4795,SSQEAS,Metazoa,2,2,100.0,no
4796,AGFESL,Metazoa,2,2,100.0,no
4797,AGFDTP,Metazoa,2,2,100.0,no
4798,AGFDVT,Bacillati,2,2,100.0,no
4799,AGFENV,Bacillati,2,2,100.0,no
4800,AGFEPA,Metazoa,2,2,100.0,no
4801,GGGESS,Viridiplantae,2,2,100.0,no
4802,GGHDSI,Viridiplantae,2,2,100.0,no
4803,EDHNTT,Metazoa,2,2,100.0,no
4804,EGFHST,Metazoa,2,2,100.0,no
4805,EGIDTI,Fungi,2,2,100.0,no
4806,SGYEST,Pseudomonadati,1,2,50.0,no
4807,SGYEST,Viridiplantae,1,2,50.0,no
4808,SGYDST,Fungi,1,2,50.0,no
4809,SGYDST,Pseudomonadati,1,2,50.0,no
4810,SGYDTL,Metazoa,2,2,100.0,no
4811,SGYDTT,Bacillati,1,2,50.0,no
4812,SGYDTT,Fungi,1,2,50.0,no
4813,AGFGTA,Metazoa,2,2,100.0,no
4814,AGFETC,Metazoa,2,2,100.0,no
4815,AGFNGS,Viridiplantae,2,2,100.0,no
4816,AGFNTV,Metazoa,2,2,100.0,no
4817,AGFQII,Metazoa,2,2,100.0,no
4818,SGYATL,Metazoa,2,2,100.0,no
4819,AGFIST,Bacillati,2,2,100.0,no
4820,SGTDTP,Viridiplantae,2,2,100.0,no
4821,AGFTNV,Metazoa,2,2,100.0,no
4822,AGFTTA,Metazoa,2,2,100.0,no
4823,SGTDTM,Viridiplantae,2,2,100.0,no
4824,AGFQNT,Metazoa,2,2,100.0,no
4825,AGFRNT,Metazoa,2,2,100.0,no
4826,AGFSAT,Bacillati,2,2,100.0,no
4827,AGFSNV,Metazoa,2,2,100.0,no
4828,SGSHTS,Viridiplantae,2,2,100.0,no
4829,SGTAPT,Metazoa,2,2,100.0,no
4830,SGTASS,Metazoa,2,2,100.0,no
4831,SGRDTI,Viridiplantae,2,2,100.0,no
4832,AGGETP,Bacillati,1,2,50.0,no
4833,AGFVTL,Fungi,2,2,100.0,no
4834,AGGATT,Fungi,2,2,100.0,no
4835,SGQGNS,Viridiplantae,2,2,100.0,no
4836,AGGESN,Bacillati,2,2,100.0,no
4837,AGGESS,Bacillati,1,2,50.0,no
4838,AGGESS,Viridiplantae,1,2,50.0,no
4839,DGVETA,Metazoa,2,2,100.0,no
4840,EAFHTT,Metazoa,2,2,100.0,no
4841,DGMDTT,Metazoa,2,2,100.0,no
4842,DGMETT,Metazoa,2,2,100.0,no
4843,DGNETT,Fungi,2,2,100.0,no
4844,DGQETT,Metazoa,2,2,100.0,no
4845,DTT,Fungi,1,2,50.0,no
4846,DTT,Viridiplantae,1,2,50.0,no
4847,DGYEMS,Metazoa,2,2,100.0,no
4848,DGYFTS,Metazoa,2,2,100.0,no
4849,DGYVTI,Metazoa,2,2,100.0,no
4850,DSFETS,Metazoa,2,2,100.0,no
4851,SGMGTT,Bacillati,2,2,100.0,no
4852,SGQDET,Metazoa,2,2,100.0,no
4853,SGQDTS,Metazoa,2,2,100.0,no
4854,SGQESS,Viridiplantae,2,2,100.0,no
4855,SGMDTT,Metazoa,1,2,50.0,no
4856,SGMDTT,Viridiplantae,1,2,50.0,no
4857,SGMEST,Metazoa,2,2,100.0,no
4858,AGHDGI,Fungi,2,2,100.0,no
4859,AGHDMI,Fungi,2,2,100.0,no
4860,AGGETP,Viridiplantae,1,2,50.0,no
4861,AGHATI,Viridiplantae,2,2,100.0,no
4862,AGHATV,Methanobacteriati,2,2,100.0,no
4863,AGHDAA,Fungi,2,2,100.0,no
4864,AVMDTT,Fungi,1,2,50.0,no
4865,DGIHTS,Metazoa,2,2,100.0,no
4866,GGHEGS,Fungi,2,2,100.0,no
4867,DGFDTS,Metazoa,2,2,100.0,no
4868,GGHDTM,Metazoa,2,2,100.0,no
4869,DGAETA,Metazoa,2,2,100.0,no
4870,SGIETT,Bacillati,2,2,100.0,no
4871,SGINTS,Viridiplantae,2,2,100.0,no
4872,SGLDTT,Bacillati,1,2,50.0,no
4873,SGLDTT,Metazoa,1,2,50.0,no
4874,SGIDTT,Metazoa,1,2,50.0,no
4875,SGIDTT,Viridiplantae,1,2,50.0,no
4876,AGHDNI,Viridiplantae,1,2,50.0,no
4877,AGHDSN,Fungi,2,2,100.0,no
4878,SGHNTT,Viridiplantae,2,2,100.0,no
4879,AGHDNF,Fungi,2,2,100.0,no
4880,AGHDNI,Fungi,1,2,50.0,no
4881,SGHESI,Viridiplantae,2,2,100.0,no
4882,SGHETA,Viridiplantae,2,2,100.0,no
4883,AGHENV,Fungi,2,2,100.0,no
4884,AGHEAG,Metazoa,2,2,100.0,no
4885,AGHESN,Bacillati,1,2,50.0,no
4886,AGHESN,Fungi,1,2,50.0,no
4887,SGFDSV,Metazoa,2,2,100.0,no
4888,SGFEAA,Metazoa,2,2,100.0,no
4889,SGFEAS,Metazoa,2,2,100.0,no
4890,SGFEAT,Metazoa,2,2,100.0,no
4891,SGFETA,Metazoa,2,2,100.0,no
4892,SGFETM,Viridiplantae,2,2,100.0,no
4893,SGADTT,Fungi,2,2,100.0,no
4894,SGAETT,Bacillati,1,2,50.0,no
4895,SGAETT,Metazoa,1,2,50.0,no
4896,SGEETT,Bacillati,2,2,100.0,no
4897,SGFDST,Metazoa,2,2,100.0,no
4898,AGHETK,Fungi,1,2,50.0,no
4899,AGHETK,Viridiplantae,1,2,50.0,no
4900,SASDTT,Metazoa,1,2,50.0,no
4901,SATVTT,Bacillati,2,2,100.0,no
4902,AGHFTT,Fungi,1,2,50.0,no
4903,AGHFTT,Pseudomonadati,1,2,50.0,no
4904,GGHNAT,Bacillati,2,2,100.0,no
4905,GGHNTT,Fungi,1,2,50.0,no
4906,GGHNTT,Viridiplantae,1,2,50.0,no
4907,CGTDTT,Viridiplantae,2,2,100.0,no
4908,AdeGHDTM,Metazoa,2,2,100.0,no
4909,AVMDTT,Viridiplantae,1,2,50.0,no
4910,AVSDTT,Fungi,2,2,100.0,no
4911,AVSEST,Fungi,1,2,50.0,no
4912,AVSEST,Viridiplantae,1,2,50.0,no
4913,SAGDTT,Metazoa,2,2,100.0,no
4914,SAIETP,Bacillati,2,2,100.0,no
4915,SASDTT,Fungi,1,2,50.0,no
4916,RGFDTT,Metazoa,2,2,100.0,no
4917,SAAEST,Metazoa,2,2,100.0,no
4918,AGHHAI,Fungi,2,2,100.0,no
4919,AGHHNT,Fungi,2,2,100.0,no
4920,RGADTV,Viridiplantae,2,2,100.0,no
4921,AGHHVS,Fungi,2,2,100.0,no
4922,AGHISS,Bacillati,2,2,100.0,no
4923,AGHITS,Bacillati,1,2,50.0,no
4924,AGHITS,Methanobacteriati,1,2,50.0,no
4925,AGHKIV,Metazoa,2,2,100.0,no
4926,AGHKSS,Fungi,2,2,100.0,no
4927,GGIDET,Fungi,2,2,100.0,no
4928,GGIDLP,Viridiplantae,2,2,100.0,no
4929,GGIDNS,Viridiplantae,2,2,100.0,no
4930,GGIDPS,Bacillati,2,2,100.0,no
4931,AVFETS,Metazoa,2,2,100.0,no
4932,ATSDTP,Viridiplantae,2,2,100.0,no
4933,ATSNTS,Viridiplantae,2,2,100.0,no
4934,ATYESS,Viridiplantae,2,2,100.0,no
4935,ATYETS,Viridiplantae,2,2,100.0,no
4936,ATRDTT,Viridiplantae,1,2,50.0,no
4937,QAADTT,Viridiplantae,2,2,100.0,no
4938,QASDTT,Viridiplantae,2,2,100.0,no
4939,PMNDTT,Fungi,2,2,100.0,no
4940,PNNETT,Fungi,2,2,100.0,no
4941,PNSDTT,Fungi,2,2,100.0,no
4942,AGHNST,Pseudomonadati,1,2,50.0,no
4943,AGHQII,Metazoa,2,2,100.0,no
4944,AGHLNT,Bacillati,2,2,100.0,no
4945,AGHNST,Fungi,1,2,50.0,no
4946,PGRDST,Fungi,2,2,100.0,no
4947,PGIGTT,Viridiplantae,2,2,100.0,no
4948,AGHRST,Bacillati,2,2,100.0,no
4949,AGHRTT,Fungi,1,2,50.0,no
4950,AGHRTT,Pseudomonadati,1,2,50.0,no
4951,AGHSST,Fungi,2,2,100.0,no
4952,AGHSTL,Viridiplantae,2,2,100.0,no
4953,AGHSTV,Viridiplantae,2,2,100.0,no
4954,PGHDTT,Fungi,1,2,50.0,no
4955,PGHDTT,Metazoa,1,2,50.0,no
4956,PARDAA,Fungi,2,2,100.0,no
4957,PASDAP,Metazoa,2,2,100.0,no
4958,AGIESA,Viridiplantae,2,2,100.0,no
4959,AGHVAP,Bacillati,2,2,100.0,no
4960,AGIEPC,Metazoa,2,2,100.0,no
4961,AGIEPT,Fungi,1,2,50.0,no
4962,AGIEPT,Metazoa,1,2,50.0,no
4963,GGIDTL,Fungi,1,2,50.0,no
4964,GGIDTL,Viridiplantae,1,2,50.0,no
4965,ASYDST,Metazoa,1,2,50.0,no
4966,ASYDST,Viridiplantae,1,2,50.0,no
4967,ASYDTI,Bacillati,1,2,50.0,no
4968,ASYDTI,Metazoa,1,2,50.0,no
4969,ATIDNS,Viridiplantae,2,2,100.0,no
4970,ATLDTS,Viridiplantae,2,2,100.0,no
4971,ATMDTS,Viridiplantae,2,2,100.0,no
4972,ATQGNA,Metazoa,2,2,100.0,no
4973,ASYETV,Pseudomonadati,2,2,100.0,no
4974,ATDDTN,Viridiplantae,2,2,100.0,no
4975,NGTDTS,Fungi,2,2,100.0,no
4976,NGFEST,Metazoa,2,2,100.0,no
4977,NGFETS,Metazoa,2,2,100.0,no
4978,NAFETS,Metazoa,2,2,100.0,no
4979,AGIMTT,Metazoa,2,2,100.0,no
4980,AGIQST,Metazoa,2,2,100.0,no
4981,AGIETE,Metazoa,2,2,100.0,no
4982,AGIGST,Bacillati,1,2,50.0,no
4983,AGIGST,Viridiplantae,1,2,50.0,no
4984,LGYDTT,Bacillati,2,2,100.0,no
4985,LGYSTT,Metazoa,2,2,100.0,no
4986,KGNDTT,Metazoa,2,2,100.0,no
4987,KGYETT,Metazoa,2,2,100.0,no
4988,AGITTL,Metazoa,2,2,100.0,no
4989,AGIVTS,Metazoa,2,2,100.0,no
4990,AGKDNI,Viridiplantae,2,2,100.0,no
4991,ASTDAT,Viridiplantae,2,2,100.0,no
4992,ASTDNT,Viridiplantae,2,2,100.0,no
4993,ASTDST,Viridiplantae,2,2,100.0,no
4994,GGIGTI,Viridiplantae,2,2,100.0,no
4995,GGIGTT,Viridiplantae,2,2,100.0,no
4996,ASVDTI,Fungi,1,2,50.0,no
4997,ASVDTI,Viridiplantae,1,2,50.0,no
4998,ASVHGT,Fungi,2,2,100.0,no
4999,GGIENS,Viridiplantae,2,2,100.0,no
5000,GGIEPT,Bacillati,2,2,100.0,no
5001,GGIESA,Viridiplantae,2,2,100.0,no
5002,AGIQTL,Metazoa,2,2,100.0,no
5003,AGISGT,Viridiplantae,2,2,100.0,no
5004,IGSDTT,Pseudomonadati,1,2,50.0,no
5005,KGFESA,Metazoa,2,2,100.0,no
5006,IGHTST,Pseudomonadati,2,2,100.0,no
5007,IGINTI,Metazoa,2,2,100.0,no
5008,IGSDTT,Fungi,1,2,50.0,no
5009,IGHDTT,Metazoa,2,2,100.0,no
5010,HETT,Bacillati,1,2,50.0,no
5011,HETT,Fungi,1,2,50.0,no
5012,GTVDTT,Fungi,2,2,100.0,no
5013,GVFETT,Bacillati,2,2,100.0,no
5014,GTMDTS,Viridiplantae,2,2,100.0,no
5015,GTSDTT,Viridiplantae,2,2,100.0,no
5016,GSYDTI,Viridiplantae,2,2,100.0,no
5017,GSYDTS,Viridiplantae,2,2,100.0,no
5018,GSYEAS,Metazoa,2,2,100.0,no
5019,AGKTTT,Viridiplantae,1,2,50.0,no
5020,AGKVPV,Viridiplantae,2,2,100.0,no
5021,GSYDST,Metazoa,2,2,100.0,no
5022,GSYDTA,Viridiplantae,2,2,100.0,no
5023,AGKESS,Viridiplantae,2,2,100.0,no
5024,AGKETN,Viridiplantae,2,2,100.0,no
5025,AGKTTT,Bacillati,1,2,50.0,no
5026,AGLDNT,Fungi,1,2,50.0,no
5027,AGLDNT,Pseudomonadati,1,2,50.0,no
5028,GGINTT,Viridiplantae,2,2,100.0,no
5029,GGIYTV,Metazoa,2,2,100.0,no
5030,ASRDNT,Fungi,2,2,100.0,no
5031,ASRDTV,Fungi,2,2,100.0,no
5032,ASRETT,Fungi,2,2,100.0,no
5033,ASQDAA,Fungi,2,2,100.0,no
5034,ASQGTI,Viridiplantae,2,2,100.0,no
5035,ASQTNT,Metazoa,2,2,100.0,no
5036,GSTDTI,Fungi,1,2,50.0,no
5037,GSTDTI,Metazoa,1,2,50.0,no
5038,GSTDTM,Viridiplantae,2,2,100.0,no
5039,GSTDTV,Viridiplantae,2,2,100.0,no
5040,GSTEET,Viridiplantae,2,2,100.0,no
5041,GSVDNP,Pseudomonadati,2,2,100.0,no
5042,GSQDTT,Fungi,2,2,100.0,no
5043,GSQHTT,Viridiplantae,2,2,100.0,no
5044,AGLDTF,Fungi,2,2,100.0,no
5045,AGLEIT,Metazoa,2,2,100.0,no
5046,AGLITT,Bacillati,1,2,50.0,no
5047,AGLITT,Metazoa,1,2,50.0,no
5048,AGLEPI,Metazoa,2,2,100.0,no
5049,AGLERT,Metazoa,2,2,100.0,no
5050,GSMETT,Bacillati,1,2,50.0,no
5051,GSMETT,Metazoa,1,2,50.0,no
5052,AGLHTA,Fungi,1,2,50.0,no
5053,AGLHTA,Pseudomonadati,1,2,50.0,no
5054,AGLHTI,Fungi,1,2,50.0,no
5055,AGLHTI,Metazoa,1,2,50.0,no
5056,GSIETV,Fungi,2,2,100.0,no
5057,AGMATS,Viridiplantae,1,2,50.0,no
5058,GSIDTL,Viridiplantae,2,2,100.0,no
5059,AGLSTS,Viridiplantae,2,2,100.0,no
5060,AGLTTM,Metazoa,2,2,100.0,no
5061,AGLVTS,Fungi,1,2,50.0,no
5062,AGLVTS,Viridiplantae,1,2,50.0,no
5063,AGMATS,Bacillati,1,2,50.0,no
5064,ASIESL,Pseudomonadati,1,2,50.0,no
5065,ASIGTS,Viridiplantae,2,2,100.0,no
5066,ASMHST,Viridiplantae,2,2,100.0,no
5067,ASNDTI,Viridiplantae,2,2,100.0,no
5068,GGKDTS,Viridiplantae,2,2,100.0,no
5069,GSHYTT,Viridiplantae,2,2,100.0,no
5070,AGLNTS,Fungi,2,2,100.0,no
5071,AGLNTT,Metazoa,2,2,100.0,no
5072,GSHDTI,Metazoa,1,2,50.0,no
5073,GSHDTI,Viridiplantae,1,2,50.0,no
5074,AGMHTS,Viridiplantae,2,2,100.0,no
5075,GSFESI,Fungi,1,2,50.0,no
5076,GSFESI,Viridiplantae,1,2,50.0,no
5077,GSFETN,Metazoa,2,2,100.0,no
5078,GSFDTM,Metazoa,2,2,100.0,no
5079,AGMETN,Metazoa,2,2,100.0,no
5080,AGMGTA,Metazoa,2,2,100.0,no
5081,AGMGTS,Metazoa,2,2,100.0,no
5082,GSADTT,Fungi,1,2,50.0,no
5083,GSADTT,Metazoa,1,2,50.0,no
5084,GSEGTT,Fungi,1,2,50.0,no
5085,GSEGTT,Pseudomonadati,1,2,50.0,no
5086,GNYDTS,Viridiplantae,2,2,100.0,no
5087,AGMYTT,Fungi,1,2,50.0,no
5088,AGMYTT,Viridiplantae,1,2,50.0,no
5089,GHDTS,Metazoa,2,2,100.0,no
5090,GHETT,Fungi,1,2,50.0,no
5091,GHETT,Viridiplantae,1,2,50.0,no
5092,GIADTT,Viridiplantae,2,2,100.0,no
5093,AGMNTT,Metazoa,2,2,100.0,no
5094,AGMQTL,Metazoa,2,2,100.0,no
5095,AGMTLT,Metazoa,2,2,100.0,no
5096,GGLEAP,Metazoa,2,2,100.0,no
5097,GGLHTS,Viridiplantae,2,2,100.0,no
5098,ASHDNV,Viridiplantae,2,2,100.0,no
5099,ASHDSS,Viridiplantae,2,2,100.0,no
5100,ASHEAT,Viridiplantae,2,2,100.0,no
5101,ASHESS,Fungi,1,2,50.0,no
5102,ASHESS,Viridiplantae,1,2,50.0,no
5103,ASHHAP,Fungi,2,2,100.0,no
5104,ASHNTT,Viridiplantae,2,2,100.0,no
5105,ASIDSS,Fungi,2,2,100.0,no
5106,ASFYTI,Viridiplantae,2,2,100.0,no
5107,ASKDPT,Viridiplantae,2,2,100.0,no
5108,ASLDSS,Viridiplantae,2,2,100.0,no
5109,ASHFTT,Bacillati,2,2,100.0,no
5110,GGYMST,Viridiplantae,2,2,100.0,no
5111,GGYQSP,Viridiplantae,2,2,100.0,no
5112,AGMITL,Metazoa,2,2,100.0,no
5113,AGMMTT,Fungi,1,2,50.0,no
5114,AGMMTT,Metazoa,1,2,50.0,no
5115,GGYHTL,Metazoa,2,2,100.0,no
5116,GGYHTS,Fungi,2,2,100.0,no
5117,GGYLAT,Metazoa,2,2,100.0,no
5118,GGYLET,Metazoa,2,2,100.0,no
5119,AGNDSA,Metazoa,1,2,50.0,no
5120,AGNDSA,Pseudomonadati,1,2,50.0,no
5121,GGYGSV,Metazoa,2,2,100.0,no
5122,AGNEAT,Viridiplantae,2,2,100.0,no
5123,AGNDAS,Metazoa,2,2,100.0,no
5124,ASADTV,Viridiplantae,2,2,100.0,no
5125,ASEDTT,Pseudomonadati,2,2,100.0,no
5126,GGMETI,Metazoa,2,2,100.0,no
5127,GGMATT,Bacillati,2,2,100.0,no
5128,GGMDSP,Bacillati,2,2,100.0,no
5129,AGNIAT,Fungi,2,2,100.0,no
5130,AGNKTS,Pseudomonadati,2,2,100.0,no
5131,AGNNTT,Fungi,1,2,50.0,no
5132,AGNNTT,Viridiplantae,1,2,50.0,no
5133,AGQDAS,Bacillati,2,2,100.0,no
5134,AGNGTL,Viridiplantae,2,2,100.0,no
5135,AGNVTA,Metazoa,2,2,100.0,no
5136,AGQDNT,Fungi,2,2,100.0,no
5137,AGQDPV,Bacillati,2,2,100.0,no
5138,AGQDQM,Metazoa,2,2,100.0,no
5139,AGQDSN,Metazoa,2,2,100.0,no
5140,AGQDTL,Metazoa,1,2,50.0,no
5141,AGQDTL,Viridiplantae,1,2,50.0,no
5142,AGNTTV,Fungi,2,2,100.0,no
5143,AGQDNN,Fungi,2,2,100.0,no
5144,AGQDNP,Bacillati,2,2,100.0,no
5145,AGQESM,Viridiplantae,1,2,50.0,no
5146,AGQEKA,Metazoa,2,2,100.0,no
5147,AGQENI,Metazoa,2,2,100.0,no
5148,AGQENV,Metazoa,1,2,50.0,no
5149,AGQENV,Viridiplantae,1,2,50.0,no
5150,AGQEPP,Viridiplantae,2,2,100.0,no
5151,AGQESI,Viridiplantae,2,2,100.0,no
5152,AGQESM,Pseudomonadati,1,2,50.0,no
5153,AGQHTG,Fungi,2,2,100.0,no
5154,AGQHTV,Bacillati,2,2,100.0,no
5155,ARKETT,Viridiplantae,2,2,100.0,no
5156,ANLDVT,Fungi,2,2,100.0,no
5157,ASEHTV,Metazoa,2,2,100.0,no
5158,GGWETV,Metazoa,2,2,100.0,no
5159,GGXETT,Fungi,1,2,50.0,yes
5160,GGXETT,Metazoa,1,2,50.0,yes
5161,GGYDAI,Metazoa,2,2,100.0,no
5162,GGYDGT,Metazoa,2,2,100.0,no
5163,GGYDPT,Fungi,1,2,50.0,no
5164,GGYDPT,Viridiplantae,1,2,50.0,no
5165,GGVSTV,Pseudomonadati,2,2,100.0,no
5166,AGQVST,Pseudomonadati,1,2,50.0,no
5167,AGQVST,Viridiplantae,1,2,50.0,no
5168,AGQSST,Metazoa,2,2,100.0,no
5169,AGRDAF,Viridiplantae,2,2,100.0,no
5170,AGRETA,Metazoa,2,2,100.0,no
5171,GGVDTM,Viridiplantae,2,2,100.0,no
5172,AGRVTT,Viridiplantae,1,2,50.0,no
5173,AGSASS,Viridiplantae,2,2,100.0,no
5174,AGSAST,Fungi,2,2,100.0,no
5175,GGVDAV,Metazoa,2,2,100.0,no
5176,AGSDKT,Fungi,2,2,100.0,no
5177,GGTYTS,Viridiplantae,2,2,100.0,no
5178,GGVATT,Viridiplantae,2,2,100.0,no
5179,AGSDQP,Viridiplantae,2,2,100.0,no
5180,GGTSSS,Viridiplantae,2,2,100.0,no
5181,AGSETC,Viridiplantae,2,2,100.0,no
5182,AGSEAM,Viridiplantae,2,2,100.0,no
5183,AGSETQ,Fungi,2,2,100.0,no
5184,AGSEPL,Metazoa,2,2,100.0,no
5185,AGSESM,Metazoa,2,2,100.0,no
5186,GGTNST,Viridiplantae,2,2,100.0,no
5187,AGSHAV,Metazoa,2,2,100.0,no
5188,AGYTTV,Viridiplantae,2,2,100.0,no
5189,AGYVTS,Fungi,1,2,50.0,no
5190,AGYVTS,Pseudomonadati,1,2,50.0,no
5191,AGYYTS,Metazoa,2,2,100.0,no
5192,GGNNTS,Viridiplantae,2,2,100.0,no
5193,ARSDTT,Viridiplantae,2,2,100.0,no
5194,ARSETT,Metazoa,2,2,100.0,no
5195,ARNDTT,Fungi,2,2,100.0,no
5196,GGTGTI,Viridiplantae,1,2,50.0,no
5197,GGTIPT,Metazoa,2,2,100.0,no
5198,GGTKTS,Viridiplantae,2,2,100.0,no
5199,GGTKTT,Metazoa,2,2,100.0,no
5200,GGTNAS,Fungi,2,2,100.0,no
5201,AGSNST,Fungi,1,2,50.0,no
5202,AGSNST,Viridiplantae,1,2,50.0,no
5203,GGTGST,Viridiplantae,2,2,100.0,no
5204,GGTGTI,Fungi,1,2,50.0,no
5205,AGSHTV,Metazoa,1,2,50.0,no
5206,AGSIST,Fungi,1,2,50.0,no
5207,AGSIST,Metazoa,1,2,50.0,no
5208,AGSLSS,Viridiplantae,2,2,100.0,no
5209,AGSLTS,Metazoa,2,2,100.0,no
5210,AGSTST,Fungi,1,2,50.0,no
5211,AGSTST,Viridiplantae,1,2,50.0,no
5212,AGSTTI,Metazoa,2,2,100.0,no
5213,AGSHTV,Fungi,1,2,50.0,no
5214,GGQHNS,Fungi,2,2,100.0,no
5215,AGYITS,Bacillati,2,2,100.0,no
5216,AGYSNV,Metazoa,2,2,100.0,no
5217,AGYSSL,Bacillati,2,2,100.0,no
5218,AGYTTS,Metazoa,1,2,50.0,no
5219,AGYTTS,Pseudomonadati,1,2,50.0,no
5220,AITDTT,Viridiplantae,2,2,100.0,no
5221,AMRDTT,Viridiplantae,2,2,100.0,no
5222,ANFDSF,Metazoa,2,2,100.0,no
5223,AGYRTS,Bacillati,2,2,100.0,no
5224,AGYSNS,Metazoa,2,2,100.0,no
5225,GGTETF,Viridiplantae,2,2,100.0,no
5226,GGTETK,Metazoa,1,2,50.0,no
5227,GGTETK,Viridiplantae,1,2,50.0,no
5228,AGSQTA,Bacillati,1,2,50.0,no
5229,AGSQTA,Metazoa,1,2,50.0,no
5230,AGSQTV,Fungi,1,2,50.0,no
5231,AGSSSS,Viridiplantae,2,2,100.0,no
5232,AGTDAI,Metazoa,1,2,50.0,no
5233,AGTDAI,Viridiplantae,1,2,50.0,no
5234,AGTDPA,Fungi,1,2,50.0,no
5235,AGTDPA,Viridiplantae,1,2,50.0,no
5236,AGTDSA,Fungi,1,2,50.0,no
5237,AGTDSA,Viridiplantae,1,2,50.0,no
5238,AGTDSP,Viridiplantae,2,2,100.0,no
5239,GGTEPS,Viridiplantae,2,2,100.0,no
5240,GGTESM,Metazoa,2,2,100.0,no
5241,AGTEIT,Viridiplantae,1,2,50.0,no
5242,AGTENI,Viridiplantae,2,2,100.0,no
5243,AGTENS,Bacillati,1,2,50.0,no
5244,AGTENS,Metazoa,1,2,50.0,no
5245,GGTEGT,Metazoa,1,2,50.0,no
5246,GGTEGT,Viridiplantae,1,2,50.0,no
5247,AGTEAV,Metazoa,2,2,100.0,no
5248,AGTEIT,Metazoa,1,2,50.0,no
5249,GGTDTK,Fungi,1,2,50.0,no
5250,GGTDTK,Viridiplantae,1,2,50.0,no
5251,AGTDTW,Viridiplantae,2,2,100.0,no
5252,AGTDTqT,Fungi,2,2,100.0,no
5253,AGTDVT,Fungi,1,2,50.0,no
5254,AGTDVT,Viridiplantae,1,2,50.0,no
5255,GGQHTT,Metazoa,2,2,100.0,no
5256,GGRDTP,Fungi,2,2,100.0,no
5257,GGRENT,Fungi,1,2,50.0,no
5258,GGRENT,Pseudomonadati,1,2,50.0,no
5259,AGYFTT,Metazoa,2,2,100.0,no
5260,AGYHNS,Metazoa,2,2,100.0,no
5261,AGYHNT,Bacillati,2,2,100.0,no
5262,AGYIPT,Viridiplantae,2,2,100.0,no
5263,AGYPTS,Metazoa,2,2,100.0,no
5264,AGYQAP,Viridiplantae,2,2,100.0,no
5265,AGTHTA,Viridiplantae,2,2,100.0,no
5266,AGTEPS,Viridiplantae,2,2,100.0,no
5267,AGTESA,Fungi,1,2,50.0,no
5268,AGTESA,Viridiplantae,1,2,50.0,no
5269,AGTETC,Metazoa,2,2,100.0,no
5270,GGTDSI,Viridiplantae,2,2,100.0,no
5271,AGTEVT,Bacillati,2,2,100.0,no
5272,AGTLST,Metazoa,2,2,100.0,no
5273,AGTLTS,Viridiplantae,2,2,100.0,no
5274,GGTDIT,Fungi,2,2,100.0,no
5275,AGTITS,Viridiplantae,2,2,100.0,no
5276,GGTDAS,Bacillati,1,2,50.0,no
5277,GGTDAS,Viridiplantae,1,2,50.0,no
5278,AGTSST,Pseudomonadati,1,2,50.0,no
5279,GGSVTS,Fungi,1,2,50.0,no
5280,GGSVTS,Viridiplantae,1,2,50.0,no
5281,GGSYST,Metazoa,2,2,100.0,no
5282,AGTQST,Metazoa,2,2,100.0,no
5283,AGTQTI,Metazoa,1,2,50.0,no
5284,AGTQTS,Bacillati,1,2,50.0,no
5285,AGTQTS,Viridiplantae,1,2,50.0,no
5286,AGTRTL,Viridiplantae,2,2,100.0,no
5287,GGSNSA,Viridiplantae,2,2,100.0,no
5288,AGTNSS,Viridiplantae,2,2,100.0,no
5289,AGTNTI,Fungi,1,2,50.0,no
5290,AGTNTI,Viridiplantae,1,2,50.0,no
5291,GGSDSI,Fungi,1,2,50.0,no
5292,GGSDSI,Metazoa,1,2,50.0,no
5293,GGSDSL,Metazoa,1,2,50.0,no
5294,GGSDSL,Viridiplantae,1,2,50.0,no
5295,AGYEQM,Metazoa,2,2,100.0,no
5296,GGSDPT,Fungi,2,2,100.0,no
5297,AGYELT,Bacillati,1,2,50.0,no
5298,AGYELT,Fungi,1,2,50.0,no
5299,AGYEMS,Viridiplantae,2,2,100.0,no
5300,AGYEPG,Metazoa,2,2,100.0,no
5301,GGRQST,Viridiplantae,2,2,100.0,no
5302,AGYESM,Fungi,2,2,100.0,no
5303,AGTYTA,Viridiplantae,2,2,100.0,no
5304,GGSGTV,Metazoa,1,2,50.0,no
5305,GGSGTV,Viridiplantae,1,2,50.0,no
5306,AGTSST,Viridiplantae,1,2,50.0,no
5307,AGVETR,Viridiplantae,2,2,100.0,no
5308,AGVDTvrT,Metazoa,2,2,100.0,no
5309,AGVEAS,Viridiplantae,2,2,100.0,no
5310,AGWLTT,Bacillati,2,2,100.0,no
5311,GGSEPA,Viridiplantae,2,2,100.0,no
5312,GGSEPT,Fungi,2,2,100.0,no
5313,AGYEGI,Metazoa,2,2,100.0,no
5314,AGYDLT,Metazoa,2,2,100.0,no
5315,AGYDPV,Bacillati,2,2,100.0,no
5316,AGYEAM,Metazoa,2,2,100.0,no
5317,AGYEAS,Metazoa,2,2,100.0,no
5318,AGVHST,Viridiplantae,1,2,50.0,no
5319,GGSESV,Fungi,1,2,50.0,no
5320,GGSESV,Metazoa,1,2,50.0,no
5321,AGVHPP,Fungi,2,2,100.0,no
5322,AGVHST,Metazoa,1,2,50.0,no
5323,AGVLTS,Metazoa,2,2,100.0,no
5324,AGVNAG,Viridiplantae,2,2,100.0,no
5325,VGVDTL,Metazoa,2,2,100.0,no
5326,VGVTTT,Metazoa,2,2,100.0,no
5327,AAFEAT,Viridiplantae,2,2,100.0,no
5328,AAFEPV,Fungi,2,2,100.0,no
5329,AAFETI,Metazoa,1,2,50.0,no
5330,AAFETI,Viridiplantae,1,2,50.0,no
5331,VGTEVS,Bacillati,2,2,100.0,no
5332,AAFDNN,Metazoa,2,2,100.0,no
5333,AAFDQM,Metazoa,2,2,100.0,no
5334,AAFDSS,Metazoa,2,2,100.0,no
5335,AAFDTI,Viridiplantae,1,2,50.0,no
5336,AAFHTT,Fungi,1,2,50.0,no
5337,AAFHTT,Metazoa,1,2,50.0,no
5338,AAFQTT,Metazoa,2,2,100.0,no
5339,VWYETS,Metazoa,2,2,100.0,no
5340,VSSDSI,Viridiplantae,2,2,100.0,no
5341,VSYETT,Metazoa,2,2,100.0,no
5342,VTQDTT,Fungi,2,2,100.0,no
5343,VSFETT,Viridiplantae,2,2,100.0,no
5344,VSHDTI,Viridiplantae,2,2,100.0,no
5345,AAEATT,Fungi,2,2,100.0,no
5346,VGYNNT,Metazoa,2,2,100.0,no
5347,YGFETV,Metazoa,1,1,100.0,no
5348,GATHAT,Viridiplantae,1,1,100.0,no
5349,GATNTT,Viridiplantae,1,1,100.0,no
5350,GATTTT,Bacillati,1,1,100.0,no
5351,GAVDSS,Viridiplantae,1,1,100.0,no
5352,GAVDTA,Viridiplantae,1,1,100.0,no
5353,GAYGTT,Fungi,1,1,100.0,no
5354,GAYTTT,Bacillati,1,1,100.0,no
5355,GFFDTV,Metazoa,1,1,100.0,no
5356,GAVETV,Metazoa,1,1,100.0,no
5357,GAVHST,Fungi,1,1,100.0,no
5358,GAVHTS,Viridiplantae,1,1,100.0,no
5359,GAYDPS,Bacillati,1,1,100.0,no
5360,GAYEPI,Viridiplantae,1,1,100.0,no
5361,GATENT,Viridiplantae,1,1,100.0,no
5362,GATESA,Viridiplantae,1,1,100.0,no
5363,GATGTT,Viridiplantae,1,1,100.0,no
5364,VGNIST,Viridiplantae,1,1,100.0,no
5365,VGNVTT,Bacillati,1,1,100.0,no
5366,VGQDAV,Metazoa,1,1,100.0,no
5367,VGQDSV,Metazoa,1,1,100.0,no
5368,VGQEST,Bacillati,1,1,100.0,no
5369,VGQETV,Viridiplantae,1,1,100.0,no
5370,VGQQTT,Metazoa,1,1,100.0,no
5371,VGRDTS,Viridiplantae,1,1,100.0,no
5372,AAHNTT,Viridiplantae,1,1,100.0,no
5373,AAHQPT,Pseudomonadati,1,1,100.0,no
5374,AAHSAI,Pseudomonadati,1,1,100.0,no
5375,AAHSTI,Metazoa,1,1,100.0,no
5376,AAHYTT,Metazoa,1,1,100.0,no
5377,AAIDPT,Viridiplantae,1,1,100.0,no
5378,AAIDSS,Fungi,1,1,100.0,no
5379,VGNGTT,Viridiplantae,1,1,100.0,no
5380,AGVXTT,Bacillati,1,1,100.0,no
5381,AGVYTG,Viridiplantae,1,1,100.0,no
5382,AGWDTS,Fungi,1,1,100.0,no
5383,AGWEAT,Bacillati,1,1,100.0,no
5384,AGWETM,Viridiplantae,1,1,100.0,no
5385,AGVITS,Viridiplantae,1,1,100.0,no
5386,GGSETF,Pseudomonadati,1,1,100.0,no
5387,AGVENA,Metazoa,1,1,100.0,no
5388,AGVKPS,Metazoa,1,1,100.0,no
5389,AGVNTG,Viridiplantae,1,1,100.0,no
5390,AGVQTS,Viridiplantae,1,1,100.0,no
5391,AGVSTT,Viridiplantae,1,1,100.0,no
5392,AGVTST,Viridiplantae,1,1,100.0,no
5393,AGVTTG,Viridiplantae,1,1,100.0,no
5394,AGVVTS,Metazoa,1,1,100.0,no
5395,AGVXTI,Metazoa,1,1,100.0,no
5396,VGYDTV,Metazoa,1,1,100.0,no
5397,AGYANT,Metazoa,1,1,100.0,no
5398,AGYATA,Metazoa,1,1,100.0,no
5399,AGYATI,Metazoa,1,1,100.0,no
5400,AGYDAM,Metazoa,1,1,100.0,no
5401,AGYDAS,Metazoa,1,1,100.0,no
5402,AGYDGS,Metazoa,1,1,100.0,no
5403,AGYDGV,Metazoa,1,1,100.0,no
5404,AAFEGI,Metazoa,1,1,100.0,no
5405,AAFEGT,Metazoa,1,1,100.0,no
5406,AAFETP,Metazoa,1,1,100.0,no
5407,VGVDAT,Metazoa,1,1,100.0,no
5408,VGVEKI,Metazoa,1,1,100.0,no
5409,VGVIST,Fungi,1,1,100.0,no
5410,VGVTSV,Metazoa,1,1,100.0,no
5411,VGYDNT,Metazoa,1,1,100.0,no
5412,AGYALT,Bacillati,1,1,100.0,no
5413,AGYANN,Metazoa,1,1,100.0,no
5414,AGVESI,Metazoa,1,1,100.0,no
5415,AGVESN,Pseudomonadati,1,1,100.0,no
5416,AGVESS,Bacillati,1,1,100.0,no
5417,AGVETL,Viridiplantae,1,1,100.0,no
5418,AGVEGT,Metazoa,1,1,100.0,no
5419,AGVEMT,Metazoa,1,1,100.0,no
5420,GGSEPV,Metazoa,1,1,100.0,no
5421,GGSESD,Fungi,1,1,100.0,no
5422,GGSESN,Viridiplantae,1,1,100.0,no
5423,AGXDTT,Metazoa,1,1,100.0,yes
5424,AGXEST,Fungi,1,1,100.0,no
5425,AGXEXT,Bacillati,1,1,100.0,no
5426,AGXXTT,Metazoa,1,1,100.0,no
5427,AGYAFT,Viridiplantae,1,1,100.0,no
5428,AGYEFV,Metazoa,1,1,100.0,no
5429,AGYEGS,Metazoa,1,1,100.0,no
5430,AGYDNL,Viridiplantae,1,1,100.0,no
5431,AGYDNS,Bacillati,1,1,100.0,no
5432,AGYDSA,Metazoa,1,1,100.0,no
5433,AGYDTL,Pseudomonadati,1,1,100.0,no
5434,GGSEEP,Pseudomonadati,1,1,100.0,no
5435,GGSEET,Metazoa,1,1,100.0,no
5436,AGVENV,Bacillati,1,1,100.0,no
5437,AGVEPG,Viridiplantae,1,1,100.0,no
5438,AGYDVS,Viridiplantae,1,1,100.0,no
5439,AGYEAL,Metazoa,1,1,100.0,no
5440,AGYEAP,Metazoa,1,1,100.0,no
5441,AGYEAV,Metazoa,1,1,100.0,no
5442,AGYECT,Bacillati,1,1,100.0,no
5443,AGYEFT,Viridiplantae,1,1,100.0,no
5444,AGYEIL,Metazoa,1,1,100.0,no
5445,AGYELV,Bacillati,1,1,100.0,no
5446,AGYENM,Bacillati,1,1,100.0,no
5447,AGYEPI,Metazoa,1,1,100.0,no
5448,AGYEPM,Bacillati,1,1,100.0,no
5449,AGYEPN,Viridiplantae,1,1,100.0,no
5450,GGSATV,Metazoa,1,1,100.0,no
5451,GGSDAP,Viridiplantae,1,1,100.0,no
5452,GGSGPP,Methanobacteriati,1,1,100.0,no
5453,GGSGSP,Bacillati,1,1,100.0,no
5454,GGSHSS,Viridiplantae,1,1,100.0,no
5455,GGRETT,Viridiplantae,1,1,100.0,yes
5456,GGRTPT,Fungi,1,1,100.0,no
5457,GGSAST,Viridiplantae,1,1,100.0,no
5458,AGYESL,Bacillati,1,1,100.0,no
5459,AGYESN,Viridiplantae,1,1,100.0,no
5460,AGVDSN,Viridiplantae,1,1,100.0,no
5461,AGVDTC,Viridiplantae,1,1,100.0,no
5462,AGTT,Fungi,1,1,100.0,no
5463,AGTTAT,Viridiplantae,1,1,100.0,no
5464,AGTTTV,Metazoa,1,1,100.0,no
5465,AGTVGS,Viridiplantae,1,1,100.0,no
5466,AGTVNT,Fungi,1,1,100.0,no
5467,AGTYST,Fungi,1,1,100.0,no
5468,AGVAST,Viridiplantae,1,1,100.0,no
5469,AGVDAS,Fungi,1,1,100.0,no
5470,AGVDGT,Metazoa,1,1,100.0,no
5471,AGVDIT,Metazoa,1,1,100.0,no
5472,AGVDNI,Fungi,1,1,100.0,no
5473,AGVDNS,Viridiplantae,1,1,100.0,no
5474,AGVDPL,Viridiplantae,1,1,100.0,no
5475,AGVDSI,Fungi,1,1,100.0,no
5476,GGTDLP,Viridiplantae,1,1,100.0,no
5477,GGTDNA,Viridiplantae,1,1,100.0,no
5478,GGTDPA,Viridiplantae,1,1,100.0,no
5479,AGTHTI,Viridiplantae,1,1,100.0,no
5480,AGTITI,Fungi,1,1,100.0,no
5481,AGTITM,Viridiplantae,1,1,100.0,no
5482,AGTKTA,Viridiplantae,1,1,100.0,no
5483,AGTLSS,Viridiplantae,1,1,100.0,no
5484,GGSVTT,Fungi,1,1,100.0,no
5485,GGSYTT,Viridiplantae,1,1,100.0,no
5486,GGTAST,Viridiplantae,1,1,100.0,no
5487,GGTATA,Viridiplantae,1,1,100.0,no
5488,GGTDAI,Fungi,1,1,100.0,no
5489,GGTDAL,Viridiplantae,1,1,100.0,no
5490,GGTDGS,Fungi,1,1,100.0,no
5491,GGTDGT,Viridiplantae,1,1,100.0,no
5492,GGSQTI,Metazoa,1,1,100.0,no
5493,GGSSTT,Viridiplantae,1,1,100.0,no
5494,AGTNTA,Viridiplantae,1,1,100.0,no
5495,AGTNTN,Viridiplantae,1,1,100.0,no
5496,AGTQAA,Bacillati,1,1,100.0,no
5497,AGTQSS,Viridiplantae,1,1,100.0,no
5498,AGTRTS,Viridiplantae,1,1,100.0,no
5499,AGTSNS,Metazoa,1,1,100.0,no
5500,GGSDGT,Viridiplantae,1,1,100.0,no
5501,GGSDKS,Viridiplantae,1,1,100.0,no
5502,GGSDNI,Viridiplantae,1,1,100.0,no
5503,GGSDSA,Viridiplantae,1,1,100.0,no
5504,GGSDSM,Viridiplantae,1,1,100.0,no
5505,GGSDTF,Viridiplantae,1,1,100.0,no
5506,GGSDTL,Viridiplantae,1,1,100.0,no
5507,GGSHTV,Metazoa,1,1,100.0,no
5508,AGYETQ,Metazoa,1,1,100.0,no
5509,AGYETX,Bacillati,1,1,100.0,no
5510,AGYEVA,Bacillati,1,1,100.0,no
5511,AGYEVM,Fungi,1,1,100.0,no
5512,AGYGAT,Viridiplantae,1,1,100.0,no
5513,AGYGII,Metazoa,1,1,100.0,no
5514,AGYGMT,Metazoa,1,1,100.0,no
5515,GGQQTT,Metazoa,1,1,100.0,no
5516,AGYNTV,Viridiplantae,1,1,100.0,no
5517,AGYQFT,Fungi,1,1,100.0,no
5518,AGYGSV,Metazoa,1,1,100.0,no
5519,AGYGTA,Metazoa,1,1,100.0,no
5520,AGYHQL,Metazoa,1,1,100.0,no
5521,AGYHSS,Metazoa,1,1,100.0,no
5522,AGYHTI,Metazoa,1,1,100.0,no
5523,AGYINV,Metazoa,1,1,100.0,no
5524,AGTGTM,Metazoa,1,1,100.0,no
5525,AGTGTN,Viridiplantae,1,1,100.0,no
5526,AGTHKP,Metazoa,1,1,100.0,no
5527,AGTHSV,Fungi,1,1,100.0,no
5528,AGTEQA,Bacillati,1,1,100.0,no
5529,AGYMST,Viridiplantae,1,1,100.0,no
5530,AGYNST,Metazoa,1,1,100.0,no
5531,AGYNTS,Pseudomonadati,1,1,100.0,no
5532,AGTLTV,Pseudomonadati,1,1,100.0,no
5533,AGTMPT,Metazoa,1,1,100.0,no
5534,AGTNGI,Fungi,1,1,100.0,no
5535,AGTNPA,Viridiplantae,1,1,100.0,no
5536,AGTETX,Metazoa,1,1,100.0,no
5537,AGTEVL,Pseudomonadati,1,1,100.0,no
5538,AGTFST,Metazoa,1,1,100.0,no
5539,AGTGAA,Fungi,1,1,100.0,no
5540,AGTDIP,Viridiplantae,1,1,100.0,no
5541,AGTDIS,Viridiplantae,1,1,100.0,no
5542,AGTDKS,Fungi,1,1,100.0,no
5543,AGTDKT,Metazoa,1,1,100.0,no
5544,AGTDLI,Viridiplantae,1,1,100.0,no
5545,AGTDLP,Viridiplantae,1,1,100.0,no
5546,AGTDPV,Fungi,1,1,100.0,no
5547,AGSTTV,Metazoa,1,1,100.0,no
5548,GGTESI,Metazoa,1,1,100.0,no
5549,GGTESL,Metazoa,1,1,100.0,no
5550,AGTDRT,Viridiplantae,1,1,100.0,no
5551,AGTDSL,Metazoa,1,1,100.0,no
5552,AGTDT,Fungi,1,1,100.0,no
5553,AGTDTF,Fungi,1,1,100.0,no
5554,AGTDDA,Fungi,1,1,100.0,no
5555,AGTDGI,Fungi,1,1,100.0,no
5556,AGTEFS,Viridiplantae,1,1,100.0,no
5557,AGTEGT,Metazoa,1,1,100.0,no
5558,AGTEIS,Metazoa,1,1,100.0,no
5559,GGTEAA,Viridiplantae,1,1,100.0,no
5560,GGTEAT,Bacillati,1,1,100.0,no
5561,GGTEKI,Fungi,1,1,100.0,no
5562,GGTENV,Viridiplantae,1,1,100.0,no
5563,GGTEPL,Metazoa,1,1,100.0,no
5564,GGRDAA,Bacillati,1,1,100.0,no
5565,GGRDTL,Pseudomonadati,1,1,100.0,no
5566,GGRETI,Viridiplantae,1,1,100.0,no
5567,AGTDTY,Viridiplantae,1,1,100.0,no
5568,AGTEAA,Bacillati,1,1,100.0,no
5569,AGTEAI,Metazoa,1,1,100.0,no
5570,AGTEAM,Viridiplantae,1,1,100.0,no
5571,AGTEAN,Pseudomonadati,1,1,100.0,no
5572,AGYKTI,Metazoa,1,1,100.0,no
5573,AGYKTS,Metazoa,1,1,100.0,no
5574,AGSSTA,Fungi,1,1,100.0,no
5575,AGSTAT,Viridiplantae,1,1,100.0,no
5576,AGSTPS,Metazoa,1,1,100.0,no
5577,AGSTTA,Viridiplantae,1,1,100.0,no
5578,AGSITV,Viridiplantae,1,1,100.0,no
5579,AGSKTA,Viridiplantae,1,1,100.0,no
5580,AGYSQV,Viridiplantae,1,1,100.0,no
5581,GGQEAT,Pseudomonadati,1,1,100.0,no
5582,GGQEMT,Viridiplantae,1,1,100.0,no
5583,GGQEPT,Viridiplantae,1,1,100.0,no
5584,GGQESS,Fungi,1,1,100.0,no
5585,GGQETA,Viridiplantae,1,1,100.0,no
5586,GGQGTT,Pseudomonadati,1,1,100.0,no
5587,GGQHTL,Metazoa,1,1,100.0,no
5588,AGkkvcacHETT,Fungi,1,1,100.0,no
5589,AGpgFDTV,Metazoa,1,1,100.0,no
5590,AGqvlcvHDTT,Fungi,1,1,100.0,no
5591,AGrHETT,Fungi,1,1,100.0,no
5592,AGsQETT,Metazoa,1,1,100.0,no
5593,ANEGTT,Pseudomonadati,1,1,100.0,no
5594,ANFDTV,Metazoa,1,1,100.0,no
5595,AGYQTS,Metazoa,1,1,100.0,no
5596,AGSVAP,Viridiplantae,1,1,100.0,no
5597,AGSYSS,Viridiplantae,1,1,100.0,no
5598,AGSYTS,Viridiplantae,1,1,100.0,no
5599,AGTART,Fungi,1,1,100.0,no
5600,GGTETN,Viridiplantae,1,1,100.0,no
5601,AGesHDTT,Metazoa,1,1,100.0,no
5602,AGeslgQETT,Metazoa,1,1,100.0,no
5603,AGesrHETT,Fungi,1,1,100.0,no
5604,GGQATS,Viridiplantae,1,1,100.0,no
5605,GGQDNT,Fungi,1,1,100.0,no
5606,GGQDSI,Metazoa,1,1,100.0,no
5607,GGQDST,Fungi,1,1,100.0,no
5608,GGQDTC,Metazoa,1,1,100.0,no
5609,GGQDTM,Metazoa,1,1,100.0,no
5610,AGYVAT,Metazoa,1,1,100.0,no
5611,AGYYTT,Fungi,1,1,100.0,no
5612,ARTDTT,Viridiplantae,1,1,100.0,no
5613,GGNETV,Fungi,1,1,100.0,no
5614,GGNKPT,Metazoa,1,1,100.0,no
5615,GGNKTT,Viridiplantae,1,1,100.0,no
5616,GGNNNT,Metazoa,1,1,100.0,no
5617,GGNNST,Bacillati,1,1,100.0,no
5618,GGNSTI,Metazoa,1,1,100.0,no
5619,GGNSTT,Bacillati,1,1,100.0,no
5620,ARMETT,Viridiplantae,1,1,100.0,no
5621,ARMQTT,Viridiplantae,1,1,100.0,no
5622,ARNETT,Viridiplantae,1,1,100.0,no
5623,ARQDTT,Viridiplantae,1,1,100.0,no
5624,ARRDTI,Viridiplantae,1,1,100.0,no
5625,ARRETT,Viridiplantae,1,1,100.0,no
5626,ARSDTS,Viridiplantae,1,1,100.0,no
5627,ARTDTS,Viridiplantae,1,1,100.0,no
5628,AGSKTI,Fungi,1,1,100.0,no
5629,AGSMAV,Viridiplantae,1,1,100.0,no
5630,AGSNAT,Metazoa,1,1,100.0,no
5631,AGSNPV,Metazoa,1,1,100.0,no
5632,AGSNSR,Metazoa,1,1,100.0,no
5633,GGTHSS,Viridiplantae,1,1,100.0,no
5634,GGTLKT,Fungi,1,1,100.0,no
5635,GGTNSP,Viridiplantae,1,1,100.0,no
5636,GGTYTT,Viridiplantae,1,1,100.0,no
5637,GGVANV,Bacillati,1,1,100.0,no
5638,AGSDPI,Pseudomonadati,1,1,100.0,no
5639,AGSDSM,Metazoa,1,1,100.0,no
5640,AGSDSP,Fungi,1,1,100.0,no
5641,AGSCTT,Fungi,1,1,100.0,no
5642,AGSDAA,Viridiplantae,1,1,100.0,no
5643,AGSDAL,Fungi,1,1,100.0,no
5644,AGSENL,Fungi,1,1,100.0,no
5645,AGSDTR,Viridiplantae,1,1,100.0,no
5646,GGTQAS,Viridiplantae,1,1,100.0,no
5647,GGTRTS,Viridiplantae,1,1,100.0,no
5648,GGTTST,Viridiplantae,1,1,100.0,no
5649,GGTVST,Metazoa,1,1,100.0,no
5650,GGTVTV,Fungi,1,1,100.0,no
5651,GGTYSS,Viridiplantae,1,1,100.0,no
5652,AGSESI,Fungi,1,1,100.0,no
5653,AGSESL,Bacillati,1,1,100.0,no
5654,AGSESP,Viridiplantae,1,1,100.0,no
5655,AGSDTX,Viridiplantae,1,1,100.0,no
5656,AGSEAA,Fungi,1,1,100.0,no
5657,AGSEEP,Fungi,1,1,100.0,no
5658,AGSEIV,Metazoa,1,1,100.0,no
5659,AGSEMT,Fungi,1,1,100.0,no
5660,GGTNTI,Viridiplantae,1,1,100.0,no
5661,GGTNTM,Metazoa,1,1,100.0,no
5662,GGTNTN,Viridiplantae,1,1,100.0,no
5663,AGSEVP,Viridiplantae,1,1,100.0,no
5664,AGSGNT,Fungi,1,1,100.0,no
5665,AGSHSP,Bacillati,1,1,100.0,no
5666,AGSHSS,Viridiplantae,1,1,100.0,no
5667,AGSHTG,Viridiplantae,1,1,100.0,no
5668,AGRDPV,Viridiplantae,1,1,100.0,no
5669,AGRDSA,Fungi,1,1,100.0,no
5670,AGRDSN,Fungi,1,1,100.0,no
5671,AGRDSP,Fungi,1,1,100.0,no
5672,AGRDTF,Viridiplantae,1,1,100.0,no
5673,AGQXTX,Viridiplantae,1,1,100.0,no
5674,AGQYSS,Fungi,1,1,100.0,no
5675,AGRATI,Viridiplantae,1,1,100.0,no
5676,GGVDSV,Metazoa,1,1,100.0,no
5677,GGVEAS,Viridiplantae,1,1,100.0,no
5678,GGVEGV,Metazoa,1,1,100.0,no
5679,AGRDTR,Fungi,1,1,100.0,no
5680,AGREAS,Thermotogati,1,1,100.0,no
5681,AGREGT,Viridiplantae,1,1,100.0,no
5682,AGREPT,Bacillati,1,1,100.0,no
5683,AGRESM,Fungi,1,1,100.0,no
5684,AGRGTV,Viridiplantae,1,1,100.0,no
5685,AGRSTI,Viridiplantae,1,1,100.0,no
5686,AGRSTL,Viridiplantae,1,1,100.0,no
5687,AGRTGT,Fungi,1,1,100.0,no
5688,GGVDPL,Bacillati,1,1,100.0,no
5689,GGVDPS,Viridiplantae,1,1,100.0,no
5690,GGVDPT,Fungi,1,1,100.0,no
5691,GGVDSI,Fungi,1,1,100.0,no
5692,AGSDAP,Fungi,1,1,100.0,no
5693,AGSDGP,Fungi,1,1,100.0,no
5694,AGSDIV,Metazoa,1,1,100.0,no
5695,AGSDNP,Fungi,1,1,100.0,no
5696,AGSDNS,Viridiplantae,1,1,100.0,no
5697,AGRGAM,Viridiplantae,1,1,100.0,no
5698,AGRGPT,Viridiplantae,1,1,100.0,no
5699,AGRGST,Viridiplantae,1,1,100.0,no
5700,GGVPTV,Pseudomonadati,1,1,100.0,no
5701,GGVQTV,Bacillati,1,1,100.0,no
5702,GGVRTT,Bacillati,1,1,100.0,no
5703,GGVSAL,Fungi,1,1,100.0,no
5704,GGVSTS,Viridiplantae,1,1,100.0,no
5705,GGVTST,Metazoa,1,1,100.0,no
5706,GGVXTT,Metazoa,1,1,100.0,no
5707,GGVYNT,Fungi,1,1,100.0,no
5708,AGQLNT,Bacillati,1,1,100.0,no
5709,AGQNTS,Viridiplantae,1,1,100.0,no
5710,AGQSTN,Viridiplantae,1,1,100.0,no
5711,AGQSTV,Viridiplantae,1,1,100.0,no
5712,AGQTAT,Bacillati,1,1,100.0,no
5713,AGQVTM,Metazoa,1,1,100.0,no
5714,GGVNTA,Fungi,1,1,100.0,no
5715,GGVNTT,Metazoa,1,1,100.0,no
5716,GGVETP,Viridiplantae,1,1,100.0,no
5717,GGVGTI,Fungi,1,1,100.0,no
5718,GGVGTS,Viridiplantae,1,1,100.0,no
5719,GGVGTT,Fungi,1,1,100.0,no
5720,GGVHNT,Fungi,1,1,100.0,no
5721,AGQITS,Bacillati,1,1,100.0,no
5722,AGQLKA,Metazoa,1,1,100.0,no
5723,AGQLKT,Metazoa,1,1,100.0,no
5724,AGRCTT,Viridiplantae,1,1,100.0,no
5725,AGRDAM,Viridiplantae,1,1,100.0,no
5726,AGRDAP,Viridiplantae,1,1,100.0,no
5727,AGRDGL,Viridiplantae,1,1,100.0,no
5728,AGRDIS,Viridiplantae,1,1,100.0,no
5729,AGRDLV,Fungi,1,1,100.0,no
5730,AGRDMT,Fungi,1,1,100.0,no
5731,GGVENS,Viridiplantae,1,1,100.0,no
5732,ANTEST,Viridiplantae,1,1,100.0,no
5733,ANVDNP,Viridiplantae,1,1,100.0,no
5734,APTATV,Bacillati,1,1,100.0,no
5735,ARGETT,Viridiplantae,1,1,100.0,no
5736,ARHETL,Bacillati,1,1,100.0,no
5737,ARKDTS,Viridiplantae,1,1,100.0,no
5738,ARKETA,Viridiplantae,1,1,100.0,no
5739,GGYDSV,Metazoa,1,1,100.0,no
5740,GGNEPS,Metazoa,1,1,100.0,no
5741,GGNETA,Pseudomonadati,1,1,100.0,no
5742,ANIETT,Viridiplantae,1,1,100.0,no
5743,ANLDTI,Fungi,1,1,100.0,no
5744,ANLDTM,Metazoa,1,1,100.0,no
5745,ANNSTT,Metazoa,1,1,100.0,no
5746,ANQDTT,Metazoa,1,1,100.0,no
5747,ANTDTS,Viridiplantae,1,1,100.0,no
5748,GGMTTT,Viridiplantae,1,1,100.0,no
5749,GGNATT,Viridiplantae,1,1,100.0,no
5750,GGNDNT,Fungi,1,1,100.0,no
5751,GGNDPS,Viridiplantae,1,1,100.0,no
5752,GGNDSS,Viridiplantae,1,1,100.0,no
5753,GGNDST,Viridiplantae,1,1,100.0,no
5754,GGNDSV,Viridiplantae,1,1,100.0,no
5755,GGNDTN,Viridiplantae,1,1,100.0,no
5756,GGVYST,Viridiplantae,1,1,100.0,no
5757,GGYDPI,Metazoa,1,1,100.0,no
5758,ASFDNV,Viridiplantae,1,1,100.0,no
5759,ASFDSI,Viridiplantae,1,1,100.0,no
5760,ASFDSL,Metazoa,1,1,100.0,no
5761,ASFDTA,Viridiplantae,1,1,100.0,no
5762,ASFDTP,Metazoa,1,1,100.0,no
5763,GGMGTS,Viridiplantae,1,1,100.0,no
5764,AGPETL,Metazoa,1,1,100.0,no
5765,AGPNST,Fungi,1,1,100.0,no
5766,AGQASS,Fungi,1,1,100.0,no
5767,AGQASV,Metazoa,1,1,100.0,no
5768,AGQDIT,Fungi,1,1,100.0,no
5769,AGQDNL,Fungi,1,1,100.0,no
5770,AGNGPT,Bacillati,1,1,100.0,no
5771,AGNGTS,Bacillati,1,1,100.0,no
5772,GGYEMT,Metazoa,1,1,100.0,no
5773,GGYENM,Metazoa,1,1,100.0,no
5774,GGYEPS,Bacillati,1,1,100.0,no
5775,AGQDSI,Metazoa,1,1,100.0,no
5776,AGNVTV,Viridiplantae,1,1,100.0,no
5777,AGNYTT,Viridiplantae,1,1,100.0,no
5778,AGPDTS,Viridiplantae,1,1,100.0,no
5779,AGPDTV,Viridiplantae,1,1,100.0,no
5780,AGQEET,Metazoa,1,1,100.0,no
5781,AGQEGP,Fungi,1,1,100.0,no
5782,AGQEGV,Viridiplantae,1,1,100.0,no
5783,AGQEKG,Metazoa,1,1,100.0,no
5784,AGQEKT,Viridiplantae,1,1,100.0,no
5785,GGYEAI,Viridiplantae,1,1,100.0,no
5786,GGYEFT,Viridiplantae,1,1,100.0,no
5787,GGYEMA,Fungi,1,1,100.0,no
5788,AGQGTM,Fungi,1,1,100.0,no
5789,AGQGTS,Viridiplantae,1,1,100.0,no
5790,AGQHAI,Fungi,1,1,100.0,no
5791,AGQHST,Fungi,1,1,100.0,no
5792,AGQHTM,Metazoa,1,1,100.0,no
5793,AGQGST,Fungi,1,1,100.0,no
5794,AGQESA,Viridiplantae,1,1,100.0,no
5795,AGQDVP,Viridiplantae,1,1,100.0,no
5796,ASADAS,Metazoa,1,1,100.0,no
5797,ASADTA,Viridiplantae,1,1,100.0,no
5798,ASADTL,Viridiplantae,1,1,100.0,no
5799,ASADTP,Viridiplantae,1,1,100.0,no
5800,ASAETS,Viridiplantae,1,1,100.0,no
5801,ASDATT,Viridiplantae,1,1,100.0,no
5802,ASDDTY,Viridiplantae,1,1,100.0,no
5803,ASEDTI,Metazoa,1,1,100.0,no
5804,GGLTSQ,Metazoa,1,1,100.0,no
5805,GGLTTT,Bacillati,1,1,100.0,no
5806,GGMDTA,Viridiplantae,1,1,100.0,no
5807,GGMDTI,Fungi,1,1,100.0,no
5808,GGMEST,Bacillati,1,1,100.0,no
5809,ARTETT,Metazoa,1,1,100.0,no
5810,ARYDTT,Viridiplantae,1,1,100.0,no
5811,ARYETT,Fungi,1,1,100.0,no
5812,ASFENA,Metazoa,1,1,100.0,no
5813,ASFENS,Metazoa,1,1,100.0,no
5814,ASFETM,Viridiplantae,1,1,100.0,no
5815,ASFFTT,Viridiplantae,1,1,100.0,no
5816,ASFGST,Viridiplantae,1,1,100.0,no
5817,ASFLTT,Pseudomonadati,1,1,100.0,no
5818,ASFSTS,Viridiplantae,1,1,100.0,no
5819,GGLQTV,Metazoa,1,1,100.0,no
5820,AGNHTV,Viridiplantae,1,1,100.0,no
5821,AGNIST,Pseudomonadati,1,1,100.0,no
5822,AGNLTM,Fungi,1,1,100.0,no
5823,AGNMSV,Bacillati,1,1,100.0,no
5824,AGNQTT,Metazoa,1,1,100.0,no
5825,GGLHTT,Metazoa,1,1,100.0,no
5826,GGLNTT,Fungi,1,1,100.0,no
5827,GGLQTS,Metazoa,1,1,100.0,no
5828,ASIDTE,Viridiplantae,1,1,100.0,no
5829,ASIDTM,Viridiplantae,1,1,100.0,no
5830,ASGDNT,Fungi,1,1,100.0,no
5831,ASHDNS,Viridiplantae,1,1,100.0,no
5832,ASHDTP,Viridiplantae,1,1,100.0,no
5833,ASHDTR,Viridiplantae,1,1,100.0,no
5834,ASHETA,Viridiplantae,1,1,100.0,no
5835,GGLENV,Metazoa,1,1,100.0,no
5836,GGYQSV,Viridiplantae,1,1,100.0,no
5837,AGMNTS,Viridiplantae,1,1,100.0,no
5838,ASLDNS,Viridiplantae,1,1,100.0,no
5839,ASLDNT,Viridiplantae,1,1,100.0,no
5840,ASLDTA,Viridiplantae,1,1,100.0,no
5841,ASHFAT,Metazoa,1,1,100.0,no
5842,ASHGTT,Viridiplantae,1,1,100.0,no
5843,ASIDPS,Viridiplantae,1,1,100.0,no
5844,GGYETX,Metazoa,1,1,100.0,no
5845,GGYGTS,Bacillati,1,1,100.0,no
5846,GGYHNT,Bacillati,1,1,100.0,no
5847,GGYITT,Bacillati,1,1,100.0,no
5848,GGYKTT,Pseudomonadati,1,1,100.0,no
5849,GGYLTV,Bacillati,1,1,100.0,no
5850,GGYMSA,Metazoa,1,1,100.0,no
5851,GGYNST,Metazoa,1,1,100.0,no
5852,AGNSTI,Viridiplantae,1,1,100.0,no
5853,GGYETM,Viridiplantae,1,1,100.0,no
5854,AGNEAN,Viridiplantae,1,1,100.0,no
5855,AGNENM,Fungi,1,1,100.0,no
5856,AGNETN,Bacillati,1,1,100.0,no
5857,AGNDAT,Bacillati,1,1,100.0,no
5858,AGNDIT,Fungi,1,1,100.0,no
5859,AGNDTL,Metazoa,1,1,100.0,no
5860,AGMETM,Viridiplantae,1,1,100.0,no
5861,AGMGTP,Viridiplantae,1,1,100.0,no
5862,AGMDTM,Viridiplantae,1,1,100.0,no
5863,AGMDTN,Viridiplantae,1,1,100.0,no
5864,GSFETA,Viridiplantae,1,1,100.0,no
5865,GSFETL,Metazoa,1,1,100.0,no
5866,GSFHNT,Metazoa,1,1,100.0,no
5867,GSFHTI,Metazoa,1,1,100.0,no
5868,GRDTS,Viridiplantae,1,1,100.0,no
5869,GRTDTI,Fungi,1,1,100.0,no
5870,GRTDTT,Fungi,1,1,100.0,no
5871,GSATS,Fungi,1,1,100.0,no
5872,GSFDSS,Viridiplantae,1,1,100.0,no
5873,GSFDST,Viridiplantae,1,1,100.0,no
5874,GSFDSV,Metazoa,1,1,100.0,no
5875,AGMESV,Metazoa,1,1,100.0,no
5876,AGMVPL,Metazoa,1,1,100.0,no
5877,AGMVTA,Metazoa,1,1,100.0,no
5878,AGNATI,Fungi,1,1,100.0,no
5879,GKDTS,Viridiplantae,1,1,100.0,no
5880,GNMETS,Metazoa,1,1,100.0,no
5881,GNNENT,Bacillati,1,1,100.0,no
5882,GNTETS,Metazoa,1,1,100.0,no
5883,GQDTT,Metazoa,1,1,100.0,no
5884,GGLEPT,Fungi,1,1,100.0,no
5885,GGLESS,Bacillati,1,1,100.0,no
5886,GGLESV,Metazoa,1,1,100.0,no
5887,GGLETL,Metazoa,1,1,100.0,no
5888,AGMNTV,Fungi,1,1,100.0,no
5889,AGMQPS,Metazoa,1,1,100.0,no
5890,AGMSPT,Fungi,1,1,100.0,no
5891,AGMSTT,Metazoa,1,1,100.0,no
5892,GGLAPV,Viridiplantae,1,1,100.0,no
5893,GGLDAA,Metazoa,1,1,100.0,no
5894,GGLDNT,Bacillati,1,1,100.0,no
5895,GGLDPT,Pseudomonadati,1,1,100.0,no
5896,GGLDSS,Metazoa,1,1,100.0,no
5897,GGLDTA,Viridiplantae,1,1,100.0,no
5898,GGLDTG,Viridiplantae,1,1,100.0,no
5899,GGLDTM,Fungi,1,1,100.0,no
5900,ASMGNT,Metazoa,1,1,100.0,no
5901,ASMGTS,Viridiplantae,1,1,100.0,no
5902,ASMHRT,Metazoa,1,1,100.0,no
5903,ASMHTT,Viridiplantae,1,1,100.0,no
5904,ASMNTS,Viridiplantae,1,1,100.0,no
5905,ASNDST,Viridiplantae,1,1,100.0,no
5906,GGKEAV,Viridiplantae,1,1,100.0,no
5907,GGKEST,Viridiplantae,1,1,100.0,no
5908,AGLRPT,Metazoa,1,1,100.0,no
5909,GGKDGI,Bacillati,1,1,100.0,no
5910,GGKDGL,Bacillati,1,1,100.0,no
5911,GGKDPP,Fungi,1,1,100.0,no
5912,ASLHQT,Fungi,1,1,100.0,no
5913,ASLHST,Fungi,1,1,100.0,no
5914,ASLHTT,Bacillati,1,1,100.0,no
5915,ASLVTT,Metazoa,1,1,100.0,no
5916,GSFHTT,Metazoa,1,1,100.0,no
5917,GSGETV,Bacillati,1,1,100.0,no
5918,GSHDTA,Viridiplantae,1,1,100.0,no
5919,GSHDTM,Metazoa,1,1,100.0,no
5920,GSHDTS,Viridiplantae,1,1,100.0,no
5921,GSHFTT,Bacillati,1,1,100.0,no
5922,AGLNPL,Metazoa,1,1,100.0,no
5923,AGLQTS,Metazoa,1,1,100.0,no
5924,AGLMTS,Metazoa,1,1,100.0,no
5925,AGLEPL,Metazoa,1,1,100.0,no
5926,AGLETG,Bacillati,1,1,100.0,no
5927,AGLETM,Fungi,1,1,100.0,no
5928,AGLDVT,Bacillati,1,1,100.0,no
5929,AGLEAC,Metazoa,1,1,100.0,no
5930,AGLEAT,Metazoa,1,1,100.0,no
5931,AGLEPA,Metazoa,1,1,100.0,no
5932,GSLDTT,Bacillati,1,1,100.0,no
5933,GSLETS,Viridiplantae,1,1,100.0,no
5934,GSLETT,Bacillati,1,1,100.0,no
5935,GSMDTI,Viridiplantae,1,1,100.0,no
5936,GSNDTT,Viridiplantae,1,1,100.0,no
5937,AGLGTS,Viridiplantae,1,1,100.0,no
5938,AGLHTS,Fungi,1,1,100.0,no
5939,AGLINT,Fungi,1,1,100.0,no
5940,AGMDIT,Viridiplantae,1,1,100.0,no
5941,AGMDNP,Viridiplantae,1,1,100.0,no
5942,AGMDSS,Viridiplantae,1,1,100.0,no
5943,GSIDTA,Metazoa,1,1,100.0,no
5944,GSIDTC,Viridiplantae,1,1,100.0,no
5945,GSIETL,Fungi,1,1,100.0,no
5946,GSIHTS,Viridiplantae,1,1,100.0,no
5947,GSLDTL,Bacillati,1,1,100.0,no
5948,ASIETV,Fungi,1,1,100.0,no
5949,ASIHAT,Fungi,1,1,100.0,no
5950,ASIHTV,Fungi,1,1,100.0,no
5951,ASINTT,Fungi,1,1,100.0,no
5952,AGLTPL,Metazoa,1,1,100.0,no
5953,AGLVNT,Fungi,1,1,100.0,no
5954,AGLYTS,Viridiplantae,1,1,100.0,no
5955,AGMDFT,Viridiplantae,1,1,100.0,no
5956,GGIKTT,Metazoa,1,1,100.0,no
5957,GGINSS,Viridiplantae,1,1,100.0,no
5958,GGINTL,Fungi,1,1,100.0,no
5959,GGINTV,Metazoa,1,1,100.0,no
5960,GGIQTV,Bacillati,1,1,100.0,no
5961,GGITTA,Bacillati,1,1,100.0,no
5962,GGIVAT,Metazoa,1,1,100.0,no
5963,GGIYNG,Viridiplantae,1,1,100.0,no
5964,ASSSTG,Metazoa,1,1,100.0,no
5965,ASQDAG,Pseudomonadati,1,1,100.0,no
5966,ASQDAN,Fungi,1,1,100.0,no
5967,ASQDTI,Metazoa,1,1,100.0,no
5968,ASQDTS,Viridiplantae,1,1,100.0,no
5969,ASQEAS,Bacillati,1,1,100.0,no
5970,ASQEAT,Metazoa,1,1,100.0,no
5971,ASQETS,Bacillati,1,1,100.0,no
5972,ASTDTC,Bacillati,1,1,100.0,no
5973,ASTDTL,Viridiplantae,1,1,100.0,no
5974,ASTETC,Metazoa,1,1,100.0,no
5975,ASTHQM,Fungi,1,1,100.0,no
5976,ASTHTS,Fungi,1,1,100.0,no
5977,ASQHTS,Fungi,1,1,100.0,no
5978,ASSDTI,Metazoa,1,1,100.0,no
5979,ASSHTT,Fungi,1,1,100.0,no
5980,GSQDAT,Fungi,1,1,100.0,no
5981,GSQHST,Viridiplantae,1,1,100.0,no
5982,GSRDTI,Viridiplantae,1,1,100.0,no
5983,GSRDTT,Fungi,1,1,100.0,no
5984,GSSDTS,Viridiplantae,1,1,100.0,no
5985,GSTDSV,Fungi,1,1,100.0,no
5986,GSTSST,Metazoa,1,1,100.0,no
5987,GSVANT,Metazoa,1,1,100.0,no
5988,GTTDPT,Viridiplantae,1,1,100.0,no
5989,GTTDTS,Viridiplantae,1,1,100.0,no
5990,GTVDSV,Viridiplantae,1,1,100.0,no
5991,GTVDTS,Viridiplantae,1,1,100.0,no
5992,GTYDTS,Viridiplantae,1,1,100.0,no
5993,GVDTT,Metazoa,1,1,100.0,no
5994,GVGETT,Fungi,1,1,100.0,no
5995,GVNDTT,Metazoa,1,1,100.0,no
5996,GSYITT,Viridiplantae,1,1,100.0,no
5997,GSYSTM,Viridiplantae,1,1,100.0,no
5998,GTETT,Metazoa,1,1,100.0,no
5999,GTFDTT,Metazoa,1,1,100.0,no
6000,GTIANT,Bacillati,1,1,100.0,no
6001,GTIDTS,Viridiplantae,1,1,100.0,no
6002,GTNANT,Bacillati,1,1,100.0,no
6003,GTQDTT,Viridiplantae,1,1,100.0,no
6004,AGKGTS,Viridiplantae,1,1,100.0,no
6005,AGKQST,Viridiplantae,1,1,100.0,no
6006,AGKTTA,Metazoa,1,1,100.0,no
6007,AGKVST,Viridiplantae,1,1,100.0,no
6008,GSVESS,Fungi,1,1,100.0,no
6009,GSYDPT,Viridiplantae,1,1,100.0,no
6010,GSYDSI,Metazoa,1,1,100.0,no
6011,GSYEST,Viridiplantae,1,1,100.0,no
6012,AGKVvlTS,Fungi,1,1,100.0,no
6013,AGLDAI,Metazoa,1,1,100.0,no
6014,AGLDGT,Metazoa,1,1,100.0,no
6015,AGLDPI,Metazoa,1,1,100.0,no
6016,AGLDSC,Metazoa,1,1,100.0,no
6017,AGLDSI,Metazoa,1,1,100.0,no
6018,AGKETM,Viridiplantae,1,1,100.0,no
6019,AGKGTI,Viridiplantae,1,1,100.0,no
6020,IGMNTM,Metazoa,1,1,100.0,no
6021,IGSATS,Fungi,1,1,100.0,no
6022,IGSETS,Metazoa,1,1,100.0,no
6023,IGTETT,Metazoa,1,1,100.0,no
6024,IGTNAT,Metazoa,1,1,100.0,no
6025,IGVNTM,Metazoa,1,1,100.0,no
6026,IGYIST,Viridiplantae,1,1,100.0,no
6027,ISIETT,Fungi,1,1,100.0,no
6028,AGKDTP,Viridiplantae,1,1,100.0,no
6029,AGKEAA,Viridiplantae,1,1,100.0,no
6030,AGKEIT,Viridiplantae,1,1,100.0,no
6031,AGKEPI,Viridiplantae,1,1,100.0,no
6032,IGFQTT,Metazoa,1,1,100.0,no
6033,IGHETS,Bacillati,1,1,100.0,no
6034,IGINAM,Metazoa,1,1,100.0,no
6035,IGKDTT,Viridiplantae,1,1,100.0,no
6036,HGFLTT,Viridiplantae,1,1,100.0,no
6037,IAQETT,Metazoa,1,1,100.0,no
6038,IGCETT,Metazoa,1,1,100.0,no
6039,IGFDTT,Metazoa,1,1,100.0,no
6040,AGKDPF,Fungi,1,1,100.0,no
6041,AGKDSI,Viridiplantae,1,1,100.0,no
6042,AGKDTL,Viridiplantae,1,1,100.0,no
6043,AGKDTN,Viridiplantae,1,1,100.0,no
6044,GVSDSS,Viridiplantae,1,1,100.0,no
6045,GVTDTT,Viridiplantae,1,1,100.0,no
6046,GVTETT,Fungi,1,1,100.0,no
6047,GVTETV,Viridiplantae,1,1,100.0,no
6048,GVYETT,Viridiplantae,1,1,100.0,no
6049,GYETT,Metazoa,1,1,100.0,no
6050,GYETV,Metazoa,1,1,100.0,no
6051,GdeSHDTT,Metazoa,1,1,100.0,no
6052,ASTATV,Bacillati,1,1,100.0,no
6053,ASTDNV,Viridiplantae,1,1,100.0,no
6054,ASTDTA,Viridiplantae,1,1,100.0,no
6055,AGITTS,Viridiplantae,1,1,100.0,no
6056,AGKDAV,Viridiplantae,1,1,100.0,no
6057,AGKDIS,Viridiplantae,1,1,100.0,no
6058,AGKDLT,Viridiplantae,1,1,100.0,no
6059,AGKDNT,Viridiplantae,1,1,100.0,no
6060,GGIETI,Viridiplantae,1,1,100.0,no
6061,GGIETN,Viridiplantae,1,1,100.0,no
6062,GGIGTA,Viridiplantae,1,1,100.0,no
6063,GGIGTV,Fungi,1,1,100.0,no
6064,GGIHPT,Metazoa,1,1,100.0,no
6065,GGIHST,Fungi,1,1,100.0,no
6066,GGIHTM,Metazoa,1,1,100.0,no
6067,ASSVTT,Fungi,1,1,100.0,no
6068,ASTVTT,Fungi,1,1,100.0,no
6069,ASVDNS,Viridiplantae,1,1,100.0,no
6070,ASVDNT,Bacillati,1,1,100.0,no
6071,ASVDNV,Viridiplantae,1,1,100.0,no
6072,ASVDTE,Viridiplantae,1,1,100.0,no
6073,ASVETI,Viridiplantae,1,1,100.0,no
6074,ASVHNT,Fungi,1,1,100.0,no
6075,ASVHQT,Fungi,1,1,100.0,no
6076,KGFQSL,Metazoa,1,1,100.0,no
6077,KGHDTK,Metazoa,1,1,100.0,no
6078,AGIQTT,Metazoa,1,1,100.0,no
6079,AGISAT,Fungi,1,1,100.0,no
6080,AGISTI,Metazoa,1,1,100.0,no
6081,AGISTS,Fungi,1,1,100.0,no
6082,GGIENT,Fungi,1,1,100.0,no
6083,ASTSTT,Viridiplantae,1,1,100.0,no
6084,LSTDST,Viridiplantae,1,1,100.0,no
6085,LSVDSM,Viridiplantae,1,1,100.0,no
6086,MASDTT,Viridiplantae,1,1,100.0,no
6087,MGIEAT,Metazoa,1,1,100.0,no
6088,NAFSTI,Metazoa,1,1,100.0,no
6089,NAHDTI,Viridiplantae,1,1,100.0,no
6090,NGADPT,Fungi,1,1,100.0,no
6091,NGAETA,Metazoa,1,1,100.0,no
6092,AGIHTG,Viridiplantae,1,1,100.0,no
6093,AGIHTS,Metazoa,1,1,100.0,no
6094,AGILST,Metazoa,1,1,100.0,no
6095,AGINAT,Metazoa,1,1,100.0,no
6096,AGINTT,Fungi,1,1,100.0,no
6097,AGIEVA,Bacillati,1,1,100.0,no
6098,AGIGGP,Bacillati,1,1,100.0,no
6099,AGIGSI,Fungi,1,1,100.0,no
6100,LGVNTT,Metazoa,1,1,100.0,no
6101,LGYETV,Viridiplantae,1,1,100.0,no
6102,LGYTLC,Metazoa,1,1,100.0,no
6103,LSMDRM,Viridiplantae,1,1,100.0,no
6104,AGIGSS,Viridiplantae,1,1,100.0,no
6105,AGIHNT,Pseudomonadati,1,1,100.0,no
6106,AGIHPP,Fungi,1,1,100.0,no
6107,AGIHST,Fungi,1,1,100.0,no
6108,KGHETT,Metazoa,1,1,100.0,no
6109,LAVDST,Viridiplantae,1,1,100.0,no
6110,LGFDTL,Metazoa,1,1,100.0,no
6111,LGHDST,Fungi,1,1,100.0,no
6112,LGKDTS,Viridiplantae,1,1,100.0,no
6113,LGQETS,Metazoa,1,1,100.0,no
6114,LGSDTI,Fungi,1,1,100.0,no
6115,LGSETT,Pseudomonadati,1,1,100.0,no
6116,ASYDSA,Viridiplantae,1,1,100.0,no
6117,ASYEAT,Metazoa,1,1,100.0,no
6118,ASYEQI,Metazoa,1,1,100.0,no
6119,ASYETQ,Pseudomonadati,1,1,100.0,no
6120,GGIDTP,Metazoa,1,1,100.0,no
6121,GGIEAP,Viridiplantae,1,1,100.0,no
6122,GGIEGT,Bacillati,1,1,100.0,no
6123,AGIDTQ,Viridiplantae,1,1,100.0,no
6124,ATHDTT,Viridiplantae,1,1,100.0,no
6125,ATIDTV,Viridiplantae,1,1,100.0,no
6126,ATMDTT,Viridiplantae,1,1,100.0,no
6127,ATQGNT,Metazoa,1,1,100.0,no
6128,ASVHVT,Fungi,1,1,100.0,no
6129,ASVNTT,Fungi,1,1,100.0,no
6130,ASWDTT,Fungi,1,1,100.0,no
6131,ASYDAL,Pseudomonadati,1,1,100.0,no
6132,PADDTI,Fungi,1,1,100.0,no
6133,PAEETT,Bacillati,1,1,100.0,no
6134,PAFDTT,Bacillati,1,1,100.0,no
6135,GGIDSI,Viridiplantae,1,1,100.0,no
6136,ASYGTS,Metazoa,1,1,100.0,no
6137,ATDDTY,Viridiplantae,1,1,100.0,no
6138,ATFDTS,Viridiplantae,1,1,100.0,no
6139,ATFDTT,Metazoa,1,1,100.0,no
6140,NGFDTT,Metazoa,1,1,100.0,no
6141,NGFEPS,Metazoa,1,1,100.0,no
6142,NGIATT,Bacillati,1,1,100.0,no
6143,NGIDTT,Viridiplantae,1,1,100.0,no
6144,NGMNTT,Metazoa,1,1,100.0,no
6145,NGSDTL,Viridiplantae,1,1,100.0,no
6146,NGYESV,Bacillati,1,1,100.0,no
6147,NNHNTL,Metazoa,1,1,100.0,no
6148,PGHETM,Metazoa,1,1,100.0,no
6149,PGHETS,Pseudomonadati,1,1,100.0,no
6150,AGHQTA,Viridiplantae,1,1,100.0,no
6151,AGHQTM,Bacillati,1,1,100.0,no
6152,AGHQTS,Metazoa,1,1,100.0,no
6153,AGHQTV,Bacillati,1,1,100.0,no
6154,AGHSSA,Pseudomonadati,1,1,100.0,no
6155,AGHTAT,Fungi,1,1,100.0,no
6156,PALDTA,Fungi,1,1,100.0,no
6157,PALDTT,Pseudomonadati,1,1,100.0,no
6158,PARDTV,Fungi,1,1,100.0,no
6159,PARETT,Fungi,1,1,100.0,no
6160,PASDTT,Viridiplantae,1,1,100.0,no
6161,PATDST,Fungi,1,1,100.0,no
6162,PGGETT,Fungi,1,1,100.0,no
6163,PGHDTS,Viridiplantae,1,1,100.0,no
6164,AGHVTI,Bacillati,1,1,100.0,no
6165,AGHYSI,Metazoa,1,1,100.0,no
6166,AGIDAS,Viridiplantae,1,1,100.0,no
6167,AGIDKS,Viridiplantae,1,1,100.0,no
6168,AGIDLT,Fungi,1,1,100.0,no
6169,PAFETT,Fungi,1,1,100.0,no
6170,PAFSAI,Metazoa,1,1,100.0,no
6171,PAHDAT,Fungi,1,1,100.0,no
6172,AGIEAS,Metazoa,1,1,100.0,no
6173,AGIENT,Bacillati,1,1,100.0,no
6174,AGIEPI,Viridiplantae,1,1,100.0,no
6175,AGIEPS,Metazoa,1,1,100.0,no
6176,AGIDNV,Bacillati,1,1,100.0,no
6177,AGIDSP,Pseudomonadati,1,1,100.0,no
6178,AGIDTM,Metazoa,1,1,100.0,no
6179,AGHVSS,Viridiplantae,1,1,100.0,no
6180,PGYDST,Fungi,1,1,100.0,no
6181,PGYDTT,Fungi,1,1,100.0,no
6182,PGYESV,Metazoa,1,1,100.0,no
6183,PGYETT,Metazoa,1,1,100.0,no
6184,PGYETV,Metazoa,1,1,100.0,no
6185,PSHDTV,Fungi,1,1,100.0,no
6186,PSYDTT,Metazoa,1,1,100.0,no
6187,PSYETT,Fungi,1,1,100.0,no
6188,AGHLTS,Fungi,1,1,100.0,no
6189,AGHNNT,Bacillati,1,1,100.0,no
6190,AGHNPS,Metazoa,1,1,100.0,no
6191,AGHNSS,Metazoa,1,1,100.0,no
6192,AGHNTM,Fungi,1,1,100.0,no
6193,AGHQNT,Bacillati,1,1,100.0,no
6194,PGTHTT,Fungi,1,1,100.0,no
6195,PGYATT,Fungi,1,1,100.0,no
6196,PGRDTI,Fungi,1,1,100.0,no
6197,PGRDTS,Viridiplantae,1,1,100.0,no
6198,PGSETT,Metazoa,1,1,100.0,no
6199,PGTDPS,Viridiplantae,1,1,100.0,no
6200,PGTDTL,Viridiplantae,1,1,100.0,no
6201,PGTDTV,Viridiplantae,1,1,100.0,no
6202,AGHLAV,Bacillati,1,1,100.0,no
6203,AGHLTA,Bacillati,1,1,100.0,no
6204,PGIDTS,Viridiplantae,1,1,100.0,no
6205,PGKDTS,Viridiplantae,1,1,100.0,no
6206,PGKQTT,Viridiplantae,1,1,100.0,no
6207,PGLDNT,Metazoa,1,1,100.0,no
6208,PGLETT,Pseudomonadati,1,1,100.0,no
6209,PGMDTT,Viridiplantae,1,1,100.0,no
6210,PGPDTT,Fungi,1,1,100.0,no
6211,PGQETT,Viridiplantae,1,1,100.0,no
6212,GGIDNV,Metazoa,1,1,100.0,no
6213,GGIDPI,Fungi,1,1,100.0,no
6214,GGIDSG,Metazoa,1,1,100.0,no
6215,AGHHVP,Bacillati,1,1,100.0,no
6216,AGHKNM,Pseudomonadati,1,1,100.0,no
6217,AGHKTA,Viridiplantae,1,1,100.0,no
6218,AGHHAT,Metazoa,1,1,100.0,no
6219,AGHHTA,Pseudomonadati,1,1,100.0,no
6220,AVDDTT,Fungi,1,1,100.0,no
6221,AVFEAP,Metazoa,1,1,100.0,no
6222,AVHDTS,Bacillati,1,1,100.0,no
6223,AVHEST,Viridiplantae,1,1,100.0,no
6224,AVHETN,Viridiplantae,1,1,100.0,no
6225,AVHETT,Fungi,1,1,100.0,no
6226,AVKDTS,Viridiplantae,1,1,100.0,no
6227,GGHYTT,Metazoa,1,1,100.0,no
6228,ATRDTC,Viridiplantae,1,1,100.0,no
6229,ATRDTM,Fungi,1,1,100.0,no
6230,ATRDTS,Fungi,1,1,100.0,no
6231,ATRETT,Bacillati,1,1,100.0,no
6232,ATVDTS,Viridiplantae,1,1,100.0,no
6233,ATVETT,Metazoa,1,1,100.0,no
6234,ATVGNT,Metazoa,1,1,100.0,no
6235,ATYEST,Metazoa,1,1,100.0,no
6236,QATDTT,Viridiplantae,1,1,100.0,no
6237,QDTT,Metazoa,1,1,100.0,no
6238,QGHENT,Metazoa,1,1,100.0,no
6239,QGHSST,Bacillati,1,1,100.0,no
6240,QGHTST,Bacillati,1,1,100.0,no
6241,GGHQTT,Pseudomonadati,1,1,100.0,no
6242,GGHRTT,Bacillati,1,1,100.0,no
6243,GGHSTT,Bacillati,1,1,100.0,no
6244,AgclqGHETT,Fungi,1,1,100.0,no
6245,AmvGHETT,Fungi,1,1,100.0,no
6246,CGAETT,Viridiplantae,1,1,100.0,no
6247,CGFDTT,Metazoa,1,1,100.0,no
6248,CGFETS,Metazoa,1,1,100.0,no
6249,CGHDTT,Metazoa,1,1,100.0,no
6250,DAFETS,Metazoa,1,1,100.0,no
6251,GGHGAT,Metazoa,1,1,100.0,no
6252,AVSETT,Fungi,1,1,100.0,no
6253,AVTDPT,Fungi,1,1,100.0,no
6254,AVTDTA,Viridiplantae,1,1,100.0,no
6255,AVVDNP,Viridiplantae,1,1,100.0,no
6256,AVYGTT,Metazoa,1,1,100.0,no
6257,AWIDTT,Viridiplantae,1,1,100.0,no
6258,AWTETT,Viridiplantae,1,1,100.0,no
6259,AXHETT,Pseudomonadati,1,1,100.0,no
6260,SAGETT,Bacillati,1,1,100.0,no
6261,SAHHAS,Fungi,1,1,100.0,no
6262,SAIHTS,Fungi,1,1,100.0,no
6263,SAKETT,Bacillati,1,1,100.0,no
6264,SASDTL,Viridiplantae,1,1,100.0,no
6265,AVMETT,Bacillati,1,1,100.0,no
6266,AVQETT,Viridiplantae,1,1,100.0,no
6267,AVSDAV,Fungi,1,1,100.0,no
6268,AGHHTP,Viridiplantae,1,1,100.0,no
6269,RAIATS,Viridiplantae,1,1,100.0,no
6270,RGHKTT,Viridiplantae,1,1,100.0,no
6271,RGIDTT,Viridiplantae,1,1,100.0,no
6272,RGKETT,Viridiplantae,1,1,100.0,no
6273,RGSDTT,Viridiplantae,1,1,100.0,no
6274,RGTDTM,Viridiplantae,1,1,100.0,no
6275,SAFETT,Pseudomonadati,1,1,100.0,no
6276,AGHENL,Bacillati,1,1,100.0,no
6277,AGHEPA,Bacillati,1,1,100.0,no
6278,AGHEPN,Pseudomonadati,1,1,100.0,no
6279,AGHERN,Pseudomonadati,1,1,100.0,no
6280,AGHERT,Fungi,1,1,100.0,no
6281,AGHEAI,Fungi,1,1,100.0,no
6282,AGHEAP,Fungi,1,1,100.0,no
6283,AGHEFI,Metazoa,1,1,100.0,no
6284,SGEGTT,Viridiplantae,1,1,100.0,no
6285,SGFESI,Metazoa,1,1,100.0,no
6286,SGFEST,Metazoa,1,1,100.0,no
6287,SGFETS,Metazoa,1,1,100.0,no
6288,AGHESF,Viridiplantae,1,1,100.0,no
6289,AGHETE,Pseudomonadati,1,1,100.0,no
6290,AGHETF,Fungi,1,1,100.0,no
6291,AGHELP,Fungi,1,1,100.0,no
6292,AGHGAT,Bacillati,1,1,100.0,no
6293,AGHGGI,Pseudomonadati,1,1,100.0,no
6294,AGHGPT,Methanobacteriati,1,1,100.0,no
6295,AGHETQ,Bacillati,1,1,100.0,no
6296,AGHETR,Fungi,1,1,100.0,no
6297,SETT,Fungi,1,1,100.0,no
6298,SGADST,Metazoa,1,1,100.0,no
6299,SGAEST,Metazoa,1,1,100.0,no
6300,GGHGTS,Fungi,1,1,100.0,no
6301,GGHHST,Bacillati,1,1,100.0,no
6302,GGHHTS,Metazoa,1,1,100.0,no
6303,GGHKTT,Viridiplantae,1,1,100.0,no
6304,SATEPI,Pseudomonadati,1,1,100.0,no
6305,AGHEVV,Metazoa,1,1,100.0,no
6306,AGHEvST,Fungi,1,1,100.0,no
6307,AGHFNM,Bacillati,1,1,100.0,no
6308,SGHSTV,Metazoa,1,1,100.0,no
6309,SGHVTT,Pseudomonadati,1,1,100.0,no
6310,SGHYTT,Metazoa,1,1,100.0,no
6311,SGIDSS,Metazoa,1,1,100.0,no
6312,SGIDTS,Viridiplantae,1,1,100.0,no
6313,SGIETS,Metazoa,1,1,100.0,no
6314,SGKDPV,Fungi,1,1,100.0,no
6315,SGKDTI,Viridiplantae,1,1,100.0,no
6316,SGHETV,Bacillati,1,1,100.0,no
6317,AGHDMT,Fungi,1,1,100.0,no
6318,AGHDNA,Pseudomonadati,1,1,100.0,no
6319,AGHDRT,Fungi,1,1,100.0,no
6320,AGHDSP,Methanobacteriati,1,1,100.0,no
6321,SGHHTT,Fungi,1,1,100.0,no
6322,SGHKTT,Pseudomonadati,1,1,100.0,no
6323,SGHMTT,Metazoa,1,1,100.0,no
6324,SGHEAT,Bacillati,1,1,100.0,no
6325,SGHEPT,Fungi,1,1,100.0,no
6326,SGHEST,Bacillati,1,1,100.0,no
6327,SGHETI,Fungi,1,1,100.0,no
6328,SGHETK,Viridiplantae,1,1,100.0,no
6329,SGHETL,Bacillati,1,1,100.0,no
6330,SGHETM,Pseudomonadati,1,1,100.0,no
6331,SGHETP,Fungi,1,1,100.0,no
6332,AGHEGV,Metazoa,1,1,100.0,no
6333,AGHEIS,Fungi,1,1,100.0,no
6334,AGHDVL,Fungi,1,1,100.0,no
6335,AGHDVP,Pseudomonadati,1,1,100.0,no
6336,AGHDVT,Fungi,1,1,100.0,no
6337,AGHDTD,Fungi,1,1,100.0,no
6338,AGHDTE,Fungi,1,1,100.0,no
6339,SGFTTT,Bacillati,1,1,100.0,no
6340,GGHETL,Fungi,1,1,100.0,no
6341,GGHETN,Fungi,1,1,100.0,no
6342,GGHETQ,Metazoa,1,1,100.0,no
6343,AVKETT,Viridiplantae,1,1,100.0,no
6344,SGLEAM,Pseudomonadati,1,1,100.0,no
6345,AGGTTV,Fungi,1,1,100.0,no
6346,AGGVTT,Fungi,1,1,100.0,no
6347,AGHAAV,Pseudomonadati,1,1,100.0,no
6348,DGHESS,Viridiplantae,1,1,100.0,no
6349,DGHETT,Pseudomonadati,1,1,100.0,no
6350,DGIDTT,Fungi,1,1,100.0,no
6351,DGIETS,Metazoa,1,1,100.0,no
6352,GGHEGT,Fungi,1,1,100.0,no
6353,GGHEQS,Fungi,1,1,100.0,no
6354,GGHESA,Fungi,1,1,100.0,no
6355,GGHESV,Viridiplantae,1,1,100.0,no
6356,DGFDAV,Metazoa,1,1,100.0,no
6357,DGFDTT,Metazoa,1,1,100.0,no
6358,DGFEPT,Metazoa,1,1,100.0,no
6359,DGFESS,Metazoa,1,1,100.0,no
6360,DGFETG,Metazoa,1,1,100.0,no
6361,DGFETI,Metazoa,1,1,100.0,no
6362,DGFSTT,Metazoa,1,1,100.0,no
6363,DGHDTT,Metazoa,1,1,100.0,no
6364,SGKDTT,Viridiplantae,1,1,100.0,no
6365,SGLATT,Metazoa,1,1,100.0,no
6366,GGHDSV,Viridiplantae,1,1,100.0,no
6367,GGHDTR,Metazoa,1,1,100.0,no
6368,DAHGTT,Viridiplantae,1,1,100.0,no
6369,DAVDTS,Metazoa,1,1,100.0,no
6370,DAYETS,Metazoa,1,1,100.0,no
6371,DGFDAN,Metazoa,1,1,100.0,no
6372,EAADST,Viridiplantae,1,1,100.0,no
6373,EAFETS,Metazoa,1,1,100.0,no
6374,DGRDTT,Fungi,1,1,100.0,no
6375,DGSGTS,Viridiplantae,1,1,100.0,no
6376,DGTETV,Metazoa,1,1,100.0,no
6377,DGTHTT,Metazoa,1,1,100.0,no
6378,DGVDTG,Viridiplantae,1,1,100.0,no
6379,DGVETS,Metazoa,1,1,100.0,no
6380,DGYVTS,Metazoa,1,1,100.0,no
6381,DSADTT,Metazoa,1,1,100.0,no
6382,DSHDTT,Metazoa,1,1,100.0,no
6383,DSTATS,Metazoa,1,1,100.0,no
6384,DSTETS,Metazoa,1,1,100.0,no
6385,DSTSST,Metazoa,1,1,100.0,no
6386,DSYETS,Metazoa,1,1,100.0,no
6387,DTFETT,Metazoa,1,1,100.0,no
6388,SGLETV,Metazoa,1,1,100.0,no
6389,SGLHST,Fungi,1,1,100.0,no
6390,SGMDTM,Viridiplantae,1,1,100.0,no
6391,SGNASI,Bacillati,1,1,100.0,no
6392,SGNVTT,Viridiplantae,1,1,100.0,no
6393,SGQDTI,Metazoa,1,1,100.0,no
6394,SGQEAV,Metazoa,1,1,100.0,no
6395,DGYEST,Metazoa,1,1,100.0,no
6396,AGHATM,Methanobacteriati,1,1,100.0,no
6397,AGHDGP,Fungi,1,1,100.0,no
6398,AGHDIN,Viridiplantae,1,1,100.0,no
6399,AGGGAI,Fungi,1,1,100.0,no
6400,AGGGTV,Viridiplantae,1,1,100.0,no
6401,AGGKTT,Metazoa,1,1,100.0,no
6402,AGGSTI,Fungi,1,1,100.0,no
6403,AGGSTV,Fungi,1,1,100.0,no
6404,SGTDSS,Viridiplantae,1,1,100.0,no
6405,AGFQTM,Bacillati,1,1,100.0,no
6406,AGFSII,Metazoa,1,1,100.0,no
6407,AGFSSV,Metazoa,1,1,100.0,no
6408,AGFSTP,Viridiplantae,1,1,100.0,no
6409,AGFSTS,Metazoa,1,1,100.0,no
6410,AGFTGL,Metazoa,1,1,100.0,no
6411,AGFTGV,Metazoa,1,1,100.0,no
6412,SGQHSS,Fungi,1,1,100.0,no
6413,SGQSTT,Viridiplantae,1,1,100.0,no
6414,SGRDTA,Viridiplantae,1,1,100.0,no
6415,SGRDTV,Viridiplantae,1,1,100.0,no
6416,SGSDTF,Viridiplantae,1,1,100.0,no
6417,SGSDTI,Fungi,1,1,100.0,no
6418,SGSETI,Metazoa,1,1,100.0,no
6419,SGTDAI,Metazoa,1,1,100.0,no
6420,AGFVNT,Fungi,1,1,100.0,no
6421,AGFVTV,Bacillati,1,1,100.0,no
6422,AGFYPT,Viridiplantae,1,1,100.0,no
6423,AGGATS,Viridiplantae,1,1,100.0,no
6424,AGGDPM,Viridiplantae,1,1,100.0,no
6425,AGGDSG,Viridiplantae,1,1,100.0,no
6426,AGGDSM,Viridiplantae,1,1,100.0,no
6427,AGGDSV,Metazoa,1,1,100.0,no
6428,DGVYTT,Fungi,1,1,100.0,no
6429,DGYATS,Metazoa,1,1,100.0,no
6430,DGYATT,Metazoa,1,1,100.0,no
6431,AGGESV,Bacillati,1,1,100.0,no
6432,AGGETC,Bacillati,1,1,100.0,no
6433,AGGETF,Fungi,1,1,100.0,no
6434,AGGETL,Metazoa,1,1,100.0,no
6435,AGGETM,Metazoa,1,1,100.0,no
6436,SGYDAI,Metazoa,1,1,100.0,no
6437,SGYDNN,Metazoa,1,1,100.0,no
6438,SGYDSI,Metazoa,1,1,100.0,no
6439,SGYDSV,Metazoa,1,1,100.0,no
6440,SGYESP,Pseudomonadati,1,1,100.0,no
6441,SGYETA,Pseudomonadati,1,1,100.0,no
6442,SGYGTT,Pseudomonadati,1,1,100.0,no
6443,SGYHTS,Fungi,1,1,100.0,no
6444,AGFLPS,Metazoa,1,1,100.0,no
6445,AGFMTT,Bacillati,1,1,100.0,no
6446,AGFQAS,Metazoa,1,1,100.0,no
6447,AGFEVS,Metazoa,1,1,100.0,no
6448,AGFFAS,Metazoa,1,1,100.0,no
6449,AGFFTS,Metazoa,1,1,100.0,no
6450,AGFGAT,Bacillati,1,1,100.0,no
6451,AGFGNN,Metazoa,1,1,100.0,no
6452,SGVHTT,Fungi,1,1,100.0,no
6453,AGFHPV,Viridiplantae,1,1,100.0,no
6454,AGFHSV,Metazoa,1,1,100.0,no
6455,AGFHTA,Metazoa,1,1,100.0,no
6456,AGFINT,Fungi,1,1,100.0,no
6457,AGFITA,Bacillati,1,1,100.0,no
6458,AGFKTT,Fungi,1,1,100.0,no
6459,AGFKTV,Metazoa,1,1,100.0,no
6460,SGTDST,Viridiplantae,1,1,100.0,no
6461,SGTEAA,Bacillati,1,1,100.0,no
6462,SGTHTV,Viridiplantae,1,1,100.0,no
6463,SGTSTT,Viridiplantae,1,1,100.0,no
6464,SGTTTT,Metazoa,1,1,100.0,no
6465,SGTVTT,Metazoa,1,1,100.0,no
6466,SGVEPI,Metazoa,1,1,100.0,no
6467,SGVETT,Metazoa,1,1,100.0,no
6468,GGGEST,Viridiplantae,1,1,100.0,no
6469,GGGETA,Viridiplantae,1,1,100.0,no
6470,GGGQTT,Viridiplantae,1,1,100.0,no
6471,GGHDNS,Metazoa,1,1,100.0,no
6472,GGHDNT,Bacillati,1,1,100.0,no
6473,AGFEGS,Metazoa,1,1,100.0,no
6474,AGFELT,Fungi,1,1,100.0,no
6475,AGFENA,Metazoa,1,1,100.0,no
6476,EDHDTT,Metazoa,1,1,100.0,no
6477,EGAETT,Fungi,1,1,100.0,no
6478,EGEDTT,Metazoa,1,1,100.0,no
6479,EGFDTA,Metazoa,1,1,100.0,no
6480,EGFHTS,Metazoa,1,1,100.0,no
6481,EGHDIT,Metazoa,1,1,100.0,no
6482,EGHDNT,Metazoa,1,1,100.0,no
6483,EGHDSL,Metazoa,1,1,100.0,no
6484,EAMDTT,Metazoa,1,1,100.0,no
6485,EASDTN,Viridiplantae,1,1,100.0,no
6486,EATDTT,Viridiplantae,1,1,100.0,no
6487,EAVDNP,Viridiplantae,1,1,100.0,no
6488,EAVDTT,Viridiplantae,1,1,100.0,no
6489,EAYDTT,Metazoa,1,1,100.0,no
6490,EAYETS,Metazoa,1,1,100.0,no
6491,EAYSTL,Metazoa,1,1,100.0,no
6492,SGYNTT,Viridiplantae,1,1,100.0,no
6493,SSAEST,Metazoa,1,1,100.0,no
6494,EGHETV,Metazoa,1,1,100.0,no
6495,EGHGTI,Metazoa,1,1,100.0,no
6496,EGINNP,Fungi,1,1,100.0,no
6497,EGKETT,Viridiplantae,1,1,100.0,no
6498,EGLDAT,Metazoa,1,1,100.0,no
6499,EAIHTT,Fungi,1,1,100.0,no
6500,TALDTT,Bacillati,1,1,100.0,no
6501,TALETT,Fungi,1,1,100.0,no
6502,TAMDTS,Fungi,1,1,100.0,no
6503,TAQDTS,Metazoa,1,1,100.0,no
6504,TAQETT,Bacillati,1,1,100.0,no
6505,TASNTS,Viridiplantae,1,1,100.0,no
6506,TASQTI,Fungi,1,1,100.0,no
6507,TATETT,Fungi,1,1,100.0,no
6508,TAFDTV,Pseudomonadati,1,1,100.0,no
6509,TAHDVL,Pseudomonadati,1,1,100.0,no
6510,AGFDPP,Fungi,1,1,100.0,no
6511,AGFDQT,Metazoa,1,1,100.0,no
6512,AGFDSA,Metazoa,1,1,100.0,no
6513,TAIDTS,Viridiplantae,1,1,100.0,no
6514,TAIEPT,Bacillati,1,1,100.0,no
6515,TAIETV,Fungi,1,1,100.0,no
6516,SSDTT,Metazoa,1,1,100.0,no
6517,SSFETV,Viridiplantae,1,1,100.0,no
6518,SSQDAS,Fungi,1,1,100.0,no
6519,SSQDTT,Viridiplantae,1,1,100.0,no
6520,SSQETT,Metazoa,1,1,100.0,no
6521,SSSEPV,Pseudomonadati,1,1,100.0,no
6522,SSTDST,Viridiplantae,1,1,100.0,no
6523,SSYHTT,Metazoa,1,1,100.0,no
6524,AGFENI,Metazoa,1,1,100.0,no
6525,AGFEPP,Metazoa,1,1,100.0,no
6526,AGFEQT,Metazoa,1,1,100.0,no
6527,AGFESN,Metazoa,1,1,100.0,no
6528,AGFDTN,Fungi,1,1,100.0,no
6529,AGFDVI,Metazoa,1,1,100.0,no
6530,AGFEAE,Metazoa,1,1,100.0,no
6531,AGFEAM,Metazoa,1,1,100.0,no
6532,TGAEST,Bacillati,1,1,100.0,no
6533,TGDDTT,Fungi,1,1,100.0,no
6534,TGEEST,Bacillati,1,1,100.0,no
6535,TGEETV,Viridiplantae,1,1,100.0,no
6536,TGFATT,Bacillati,1,1,100.0,no
6537,TGFEPS,Metazoa,1,1,100.0,no
6538,TGFEPV,Metazoa,1,1,100.0,no
6539,TGFETI,Metazoa,1,1,100.0,no
6540,AGEDSI,Metazoa,1,1,100.0,no
6541,AGEDTI,Pseudomonadati,1,1,100.0,no
6542,AGEDTV,Pseudomonadati,1,1,100.0,no
6543,AGEENT,Viridiplantae,1,1,100.0,no
6544,AGEEPT,Bacillati,1,1,100.0,no
6545,AGEGSV,Metazoa,1,1,100.0,no
6546,TAYQTP,Bacillati,1,1,100.0,no
6547,TGADTI,Viridiplantae,1,1,100.0,no
6548,AGFDAG,Metazoa,1,1,100.0,no
6549,AGFDAS,Metazoa,1,1,100.0,no
6550,AGFDGA,Metazoa,1,1,100.0,no
6551,AGFDGS,Metazoa,1,1,100.0,no
6552,AGFDIV,Metazoa,1,1,100.0,no
6553,AGFDLT,Metazoa,1,1,100.0,no
6554,AGFDMT,Metazoa,1,1,100.0,no
6555,AGFDNI,Metazoa,1,1,100.0,no
6556,TAVDPI,Bacillati,1,1,100.0,no
6557,TAVETS,Metazoa,1,1,100.0,no
6558,TAYDTL,Metazoa,1,1,100.0,no
6559,TAYETT,Viridiplantae,1,1,100.0,no
6560,TAYHNT,Bacillati,1,1,100.0,no
6561,TAYQTI,Bacillati,1,1,100.0,no
6562,AGFATN,Fungi,1,1,100.0,no
6563,AGFDAA,Metazoa,1,1,100.0,no
6564,EGHDTG,Metazoa,1,1,100.0,no
6565,EGHDTR,Metazoa,1,1,100.0,no
6566,EGHDTX,Metazoa,1,1,100.0,no
6567,EGHETM,Metazoa,1,1,100.0,no
6568,AGCEST,Viridiplantae,1,1,100.0,no
6569,AGCQST,Viridiplantae,1,1,100.0,no
6570,AGDDSV,Fungi,1,1,100.0,no
6571,AGDDTI,Fungi,1,1,100.0,no
6572,EGYENI,Metazoa,1,1,100.0,no
6573,GGFGPT,Metazoa,1,1,100.0,no
6574,GGFGTS,Metazoa,1,1,100.0,no
6575,GGFHSP,Viridiplantae,1,1,100.0,no
6576,GGFMTT,Fungi,1,1,100.0,no
6577,GGFNTS,Metazoa,1,1,100.0,no
6578,GGFSAT,Metazoa,1,1,100.0,no
6579,GGFVTA,Metazoa,1,1,100.0,no
6580,EGSETS,Metazoa,1,1,100.0,no
6581,EGTDTA,Viridiplantae,1,1,100.0,no
6582,EGTDTS,Viridiplantae,1,1,100.0,no
6583,EGTETA,Viridiplantae,1,1,100.0,no
6584,EGTETV,Metazoa,1,1,100.0,no
6585,EGYDTM,Metazoa,1,1,100.0,no
6586,EGYDTS,Metazoa,1,1,100.0,no
6587,EGYDTV,Metazoa,1,1,100.0,no
6588,AGCEPT,Metazoa,1,1,100.0,no
6589,GGFETN,Metazoa,1,1,100.0,no
6590,EGLDSP,Fungi,1,1,100.0,no
6591,EGLDTS,Metazoa,1,1,100.0,no
6592,EGLDTT,Metazoa,1,1,100.0,no
6593,EGQDTV,Metazoa,1,1,100.0,no
6594,EGQETT,Viridiplantae,1,1,100.0,no
6595,EGRGMT,Metazoa,1,1,100.0,no
6596,AGAETP,Fungi,1,1,100.0,no
6597,AGAINT,Fungi,1,1,100.0,no
6598,AGAITA,Bacillati,1,1,100.0,no
6599,AGAITV,Fungi,1,1,100.0,no
6600,AGAKTV,Metazoa,1,1,100.0,no
6601,AGADVT,Metazoa,1,1,100.0,no
6602,AGAEAV,Bacillati,1,1,100.0,no
6603,AGAEGP,Bacillati,1,1,100.0,no
6604,AGAVTA,Fungi,1,1,100.0,no
6605,TGFVNT,Fungi,1,1,100.0,no
6606,TGGETS,Bacillati,1,1,100.0,no
6607,TGHATT,Fungi,1,1,100.0,no
6608,TGHDAL,Metazoa,1,1,100.0,no
6609,TGHDAT,Metazoa,1,1,100.0,no
6610,TGHDNV,Bacillati,1,1,100.0,no
6611,TGHDPL,Metazoa,1,1,100.0,no
6612,AGARNM,Pseudomonadati,1,1,100.0,no
6613,AGARST,Fungi,1,1,100.0,no
6614,AGASST,Viridiplantae,1,1,100.0,no
6615,AGASTA,Viridiplantae,1,1,100.0,no
6616,AGASTS,Viridiplantae,1,1,100.0,no
6617,AGASTV,Metazoa,1,1,100.0,no
6618,AGAVAT,Bacillati,1,1,100.0,no
6619,AGAVST,Fungi,1,1,100.0,no
6620,AGDENT,Fungi,1,1,100.0,no
6621,AGDETV,Viridiplantae,1,1,100.0,no
6622,AGDGTT,Viridiplantae,1,1,100.0,no
6623,AGDHTT,Bacillati,1,1,100.0,no
6624,AGEATT,Fungi,1,1,100.0,no
6625,AGAMST,Bacillati,1,1,100.0,no
6626,AGANAP,Fungi,1,1,100.0,no
6627,AGANTS,Viridiplantae,1,1,100.0,no
6628,TGKETI,Viridiplantae,1,1,100.0,no
6629,TGLDTT,Bacillati,1,1,100.0,no
6630,TGLEPI,Bacillati,1,1,100.0,no
6631,ACTDTT,Viridiplantae,1,1,100.0,no
6632,ADHDIT,Metazoa,1,1,100.0,no
6633,ADKDTT,Viridiplantae,1,1,100.0,no
6634,ADMETT,Viridiplantae,1,1,100.0,no
6635,ADQKTT,Viridiplantae,1,1,100.0,no
6636,TGIDSS,Metazoa,1,1,100.0,no
6637,TGIDTG,Viridiplantae,1,1,100.0,no
6638,TGIDTS,Viridiplantae,1,1,100.0,no
6639,TGIDTV,Bacillati,1,1,100.0,no
6640,TGIHTT,Viridiplantae,1,1,100.0,no
6641,TGINTS,Viridiplantae,1,1,100.0,no
6642,TGKDTS,Viridiplantae,1,1,100.0,no
6643,TGKETA,Viridiplantae,1,1,100.0,no
6644,TGHLTT,Metazoa,1,1,100.0,no
6645,TGHMTT,Metazoa,1,1,100.0,no
6646,TGHQTT,Pseudomonadati,1,1,100.0,no
6647,AGADPT,Metazoa,1,1,100.0,no
6648,AGADSM,Metazoa,1,1,100.0,no
6649,AGADTL,Fungi,1,1,100.0,no
6650,AGADTP,Metazoa,1,1,100.0,no
6651,TGHVSL,Metazoa,1,1,100.0,no
6652,AGAENI,Bacillati,1,1,100.0,no
6653,AGAENS,Bacillati,1,1,100.0,no
6654,AGAEPI,Metazoa,1,1,100.0,no
6655,AGAEPT,Bacillati,1,1,100.0,no
6656,TGHEAT,Fungi,1,1,100.0,no
6657,TGHEGP,Fungi,1,1,100.0,no
6658,TGHEPI,Fungi,1,1,100.0,no
6659,TGHGPT,Bacillati,1,1,100.0,no
6660,GGFEMS,Metazoa,1,1,100.0,no
6661,GGFENP,Metazoa,1,1,100.0,no
6662,GGFEPV,Metazoa,1,1,100.0,no
6663,GGFESA,Metazoa,1,1,100.0,no
6664,GGFESC,Bacillati,1,1,100.0,no
6665,GGFESI,Viridiplantae,1,1,100.0,no
6666,AEHDTT,Fungi,1,1,100.0,no
6667,AEIDTT,Viridiplantae,1,1,100.0,no
6668,FGFETC,Metazoa,1,1,100.0,no
6669,FGFETI,Metazoa,1,1,100.0,no
6670,FGHDTG,Pseudomonadati,1,1,100.0,no
6671,FGHDTT,Pseudomonadati,1,1,100.0,no
6672,FGRDTT,Viridiplantae,1,1,100.0,no
6673,FGVDST,Viridiplantae,1,1,100.0,no
6674,GAADTS,Viridiplantae,1,1,100.0,no
6675,GGFEAT,Metazoa,1,1,100.0,no
6676,ESQDTT,Fungi,1,1,100.0,no
6677,ESSDTV,Viridiplantae,1,1,100.0,no
6678,ESSETT,Metazoa,1,1,100.0,no
6679,ESTDTT,Viridiplantae,1,1,100.0,no
6680,ESVEPV,Metazoa,1,1,100.0,no
6681,ETADTA,Viridiplantae,1,1,100.0,no
6682,ETSDTI,Viridiplantae,1,1,100.0,no
6683,ETTYTT,Metazoa,1,1,100.0,no
6684,ADRDTT,Viridiplantae,1,1,100.0,no
6685,AEFDTV,Metazoa,1,1,100.0,no
6686,GGFDSA,Metazoa,1,1,100.0,no
6687,GGFDSP,Metazoa,1,1,100.0,no
6688,GGFDTP,Pseudomonadati,1,1,100.0,no
6689,ELYETS,Metazoa,1,1,100.0,no
6690,ESFDTT,Metazoa,1,1,100.0,no
6691,ESIEPV,Metazoa,1,1,100.0,no
6692,AAYLTT,Fungi,1,1,100.0,no
6693,AAYNTT,Fungi,1,1,100.0,no
6694,AAYVNV,Viridiplantae,1,1,100.0,no
6695,ACHDTT,Metazoa,1,1,100.0,no
6696,ACHETT,Bacillati,1,1,100.0,no
6697,ACKDTK,Viridiplantae,1,1,100.0,no
6698,ACQETT,Metazoa,1,1,100.0,no
6699,TGSEVV,Pseudomonadati,1,1,100.0,no
6700,TGRSTT,Fungi,1,1,100.0,no
6701,TGSDSV,Metazoa,1,1,100.0,no
6702,TGSDTI,Viridiplantae,1,1,100.0,no
6703,AAYEDA,Bacillati,1,1,100.0,no
6704,AAYEDV,Bacillati,1,1,100.0,no
6705,AAYEPI,Fungi,1,1,100.0,no
6706,AAYEST,Viridiplantae,1,1,100.0,no
6707,AAYETA,Viridiplantae,1,1,100.0,no
6708,TGQDPT,Fungi,1,1,100.0,no
6709,TGQDTI,Bacillati,1,1,100.0,no
6710,TGQEAT,Fungi,1,1,100.0,no
6711,TGQEMT,Fungi,1,1,100.0,no
6712,TGQHSS,Fungi,1,1,100.0,no
6713,TGQITV,Pseudomonadati,1,1,100.0,no
6714,TGRDSM,Viridiplantae,1,1,100.0,no
6715,TGRDTV,Viridiplantae,1,1,100.0,no
6716,AEQETT,Viridiplantae,1,1,100.0,no
6717,AESDTS,Fungi,1,1,100.0,no
6718,AESETT,Viridiplantae,1,1,100.0,no
6719,AETETT,Viridiplantae,1,1,100.0,no
6720,AFIETT,Fungi,1,1,100.0,no
6721,AFQETT,Fungi,1,1,100.0,no
6722,AFRDTI,Viridiplantae,1,1,100.0,no
6723,TGQDNT,Bacillati,1,1,100.0,no
6724,GAIATS,Viridiplantae,1,1,100.0,no
6725,GAIATV,Metazoa,1,1,100.0,no
6726,GAADTV,Metazoa,1,1,100.0,no
6727,GAAETT,Fungi,1,1,100.0,no
6728,GAFENI,Metazoa,1,1,100.0,no
6729,GAFETV,Metazoa,1,1,100.0,no
6730,GAFGTS,Metazoa,1,1,100.0,no
6731,GAGDSA,Viridiplantae,1,1,100.0,no
6732,GAKDTS,Viridiplantae,1,1,100.0,no
6733,GALDST,Fungi,1,1,100.0,no
6734,GAGETS,Viridiplantae,1,1,100.0,no
6735,GAHDTL,Metazoa,1,1,100.0,no
6736,GAHDTV,Fungi,1,1,100.0,no
6737,GAHETI,Viridiplantae,1,1,100.0,no
6738,GAHGTS,Viridiplantae,1,1,100.0,no
6739,GAHQTT,Bacillati,1,1,100.0,no
6740,AAVEPT,Fungi,1,1,100.0,no
6741,AAVESS,Bacillati,1,1,100.0,no
6742,AAVESV,Bacillati,1,1,100.0,no
6743,AAVGTS,Viridiplantae,1,1,100.0,no
6744,GAIGST,Bacillati,1,1,100.0,no
6745,GAIHSS,Viridiplantae,1,1,100.0,no
6746,GAIHST,Fungi,1,1,100.0,no
6747,GAITTV,Metazoa,1,1,100.0,no
6748,TGSGST,Viridiplantae,1,1,100.0,no
6749,TGSHTT,Fungi,1,1,100.0,no
6750,TGSLST,Metazoa,1,1,100.0,no
6751,TGSSTT,Viridiplantae,1,1,100.0,no
6752,TGTDNS,Viridiplantae,1,1,100.0,no
6753,TGTDTA,Viridiplantae,1,1,100.0,no
6754,AAVEAT,Bacillati,1,1,100.0,no
6755,AAVENT,Bacillati,1,1,100.0,no
6756,AASNTT,Viridiplantae,1,1,100.0,no
6757,AATATM,Bacillati,1,1,100.0,no
6758,AATDNS,Viridiplantae,1,1,100.0,no
6759,AATDPP,Pseudomonadati,1,1,100.0,no
6760,AATDSN,Viridiplantae,1,1,100.0,no
6761,AATDTG,Fungi,1,1,100.0,no
6762,AATDTL,Viridiplantae,1,1,100.0,no
6763,AATDTM,Viridiplantae,1,1,100.0,no
6764,AATESI,Metazoa,1,1,100.0,no
6765,AATETN,Bacillati,1,1,100.0,no
6766,TGTDTL,Viridiplantae,1,1,100.0,no
6767,TGTDTN,Viridiplantae,1,1,100.0,no
6768,TGTETM,Viridiplantae,1,1,100.0,no
6769,TGTITS,Viridiplantae,1,1,100.0,no
6770,TGVDAV,Metazoa,1,1,100.0,no
6771,AASGTT,Viridiplantae,1,1,100.0,no
6772,AATNTS,Metazoa,1,1,100.0,no
6773,AATRTT,Metazoa,1,1,100.0,no
6774,AATTTT,Bacillati,1,1,100.0,no
6775,AAVDTI,Viridiplantae,1,1,100.0,no
6776,AAVDTP,Viridiplantae,1,1,100.0,no
6777,AAVDTQ,Viridiplantae,1,1,100.0,no
6778,AATEAS,Metazoa,1,1,100.0,no
6779,AATEAT,Viridiplantae,1,1,100.0,no
6780,GGFDPV,Metazoa,1,1,100.0,no
6781,AAVHST,Fungi,1,1,100.0,no
6782,AAYDAG,Metazoa,1,1,100.0,no
6783,AAYDPS,Viridiplantae,1,1,100.0,no
6784,AAYDPV,Fungi,1,1,100.0,no
6785,AAYDST,Viridiplantae,1,1,100.0,no
6786,AATHTS,Fungi,1,1,100.0,no
6787,AATKTT,Viridiplantae,1,1,100.0,no
6788,TSINTT,Fungi,1,1,100.0,no
6789,TSQETS,Metazoa,1,1,100.0,no
6790,TSSDST,Fungi,1,1,100.0,no
6791,TSSDTT,Fungi,1,1,100.0,no
6792,TSSETT,Metazoa,1,1,100.0,no
6793,TSSNTS,Fungi,1,1,100.0,no
6794,TSTDTT,Fungi,1,1,100.0,no
6795,TSVETI,Metazoa,1,1,100.0,no
6796,TRTETM,Metazoa,1,1,100.0,no
6797,TSHDTQ,Metazoa,1,1,100.0,no
6798,TSHDTS,Viridiplantae,1,1,100.0,no
6799,TSHYTT,Metazoa,1,1,100.0,no
6800,TSIDTT,Viridiplantae,1,1,100.0,no
6801,TSIETS,Fungi,1,1,100.0,no
6802,TSIETT,Fungi,1,1,100.0,no
6803,TSIHTT,Fungi,1,1,100.0,no
6804,TGYLTT,Metazoa,1,1,100.0,no
6805,TGYNST,Fungi,1,1,100.0,no
6806,TGYQPS,Metazoa,1,1,100.0,no
6807,TGYVTT,Fungi,1,1,100.0,no
6808,AAREAS,Metazoa,1,1,100.0,no
6809,AASDAV,Metazoa,1,1,100.0,no
6810,AASDSI,Metazoa,1,1,100.0,no
6811,AASESS,Viridiplantae,1,1,100.0,no
6812,AATDTN,Viridiplantae,1,1,100.0,no
6813,TGVEST,Bacillati,1,1,100.0,no
6814,TGVITS,Metazoa,1,1,100.0,no
6815,TGYDTS,Viridiplantae,1,1,100.0,no
6816,TGYENT,Bacillati,1,1,100.0,no
6817,TGYETL,Pseudomonadati,1,1,100.0,no
6818,TGYETS,Metazoa,1,1,100.0,no
6819,TGYITT,Fungi,1,1,100.0,no
6820,GAIDTV,Metazoa,1,1,100.0,no
6821,GAIEAT,Viridiplantae,1,1,100.0,no
6822,GAIETA,Viridiplantae,1,1,100.0,no
6823,TTMDTS,Viridiplantae,1,1,100.0,no
6824,VAFDTI,Fungi,1,1,100.0,no
6825,VAFDTT,Metazoa,1,1,100.0,no
6826,VAFETT,Viridiplantae,1,1,100.0,no
6827,VAGDTT,Viridiplantae,1,1,100.0,no
6828,GGDDTV,Pseudomonadati,1,1,100.0,no
6829,GGDQTT,Bacillati,1,1,100.0,no
6830,GGEDTN,Fungi,1,1,100.0,no
6831,GGEDTV,Fungi,1,1,100.0,no
6832,GGEEST,Bacillati,1,1,100.0,no
6833,GGENTA,Fungi,1,1,100.0,no
6834,GGFDIL,Metazoa,1,1,100.0,no
6835,GGFDIT,Metazoa,1,1,100.0,no
6836,GALSTV,Metazoa,1,1,100.0,no
6837,GAMDST,Viridiplantae,1,1,100.0,no
6838,GAMGTV,Metazoa,1,1,100.0,no
6839,GANDTL,Metazoa,1,1,100.0,no
6840,GANDTM,Metazoa,1,1,100.0,no
6841,GANETS,Fungi,1,1,100.0,no
6842,GGAYQM,Fungi,1,1,100.0,no
6843,GGCDTT,Fungi,1,1,100.0,yes
6844,TSYDST,Metazoa,1,1,100.0,no
6845,TSYETT,Fungi,1,1,100.0,no
6846,TSYETV,Pseudomonadati,1,1,100.0,no
6847,GGASTT,Viridiplantae,1,1,100.0,no
6848,GGATTT,Viridiplantae,1,1,100.0,no
6849,GALDTC,Viridiplantae,1,1,100.0,no
6850,GALENI,Fungi,1,1,100.0,no
6851,GALETV,Bacillati,1,1,100.0,no
6852,AANHNT,Fungi,1,1,100.0,no
6853,AANHTT,Pseudomonadati,1,1,100.0,no
6854,AANSTL,Fungi,1,1,100.0,no
6855,AAPETT,Bacillati,1,1,100.0,no
6856,AAQATT,Metazoa,1,1,100.0,no
6857,AAQDKT,Viridiplantae,1,1,100.0,no
6858,AAQDST,Bacillati,1,1,100.0,no
6859,AAQDTV,Metazoa,1,1,100.0,no
6860,AARDNI,Fungi,1,1,100.0,no
6861,AARDNS,Fungi,1,1,100.0,no
6862,AARDNV,Pseudomonadati,1,1,100.0,no
6863,AARDSA,Fungi,1,1,100.0,no
6864,AARDSS,Fungi,1,1,100.0,no
6865,AARDSV,Fungi,1,1,100.0,no
6866,AARDTA,Viridiplantae,1,1,100.0,no
6867,AARDTR,Fungi,1,1,100.0,no
6868,VANDTT,Metazoa,1,1,100.0,no
6869,VARDTT,Viridiplantae,1,1,100.0,no
6870,VASHTT,Fungi,1,1,100.0,no
6871,VGADTT,Metazoa,1,1,100.0,no
6872,VGADTV,Fungi,1,1,100.0,no
6873,VGAEPV,Metazoa,1,1,100.0,no
6874,VGAETS,Metazoa,1,1,100.0,no
6875,AAQSTT,Metazoa,1,1,100.0,no
6876,VAHDTT,Metazoa,1,1,100.0,no
6877,VAHETT,Metazoa,1,1,100.0,no
6878,VAIDTS,Viridiplantae,1,1,100.0,no
6879,VAIETV,Fungi,1,1,100.0,no
6880,VAIHTA,Fungi,1,1,100.0,no
6881,VAIHTS,Fungi,1,1,100.0,no
6882,VAKDTT,Viridiplantae,1,1,100.0,no
6883,VALNTT,Fungi,1,1,100.0,no
6884,AAMDTA,Viridiplantae,1,1,100.0,no
6885,AAMDTI,Fungi,1,1,100.0,no
6886,VGHEAL,Bacillati,1,1,100.0,no
6887,VGHEAT,Fungi,1,1,100.0,no
6888,VGHENT,Bacillati,1,1,100.0,no
6889,VGHESG,Metazoa,1,1,100.0,no
6890,VGHETA,Pseudomonadati,1,1,100.0,no
6891,VGHHTT,Metazoa,1,1,100.0,no
6892,AALEST,Pseudomonadati,1,1,100.0,no
6893,AALGST,Pseudomonadati,1,1,100.0,no
6894,AALHST,Fungi,1,1,100.0,no
6895,AALITT,Metazoa,1,1,100.0,no
6896,AALLNT,Viridiplantae,1,1,100.0,no
6897,AAMDIT,Viridiplantae,1,1,100.0,no
6898,AAMDMT,Fungi,1,1,100.0,no
6899,AAMDPS,Viridiplantae,1,1,100.0,no
6900,VGCETS,Metazoa,1,1,100.0,no
6901,VGFDNV,Viridiplantae,1,1,100.0,no
6902,VGFEIM,Metazoa,1,1,100.0,no
6903,VGFETM,Metazoa,1,1,100.0,no
6904,VGHATV,Fungi,1,1,100.0,no
6905,VGHDPT,Fungi,1,1,100.0,no
6906,VGHDSA,Fungi,1,1,100.0,no
6907,VGHDSL,Fungi,1,1,100.0,no
6908,AAQENS,Fungi,1,1,100.0,no
6909,AAQETN,Viridiplantae,1,1,100.0,no
6910,AAMHSS,Fungi,1,1,100.0,no
6911,AAMNTS,Fungi,1,1,100.0,no
6912,AANDTM,Viridiplantae,1,1,100.0,no
6913,AANDTY,Viridiplantae,1,1,100.0,no
6914,AANEAI,Viridiplantae,1,1,100.0,no
6915,AANEAT,Viridiplantae,1,1,100.0,no
6916,VGLETI,Metazoa,1,1,100.0,no
6917,VGLVTT,Metazoa,1,1,100.0,no
6918,VGMDTT,Viridiplantae,1,1,100.0,no
6919,VGNDGT,Metazoa,1,1,100.0,no
6920,VGNDTS,Viridiplantae,1,1,100.0,no
6921,AAIEAS,Viridiplantae,1,1,100.0,no
6922,AAIEPA,Pseudomonadati,1,1,100.0,no
6923,AAIETI,Viridiplantae,1,1,100.0,no
6924,VGIDTS,Viridiplantae,1,1,100.0,no
6925,VGIEMT,Metazoa,1,1,100.0,no
6926,VGKDMT,Viridiplantae,1,1,100.0,no
6927,VGKDST,Viridiplantae,1,1,100.0,no
6928,VGKETI,Viridiplantae,1,1,100.0,no
6929,VGKETS,Viridiplantae,1,1,100.0,no
6930,VGLDTS,Metazoa,1,1,100.0,no
6931,VGLEAT,Metazoa,1,1,100.0,no
6932,AAKDPP,Fungi,1,1,100.0,no
6933,AAKDPT,Fungi,1,1,100.0,no
6934,AAKDSA,Fungi,1,1,100.0,no
6935,AALDPP,Fungi,1,1,100.0,no
6936,AALDSS,Viridiplantae,1,1,100.0,no
6937,AALDTA,Metazoa,1,1,100.0,no
6938,AALDTP,Viridiplantae,1,1,100.0,no
6939,VGHVSI,Viridiplantae,1,1,100.0,no
6940,VGHMST,Bacillati,1,1,100.0,no
6941,VGHNTI,Viridiplantae,1,1,100.0,no
6942,VGHNTM,Metazoa,1,1,100.0,no
6943,VGHNTT,Metazoa,1,1,100.0,no
6944,VGHQST,Bacillati,1,1,100.0,no
6945,AAISTT,Fungi,1,1,100.0,no
6946,AAIYTS,Fungi,1,1,100.0,no
6947,AAIYTT,Fungi,1,1,100.0,no
6948,GGAHSS,Metazoa,1,1,100.0,no
6949,GGAKTA,Viridiplantae,1,1,100.0,no
6950,AAIGTT,Fungi,1,1,100.0,no
6951,AAIHNS,Fungi,1,1,100.0,no
6952,AAIHTA,Fungi,1,1,100.0,no
6953,AAIKTT,Viridiplantae,1,1,100.0,no
6954,AAINTT,Fungi,1,1,100.0,no
6955,AAIPNT,Fungi,1,1,100.0,no
6956,GASDSS,Viridiplantae,1,1,100.0,no
6957,GASDST,Viridiplantae,1,1,100.0,no
6958,GASDTA,Viridiplantae,1,1,100.0,no
6959,GGAEAS,Metazoa,1,1,100.0,no
6960,GGAEPV,Metazoa,1,1,100.0,no
6961,GGAETM,Fungi,1,1,100.0,no
6962,GGAFTT,Fungi,1,1,100.0,no
6963,GGAGTT,Pseudomonadati,1,1,100.0,no
6964,GATENS,Viridiplantae,1,1,100.0,no
6965,GANVNT,Bacillati,1,1,100.0,no
6966,GAQDNI,Pseudomonadati,1,1,100.0,no
6967,GAQDNT,Bacillati,1,1,100.0,no
6968,GAQDNV,Pseudomonadati,1,1,100.0,no
6969,GARDST,Fungi,1,1,100.0,no
6970,GARETT,Viridiplantae,1,1,100.0,no
6971,GASATT,Fungi,1,1,100.0,no
6972,GGADPM,Bacillati,1,1,100.0,no
6973,GGADSS,Metazoa,1,1,100.0,no
6974,GASESS,Viridiplantae,1,1,100.0,no
6975,GASHST,Viridiplantae,1,1,100.0,no
6976,GASTTT,Bacillati,1,1,100.0,no
6977,GATATT,Viridiplantae,1,1,100.0,no
6978,GATDNT,Viridiplantae,1,1,100.0,no
6979,GATDPT,Fungi,1,1,100.0,no
6980,VGYETA,Metazoa,1,1,100.0,no
6981,VGYETM,Fungi,1,1,100.0,no
6982,AACETT,Metazoa,1,1,100.0,no
6983,VGYKNT,Metazoa,1,1,100.0,no
6984,AACDTS,Viridiplantae,1,1,100.0,no
6985,XGHDTT,Viridiplantae,1,1,100.0,no
6986,XGTDTV,Metazoa,1,1,100.0,no
6987,AADDTY,Viridiplantae,1,1,100.0,no
6988,VGSENV,Bacillati,1,1,100.0,no
6989,VGSEST,Fungi,1,1,100.0,no
6990,VGSKTT,Viridiplantae,1,1,100.0,no
6991,VGSNTS,Viridiplantae,1,1,100.0,no
6992,VGTDNS,Viridiplantae,1,1,100.0,no
6993,VGTDTA,Viridiplantae,1,1,100.0,no
6994,VGTDTL,Viridiplantae,1,1,100.0,no
6995,VGTDTN,Viridiplantae,1,1,100.0,no
6996,AAHETM,Metazoa,1,1,100.0,no
6997,AAHETV,Pseudomonadati,1,1,100.0,no
6998,AAGHNT,Viridiplantae,1,1,100.0,no
6999,AAHATV,Viridiplantae,1,1,100.0,no
7000,AAHDAV,Pseudomonadati,1,1,100.0,no
7001,AAHDNV,Metazoa,1,1,100.0,no
7002,AAHDSA,Fungi,1,1,100.0,no
7003,AAHDTM,Viridiplantae,1,1,100.0,no
7004,GFTETT,Metazoa,1,1,100.0,no
7005,GFYDTI,Metazoa,1,1,100.0,no
7006,GFYETV,Metazoa,1,1,100.0,no
7007,VGSDSI,Fungi,1,1,100.0,no
7008,VGSDST,Fungi,1,1,100.0,no
7009,AAHEGV,Bacillati,1,1,100.0,no
7010,AAHENP,Bacillati,1,1,100.0,no
7011,AAHETF,Fungi,1,1,100.0,no
7012,VGTETA,Viridiplantae,1,1,100.0,no
7013,AAFEVT,Viridiplantae,1,1,100.0,no
7014,AAFGTI,Metazoa,1,1,100.0,no
7015,AAFGTV,Metazoa,1,1,100.0,no
7016,AAGDAS,Bacillati,1,1,100.0,no
7017,AAFDNT,Viridiplantae,1,1,100.0,no
7018,AAFDPT,Metazoa,1,1,100.0,no
7019,AAFEAI,Viridiplantae,1,1,100.0,no
7020,VTTDTS,Viridiplantae,1,1,100.0,no
7021,VTTETT,Viridiplantae,1,1,100.0,no
7022,WGIETT,Metazoa,1,1,100.0,no
7023,XATDTS,Viridiplantae,1,1,100.0,no
7024,XGFDTI,Metazoa,1,1,100.0,no
7025,GAVEST,Fungi,1,1,100.0,no
7026,GAVETS,Fungi,1,1,100.0,no
7027,VGTEAS,Bacillati,1,1,100.0,no
7028,VSAHTT,Fungi,1,1,100.0,no
7029,VSFDTT,Metazoa,1,1,100.0,no
7030,VSHESG,Metazoa,1,1,100.0,no
7031,VSIETT,Fungi,1,1,100.0,no
7032,VSMDTT,Metazoa,1,1,100.0,no
7033,VSSETA,Viridiplantae,1,1,100.0,no
7034,VSYDSI,Viridiplantae,1,1,100.0,no
7035,VTQGNA,Metazoa,1,1,100.0,no
7036,AADLTT,Metazoa,1,1,100.0,no
7037,AAEDST,Viridiplantae,1,1,100.0,no
7038,AAEDTI,Metazoa,1,1,100.0,no
7039,AAEETT,Bacillati,1,1,100.0,no
7040,VGYLTT,Metazoa,1,1,100.0,no
7041,VGYPTT,Bacillati,1,1,100.0,no
7042,VGYVST,Metazoa,1,1,100.0,no
7043,VRHDTT,Viridiplantae,1,1,100.0,no
