,consensus,kingdom,count,total_count
0,AAADST,Metazoa,3,3
1,AAADTM,Metazoa,2,2
2,AAADTS,Metazoa,1,3
3,AAADTS,Viridiplantae,2,3
4,AAADTT,Fungi,60,134
5,AAADTT,Metazoa,47,134
6,AAADTT,Pseudomonadati,1,134
7,AAADTT,Viridiplantae,22,134
8,AAADTV,Viridiplantae,4,4
9,AAAENV,Bacillati,10,10
10,AAAETT,Bacillati,1,13
11,AAAETT,Fungi,4,13
12,AAAETT,Pseudomonadati,1,13
13,AAAETT,Viridiplantae,5,13
14,AAAKTT,Viridiplantae,5,5
15,AACDTS,Viridiplantae,1,1
16,AACDTT,Fungi,1,4
17,AACDTT,Metazoa,2,4
18,AACETT,Metazoa,1,1
19,AADDTT,Fungi,4,4
20,AADDTY,Viridiplantae,1,1
21,AADLTT,Metazoa,1,1
22,AAEATT,Fungi,2,2
23,AAEDST,Viridiplantae,1,1
24,AAEDTI,Metazoa,1,1
25,AAEDTT,Fungi,2,55
26,AAEDTT,Pseudomonadati,1,55
27,AAEDTT,Viridiplantae,52,55
28,AAEDTV,Fungi,9,9
29,AAEETT,Bacillati,1,1
30,AAFATT,Metazoa,183,186
31,AAFATT,Pseudomonadati,3,186
32,AAFDNN,Metazoa,2,2
33,AAFDNP,Viridiplantae,7,7
34,AAFDNT,Viridiplantae,1,1
35,AAFDNV,Metazoa,8,8
36,AAFDPT,Metazoa,1,1
37,AAFDQM,Metazoa,2,2
38,AAFDSS,Metazoa,2,2
39,AAFDTA,Fungi,1,5
40,AAFDTA,Pseudomonadati,1,5
41,AAFDTA,Viridiplantae,3,5
42,AAFDTI,Viridiplantae,1,2
43,AAFDTS,Metazoa,7,48
44,AAFDTS,Viridiplantae,41,48
45,AAFDTT,Bacillati,12,76
46,AAFDTT,Fungi,6,76
47,AAFDTT,Metazoa,18,76
48,AAFDTT,Pseudomonadati,27,76
49,AAFDTT,Viridiplantae,4,76
50,AAFDTV,Metazoa,21,21
51,AAFEAI,Viridiplantae,1,1
52,AAFEAL,Viridiplantae,4,4
53,AAFEAT,Viridiplantae,2,2
54,AAFEGI,Metazoa,1,1
55,AAFEGT,Metazoa,1,1
56,AAFENN,Metazoa,44,44
57,AAFEPV,Fungi,2,2
58,AAFESV,Viridiplantae,22,22
59,AAFETI,Metazoa,1,2
60,AAFETI,Viridiplantae,1,2
61,AAFETL,Metazoa,3,3
62,AAFETN,Metazoa,3,3
63,AAFETP,Metazoa,1,1
64,AAFETS,Fungi,3,15
65,AAFETS,Metazoa,9,15
66,AAFETS,Pseudomonadati,1,15
67,AAFETS,Viridiplantae,2,15
68,AAFETT,Bacillati,3,52
69,AAFETT,Fungi,6,52
70,AAFETT,Metazoa,32,52
71,AAFETT,Pseudomonadati,2,52
72,AAFETT,Viridiplantae,9,52
73,AAFETV,Fungi,2,3
74,AAFETV,Metazoa,1,3
75,AAFEVT,Viridiplantae,1,1
76,AAFFTT,Metazoa,237,237
77,AAFGTI,Metazoa,1,1
78,AAFGTT,Metazoa,4,4
79,AAFGTV,Metazoa,1,1
80,AAFHTT,Fungi,1,2
81,AAFHTT,Metazoa,1,2
82,AAFLTT,Metazoa,30,30
83,AAFQTT,Metazoa,2,2
84,AAFSTT,Metazoa,7,7
85,AAGDAS,Bacillati,1,1
86,AAGDTI,Fungi,3,4
87,AAGDTI,Metazoa,1,4
88,AAGDTS,Fungi,1,9
89,AAGDTS,Metazoa,7,9
90,AAGDTS,Viridiplantae,1,9
91,AAGDTT,Fungi,7,236
92,AAGDTT,Metazoa,228,236
93,AAGDTT,Viridiplantae,1,236
94,AAGETQ,Fungi,4,4
95,AAGETT,Bacillati,3,19
96,AAGETT,Fungi,5,19
97,AAGETT,Pseudomonadati,10,19
98,AAGHNT,Viridiplantae,1,1
99,AAGTTT,Bacillati,3,4
100,AAGTTT,Pseudomonadati,1,4
101,AAHATT,Bacillati,1,4
102,AAHATT,Metazoa,3,4
103,AAHATV,Viridiplantae,1,1
104,AAHDAT,Bacillati,2,3
105,AAHDAT,Viridiplantae,1,3
106,AAHDAV,Pseudomonadati,1,1
107,AAHDGL,Metazoa,2,2
108,AAHDNV,Metazoa,1,1
109,AAHDSA,Fungi,1,1
110,AAHDSS,Fungi,2,2
111,AAHDST,Bacillati,2,9
112,AAHDST,Fungi,7,9
113,AAHDTA,Bacillati,28,30
114,AAHDTA,Fungi,1,30
115,AAHDTA,Viridiplantae,1,30
116,AAHDTI,Pseudomonadati,262,268
117,AAHDTI,Viridiplantae,4,268
118,AAHDTL,Pseudomonadati,160,161
119,AAHDTM,Viridiplantae,1,1
120,AAHDTN,Pseudomonadati,2,2
121,AAHDTS,Bacillati,991,1054
122,AAHDTS,Fungi,3,1054
123,AAHDTS,Metazoa,2,1054
124,AAHDTS,Pseudomonadati,44,1054
125,AAHDTS,Viridiplantae,8,1054
126,AAHDTT,Bacillati,329,1215
127,AAHDTT,Fungi,46,1215
128,AAHDTT,Metazoa,5,1215
129,AAHDTT,Pseudomonadati,248,1215
130,AAHDTT,Thermotogati,25,1215
131,AAHDTT,Viridiplantae,554,1215
132,AAHDTV,Bacillati,1,7
133,AAHDTV,Fungi,4,7
134,AAHDTV,Metazoa,1,7
135,AAHDTV,Pseudomonadati,1,7
136,AAHEAT,Pseudomonadati,1,2
137,AAHEAT,Viridiplantae,1,2
138,AAHEGV,Bacillati,1,1
139,AAHENP,Bacillati,1,1
140,AAHEST,Bacillati,18,35
141,AAHEST,Fungi,7,35
142,AAHEST,Pseudomonadati,10,35
143,AAHETA,Bacillati,2,2
144,AAHETF,Fungi,1,1
145,AAHETM,Metazoa,1,1
146,AAHETN,Pseudomonadati,1,2
147,AAHETS,Bacillati,12,64
148,AAHETS,Fungi,49,64
149,AAHETS,Metazoa,1,64
150,AAHETS,Pseudomonadati,2,64
151,AAHETT,Bacillati,90,600
152,AAHETT,Fungi,17,600
153,AAHETT,Metazoa,5,600
154,AAHETT,Methanobacteriati,1,600
155,AAHETT,Pseudomonadati,455,600
156,AAHETT,Viridiplantae,31,600
157,AAHETV,Pseudomonadati,1,1
158,AAHFTT,Bacillati,4,4
159,AAHGTT,Bacillati,6,10
160,AAHGTT,Viridiplantae,4,10
161,AAHHTT,Bacillati,121,123
162,AAHHTT,Fungi,2,123
163,AAHLTS,Pseudomonadati,14,14
164,AAHLTT,Metazoa,4,32
165,AAHLTT,Pseudomonadati,28,32
166,AAHMTS,Pseudomonadati,3,3
167,AAHMTT,Pseudomonadati,11,11
168,AAHNTT,Viridiplantae,1,1
169,AAHQPT,Pseudomonadati,1,1
170,AAHQTT,Fungi,2,3
171,AAHQTT,Pseudomonadati,1,3
172,AAHSAI,Pseudomonadati,1,1
173,AAHSTI,Metazoa,1,1
174,AAHSTT,Metazoa,187,187
175,AAHTNT,Fungi,5,5
176,AAHVTT,Pseudomonadati,2,2
177,AAHYTT,Metazoa,1,1
178,AAIDNP,Viridiplantae,100,100
179,AAIDNS,Viridiplantae,5,5
180,AAIDNT,Metazoa,2,9
181,AAIDNT,Viridiplantae,7,9
182,AAIDPT,Viridiplantae,1,1
183,AAIDSS,Fungi,1,1
184,AAIDST,Fungi,1,4
185,AAIDST,Metazoa,2,4
186,AAIDST,Viridiplantae,1,4
187,AAIDTA,Fungi,1,2
188,AAIDTA,Viridiplantae,1,2
189,AAIDTS,Fungi,2,40
190,AAIDTS,Viridiplantae,38,40
191,AAIDTT,Bacillati,2,95
192,AAIDTT,Fungi,7,95
193,AAIDTT,Metazoa,67,95
194,AAIDTT,Pseudomonadati,3,95
195,AAIDTT,Viridiplantae,16,95
196,AAIDTV,Fungi,3,5
197,AAIDTV,Viridiplantae,2,5
198,AAIEAS,Viridiplantae,1,1
199,AAIEAT,Viridiplantae,2,2
200,AAIEPA,Pseudomonadati,1,1
201,AAIETI,Viridiplantae,1,1
202,AAIETS,Fungi,3,5
203,AAIETS,Metazoa,2,5
204,AAIETT,Bacillati,14,795
205,AAIETT,Metazoa,15,795
206,AAIETT,Viridiplantae,766,795
207,AAIETV,Fungi,42,44
208,AAIETV,Viridiplantae,2,44
209,AAIGTS,Fungi,1,5
210,AAIGTS,Metazoa,1,5
211,AAIGTS,Viridiplantae,3,5
212,AAIGTT,Fungi,1,1
213,AAIHNS,Fungi,1,1
214,AAIHSS,Fungi,7,7
215,AAIHST,Fungi,3,3
216,AAIHTA,Fungi,1,1
217,AAIHTS,Fungi,123,123
218,AAIHTT,Fungi,275,278
219,AAIHTT,Viridiplantae,2,278
220,AAIKTT,Viridiplantae,1,1
221,AAINTS,Fungi,2,2
222,AAINTT,Fungi,1,1
223,AAIPNT,Fungi,1,1
224,AAISTT,Fungi,1,1
225,AAIYTS,Fungi,1,1
226,AAIYTT,Fungi,1,1
227,AAKDLI,Viridiplantae,15,15
228,AAKDLT,Viridiplantae,4,4
229,AAKDLV,Viridiplantae,6,6
230,AAKDNT,Fungi,2,2
231,AAKDPP,Fungi,1,1
232,AAKDPS,Fungi,2,2
233,AAKDPT,Fungi,1,1
234,AAKDSA,Fungi,1,1
235,AAKDST,Viridiplantae,11,11
236,AAKDTT,Viridiplantae,27,29
237,AAKETS,Viridiplantae,3,3
238,AAKETT,Viridiplantae,32,32
239,AAKYST,Viridiplantae,2,2
240,AALDNN,Metazoa,2,2
241,AALDPP,Fungi,1,1
242,AALDSS,Viridiplantae,1,1
243,AALDST,Bacillati,1,2
244,AALDST,Viridiplantae,1,2
245,AALDTA,Metazoa,1,1
246,AALDTP,Viridiplantae,1,1
247,AALDTS,Bacillati,3,36
248,AALDTS,Fungi,1,36
249,AALDTS,Metazoa,1,36
250,AALDTS,Viridiplantae,31,36
251,AALDTT,Bacillati,14,71
252,AALDTT,Fungi,8,71
253,AALDTT,Metazoa,23,71
254,AALDTT,Viridiplantae,26,71
255,AALEPL,Metazoa,4,4
256,AALEST,Pseudomonadati,1,1
257,AALETS,Fungi,4,9
258,AALETS,Metazoa,1,9
259,AALETS,Viridiplantae,4,9
260,AALETT,Bacillati,21,37
261,AALETT,Fungi,15,37
262,AALETT,Pseudomonadati,1,37
263,AALGST,Pseudomonadati,1,1
264,AALGTT,Metazoa,1,3
265,AALGTT,Pseudomonadati,2,3
266,AALHST,Fungi,1,1
267,AALHTS,Fungi,6,6
268,AALHTT,Fungi,10,10
269,AALITT,Metazoa,1,1
270,AALLNT,Viridiplantae,1,1
271,AALMTT,Metazoa,4,4
272,AAMDIT,Viridiplantae,1,1
273,AAMDMT,Fungi,1,1
274,AAMDNP,Viridiplantae,16,16
275,AAMDPS,Viridiplantae,1,1
276,AAMDSS,Viridiplantae,3,3
277,AAMDST,Fungi,5,5
278,AAMDTA,Viridiplantae,1,1
279,AAMDTI,Fungi,1,1
280,AAMDTN,Fungi,1,2
281,AAMDTN,Viridiplantae,1,2
282,AAMDTS,Fungi,4,62
283,AAMDTS,Metazoa,6,62
284,AAMDTS,Viridiplantae,52,62
285,AAMDTT,Bacillati,2,498
286,AAMDTT,Fungi,472,498
287,AAMDTT,Metazoa,1,498
288,AAMDTT,Viridiplantae,23,498
289,AAMDTV,Fungi,2,3
290,AAMDTV,Viridiplantae,1,3
291,AAMETS,Fungi,4,5
292,AAMETS,Viridiplantae,1,5
293,AAMETT,Fungi,8,11
294,AAMETT,Metazoa,1,11
295,AAMETT,Viridiplantae,2,11
296,AAMGTS,Viridiplantae,10,10
297,AAMGTT,Fungi,2,2
298,AAMHSS,Fungi,1,1
299,AAMHTS,Fungi,4,4
300,AAMHTT,Fungi,9,9
301,AAMNTS,Fungi,1,1
302,AANDTM,Viridiplantae,1,1
303,AANDTS,Metazoa,5,7
304,AANDTS,Viridiplantae,2,7
305,AANDTT,Bacillati,35,59
306,AANDTT,Fungi,7,59
307,AANDTT,Metazoa,15,59
308,AANDTT,Viridiplantae,2,59
309,AANDTV,Viridiplantae,7,7
310,AANDTY,Viridiplantae,1,1
311,AANEAI,Viridiplantae,1,1
312,AANEAT,Viridiplantae,1,1
313,AANESS,Bacillati,2,4
314,AANESS,Metazoa,2,4
315,AANEST,Bacillati,6,6
316,AANETS,Fungi,7,10
317,AANETS,Metazoa,1,10
318,AANETS,Viridiplantae,2,10
319,AANETT,Viridiplantae,2,2
320,AANHNT,Fungi,1,1
321,AANHTC,Viridiplantae,2,2
322,AANHTT,Pseudomonadati,1,1
323,AANSTL,Fungi,1,1
324,AAPDTM,Metazoa,10,10
325,AAPETT,Bacillati,1,1
326,AAQATT,Metazoa,1,1
327,AAQATV,Fungi,7,7
328,AAQDAS,Bacillati,7,133
329,AAQDAS,Fungi,13,133
330,AAQDAS,Metazoa,28,133
331,AAQDAS,Viridiplantae,85,133
332,AAQDKT,Viridiplantae,1,1
333,AAQDST,Bacillati,1,1
334,AAQDTA,Viridiplantae,5,5
335,AAQDTI,Metazoa,4,4
336,AAQDTS,Metazoa,8,8
337,AAQDTT,Bacillati,3,884
338,AAQDTT,Fungi,15,884
339,AAQDTT,Metazoa,9,884
340,AAQDTT,Pseudomonadati,8,884
341,AAQDTT,Viridiplantae,846,884
342,AAQDTV,Metazoa,1,1
343,AAQENS,Fungi,1,1
344,AAQETA,Fungi,2,2
345,AAQETN,Viridiplantae,1,1
346,AAQETS,Bacillati,5,9
347,AAQETS,Fungi,4,9
348,AAQETT,Bacillati,4,20
349,AAQETT,Fungi,6,20
350,AAQETT,Metazoa,3,20
351,AAQETT,Pseudomonadati,3,20
352,AAQETT,Viridiplantae,4,20
353,AAQETV,Viridiplantae,10,10
354,AAQGTT,Bacillati,1,3
355,AAQGTT,Fungi,2,3
356,AAQHTT,Bacillati,1,12
357,AAQHTT,Viridiplantae,11,12
358,AAQMTV,Fungi,3,3
359,AAQSTT,Metazoa,1,1
360,AAQSTV,Fungi,9,9
361,AAQTTV,Fungi,16,16
362,AARDAT,Fungi,3,3
363,AARDNI,Fungi,1,1
364,AARDNS,Fungi,1,1
365,AARDNV,Pseudomonadati,1,1
366,AARDSA,Fungi,1,1
367,AARDSN,Fungi,3,3
368,AARDSS,Fungi,1,1
369,AARDST,Fungi,7,8
370,AARDST,Viridiplantae,1,8
371,AARDSV,Fungi,1,1
372,AARDTA,Viridiplantae,1,1
373,AARDTI,Viridiplantae,32,32
374,AARDTL,Fungi,1,5
375,AARDTL,Viridiplantae,4,5
376,AARDTM,Fungi,5,5
377,AARDTR,Fungi,1,1
378,AARDTS,Bacillati,1,22
379,AARDTS,Fungi,9,22
380,AARDTS,Viridiplantae,12,22
381,AARDTT,Bacillati,1,1152
382,AARDTT,Fungi,420,1152
383,AARDTT,Viridiplantae,715,1152
384,AARDTV,Fungi,1,39
385,AARDTV,Viridiplantae,38,39
386,AAREAS,Metazoa,1,1
387,AARETT,Bacillati,10,14
388,AARETT,Fungi,1,14
389,AARETT,Viridiplantae,3,14
390,AASDAV,Metazoa,1,1
391,AASDSI,Metazoa,1,1
392,AASDSM,Viridiplantae,2,2
393,AASDST,Viridiplantae,4,4
394,AASDTI,Fungi,2,4
395,AASDTI,Metazoa,2,4
396,AASDTM,Viridiplantae,2,2
397,AASDTS,Fungi,2,49
398,AASDTS,Metazoa,1,49
399,AASDTS,Viridiplantae,46,49
400,AASDTT,Fungi,99,266
401,AASDTT,Metazoa,15,266
402,AASDTT,Viridiplantae,151,266
403,AASDTV,Fungi,6,7
404,AASDTV,Metazoa,1,7
405,AASEGT,Viridiplantae,10,10
406,AASESS,Viridiplantae,1,1
407,AASEST,Bacillati,2,3
408,AASEST,Viridiplantae,1,3
409,AASETP,Fungi,2,2
410,AASETS,Bacillati,3,50
411,AASETS,Viridiplantae,46,50
412,AASETT,Bacillati,2,63
413,AASETT,Fungi,35,63
414,AASETT,Metazoa,3,63
415,AASETT,Pseudomonadati,1,63
416,AASETT,Viridiplantae,21,63
417,AASGTT,Viridiplantae,1,1
418,AASHTS,Fungi,2,2
419,AASHTT,Fungi,1,4
420,AASHTT,Viridiplantae,3,4
421,AASNTS,Viridiplantae,6,6
422,AASNTT,Viridiplantae,1,1
423,AATATM,Bacillati,1,1
424,AATATT,Viridiplantae,2,2
425,AATDAT,Fungi,1,2
426,AATDAT,Viridiplantae,1,2
427,AATDNP,Viridiplantae,5,5
428,AATDNS,Viridiplantae,1,1
429,AATDNT,Bacillati,2,2
430,AATDPP,Pseudomonadati,1,1
431,AATDPT,Viridiplantae,36,36
432,AATDSN,Viridiplantae,1,1
433,AATDSS,Viridiplantae,6,6
434,AATDST,Bacillati,2,45
435,AATDST,Fungi,9,45
436,AATDST,Metazoa,1,45
437,AATDST,Viridiplantae,32,45
438,AATDSV,Bacillati,1,2
439,AATDSV,Fungi,1,2
440,AATDTA,Fungi,1,15
441,AATDTA,Viridiplantae,14,15
442,AATDTG,Fungi,1,1
443,AATDTI,Fungi,1,16
444,AATDTI,Viridiplantae,15,16
445,AATDTL,Viridiplantae,1,1
446,AATDTM,Viridiplantae,1,1
447,AATDTN,Viridiplantae,1,1
448,AATDTS,Bacillati,5,396
449,AATDTS,Fungi,10,396
450,AATDTS,Metazoa,24,396
451,AATDTS,Viridiplantae,356,396
452,AATDTT,Bacillati,12,990
453,AATDTT,Fungi,376,990
454,AATDTT,Metazoa,48,990
455,AATDTT,Pseudomonadati,1,990
456,AATDTT,Viridiplantae,550,990
457,AATDTV,Fungi,6,13
458,AATDTV,Metazoa,2,13
459,AATDTV,Viridiplantae,5,13
460,AATEAS,Metazoa,1,1
461,AATEAT,Viridiplantae,1,1
462,AATEPA,Bacillati,18,18
463,AATEPT,Metazoa,1,2
464,AATEPT,Pseudomonadati,1,2
465,AATEPV,Bacillati,6,9
466,AATEPV,Metazoa,3,9
467,AATESI,Metazoa,1,1
468,AATEST,Fungi,5,11
469,AATEST,Metazoa,4,11
470,AATEST,Viridiplantae,2,11
471,AATETA,Viridiplantae,6,6
472,AATETM,Metazoa,2,2
473,AATETN,Bacillati,1,1
474,AATETS,Bacillati,8,55
475,AATETS,Fungi,4,55
476,AATETS,Metazoa,2,55
477,AATETS,Pseudomonadati,1,55
478,AATETS,Viridiplantae,40,55
479,AATETT,Bacillati,9,248
480,AATETT,Fungi,98,248
481,AATETT,Metazoa,39,248
482,AATETT,Pseudomonadati,1,248
483,AATETT,Viridiplantae,98,248
484,AATETV,Bacillati,1,63
485,AATETV,Fungi,62,63
486,AATGTS,Viridiplantae,5,5
487,AATGTT,Bacillati,3,3
488,AATHST,Viridiplantae,5,5
489,AATHTS,Fungi,1,1
490,AATHTT,Fungi,7,12
491,AATHTT,Viridiplantae,5,12
492,AATKTT,Viridiplantae,1,1
493,AATNTS,Metazoa,1,1
494,AATQTS,Viridiplantae,1,2
495,AATQTT,Metazoa,1,8
496,AATQTT,Viridiplantae,1,8
497,AATRTT,Metazoa,1,1
498,AATTTT,Bacillati,1,1
499,AATVTT,Bacillati,13,17
500,AATVTT,Metazoa,4,17
501,AAVDNA,Viridiplantae,2,2
502,AAVDNP,Viridiplantae,131,131
503,AAVDST,Viridiplantae,4,4
504,AAVDTI,Viridiplantae,1,1
505,AAVDTP,Viridiplantae,1,1
506,AAVDTQ,Viridiplantae,1,1
507,AAVDTS,Metazoa,3,12
508,AAVDTS,Viridiplantae,8,12
509,AAVDTT,Fungi,55,93
510,AAVDTT,Metazoa,20,93
511,AAVDTT,Pseudomonadati,1,93
512,AAVDTT,Viridiplantae,12,93
513,AAVDTV,Viridiplantae,6,6
514,AAVEAT,Bacillati,1,1
515,AAVENT,Bacillati,1,1
516,AAVEPT,Fungi,1,1
517,AAVESS,Bacillati,1,1
518,AAVEST,Fungi,3,4
519,AAVEST,Metazoa,1,4
520,AAVESV,Bacillati,1,1
521,AAVETT,Bacillati,2,234
522,AAVETT,Fungi,5,234
523,AAVETT,Metazoa,227,234
524,AAVETV,Bacillati,1,2
525,AAVETV,Metazoa,1,2
526,AAVGNT,Metazoa,3,3
527,AAVGTS,Viridiplantae,1,1
528,AAVHST,Fungi,1,1
529,AAVHTS,Fungi,2,2
530,AAVHTT,Fungi,13,13
531,AAYATT,Metazoa,610,610
532,AAYDAG,Metazoa,1,1
533,AAYDPS,Viridiplantae,1,1
534,AAYDPV,Fungi,1,1
535,AAYDST,Viridiplantae,1,1
536,AAYDTC,Metazoa,2,2
537,AAYDTG,Bacillati,3,3
538,AAYDTS,Metazoa,10,23
539,AAYDTS,Pseudomonadati,2,23
540,AAYDTS,Viridiplantae,11,23
541,AAYDTT,Bacillati,5,160
542,AAYDTT,Fungi,4,160
543,AAYDTT,Metazoa,149,160
544,AAYDTT,Viridiplantae,2,160
545,AAYEDA,Bacillati,1,1
546,AAYEDV,Bacillati,1,1
547,AAYEIV,Metazoa,2,2
548,AAYENT,Bacillati,1,14
549,AAYENT,Metazoa,12,14
550,AAYENT,Pseudomonadati,1,14
551,AAYEPI,Fungi,1,1
552,AAYEPT,Pseudomonadati,2,2
553,AAYEPV,Fungi,5,5
554,AAYESS,Fungi,2,2
555,AAYEST,Viridiplantae,1,1
556,AAYETA,Viridiplantae,1,1
557,AAYETS,Metazoa,17,23
558,AAYETS,Viridiplantae,6,23
559,AAYETT,Bacillati,7,75
560,AAYETT,Fungi,14,75
561,AAYETT,Metazoa,43,75
562,AAYETT,Pseudomonadati,4,75
563,AAYETT,Viridiplantae,4,75
564,AAYETV,Fungi,5,13
565,AAYETV,Viridiplantae,8,13
566,AAYGTI,Metazoa,2,2
567,AAYHTT,Pseudomonadati,1,3
568,AAYLTT,Fungi,1,1
569,AAYNTT,Fungi,1,1
570,AAYSTT,Metazoa,6,6
571,AAYVNV,Viridiplantae,1,1
572,ACHDTT,Metazoa,1,1
573,ACHETT,Bacillati,1,1
574,ACKDTK,Viridiplantae,1,1
575,ACQETT,Metazoa,1,1
576,ACTDTT,Viridiplantae,1,1
577,ADAETT,Viridiplantae,6,6
578,ADHDIT,Metazoa,1,1
579,ADHETT,Metazoa,5,7
580,ADHETT,Pseudomonadati,1,7
581,ADHETT,Viridiplantae,1,7
582,ADKDTT,Viridiplantae,1,1
583,ADMETT,Viridiplantae,1,1
584,ADQKTT,Viridiplantae,1,1
585,ADRDTT,Viridiplantae,1,1
586,ADTETT,Metazoa,2,2
587,ADYETT,Metazoa,2,2
588,AEFDTV,Metazoa,1,1
589,AEHDTT,Fungi,1,1
590,AEHETS,Fungi,2,2
591,AEHETT,Fungi,1,2
592,AEHETT,Pseudomonadati,1,2
593,AEIDTT,Viridiplantae,1,1
594,AEKETV,Viridiplantae,3,3
595,AELETT,Metazoa,6,6
596,AEQETT,Viridiplantae,1,1
597,AERDTT,Viridiplantae,1,2
598,AESDTS,Fungi,1,1
599,AESETT,Viridiplantae,1,1
600,AETDTT,Viridiplantae,2,2
601,AETETT,Viridiplantae,1,1
602,AFIETT,Fungi,1,1
603,AFQETT,Fungi,1,1
604,AFRDTI,Viridiplantae,1,1
605,AFTETT,Metazoa,5,5
606,AGAATT,Bacillati,1,3
607,AGAATT,Viridiplantae,1,3
608,AGADAT,Metazoa,1,3
609,AGADAT,Viridiplantae,2,3
610,AGADPT,Metazoa,1,1
611,AGADSM,Metazoa,1,1
612,AGADSS,Fungi,1,3
613,AGADSS,Metazoa,1,3
614,AGADSS,Viridiplantae,1,3
615,AGADST,Bacillati,1,70
616,AGADST,Fungi,49,70
617,AGADST,Metazoa,1,70
618,AGADST,Viridiplantae,17,70
619,AGADSV,Fungi,1,2
620,AGADSV,Pseudomonadati,1,2
621,AGADTA,Fungi,3,5
622,AGADTA,Pseudomonadati,2,5
623,AGADTI,Bacillati,1,25
624,AGADTI,Fungi,23,25
625,AGADTI,Viridiplantae,1,25
626,AGADTL,Fungi,1,1
627,AGADTM,Viridiplantae,24,24
628,AGADTN,Fungi,7,7
629,AGADTP,Metazoa,1,1
630,AGADTS,Bacillati,1,235
631,AGADTS,Fungi,62,235
632,AGADTS,Metazoa,96,235
633,AGADTS,Viridiplantae,75,235
634,AGADTT,Bacillati,40,1329
635,AGADTT,Fungi,1031,1329
636,AGADTT,Metazoa,73,1329
637,AGADTT,Pseudomonadati,13,1329
638,AGADTT,Viridiplantae,167,1329
639,AGADTV,Fungi,50,57
640,AGADTV,Metazoa,5,57
641,AGADTV,Pseudomonadati,2,57
642,AGADVT,Metazoa,1,1
643,AGAEAS,Viridiplantae,3,3
644,AGAEAV,Bacillati,1,1
645,AGAEGP,Bacillati,1,1
646,AGAENI,Bacillati,1,1
647,AGAENS,Bacillati,1,1
648,AGAENT,Bacillati,3,3
649,AGAENV,Bacillati,64,64
650,AGAEPI,Metazoa,1,1
651,AGAEPT,Bacillati,1,1
652,AGAEPV,Fungi,6,25
653,AGAEPV,Metazoa,19,25
654,AGAESI,Bacillati,4,7
655,AGAESI,Metazoa,3,7
656,AGAESL,Metazoa,2,2
657,AGAESS,Bacillati,1,2
658,AGAESS,Metazoa,1,2
659,AGAEST,Bacillati,19,58
660,AGAEST,Fungi,14,58
661,AGAEST,Metazoa,23,58
662,AGAEST,Pseudomonadati,1,58
663,AGAEST,Viridiplantae,1,58
664,AGAESV,Bacillati,2,16
665,AGAESV,Metazoa,14,16
666,AGAETA,Bacillati,6,10
667,AGAETA,Fungi,2,10
668,AGAETA,Pseudomonadati,2,10
669,AGAETI,Fungi,6,9
670,AGAETI,Metazoa,3,9
671,AGAETM,Metazoa,2,3
672,AGAETM,Viridiplantae,1,3
673,AGAETP,Fungi,1,1
674,AGAETQ,Viridiplantae,2,2
675,AGAETS,Bacillati,2,152
676,AGAETS,Fungi,36,152
677,AGAETS,Metazoa,47,152
678,AGAETS,Pseudomonadati,5,152
679,AGAETS,Viridiplantae,57,152
680,AGAETT,Bacillati,336,948
681,AGAETT,Fungi,246,948
682,AGAETT,Metazoa,185,948
683,AGAETT,Pseudomonadati,98,948
684,AGAETT,Viridiplantae,79,948
685,AGAETV,Bacillati,18,35
686,AGAETV,Fungi,10,35
687,AGAETV,Metazoa,7,35
688,AGAGTS,Viridiplantae,3,3
689,AGAGTT,Fungi,1,11
690,AGAGTT,Metazoa,2,11
691,AGAGTT,Pseudomonadati,1,11
692,AGAGTT,Viridiplantae,7,11
693,AGAHST,Fungi,1,2
694,AGAHST,Metazoa,1,2
695,AGAHTT,Fungi,18,20
696,AGAHTT,Pseudomonadati,1,20
697,AGAHTT,Viridiplantae,1,20
698,AGAINT,Fungi,1,1
699,AGAITA,Bacillati,1,1
700,AGAITV,Fungi,1,1
701,AGAKTV,Metazoa,1,1
702,AGALTT,Fungi,1,4
703,AGALTT,Metazoa,3,4
704,AGAMST,Bacillati,1,1
705,AGAMTT,Viridiplantae,2,2
706,AGANAP,Fungi,1,1
707,AGANPV,Metazoa,3,3
708,AGANSS,Fungi,4,5
709,AGANSS,Viridiplantae,1,5
710,AGANTS,Viridiplantae,1,1
711,AGANTT,Fungi,12,14
712,AGANTT,Metazoa,1,14
713,AGANTT,Viridiplantae,1,14
714,AGAQTT,Bacillati,4,16
715,AGAQTT,Metazoa,8,16
716,AGARNM,Pseudomonadati,1,1
717,AGARST,Fungi,1,1
718,AGASST,Viridiplantae,1,1
719,AGASTA,Viridiplantae,1,1
720,AGASTG,Fungi,39,39
721,AGASTS,Viridiplantae,1,1
722,AGASTT,Bacillati,1,33
723,AGASTT,Fungi,1,33
724,AGASTT,Pseudomonadati,8,33
725,AGASTT,Viridiplantae,22,33
726,AGASTV,Metazoa,1,1
727,AGATTT,Pseudomonadati,2,2
728,AGAVAT,Bacillati,1,1
729,AGAVST,Fungi,1,1
730,AGAVTA,Fungi,1,1
731,AGAVTT,Fungi,8,9
732,AGAVTT,Metazoa,1,9
733,AGCDTS,Fungi,3,4
734,AGCDTS,Viridiplantae,1,4
735,AGCDTT,Fungi,8,8
736,AGCEPT,Metazoa,1,1
737,AGCEST,Viridiplantae,1,1
738,AGCETT,Bacillati,1,6
739,AGCETT,Metazoa,5,6
740,AGCQST,Viridiplantae,1,1
741,AGDDNI,Bacillati,43,49
742,AGDDNI,Fungi,1,49
743,AGDDNV,Bacillati,6,6
744,AGDDSI,Fungi,4,4
745,AGDDSV,Fungi,1,1
746,AGDDTI,Fungi,1,1
747,AGDDTT,Fungi,3,19
748,AGDDTT,Metazoa,14,19
749,AGDDTT,Pseudomonadati,2,19
750,AGDDTV,Bacillati,1,5
751,AGDDTV,Fungi,2,5
752,AGDDTV,Viridiplantae,1,5
753,AGDENT,Fungi,1,1
754,AGDESV,Fungi,2,2
755,AGDETS,Bacillati,5,7
756,AGDETT,Bacillati,63,67
757,AGDETT,Fungi,1,67
758,AGDETT,Pseudomonadati,1,67
759,AGDETT,Viridiplantae,1,67
760,AGDETV,Viridiplantae,1,1
761,AGDGTT,Viridiplantae,1,1
762,AGDHTS,Bacillati,5,5
763,AGDHTT,Bacillati,1,1
764,AGDQTT,Bacillati,2,3
765,AGDQTT,Viridiplantae,1,3
766,AGDSTT,Bacillati,2,2
767,AGEATT,Fungi,1,1
768,AGEDNT,Bacillati,3,3
769,AGEDSI,Metazoa,1,1
770,AGEDST,Pseudomonadati,2,2
771,AGEDTI,Pseudomonadati,1,1
772,AGEDTS,Fungi,2,8
773,AGEDTS,Metazoa,4,8
774,AGEDTS,Pseudomonadati,1,8
775,AGEDTT,Bacillati,24,564
776,AGEDTT,Fungi,33,564
777,AGEDTT,Metazoa,2,564
778,AGEDTT,Pseudomonadati,482,564
779,AGEDTT,Viridiplantae,17,564
780,AGEDTV,Pseudomonadati,1,1
781,AGEENT,Viridiplantae,1,1
782,AGEEPT,Bacillati,1,1
783,AGEEST,Fungi,1,3
784,AGEEST,Metazoa,2,3
785,AGEETS,Viridiplantae,2,2
786,AGEETT,Bacillati,18,80
787,AGEETT,Fungi,4,80
788,AGEETT,Metazoa,11,80
789,AGEETT,Pseudomonadati,18,80
790,AGEETT,Viridiplantae,25,80
791,AGEETV,Fungi,2,3
792,AGEETV,Pseudomonadati,1,3
793,AGEGSV,Metazoa,1,1
794,AGEGTT,Fungi,46,48
795,AGEGTT,Metazoa,1,48
796,AGEGTT,Pseudomonadati,1,48
797,AGEGTV,Fungi,2,3
798,AGEGTV,Metazoa,1,3
799,AGEKTT,Pseudomonadati,6,6
800,AGENTI,Metazoa,4,4
801,AGENTL,Metazoa,4,4
802,AGENTT,Fungi,2,2
803,AGEQTT,Viridiplantae,74,74
804,AGESTT,Fungi,6,7
805,AGESTT,Viridiplantae,1,7
806,AGFAAT,Bacillati,1,4
807,AGFAAT,Metazoa,3,4
808,AGFATN,Fungi,1,1
809,AGFATS,Metazoa,1,2
810,AGFATS,Viridiplantae,1,2
811,AGFATT,Bacillati,3,22
812,AGFATT,Fungi,3,22
813,AGFATT,Metazoa,16,22
814,AGFDAA,Metazoa,1,1
815,AGFDAG,Metazoa,1,1
816,AGFDAI,Metazoa,7,7
817,AGFDAP,Metazoa,2,2
818,AGFDAS,Metazoa,1,1
819,AGFDAT,Metazoa,19,20
820,AGFDAV,Metazoa,12,12
821,AGFDGA,Metazoa,1,1
822,AGFDGS,Metazoa,1,1
823,AGFDGV,Metazoa,8,8
824,AGFDII,Metazoa,5,5
825,AGFDIT,Fungi,57,57
826,AGFDIV,Metazoa,1,1
827,AGFDLT,Metazoa,1,1
828,AGFDMT,Metazoa,1,1
829,AGFDNI,Metazoa,1,1
830,AGFDNT,Bacillati,13,19
831,AGFDNT,Metazoa,6,19
832,AGFDNV,Metazoa,1,9
833,AGFDNV,Viridiplantae,8,9
834,AGFDPI,Metazoa,14,14
835,AGFDPL,Fungi,4,4
836,AGFDPM,Fungi,5,5
837,AGFDPP,Fungi,1,1
838,AGFDPT,Metazoa,2,2
839,AGFDPV,Metazoa,8,8
840,AGFDQM,Metazoa,4,4
841,AGFDQT,Metazoa,1,1
842,AGFDSA,Metazoa,1,1
843,AGFDSI,Metazoa,9,9
844,AGFDSL,Metazoa,3,3
845,AGFDSS,Metazoa,23,25
846,AGFDSS,Viridiplantae,2,25
847,AGFDST,Bacillati,5,59
848,AGFDST,Fungi,8,59
849,AGFDST,Metazoa,32,59
850,AGFDST,Methanobacteriati,2,59
851,AGFDST,Viridiplantae,10,59
852,AGFDSV,Metazoa,111,111
853,AGFDTA,Bacillati,6,79
854,AGFDTA,Fungi,6,79
855,AGFDTA,Metazoa,59,79
856,AGFDTA,Pseudomonadati,6,79
857,AGFDTA,Viridiplantae,2,79
858,AGFDTG,Metazoa,4,5
859,AGFDTG,Viridiplantae,1,5
860,AGFDTI,Bacillati,2,697
861,AGFDTI,Fungi,2,697
862,AGFDTI,Metazoa,692,697
863,AGFDTI,Viridiplantae,1,697
864,AGFDTL,Fungi,1,11
865,AGFDTL,Metazoa,10,11
866,AGFDTM,Metazoa,3,3
867,AGFDTN,Fungi,1,1
868,AGFDTP,Metazoa,2,2
869,AGFDTS,Bacillati,5,590
870,AGFDTS,Fungi,154,590
871,AGFDTS,Metazoa,392,590
872,AGFDTS,Pseudomonadati,8,590
873,AGFDTS,Viridiplantae,31,590
874,AGFDTT,Bacillati,261,1258
875,AGFDTT,Fungi,250,1258
876,AGFDTT,Metazoa,668,1258
877,AGFDTT,Pseudomonadati,20,1258
878,AGFDTT,Thermotogati,1,1258
879,AGFDTT,Viridiplantae,19,1258
880,AGFDTV,Bacillati,10,1427
881,AGFDTV,Metazoa,1407,1427
882,AGFDTV,Pseudomonadati,8,1427
883,AGFDVI,Metazoa,1,1
884,AGFDVT,Bacillati,2,2
885,AGFEAA,Metazoa,5,5
886,AGFEAE,Metazoa,1,1
887,AGFEAG,Metazoa,6,6
888,AGFEAI,Metazoa,5,5
889,AGFEAM,Metazoa,1,1
890,AGFEAS,Bacillati,6,21
891,AGFEAS,Metazoa,15,21
892,AGFEAT,Bacillati,2,25
893,AGFEAT,Metazoa,22,25
894,AGFEAT,Pseudomonadati,1,25
895,AGFEAV,Metazoa,17,17
896,AGFEGI,Metazoa,6,6
897,AGFEGS,Metazoa,1,1
898,AGFEGT,Metazoa,5,5
899,AGFEGV,Metazoa,5,5
900,AGFEII,Metazoa,13,13
901,AGFEIT,Fungi,8,8
902,AGFELT,Fungi,1,1
903,AGFEMS,Metazoa,3,3
904,AGFENA,Metazoa,1,1
905,AGFENI,Metazoa,1,1
906,AGFENS,Metazoa,10,10
907,AGFENT,Bacillati,5,18
908,AGFENT,Fungi,10,18
909,AGFENT,Metazoa,3,18
910,AGFENV,Bacillati,2,2
911,AGFEPA,Metazoa,2,2
912,AGFEPF,Metazoa,3,3
913,AGFEPI,Metazoa,4,4
914,AGFEPP,Metazoa,1,1
915,AGFEPS,Metazoa,3,3
916,AGFEPT,Fungi,2,6
917,AGFEPT,Metazoa,4,6
918,AGFEPV,Fungi,1,19
919,AGFEPV,Metazoa,18,19
920,AGFEQT,Metazoa,1,1
921,AGFESA,Metazoa,3,6
922,AGFESI,Metazoa,22,23
923,AGFESI,Viridiplantae,1,23
924,AGFESL,Metazoa,2,2
925,AGFESN,Metazoa,1,1
926,AGFESP,Metazoa,3,3
927,AGFESS,Fungi,1,95
928,AGFESS,Metazoa,94,95
929,AGFEST,Bacillati,15,113
930,AGFEST,Fungi,13,113
931,AGFEST,Metazoa,62,113
932,AGFEST,Pseudomonadati,5,113
933,AGFEST,Viridiplantae,11,113
934,AGFESV,Metazoa,71,74
935,AGFESV,Viridiplantae,3,74
936,AGFETA,Bacillati,13,94
937,AGFETA,Fungi,6,94
938,AGFETA,Metazoa,71,94
939,AGFETA,Pseudomonadati,2,94
940,AGFETA,Viridiplantae,2,94
941,AGFETC,Metazoa,2,2
942,AGFETF,Fungi,14,15
943,AGFETF,Metazoa,1,15
944,AGFETG,Metazoa,17,17
945,AGFETI,Bacillati,11,98
946,AGFETI,Metazoa,87,98
947,AGFETL,Bacillati,1,5
948,AGFETL,Metazoa,4,5
949,AGFETM,Bacillati,1,8
950,AGFETM,Metazoa,7,8
951,AGFETN,Metazoa,9,10
952,AGFETN,Viridiplantae,1,10
953,AGFETP,Metazoa,3,6
954,AGFETP,Pseudomonadati,3,6
955,AGFETS,Bacillati,50,3612
956,AGFETS,Fungi,99,3612
957,AGFETS,Metazoa,3399,3612
958,AGFETS,Pseudomonadati,19,3612
959,AGFETS,Viridiplantae,34,3612
960,AGFETT,Bacillati,3108,4901
961,AGFETT,Fungi,261,4901
962,AGFETT,Metazoa,1115,4901
963,AGFETT,Pseudomonadati,173,4901
964,AGFETT,Viridiplantae,176,4901
965,AGFETV,Bacillati,7,497
966,AGFETV,Fungi,4,497
967,AGFETV,Metazoa,478,497
968,AGFETV,Pseudomonadati,3,497
969,AGFETV,Viridiplantae,1,497
970,AGFEVS,Metazoa,1,1
971,AGFEVT,Metazoa,3,10
972,AGFEVT,Viridiplantae,7,10
973,AGFFAS,Metazoa,1,1
974,AGFFTS,Metazoa,1,1
975,AGFGAT,Bacillati,1,1
976,AGFGNN,Metazoa,1,1
977,AGFGNS,Metazoa,3,3
978,AGFGST,Metazoa,1,4
979,AGFGST,Pseudomonadati,1,4
980,AGFGST,Viridiplantae,2,4
981,AGFGTA,Metazoa,2,2
982,AGFGTI,Metazoa,26,26
983,AGFGTN,Fungi,5,5
984,AGFGTS,Bacillati,1,16
985,AGFGTS,Metazoa,14,16
986,AGFGTS,Pseudomonadati,1,16
987,AGFGTT,Bacillati,4,20
988,AGFGTT,Fungi,5,20
989,AGFGTT,Metazoa,7,20
990,AGFGTT,Pseudomonadati,3,20
991,AGFGTT,Viridiplantae,1,20
992,AGFGTV,Bacillati,1,5
993,AGFGTV,Metazoa,4,5
994,AGFHPV,Viridiplantae,1,1
995,AGFHSV,Metazoa,1,1
996,AGFHTA,Metazoa,1,1
997,AGFHTI,Metazoa,3,3
998,AGFHTS,Bacillati,1,40
999,AGFHTS,Metazoa,35,40
1000,AGFHTS,Pseudomonadati,3,40
1001,AGFHTT,Bacillati,13,117
1002,AGFHTT,Fungi,94,117
1003,AGFHTT,Metazoa,9,117
1004,AGFHTT,Pseudomonadati,1,117
1005,AGFINT,Fungi,1,1
1006,AGFIST,Bacillati,2,2
1007,AGFITA,Bacillati,1,1
1008,AGFITS,Fungi,3,3
1009,AGFITT,Bacillati,4,4
1010,AGFKTS,Metazoa,19,19
1011,AGFKTT,Fungi,1,1
1012,AGFKTV,Metazoa,1,1
1013,AGFLPS,Metazoa,1,1
1014,AGFLTS,Fungi,4,6
1015,AGFLTS,Metazoa,2,6
1016,AGFLTT,Bacillati,8,11
1017,AGFLTT,Pseudomonadati,3,11
1018,AGFMTT,Bacillati,1,1
1019,AGFNGS,Viridiplantae,2,2
1020,AGFNTT,Metazoa,5,5
1021,AGFNTV,Metazoa,2,2
1022,AGFQAS,Metazoa,1,1
1023,AGFQII,Metazoa,2,2
1024,AGFQNT,Metazoa,2,2
1025,AGFQPS,Metazoa,5,5
1026,AGFQST,Metazoa,3,4
1027,AGFQST,Viridiplantae,1,4
1028,AGFQTM,Bacillati,1,1
1029,AGFQTT,Bacillati,3,10
1030,AGFQTT,Metazoa,6,10
1031,AGFQTT,Pseudomonadati,1,10
1032,AGFQTV,Metazoa,9,9
1033,AGFRNT,Metazoa,2,2
1034,AGFRTT,Bacillati,1,3
1035,AGFRTT,Metazoa,2,3
1036,AGFSAT,Bacillati,2,2
1037,AGFSAV,Bacillati,3,3
1038,AGFSII,Metazoa,1,1
1039,AGFSNV,Metazoa,2,2
1040,AGFSSV,Metazoa,1,1
1041,AGFSTP,Viridiplantae,1,1
1042,AGFSTS,Metazoa,1,1
1043,AGFSTT,Bacillati,1,21
1044,AGFSTT,Fungi,2,21
1045,AGFSTT,Metazoa,18,21
1046,AGFSTV,Metazoa,9,9
1047,AGFTGL,Metazoa,1,1
1048,AGFTGV,Metazoa,1,1
1049,AGFTNV,Metazoa,2,2
1050,AGFTTA,Metazoa,2,2
1051,AGFTTS,Fungi,28,30
1052,AGFTTS,Metazoa,2,30
1053,AGFTTT,Bacillati,1,22
1054,AGFTTT,Fungi,19,22
1055,AGFTTT,Metazoa,2,22
1056,AGFVNT,Fungi,1,1
1057,AGFVST,Bacillati,6,6
1058,AGFVTL,Fungi,2,2
1059,AGFVTS,Fungi,18,24
1060,AGFVTS,Metazoa,3,24
1061,AGFVTS,Pseudomonadati,3,24
1062,AGFVTT,Bacillati,37,66
1063,AGFVTT,Fungi,23,66
1064,AGFVTT,Metazoa,3,66
1065,AGFVTT,Pseudomonadati,3,66
1066,AGFVTV,Bacillati,1,1
1067,AGFXTI,Metazoa,3,3
1068,AGFYPT,Viridiplantae,1,1
1069,AGGATS,Viridiplantae,1,1
1070,AGGATT,Fungi,2,2
1071,AGGDPM,Viridiplantae,1,1
1072,AGGDPT,Fungi,20,30
1073,AGGDPT,Metazoa,10,30
1074,AGGDSG,Viridiplantae,1,1
1075,AGGDSM,Viridiplantae,1,1
1076,AGGDSS,Bacillati,1,3
1077,AGGDSS,Viridiplantae,2,3
1078,AGGDST,Bacillati,1,4
1079,AGGDST,Fungi,3,4
1080,AGGDSV,Metazoa,1,1
1081,AGGDTA,Fungi,3,14
1082,AGGDTA,Viridiplantae,7,14
1083,AGGDTI,Fungi,2,10
1084,AGGDTI,Viridiplantae,4,10
1085,AGGDTS,Bacillati,2,80
1086,AGGDTS,Fungi,52,80
1087,AGGDTS,Viridiplantae,26,80
1088,AGGDTT,Bacillati,19,338
1089,AGGDTT,Fungi,280,338
1090,AGGDTT,Metazoa,21,338
1091,AGGDTT,Pseudomonadati,1,338
1092,AGGDTT,Viridiplantae,17,338
1093,AGGDTV,Fungi,25,39
1094,AGGDTV,Metazoa,1,39
1095,AGGDTV,Viridiplantae,13,39
1096,AGGEAT,Bacillati,6,6
1097,AGGENV,Bacillati,3,3
1098,AGGEPS,Viridiplantae,3,3
1099,AGGESN,Bacillati,2,2
1100,AGGESS,Bacillati,1,2
1101,AGGESS,Viridiplantae,1,2
1102,AGGEST,Bacillati,19,29
1103,AGGEST,Fungi,2,29
1104,AGGEST,Metazoa,3,29
1105,AGGEST,Pseudomonadati,4,29
1106,AGGEST,Viridiplantae,1,29
1107,AGGESV,Bacillati,1,1
1108,AGGETA,Fungi,9,33
1109,AGGETA,Metazoa,1,33
1110,AGGETA,Viridiplantae,23,33
1111,AGGETC,Bacillati,1,1
1112,AGGETF,Fungi,1,1
1113,AGGETG,Fungi,7,11
1114,AGGETG,Viridiplantae,4,11
1115,AGGETI,Fungi,10,13
1116,AGGETI,Viridiplantae,3,13
1117,AGGETL,Metazoa,1,1
1118,AGGETM,Metazoa,1,1
1119,AGGETP,Bacillati,1,2
1120,AGGETP,Viridiplantae,1,2
1121,AGGETS,Bacillati,1,171
1122,AGGETS,Fungi,15,171
1123,AGGETS,Metazoa,5,171
1124,AGGETS,Pseudomonadati,1,171
1125,AGGETS,Viridiplantae,148,171
1126,AGGETT,Bacillati,533,792
1127,AGGETT,Fungi,154,792
1128,AGGETT,Metazoa,35,792
1129,AGGETT,Pseudomonadati,15,792
1130,AGGETT,Viridiplantae,48,792
1131,AGGETV,Bacillati,2,122
1132,AGGETV,Fungi,113,122
1133,AGGETV,Metazoa,4,122
1134,AGGETV,Pseudomonadati,1,122
1135,AGGGAI,Fungi,1,1
1136,AGGGTS,Pseudomonadati,3,3
1137,AGGGTT,Fungi,2,9
1138,AGGGTT,Pseudomonadati,4,9
1139,AGGGTT,Viridiplantae,3,9
1140,AGGGTV,Viridiplantae,1,1
1141,AGGHTT,Fungi,1,7
1142,AGGHTT,Metazoa,5,7
1143,AGGKTT,Metazoa,1,1
1144,AGGNTT,Fungi,3,3
1145,AGGQTT,Fungi,1,42
1146,AGGQTT,Metazoa,40,42
1147,AGGQTT,Viridiplantae,1,42
1148,AGGSTI,Fungi,1,1
1149,AGGSTT,Fungi,11,12
1150,AGGSTT,Viridiplantae,1,12
1151,AGGSTV,Fungi,1,1
1152,AGGTTT,Bacillati,1,14
1153,AGGTTT,Fungi,13,14
1154,AGGTTV,Fungi,1,1
1155,AGGVTT,Fungi,1,1
1156,AGHAAT,Fungi,2,6
1157,AGHAAT,Pseudomonadati,4,6
1158,AGHAAV,Pseudomonadati,1,1
1159,AGHAST,Fungi,2,3
1160,AGHAST,Pseudomonadati,1,3
1161,AGHATI,Viridiplantae,2,2
1162,AGHATM,Methanobacteriati,1,1
1163,AGHATS,Fungi,4,4
1164,AGHATT,Bacillati,17,73
1165,AGHATT,Fungi,14,73
1166,AGHATT,Metazoa,5,73
1167,AGHATT,Methanobacteriati,1,73
1168,AGHATT,Pseudomonadati,21,73
1169,AGHATT,Viridiplantae,8,73
1170,AGHATV,Methanobacteriati,2,2
1171,AGHDAA,Fungi,2,2
1172,AGHDAI,Metazoa,4,4
1173,AGHDAS,Metazoa,21,21
1174,AGHDAT,Bacillati,4,36
1175,AGHDAT,Fungi,31,36
1176,AGHDGI,Fungi,2,2
1177,AGHDGP,Fungi,1,1
1178,AGHDGT,Fungi,6,7
1179,AGHDGT,Metazoa,1,7
1180,AGHDIN,Viridiplantae,1,1
1181,AGHDIT,Bacillati,1,3
1182,AGHDIT,Fungi,2,3
1183,AGHDMI,Fungi,2,2
1184,AGHDMT,Fungi,1,1
1185,AGHDNA,Pseudomonadati,1,1
1186,AGHDNF,Fungi,2,2
1187,AGHDNI,Fungi,1,2
1188,AGHDNI,Viridiplantae,1,2
1189,AGHDNS,Fungi,1,3
1190,AGHDNS,Pseudomonadati,1,3
1191,AGHDNS,Viridiplantae,1,3
1192,AGHDNT,Bacillati,7,10
1193,AGHDNT,Fungi,2,10
1194,AGHDNT,Viridiplantae,1,10
1195,AGHDNV,Bacillati,1,4
1196,AGHDNV,Metazoa,1,4
1197,AGHDNV,Pseudomonadati,2,4
1198,AGHDPT,Metazoa,3,4
1199,AGHDPT,Pseudomonadati,1,4
1200,AGHDPV,Fungi,1,5
1201,AGHDPV,Metazoa,4,5
1202,AGHDRT,Fungi,1,1
1203,AGHDSI,Fungi,5,9
1204,AGHDSI,Metazoa,3,9
1205,AGHDSI,Viridiplantae,1,9
1206,AGHDSM,Bacillati,3,3
1207,AGHDSN,Fungi,2,2
1208,AGHDSP,Methanobacteriati,1,1
1209,AGHDSS,Bacillati,4,34
1210,AGHDSS,Fungi,17,34
1211,AGHDSS,Metazoa,1,34
1212,AGHDSS,Methanobacteriati,2,34
1213,AGHDSS,Viridiplantae,10,34
1214,AGHDST,Bacillati,99,378
1215,AGHDST,Fungi,168,378
1216,AGHDST,Metazoa,50,378
1217,AGHDST,Methanobacteriati,2,378
1218,AGHDST,Pseudomonadati,11,378
1219,AGHDST,Viridiplantae,28,378
1220,AGHDSV,Bacillati,11,45
1221,AGHDSV,Fungi,1,45
1222,AGHDSV,Metazoa,30,45
1223,AGHDSV,Viridiplantae,3,45
1224,AGHDTA,Bacillati,15,68
1225,AGHDTA,Fungi,28,68
1226,AGHDTA,Metazoa,9,68
1227,AGHDTA,Pseudomonadati,2,68
1228,AGHDTA,Viridiplantae,9,68
1229,AGHDTC,Bacillati,1,3
1230,AGHDTC,Fungi,2,3
1231,AGHDTD,Fungi,1,1
1232,AGHDTE,Fungi,1,1
1233,AGHDTG,Fungi,4,5
1234,AGHDTG,Viridiplantae,1,5
1235,AGHDTI,Bacillati,3,72
1236,AGHDTI,Fungi,37,72
1237,AGHDTI,Metazoa,22,72
1238,AGHDTI,Pseudomonadati,2,72
1239,AGHDTI,Viridiplantae,4,72
1240,AGHDTL,Bacillati,4,37
1241,AGHDTL,Fungi,2,37
1242,AGHDTL,Metazoa,29,37
1243,AGHDTL,Pseudomonadati,2,37
1244,AGHDTM,Bacillati,1,63
1245,AGHDTM,Fungi,32,63
1246,AGHDTM,Metazoa,26,63
1247,AGHDTM,Viridiplantae,2,63
1248,AGHDTN,Bacillati,1,17
1249,AGHDTN,Fungi,7,17
1250,AGHDTN,Pseudomonadati,1,17
1251,AGHDTN,Viridiplantae,8,17
1252,AGHDTP,Fungi,2,7
1253,AGHDTP,Metazoa,5,7
1254,AGHDTQ,Viridiplantae,11,11
1255,AGHDTS,Bacillati,158,1253
1256,AGHDTS,Fungi,314,1253
1257,AGHDTS,Metazoa,84,1253
1258,AGHDTS,Methanobacteriati,1,1253
1259,AGHDTS,Pseudomonadati,19,1253
1260,AGHDTS,Viridiplantae,646,1253
1261,AGHDTT,Bacillati,1120,7607
1262,AGHDTT,Bamfordvirae,1,7607
1263,AGHDTT,Fungi,3054,7607
1264,AGHDTT,Metazoa,1605,7607
1265,AGHDTT,Methanobacteriati,322,7607
1266,AGHDTT,Pseudomonadati,579,7607
1267,AGHDTT,Thermotogati,13,7607
1268,AGHDTT,Viridiplantae,639,7607
1269,AGHDTV,Bacillati,33,177
1270,AGHDTV,Fungi,39,177
1271,AGHDTV,Metazoa,76,177
1272,AGHDTV,Methanobacteriati,1,177
1273,AGHDTV,Pseudomonadati,3,177
1274,AGHDTV,Viridiplantae,14,177
1275,AGHDVL,Fungi,1,1
1276,AGHDVP,Pseudomonadati,1,1
1277,AGHDVT,Fungi,1,1
1278,AGHEAA,Bacillati,1,8
1279,AGHEAA,Pseudomonadati,7,8
1280,AGHEAG,Metazoa,2,2
1281,AGHEAI,Fungi,1,1
1282,AGHEAN,Fungi,26,26
1283,AGHEAP,Fungi,1,1
1284,AGHEAS,Bacillati,100,153
1285,AGHEAS,Fungi,1,153
1286,AGHEAS,Metazoa,5,153
1287,AGHEAS,Pseudomonadati,8,153
1288,AGHEAS,Thermotogati,36,153
1289,AGHEAT,Bacillati,612,1051
1290,AGHEAT,Fungi,9,1051
1291,AGHEAT,Metazoa,1,1051
1292,AGHEAT,Methanobacteriati,2,1051
1293,AGHEAT,Pseudomonadati,380,1051
1294,AGHEAT,Thermotogati,11,1051
1295,AGHEAT,Viridiplantae,27,1051
1296,AGHEAV,Bacillati,4,13
1297,AGHEAV,Pseudomonadati,1,13
1298,AGHEAV,Thermotogati,7,13
1299,AGHEEI,Fungi,3,3
1300,AGHEFI,Metazoa,1,1
1301,AGHEGT,Fungi,3,4
1302,AGHEGT,Viridiplantae,1,4
1303,AGHEGV,Metazoa,1,1
1304,AGHEII,Metazoa,13,13
1305,AGHEIS,Fungi,1,1
1306,AGHEIT,Bacillati,2,11
1307,AGHEIT,Fungi,2,11
1308,AGHEIT,Metazoa,3,11
1309,AGHEIT,Viridiplantae,4,11
1310,AGHEIV,Metazoa,6,6
1311,AGHEKT,Bacillati,1,5
1312,AGHEKT,Fungi,1,5
1313,AGHEKT,Metazoa,1,5
1314,AGHEKT,Viridiplantae,1,5
1315,AGHELP,Fungi,1,1
1316,AGHEMT,Fungi,2,6
1317,AGHEMT,Metazoa,2,6
1318,AGHEMT,Methanobacteriati,1,6
1319,AGHEMT,Viridiplantae,1,6
1320,AGHENI,Bacillati,3,3
1321,AGHENL,Bacillati,1,1
1322,AGHENP,Bacillati,5,49
1323,AGHENP,Fungi,44,49
1324,AGHENT,Bacillati,9,56
1325,AGHENT,Fungi,8,56
1326,AGHENT,Pseudomonadati,2,56
1327,AGHENT,Viridiplantae,37,56
1328,AGHENV,Fungi,2,2
1329,AGHEPA,Bacillati,1,1
1330,AGHEPN,Pseudomonadati,1,1
1331,AGHEPS,Bacillati,7,11
1332,AGHEPS,Pseudomonadati,4,11
1333,AGHEPT,Bacillati,12,21
1334,AGHEPT,Fungi,2,21
1335,AGHEPT,Metazoa,2,21
1336,AGHEPT,Pseudomonadati,1,21
1337,AGHEPT,Viridiplantae,4,21
1338,AGHEPV,Bacillati,18,19
1339,AGHEPV,Viridiplantae,1,19
1340,AGHERN,Pseudomonadati,1,1
1341,AGHERT,Fungi,1,1
1342,AGHESA,Bacillati,1,3
1343,AGHESA,Fungi,1,3
1344,AGHESA,Metazoa,1,3
1345,AGHESF,Viridiplantae,1,1
1346,AGHESI,Fungi,2,3
1347,AGHESI,Viridiplantae,1,3
1348,AGHESN,Bacillati,1,2
1349,AGHESN,Fungi,1,2
1350,AGHESP,Bacillati,4,8
1351,AGHESP,Fungi,1,8
1352,AGHESP,Methanobacteriati,2,8
1353,AGHESP,Pseudomonadati,1,8
1354,AGHESS,Bacillati,13,339
1355,AGHESS,Fungi,35,339
1356,AGHESS,Methanobacteriati,1,339
1357,AGHESS,Pseudomonadati,2,339
1358,AGHESS,Viridiplantae,288,339
1359,AGHEST,Bacillati,100,541
1360,AGHEST,Fungi,135,541
1361,AGHEST,Metazoa,13,541
1362,AGHEST,Methanobacteriati,2,541
1363,AGHEST,Pseudomonadati,27,541
1364,AGHEST,Viridiplantae,258,541
1365,AGHESV,Bacillati,1,10
1366,AGHESV,Metazoa,6,10
1367,AGHESV,Viridiplantae,3,10
1368,AGHETA,Bacillati,68,357
1369,AGHETA,Fungi,145,357
1370,AGHETA,Metazoa,6,357
1371,AGHETA,Pseudomonadati,64,357
1372,AGHETA,Viridiplantae,73,357
1373,AGHETE,Pseudomonadati,1,1
1374,AGHETF,Fungi,1,1
1375,AGHETG,Bacillati,3,35
1376,AGHETG,Fungi,3,35
1377,AGHETG,Metazoa,1,35
1378,AGHETG,Pseudomonadati,27,35
1379,AGHETG,Viridiplantae,1,35
1380,AGHETI,Bacillati,29,160
1381,AGHETI,Fungi,76,160
1382,AGHETI,Metazoa,13,160
1383,AGHETI,Pseudomonadati,14,160
1384,AGHETI,Viridiplantae,26,160
1385,AGHETK,Fungi,1,2
1386,AGHETK,Viridiplantae,1,2
1387,AGHETL,Bacillati,237,282
1388,AGHETL,Fungi,25,282
1389,AGHETL,Metazoa,9,282
1390,AGHETL,Pseudomonadati,3,282
1391,AGHETL,Thermotogati,1,282
1392,AGHETL,Viridiplantae,5,282
1393,AGHETM,Bacillati,25,177
1394,AGHETM,Fungi,141,177
1395,AGHETM,Metazoa,8,177
1396,AGHETM,Pseudomonadati,3,177
1397,AGHETN,Bacillati,3,22
1398,AGHETN,Fungi,18,22
1399,AGHETN,Viridiplantae,1,22
1400,AGHETP,Bacillati,1,4
1401,AGHETP,Fungi,2,4
1402,AGHETP,Pseudomonadati,1,4
1403,AGHETQ,Bacillati,1,1
1404,AGHETR,Fungi,1,1
1405,AGHETS,Bacillati,490,4701
1406,AGHETS,Fungi,999,4701
1407,AGHETS,Metazoa,450,4701
1408,AGHETS,Methanobacteriati,48,4701
1409,AGHETS,Pseudomonadati,1336,4701
1410,AGHETS,Viridiplantae,1272,4701
1411,AGHETT,Bacillati,19998,40196
1412,AGHETT,Bamfordvirae,2,40196
1413,AGHETT,Fungi,8201,40196
1414,AGHETT,Metazoa,1033,40196
1415,AGHETT,Methanobacteriati,380,40196
1416,AGHETT,Pseudomonadati,7150,40196
1417,AGHETT,Thermoproteati,22,40196
1418,AGHETT,Thermotogati,97,40196
1419,AGHETT,Viridiplantae,2576,40196
1420,AGHETV,Bacillati,216,502
1421,AGHETV,Fungi,84,502
1422,AGHETV,Metazoa,60,502
1423,AGHETV,Methanobacteriati,1,502
1424,AGHETV,Pseudomonadati,46,502
1425,AGHETV,Thermoproteati,2,502
1426,AGHETV,Thermotogati,21,502
1427,AGHETV,Viridiplantae,35,502
1428,AGHEVI,Metazoa,6,6
1429,AGHEVT,Bacillati,3,3
1430,AGHEVV,Metazoa,1,1
1431,AGHEvST,Fungi,1,1
1432,AGHFNM,Bacillati,1,1
1433,AGHFTT,Fungi,1,2
1434,AGHFTT,Pseudomonadati,1,2
1435,AGHGAT,Bacillati,1,1
1436,AGHGGI,Pseudomonadati,1,1
1437,AGHGPT,Methanobacteriati,1,1
1438,AGHGST,Pseudomonadati,38,38
1439,AGHGTA,Metazoa,3,3
1440,AGHGTI,Pseudomonadati,1,5
1441,AGHGTI,Viridiplantae,4,5
1442,AGHGTL,Bacillati,4,4
1443,AGHGTM,Bacillati,1,19
1444,AGHGTM,Fungi,17,19
1445,AGHGTM,Metazoa,1,19
1446,AGHGTS,Bacillati,1,4
1447,AGHGTS,Fungi,2,4
1448,AGHGTS,Methanobacteriati,1,4
1449,AGHGTT,Bacillati,72,180
1450,AGHGTT,Fungi,48,180
1451,AGHGTT,Metazoa,14,180
1452,AGHGTT,Pseudomonadati,18,180
1453,AGHGTT,Viridiplantae,28,180
1454,AGHGTV,Bacillati,1,6
1455,AGHGTV,Fungi,2,6
1456,AGHGTV,Viridiplantae,3,6
1457,AGHHAI,Fungi,2,2
1458,AGHHAT,Metazoa,1,1
1459,AGHHNT,Fungi,2,2
1460,AGHHSL,Pseudomonadati,6,6
1461,AGHHSS,Fungi,2,3
1462,AGHHSS,Metazoa,1,3
1463,AGHHST,Bacillati,2,3
1464,AGHHST,Viridiplantae,1,3
1465,AGHHTA,Pseudomonadati,1,1
1466,AGHHTI,Bacillati,2,5
1467,AGHHTI,Pseudomonadati,3,5
1468,AGHHTP,Viridiplantae,1,1
1469,AGHHTS,Bacillati,487,625
1470,AGHHTS,Metazoa,1,625
1471,AGHHTS,Pseudomonadati,108,625
1472,AGHHTS,Viridiplantae,27,625
1473,AGHHTT,Bacillati,266,403
1474,AGHHTT,Fungi,28,403
1475,AGHHTT,Metazoa,20,403
1476,AGHHTT,Pseudomonadati,71,403
1477,AGHHTT,Viridiplantae,9,403
1478,AGHHVP,Bacillati,1,1
1479,AGHHVS,Fungi,2,2
1480,AGHINT,Metazoa,4,4
1481,AGHISS,Bacillati,2,2
1482,AGHITS,Bacillati,1,2
1483,AGHITS,Methanobacteriati,1,2
1484,AGHITT,Bacillati,363,393
1485,AGHITT,Fungi,4,393
1486,AGHITT,Metazoa,1,393
1487,AGHITT,Pseudomonadati,23,393
1488,AGHKIV,Metazoa,2,2
1489,AGHKNM,Pseudomonadati,1,1
1490,AGHKSS,Fungi,2,2
1491,AGHKST,Bacillati,34,34
1492,AGHKTA,Viridiplantae,1,1
1493,AGHKTS,Bacillati,4,9
1494,AGHKTS,Fungi,1,9
1495,AGHKTS,Methanobacteriati,1,9
1496,AGHKTS,Pseudomonadati,2,9
1497,AGHKTT,Bacillati,137,164
1498,AGHKTT,Fungi,7,164
1499,AGHKTT,Metazoa,2,164
1500,AGHKTT,Methanobacteriati,1,164
1501,AGHKTT,Viridiplantae,3,164
1502,AGHKTV,Bacillati,15,24
1503,AGHKTV,Metazoa,1,24
1504,AGHKTV,Viridiplantae,8,24
1505,AGHLAV,Bacillati,1,1
1506,AGHLNT,Bacillati,2,2
1507,AGHLST,Pseudomonadati,1,3
1508,AGHLST,Viridiplantae,2,3
1509,AGHLTA,Bacillati,1,1
1510,AGHLTS,Fungi,1,1
1511,AGHLTT,Bacillati,85,150
1512,AGHLTT,Fungi,3,150
1513,AGHLTT,Metazoa,1,150
1514,AGHLTT,Pseudomonadati,14,150
1515,AGHLTT,Viridiplantae,46,150
1516,AGHMTT,Bacillati,5,6
1517,AGHMTT,Pseudomonadati,1,6
1518,AGHNAS,Metazoa,3,3
1519,AGHNNT,Bacillati,1,1
1520,AGHNPS,Metazoa,1,1
1521,AGHNSS,Metazoa,1,1
1522,AGHNST,Fungi,1,2
1523,AGHNST,Pseudomonadati,1,2
1524,AGHNTM,Fungi,1,1
1525,AGHNTP,Viridiplantae,3,3
1526,AGHNTS,Fungi,1,4
1527,AGHNTS,Viridiplantae,3,4
1528,AGHNTT,Bacillati,9,46
1529,AGHNTT,Fungi,26,46
1530,AGHNTT,Metazoa,4,46
1531,AGHNTT,Pseudomonadati,1,46
1532,AGHNTT,Viridiplantae,6,46
1533,AGHQII,Metazoa,2,2
1534,AGHQNT,Bacillati,1,1
1535,AGHQSS,Viridiplantae,3,3
1536,AGHQST,Fungi,1,32
1537,AGHQST,Metazoa,23,32
1538,AGHQST,Pseudomonadati,8,32
1539,AGHQSV,Bacillati,5,5
1540,AGHQTA,Viridiplantae,1,1
1541,AGHQTM,Bacillati,1,1
1542,AGHQTS,Metazoa,1,1
1543,AGHQTT,Bacillati,128,178
1544,AGHQTT,Fungi,9,178
1545,AGHQTT,Metazoa,4,178
1546,AGHQTT,Pseudomonadati,9,178
1547,AGHQTT,Viridiplantae,2,178
1548,AGHQTV,Bacillati,1,1
1549,AGHRST,Bacillati,2,2
1550,AGHRTT,Fungi,1,2
1551,AGHRTT,Pseudomonadati,1,2
1552,AGHSSA,Pseudomonadati,1,1
1553,AGHSST,Fungi,2,2
1554,AGHSTL,Viridiplantae,2,2
1555,AGHSTP,Viridiplantae,4,4
1556,AGHSTS,Fungi,3,4
1557,AGHSTT,Bacillati,4,27
1558,AGHSTT,Fungi,1,27
1559,AGHSTT,Metazoa,2,27
1560,AGHSTT,Methanobacteriati,3,27
1561,AGHSTT,Pseudomonadati,14,27
1562,AGHSTT,Viridiplantae,2,27
1563,AGHSTV,Viridiplantae,2,2
1564,AGHTAT,Fungi,1,1
1565,AGHTTT,Bacillati,8,31
1566,AGHTTT,Fungi,3,31
1567,AGHTTT,Pseudomonadati,15,31
1568,AGHVAP,Bacillati,2,2
1569,AGHVAV,Bacillati,3,4
1570,AGHVAV,Pseudomonadati,1,4
1571,AGHVSS,Viridiplantae,1,1
1572,AGHVST,Bacillati,5,5
1573,AGHVTA,Bacillati,6,6
1574,AGHVTI,Bacillati,1,1
1575,AGHVTS,Bacillati,2,3
1576,AGHVTS,Fungi,1,3
1577,AGHVTT,Bacillati,175,235
1578,AGHVTT,Fungi,16,235
1579,AGHVTT,Metazoa,3,235
1580,AGHVTT,Pseudomonadati,27,235
1581,AGHVTT,Thermoproteati,3,235
1582,AGHVTT,Viridiplantae,4,235
1583,AGHVTV,Bacillati,16,16
1584,AGHXTT,Bacillati,3,5
1585,AGHXTT,Pseudomonadati,2,5
1586,AGHYSI,Metazoa,1,1
1587,AGHYTI,Metazoa,2,3
1588,AGHYTI,Pseudomonadati,1,3
1589,AGHYTT,Bacillati,3,6
1590,AGHYTT,Fungi,2,6
1591,AGHYTT,Metazoa,1,6
1592,AGIATT,Fungi,2,6
1593,AGIATT,Metazoa,3,6
1594,AGIATT,Viridiplantae,1,6
1595,AGIDAS,Viridiplantae,1,1
1596,AGIDAT,Metazoa,2,3
1597,AGIDAT,Viridiplantae,1,3
1598,AGIDKS,Viridiplantae,1,1
1599,AGIDLT,Fungi,1,1
1600,AGIDNP,Viridiplantae,8,8
1601,AGIDNT,Bacillati,1,3
1602,AGIDNT,Metazoa,2,3
1603,AGIDNV,Bacillati,1,1
1604,AGIDPT,Metazoa,4,4
1605,AGIDSP,Pseudomonadati,1,1
1606,AGIDSS,Fungi,1,26
1607,AGIDSS,Metazoa,3,26
1608,AGIDSS,Viridiplantae,22,26
1609,AGIDST,Bacillati,2,41
1610,AGIDST,Fungi,8,41
1611,AGIDST,Metazoa,19,41
1612,AGIDST,Viridiplantae,4,41
1613,AGIDSV,Bacillati,1,6
1614,AGIDSV,Fungi,4,6
1615,AGIDSV,Viridiplantae,1,6
1616,AGIDTA,Bacillati,2,42
1617,AGIDTA,Fungi,3,42
1618,AGIDTA,Metazoa,15,42
1619,AGIDTA,Viridiplantae,22,42
1620,AGIDTG,Fungi,2,129
1621,AGIDTG,Metazoa,4,129
1622,AGIDTG,Viridiplantae,123,129
1623,AGIDTI,Fungi,3,22
1624,AGIDTI,Metazoa,6,22
1625,AGIDTI,Viridiplantae,13,22
1626,AGIDTL,Bacillati,3,6
1627,AGIDTL,Viridiplantae,3,6
1628,AGIDTM,Metazoa,1,1
1629,AGIDTN,Viridiplantae,31,31
1630,AGIDTP,Bacillati,1,14
1631,AGIDTP,Viridiplantae,13,14
1632,AGIDTQ,Viridiplantae,1,1
1633,AGIDTS,Bacillati,5,452
1634,AGIDTS,Fungi,25,452
1635,AGIDTS,Metazoa,43,452
1636,AGIDTS,Viridiplantae,378,452
1637,AGIDTT,Bacillati,554,2514
1638,AGIDTT,Fungi,941,2514
1639,AGIDTT,Metazoa,433,2514
1640,AGIDTT,Pseudomonadati,263,2514
1641,AGIDTT,Viridiplantae,249,2514
1642,AGIDTV,Bacillati,7,81
1643,AGIDTV,Fungi,4,81
1644,AGIDTV,Metazoa,57,81
1645,AGIDTV,Pseudomonadati,8,81
1646,AGIDTV,Viridiplantae,4,81
1647,AGIEAS,Metazoa,1,1
1648,AGIEAT,Bacillati,26,27
1649,AGIEAT,Metazoa,1,27
1650,AGIENT,Bacillati,1,1
1651,AGIENV,Bacillati,11,11
1652,AGIEPC,Metazoa,2,2
1653,AGIEPI,Viridiplantae,1,1
1654,AGIEPS,Metazoa,1,1
1655,AGIEPT,Fungi,1,2
1656,AGIEPT,Metazoa,1,2
1657,AGIESA,Viridiplantae,2,2
1658,AGIESL,Metazoa,1,9
1659,AGIESL,Pseudomonadati,8,9
1660,AGIESS,Metazoa,1,7
1661,AGIESS,Viridiplantae,6,7
1662,AGIEST,Bacillati,12,28
1663,AGIEST,Metazoa,7,28
1664,AGIEST,Viridiplantae,9,28
1665,AGIESV,Bacillati,2,5
1666,AGIESV,Metazoa,3,5
1667,AGIETA,Bacillati,5,7
1668,AGIETA,Viridiplantae,2,7
1669,AGIETC,Bacillati,1,22
1670,AGIETC,Metazoa,21,22
1671,AGIETE,Metazoa,2,2
1672,AGIETI,Fungi,1,19
1673,AGIETI,Metazoa,17,19
1674,AGIETI,Viridiplantae,1,19
1675,AGIETL,Metazoa,11,11
1676,AGIETM,Fungi,1,10
1677,AGIETM,Metazoa,9,10
1678,AGIETP,Bacillati,1,3
1679,AGIETP,Viridiplantae,2,3
1680,AGIETS,Bacillati,18,108
1681,AGIETS,Fungi,2,108
1682,AGIETS,Metazoa,16,108
1683,AGIETS,Pseudomonadati,2,108
1684,AGIETS,Viridiplantae,70,108
1685,AGIETT,Bacillati,241,576
1686,AGIETT,Fungi,109,576
1687,AGIETT,Metazoa,171,576
1688,AGIETT,Pseudomonadati,23,576
1689,AGIETT,Viridiplantae,29,576
1690,AGIETV,Bacillati,5,31
1691,AGIETV,Fungi,1,31
1692,AGIETV,Metazoa,25,31
1693,AGIEVA,Bacillati,1,1
1694,AGIGGP,Bacillati,1,1
1695,AGIGSI,Fungi,1,1
1696,AGIGSS,Viridiplantae,1,1
1697,AGIGST,Bacillati,1,2
1698,AGIGST,Viridiplantae,1,2
1699,AGIGTA,Viridiplantae,3,3
1700,AGIGTS,Viridiplantae,6,6
1701,AGIGTT,Bacillati,11,17
1702,AGIGTT,Metazoa,1,17
1703,AGIGTT,Pseudomonadati,3,17
1704,AGIGTT,Viridiplantae,2,17
1705,AGIHNT,Pseudomonadati,1,1
1706,AGIHPP,Fungi,1,1
1707,AGIHSN,Metazoa,3,3
1708,AGIHST,Fungi,1,1
1709,AGIHTG,Viridiplantae,1,1
1710,AGIHTL,Metazoa,11,11
1711,AGIHTS,Metazoa,1,1
1712,AGIHTT,Fungi,21,27
1713,AGIHTT,Metazoa,3,27
1714,AGIHTT,Viridiplantae,3,27
1715,AGIHTV,Metazoa,6,6
1716,AGIITT,Metazoa,2,3
1717,AGIITT,Pseudomonadati,1,3
1718,AGIKTT,Bacillati,3,3
1719,AGILST,Metazoa,1,1
1720,AGILTT,Metazoa,13,14
1721,AGILTT,Viridiplantae,1,14
1722,AGIMTT,Metazoa,2,2
1723,AGINAT,Metazoa,1,1
1724,AGINTS,Metazoa,2,3
1725,AGINTS,Viridiplantae,1,3
1726,AGINTT,Fungi,1,1
1727,AGIQST,Metazoa,2,2
1728,AGIQTC,Metazoa,10,10
1729,AGIQTL,Metazoa,2,2
1730,AGIQTS,Metazoa,3,3
1731,AGIQTT,Metazoa,1,1
1732,AGISAT,Fungi,1,1
1733,AGISGT,Viridiplantae,2,2
1734,AGISTI,Metazoa,1,1
1735,AGISTS,Fungi,1,1
1736,AGISTT,Bacillati,6,14
1737,AGISTT,Fungi,2,14
1738,AGISTT,Metazoa,6,14
1739,AGITNS,Fungi,3,3
1740,AGITTL,Metazoa,2,2
1741,AGITTS,Viridiplantae,1,1
1742,AGITTT,Bacillati,1,4
1743,AGITTT,Metazoa,3,4
1744,AGIVNT,Fungi,3,3
1745,AGIVST,Metazoa,7,7
1746,AGIVTS,Metazoa,2,2
1747,AGIVTT,Bacillati,1,19
1748,AGIVTT,Metazoa,15,19
1749,AGKDAI,Viridiplantae,5,5
1750,AGKDAN,Viridiplantae,3,3
1751,AGKDAS,Viridiplantae,7,7
1752,AGKDAT,Viridiplantae,3,3
1753,AGKDAV,Viridiplantae,1,1
1754,AGKDIS,Viridiplantae,1,1
1755,AGKDLI,Viridiplantae,30,30
1756,AGKDLT,Viridiplantae,1,1
1757,AGKDLV,Viridiplantae,15,15
1758,AGKDNI,Viridiplantae,2,2
1759,AGKDNT,Viridiplantae,1,1
1760,AGKDPF,Fungi,1,1
1761,AGKDPI,Viridiplantae,37,37
1762,AGKDPS,Fungi,4,6
1763,AGKDPS,Viridiplantae,2,6
1764,AGKDPT,Fungi,5,20
1765,AGKDPT,Viridiplantae,15,20
1766,AGKDPV,Fungi,4,4
1767,AGKDSA,Viridiplantae,7,7
1768,AGKDSI,Viridiplantae,1,1
1769,AGKDSL,Viridiplantae,3,3
1770,AGKDSS,Viridiplantae,42,46
1771,AGKDST,Fungi,5,225
1772,AGKDST,Viridiplantae,175,225
1773,AGKDTA,Viridiplantae,15,15
1774,AGKDTI,Fungi,4,56
1775,AGKDTI,Viridiplantae,52,56
1776,AGKDTL,Viridiplantae,1,1
1777,AGKDTM,Viridiplantae,3,5
1778,AGKDTN,Viridiplantae,1,1
1779,AGKDTP,Viridiplantae,1,1
1780,AGKDTS,Fungi,3,331
1781,AGKDTS,Viridiplantae,321,331
1782,AGKDTT,Fungi,79,1289
1783,AGKDTT,Metazoa,6,1289
1784,AGKDTT,Viridiplantae,1075,1289
1785,AGKDTV,Fungi,1,26
1786,AGKDTV,Viridiplantae,24,26
1787,AGKEAA,Viridiplantae,1,1
1788,AGKEAT,Viridiplantae,6,6
1789,AGKEAV,Viridiplantae,5,5
1790,AGKEIT,Viridiplantae,1,1
1791,AGKEPI,Viridiplantae,1,1
1792,AGKESM,Viridiplantae,7,7
1793,AGKESS,Viridiplantae,2,2
1794,AGKEST,Viridiplantae,11,11
1795,AGKETA,Viridiplantae,65,65
1796,AGKETG,Viridiplantae,5,5
1797,AGKETI,Viridiplantae,4,4
1798,AGKETL,Viridiplantae,38,38
1799,AGKETM,Viridiplantae,1,1
1800,AGKETN,Viridiplantae,2,2
1801,AGKETS,Viridiplantae,70,70
1802,AGKETT,Bacillati,3,401
1803,AGKETT,Fungi,2,401
1804,AGKETT,Metazoa,1,401
1805,AGKETT,Viridiplantae,364,401
1806,AGKETV,Viridiplantae,7,7
1807,AGKGTI,Viridiplantae,1,1
1808,AGKGTS,Viridiplantae,1,1
1809,AGKGTT,Viridiplantae,3,5
1810,AGKHST,Viridiplantae,6,6
1811,AGKHTS,Viridiplantae,22,22
1812,AGKHTT,Viridiplantae,109,109
1813,AGKLTT,Viridiplantae,3,3
1814,AGKQST,Viridiplantae,1,1
1815,AGKQTT,Metazoa,1,542
1816,AGKQTT,Viridiplantae,541,542
1817,AGKTTA,Metazoa,1,1
1818,AGKTTT,Bacillati,1,2
1819,AGKTTT,Viridiplantae,1,2
1820,AGKVPV,Viridiplantae,2,2
1821,AGKVST,Viridiplantae,1,1
1822,AGKVTT,Fungi,2,4
1823,AGKVTT,Pseudomonadati,1,4
1824,AGKVTT,Viridiplantae,1,4
1825,AGKVvlTS,Fungi,1,1
1826,AGKYTT,Viridiplantae,12,12
1827,AGLATT,Bacillati,2,8
1828,AGLATT,Fungi,2,8
1829,AGLATT,Metazoa,4,8
1830,AGLDAI,Metazoa,1,1
1831,AGLDAT,Bacillati,2,7
1832,AGLDAT,Metazoa,5,7
1833,AGLDGT,Metazoa,1,1
1834,AGLDNI,Bacillati,6,8
1835,AGLDNI,Metazoa,2,8
1836,AGLDNP,Viridiplantae,3,3
1837,AGLDNT,Fungi,1,2
1838,AGLDNT,Pseudomonadati,1,2
1839,AGLDNV,Bacillati,15,22
1840,AGLDNV,Metazoa,7,22
1841,AGLDPI,Metazoa,1,1
1842,AGLDPT,Fungi,2,3
1843,AGLDPT,Metazoa,1,3
1844,AGLDPV,Metazoa,6,6
1845,AGLDSC,Metazoa,1,1
1846,AGLDSI,Metazoa,1,1
1847,AGLDSS,Viridiplantae,1,3
1848,AGLDST,Bacillati,2,9
1849,AGLDST,Fungi,3,9
1850,AGLDST,Metazoa,4,9
1851,AGLDSV,Metazoa,13,14
1852,AGLDSV,Pseudomonadati,1,14
1853,AGLDTA,Bacillati,2,8
1854,AGLDTA,Fungi,2,8
1855,AGLDTA,Metazoa,3,8
1856,AGLDTF,Fungi,2,2
1857,AGLDTG,Viridiplantae,4,4
1858,AGLDTI,Bacillati,4,18
1859,AGLDTI,Metazoa,12,18
1860,AGLDTI,Pseudomonadati,2,18
1861,AGLDTL,Bacillati,2,25
1862,AGLDTL,Fungi,22,25
1863,AGLDTL,Metazoa,1,25
1864,AGLDTM,Bacillati,1,9
1865,AGLDTM,Fungi,5,9
1866,AGLDTM,Metazoa,3,9
1867,AGLDTS,Bacillati,3,63
1868,AGLDTS,Fungi,2,63
1869,AGLDTS,Metazoa,16,63
1870,AGLDTS,Pseudomonadati,2,63
1871,AGLDTS,Viridiplantae,40,63
1872,AGLDTT,Bacillati,471,1035
1873,AGLDTT,Fungi,56,1035
1874,AGLDTT,Metazoa,135,1035
1875,AGLDTT,Pseudomonadati,214,1035
1876,AGLDTT,Viridiplantae,81,1035
1877,AGLDTV,Bacillati,786,1330
1878,AGLDTV,Fungi,11,1330
1879,AGLDTV,Metazoa,65,1330
1880,AGLDTV,Pseudomonadati,448,1330
1881,AGLDVT,Bacillati,1,1
1882,AGLEAC,Metazoa,1,1
1883,AGLEAT,Metazoa,1,1
1884,AGLEIT,Metazoa,2,2
1885,AGLENM,Bacillati,3,3
1886,AGLENV,Metazoa,9,9
1887,AGLEPA,Metazoa,1,1
1888,AGLEPI,Metazoa,2,2
1889,AGLEPL,Metazoa,1,1
1890,AGLEPT,Bacillati,2,7
1891,AGLEPT,Metazoa,5,7
1892,AGLEPV,Metazoa,10,10
1893,AGLERT,Metazoa,2,2
1894,AGLESS,Metazoa,16,19
1895,AGLESS,Viridiplantae,3,19
1896,AGLEST,Bacillati,8,37
1897,AGLEST,Fungi,1,37
1898,AGLEST,Metazoa,11,37
1899,AGLEST,Pseudomonadati,4,37
1900,AGLEST,Viridiplantae,13,37
1901,AGLESV,Metazoa,7,7
1902,AGLETA,Bacillati,2,9
1903,AGLETA,Fungi,1,9
1904,AGLETA,Pseudomonadati,6,9
1905,AGLETC,Metazoa,4,4
1906,AGLETG,Bacillati,1,1
1907,AGLETI,Metazoa,23,23
1908,AGLETL,Bacillati,1,6
1909,AGLETL,Metazoa,2,6
1910,AGLETL,Viridiplantae,3,6
1911,AGLETM,Fungi,1,1
1912,AGLETP,Bacillati,1,3
1913,AGLETP,Viridiplantae,2,3
1914,AGLETS,Bacillati,1,77
1915,AGLETS,Fungi,3,77
1916,AGLETS,Metazoa,69,77
1917,AGLETS,Pseudomonadati,1,77
1918,AGLETS,Viridiplantae,3,77
1919,AGLETT,Bacillati,462,726
1920,AGLETT,Fungi,53,726
1921,AGLETT,Metazoa,120,726
1922,AGLETT,Pseudomonadati,54,726
1923,AGLETT,Thermotogati,10,726
1924,AGLETT,Viridiplantae,25,726
1925,AGLETV,Bacillati,4,36
1926,AGLETV,Fungi,10,36
1927,AGLETV,Metazoa,20,36
1928,AGLETV,Viridiplantae,2,36
1929,AGLGPL,Metazoa,8,8
1930,AGLGTS,Viridiplantae,1,1
1931,AGLGTT,Fungi,1,23
1932,AGLGTT,Metazoa,21,23
1933,AGLGTT,Pseudomonadati,1,23
1934,AGLHTA,Fungi,1,2
1935,AGLHTA,Pseudomonadati,1,2
1936,AGLHTI,Fungi,1,2
1937,AGLHTI,Metazoa,1,2
1938,AGLHTS,Fungi,1,1
1939,AGLHTT,Bacillati,17,32
1940,AGLHTT,Fungi,4,32
1941,AGLHTT,Metazoa,6,32
1942,AGLHTT,Pseudomonadati,1,32
1943,AGLHTT,Viridiplantae,4,32
1944,AGLHTV,Bacillati,82,83
1945,AGLHTV,Metazoa,1,83
1946,AGLINT,Fungi,1,1
1947,AGLITT,Bacillati,1,2
1948,AGLITT,Metazoa,1,2
1949,AGLKTT,Metazoa,4,4
1950,AGLLTT,Metazoa,12,12
1951,AGLMTS,Metazoa,1,1
1952,AGLMTT,Metazoa,4,4
1953,AGLNPL,Metazoa,1,1
1954,AGLNTS,Fungi,2,2
1955,AGLNTT,Metazoa,2,2
1956,AGLQPL,Metazoa,3,3
1957,AGLQTS,Metazoa,1,1
1958,AGLQTT,Metazoa,4,4
1959,AGLRPT,Metazoa,1,1
1960,AGLSTS,Viridiplantae,2,2
1961,AGLSTT,Metazoa,25,25
1962,AGLTPL,Metazoa,1,1
1963,AGLTTM,Metazoa,2,2
1964,AGLTTT,Fungi,5,15
1965,AGLTTT,Metazoa,10,15
1966,AGLVNT,Fungi,1,1
1967,AGLVPL,Metazoa,3,3
1968,AGLVTS,Fungi,1,2
1969,AGLVTS,Viridiplantae,1,2
1970,AGLVTT,Fungi,1,10
1971,AGLVTT,Metazoa,9,10
1972,AGLYTS,Viridiplantae,1,1
1973,AGMATS,Bacillati,1,2
1974,AGMATS,Viridiplantae,1,2
1975,AGMATT,Metazoa,5,8
1976,AGMATT,Methanobacteriati,1,8
1977,AGMATT,Viridiplantae,2,8
1978,AGMDFT,Viridiplantae,1,1
1979,AGMDIT,Viridiplantae,1,1
1980,AGMDNP,Viridiplantae,1,1
1981,AGMDSS,Viridiplantae,1,1
1982,AGMDST,Fungi,4,11
1983,AGMDST,Metazoa,3,11
1984,AGMDST,Viridiplantae,4,11
1985,AGMDTA,Bacillati,5,34
1986,AGMDTA,Metazoa,2,34
1987,AGMDTA,Thermotogati,7,34
1988,AGMDTA,Viridiplantae,20,34
1989,AGMDTG,Fungi,1,3
1990,AGMDTG,Viridiplantae,2,3
1991,AGMDTI,Fungi,2,20
1992,AGMDTI,Metazoa,1,20
1993,AGMDTI,Viridiplantae,17,20
1994,AGMDTL,Bacillati,1,16
1995,AGMDTL,Fungi,8,16
1996,AGMDTL,Metazoa,7,16
1997,AGMDTM,Viridiplantae,1,1
1998,AGMDTN,Viridiplantae,1,1
1999,AGMDTP,Viridiplantae,8,8
2000,AGMDTS,Fungi,11,88
2001,AGMDTS,Metazoa,2,88
2002,AGMDTS,Viridiplantae,74,88
2003,AGMDTT,Bacillati,39,1134
2004,AGMDTT,Fungi,277,1134
2005,AGMDTT,Metazoa,137,1134
2006,AGMDTT,Pseudomonadati,11,1134
2007,AGMDTT,Viridiplantae,635,1134
2008,AGMDTV,Bacillati,9,82
2009,AGMDTV,Fungi,4,82
2010,AGMDTV,Metazoa,16,82
2011,AGMDTV,Pseudomonadati,7,82
2012,AGMDTV,Viridiplantae,46,82
2013,AGMEAT,Fungi,2,5
2014,AGMEAT,Metazoa,3,5
2015,AGMEST,Bacillati,2,20
2016,AGMEST,Fungi,1,20
2017,AGMEST,Metazoa,9,20
2018,AGMEST,Viridiplantae,8,20
2019,AGMESV,Metazoa,1,1
2020,AGMETA,Metazoa,7,13
2021,AGMETA,Viridiplantae,6,13
2022,AGMETI,Metazoa,22,24
2023,AGMETI,Pseudomonadati,2,24
2024,AGMETM,Viridiplantae,1,1
2025,AGMETN,Metazoa,2,2
2026,AGMETS,Bacillati,51,115
2027,AGMETS,Metazoa,54,115
2028,AGMETS,Viridiplantae,10,115
2029,AGMETT,Bacillati,126,1736
2030,AGMETT,Fungi,30,1736
2031,AGMETT,Metazoa,913,1736
2032,AGMETT,Pseudomonadati,12,1736
2033,AGMETT,Viridiplantae,649,1736
2034,AGMETV,Bacillati,1,17
2035,AGMETV,Metazoa,16,17
2036,AGMFTT,Metazoa,4,4
2037,AGMGTA,Metazoa,2,2
2038,AGMGTP,Viridiplantae,1,1
2039,AGMGTS,Metazoa,2,2
2040,AGMGTT,Fungi,1,11
2041,AGMGTT,Metazoa,8,11
2042,AGMGTT,Viridiplantae,2,11
2043,AGMHTS,Viridiplantae,2,2
2044,AGMHTT,Bacillati,1,18
2045,AGMHTT,Fungi,1,18
2046,AGMHTT,Metazoa,15,18
2047,AGMHTT,Viridiplantae,1,18
2048,AGMITL,Metazoa,2,2
2049,AGMITT,Metazoa,26,32
2050,AGMITT,Viridiplantae,6,32
2051,AGMLST,Metazoa,17,17
2052,AGMLTT,Metazoa,17,17
2053,AGMMTT,Fungi,1,2
2054,AGMMTT,Metazoa,1,2
2055,AGMNNI,Viridiplantae,6,6
2056,AGMNTS,Viridiplantae,1,1
2057,AGMNTT,Metazoa,2,2
2058,AGMNTV,Fungi,1,1
2059,AGMQPS,Metazoa,1,1
2060,AGMQTL,Metazoa,2,2
2061,AGMQTT,Metazoa,3,3
2062,AGMSPT,Fungi,1,1
2063,AGMSTS,Metazoa,3,3
2064,AGMSTT,Metazoa,1,1
2065,AGMTLT,Metazoa,2,2
2066,AGMVPL,Metazoa,1,1
2067,AGMVST,Metazoa,55,55
2068,AGMVTA,Metazoa,1,1
2069,AGMVTS,Metazoa,17,17
2070,AGMVTT,Metazoa,469,473
2071,AGMVTT,Thermotogati,3,473
2072,AGMVTT,Viridiplantae,1,473
2073,AGMYTT,Fungi,1,2
2074,AGMYTT,Viridiplantae,1,2
2075,AGNATI,Fungi,1,1
2076,AGNATL,Fungi,3,3
2077,AGNATM,Fungi,145,145
2078,AGNATT,Bacillati,3,38
2079,AGNATT,Fungi,3,38
2080,AGNATT,Metazoa,27,38
2081,AGNATT,Pseudomonadati,1,38
2082,AGNATV,Fungi,20,27
2083,AGNATV,Viridiplantae,7,27
2084,AGNDAS,Metazoa,2,2
2085,AGNDAT,Bacillati,1,1
2086,AGNDGT,Viridiplantae,10,10
2087,AGNDIT,Fungi,1,1
2088,AGNDNT,Bacillati,3,3
2089,AGNDSA,Metazoa,1,2
2090,AGNDSA,Pseudomonadati,1,2
2091,AGNDSS,Metazoa,2,4
2092,AGNDST,Bacillati,4,20
2093,AGNDST,Fungi,9,20
2094,AGNDST,Metazoa,1,20
2095,AGNDST,Pseudomonadati,6,20
2096,AGNDTA,Fungi,3,7
2097,AGNDTA,Viridiplantae,4,7
2098,AGNDTI,Fungi,7,24
2099,AGNDTI,Metazoa,2,24
2100,AGNDTI,Viridiplantae,15,24
2101,AGNDTL,Metazoa,1,1
2102,AGNDTS,Bacillati,6,89
2103,AGNDTS,Fungi,9,89
2104,AGNDTS,Metazoa,47,89
2105,AGNDTS,Viridiplantae,23,89
2106,AGNDTT,Bacillati,597,1409
2107,AGNDTT,Fungi,248,1409
2108,AGNDTT,Metazoa,224,1409
2109,AGNDTT,Pseudomonadati,253,1409
2110,AGNDTT,Viridiplantae,51,1409
2111,AGNDTV,Fungi,4,7
2112,AGNDTV,Metazoa,2,7
2113,AGNDTV,Viridiplantae,1,7
2114,AGNEAN,Viridiplantae,1,1
2115,AGNEAT,Viridiplantae,2,2
2116,AGNENM,Fungi,1,1
2117,AGNEST,Bacillati,4,32
2118,AGNEST,Metazoa,3,32
2119,AGNEST,Pseudomonadati,25,32
2120,AGNESV,Metazoa,3,3
2121,AGNETA,Bacillati,53,54
2122,AGNETA,Viridiplantae,1,54
2123,AGNETI,Bacillati,5,9
2124,AGNETI,Fungi,1,9
2125,AGNETI,Metazoa,3,9
2126,AGNETN,Bacillati,1,1
2127,AGNETS,Bacillati,8,180
2128,AGNETS,Fungi,49,180
2129,AGNETS,Metazoa,93,180
2130,AGNETS,Pseudomonadati,21,180
2131,AGNETS,Viridiplantae,7,180
2132,AGNETT,Bacillati,5383,6813
2133,AGNETT,Fungi,66,6813
2134,AGNETT,Metazoa,34,6813
2135,AGNETT,Methanobacteriati,20,6813
2136,AGNETT,Pseudomonadati,836,6813
2137,AGNETT,Thermoproteati,27,6813
2138,AGNETT,Thermotogati,6,6813
2139,AGNETT,Viridiplantae,222,6813
2140,AGNETV,Bacillati,60,76
2141,AGNETV,Fungi,5,76
2142,AGNETV,Metazoa,2,76
2143,AGNETV,Pseudomonadati,4,76
2144,AGNETV,Viridiplantae,3,76
2145,AGNGPT,Bacillati,1,1
2146,AGNGPV,Viridiplantae,3,3
2147,AGNGSI,Viridiplantae,4,4
2148,AGNGTI,Viridiplantae,29,29
2149,AGNGTL,Viridiplantae,2,2
2150,AGNGTS,Bacillati,1,1
2151,AGNGTT,Fungi,1,4
2152,AGNGTT,Metazoa,2,4
2153,AGNGTT,Viridiplantae,1,4
2154,AGNGTV,Viridiplantae,6,6
2155,AGNHTS,Fungi,3,3
2156,AGNHTT,Bacillati,2,5
2157,AGNHTT,Pseudomonadati,1,5
2158,AGNHTT,Viridiplantae,2,5
2159,AGNHTV,Viridiplantae,1,1
2160,AGNIAT,Fungi,2,2
2161,AGNIST,Pseudomonadati,1,1
2162,AGNITT,Bacillati,19,84
2163,AGNITT,Methanobacteriati,63,84
2164,AGNITT,Pseudomonadati,2,84
2165,AGNKTS,Pseudomonadati,2,2
2166,AGNLTM,Fungi,1,1
2167,AGNLTT,Bacillati,9,23
2168,AGNLTT,Metazoa,1,23
2169,AGNLTT,Pseudomonadati,11,23
2170,AGNMSV,Bacillati,1,1
2171,AGNNTT,Fungi,1,2
2172,AGNNTT,Viridiplantae,1,2
2173,AGNQTT,Metazoa,1,1
2174,AGNSTI,Viridiplantae,1,1
2175,AGNTTT,Bacillati,8,9
2176,AGNTTT,Methanobacteriati,1,9
2177,AGNTTV,Fungi,2,2
2178,AGNVTA,Metazoa,2,2
2179,AGNVTL,Viridiplantae,17,17
2180,AGNVTT,Bacillati,26,81
2181,AGNVTT,Fungi,2,81
2182,AGNVTT,Methanobacteriati,11,81
2183,AGNVTT,Pseudomonadati,41,81
2184,AGNVTV,Viridiplantae,1,1
2185,AGNYTT,Viridiplantae,1,1
2186,AGPDAT,Fungi,5,5
2187,AGPDTM,Metazoa,3,3
2188,AGPDTS,Viridiplantae,1,1
2189,AGPDTT,Viridiplantae,3,3
2190,AGPDTV,Viridiplantae,1,1
2191,AGPETL,Metazoa,1,1
2192,AGPETS,Viridiplantae,5,5
2193,AGPETT,Bacillati,1,6
2194,AGPETT,Metazoa,5,6
2195,AGPNST,Fungi,1,1
2196,AGQASS,Fungi,1,1
2197,AGQASV,Metazoa,1,1
2198,AGQATT,Bacillati,6,17
2199,AGQATT,Fungi,3,17
2200,AGQATT,Pseudomonadati,1,17
2201,AGQATT,Viridiplantae,4,17
2202,AGQATV,Fungi,20,20
2203,AGQDAS,Bacillati,2,2
2204,AGQDAT,Metazoa,3,4
2205,AGQDAT,Viridiplantae,1,4
2206,AGQDIT,Fungi,1,1
2207,AGQDNL,Fungi,1,1
2208,AGQDNN,Fungi,2,2
2209,AGQDNP,Bacillati,2,2
2210,AGQDNT,Fungi,2,2
2211,AGQDPS,Bacillati,5,5
2212,AGQDPV,Bacillati,2,2
2213,AGQDQM,Metazoa,2,2
2214,AGQDSG,Viridiplantae,3,3
2215,AGQDSI,Metazoa,1,1
2216,AGQDSN,Metazoa,2,2
2217,AGQDSS,Fungi,1,3
2218,AGQDSS,Metazoa,2,3
2219,AGQDST,Fungi,9,44
2220,AGQDST,Metazoa,8,44
2221,AGQDST,Viridiplantae,14,44
2222,AGQDSV,Fungi,1,141
2223,AGQDSV,Metazoa,139,141
2224,AGQDSV,Viridiplantae,1,141
2225,AGQDTA,Fungi,5,25
2226,AGQDTA,Metazoa,16,25
2227,AGQDTA,Viridiplantae,4,25
2228,AGQDTG,Fungi,1,15
2229,AGQDTG,Viridiplantae,12,15
2230,AGQDTI,Fungi,2,70
2231,AGQDTI,Metazoa,43,70
2232,AGQDTI,Viridiplantae,25,70
2233,AGQDTL,Metazoa,1,2
2234,AGQDTL,Viridiplantae,1,2
2235,AGQDTM,Metazoa,83,85
2236,AGQDTM,Viridiplantae,2,85
2237,AGQDTN,Metazoa,5,5
2238,AGQDTS,Fungi,10,81
2239,AGQDTS,Metazoa,23,81
2240,AGQDTS,Pseudomonadati,4,81
2241,AGQDTS,Viridiplantae,17,81
2242,AGQDTT,Bacillati,57,1011
2243,AGQDTT,Fungi,231,1011
2244,AGQDTT,Metazoa,293,1011
2245,AGQDTT,Pseudomonadati,26,1011
2246,AGQDTT,Viridiplantae,372,1011
2247,AGQDTV,Fungi,7,265
2248,AGQDTV,Metazoa,82,265
2249,AGQDTV,Pseudomonadati,1,265
2250,AGQDTV,Viridiplantae,175,265
2251,AGQDVP,Viridiplantae,1,1
2252,AGQEAS,Bacillati,3,3
2253,AGQEAT,Bacillati,31,48
2254,AGQEAT,Fungi,1,48
2255,AGQEAT,Pseudomonadati,5,48
2256,AGQEAT,Viridiplantae,11,48
2257,AGQEET,Metazoa,1,1
2258,AGQEGN,Viridiplantae,4,4
2259,AGQEGP,Fungi,1,1
2260,AGQEGT,Bacillati,1,3
2261,AGQEGT,Viridiplantae,2,3
2262,AGQEGV,Viridiplantae,1,1
2263,AGQEII,Metazoa,4,4
2264,AGQEIT,Bacillati,1,3
2265,AGQEIT,Viridiplantae,2,3
2266,AGQEKA,Metazoa,2,2
2267,AGQEKG,Metazoa,1,1
2268,AGQEKT,Viridiplantae,1,1
2269,AGQEMT,Metazoa,1,5
2270,AGQEMT,Pseudomonadati,1,5
2271,AGQEMT,Viridiplantae,3,5
2272,AGQENI,Metazoa,2,2
2273,AGQENP,Fungi,84,85
2274,AGQENP,Viridiplantae,1,85
2275,AGQENT,Fungi,2,6
2276,AGQENT,Pseudomonadati,1,6
2277,AGQENT,Viridiplantae,3,6
2278,AGQENV,Metazoa,1,2
2279,AGQENV,Viridiplantae,1,2
2280,AGQEPM,Bacillati,2,4
2281,AGQEPM,Pseudomonadati,2,4
2282,AGQEPP,Viridiplantae,2,2
2283,AGQEPT,Bacillati,7,12
2284,AGQEPT,Viridiplantae,5,12
2285,AGQEPV,Bacillati,42,46
2286,AGQEPV,Pseudomonadati,4,46
2287,AGQESA,Viridiplantae,1,1
2288,AGQESI,Viridiplantae,2,2
2289,AGQESM,Pseudomonadati,1,2
2290,AGQESM,Viridiplantae,1,2
2291,AGQESS,Fungi,2,20
2292,AGQESS,Metazoa,2,20
2293,AGQESS,Viridiplantae,16,20
2294,AGQEST,Bacillati,1,79
2295,AGQEST,Fungi,3,79
2296,AGQEST,Metazoa,27,79
2297,AGQEST,Pseudomonadati,2,79
2298,AGQEST,Viridiplantae,46,79
2299,AGQESV,Fungi,1,19
2300,AGQESV,Metazoa,18,19
2301,AGQETA,Bacillati,2,50
2302,AGQETA,Fungi,5,50
2303,AGQETA,Metazoa,1,50
2304,AGQETA,Viridiplantae,42,50
2305,AGQETG,Fungi,1,3
2306,AGQETG,Viridiplantae,2,3
2307,AGQETI,Fungi,6,31
2308,AGQETI,Metazoa,5,31
2309,AGQETI,Pseudomonadati,1,31
2310,AGQETI,Viridiplantae,19,31
2311,AGQETL,Fungi,1,5
2312,AGQETL,Viridiplantae,4,5
2313,AGQETM,Bacillati,1,10
2314,AGQETM,Fungi,2,10
2315,AGQETM,Metazoa,3,10
2316,AGQETM,Viridiplantae,4,10
2317,AGQETN,Viridiplantae,3,3
2318,AGQETS,Bacillati,12,247
2319,AGQETS,Fungi,41,247
2320,AGQETS,Metazoa,36,247
2321,AGQETS,Viridiplantae,156,247
2322,AGQETT,Bacillati,279,4776
2323,AGQETT,Fungi,159,4776
2324,AGQETT,Metazoa,1346,4776
2325,AGQETT,Methanobacteriati,3,4776
2326,AGQETT,Pseudomonadati,75,4776
2327,AGQETT,Viridiplantae,2912,4776
2328,AGQETV,Bacillati,2,313
2329,AGQETV,Fungi,5,313
2330,AGQETV,Metazoa,15,313
2331,AGQETV,Pseudomonadati,1,313
2332,AGQETV,Viridiplantae,290,313
2333,AGQFTT,Metazoa,5,5
2334,AGQGGT,Fungi,5,5
2335,AGQGST,Fungi,1,1
2336,AGQGTI,Viridiplantae,29,29
2337,AGQGTM,Fungi,1,1
2338,AGQGTS,Viridiplantae,1,1
2339,AGQGTT,Bacillati,1,49
2340,AGQGTT,Fungi,13,49
2341,AGQGTT,Metazoa,5,49
2342,AGQGTT,Pseudomonadati,1,49
2343,AGQGTT,Viridiplantae,29,49
2344,AGQGTV,Bacillati,4,7
2345,AGQGTV,Metazoa,2,7
2346,AGQGTV,Viridiplantae,1,7
2347,AGQHAI,Fungi,1,1
2348,AGQHAT,Viridiplantae,3,3
2349,AGQHNS,Fungi,22,22
2350,AGQHNT,Fungi,3,3
2351,AGQHQS,Fungi,4,4
2352,AGQHSS,Fungi,1639,1642
2353,AGQHSS,Metazoa,1,1642
2354,AGQHSS,Viridiplantae,2,1642
2355,AGQHST,Fungi,1,1
2356,AGQHTG,Fungi,2,2
2357,AGQHTM,Metazoa,1,1
2358,AGQHTS,Bacillati,6,1747
2359,AGQHTS,Fungi,629,1747
2360,AGQHTS,Metazoa,969,1747
2361,AGQHTS,Pseudomonadati,23,1747
2362,AGQHTS,Viridiplantae,46,1747
2363,AGQHTT,Bacillati,1,46
2364,AGQHTT,Fungi,25,46
2365,AGQHTT,Metazoa,6,46
2366,AGQHTT,Viridiplantae,14,46
2367,AGQHTV,Bacillati,2,2
2368,AGQITS,Bacillati,1,1
2369,AGQITT,Fungi,2,18
2370,AGQITT,Viridiplantae,14,18
2371,AGQKPT,Viridiplantae,3,3
2372,AGQKTT,Fungi,1,3
2373,AGQKTT,Viridiplantae,2,3
2374,AGQLKA,Metazoa,1,1
2375,AGQLKT,Metazoa,1,1
2376,AGQLNT,Bacillati,1,1
2377,AGQLTT,Bacillati,5,8
2378,AGQLTT,Viridiplantae,3,8
2379,AGQNTS,Viridiplantae,1,1
2380,AGQNTT,Fungi,3,13
2381,AGQNTT,Metazoa,10,13
2382,AGQQTT,Fungi,2,10
2383,AGQQTT,Metazoa,3,10
2384,AGQQTT,Viridiplantae,5,10
2385,AGQRTT,Bacillati,3,3
2386,AGQSSN,Metazoa,4,4
2387,AGQSST,Metazoa,2,2
2388,AGQSTL,Viridiplantae,7,7
2389,AGQSTN,Viridiplantae,1,1
2390,AGQSTT,Viridiplantae,18,18
2391,AGQSTV,Viridiplantae,1,1
2392,AGQTAT,Bacillati,1,1
2393,AGQTTA,Viridiplantae,3,3
2394,AGQTTT,Bacillati,1,117
2395,AGQTTT,Metazoa,2,117
2396,AGQTTT,Viridiplantae,113,117
2397,AGQVST,Pseudomonadati,1,2
2398,AGQVST,Viridiplantae,1,2
2399,AGQVTM,Metazoa,1,1
2400,AGQVTT,Bacillati,2,120
2401,AGQVTT,Fungi,6,120
2402,AGQVTT,Metazoa,1,120
2403,AGQVTT,Pseudomonadati,15,120
2404,AGQVTT,Viridiplantae,90,120
2405,AGQXTX,Viridiplantae,1,1
2406,AGQYSS,Fungi,1,1
2407,AGRATI,Viridiplantae,1,1
2408,AGRATT,Fungi,7,7
2409,AGRCTT,Viridiplantae,1,1
2410,AGRDAF,Viridiplantae,2,2
2411,AGRDAI,Viridiplantae,32,32
2412,AGRDAL,Viridiplantae,6,6
2413,AGRDAM,Viridiplantae,1,1
2414,AGRDAP,Viridiplantae,1,1
2415,AGRDAS,Fungi,1,12
2416,AGRDAS,Viridiplantae,11,12
2417,AGRDAT,Fungi,30,53
2418,AGRDAT,Viridiplantae,21,53
2419,AGRDAV,Viridiplantae,22,22
2420,AGRDGI,Fungi,1,3
2421,AGRDGI,Viridiplantae,2,3
2422,AGRDGL,Viridiplantae,1,1
2423,AGRDGP,Viridiplantae,3,3
2424,AGRDGT,Viridiplantae,5,5
2425,AGRDGV,Viridiplantae,3,3
2426,AGRDIS,Viridiplantae,1,1
2427,AGRDLV,Fungi,1,1
2428,AGRDMT,Fungi,1,1
2429,AGRDNT,Fungi,28,31
2430,AGRDNT,Viridiplantae,1,31
2431,AGRDPA,Fungi,5,5
2432,AGRDPI,Viridiplantae,8,8
2433,AGRDPT,Fungi,10,11
2434,AGRDPT,Viridiplantae,1,11
2435,AGRDPV,Viridiplantae,1,1
2436,AGRDSA,Fungi,1,1
2437,AGRDSI,Fungi,5,7
2438,AGRDSI,Viridiplantae,2,7
2439,AGRDSL,Fungi,1,5
2440,AGRDSL,Viridiplantae,4,5
2441,AGRDSM,Fungi,3,5
2442,AGRDSM,Viridiplantae,2,5
2443,AGRDSN,Fungi,1,1
2444,AGRDSP,Fungi,1,1
2445,AGRDSS,Viridiplantae,19,19
2446,AGRDST,Fungi,107,278
2447,AGRDST,Metazoa,2,278
2448,AGRDST,Viridiplantae,120,278
2449,AGRDSV,Fungi,8,21
2450,AGRDSV,Viridiplantae,13,21
2451,AGRDTA,Fungi,13,25
2452,AGRDTA,Viridiplantae,11,25
2453,AGRDTF,Viridiplantae,1,1
2454,AGRDTI,Fungi,22,370
2455,AGRDTI,Viridiplantae,348,370
2456,AGRDTL,Fungi,3,32
2457,AGRDTL,Viridiplantae,29,32
2458,AGRDTM,Fungi,11,62
2459,AGRDTM,Viridiplantae,49,62
2460,AGRDTN,Fungi,1,9
2461,AGRDTN,Viridiplantae,8,9
2462,AGRDTP,Fungi,16,18
2463,AGRDTP,Viridiplantae,2,18
2464,AGRDTR,Fungi,1,1
2465,AGRDTS,Fungi,65,1999
2466,AGRDTS,Metazoa,4,1999
2467,AGRDTS,Viridiplantae,1891,1999
2468,AGRDTT,Bacillati,4,10110
2469,AGRDTT,Bamfordvirae,2,10110
2470,AGRDTT,Fungi,6098,10110
2471,AGRDTT,Metazoa,10,10110
2472,AGRDTT,Viridiplantae,3486,10110
2473,AGRDTV,Fungi,141,1071
2474,AGRDTV,Metazoa,5,1071
2475,AGRDTV,Pseudomonadati,1,1071
2476,AGRDTV,Viridiplantae,924,1071
2477,AGREAS,Thermotogati,1,1
2478,AGREAT,Pseudomonadati,1,3
2479,AGREAT,Viridiplantae,2,3
2480,AGREGT,Viridiplantae,1,1
2481,AGREPT,Bacillati,1,1
2482,AGRESM,Fungi,1,1
2483,AGRESS,Metazoa,9,9
2484,AGREST,Fungi,2,22
2485,AGREST,Metazoa,5,22
2486,AGREST,Viridiplantae,15,22
2487,AGRESV,Viridiplantae,1,5
2488,AGRETA,Metazoa,2,2
2489,AGRETI,Viridiplantae,3,3
2490,AGRETM,Fungi,1,14
2491,AGRETM,Viridiplantae,13,14
2492,AGRETS,Fungi,1,37
2493,AGRETS,Metazoa,13,37
2494,AGRETS,Viridiplantae,22,37
2495,AGRETT,Bacillati,2,328
2496,AGRETT,Fungi,16,328
2497,AGRETT,Metazoa,4,328
2498,AGRETT,Pseudomonadati,1,328
2499,AGRETT,Viridiplantae,258,328
2500,AGRETV,Viridiplantae,2,20
2501,AGRGAM,Viridiplantae,1,1
2502,AGRGPT,Viridiplantae,1,1
2503,AGRGSM,Viridiplantae,4,4
2504,AGRGST,Viridiplantae,1,1
2505,AGRGTT,Fungi,3,6
2506,AGRGTT,Metazoa,2,6
2507,AGRGTT,Viridiplantae,1,6
2508,AGRGTV,Viridiplantae,1,1
2509,AGRHTS,Fungi,4,4
2510,AGRHTT,Viridiplantae,5,5
2511,AGRNTT,Fungi,26,33
2512,AGRNTT,Viridiplantae,7,33
2513,AGRQTT,Viridiplantae,5,5
2514,AGRSTI,Viridiplantae,1,1
2515,AGRSTL,Viridiplantae,1,1
2516,AGRSTT,Fungi,25,26
2517,AGRSTT,Viridiplantae,1,26
2518,AGRTGT,Fungi,1,1
2519,AGRVTT,Viridiplantae,1,2
2520,AGSASS,Viridiplantae,2,2
2521,AGSAST,Fungi,2,2
2522,AGSATI,Metazoa,1,3
2523,AGSATI,Viridiplantae,2,3
2524,AGSATS,Fungi,2,6
2525,AGSATS,Viridiplantae,4,6
2526,AGSATT,Bacillati,7,167
2527,AGSATT,Fungi,56,167
2528,AGSATT,Metazoa,1,167
2529,AGSATT,Pseudomonadati,1,167
2530,AGSATT,Viridiplantae,101,167
2531,AGSATV,Bacillati,2,3
2532,AGSATV,Fungi,1,3
2533,AGSCTT,Fungi,1,1
2534,AGSDAA,Viridiplantae,1,1
2535,AGSDAI,Fungi,2,3
2536,AGSDAI,Viridiplantae,1,3
2537,AGSDAL,Fungi,1,1
2538,AGSDAM,Fungi,3,11
2539,AGSDAM,Viridiplantae,8,11
2540,AGSDAP,Fungi,1,1
2541,AGSDAS,Viridiplantae,5,6
2542,AGSDAT,Bacillati,2,21
2543,AGSDAT,Fungi,2,21
2544,AGSDAT,Metazoa,6,21
2545,AGSDAT,Viridiplantae,11,21
2546,AGSDAV,Fungi,2,6
2547,AGSDAV,Metazoa,4,6
2548,AGSDGP,Fungi,1,1
2549,AGSDGT,Fungi,7,8
2550,AGSDGT,Viridiplantae,1,8
2551,AGSDGV,Fungi,7,8
2552,AGSDGV,Metazoa,1,8
2553,AGSDIV,Metazoa,1,1
2554,AGSDKT,Fungi,2,2
2555,AGSDLT,Fungi,4,4
2556,AGSDNP,Fungi,1,1
2557,AGSDNS,Viridiplantae,1,1
2558,AGSDNT,Fungi,7,8
2559,AGSDNT,Viridiplantae,1,8
2560,AGSDPI,Pseudomonadati,1,1
2561,AGSDPS,Metazoa,1,8
2562,AGSDPS,Viridiplantae,7,8
2563,AGSDPT,Fungi,40,42
2564,AGSDPT,Viridiplantae,2,42
2565,AGSDPV,Fungi,4,6
2566,AGSDPV,Metazoa,2,6
2567,AGSDQP,Viridiplantae,2,2
2568,AGSDSA,Viridiplantae,3,3
2569,AGSDSI,Fungi,1,7
2570,AGSDSI,Metazoa,2,7
2571,AGSDSI,Viridiplantae,4,7
2572,AGSDSM,Metazoa,1,1
2573,AGSDSN,Viridiplantae,4,5
2574,AGSDSP,Fungi,1,1
2575,AGSDSS,Fungi,11,98
2576,AGSDSS,Metazoa,8,98
2577,AGSDSS,Pseudomonadati,18,98
2578,AGSDSS,Viridiplantae,61,98
2579,AGSDST,Bacillati,2,379
2580,AGSDST,Fungi,334,379
2581,AGSDST,Metazoa,12,379
2582,AGSDST,Viridiplantae,26,379
2583,AGSDSV,Bacillati,4,42
2584,AGSDSV,Fungi,24,42
2585,AGSDSV,Metazoa,13,42
2586,AGSDSV,Viridiplantae,1,42
2587,AGSDTA,Fungi,60,104
2588,AGSDTA,Metazoa,9,104
2589,AGSDTA,Pseudomonadati,1,104
2590,AGSDTA,Viridiplantae,31,104
2591,AGSDTC,Fungi,3,3
2592,AGSDTG,Fungi,5,7
2593,AGSDTG,Viridiplantae,2,7
2594,AGSDTI,Bacillati,3,181
2595,AGSDTI,Fungi,115,181
2596,AGSDTI,Metazoa,12,181
2597,AGSDTI,Viridiplantae,49,181
2598,AGSDTK,Fungi,1,8
2599,AGSDTK,Viridiplantae,7,8
2600,AGSDTL,Fungi,21,30
2601,AGSDTL,Metazoa,9,30
2602,AGSDTM,Fungi,12,67
2603,AGSDTM,Metazoa,1,67
2604,AGSDTM,Viridiplantae,54,67
2605,AGSDTN,Fungi,11,30
2606,AGSDTN,Metazoa,10,30
2607,AGSDTN,Viridiplantae,8,30
2608,AGSDTP,Bacillati,1,12
2609,AGSDTP,Fungi,3,12
2610,AGSDTP,Metazoa,3,12
2611,AGSDTP,Viridiplantae,5,12
2612,AGSDTR,Viridiplantae,1,1
2613,AGSDTS,Bacillati,3,1901
2614,AGSDTS,Fungi,798,1901
2615,AGSDTS,Metazoa,97,1901
2616,AGSDTS,Methanobacteriati,3,1901
2617,AGSDTS,Pseudomonadati,3,1901
2618,AGSDTS,Viridiplantae,977,1901
2619,AGSDTT,Bacillati,38,10317
2620,AGSDTT,Fungi,9106,10317
2621,AGSDTT,Metazoa,297,10317
2622,AGSDTT,Pseudomonadati,65,10317
2623,AGSDTT,Viridiplantae,734,10317
2624,AGSDTV,Bacillati,6,383
2625,AGSDTV,Fungi,290,383
2626,AGSDTV,Metazoa,55,383
2627,AGSDTV,Pseudomonadati,2,383
2628,AGSDTV,Viridiplantae,17,383
2629,AGSDTX,Viridiplantae,1,1
2630,AGSEAA,Fungi,1,1
2631,AGSEAM,Viridiplantae,2,2
2632,AGSEAP,Fungi,1,4
2633,AGSEAP,Viridiplantae,3,4
2634,AGSEAS,Fungi,2,9
2635,AGSEAS,Viridiplantae,7,9
2636,AGSEAT,Fungi,11,14
2637,AGSEAT,Metazoa,1,14
2638,AGSEAT,Viridiplantae,2,14
2639,AGSEAV,Viridiplantae,5,5
2640,AGSEEP,Fungi,1,1
2641,AGSEGT,Fungi,3,4
2642,AGSEGT,Viridiplantae,1,4
2643,AGSEIT,Fungi,1,3
2644,AGSEIT,Viridiplantae,2,3
2645,AGSEIV,Metazoa,1,1
2646,AGSEKS,Metazoa,6,6
2647,AGSEMT,Fungi,1,1
2648,AGSENA,Bacillati,11,17
2649,AGSENA,Metazoa,1,17
2650,AGSENA,Viridiplantae,5,17
2651,AGSENL,Fungi,1,1
2652,AGSENT,Bacillati,11,13
2653,AGSENT,Fungi,1,13
2654,AGSENT,Viridiplantae,1,13
2655,AGSENV,Bacillati,13,17
2656,AGSENV,Fungi,4,17
2657,AGSEPL,Metazoa,2,2
2658,AGSEPS,Viridiplantae,6,6
2659,AGSEPT,Fungi,6,6
2660,AGSESF,Viridiplantae,4,4
2661,AGSESI,Fungi,1,1
2662,AGSESL,Bacillati,1,1
2663,AGSESM,Metazoa,2,2
2664,AGSESP,Viridiplantae,1,1
2665,AGSESS,Bacillati,8,55
2666,AGSESS,Fungi,4,55
2667,AGSESS,Metazoa,5,55
2668,AGSESS,Viridiplantae,38,55
2669,AGSEST,Bacillati,12,168
2670,AGSEST,Fungi,39,168
2671,AGSEST,Metazoa,52,168
2672,AGSEST,Pseudomonadati,9,168
2673,AGSEST,Viridiplantae,54,168
2674,AGSESV,Bacillati,1,14
2675,AGSESV,Metazoa,7,14
2676,AGSESV,Pseudomonadati,1,14
2677,AGSESV,Viridiplantae,5,14
2678,AGSETA,Bacillati,30,147
2679,AGSETA,Fungi,14,147
2680,AGSETA,Metazoa,10,147
2681,AGSETA,Pseudomonadati,3,147
2682,AGSETA,Viridiplantae,84,147
2683,AGSETC,Viridiplantae,2,2
2684,AGSETG,Fungi,6,10
2685,AGSETG,Metazoa,3,10
2686,AGSETG,Pseudomonadati,1,10
2687,AGSETI,Bacillati,5,63
2688,AGSETI,Fungi,32,63
2689,AGSETI,Metazoa,10,63
2690,AGSETI,Viridiplantae,16,63
2691,AGSETL,Bacillati,10,33
2692,AGSETL,Fungi,20,33
2693,AGSETL,Metazoa,1,33
2694,AGSETL,Viridiplantae,2,33
2695,AGSETM,Bacillati,2,31
2696,AGSETM,Fungi,22,31
2697,AGSETM,Metazoa,7,31
2698,AGSETN,Metazoa,6,8
2699,AGSETN,Viridiplantae,2,8
2700,AGSETP,Fungi,5,16
2701,AGSETP,Metazoa,4,16
2702,AGSETP,Viridiplantae,7,16
2703,AGSETQ,Fungi,2,2
2704,AGSETS,Bacillati,49,1787
2705,AGSETS,Fungi,334,1787
2706,AGSETS,Heunggongvirae,2,1787
2707,AGSETS,Metazoa,145,1787
2708,AGSETS,Pseudomonadati,11,1787
2709,AGSETS,Viridiplantae,1224,1787
2710,AGSETT,Bacillati,458,8473
2711,AGSETT,Fungi,5244,8473
2712,AGSETT,Metazoa,1825,8473
2713,AGSETT,Pseudomonadati,165,8473
2714,AGSETT,Viridiplantae,723,8473
2715,AGSETV,Bacillati,40,280
2716,AGSETV,Fungi,71,280
2717,AGSETV,Metazoa,130,280
2718,AGSETV,Pseudomonadati,1,280
2719,AGSETV,Viridiplantae,22,280
2720,AGSEVP,Viridiplantae,1,1
2721,AGSFTT,Metazoa,3,3
2722,AGSGNT,Fungi,1,1
2723,AGSGST,Bacillati,1,24
2724,AGSGST,Fungi,5,24
2725,AGSGST,Metazoa,1,24
2726,AGSGST,Viridiplantae,17,24
2727,AGSGTA,Fungi,4,8
2728,AGSGTA,Viridiplantae,4,8
2729,AGSGTI,Fungi,6,14
2730,AGSGTI,Viridiplantae,8,14
2731,AGSGTS,Fungi,25,43
2732,AGSGTS,Viridiplantae,18,43
2733,AGSGTT,Bacillati,9,333
2734,AGSGTT,Fungi,307,333
2735,AGSGTT,Metazoa,6,333
2736,AGSGTT,Pseudomonadati,2,333
2737,AGSGTT,Viridiplantae,7,333
2738,AGSGTV,Fungi,20,35
2739,AGSGTV,Metazoa,2,35
2740,AGSGTV,Viridiplantae,13,35
2741,AGSHAV,Metazoa,2,2
2742,AGSHSP,Bacillati,1,1
2743,AGSHSS,Viridiplantae,1,1
2744,AGSHST,Fungi,28,30
2745,AGSHTG,Viridiplantae,1,1
2746,AGSHTL,Fungi,54,54
2747,AGSHTS,Fungi,3,13
2748,AGSHTS,Metazoa,7,13
2749,AGSHTS,Viridiplantae,3,13
2750,AGSHTT,Fungi,152,197
2751,AGSHTT,Metazoa,16,197
2752,AGSHTT,Methanobacteriati,3,197
2753,AGSHTT,Viridiplantae,25,197
2754,AGSHTV,Fungi,1,2
2755,AGSHTV,Metazoa,1,2
2756,AGSIST,Fungi,1,2
2757,AGSIST,Metazoa,1,2
2758,AGSITT,Fungi,1,16
2759,AGSITT,Metazoa,8,16
2760,AGSITT,Viridiplantae,7,16
2761,AGSITV,Viridiplantae,1,1
2762,AGSKTA,Viridiplantae,1,1
2763,AGSKTI,Fungi,1,1
2764,AGSKTS,Viridiplantae,5,5
2765,AGSKTT,Fungi,2,29
2766,AGSKTT,Metazoa,21,29
2767,AGSKTT,Viridiplantae,6,29
2768,AGSLSS,Viridiplantae,2,2
2769,AGSLTS,Metazoa,2,2
2770,AGSLTT,Fungi,2,3
2771,AGSLTT,Metazoa,1,3
2772,AGSMAV,Viridiplantae,1,1
2773,AGSMTT,Fungi,1,5
2774,AGSMTT,Metazoa,1,5
2775,AGSNAT,Metazoa,1,1
2776,AGSNPV,Metazoa,1,1
2777,AGSNSR,Metazoa,1,1
2778,AGSNST,Fungi,1,2
2779,AGSNST,Viridiplantae,1,2
2780,AGSNTI,Bacillati,13,13
2781,AGSNTS,Fungi,1,7
2782,AGSNTS,Viridiplantae,6,7
2783,AGSNTT,Fungi,16,20
2784,AGSNTT,Viridiplantae,4,20
2785,AGSNTV,Bacillati,1,12
2786,AGSNTV,Metazoa,11,12
2787,AGSQST,Fungi,5,5
2788,AGSQTA,Bacillati,1,2
2789,AGSQTA,Metazoa,1,2
2790,AGSQTS,Metazoa,1,13
2791,AGSQTS,Viridiplantae,12,13
2792,AGSQTT,Bacillati,5,115
2793,AGSQTT,Fungi,4,115
2794,AGSQTT,Metazoa,101,115
2795,AGSQTT,Pseudomonadati,1,115
2796,AGSQTT,Viridiplantae,2,115
2797,AGSQTV,Fungi,1,2
2798,AGSRTT,Fungi,2,3
2799,AGSSSS,Viridiplantae,2,2
2800,AGSSTA,Fungi,1,1
2801,AGSSTI,Metazoa,3,3
2802,AGSSTS,Fungi,3,3
2803,AGSSTT,Fungi,62,92
2804,AGSSTT,Metazoa,12,92
2805,AGSSTT,Viridiplantae,15,92
2806,AGSSTV,Metazoa,2,4
2807,AGSSTV,Pseudomonadati,1,4
2808,AGSSTV,Viridiplantae,1,4
2809,AGSTAT,Viridiplantae,1,1
2810,AGSTPS,Metazoa,1,1
2811,AGSTST,Fungi,1,2
2812,AGSTST,Viridiplantae,1,2
2813,AGSTTA,Viridiplantae,1,1
2814,AGSTTI,Metazoa,2,2
2815,AGSTTT,Fungi,56,76
2816,AGSTTT,Metazoa,6,76
2817,AGSTTT,Viridiplantae,14,76
2818,AGSTTV,Metazoa,1,1
2819,AGSVAP,Viridiplantae,1,1
2820,AGSVST,Fungi,4,5
2821,AGSVST,Metazoa,1,5
2822,AGSVTT,Bacillati,1,267
2823,AGSVTT,Fungi,263,267
2824,AGSVTT,Metazoa,3,267
2825,AGSVTV,Bacillati,1,3
2826,AGSVTV,Metazoa,1,3
2827,AGSVTV,Viridiplantae,1,3
2828,AGSYSS,Viridiplantae,1,1
2829,AGSYTS,Viridiplantae,1,1
2830,AGSYTT,Metazoa,2,3
2831,AGSYTT,Viridiplantae,1,3
2832,AGTART,Fungi,1,1
2833,AGTAST,Fungi,1,4
2834,AGTAST,Metazoa,3,4
2835,AGTATI,Metazoa,4,4
2836,AGTATM,Metazoa,4,4
2837,AGTATS,Viridiplantae,11,11
2838,AGTATT,Fungi,5,49
2839,AGTATT,Metazoa,3,49
2840,AGTATT,Viridiplantae,41,49
2841,AGTCTT,Metazoa,5,6
2842,AGTCTT,Viridiplantae,1,6
2843,AGTDAA,Fungi,21,25
2844,AGTDAA,Viridiplantae,4,25
2845,AGTDAI,Metazoa,1,2
2846,AGTDAI,Viridiplantae,1,2
2847,AGTDAP,Viridiplantae,3,4
2848,AGTDAS,Metazoa,8,39
2849,AGTDAS,Viridiplantae,31,39
2850,AGTDAT,Fungi,14,34
2851,AGTDAT,Metazoa,3,34
2852,AGTDAT,Viridiplantae,17,34
2853,AGTDAV,Metazoa,3,3
2854,AGTDDA,Fungi,1,1
2855,AGTDGI,Fungi,1,1
2856,AGTDGM,Fungi,3,3
2857,AGTDGV,Fungi,6,6
2858,AGTDIP,Viridiplantae,1,1
2859,AGTDIS,Viridiplantae,1,1
2860,AGTDKS,Fungi,1,1
2861,AGTDKT,Metazoa,1,1
2862,AGTDLI,Viridiplantae,1,1
2863,AGTDLP,Viridiplantae,1,1
2864,AGTDMT,Viridiplantae,3,3
2865,AGTDNS,Viridiplantae,13,13
2866,AGTDNT,Metazoa,1,7
2867,AGTDNT,Viridiplantae,6,7
2868,AGTDNV,Viridiplantae,3,3
2869,AGTDPA,Fungi,1,2
2870,AGTDPA,Viridiplantae,1,2
2871,AGTDPP,Fungi,1,6
2872,AGTDPP,Metazoa,4,6
2873,AGTDPP,Viridiplantae,1,6
2874,AGTDPS,Viridiplantae,17,17
2875,AGTDPT,Bacillati,1,45
2876,AGTDPT,Fungi,5,45
2877,AGTDPT,Metazoa,14,45
2878,AGTDPT,Viridiplantae,25,45
2879,AGTDPV,Fungi,1,1
2880,AGTDRT,Viridiplantae,1,1
2881,AGTDSA,Fungi,1,2
2882,AGTDSA,Viridiplantae,1,2
2883,AGTDSG,Fungi,3,8
2884,AGTDSG,Viridiplantae,5,8
2885,AGTDSI,Metazoa,2,4
2886,AGTDSI,Viridiplantae,2,4
2887,AGTDSL,Metazoa,1,1
2888,AGTDSM,Metazoa,1,7
2889,AGTDSM,Viridiplantae,6,7
2890,AGTDSN,Viridiplantae,6,6
2891,AGTDSP,Viridiplantae,2,2
2892,AGTDSS,Bacillati,1,146
2893,AGTDSS,Fungi,18,146
2894,AGTDSS,Metazoa,6,146
2895,AGTDSS,Viridiplantae,120,146
2896,AGTDST,Bacillati,9,489
2897,AGTDST,Fungi,175,489
2898,AGTDST,Metazoa,35,489
2899,AGTDST,Viridiplantae,268,489
2900,AGTDSV,Fungi,19,27
2901,AGTDSV,Metazoa,2,27
2902,AGTDSV,Viridiplantae,6,27
2903,AGTDT,Fungi,1,1
2904,AGTDTA,Bacillati,1,300
2905,AGTDTA,Fungi,10,300
2906,AGTDTA,Metazoa,15,300
2907,AGTDTA,Pseudomonadati,4,300
2908,AGTDTA,Viridiplantae,270,300
2909,AGTDTF,Fungi,1,1
2910,AGTDTG,Fungi,2,44
2911,AGTDTG,Metazoa,2,44
2912,AGTDTG,Viridiplantae,40,44
2913,AGTDTI,Fungi,51,308
2914,AGTDTI,Metazoa,24,308
2915,AGTDTI,Viridiplantae,232,308
2916,AGTDTK,Viridiplantae,5,5
2917,AGTDTL,Fungi,10,37
2918,AGTDTL,Metazoa,4,37
2919,AGTDTL,Viridiplantae,23,37
2920,AGTDTM,Fungi,4,71
2921,AGTDTM,Metazoa,32,71
2922,AGTDTM,Viridiplantae,35,71
2923,AGTDTN,Fungi,4,194
2924,AGTDTN,Metazoa,3,194
2925,AGTDTN,Viridiplantae,186,194
2926,AGTDTP,Bacillati,1,20
2927,AGTDTP,Metazoa,1,20
2928,AGTDTP,Viridiplantae,17,20
2929,AGTDTQ,Viridiplantae,6,6
2930,AGTDTS,Bacillati,9,5676
2931,AGTDTS,Fungi,120,5676
2932,AGTDTS,Metazoa,377,5676
2933,AGTDTS,Pseudomonadati,7,5676
2934,AGTDTS,Viridiplantae,5138,5676
2935,AGTDTT,Bacillati,669,10176
2936,AGTDTT,Fungi,1200,10176
2937,AGTDTT,Metazoa,3459,10176
2938,AGTDTT,Pseudomonadati,34,10176
2939,AGTDTT,Viridiplantae,4685,10176
2940,AGTDTV,Bacillati,2,255
2941,AGTDTV,Fungi,59,255
2942,AGTDTV,Metazoa,55,255
2943,AGTDTV,Pseudomonadati,1,255
2944,AGTDTV,Viridiplantae,136,255
2945,AGTDTW,Viridiplantae,2,2
2946,AGTDTY,Viridiplantae,1,1
2947,AGTDTqT,Fungi,2,2
2948,AGTDVT,Fungi,1,2
2949,AGTDVT,Viridiplantae,1,2
2950,AGTEAA,Bacillati,1,1
2951,AGTEAI,Metazoa,1,1
2952,AGTEAM,Viridiplantae,1,1
2953,AGTEAN,Pseudomonadati,1,1
2954,AGTEAP,Fungi,5,5
2955,AGTEAS,Fungi,2,11
2956,AGTEAS,Viridiplantae,9,11
2957,AGTEAT,Bacillati,2,42
2958,AGTEAT,Fungi,1,42
2959,AGTEAT,Metazoa,11,42
2960,AGTEAT,Viridiplantae,28,42
2961,AGTEAV,Metazoa,2,2
2962,AGTEFS,Viridiplantae,1,1
2963,AGTEGS,Viridiplantae,4,4
2964,AGTEGT,Metazoa,1,1
2965,AGTEIS,Metazoa,1,1
2966,AGTEIT,Metazoa,1,2
2967,AGTEIT,Viridiplantae,1,2
2968,AGTEKT,Fungi,2,3
2969,AGTEKT,Metazoa,1,3
2970,AGTENI,Viridiplantae,2,2
2971,AGTENQ,Viridiplantae,9,9
2972,AGTENS,Bacillati,1,2
2973,AGTENS,Metazoa,1,2
2974,AGTENT,Bacillati,4,7
2975,AGTENT,Viridiplantae,1,7
2976,AGTENV,Bacillati,5,6
2977,AGTENV,Metazoa,1,6
2978,AGTEPA,Viridiplantae,10,10
2979,AGTEPP,Metazoa,4,7
2980,AGTEPP,Viridiplantae,3,7
2981,AGTEPS,Viridiplantae,2,2
2982,AGTEPT,Fungi,1,4
2983,AGTEPT,Metazoa,2,4
2984,AGTEPT,Viridiplantae,1,4
2985,AGTEPV,Bacillati,1,8
2986,AGTEPV,Fungi,1,8
2987,AGTEPV,Metazoa,6,8
2988,AGTEQA,Bacillati,1,1
2989,AGTESA,Fungi,1,2
2990,AGTESA,Viridiplantae,1,2
2991,AGTESI,Metazoa,2,3
2992,AGTESI,Viridiplantae,1,3
2993,AGTESM,Viridiplantae,3,3
2994,AGTESS,Metazoa,12,49
2995,AGTESS,Viridiplantae,37,49
2996,AGTEST,Bacillati,11,240
2997,AGTEST,Fungi,6,240
2998,AGTEST,Metazoa,151,240
2999,AGTEST,Viridiplantae,71,240
3000,AGTESV,Metazoa,8,26
3001,AGTESV,Viridiplantae,18,26
3002,AGTETA,Bacillati,14,133
3003,AGTETA,Metazoa,56,133
3004,AGTETA,Pseudomonadati,3,133
3005,AGTETA,Viridiplantae,60,133
3006,AGTETC,Metazoa,2,2
3007,AGTETG,Metazoa,12,15
3008,AGTETG,Viridiplantae,3,15
3009,AGTETI,Bacillati,2,477
3010,AGTETI,Fungi,18,477
3011,AGTETI,Metazoa,440,477
3012,AGTETI,Viridiplantae,17,477
3013,AGTETL,Bacillati,3,40
3014,AGTETL,Metazoa,9,40
3015,AGTETL,Viridiplantae,28,40
3016,AGTETM,Bacillati,1,106
3017,AGTETM,Fungi,1,106
3018,AGTETM,Metazoa,95,106
3019,AGTETM,Viridiplantae,9,106
3020,AGTETN,Metazoa,2,48
3021,AGTETN,Viridiplantae,46,48
3022,AGTETP,Bacillati,9,18
3023,AGTETP,Metazoa,4,18
3024,AGTETP,Viridiplantae,5,18
3025,AGTETQ,Metazoa,15,24
3026,AGTETQ,Viridiplantae,9,24
3027,AGTETS,Bacillati,37,1667
3028,AGTETS,Fungi,60,1667
3029,AGTETS,Metazoa,481,1667
3030,AGTETS,Pseudomonadati,4,1667
3031,AGTETS,Viridiplantae,1073,1667
3032,AGTETT,Bacillati,322,11364
3033,AGTETT,Fungi,1312,11364
3034,AGTETT,Metazoa,8715,11364
3035,AGTETT,Pseudomonadati,91,11364
3036,AGTETT,Viridiplantae,888,11364
3037,AGTETV,Bacillati,102,1197
3038,AGTETV,Fungi,39,1197
3039,AGTETV,Metazoa,1009,1197
3040,AGTETV,Viridiplantae,45,1197
3041,AGTETX,Metazoa,1,1
3042,AGTEVL,Pseudomonadati,1,1
3043,AGTEVT,Bacillati,2,2
3044,AGTFST,Metazoa,1,1
3045,AGTGAA,Fungi,1,1
3046,AGTGNT,Fungi,2,4
3047,AGTGNT,Pseudomonadati,2,4
3048,AGTGST,Fungi,1,4
3049,AGTGST,Viridiplantae,3,4
3050,AGTGTA,Viridiplantae,4,4
3051,AGTGTI,Metazoa,3,8
3052,AGTGTI,Viridiplantae,5,8
3053,AGTGTL,Metazoa,3,22
3054,AGTGTL,Viridiplantae,19,22
3055,AGTGTM,Metazoa,1,1
3056,AGTGTN,Viridiplantae,1,1
3057,AGTGTS,Fungi,3,43
3058,AGTGTS,Metazoa,6,43
3059,AGTGTS,Viridiplantae,34,43
3060,AGTGTT,Bacillati,1,126
3061,AGTGTT,Fungi,40,126
3062,AGTGTT,Metazoa,67,126
3063,AGTGTT,Viridiplantae,17,126
3064,AGTGTV,Bacillati,21,23
3065,AGTGTV,Fungi,1,23
3066,AGTGTV,Metazoa,1,23
3067,AGTHAP,Viridiplantae,3,3
3068,AGTHKP,Metazoa,1,1
3069,AGTHST,Viridiplantae,5,5
3070,AGTHSV,Fungi,1,1
3071,AGTHTA,Viridiplantae,2,2
3072,AGTHTI,Viridiplantae,1,1
3073,AGTHTS,Viridiplantae,48,48
3074,AGTHTT,Bacillati,2,246
3075,AGTHTT,Fungi,172,246
3076,AGTHTT,Metazoa,15,246
3077,AGTHTT,Viridiplantae,57,246
3078,AGTIST,Bacillati,6,9
3079,AGTIST,Metazoa,3,9
3080,AGTITA,Metazoa,3,3
3081,AGTITI,Fungi,1,1
3082,AGTITM,Viridiplantae,1,1
3083,AGTITS,Viridiplantae,2,2
3084,AGTITT,Bacillati,3,22
3085,AGTITT,Fungi,13,22
3086,AGTITT,Metazoa,6,22
3087,AGTKTA,Viridiplantae,1,1
3088,AGTKTS,Viridiplantae,3,3
3089,AGTKTT,Metazoa,3,9
3090,AGTKTT,Viridiplantae,6,9
3091,AGTLSS,Viridiplantae,1,1
3092,AGTLST,Metazoa,2,2
3093,AGTLTM,Fungi,3,3
3094,AGTLTS,Viridiplantae,2,2
3095,AGTLTT,Fungi,5,11
3096,AGTLTT,Metazoa,6,11
3097,AGTLTV,Pseudomonadati,1,1
3098,AGTMPT,Metazoa,1,1
3099,AGTMTT,Fungi,5,5
3100,AGTMTV,Metazoa,4,4
3101,AGTNGI,Fungi,1,1
3102,AGTNGP,Viridiplantae,6,6
3103,AGTNPA,Viridiplantae,1,1
3104,AGTNSS,Viridiplantae,2,2
3105,AGTNST,Fungi,1,27
3106,AGTNST,Metazoa,1,27
3107,AGTNST,Viridiplantae,25,27
3108,AGTNTA,Viridiplantae,1,1
3109,AGTNTI,Fungi,1,2
3110,AGTNTI,Viridiplantae,1,2
3111,AGTNTN,Viridiplantae,1,1
3112,AGTNTS,Metazoa,1,67
3113,AGTNTS,Viridiplantae,66,67
3114,AGTNTT,Fungi,3,71
3115,AGTNTT,Metazoa,7,71
3116,AGTNTT,Viridiplantae,61,71
3117,AGTNTV,Viridiplantae,3,3
3118,AGTQAA,Bacillati,1,1
3119,AGTQSS,Viridiplantae,1,1
3120,AGTQST,Metazoa,2,2
3121,AGTQTI,Metazoa,1,2
3122,AGTQTS,Bacillati,1,2
3123,AGTQTS,Viridiplantae,1,2
3124,AGTQTT,Bacillati,3,35
3125,AGTQTT,Metazoa,27,35
3126,AGTQTT,Viridiplantae,5,35
3127,AGTRTL,Viridiplantae,2,2
3128,AGTRTS,Viridiplantae,1,1
3129,AGTRTT,Fungi,1,4
3130,AGTRTT,Metazoa,1,4
3131,AGTRTT,Viridiplantae,2,4
3132,AGTSNS,Metazoa,1,1
3133,AGTSNV,Fungi,7,7
3134,AGTSSS,Viridiplantae,11,11
3135,AGTSST,Pseudomonadati,1,2
3136,AGTSST,Viridiplantae,1,2
3137,AGTSTS,Viridiplantae,27,27
3138,AGTSTT,Fungi,1,28
3139,AGTSTT,Metazoa,8,28
3140,AGTSTT,Viridiplantae,19,28
3141,AGTT,Fungi,1,1
3142,AGTTAT,Viridiplantae,1,1
3143,AGTTST,Viridiplantae,5,5
3144,AGTTTS,Viridiplantae,4,4
3145,AGTTTT,Bacillati,1,25
3146,AGTTTT,Fungi,1,25
3147,AGTTTT,Metazoa,13,25
3148,AGTTTT,Viridiplantae,10,25
3149,AGTTTV,Metazoa,1,1
3150,AGTVGS,Viridiplantae,1,1
3151,AGTVNT,Fungi,1,1
3152,AGTVST,Metazoa,15,17
3153,AGTVST,Viridiplantae,2,17
3154,AGTVTI,Metazoa,9,9
3155,AGTVTS,Bacillati,1,5
3156,AGTVTS,Fungi,1,5
3157,AGTVTS,Viridiplantae,3,5
3158,AGTVTT,Bacillati,5,333
3159,AGTVTT,Fungi,43,333
3160,AGTVTT,Metazoa,281,333
3161,AGTVTT,Pseudomonadati,1,333
3162,AGTVTT,Viridiplantae,2,333
3163,AGTVTV,Metazoa,24,24
3164,AGTYST,Fungi,1,1
3165,AGTYTA,Viridiplantae,2,2
3166,AGTYTS,Viridiplantae,4,4
3167,AGTYTT,Metazoa,1,6
3168,AGTYTT,Viridiplantae,5,6
3169,AGVAST,Viridiplantae,1,1
3170,AGVDAS,Fungi,1,1
3171,AGVDAT,Metazoa,15,16
3172,AGVDAT,Viridiplantae,1,16
3173,AGVDGT,Metazoa,1,1
3174,AGVDIT,Metazoa,1,1
3175,AGVDNI,Fungi,1,1
3176,AGVDNP,Viridiplantae,8,8
3177,AGVDNS,Viridiplantae,1,1
3178,AGVDPL,Viridiplantae,1,1
3179,AGVDPS,Viridiplantae,3,3
3180,AGVDPT,Metazoa,4,4
3181,AGVDPV,Viridiplantae,3,3
3182,AGVDSI,Fungi,1,1
3183,AGVDSN,Viridiplantae,1,1
3184,AGVDSS,Fungi,3,5
3185,AGVDSS,Viridiplantae,2,5
3186,AGVDST,Bacillati,3,23
3187,AGVDST,Fungi,5,23
3188,AGVDST,Metazoa,7,23
3189,AGVDST,Viridiplantae,8,23
3190,AGVDSV,Bacillati,3,5
3191,AGVDSV,Viridiplantae,2,5
3192,AGVDTA,Bacillati,1,64
3193,AGVDTA,Fungi,1,64
3194,AGVDTA,Metazoa,49,64
3195,AGVDTA,Viridiplantae,13,64
3196,AGVDTC,Viridiplantae,1,1
3197,AGVDTG,Viridiplantae,88,88
3198,AGVDTI,Fungi,3,355
3199,AGVDTI,Metazoa,349,355
3200,AGVDTI,Viridiplantae,3,355
3201,AGVDTL,Metazoa,2,5
3202,AGVDTL,Pseudomonadati,2,5
3203,AGVDTM,Fungi,6,7
3204,AGVDTM,Viridiplantae,1,7
3205,AGVDTN,Metazoa,1,3
3206,AGVDTN,Viridiplantae,2,3
3207,AGVDTP,Bacillati,2,3
3208,AGVDTP,Viridiplantae,1,3
3209,AGVDTS,Bacillati,2,326
3210,AGVDTS,Fungi,32,326
3211,AGVDTS,Metazoa,76,326
3212,AGVDTS,Viridiplantae,212,326
3213,AGVDTT,Bacillati,211,3273
3214,AGVDTT,Fungi,178,3273
3215,AGVDTT,Metazoa,2577,3273
3216,AGVDTT,Pseudomonadati,125,3273
3217,AGVDTT,Viridiplantae,136,3273
3218,AGVDTV,Bacillati,4,267
3219,AGVDTV,Fungi,5,267
3220,AGVDTV,Metazoa,223,267
3221,AGVDTV,Pseudomonadati,24,267
3222,AGVDTV,Viridiplantae,11,267
3223,AGVDTvrT,Metazoa,2,2
3224,AGVDVT,Viridiplantae,6,6
3225,AGVEAS,Viridiplantae,2,2
3226,AGVEAT,Bacillati,2,6
3227,AGVEAT,Metazoa,1,6
3228,AGVEAT,Viridiplantae,3,6
3229,AGVEES,Metazoa,8,8
3230,AGVEGT,Metazoa,1,1
3231,AGVEMT,Metazoa,1,1
3232,AGVENA,Metazoa,1,1
3233,AGVENT,Bacillati,1,5
3234,AGVENT,Metazoa,1,5
3235,AGVENT,Viridiplantae,1,5
3236,AGVENV,Bacillati,1,1
3237,AGVEPG,Viridiplantae,1,1
3238,AGVEPS,Metazoa,15,15
3239,AGVEPT,Bacillati,1,25
3240,AGVEPT,Metazoa,23,25
3241,AGVEPV,Viridiplantae,3,3
3242,AGVESI,Metazoa,1,1
3243,AGVESL,Pseudomonadati,3,3
3244,AGVESN,Pseudomonadati,1,1
3245,AGVESS,Bacillati,1,1
3246,AGVEST,Bacillati,6,19
3247,AGVEST,Metazoa,12,19
3248,AGVEST,Viridiplantae,1,19
3249,AGVESV,Metazoa,13,14
3250,AGVESV,Viridiplantae,1,14
3251,AGVETA,Bacillati,7,11
3252,AGVETA,Metazoa,1,11
3253,AGVETA,Viridiplantae,3,11
3254,AGVETG,Viridiplantae,15,15
3255,AGVETI,Metazoa,263,272
3256,AGVETI,Viridiplantae,9,272
3257,AGVETL,Viridiplantae,1,1
3258,AGVETM,Bacillati,1,3
3259,AGVETM,Metazoa,1,3
3260,AGVETM,Viridiplantae,1,3
3261,AGVETP,Bacillati,11,11
3262,AGVETR,Viridiplantae,2,2
3263,AGVETS,Bacillati,5,96
3264,AGVETS,Fungi,4,96
3265,AGVETS,Metazoa,57,96
3266,AGVETS,Pseudomonadati,3,96
3267,AGVETS,Viridiplantae,25,96
3268,AGVETT,Bacillati,328,2177
3269,AGVETT,Fungi,25,2177
3270,AGVETT,Metazoa,1777,2177
3271,AGVETT,Pseudomonadati,7,2177
3272,AGVETT,Viridiplantae,37,2177
3273,AGVETV,Bacillati,5,30
3274,AGVETV,Fungi,6,30
3275,AGVETV,Metazoa,19,30
3276,AGVGST,Bacillati,15,15
3277,AGVGTS,Fungi,4,13
3278,AGVGTS,Viridiplantae,9,13
3279,AGVGTT,Bacillati,4,11
3280,AGVGTT,Metazoa,2,11
3281,AGVGTT,Viridiplantae,5,11
3282,AGVHPP,Fungi,2,2
3283,AGVHST,Metazoa,1,2
3284,AGVHST,Viridiplantae,1,2
3285,AGVHTS,Metazoa,11,16
3286,AGVHTS,Viridiplantae,5,16
3287,AGVHTT,Metazoa,21,26
3288,AGVHTT,Pseudomonadati,1,26
3289,AGVHTT,Viridiplantae,4,26
3290,AGVHTV,Metazoa,1,3
3291,AGVHTV,Viridiplantae,2,3
3292,AGVINT,Fungi,22,22
3293,AGVIST,Bacillati,13,13
3294,AGVITS,Viridiplantae,1,1
3295,AGVITT,Fungi,20,21
3296,AGVITT,Metazoa,1,21
3297,AGVKPS,Metazoa,1,1
3298,AGVLTS,Metazoa,2,2
3299,AGVMTT,Bacillati,1,4
3300,AGVMTT,Fungi,1,4
3301,AGVMTT,Viridiplantae,2,4
3302,AGVNAG,Viridiplantae,2,2
3303,AGVNTG,Viridiplantae,1,1
3304,AGVNTS,Viridiplantae,97,97
3305,AGVNTT,Bacillati,3,8
3306,AGVNTT,Fungi,3,8
3307,AGVNTT,Metazoa,2,8
3308,AGVQTS,Viridiplantae,1,1
3309,AGVSTS,Viridiplantae,41,41
3310,AGVSTT,Viridiplantae,1,1
3311,AGVTST,Viridiplantae,1,1
3312,AGVTTG,Viridiplantae,1,1
3313,AGVVNT,Fungi,10,10
3314,AGVVST,Bacillati,6,6
3315,AGVVTS,Metazoa,1,1
3316,AGVVTT,Metazoa,4,4
3317,AGVXTI,Metazoa,1,1
3318,AGVXTT,Bacillati,1,1
3319,AGVYTG,Viridiplantae,1,1
3320,AGWDTS,Fungi,1,1
3321,AGWEAT,Bacillati,1,1
3322,AGWETM,Viridiplantae,1,1
3323,AGWETT,Bacillati,7,15
3324,AGWETT,Fungi,2,15
3325,AGWETT,Viridiplantae,5,15
3326,AGWETV,Bacillati,2,3
3327,AGWETV,Viridiplantae,1,3
3328,AGWLTT,Bacillati,2,2
3329,AGXDTT,Metazoa,1,1
3330,AGXEST,Fungi,1,1
3331,AGXETT,Bacillati,3,7
3332,AGXETT,Metazoa,1,7
3333,AGXETT,Viridiplantae,3,7
3334,AGXEXT,Bacillati,1,1
3335,AGXXTT,Metazoa,1,1
3336,AGYAFT,Viridiplantae,1,1
3337,AGYALT,Bacillati,1,1
3338,AGYANN,Metazoa,1,1
3339,AGYANT,Metazoa,1,1
3340,AGYANV,Metazoa,4,4
3341,AGYAST,Viridiplantae,13,13
3342,AGYATA,Metazoa,1,1
3343,AGYATI,Metazoa,1,1
3344,AGYATS,Metazoa,1,3
3345,AGYATS,Viridiplantae,2,3
3346,AGYATT,Bacillati,22,30
3347,AGYATT,Fungi,1,30
3348,AGYATT,Metazoa,4,30
3349,AGYATT,Viridiplantae,3,30
3350,AGYATV,Fungi,1,4
3351,AGYATV,Metazoa,2,4
3352,AGYATV,Pseudomonadati,1,4
3353,AGYDAM,Metazoa,1,1
3354,AGYDAS,Metazoa,1,1
3355,AGYDAT,Bacillati,1,15
3356,AGYDAT,Fungi,1,15
3357,AGYDAT,Metazoa,13,15
3358,AGYDGS,Metazoa,1,1
3359,AGYDGV,Metazoa,1,1
3360,AGYDLT,Metazoa,2,2
3361,AGYDNA,Bacillati,6,6
3362,AGYDNL,Viridiplantae,1,1
3363,AGYDNS,Bacillati,1,1
3364,AGYDNT,Bacillati,11,16
3365,AGYDNT,Metazoa,5,16
3366,AGYDPT,Metazoa,6,6
3367,AGYDPV,Bacillati,2,2
3368,AGYDSA,Metazoa,1,1
3369,AGYDSI,Metazoa,12,12
3370,AGYDSP,Bacillati,7,7
3371,AGYDSS,Fungi,2,4
3372,AGYDSS,Viridiplantae,1,4
3373,AGYDST,Bacillati,6,50
3374,AGYDST,Fungi,32,50
3375,AGYDST,Metazoa,11,50
3376,AGYDST,Methanobacteriati,1,50
3377,AGYDSV,Bacillati,1,12
3378,AGYDSV,Metazoa,11,12
3379,AGYDTA,Fungi,4,18
3380,AGYDTA,Metazoa,4,18
3381,AGYDTA,Viridiplantae,10,18
3382,AGYDTC,Metazoa,5,5
3383,AGYDTI,Fungi,6,27
3384,AGYDTI,Metazoa,17,27
3385,AGYDTI,Viridiplantae,4,27
3386,AGYDTL,Pseudomonadati,1,1
3387,AGYDTM,Fungi,2,21
3388,AGYDTM,Metazoa,18,21
3389,AGYDTM,Pseudomonadati,1,21
3390,AGYDTS,Bacillati,15,295
3391,AGYDTS,Fungi,13,295
3392,AGYDTS,Metazoa,95,295
3393,AGYDTS,Pseudomonadati,40,295
3394,AGYDTS,Viridiplantae,129,295
3395,AGYDTT,Bacillati,156,1170
3396,AGYDTT,Bamfordvirae,1,1170
3397,AGYDTT,Fungi,228,1170
3398,AGYDTT,Metazoa,578,1170
3399,AGYDTT,Pseudomonadati,27,1170
3400,AGYDTT,Thermotogati,10,1170
3401,AGYDTT,Viridiplantae,123,1170
3402,AGYDTV,Bacillati,1,54
3403,AGYDTV,Metazoa,49,54
3404,AGYDTV,Pseudomonadati,2,54
3405,AGYDTV,Viridiplantae,1,54
3406,AGYDVS,Viridiplantae,1,1
3407,AGYEAL,Metazoa,1,1
3408,AGYEAM,Metazoa,2,2
3409,AGYEAP,Metazoa,1,1
3410,AGYEAS,Metazoa,2,2
3411,AGYEAT,Bacillati,5,52
3412,AGYEAT,Fungi,1,52
3413,AGYEAT,Metazoa,46,52
3414,AGYEAV,Metazoa,1,1
3415,AGYECT,Bacillati,1,1
3416,AGYEFT,Viridiplantae,1,1
3417,AGYEFV,Metazoa,1,1
3418,AGYEGI,Metazoa,2,2
3419,AGYEGP,Metazoa,3,3
3420,AGYEGS,Metazoa,1,1
3421,AGYEGT,Metazoa,8,8
3422,AGYEGV,Metazoa,4,4
3423,AGYEII,Metazoa,98,98
3424,AGYEIL,Metazoa,1,1
3425,AGYEIV,Metazoa,182,182
3426,AGYELT,Bacillati,1,2
3427,AGYELT,Fungi,1,2
3428,AGYELV,Bacillati,1,1
3429,AGYEMS,Viridiplantae,2,2
3430,AGYEMV,Metazoa,24,24
3431,AGYENA,Bacillati,5,5
3432,AGYENM,Bacillati,1,1
3433,AGYENN,Viridiplantae,9,9
3434,AGYENS,Bacillati,20,21
3435,AGYENS,Metazoa,1,21
3436,AGYENT,Bacillati,235,241
3437,AGYENT,Metazoa,6,241
3438,AGYENV,Bacillati,12,12
3439,AGYEPC,Metazoa,4,4
3440,AGYEPG,Metazoa,2,2
3441,AGYEPI,Metazoa,1,1
3442,AGYEPM,Bacillati,1,1
3443,AGYEPN,Viridiplantae,1,1
3444,AGYEPS,Metazoa,3,4
3445,AGYEPS,Viridiplantae,1,4
3446,AGYEPT,Bacillati,1,471
3447,AGYEPT,Fungi,13,471
3448,AGYEPT,Metazoa,454,471
3449,AGYEPT,Viridiplantae,3,471
3450,AGYEPV,Fungi,20,28
3451,AGYEPV,Metazoa,7,28
3452,AGYEPV,Viridiplantae,1,28
3453,AGYEQM,Metazoa,2,2
3454,AGYEQT,Metazoa,25,25
3455,AGYESA,Viridiplantae,3,3
3456,AGYESG,Metazoa,2,3
3457,AGYESG,Viridiplantae,1,3
3458,AGYESI,Metazoa,3,3
3459,AGYESL,Bacillati,1,1
3460,AGYESM,Fungi,2,2
3461,AGYESN,Viridiplantae,1,1
3462,AGYESS,Bacillati,13,54
3463,AGYESS,Fungi,3,54
3464,AGYESS,Metazoa,27,54
3465,AGYESS,Pseudomonadati,1,54
3466,AGYESS,Viridiplantae,10,54
3467,AGYEST,Bacillati,60,382
3468,AGYEST,Fungi,20,382
3469,AGYEST,Metazoa,63,382
3470,AGYEST,Pseudomonadati,3,382
3471,AGYEST,Viridiplantae,236,382
3472,AGYESV,Metazoa,7,7
3473,AGYETA,Bacillati,25,86
3474,AGYETA,Fungi,3,86
3475,AGYETA,Metazoa,51,86
3476,AGYETA,Viridiplantae,7,86
3477,AGYETG,Metazoa,9,9
3478,AGYETI,Bacillati,1,60
3479,AGYETI,Fungi,6,60
3480,AGYETI,Metazoa,44,60
3481,AGYETI,Pseudomonadati,4,60
3482,AGYETI,Viridiplantae,5,60
3483,AGYETL,Metazoa,2,4
3484,AGYETL,Viridiplantae,2,4
3485,AGYETM,Fungi,2,6
3486,AGYETM,Metazoa,4,6
3487,AGYETN,Metazoa,8,11
3488,AGYETN,Viridiplantae,3,11
3489,AGYETP,Fungi,1,5
3490,AGYETP,Metazoa,4,5
3491,AGYETQ,Metazoa,1,1
3492,AGYETS,Bacillati,45,2143
3493,AGYETS,Fungi,68,2143
3494,AGYETS,Metazoa,1892,2143
3495,AGYETS,Pseudomonadati,45,2143
3496,AGYETS,Thermotogati,1,2143
3497,AGYETS,Viridiplantae,88,2143
3498,AGYETT,Bacillati,1136,6894
3499,AGYETT,Fungi,511,6894
3500,AGYETT,Metazoa,3873,6894
3501,AGYETT,Methanobacteriati,14,6894
3502,AGYETT,Pseudomonadati,163,6894
3503,AGYETT,Thermotogati,1,6894
3504,AGYETT,Viridiplantae,1165,6894
3505,AGYETV,Bacillati,10,194
3506,AGYETV,Fungi,38,194
3507,AGYETV,Metazoa,95,194
3508,AGYETV,Pseudomonadati,42,194
3509,AGYETV,Viridiplantae,8,194
3510,AGYETX,Bacillati,1,1
3511,AGYEVA,Bacillati,1,1
3512,AGYEVM,Fungi,1,1
3513,AGYEVT,Bacillati,7,7
3514,AGYEVV,Bacillati,3,6
3515,AGYEVV,Metazoa,3,6
3516,AGYFTT,Metazoa,2,2
3517,AGYGAT,Viridiplantae,1,1
3518,AGYGII,Metazoa,1,1
3519,AGYGMT,Metazoa,1,1
3520,AGYGNN,Metazoa,10,10
3521,AGYGNS,Viridiplantae,9,9
3522,AGYGNV,Metazoa,7,7
3523,AGYGST,Metazoa,6,7
3524,AGYGST,Viridiplantae,1,7
3525,AGYGSV,Metazoa,1,1
3526,AGYGTA,Metazoa,1,1
3527,AGYGTS,Metazoa,5,7
3528,AGYGTS,Viridiplantae,2,7
3529,AGYGTT,Bacillati,13,73
3530,AGYGTT,Fungi,5,73
3531,AGYGTT,Metazoa,36,73
3532,AGYGTT,Pseudomonadati,5,73
3533,AGYGTT,Viridiplantae,13,73
3534,AGYHAT,Bacillati,10,10
3535,AGYHNS,Metazoa,2,2
3536,AGYHNT,Bacillati,2,2
3537,AGYHQL,Metazoa,1,1
3538,AGYHSS,Metazoa,1,1
3539,AGYHST,Metazoa,3,3
3540,AGYHTI,Metazoa,1,1
3541,AGYHTS,Bacillati,5,8
3542,AGYHTS,Metazoa,1,8
3543,AGYHTT,Bacillati,17,37
3544,AGYHTT,Fungi,6,37
3545,AGYHTT,Metazoa,12,37
3546,AGYHTT,Pseudomonadati,1,37
3547,AGYHTT,Viridiplantae,1,37
3548,AGYHTV,Bacillati,2,3
3549,AGYHTV,Viridiplantae,1,3
3550,AGYINV,Metazoa,1,1
3551,AGYIPT,Viridiplantae,2,2
3552,AGYIST,Viridiplantae,4,4
3553,AGYITS,Bacillati,2,2
3554,AGYITT,Bacillati,74,85
3555,AGYITT,Fungi,11,85
3556,AGYKST,Metazoa,1,7
3557,AGYKST,Viridiplantae,6,7
3558,AGYKTI,Metazoa,1,1
3559,AGYKTS,Metazoa,1,1
3560,AGYKTT,Bacillati,3,8
3561,AGYKTT,Fungi,1,8
3562,AGYKTT,Metazoa,3,8
3563,AGYKTT,Pseudomonadati,1,8
3564,AGYLST,Bacillati,3,8
3565,AGYLST,Metazoa,3,8
3566,AGYLST,Viridiplantae,2,8
3567,AGYLTS,Metazoa,10,10
3568,AGYLTT,Bacillati,1,4
3569,AGYLTT,Fungi,1,4
3570,AGYLTT,Pseudomonadati,2,4
3571,AGYMST,Viridiplantae,1,1
3572,AGYNST,Metazoa,1,1
3573,AGYNTS,Pseudomonadati,1,1
3574,AGYNTT,Bacillati,2,11
3575,AGYNTT,Fungi,2,11
3576,AGYNTT,Metazoa,5,11
3577,AGYNTT,Viridiplantae,2,11
3578,AGYNTV,Viridiplantae,1,1
3579,AGYPTS,Metazoa,2,2
3580,AGYPTT,Bacillati,3,3
3581,AGYQAP,Viridiplantae,2,2
3582,AGYQFT,Fungi,1,1
3583,AGYQST,Metazoa,3,14
3584,AGYQST,Viridiplantae,11,14
3585,AGYQTS,Metazoa,1,1
3586,AGYQTT,Bacillati,28,61
3587,AGYQTT,Fungi,20,61
3588,AGYQTT,Metazoa,8,61
3589,AGYQTT,Pseudomonadati,2,61
3590,AGYQTT,Viridiplantae,2,61
3591,AGYRTS,Bacillati,2,2
3592,AGYRTT,Metazoa,1,3
3593,AGYRTT,Viridiplantae,2,3
3594,AGYSNS,Metazoa,2,2
3595,AGYSNV,Metazoa,2,2
3596,AGYSPT,Bacillati,1,10
3597,AGYSPT,Metazoa,9,10
3598,AGYSQV,Viridiplantae,1,1
3599,AGYSSL,Bacillati,2,2
3600,AGYSSS,Metazoa,3,3
3601,AGYSST,Metazoa,1,5
3602,AGYSST,Viridiplantae,4,5
3603,AGYSTI,Metazoa,2,6
3604,AGYSTI,Viridiplantae,4,6
3605,AGYSTP,Viridiplantae,3,3
3606,AGYSTT,Fungi,1,61
3607,AGYSTT,Metazoa,54,61
3608,AGYSTT,Pseudomonadati,4,61
3609,AGYSTT,Viridiplantae,2,61
3610,AGYSTV,Metazoa,1,77
3611,AGYSTV,Viridiplantae,76,77
3612,AGYTST,Viridiplantae,7,7
3613,AGYTTD,Metazoa,4,4
3614,AGYTTS,Metazoa,1,2
3615,AGYTTS,Pseudomonadati,1,2
3616,AGYTTT,Bacillati,5,19
3617,AGYTTT,Fungi,14,19
3618,AGYTTV,Viridiplantae,2,2
3619,AGYVAT,Metazoa,1,1
3620,AGYVST,Viridiplantae,7,7
3621,AGYVTS,Fungi,1,2
3622,AGYVTS,Pseudomonadati,1,2
3623,AGYVTT,Bacillati,28,38
3624,AGYVTT,Fungi,2,38
3625,AGYVTT,Metazoa,8,38
3626,AGYYTS,Metazoa,2,2
3627,AGYYTT,Fungi,1,1
3628,AGesHDTT,Metazoa,1,1
3629,AGeslgQETT,Metazoa,1,1
3630,AGesrHETT,Fungi,1,1
3631,AGkkvcacHETT,Fungi,1,1
3632,AGpgFDTV,Metazoa,1,1
3633,AGqvlcvHDTT,Fungi,1,1
3634,AGrHETT,Fungi,1,1
3635,AGsQETT,Metazoa,1,1
3636,AIRDTS,Viridiplantae,9,9
3637,AIRDTT,Viridiplantae,4,4
3638,AITDTT,Viridiplantae,2,2
3639,AMRDTT,Viridiplantae,2,2
3640,ANEGTT,Pseudomonadati,1,1
3641,ANFDSF,Metazoa,2,2
3642,ANFDTV,Metazoa,1,1
3643,ANFETS,Metazoa,3,3
3644,ANFETT,Metazoa,3,5
3645,ANFETT,Viridiplantae,2,5
3646,ANGDTS,Fungi,5,5
3647,ANIDTT,Fungi,50,50
3648,ANIDVT,Fungi,4,4
3649,ANIETT,Viridiplantae,1,1
3650,ANLDTI,Fungi,1,1
3651,ANLDTM,Metazoa,1,1
3652,ANLDVT,Fungi,2,2
3653,ANNSTT,Metazoa,1,1
3654,ANQDTT,Metazoa,1,1
3655,ANTDTS,Viridiplantae,1,1
3656,ANTEST,Viridiplantae,1,1
3657,ANVDNP,Viridiplantae,1,1
3658,ANVETT,Metazoa,4,4
3659,APTATV,Bacillati,1,1
3660,ARGETT,Viridiplantae,1,1
3661,ARHETL,Bacillati,1,1
3662,ARHETT,Fungi,3,5
3663,ARHETT,Viridiplantae,2,5
3664,ARKDTS,Viridiplantae,1,1
3665,ARKETA,Viridiplantae,1,1
3666,ARKETT,Viridiplantae,2,2
3667,ARMETT,Viridiplantae,1,1
3668,ARMQTT,Viridiplantae,1,1
3669,ARNDTT,Fungi,2,2
3670,ARNETT,Viridiplantae,1,1
3671,ARQDTT,Viridiplantae,1,1
3672,ARRDTI,Viridiplantae,1,1
3673,ARRDTT,Viridiplantae,3,3
3674,ARRETT,Viridiplantae,1,1
3675,ARSDTS,Viridiplantae,1,1
3676,ARSDTT,Viridiplantae,2,2
3677,ARSETT,Metazoa,2,2
3678,ARTDTS,Viridiplantae,1,1
3679,ARTDTT,Viridiplantae,1,1
3680,ARTETT,Metazoa,1,1
3681,ARYDTT,Viridiplantae,1,1
3682,ARYETT,Fungi,1,1
3683,ASADAS,Metazoa,1,1
3684,ASADTA,Viridiplantae,1,1
3685,ASADTL,Viridiplantae,1,1
3686,ASADTP,Viridiplantae,1,1
3687,ASADTS,Viridiplantae,14,14
3688,ASADTT,Bacillati,1,18
3689,ASADTT,Fungi,15,18
3690,ASADTT,Metazoa,1,18
3691,ASADTV,Viridiplantae,2,2
3692,ASAETS,Viridiplantae,1,1
3693,ASAETT,Metazoa,1,3
3694,ASAETT,Viridiplantae,2,3
3695,ASDATT,Viridiplantae,1,1
3696,ASDDTY,Viridiplantae,1,1
3697,ASEDTA,Metazoa,4,4
3698,ASEDTI,Metazoa,1,1
3699,ASEDTT,Pseudomonadati,2,2
3700,ASEDTV,Metazoa,7,7
3701,ASEHTV,Metazoa,2,2
3702,ASFATT,Metazoa,7,7
3703,ASFDNV,Viridiplantae,1,1
3704,ASFDSI,Viridiplantae,1,1
3705,ASFDSL,Metazoa,1,1
3706,ASFDST,Viridiplantae,8,8
3707,ASFDTA,Viridiplantae,1,1
3708,ASFDTI,Viridiplantae,4,4
3709,ASFDTP,Metazoa,1,1
3710,ASFDTS,Metazoa,3,18
3711,ASFDTS,Viridiplantae,15,18
3712,ASFDTT,Bacillati,2,103
3713,ASFDTT,Fungi,17,103
3714,ASFDTT,Metazoa,14,103
3715,ASFDTT,Viridiplantae,70,103
3716,ASFDTV,Metazoa,11,11
3717,ASFENA,Metazoa,1,1
3718,ASFENS,Metazoa,1,1
3719,ASFESI,Viridiplantae,11,11
3720,ASFESL,Metazoa,2,3
3721,ASFESL,Viridiplantae,1,3
3722,ASFESM,Viridiplantae,16,16
3723,ASFEST,Pseudomonadati,3,4
3724,ASFESV,Viridiplantae,5,5
3725,ASFETI,Metazoa,2,29
3726,ASFETI,Viridiplantae,27,29
3727,ASFETM,Viridiplantae,1,1
3728,ASFETS,Metazoa,5,21
3729,ASFETS,Viridiplantae,16,21
3730,ASFETT,Bacillati,3,440
3731,ASFETT,Fungi,2,440
3732,ASFETT,Metazoa,57,440
3733,ASFETT,Pseudomonadati,19,440
3734,ASFETT,Viridiplantae,359,440
3735,ASFETV,Fungi,1,27
3736,ASFETV,Pseudomonadati,1,27
3737,ASFETV,Viridiplantae,25,27
3738,ASFFTT,Viridiplantae,1,1
3739,ASFGST,Viridiplantae,1,1
3740,ASFHTT,Viridiplantae,42,42
3741,ASFLTT,Pseudomonadati,1,1
3742,ASFSTS,Viridiplantae,1,1
3743,ASFVTT,Bacillati,5,5
3744,ASFYTI,Viridiplantae,2,2
3745,ASFYTT,Viridiplantae,8,8
3746,ASGDNT,Fungi,1,1
3747,ASGDTI,Fungi,5,5
3748,ASGDTT,Bacillati,1,5
3749,ASGDTT,Fungi,3,5
3750,ASHDNS,Viridiplantae,1,1
3751,ASHDNV,Viridiplantae,2,2
3752,ASHDSS,Viridiplantae,2,2
3753,ASHDST,Viridiplantae,11,11
3754,ASHDTA,Viridiplantae,16,16
3755,ASHDTI,Viridiplantae,11,11
3756,ASHDTM,Viridiplantae,3,3
3757,ASHDTP,Viridiplantae,1,1
3758,ASHDTR,Viridiplantae,1,1
3759,ASHDTS,Bacillati,1,67
3760,ASHDTS,Pseudomonadati,2,67
3761,ASHDTS,Viridiplantae,64,67
3762,ASHDTT,Bacillati,4,189
3763,ASHDTT,Fungi,5,189
3764,ASHDTT,Metazoa,3,189
3765,ASHDTT,Pseudomonadati,1,189
3766,ASHDTT,Viridiplantae,176,189
3767,ASHDTV,Viridiplantae,17,17
3768,ASHEAT,Viridiplantae,2,2
3769,ASHESS,Fungi,1,2
3770,ASHESS,Viridiplantae,1,2
3771,ASHETA,Viridiplantae,1,1
3772,ASHETS,Fungi,3,9
3773,ASHETS,Metazoa,2,9
3774,ASHETS,Pseudomonadati,1,9
3775,ASHETS,Viridiplantae,3,9
3776,ASHETT,Bacillati,5,51
3777,ASHETT,Fungi,3,51
3778,ASHETT,Pseudomonadati,5,51
3779,ASHETT,Viridiplantae,36,51
3780,ASHETV,Viridiplantae,11,11
3781,ASHFAT,Metazoa,1,1
3782,ASHFTT,Bacillati,2,2
3783,ASHGTT,Viridiplantae,1,1
3784,ASHHAP,Fungi,2,2
3785,ASHHTT,Metazoa,1,4
3786,ASHHTT,Pseudomonadati,1,4
3787,ASHHTT,Viridiplantae,2,4
3788,ASHLTT,Pseudomonadati,4,4
3789,ASHNTT,Viridiplantae,2,2
3790,ASHQST,Pseudomonadati,20,20
3791,ASHVAT,Metazoa,9,9
3792,ASIDAT,Viridiplantae,2,3
3793,ASIDNP,Viridiplantae,4,4
3794,ASIDNT,Viridiplantae,8,8
3795,ASIDPS,Viridiplantae,1,1
3796,ASIDSS,Fungi,2,2
3797,ASIDTA,Viridiplantae,3,3
3798,ASIDTE,Viridiplantae,1,1
3799,ASIDTI,Viridiplantae,8,8
3800,ASIDTL,Viridiplantae,4,4
3801,ASIDTM,Viridiplantae,1,1
3802,ASIDTS,Viridiplantae,64,64
3803,ASIDTT,Fungi,29,58
3804,ASIDTT,Metazoa,12,58
3805,ASIDTT,Viridiplantae,16,58
3806,ASIDTV,Fungi,2,15
3807,ASIDTV,Metazoa,1,15
3808,ASIDTV,Pseudomonadati,12,15
3809,ASIESL,Pseudomonadati,1,2
3810,ASIETI,Fungi,1,8
3811,ASIETI,Metazoa,7,8
3812,ASIETT,Fungi,7,20
3813,ASIETT,Metazoa,12,20
3814,ASIETT,Viridiplantae,1,20
3815,ASIETV,Fungi,1,1
3816,ASIGTS,Viridiplantae,2,2
3817,ASIHAT,Fungi,1,1
3818,ASIHST,Fungi,6,6
3819,ASIHTA,Fungi,3,3
3820,ASIHTS,Fungi,5,5
3821,ASIHTT,Fungi,105,110
3822,ASIHTT,Viridiplantae,5,110
3823,ASIHTV,Fungi,1,1
3824,ASINTT,Fungi,1,1
3825,ASKDPT,Viridiplantae,2,2
3826,ASKDTT,Fungi,3,11
3827,ASKDTT,Viridiplantae,6,11
3828,ASKETT,Fungi,3,3
3829,ASLDNS,Viridiplantae,1,1
3830,ASLDNT,Viridiplantae,1,1
3831,ASLDSS,Viridiplantae,2,2
3832,ASLDTA,Viridiplantae,1,1
3833,ASLDTS,Bacillati,1,56
3834,ASLDTS,Metazoa,4,56
3835,ASLDTS,Viridiplantae,51,56
3836,ASLDTT,Bacillati,5,37
3837,ASLDTT,Fungi,1,37
3838,ASLDTT,Metazoa,1,37
3839,ASLDTT,Viridiplantae,30,37
3840,ASLETS,Metazoa,2,3
3841,ASLETS,Pseudomonadati,1,3
3842,ASLETT,Bacillati,6,8
3843,ASLETT,Fungi,1,8
3844,ASLETT,Metazoa,1,8
3845,ASLHQT,Fungi,1,1
3846,ASLHST,Fungi,1,1
3847,ASLHTT,Bacillati,1,1
3848,ASLVTT,Metazoa,1,1
3849,ASMDNP,Viridiplantae,7,7
3850,ASMDSS,Viridiplantae,7,7
3851,ASMDTA,Viridiplantae,11,11
3852,ASMDTS,Viridiplantae,199,199
3853,ASMDTT,Bacillati,1,16
3854,ASMDTT,Fungi,5,16
3855,ASMDTT,Metazoa,2,16
3856,ASMDTT,Pseudomonadati,3,16
3857,ASMDTT,Viridiplantae,5,16
3858,ASMETS,Viridiplantae,3,3
3859,ASMETT,Bacillati,6,9
3860,ASMETT,Metazoa,3,9
3861,ASMGNT,Metazoa,1,1
3862,ASMGTS,Viridiplantae,1,1
3863,ASMHRT,Metazoa,1,1
3864,ASMHST,Viridiplantae,2,2
3865,ASMHTT,Viridiplantae,1,1
3866,ASMNTS,Viridiplantae,1,1
3867,ASNDST,Viridiplantae,1,1
3868,ASNDTI,Viridiplantae,2,2
3869,ASNDTS,Metazoa,1,4
3870,ASNDTS,Viridiplantae,3,4
3871,ASNDTT,Bacillati,25,39
3872,ASNDTT,Fungi,2,39
3873,ASNDTT,Metazoa,8,39
3874,ASNDTT,Viridiplantae,4,39
3875,ASNDTY,Viridiplantae,3,3
3876,ASNHTT,Fungi,1,3
3877,ASNHTT,Metazoa,2,3
3878,ASNSTT,Metazoa,5,5
3879,ASQANT,Metazoa,277,277
3880,ASQDAA,Fungi,2,2
3881,ASQDAG,Pseudomonadati,1,1
3882,ASQDAL,Fungi,1,3
3883,ASQDAM,Fungi,89,89
3884,ASQDAN,Fungi,1,1
3885,ASQDAS,Fungi,420,438
3886,ASQDAS,Metazoa,2,438
3887,ASQDAS,Viridiplantae,13,438
3888,ASQDAT,Fungi,728,732
3889,ASQDAT,Viridiplantae,1,732
3890,ASQDST,Viridiplantae,3,3
3891,ASQDTI,Metazoa,1,1
3892,ASQDTL,Metazoa,19,19
3893,ASQDTS,Viridiplantae,1,1
3894,ASQDTT,Bacillati,3,18
3895,ASQDTT,Fungi,3,18
3896,ASQDTT,Metazoa,10,18
3897,ASQDTT,Viridiplantae,2,18
3898,ASQDTV,Metazoa,6,6
3899,ASQEAS,Bacillati,1,1
3900,ASQEAT,Metazoa,1,1
3901,ASQETS,Bacillati,1,1
3902,ASQETT,Bacillati,1,10
3903,ASQETT,Fungi,5,10
3904,ASQETT,Pseudomonadati,2,10
3905,ASQETT,Viridiplantae,2,10
3906,ASQGNT,Metazoa,83,83
3907,ASQGTI,Viridiplantae,2,2
3908,ASQHTS,Fungi,1,1
3909,ASQSNT,Metazoa,3,3
3910,ASQTNT,Metazoa,2,2
3911,ASRDAI,Viridiplantae,4,4
3912,ASRDNT,Fungi,2,2
3913,ASRDST,Fungi,4,5
3914,ASRDST,Viridiplantae,1,5
3915,ASRDTA,Fungi,3,3
3916,ASRDTL,Fungi,2,12
3917,ASRDTS,Fungi,9,11
3918,ASRDTS,Viridiplantae,2,11
3919,ASRDTT,Fungi,255,281
3920,ASRDTT,Viridiplantae,23,281
3921,ASRDTV,Fungi,2,2
3922,ASRETT,Fungi,2,2
3923,ASSDTI,Metazoa,1,1
3924,ASSDTS,Fungi,1,5
3925,ASSDTS,Viridiplantae,4,5
3926,ASSDTT,Metazoa,13,13
3927,ASSEST,Viridiplantae,4,4
3928,ASSETA,Viridiplantae,12,12
3929,ASSETS,Viridiplantae,28,28
3930,ASSETT,Bacillati,4,43
3931,ASSETT,Fungi,6,43
3932,ASSETT,Metazoa,8,43
3933,ASSETT,Viridiplantae,25,43
3934,ASSHTT,Fungi,1,1
3935,ASSSTG,Metazoa,1,1
3936,ASSSTS,Viridiplantae,7,7
3937,ASSVTT,Fungi,1,1
3938,ASTATV,Bacillati,1,1
3939,ASTDAT,Viridiplantae,2,2
3940,ASTDNT,Viridiplantae,2,2
3941,ASTDNV,Viridiplantae,1,1
3942,ASTDST,Viridiplantae,2,2
3943,ASTDTA,Viridiplantae,1,1
3944,ASTDTC,Bacillati,1,1
3945,ASTDTI,Bacillati,2,10
3946,ASTDTI,Fungi,3,10
3947,ASTDTI,Viridiplantae,5,10
3948,ASTDTL,Viridiplantae,1,1
3949,ASTDTS,Metazoa,5,37
3950,ASTDTS,Viridiplantae,32,37
3951,ASTDTT,Bacillati,3,52
3952,ASTDTT,Fungi,6,52
3953,ASTDTT,Metazoa,3,52
3954,ASTDTT,Viridiplantae,40,52
3955,ASTEST,Fungi,2,4
3956,ASTEST,Viridiplantae,2,4
3957,ASTETC,Metazoa,1,1
3958,ASTETS,Fungi,1,21
3959,ASTETS,Pseudomonadati,1,21
3960,ASTETS,Viridiplantae,19,21
3961,ASTETT,Bacillati,8,30
3962,ASTETT,Fungi,3,30
3963,ASTETT,Metazoa,9,30
3964,ASTETT,Viridiplantae,9,30
3965,ASTHQM,Fungi,1,1
3966,ASTHTS,Fungi,1,1
3967,ASTHTT,Fungi,10,11
3968,ASTHTT,Viridiplantae,1,11
3969,ASTSTT,Viridiplantae,1,1
3970,ASTVTT,Fungi,1,1
3971,ASVANT,Metazoa,22,22
3972,ASVDNP,Viridiplantae,37,37
3973,ASVDNS,Viridiplantae,1,1
3974,ASVDNT,Bacillati,1,1
3975,ASVDNV,Viridiplantae,1,1
3976,ASVDST,Metazoa,1,6
3977,ASVDST,Viridiplantae,5,6
3978,ASVDTE,Viridiplantae,1,1
3979,ASVDTI,Fungi,1,2
3980,ASVDTI,Viridiplantae,1,2
3981,ASVDTP,Viridiplantae,5,6
3982,ASVDTS,Fungi,1,25
3983,ASVDTS,Viridiplantae,24,25
3984,ASVDTT,Bacillati,1,47
3985,ASVDTT,Fungi,1,47
3986,ASVDTT,Metazoa,4,47
3987,ASVDTT,Pseudomonadati,2,47
3988,ASVDTT,Viridiplantae,29,47
3989,ASVESV,Metazoa,3,3
3990,ASVETI,Viridiplantae,1,1
3991,ASVETM,Metazoa,10,10
3992,ASVETT,Bacillati,1,9
3993,ASVETT,Metazoa,4,9
3994,ASVETT,Pseudomonadati,2,9
3995,ASVETT,Viridiplantae,2,9
3996,ASVGNT,Metazoa,404,404
3997,ASVHGT,Fungi,2,2
3998,ASVHNT,Fungi,1,1
3999,ASVHQT,Fungi,1,1
4000,ASVHTS,Fungi,3,4
4001,ASVHTS,Viridiplantae,1,4
4002,ASVHTT,Fungi,45,45
4003,ASVHVT,Fungi,1,1
4004,ASVNTT,Fungi,1,1
4005,ASVYNT,Fungi,6,6
4006,ASWDTT,Fungi,1,1
4007,ASYDAL,Pseudomonadati,1,1
4008,ASYDPT,Bacillati,3,3
4009,ASYDSA,Viridiplantae,1,1
4010,ASYDST,Metazoa,1,2
4011,ASYDST,Viridiplantae,1,2
4012,ASYDTI,Bacillati,1,2
4013,ASYDTI,Metazoa,1,2
4014,ASYDTS,Fungi,1,4
4015,ASYDTS,Metazoa,2,4
4016,ASYDTS,Viridiplantae,1,4
4017,ASYDTT,Bacillati,1,151
4018,ASYDTT,Fungi,7,151
4019,ASYDTT,Metazoa,63,151
4020,ASYDTT,Viridiplantae,77,151
4021,ASYDTV,Metazoa,3,5
4022,ASYDTV,Viridiplantae,2,5
4023,ASYEAT,Metazoa,1,1
4024,ASYEQI,Metazoa,1,1
4025,ASYESS,Metazoa,5,8
4026,ASYESS,Viridiplantae,3,8
4027,ASYEST,Metazoa,1,4
4028,ASYEST,Viridiplantae,3,4
4029,ASYESV,Metazoa,7,7
4030,ASYETQ,Pseudomonadati,1,1
4031,ASYETS,Metazoa,11,35
4032,ASYETS,Viridiplantae,24,35
4033,ASYETT,Bacillati,5,74
4034,ASYETT,Fungi,7,74
4035,ASYETT,Metazoa,15,74
4036,ASYETT,Pseudomonadati,1,74
4037,ASYETT,Viridiplantae,46,74
4038,ASYETV,Pseudomonadati,2,2
4039,ASYGTS,Metazoa,1,1
4040,ASYHTT,Bacillati,8,10
4041,ASYHTT,Fungi,1,10
4042,ASYHTT,Pseudomonadati,1,10
4043,ATDDTN,Viridiplantae,2,2
4044,ATDDTY,Viridiplantae,1,1
4045,ATEDTT,Viridiplantae,3,3
4046,ATEGTT,Viridiplantae,3,3
4047,ATFDTS,Viridiplantae,1,1
4048,ATFDTT,Metazoa,1,1
4049,ATFETT,Viridiplantae,4,4
4050,ATHDTT,Viridiplantae,1,1
4051,ATHHTT,Viridiplantae,10,10
4052,ATIDNP,Viridiplantae,22,22
4053,ATIDNS,Viridiplantae,2,2
4054,ATIDNT,Viridiplantae,22,22
4055,ATIDTS,Viridiplantae,3,3
4056,ATIDTV,Viridiplantae,1,1
4057,ATLDNP,Viridiplantae,23,23
4058,ATLDTS,Viridiplantae,2,2
4059,ATMDTS,Viridiplantae,2,2
4060,ATMDTT,Viridiplantae,1,1
4061,ATQDTT,Viridiplantae,26,26
4062,ATQGNA,Metazoa,2,2
4063,ATQGNT,Metazoa,1,1
4064,ATRDTC,Viridiplantae,1,1
4065,ATRDTM,Fungi,1,1
4066,ATRDTS,Fungi,1,1
4067,ATRDTT,Viridiplantae,1,2
4068,ATRETT,Bacillati,1,1
4069,ATSDTP,Viridiplantae,2,2
4070,ATSNTS,Viridiplantae,2,2
4071,ATTDTT,Viridiplantae,9,9
4072,ATVDNP,Viridiplantae,107,107
4073,ATVDTI,Viridiplantae,21,21
4074,ATVDTS,Viridiplantae,1,1
4075,ATVETT,Metazoa,1,1
4076,ATVGNT,Metazoa,1,1
4077,ATYDTS,Viridiplantae,4,4
4078,ATYDTT,Metazoa,1,3
4079,ATYDTT,Pseudomonadati,2,3
4080,ATYESS,Viridiplantae,2,2
4081,ATYEST,Metazoa,1,1
4082,ATYETS,Viridiplantae,2,2
4083,ATYETT,Fungi,1,13
4084,ATYETT,Metazoa,2,13
4085,ATYETT,Viridiplantae,10,13
4086,AVDDTT,Fungi,1,1
4087,AVFEAP,Metazoa,1,1
4088,AVFETS,Metazoa,2,2
4089,AVHDTS,Bacillati,1,1
4090,AVHDTT,Fungi,3,5
4091,AVHDTT,Viridiplantae,2,5
4092,AVHEST,Viridiplantae,1,1
4093,AVHETN,Viridiplantae,1,1
4094,AVHETT,Fungi,1,1
4095,AVKDTS,Viridiplantae,1,1
4096,AVKETT,Viridiplantae,1,1
4097,AVMDTT,Fungi,1,2
4098,AVMDTT,Viridiplantae,1,2
4099,AVMETT,Bacillati,1,1
4100,AVQDTT,Fungi,9,9
4101,AVQETT,Viridiplantae,1,1
4102,AVRDTT,Viridiplantae,3,3
4103,AVSDAV,Fungi,1,1
4104,AVSDSS,Viridiplantae,3,3
4105,AVSDST,Viridiplantae,4,4
4106,AVSDTT,Fungi,2,2
4107,AVSEST,Fungi,1,2
4108,AVSEST,Viridiplantae,1,2
4109,AVSETT,Fungi,1,1
4110,AVTDPT,Fungi,1,1
4111,AVTDTA,Viridiplantae,1,1
4112,AVTDTT,Viridiplantae,3,3
4113,AVVDNP,Viridiplantae,1,1
4114,AVYGTT,Metazoa,1,1
4115,AWIDTT,Viridiplantae,1,1
4116,AWTETT,Viridiplantae,1,1
4117,AXHETT,Pseudomonadati,1,1
4118,AdeGHDTM,Metazoa,2,2
4119,AgclqGHETT,Fungi,1,1
4120,AmvGHETT,Fungi,1,1
4121,CGAETT,Viridiplantae,1,1
4122,CGFDTT,Metazoa,1,1
4123,CGFETS,Metazoa,1,1
4124,CGHDTT,Metazoa,1,1
4125,CGTDTT,Viridiplantae,2,2
4126,CGTITT,Metazoa,3,3
4127,DAFETS,Metazoa,1,1
4128,DAHGTT,Viridiplantae,1,1
4129,DAVDTS,Metazoa,1,1
4130,DAYETS,Metazoa,1,1
4131,DAYETT,Metazoa,8,14
4132,DAYETT,Viridiplantae,6,14
4133,DGAETA,Metazoa,2,2
4134,DGFDAN,Metazoa,1,1
4135,DGFDAV,Metazoa,1,1
4136,DGFDTS,Metazoa,2,2
4137,DGFDTT,Metazoa,1,1
4138,DGFEAS,Metazoa,6,6
4139,DGFEPT,Metazoa,1,1
4140,DGFESS,Metazoa,1,1
4141,DGFETA,Metazoa,12,12
4142,DGFETG,Metazoa,1,1
4143,DGFETI,Metazoa,1,1
4144,DGFETS,Metazoa,184,184
4145,DGFETT,Metazoa,115,119
4146,DGFETT,Viridiplantae,4,119
4147,DGFETV,Metazoa,12,12
4148,DGFFTT,Metazoa,3,3
4149,DGFGTT,Metazoa,3,3
4150,DGFITS,Metazoa,5,5
4151,DGFLTT,Metazoa,10,10
4152,DGFSTT,Metazoa,1,1
4153,DGHDTI,Metazoa,3,3
4154,DGHDTT,Metazoa,1,1
4155,DGHESS,Viridiplantae,1,1
4156,DGHETT,Pseudomonadati,1,1
4157,DGIDTT,Fungi,1,1
4158,DGIETS,Metazoa,1,1
4159,DGIHTS,Metazoa,2,2
4160,DGLDTS,Metazoa,8,8
4161,DGLDTT,Metazoa,35,35
4162,DGLETS,Metazoa,4,4
4163,DGLETT,Metazoa,3,3
4164,DGLNTT,Metazoa,4,4
4165,DGLSTT,Metazoa,6,6
4166,DGMDTT,Metazoa,2,2
4167,DGMETT,Metazoa,2,2
4168,DGNETS,Metazoa,4,4
4169,DGNETT,Fungi,2,2
4170,DGQETT,Metazoa,2,2
4171,DGRDTT,Fungi,1,1
4172,DGSDTT,Fungi,2,8
4173,DGSDTT,Viridiplantae,6,8
4174,DGSETS,Metazoa,7,7
4175,DGSETT,Fungi,3,3
4176,DGSGTS,Viridiplantae,1,1
4177,DGTDST,Viridiplantae,4,4
4178,DGTDTT,Metazoa,2,15
4179,DGTDTT,Viridiplantae,13,15
4180,DGTETA,Metazoa,4,4
4181,DGTETS,Metazoa,12,12
4182,DGTETT,Metazoa,3,3
4183,DGTETV,Metazoa,1,1
4184,DGTHTT,Metazoa,1,1
4185,DGVDTG,Viridiplantae,1,1
4186,DGVETA,Metazoa,2,2
4187,DGVETS,Metazoa,1,1
4188,DGVETT,Metazoa,10,10
4189,DGVYTT,Fungi,1,1
4190,DGYATS,Metazoa,1,1
4191,DGYATT,Metazoa,1,1
4192,DGYDTS,Metazoa,13,13
4193,DGYDTT,Metazoa,26,26
4194,DGYDTV,Metazoa,8,8
4195,DGYEMS,Metazoa,2,2
4196,DGYESS,Metazoa,6,6
4197,DGYEST,Metazoa,1,1
4198,DGYETA,Metazoa,5,5
4199,DGYETG,Metazoa,10,10
4200,DGYETM,Viridiplantae,9,9
4201,DGYETS,Metazoa,144,144
4202,DGYETT,Bacillati,5,28
4203,DGYETT,Fungi,1,28
4204,DGYETT,Metazoa,22,28
4205,DGYEVT,Bacillati,3,3
4206,DGYFTS,Metazoa,2,2
4207,DGYVTI,Metazoa,2,2
4208,DGYVTS,Metazoa,1,1
4209,DSADTT,Metazoa,1,1
4210,DSFETS,Metazoa,2,2
4211,DSHDTT,Metazoa,1,1
4212,DSTATS,Metazoa,1,1
4213,DSTETS,Metazoa,1,1
4214,DSTSST,Metazoa,1,1
4215,DSYETS,Metazoa,1,1
4216,DTFETT,Metazoa,1,1
4217,DTT,Fungi,1,2
4218,DTT,Viridiplantae,1,2
4219,EAADST,Viridiplantae,1,1
4220,EAADTT,Viridiplantae,130,130
4221,EAFETS,Metazoa,1,1
4222,EAFHTT,Metazoa,2,2
4223,EAHDST,Metazoa,6,6
4224,EAHDTT,Metazoa,22,22
4225,EAIHTT,Fungi,1,1
4226,EAMDTT,Metazoa,1,1
4227,EASDTN,Viridiplantae,1,1
4228,EASDTT,Viridiplantae,52,52
4229,EATDTT,Viridiplantae,1,1
4230,EAVDNP,Viridiplantae,1,1
4231,EAVDTT,Viridiplantae,1,1
4232,EAYDTT,Metazoa,1,1
4233,EAYETS,Metazoa,1,1
4234,EAYSTL,Metazoa,1,1
4235,EDHDTT,Metazoa,1,1
4236,EDHNTT,Metazoa,2,2
4237,EGADTT,Metazoa,1,17
4238,EGADTT,Viridiplantae,16,17
4239,EGAETT,Fungi,1,1
4240,EGDDTT,Metazoa,24,24
4241,EGEDTT,Metazoa,1,1
4242,EGFDTA,Metazoa,1,1
4243,EGFDTT,Metazoa,57,57
4244,EGFETA,Metazoa,4,4
4245,EGFETS,Metazoa,84,84
4246,EGFETT,Metazoa,5,33
4247,EGFETT,Viridiplantae,28,33
4248,EGFGTV,Metazoa,6,6
4249,EGFHST,Metazoa,2,2
4250,EGFHTS,Metazoa,1,1
4251,EGHATT,Metazoa,4,4
4252,EGHDIT,Metazoa,1,1
4253,EGHDNT,Metazoa,1,1
4254,EGHDRT,Metazoa,7,7
4255,EGHDSL,Metazoa,1,1
4256,EGHDST,Metazoa,12,12
4257,EGHDTA,Metazoa,19,19
4258,EGHDTG,Metazoa,1,1
4259,EGHDTI,Metazoa,38,38
4260,EGHDTL,Metazoa,3,3
4261,EGHDTM,Metazoa,5,5
4262,EGHDTR,Metazoa,1,1
4263,EGHDTS,Metazoa,89,90
4264,EGHDTS,Viridiplantae,1,90
4265,EGHDTT,Bacillati,1,8457
4266,EGHDTT,Fungi,2,8457
4267,EGHDTT,Metazoa,8447,8457
4268,EGHDTT,Viridiplantae,2,8457
4269,EGHDTV,Metazoa,169,169
4270,EGHDTX,Metazoa,1,1
4271,EGHETM,Metazoa,1,1
4272,EGHETT,Metazoa,14,15
4273,EGHETT,Viridiplantae,1,15
4274,EGHETV,Metazoa,1,1
4275,EGHGTI,Metazoa,1,1
4276,EGHGTT,Metazoa,4,4
4277,EGHHTI,Metazoa,3,3
4278,EGHHTT,Metazoa,4,4
4279,EGHNTT,Metazoa,10,10
4280,EGHVTT,Metazoa,4,4
4281,EGIDSP,Fungi,6,6
4282,EGIDTG,Viridiplantae,4,4
4283,EGIDTI,Fungi,2,2
4284,EGIGTI,Fungi,8,8
4285,EGINNP,Fungi,1,1
4286,EGKETT,Viridiplantae,1,1
4287,EGLDAT,Metazoa,1,1
4288,EGLDSP,Fungi,1,1
4289,EGLDTS,Metazoa,1,1
4290,EGLDTT,Metazoa,1,1
4291,EGLETT,Metazoa,3,3
4292,EGNDTT,Metazoa,3,3
4293,EGQDTT,Metazoa,6,6
4294,EGQDTV,Metazoa,1,1
4295,EGQETT,Viridiplantae,1,1
4296,EGRDTT,Metazoa,3,3
4297,EGRGMT,Metazoa,1,1
4298,EGSDTT,Fungi,1,4
4299,EGSDTT,Metazoa,1,4
4300,EGSDTT,Viridiplantae,2,4
4301,EGSETS,Metazoa,1,1
4302,EGTDTA,Viridiplantae,1,1
4303,EGTDTS,Viridiplantae,1,1
4304,EGTESA,Metazoa,5,5
4305,EGTEST,Metazoa,8,8
4306,EGTESV,Metazoa,7,7
4307,EGTETA,Viridiplantae,1,1
4308,EGTETS,Metazoa,3,4
4309,EGTETS,Viridiplantae,1,4
4310,EGTETV,Metazoa,1,1
4311,EGTVTV,Metazoa,4,4
4312,EGVDSP,Fungi,12,13
4313,EGVDSP,Viridiplantae,1,13
4314,EGVETS,Metazoa,2,2
4315,EGYDTM,Metazoa,1,1
4316,EGYDTS,Metazoa,1,1
4317,EGYDTT,Metazoa,135,135
4318,EGYDTV,Metazoa,1,1
4319,EGYENI,Metazoa,1,1
4320,EGYETS,Metazoa,32,32
4321,EGYETT,Fungi,1,3
4322,EGYETT,Metazoa,2,3
4323,ELYETS,Metazoa,1,1
4324,ENADTT,Viridiplantae,6,6
4325,ESADTT,Viridiplantae,18,18
4326,ESFDTT,Metazoa,1,1
4327,ESFETS,Metazoa,3,3
4328,ESHDTT,Metazoa,9,9
4329,ESIEPV,Metazoa,1,1
4330,ESQDTT,Fungi,1,1
4331,ESSDTT,Viridiplantae,56,56
4332,ESSDTV,Viridiplantae,1,1
4333,ESSETT,Metazoa,1,1
4334,ESTDTT,Viridiplantae,1,1
4335,ESVEPV,Metazoa,1,1
4336,ESYETS,Metazoa,2,2
4337,ETADTA,Viridiplantae,1,1
4338,ETADTT,Viridiplantae,62,62
4339,ETSDTI,Viridiplantae,1,1
4340,ETSDTT,Viridiplantae,135,135
4341,ETTYTT,Metazoa,1,1
4342,FGFETC,Metazoa,1,1
4343,FGFETI,Metazoa,1,1
4344,FGHDTG,Pseudomonadati,1,1
4345,FGHDTS,Pseudomonadati,2,2
4346,FGHDTT,Pseudomonadati,1,1
4347,FGHETT,Fungi,8,8
4348,FGRDTT,Viridiplantae,1,1
4349,FGVDST,Viridiplantae,1,1
4350,FGYETT,Metazoa,2,2
4351,GAADTS,Viridiplantae,1,1
4352,GAADTT,Bacillati,2,17
4353,GAADTT,Fungi,1,17
4354,GAADTT,Viridiplantae,14,17
4355,GAADTV,Metazoa,1,1
4356,GAAEST,Bacillati,11,11
4357,GAAETT,Fungi,1,1
4358,GAATS,Fungi,4,4
4359,GAEDTT,Viridiplantae,10,10
4360,GAFDTA,Viridiplantae,3,3
4361,GAFDTS,Metazoa,1,19
4362,GAFDTS,Viridiplantae,18,19
4363,GAFDTT,Bacillati,23,33
4364,GAFDTT,Metazoa,5,33
4365,GAFDTT,Viridiplantae,3,33
4366,GAFDTV,Metazoa,2,2
4367,GAFENI,Metazoa,1,1
4368,GAFEST,Metazoa,4,4
4369,GAFETL,Metazoa,2,2
4370,GAFETS,Fungi,16,32
4371,GAFETS,Metazoa,3,32
4372,GAFETS,Viridiplantae,13,32
4373,GAFETT,Bacillati,4,27
4374,GAFETT,Fungi,3,27
4375,GAFETT,Metazoa,19,27
4376,GAFETV,Metazoa,1,1
4377,GAFGTS,Metazoa,1,1
4378,GAFHTT,Metazoa,2,2
4379,GAGDSA,Viridiplantae,1,1
4380,GAGDSS,Viridiplantae,14,14
4381,GAGDTS,Viridiplantae,9,9
4382,GAGDTT,Fungi,14,24
4383,GAGDTT,Metazoa,9,24
4384,GAGDTT,Viridiplantae,1,24
4385,GAGEST,Viridiplantae,5,5
4386,GAGETS,Viridiplantae,1,1
4387,GAHDGP,Viridiplantae,8,8
4388,GAHDNT,Bacillati,11,11
4389,GAHDSI,Viridiplantae,2,2
4390,GAHDTL,Metazoa,1,1
4391,GAHDTS,Bacillati,3,5
4392,GAHDTS,Viridiplantae,2,5
4393,GAHDTT,Fungi,7,14
4394,GAHDTT,Pseudomonadati,5,14
4395,GAHDTT,Viridiplantae,2,14
4396,GAHDTV,Fungi,1,1
4397,GAHETI,Viridiplantae,1,1
4398,GAHETS,Bacillati,1,4
4399,GAHETS,Viridiplantae,3,4
4400,GAHETT,Bacillati,3,27
4401,GAHETT,Fungi,2,27
4402,GAHETT,Viridiplantae,21,27
4403,GAHFTT,Bacillati,2,2
4404,GAHGTS,Viridiplantae,1,1
4405,GAHGTT,Viridiplantae,19,19
4406,GAHQTT,Bacillati,1,1
4407,GAIATS,Viridiplantae,1,1
4408,GAIATV,Metazoa,1,1
4409,GAIDSS,Viridiplantae,2,2
4410,GAIDST,Metazoa,1,19
4411,GAIDST,Viridiplantae,18,19
4412,GAIDTC,Viridiplantae,3,3
4413,GAIDTL,Metazoa,2,2
4414,GAIDTS,Metazoa,4,72
4415,GAIDTS,Viridiplantae,68,72
4416,GAIDTT,Fungi,1,36
4417,GAIDTT,Metazoa,9,36
4418,GAIDTT,Viridiplantae,26,36
4419,GAIDTV,Metazoa,1,1
4420,GAIEAT,Viridiplantae,1,1
4421,GAIEPT,Metazoa,2,2
4422,GAIETA,Viridiplantae,1,1
4423,GAIETI,Bacillati,2,3
4424,GAIETS,Bacillati,6,31
4425,GAIETS,Metazoa,13,31
4426,GAIETS,Viridiplantae,12,31
4427,GAIETT,Bacillati,50,84
4428,GAIETT,Metazoa,3,84
4429,GAIETT,Pseudomonadati,1,84
4430,GAIETT,Viridiplantae,27,84
4431,GAIGST,Bacillati,1,1
4432,GAIGTS,Viridiplantae,8,8
4433,GAIHSS,Viridiplantae,1,1
4434,GAIHST,Fungi,1,1
4435,GAIHTS,Fungi,9,9
4436,GAIHTT,Fungi,32,32
4437,GAINTS,Fungi,2,21
4438,GAINTS,Viridiplantae,19,21
4439,GAISTS,Viridiplantae,9,9
4440,GAISTV,Metazoa,3,3
4441,GAITTT,Bacillati,2,2
4442,GAITTV,Metazoa,1,1
4443,GAKDPT,Fungi,3,3
4444,GAKDTS,Viridiplantae,1,1
4445,GALDSA,Viridiplantae,2,2
4446,GALDSS,Viridiplantae,3,3
4447,GALDST,Fungi,1,1
4448,GALDTC,Viridiplantae,1,1
4449,GALDTS,Viridiplantae,39,39
4450,GALDTT,Bacillati,3,5
4451,GALDTT,Fungi,1,5
4452,GALDTT,Viridiplantae,1,5
4453,GALEAT,Pseudomonadati,2,2
4454,GALENI,Fungi,1,1
4455,GALETS,Viridiplantae,6,6
4456,GALETT,Metazoa,4,5
4457,GALETT,Viridiplantae,1,5
4458,GALETV,Bacillati,1,1
4459,GALHTT,Fungi,2,2
4460,GALSTT,Fungi,2,2
4461,GALSTV,Metazoa,1,1
4462,GAMDST,Viridiplantae,1,1
4463,GAMDTS,Viridiplantae,11,11
4464,GAMDTT,Bacillati,2,20
4465,GAMDTT,Fungi,9,20
4466,GAMDTT,Viridiplantae,9,20
4467,GAMEAT,Pseudomonadati,5,5
4468,GAMETS,Metazoa,4,4
4469,GAMGTV,Metazoa,1,1
4470,GAMHTA,Metazoa,3,3
4471,GANATT,Bacillati,21,21
4472,GANDTL,Metazoa,1,1
4473,GANDTM,Metazoa,1,1
4474,GANDTT,Metazoa,1,6
4475,GANDTT,Viridiplantae,5,6
4476,GANETS,Fungi,1,1
4477,GANETT,Bacillati,25,26
4478,GANETT,Fungi,1,26
4479,GANSTT,Bacillati,3,3
4480,GANTTT,Bacillati,3,3
4481,GANVNT,Bacillati,1,1
4482,GANVTT,Bacillati,23,24
4483,GAQDNI,Pseudomonadati,1,1
4484,GAQDNT,Bacillati,1,1
4485,GAQDNV,Pseudomonadati,1,1
4486,GAQDTS,Fungi,5,5
4487,GAQDTT,Fungi,65,67
4488,GAQDTT,Viridiplantae,2,67
4489,GAQETT,Bacillati,1,3
4490,GAQETT,Pseudomonadati,2,3
4491,GAQGTT,Fungi,3,3
4492,GARDST,Fungi,1,1
4493,GARDTI,Fungi,1,4
4494,GARDTI,Viridiplantae,3,4
4495,GARDTT,Fungi,2,8
4496,GARDTT,Viridiplantae,1,8
4497,GARETT,Viridiplantae,1,1
4498,GARTTT,Bacillati,4,4
4499,GASATT,Fungi,1,1
4500,GASDSS,Viridiplantae,1,1
4501,GASDST,Viridiplantae,1,1
4502,GASDTA,Viridiplantae,1,1
4503,GASDTI,Metazoa,4,5
4504,GASDTI,Viridiplantae,1,5
4505,GASDTS,Viridiplantae,8,8
4506,GASDTT,Fungi,7,57
4507,GASDTT,Metazoa,4,57
4508,GASDTT,Viridiplantae,46,57
4509,GASDTV,Fungi,1,3
4510,GASDTV,Metazoa,2,3
4511,GASENS,Viridiplantae,6,6
4512,GASESS,Viridiplantae,1,1
4513,GASETI,Viridiplantae,6,6
4514,GASETS,Viridiplantae,45,45
4515,GASETT,Fungi,2,7
4516,GASETT,Metazoa,2,7
4517,GASETT,Viridiplantae,3,7
4518,GASHST,Viridiplantae,1,1
4519,GASHTS,Viridiplantae,3,3
4520,GASTTT,Bacillati,1,1
4521,GATATT,Viridiplantae,1,1
4522,GATATV,Metazoa,2,2
4523,GATDNT,Viridiplantae,1,1
4524,GATDPT,Fungi,1,1
4525,GATDSS,Viridiplantae,3,3
4526,GATDST,Fungi,5,13
4527,GATDST,Viridiplantae,7,13
4528,GATDTA,Bacillati,1,4
4529,GATDTA,Viridiplantae,3,4
4530,GATDTI,Bacillati,3,4
4531,GATDTI,Viridiplantae,1,4
4532,GATDTM,Viridiplantae,2,2
4533,GATDTP,Viridiplantae,2,2
4534,GATDTS,Bacillati,1,103
4535,GATDTS,Fungi,3,103
4536,GATDTS,Metazoa,9,103
4537,GATDTS,Viridiplantae,90,103
4538,GATDTT,Fungi,16,189
4539,GATDTT,Metazoa,16,189
4540,GATDTT,Viridiplantae,156,189
4541,GATDTV,Metazoa,4,7
4542,GATDTV,Viridiplantae,3,7
4543,GATENS,Viridiplantae,1,1
4544,GATENT,Viridiplantae,1,1
4545,GATEPP,Bacillati,5,5
4546,GATESA,Viridiplantae,1,1
4547,GATEST,Bacillati,2,6
4548,GATEST,Viridiplantae,4,6
4549,GATETA,Bacillati,1,2
4550,GATETA,Viridiplantae,1,2
4551,GATETI,Viridiplantae,6,6
4552,GATETS,Bacillati,1,13
4553,GATETS,Viridiplantae,12,13
4554,GATETT,Bacillati,1,40
4555,GATETT,Fungi,1,40
4556,GATETT,Metazoa,10,40
4557,GATETT,Pseudomonadati,1,40
4558,GATETT,Viridiplantae,26,40
4559,GATETV,Bacillati,1,7
4560,GATETV,Metazoa,3,7
4561,GATETV,Viridiplantae,3,7
4562,GATGTT,Viridiplantae,1,1
4563,GATHAT,Viridiplantae,1,1
4564,GATHTT,Viridiplantae,4,4
4565,GATNTT,Viridiplantae,1,1
4566,GATQTT,Viridiplantae,13,13
4567,GATSTS,Viridiplantae,5,5
4568,GATTTT,Bacillati,1,1
4569,GATVTT,Bacillati,3,3
4570,GAVDSS,Viridiplantae,1,1
4571,GAVDST,Metazoa,3,3
4572,GAVDTA,Viridiplantae,1,1
4573,GAVDTG,Viridiplantae,11,11
4574,GAVDTN,Fungi,13,13
4575,GAVDTS,Metazoa,1,19
4576,GAVDTS,Viridiplantae,18,19
4577,GAVDTT,Fungi,7,43
4578,GAVDTT,Metazoa,34,43
4579,GAVDTT,Viridiplantae,1,43
4580,GAVEST,Fungi,1,1
4581,GAVETS,Fungi,1,1
4582,GAVETT,Bacillati,4,33
4583,GAVETT,Metazoa,29,33
4584,GAVETV,Metazoa,1,1
4585,GAVGTT,Bacillati,2,3
4586,GAVGTT,Fungi,1,3
4587,GAVHST,Fungi,1,1
4588,GAVHTS,Viridiplantae,1,1
4589,GAVNTN,Fungi,11,11
4590,GAYDPS,Bacillati,1,1
4591,GAYDPT,Bacillati,2,2
4592,GAYDSS,Fungi,2,2
4593,GAYDST,Pseudomonadati,1,2
4594,GAYDST,Viridiplantae,1,2
4595,GAYDTS,Metazoa,1,19
4596,GAYDTS,Viridiplantae,17,19
4597,GAYDTT,Metazoa,6,9
4598,GAYDTT,Pseudomonadati,1,9
4599,GAYDTT,Viridiplantae,1,9
4600,GAYENT,Bacillati,3,4
4601,GAYENT,Metazoa,1,4
4602,GAYEPI,Viridiplantae,1,1
4603,GAYEST,Metazoa,1,2
4604,GAYEST,Viridiplantae,1,2
4605,GAYETS,Pseudomonadati,2,2
4606,GAYETT,Bacillati,43,76
4607,GAYETT,Metazoa,23,76
4608,GAYETT,Pseudomonadati,2,76
4609,GAYETT,Viridiplantae,2,76
4610,GAYETV,Metazoa,2,2
4611,GAYGTT,Fungi,1,1
4612,GAYNNI,Bacillati,2,2
4613,GAYTAV,Metazoa,3,3
4614,GAYTTT,Bacillati,1,1
4615,GETEST,Viridiplantae,2,2
4616,GFFDTV,Metazoa,1,1
4617,GFTETT,Metazoa,1,1
4618,GFYDTI,Metazoa,1,1
4619,GFYDTV,Metazoa,3,3
4620,GFYETV,Metazoa,1,1
4621,GGADNP,Viridiplantae,2,2
4622,GGADPM,Bacillati,1,1
4623,GGADSS,Metazoa,1,1
4624,GGADST,Metazoa,2,4
4625,GGADST,Viridiplantae,2,4
4626,GGADTA,Fungi,4,5
4627,GGADTA,Viridiplantae,1,5
4628,GGADTI,Fungi,2,4
4629,GGADTI,Viridiplantae,2,4
4630,GGADTS,Bacillati,1,15
4631,GGADTS,Fungi,3,15
4632,GGADTS,Metazoa,1,15
4633,GGADTS,Viridiplantae,10,15
4634,GGADTT,Bacillati,1,128
4635,GGADTT,Fungi,56,128
4636,GGADTT,Metazoa,23,128
4637,GGADTT,Pseudomonadati,2,128
4638,GGADTT,Viridiplantae,45,128
4639,GGADTV,Bacillati,1,3
4640,GGADTV,Metazoa,2,3
4641,GGAEAS,Metazoa,1,1
4642,GGAEPV,Metazoa,1,1
4643,GGAEST,Fungi,3,11
4644,GGAEST,Metazoa,4,11
4645,GGAEST,Viridiplantae,4,11
4646,GGAETA,Fungi,2,3
4647,GGAETA,Viridiplantae,1,3
4648,GGAETI,Fungi,8,8
4649,GGAETM,Fungi,1,1
4650,GGAETS,Fungi,5,15
4651,GGAETS,Metazoa,7,15
4652,GGAETS,Viridiplantae,3,15
4653,GGAETT,Bacillati,45,180
4654,GGAETT,Fungi,72,180
4655,GGAETT,Metazoa,12,180
4656,GGAETT,Pseudomonadati,6,180
4657,GGAETT,Viridiplantae,22,180
4658,GGAETV,Bacillati,5,7
4659,GGAETV,Fungi,1,7
4660,GGAETV,Viridiplantae,1,7
4661,GGAFTT,Fungi,1,1
4662,GGAGTT,Pseudomonadati,1,1
4663,GGAHSS,Metazoa,1,1
4664,GGAKTA,Viridiplantae,1,1
4665,GGANTT,Viridiplantae,2,2
4666,GGAQTS,Metazoa,2,2
4667,GGAQTT,Metazoa,3,3
4668,GGASST,Viridiplantae,2,2
4669,GGASTT,Viridiplantae,1,1
4670,GGATTT,Viridiplantae,1,1
4671,GGAVTT,Fungi,2,2
4672,GGAYQM,Fungi,1,1
4673,GGCDTT,Fungi,1,1
4674,GGCETS,Viridiplantae,11,11
4675,GGDDTT,Bacillati,3,3
4676,GGDDTV,Pseudomonadati,1,1
4677,GGDESS,Bacillati,3,3
4678,GGDEST,Bacillati,14,14
4679,GGDETA,Bacillati,13,13
4680,GGDETG,Bacillati,8,8
4681,GGDETS,Bacillati,57,61
4682,GGDETS,Pseudomonadati,4,61
4683,GGDETT,Bacillati,437,472
4684,GGDETT,Pseudomonadati,33,472
4685,GGDQTT,Bacillati,1,1
4686,GGEDST,Pseudomonadati,4,4
4687,GGEDTN,Fungi,1,1
4688,GGEDTT,Fungi,16,38
4689,GGEDTT,Pseudomonadati,12,38
4690,GGEDTT,Viridiplantae,10,38
4691,GGEDTV,Fungi,1,1
4692,GGEEST,Bacillati,1,1
4693,GGEETT,Bacillati,2,4
4694,GGEETT,Viridiplantae,2,4
4695,GGENTA,Fungi,1,1
4696,GGFATT,Pseudomonadati,180,180
4697,GGFDAI,Metazoa,2,2
4698,GGFDAT,Metazoa,2,2
4699,GGFDAV,Metazoa,2,2
4700,GGFDIL,Metazoa,1,1
4701,GGFDIT,Metazoa,1,1
4702,GGFDLT,Metazoa,16,16
4703,GGFDNT,Bacillati,15,17
4704,GGFDNT,Pseudomonadati,1,17
4705,GGFDNT,Viridiplantae,1,17
4706,GGFDNV,Viridiplantae,2,2
4707,GGFDPA,Bacillati,2,2
4708,GGFDPT,Metazoa,3,3
4709,GGFDPV,Metazoa,1,1
4710,GGFDSA,Metazoa,1,1
4711,GGFDSI,Metazoa,2,2
4712,GGFDSP,Metazoa,1,1
4713,GGFDSS,Metazoa,6,7
4714,GGFDSS,Viridiplantae,1,7
4715,GGFDST,Bacillati,2,37
4716,GGFDST,Metazoa,34,37
4717,GGFDSV,Metazoa,41,42
4718,GGFDTA,Metazoa,7,10
4719,GGFDTA,Pseudomonadati,1,10
4720,GGFDTA,Viridiplantae,2,10
4721,GGFDTI,Metazoa,13,13
4722,GGFDTL,Metazoa,5,5
4723,GGFDTM,Metazoa,4,6
4724,GGFDTM,Viridiplantae,2,6
4725,GGFDTP,Pseudomonadati,1,1
4726,GGFDTS,Bacillati,1,131
4727,GGFDTS,Fungi,1,131
4728,GGFDTS,Metazoa,95,131
4729,GGFDTS,Viridiplantae,34,131
4730,GGFDTT,Bacillati,400,609
4731,GGFDTT,Fungi,32,609
4732,GGFDTT,Metazoa,145,609
4733,GGFDTT,Pseudomonadati,12,609
4734,GGFDTT,Viridiplantae,12,609
4735,GGFDTV,Bacillati,2,110
4736,GGFDTV,Metazoa,108,110
4737,GGFEAS,Metazoa,3,3
4738,GGFEAT,Metazoa,1,1
4739,GGFEAV,Metazoa,4,4
4740,GGFEMS,Metazoa,1,1
4741,GGFENP,Metazoa,1,1
4742,GGFENT,Metazoa,5,5
4743,GGFEPV,Metazoa,1,1
4744,GGFESA,Metazoa,1,1
4745,GGFESC,Bacillati,1,1
4746,GGFESI,Viridiplantae,1,1
4747,GGFESS,Metazoa,6,6
4748,GGFEST,Metazoa,49,56
4749,GGFEST,Pseudomonadati,6,56
4750,GGFEST,Viridiplantae,1,56
4751,GGFESV,Metazoa,5,8
4752,GGFESV,Viridiplantae,3,8
4753,GGFETA,Bacillati,7,18
4754,GGFETA,Metazoa,10,18
4755,GGFETA,Viridiplantae,1,18
4756,GGFETF,Fungi,18,18
4757,GGFETI,Metazoa,3,3
4758,GGFETN,Metazoa,1,1
4759,GGFETS,Bacillati,3,436
4760,GGFETS,Metazoa,383,436
4761,GGFETS,Pseudomonadati,1,436
4762,GGFETS,Viridiplantae,49,436
4763,GGFETT,Bacillati,141,383
4764,GGFETT,Fungi,7,383
4765,GGFETT,Metazoa,179,383
4766,GGFETT,Pseudomonadati,38,383
4767,GGFETT,Viridiplantae,15,383
4768,GGFETV,Fungi,31,48
4769,GGFETV,Metazoa,17,48
4770,GGFGPT,Metazoa,1,1
4771,GGFGTS,Metazoa,1,1
4772,GGFGTT,Fungi,1,5
4773,GGFGTT,Viridiplantae,4,5
4774,GGFHPT,Metazoa,2,2
4775,GGFHSP,Viridiplantae,1,1
4776,GGFHSS,Metazoa,2,2
4777,GGFHST,Metazoa,2,2
4778,GGFHTA,Metazoa,2,2
4779,GGFHTS,Fungi,3,33
4780,GGFHTS,Metazoa,28,33
4781,GGFHTS,Pseudomonadati,2,33
4782,GGFHTT,Metazoa,49,53
4783,GGFHTT,Pseudomonadati,1,53
4784,GGFHTT,Viridiplantae,1,53
4785,GGFMTT,Fungi,1,1
4786,GGFNST,Metazoa,3,3
4787,GGFNTS,Metazoa,1,1
4788,GGFQTI,Metazoa,3,3
4789,GGFQTT,Metazoa,11,11
4790,GGFSAT,Metazoa,1,1
4791,GGFSTT,Metazoa,3,3
4792,GGFTTT,Metazoa,2,12
4793,GGFTTT,Pseudomonadati,10,12
4794,GGFVTA,Metazoa,1,1
4795,GGFVTT,Bacillati,5,10
4796,GGFVTT,Pseudomonadati,5,10
4797,GGGDST,Fungi,1,3
4798,GGGDST,Viridiplantae,2,3
4799,GGGDTI,Fungi,6,7
4800,GGGDTI,Viridiplantae,1,7
4801,GGGDTS,Viridiplantae,14,14
4802,GGGDTT,Bacillati,2,34
4803,GGGDTT,Fungi,7,34
4804,GGGDTT,Pseudomonadati,1,34
4805,GGGDTT,Viridiplantae,24,34
4806,GGGDTV,Fungi,14,18
4807,GGGDTV,Viridiplantae,4,18
4808,GGGESS,Viridiplantae,2,2
4809,GGGEST,Viridiplantae,1,1
4810,GGGETA,Viridiplantae,1,1
4811,GGGETS,Viridiplantae,91,91
4812,GGGETT,Bacillati,4,24
4813,GGGETT,Fungi,3,24
4814,GGGETT,Metazoa,1,24
4815,GGGETT,Pseudomonadati,1,24
4816,GGGETT,Viridiplantae,7,24
4817,GGGETV,Fungi,3,21
4818,GGGETV,Viridiplantae,18,21
4819,GGGQTT,Viridiplantae,1,1
4820,GGHATT,Bacillati,5,5
4821,GGHDGP,Fungi,2,3
4822,GGHDGP,Viridiplantae,1,3
4823,GGHDNS,Metazoa,1,1
4824,GGHDNT,Bacillati,1,1
4825,GGHDSI,Viridiplantae,2,2
4826,GGHDSL,Metazoa,24,24
4827,GGHDSP,Fungi,9,9
4828,GGHDSS,Bacillati,8,15
4829,GGHDSS,Fungi,3,15
4830,GGHDSS,Metazoa,2,15
4831,GGHDSS,Pseudomonadati,2,15
4832,GGHDST,Bacillati,14,61
4833,GGHDST,Fungi,37,61
4834,GGHDST,Metazoa,7,61
4835,GGHDST,Viridiplantae,3,61
4836,GGHDSV,Viridiplantae,1,1
4837,GGHDTA,Bacillati,2,124
4838,GGHDTA,Fungi,10,124
4839,GGHDTA,Metazoa,11,124
4840,GGHDTA,Methanobacteriati,1,124
4841,GGHDTA,Pseudomonadati,1,124
4842,GGHDTA,Viridiplantae,99,124
4843,GGHDTG,Metazoa,3,3
4844,GGHDTI,Fungi,1,29
4845,GGHDTI,Metazoa,18,29
4846,GGHDTI,Pseudomonadati,1,29
4847,GGHDTI,Viridiplantae,9,29
4848,GGHDTM,Metazoa,2,2
4849,GGHDTP,Fungi,1,5
4850,GGHDTP,Metazoa,3,5
4851,GGHDTP,Viridiplantae,1,5
4852,GGHDTR,Metazoa,1,1
4853,GGHDTS,Bacillati,14,83
4854,GGHDTS,Fungi,8,83
4855,GGHDTS,Metazoa,45,83
4856,GGHDTS,Pseudomonadati,6,83
4857,GGHDTS,Viridiplantae,10,83
4858,GGHDTT,Bacillati,35,973
4859,GGHDTT,Fungi,169,973
4860,GGHDTT,Metazoa,634,973
4861,GGHDTT,Pseudomonadati,66,973
4862,GGHDTT,Viridiplantae,67,973
4863,GGHDTV,Bacillati,1,11
4864,GGHDTV,Fungi,2,11
4865,GGHDTV,Metazoa,6,11
4866,GGHDTV,Viridiplantae,2,11
4867,GGHEAS,Fungi,4,4
4868,GGHEAT,Pseudomonadati,3,3
4869,GGHEGS,Fungi,2,2
4870,GGHEGT,Fungi,1,1
4871,GGHEQS,Fungi,1,1
4872,GGHESA,Fungi,1,1
4873,GGHESS,Fungi,21,21
4874,GGHEST,Bacillati,16,58
4875,GGHEST,Fungi,13,58
4876,GGHEST,Pseudomonadati,2,58
4877,GGHEST,Viridiplantae,27,58
4878,GGHESV,Viridiplantae,1,1
4879,GGHETA,Fungi,1,4
4880,GGHETA,Pseudomonadati,3,4
4881,GGHETI,Fungi,18,20
4882,GGHETI,Viridiplantae,2,20
4883,GGHETL,Fungi,1,1
4884,GGHETM,Bacillati,1,3
4885,GGHETM,Viridiplantae,2,3
4886,GGHETN,Fungi,1,1
4887,GGHETQ,Metazoa,1,1
4888,GGHETS,Bacillati,3,104
4889,GGHETS,Fungi,16,104
4890,GGHETS,Metazoa,7,104
4891,GGHETS,Pseudomonadati,49,104
4892,GGHETS,Viridiplantae,27,104
4893,GGHETT,Bacillati,754,2249
4894,GGHETT,Bamfordvirae,1,2249
4895,GGHETT,Fungi,168,2249
4896,GGHETT,Metazoa,757,2249
4897,GGHETT,Methanobacteriati,1,2249
4898,GGHETT,Pseudomonadati,154,2249
4899,GGHETT,Thermotogati,1,2249
4900,GGHETT,Viridiplantae,401,2249
4901,GGHETV,Bacillati,8,28
4902,GGHETV,Fungi,4,28
4903,GGHETV,Metazoa,9,28
4904,GGHETV,Pseudomonadati,2,28
4905,GGHETV,Viridiplantae,5,28
4906,GGHGAT,Metazoa,1,1
4907,GGHGTS,Fungi,1,1
4908,GGHGTT,Bacillati,7,16
4909,GGHGTT,Fungi,6,16
4910,GGHHSS,Fungi,9,9
4911,GGHHST,Bacillati,1,1
4912,GGHHTS,Metazoa,1,1
4913,GGHHTT,Bacillati,1,28
4914,GGHHTT,Fungi,4,28
4915,GGHHTT,Metazoa,8,28
4916,GGHHTT,Pseudomonadati,1,28
4917,GGHHTT,Viridiplantae,14,28
4918,GGHKTT,Viridiplantae,1,1
4919,GGHNAT,Bacillati,2,2
4920,GGHNTT,Fungi,1,2
4921,GGHNTT,Viridiplantae,1,2
4922,GGHQTT,Pseudomonadati,1,1
4923,GGHRTT,Bacillati,1,1
4924,GGHSTS,Fungi,16,16
4925,GGHSTT,Bacillati,1,1
4926,GGHTTS,Fungi,2,3
4927,GGHTTS,Viridiplantae,1,3
4928,GGHTTT,Pseudomonadati,4,4
4929,GGHVTT,Bacillati,2,3
4930,GGHVTT,Metazoa,1,3
4931,GGHYTT,Metazoa,1,1
4932,GGIATT,Bacillati,3,7
4933,GGIATT,Fungi,1,7
4934,GGIATT,Pseudomonadati,2,7
4935,GGIATT,Viridiplantae,1,7
4936,GGIDAL,Bacillati,4,4
4937,GGIDAS,Bacillati,5,6
4938,GGIDAS,Viridiplantae,1,6
4939,GGIDAT,Bacillati,3,40
4940,GGIDAT,Metazoa,37,40
4941,GGIDET,Fungi,2,2
4942,GGIDLP,Viridiplantae,2,2
4943,GGIDNS,Viridiplantae,2,2
4944,GGIDNT,Bacillati,7,11
4945,GGIDNT,Pseudomonadati,1,11
4946,GGIDNT,Viridiplantae,2,11
4947,GGIDNV,Metazoa,1,1
4948,GGIDPI,Fungi,1,1
4949,GGIDPS,Bacillati,2,2
4950,GGIDPT,Fungi,7,7
4951,GGIDSG,Metazoa,1,1
4952,GGIDSI,Viridiplantae,1,1
4953,GGIDSS,Viridiplantae,9,9
4954,GGIDST,Fungi,1,20
4955,GGIDST,Metazoa,9,20
4956,GGIDST,Viridiplantae,9,20
4957,GGIDSV,Viridiplantae,3,3
4958,GGIDTA,Fungi,2,24
4959,GGIDTA,Viridiplantae,22,24
4960,GGIDTC,Viridiplantae,28,28
4961,GGIDTG,Metazoa,1,26
4962,GGIDTG,Viridiplantae,25,26
4963,GGIDTI,Fungi,3,6
4964,GGIDTI,Metazoa,1,6
4965,GGIDTI,Viridiplantae,2,6
4966,GGIDTL,Fungi,1,2
4967,GGIDTL,Viridiplantae,1,2
4968,GGIDTM,Metazoa,2,5
4969,GGIDTM,Viridiplantae,3,5
4970,GGIDTN,Viridiplantae,34,34
4971,GGIDTP,Metazoa,1,1
4972,GGIDTS,Bacillati,7,220
4973,GGIDTS,Fungi,18,220
4974,GGIDTS,Viridiplantae,195,220
4975,GGIDTT,Bacillati,59,315
4976,GGIDTT,Fungi,50,315
4977,GGIDTT,Metazoa,66,315
4978,GGIDTT,Pseudomonadati,40,315
4979,GGIDTT,Viridiplantae,98,315
4980,GGIDTV,Fungi,2,15
4981,GGIDTV,Pseudomonadati,1,15
4982,GGIDTV,Viridiplantae,12,15
4983,GGIEAP,Viridiplantae,1,1
4984,GGIEGT,Bacillati,1,1
4985,GGIENS,Viridiplantae,2,2
4986,GGIENT,Fungi,1,1
4987,GGIEPT,Bacillati,2,2
4988,GGIESA,Viridiplantae,2,2
4989,GGIEST,Fungi,1,15
4990,GGIEST,Metazoa,14,15
4991,GGIETA,Pseudomonadati,2,18
4992,GGIETA,Viridiplantae,16,18
4993,GGIETI,Viridiplantae,1,1
4994,GGIETM,Bacillati,2,3
4995,GGIETM,Metazoa,1,3
4996,GGIETN,Viridiplantae,1,1
4997,GGIETS,Bacillati,11,34
4998,GGIETS,Fungi,2,34
4999,GGIETS,Metazoa,3,34
5000,GGIETS,Viridiplantae,18,34
5001,GGIETT,Bacillati,158,300
5002,GGIETT,Fungi,12,300
5003,GGIETT,Metazoa,88,300
5004,GGIETT,Pseudomonadati,24,300
5005,GGIETT,Viridiplantae,17,300
5006,GGIETV,Bacillati,6,23
5007,GGIETV,Metazoa,3,23
5008,GGIETV,Pseudomonadati,4,23
5009,GGIETV,Viridiplantae,10,23
5010,GGIFTV,Metazoa,9,9
5011,GGIGTA,Viridiplantae,1,1
5012,GGIGTG,Viridiplantae,6,6
5013,GGIGTI,Viridiplantae,2,2
5014,GGIGTS,Bacillati,1,46
5015,GGIGTS,Viridiplantae,45,46
5016,GGIGTT,Viridiplantae,2,2
5017,GGIGTV,Fungi,1,1
5018,GGIHPT,Metazoa,1,1
5019,GGIHST,Fungi,1,1
5020,GGIHTM,Metazoa,1,1
5021,GGIHTS,Fungi,1,3
5022,GGIHTS,Metazoa,1,3
5023,GGIHTS,Viridiplantae,1,3
5024,GGIHTT,Fungi,1,5
5025,GGIHTT,Metazoa,2,5
5026,GGIHTT,Viridiplantae,2,5
5027,GGIITT,Viridiplantae,3,3
5028,GGIKTT,Metazoa,1,1
5029,GGINSS,Viridiplantae,1,1
5030,GGINTL,Fungi,1,1
5031,GGINTS,Viridiplantae,37,37
5032,GGINTT,Viridiplantae,2,2
5033,GGINTV,Metazoa,1,1
5034,GGIPAT,Bacillati,3,3
5035,GGIQTV,Bacillati,1,1
5036,GGISTA,Metazoa,1,3
5037,GGISTA,Viridiplantae,2,3
5038,GGISTS,Metazoa,2,10
5039,GGISTS,Viridiplantae,8,10
5040,GGISTV,Pseudomonadati,4,4
5041,GGITTA,Bacillati,1,1
5042,GGITTT,Bacillati,9,22
5043,GGITTT,Viridiplantae,13,22
5044,GGIVAT,Metazoa,1,1
5045,GGIVTT,Metazoa,2,15
5046,GGIVTT,Viridiplantae,13,15
5047,GGIYNG,Viridiplantae,1,1
5048,GGIYTV,Metazoa,2,2
5049,GGKDGI,Bacillati,1,1
5050,GGKDGL,Bacillati,1,1
5051,GGKDPP,Fungi,1,1
5052,GGKDPS,Fungi,15,15
5053,GGKDTS,Viridiplantae,2,2
5054,GGKDTT,Fungi,2,10
5055,GGKDTT,Viridiplantae,8,10
5056,GGKEAV,Viridiplantae,1,1
5057,GGKEST,Viridiplantae,1,1
5058,GGKETT,Viridiplantae,5,5
5059,GGLAPV,Viridiplantae,1,1
5060,GGLATT,Bacillati,4,8
5061,GGLATT,Metazoa,1,8
5062,GGLATT,Pseudomonadati,2,8
5063,GGLATT,Viridiplantae,1,8
5064,GGLDAA,Metazoa,1,1
5065,GGLDAT,Metazoa,5,5
5066,GGLDNT,Bacillati,1,1
5067,GGLDPT,Pseudomonadati,1,1
5068,GGLDSS,Metazoa,1,1
5069,GGLDST,Fungi,4,10
5070,GGLDST,Metazoa,3,10
5071,GGLDST,Viridiplantae,3,10
5072,GGLDTA,Viridiplantae,1,1
5073,GGLDTG,Viridiplantae,1,1
5074,GGLDTI,Fungi,72,76
5075,GGLDTI,Pseudomonadati,3,76
5076,GGLDTI,Viridiplantae,1,76
5077,GGLDTL,Bacillati,1,26
5078,GGLDTL,Fungi,22,26
5079,GGLDTL,Metazoa,1,26
5080,GGLDTL,Pseudomonadati,1,26
5081,GGLDTL,Viridiplantae,1,26
5082,GGLDTM,Fungi,1,1
5083,GGLDTS,Fungi,3,7
5084,GGLDTS,Viridiplantae,4,7
5085,GGLDTT,Bacillati,63,162
5086,GGLDTT,Fungi,32,162
5087,GGLDTT,Metazoa,38,162
5088,GGLDTT,Pseudomonadati,19,162
5089,GGLDTT,Viridiplantae,7,162
5090,GGLDTV,Bacillati,25,626
5091,GGLDTV,Fungi,227,626
5092,GGLDTV,Pseudomonadati,371,626
5093,GGLEAP,Metazoa,2,2
5094,GGLENV,Metazoa,1,1
5095,GGLEPT,Fungi,1,1
5096,GGLESS,Bacillati,1,1
5097,GGLEST,Bacillati,1,33
5098,GGLEST,Fungi,27,33
5099,GGLEST,Viridiplantae,5,33
5100,GGLESV,Metazoa,1,1
5101,GGLETI,Bacillati,1,3
5102,GGLETI,Metazoa,2,3
5103,GGLETL,Metazoa,1,1
5104,GGLETS,Metazoa,4,4
5105,GGLETT,Bacillati,78,164
5106,GGLETT,Fungi,4,164
5107,GGLETT,Metazoa,46,164
5108,GGLETT,Pseudomonadati,31,164
5109,GGLETT,Viridiplantae,5,164
5110,GGLETV,Bacillati,1,16
5111,GGLETV,Metazoa,4,16
5112,GGLETV,Pseudomonadati,11,16
5113,GGLGTL,Metazoa,4,4
5114,GGLGTT,Bacillati,3,3
5115,GGLHTS,Viridiplantae,2,2
5116,GGLHTT,Metazoa,1,1
5117,GGLHTV,Bacillati,27,27
5118,GGLNTT,Fungi,1,1
5119,GGLQTS,Metazoa,1,1
5120,GGLQTV,Metazoa,1,1
5121,GGLSTT,Metazoa,3,3
5122,GGLTSQ,Metazoa,1,1
5123,GGLTTT,Bacillati,1,1
5124,GGMATT,Bacillati,2,2
5125,GGMDSP,Bacillati,2,2
5126,GGMDTA,Viridiplantae,1,1
5127,GGMDTI,Fungi,1,1
5128,GGMDTM,Metazoa,1,3
5129,GGMDTM,Viridiplantae,2,3
5130,GGMDTS,Viridiplantae,16,16
5131,GGMDTT,Bacillati,77,124
5132,GGMDTT,Fungi,14,124
5133,GGMDTT,Metazoa,6,124
5134,GGMDTT,Pseudomonadati,1,124
5135,GGMDTT,Viridiplantae,20,124
5136,GGMDTV,Pseudomonadati,19,19
5137,GGMEST,Bacillati,1,1
5138,GGMETA,Metazoa,4,7
5139,GGMETA,Viridiplantae,3,7
5140,GGMETI,Metazoa,2,2
5141,GGMETM,Bacillati,1,5
5142,GGMETM,Metazoa,1,5
5143,GGMETM,Viridiplantae,3,5
5144,GGMETS,Metazoa,4,6
5145,GGMETS,Viridiplantae,2,6
5146,GGMETT,Bacillati,47,106
5147,GGMETT,Fungi,3,106
5148,GGMETT,Metazoa,54,106
5149,GGMETT,Viridiplantae,2,106
5150,GGMETV,Metazoa,3,4
5151,GGMETV,Viridiplantae,1,4
5152,GGMGTS,Viridiplantae,1,1
5153,GGMTTT,Viridiplantae,1,1
5154,GGMVTT,Metazoa,4,4
5155,GGNATT,Viridiplantae,1,1
5156,GGNDNT,Fungi,1,1
5157,GGNDPS,Viridiplantae,1,1
5158,GGNDSS,Viridiplantae,1,1
5159,GGNDST,Viridiplantae,1,1
5160,GGNDSV,Viridiplantae,1,1
5161,GGNDTI,Metazoa,1,3
5162,GGNDTI,Viridiplantae,2,3
5163,GGNDTN,Viridiplantae,1,1
5164,GGNDTS,Bacillati,2,39
5165,GGNDTS,Metazoa,32,39
5166,GGNDTS,Pseudomonadati,1,39
5167,GGNDTS,Viridiplantae,4,39
5168,GGNDTT,Bacillati,99,1056
5169,GGNDTT,Fungi,6,1056
5170,GGNDTT,Metazoa,5,1056
5171,GGNDTT,Pseudomonadati,767,1056
5172,GGNDTT,Viridiplantae,69,1056
5173,GGNDTV,Bacillati,1,4
5174,GGNDTV,Metazoa,3,4
5175,GGNEPS,Metazoa,1,1
5176,GGNEST,Pseudomonadati,4,4
5177,GGNETA,Pseudomonadati,1,1
5178,GGNETS,Bacillati,10,44
5179,GGNETS,Metazoa,30,44
5180,GGNETS,Pseudomonadati,2,44
5181,GGNETS,Viridiplantae,2,44
5182,GGNETT,Bacillati,252,399
5183,GGNETT,Fungi,2,399
5184,GGNETT,Metazoa,10,399
5185,GGNETT,Methanobacteriati,10,399
5186,GGNETT,Pseudomonadati,98,399
5187,GGNETT,Viridiplantae,7,399
5188,GGNETV,Fungi,1,1
5189,GGNHTS,Viridiplantae,11,11
5190,GGNKPT,Metazoa,1,1
5191,GGNKTT,Viridiplantae,1,1
5192,GGNLTT,Pseudomonadati,44,44
5193,GGNNNT,Metazoa,1,1
5194,GGNNST,Bacillati,1,1
5195,GGNNTS,Viridiplantae,2,2
5196,GGNSTI,Metazoa,1,1
5197,GGNSTT,Bacillati,1,1
5198,GGPDTV,Viridiplantae,9,9
5199,GGPETV,Viridiplantae,16,16
5200,GGQATS,Viridiplantae,1,1
5201,GGQDAS,Bacillati,4,4
5202,GGQDNT,Fungi,1,1
5203,GGQDSI,Metazoa,1,1
5204,GGQDST,Fungi,1,1
5205,GGQDTA,Fungi,3,4
5206,GGQDTA,Viridiplantae,1,4
5207,GGQDTC,Metazoa,1,1
5208,GGQDTM,Metazoa,1,1
5209,GGQDTS,Fungi,8,9
5210,GGQDTS,Metazoa,1,9
5211,GGQDTT,Bacillati,11,64
5212,GGQDTT,Fungi,17,64
5213,GGQDTT,Metazoa,11,64
5214,GGQDTT,Pseudomonadati,6,64
5215,GGQDTT,Viridiplantae,18,64
5216,GGQDTV,Fungi,1,4
5217,GGQDTV,Pseudomonadati,2,4
5218,GGQDTV,Viridiplantae,1,4
5219,GGQEAT,Pseudomonadati,1,1
5220,GGQEMT,Viridiplantae,1,1
5221,GGQEPT,Viridiplantae,1,1
5222,GGQESS,Fungi,1,1
5223,GGQEST,Fungi,2,4
5224,GGQEST,Viridiplantae,2,4
5225,GGQETA,Viridiplantae,1,1
5226,GGQETG,Viridiplantae,3,3
5227,GGQETM,Bacillati,8,9
5228,GGQETM,Fungi,1,9
5229,GGQETS,Bacillati,3,20
5230,GGQETS,Metazoa,3,20
5231,GGQETS,Pseudomonadati,6,20
5232,GGQETS,Viridiplantae,8,20
5233,GGQETT,Bacillati,44,292
5234,GGQETT,Fungi,13,292
5235,GGQETT,Metazoa,63,292
5236,GGQETT,Methanobacteriati,16,292
5237,GGQETT,Pseudomonadati,104,292
5238,GGQETT,Viridiplantae,35,292
5239,GGQETV,Metazoa,14,25
5240,GGQETV,Viridiplantae,11,25
5241,GGQGTT,Pseudomonadati,1,1
5242,GGQHNS,Fungi,2,2
5243,GGQHNT,Fungi,47,47
5244,GGQHSS,Fungi,54,54
5245,GGQHTL,Metazoa,1,1
5246,GGQHTS,Fungi,521,524
5247,GGQHTS,Metazoa,1,524
5248,GGQHTS,Viridiplantae,1,524
5249,GGQHTT,Metazoa,2,2
5250,GGQQTT,Metazoa,1,1
5251,GGQSTT,Fungi,1,3
5252,GGQSTT,Viridiplantae,2,3
5253,GGQTTV,Bacillati,4,4
5254,GGRDAA,Bacillati,1,1
5255,GGRDAS,Bacillati,4,4
5256,GGRDNT,Fungi,8,8
5257,GGRDPT,Fungi,11,11
5258,GGRDSV,Fungi,5,5
5259,GGRDTA,Fungi,2,3
5260,GGRDTA,Methanobacteriati,1,3
5261,GGRDTI,Pseudomonadati,26,31
5262,GGRDTI,Viridiplantae,3,31
5263,GGRDTL,Pseudomonadati,1,1
5264,GGRDTP,Fungi,2,2
5265,GGRDTS,Fungi,58,60
5266,GGRDTS,Viridiplantae,2,60
5267,GGRDTT,Bacillati,1,40
5268,GGRDTT,Fungi,17,40
5269,GGRDTT,Viridiplantae,10,40
5270,GGRDTV,Fungi,1,69
5271,GGRDTV,Pseudomonadati,67,69
5272,GGRENT,Fungi,1,2
5273,GGRENT,Pseudomonadati,1,2
5274,GGRETI,Viridiplantae,1,1
5275,GGRETT,Viridiplantae,1,1
5276,GGRNTT,Fungi,3,3
5277,GGRQST,Viridiplantae,2,2
5278,GGRTPT,Fungi,1,1
5279,GGSAST,Viridiplantae,1,1
5280,GGSATT,Metazoa,2,5
5281,GGSATT,Viridiplantae,3,5
5282,GGSATV,Metazoa,1,1
5283,GGSDAP,Viridiplantae,1,1
5284,GGSDGT,Viridiplantae,1,1
5285,GGSDKS,Viridiplantae,1,1
5286,GGSDNI,Viridiplantae,1,1
5287,GGSDNT,Fungi,5,5
5288,GGSDPT,Fungi,2,2
5289,GGSDSA,Viridiplantae,1,1
5290,GGSDSI,Fungi,1,2
5291,GGSDSI,Metazoa,1,2
5292,GGSDSL,Metazoa,1,2
5293,GGSDSL,Viridiplantae,1,2
5294,GGSDSM,Viridiplantae,1,1
5295,GGSDSS,Fungi,1,8
5296,GGSDSS,Viridiplantae,7,8
5297,GGSDST,Fungi,5,33
5298,GGSDST,Viridiplantae,28,33
5299,GGSDSV,Fungi,2,14
5300,GGSDSV,Metazoa,7,14
5301,GGSDSV,Viridiplantae,4,14
5302,GGSDTA,Fungi,2,39
5303,GGSDTA,Viridiplantae,37,39
5304,GGSDTF,Viridiplantae,1,1
5305,GGSDTI,Fungi,3,18
5306,GGSDTI,Metazoa,9,18
5307,GGSDTI,Viridiplantae,6,18
5308,GGSDTL,Viridiplantae,1,1
5309,GGSDTM,Fungi,4,6
5310,GGSDTM,Viridiplantae,2,6
5311,GGSDTN,Viridiplantae,6,6
5312,GGSDTS,Bacillati,2,360
5313,GGSDTS,Fungi,18,360
5314,GGSDTS,Metazoa,8,360
5315,GGSDTS,Pseudomonadati,1,360
5316,GGSDTS,Viridiplantae,331,360
5317,GGSDTT,Bacillati,7,1023
5318,GGSDTT,Fungi,440,1023
5319,GGSDTT,Metazoa,39,1023
5320,GGSDTT,Pseudomonadati,12,1023
5321,GGSDTT,Viridiplantae,524,1023
5322,GGSDTV,Bacillati,2,23
5323,GGSDTV,Fungi,8,23
5324,GGSDTV,Pseudomonadati,1,23
5325,GGSDTV,Viridiplantae,10,23
5326,GGSEAT,Metazoa,4,4
5327,GGSEEP,Pseudomonadati,1,1
5328,GGSEET,Metazoa,1,1
5329,GGSENS,Viridiplantae,3,3
5330,GGSEPA,Viridiplantae,2,2
5331,GGSEPP,Viridiplantae,5,5
5332,GGSEPT,Fungi,2,2
5333,GGSEPV,Metazoa,1,1
5334,GGSESD,Fungi,1,1
5335,GGSESN,Viridiplantae,1,1
5336,GGSESP,Viridiplantae,3,3
5337,GGSESS,Fungi,1,6
5338,GGSESS,Viridiplantae,5,6
5339,GGSEST,Bacillati,1,48
5340,GGSEST,Fungi,23,48
5341,GGSEST,Metazoa,1,48
5342,GGSEST,Pseudomonadati,2,48
5343,GGSEST,Viridiplantae,21,48
5344,GGSESV,Fungi,1,2
5345,GGSESV,Metazoa,1,2
5346,GGSETA,Fungi,1,64
5347,GGSETA,Metazoa,4,64
5348,GGSETA,Viridiplantae,59,64
5349,GGSETF,Pseudomonadati,1,1
5350,GGSETG,Viridiplantae,4,4
5351,GGSETI,Fungi,2,6
5352,GGSETI,Metazoa,4,6
5353,GGSETL,Fungi,4,11
5354,GGSETL,Metazoa,5,11
5355,GGSETL,Viridiplantae,2,11
5356,GGSETM,Metazoa,3,4
5357,GGSETM,Viridiplantae,1,4
5358,GGSETN,Metazoa,1,7
5359,GGSETN,Viridiplantae,6,7
5360,GGSETP,Bacillati,3,7
5361,GGSETP,Viridiplantae,4,7
5362,GGSETS,Bacillati,4,768
5363,GGSETS,Fungi,33,768
5364,GGSETS,Metazoa,523,768
5365,GGSETS,Pseudomonadati,6,768
5366,GGSETS,Viridiplantae,201,768
5367,GGSETT,Bacillati,17,986
5368,GGSETT,Fungi,342,986
5369,GGSETT,Metazoa,496,986
5370,GGSETT,Pseudomonadati,27,986
5371,GGSETT,Viridiplantae,100,986
5372,GGSETV,Bacillati,5,62
5373,GGSETV,Fungi,17,62
5374,GGSETV,Metazoa,28,62
5375,GGSETV,Viridiplantae,11,62
5376,GGSGPP,Methanobacteriati,1,1
5377,GGSGSP,Bacillati,1,1
5378,GGSGTM,Metazoa,4,4
5379,GGSGTS,Viridiplantae,10,10
5380,GGSGTT,Bacillati,2,14
5381,GGSGTT,Fungi,6,14
5382,GGSGTT,Viridiplantae,6,14
5383,GGSGTV,Metazoa,1,2
5384,GGSGTV,Viridiplantae,1,2
5385,GGSHSS,Viridiplantae,1,1
5386,GGSHTS,Bacillati,3,4
5387,GGSHTS,Viridiplantae,1,4
5388,GGSHTT,Fungi,5,12
5389,GGSHTT,Metazoa,1,12
5390,GGSHTT,Viridiplantae,6,12
5391,GGSHTV,Metazoa,1,1
5392,GGSNSA,Viridiplantae,2,2
5393,GGSNTA,Viridiplantae,19,19
5394,GGSNTS,Fungi,1,4
5395,GGSNTS,Metazoa,1,4
5396,GGSNTS,Viridiplantae,2,4
5397,GGSNTT,Fungi,1,8
5398,GGSNTT,Viridiplantae,7,8
5399,GGSQTI,Metazoa,1,1
5400,GGSQTT,Bacillati,7,18
5401,GGSQTT,Fungi,1,18
5402,GGSQTT,Metazoa,10,18
5403,GGSSTS,Metazoa,1,3
5404,GGSSTS,Viridiplantae,2,3
5405,GGSSTT,Viridiplantae,1,1
5406,GGSTTS,Viridiplantae,12,12
5407,GGSTTT,Bacillati,5,5
5408,GGSVTS,Fungi,1,2
5409,GGSVTS,Viridiplantae,1,2
5410,GGSVTT,Fungi,1,1
5411,GGSYST,Metazoa,2,2
5412,GGSYTT,Viridiplantae,1,1
5413,GGTAST,Viridiplantae,1,1
5414,GGTATA,Viridiplantae,1,1
5415,GGTATS,Fungi,1,4
5416,GGTATS,Viridiplantae,3,4
5417,GGTATT,Metazoa,5,30
5418,GGTATT,Viridiplantae,25,30
5419,GGTDAI,Fungi,1,1
5420,GGTDAL,Viridiplantae,1,1
5421,GGTDAM,Pseudomonadati,1,3
5422,GGTDAM,Viridiplantae,2,3
5423,GGTDAS,Bacillati,1,2
5424,GGTDAS,Viridiplantae,1,2
5425,GGTDAT,Metazoa,1,17
5426,GGTDAT,Viridiplantae,16,17
5427,GGTDGM,Fungi,20,20
5428,GGTDGS,Fungi,1,1
5429,GGTDGT,Viridiplantae,1,1
5430,GGTDIT,Fungi,2,2
5431,GGTDLP,Viridiplantae,1,1
5432,GGTDNA,Viridiplantae,1,1
5433,GGTDNI,Viridiplantae,15,15
5434,GGTDNN,Viridiplantae,4,4
5435,GGTDNS,Viridiplantae,4,4
5436,GGTDNT,Fungi,1,29
5437,GGTDNT,Viridiplantae,28,29
5438,GGTDPA,Viridiplantae,1,1
5439,GGTDPT,Fungi,3,3
5440,GGTDSA,Viridiplantae,3,3
5441,GGTDSI,Viridiplantae,2,2
5442,GGTDSS,Fungi,2,32
5443,GGTDSS,Viridiplantae,30,32
5444,GGTDST,Fungi,29,113
5445,GGTDST,Metazoa,9,113
5446,GGTDST,Viridiplantae,74,113
5447,GGTDSV,Metazoa,4,6
5448,GGTDSV,Pseudomonadati,1,6
5449,GGTDSV,Viridiplantae,1,6
5450,GGTDTA,Fungi,6,76
5451,GGTDTA,Viridiplantae,70,76
5452,GGTDTC,Viridiplantae,3,3
5453,GGTDTG,Fungi,1,25
5454,GGTDTG,Viridiplantae,23,25
5455,GGTDTI,Fungi,9,82
5456,GGTDTI,Metazoa,5,82
5457,GGTDTI,Viridiplantae,68,82
5458,GGTDTK,Fungi,1,2
5459,GGTDTK,Viridiplantae,1,2
5460,GGTDTL,Fungi,4,10
5461,GGTDTL,Metazoa,2,10
5462,GGTDTL,Viridiplantae,4,10
5463,GGTDTM,Fungi,3,19
5464,GGTDTM,Viridiplantae,16,19
5465,GGTDTN,Fungi,5,22
5466,GGTDTN,Viridiplantae,17,22
5467,GGTDTP,Viridiplantae,5,5
5468,GGTDTS,Bacillati,5,1191
5469,GGTDTS,Fungi,13,1191
5470,GGTDTS,Metazoa,5,1191
5471,GGTDTS,Viridiplantae,1164,1191
5472,GGTDTT,Bacillati,86,2513
5473,GGTDTT,Fungi,302,2513
5474,GGTDTT,Metazoa,138,2513
5475,GGTDTT,Pseudomonadati,27,2513
5476,GGTDTT,Viridiplantae,1928,2513
5477,GGTDTV,Fungi,19,74
5478,GGTDTV,Metazoa,6,74
5479,GGTDTV,Viridiplantae,49,74
5480,GGTEAA,Viridiplantae,1,1
5481,GGTEAI,Bacillati,4,4
5482,GGTEAT,Bacillati,1,1
5483,GGTEGT,Metazoa,1,2
5484,GGTEGT,Viridiplantae,1,2
5485,GGTEKI,Fungi,1,1
5486,GGTENS,Viridiplantae,16,16
5487,GGTENT,Bacillati,3,7
5488,GGTENT,Metazoa,2,7
5489,GGTENT,Viridiplantae,2,7
5490,GGTENV,Viridiplantae,1,1
5491,GGTEPL,Metazoa,1,1
5492,GGTEPS,Viridiplantae,2,2
5493,GGTEPT,Bacillati,3,3
5494,GGTESA,Viridiplantae,4,4
5495,GGTESI,Metazoa,1,1
5496,GGTESL,Metazoa,1,1
5497,GGTESM,Metazoa,2,2
5498,GGTESS,Metazoa,2,75
5499,GGTESS,Viridiplantae,73,75
5500,GGTEST,Bacillati,1,69
5501,GGTEST,Fungi,22,69
5502,GGTEST,Metazoa,17,69
5503,GGTEST,Viridiplantae,29,69
5504,GGTESV,Metazoa,1,3
5505,GGTESV,Viridiplantae,2,3
5506,GGTETA,Bacillati,14,58
5507,GGTETA,Metazoa,5,58
5508,GGTETA,Viridiplantae,39,58
5509,GGTETF,Viridiplantae,2,2
5510,GGTETG,Viridiplantae,7,7
5511,GGTETI,Fungi,1,28
5512,GGTETI,Metazoa,15,28
5513,GGTETI,Viridiplantae,12,28
5514,GGTETK,Metazoa,1,2
5515,GGTETK,Viridiplantae,1,2
5516,GGTETL,Metazoa,10,17
5517,GGTETL,Pseudomonadati,4,17
5518,GGTETL,Viridiplantae,3,17
5519,GGTETM,Bacillati,1,24
5520,GGTETM,Metazoa,1,24
5521,GGTETM,Viridiplantae,22,24
5522,GGTETN,Viridiplantae,1,1
5523,GGTETP,Metazoa,3,3
5524,GGTETS,Fungi,11,428
5525,GGTETS,Metazoa,56,428
5526,GGTETS,Viridiplantae,361,428
5527,GGTETT,Bacillati,40,1772
5528,GGTETT,Fungi,84,1772
5529,GGTETT,Metazoa,1266,1772
5530,GGTETT,Pseudomonadati,12,1772
5531,GGTETT,Viridiplantae,368,1772
5532,GGTETV,Bacillati,93,967
5533,GGTETV,Fungi,7,967
5534,GGTETV,Metazoa,70,967
5535,GGTETV,Viridiplantae,797,967
5536,GGTFTT,Fungi,4,4
5537,GGTGAT,Viridiplantae,5,5
5538,GGTGSS,Viridiplantae,7,7
5539,GGTGST,Viridiplantae,2,2
5540,GGTGTA,Viridiplantae,4,4
5541,GGTGTI,Fungi,1,2
5542,GGTGTI,Viridiplantae,1,2
5543,GGTGTS,Viridiplantae,111,111
5544,GGTGTT,Bacillati,5,33
5545,GGTGTT,Metazoa,4,33
5546,GGTGTT,Viridiplantae,24,33
5547,GGTHSS,Viridiplantae,1,1
5548,GGTHST,Viridiplantae,10,10
5549,GGTHSV,Fungi,3,3
5550,GGTHTS,Viridiplantae,15,15
5551,GGTHTT,Bacillati,1,13
5552,GGTHTT,Fungi,6,13
5553,GGTHTT,Viridiplantae,6,13
5554,GGTIPT,Metazoa,2,2
5555,GGTKTS,Viridiplantae,2,2
5556,GGTKTT,Metazoa,2,2
5557,GGTLKT,Fungi,1,1
5558,GGTLTT,Fungi,15,15
5559,GGTNAS,Fungi,2,2
5560,GGTNSP,Viridiplantae,1,1
5561,GGTNST,Viridiplantae,2,2
5562,GGTNTI,Viridiplantae,1,1
5563,GGTNTM,Metazoa,1,1
5564,GGTNTN,Viridiplantae,1,1
5565,GGTNTS,Viridiplantae,15,15
5566,GGTNTT,Fungi,5,27
5567,GGTNTT,Metazoa,4,27
5568,GGTNTT,Viridiplantae,18,27
5569,GGTQAS,Viridiplantae,1,1
5570,GGTQST,Metazoa,2,4
5571,GGTQST,Viridiplantae,2,4
5572,GGTQTS,Viridiplantae,9,9
5573,GGTQTT,Metazoa,1,6
5574,GGTQTT,Viridiplantae,5,6
5575,GGTRTS,Viridiplantae,1,1
5576,GGTSSS,Viridiplantae,2,2
5577,GGTSTS,Viridiplantae,19,19
5578,GGTSTT,Fungi,1,62
5579,GGTSTT,Metazoa,1,62
5580,GGTSTT,Viridiplantae,60,62
5581,GGTTSP,Viridiplantae,3,3
5582,GGTTST,Viridiplantae,1,1
5583,GGTTTS,Viridiplantae,17,17
5584,GGTTTT,Fungi,1,15
5585,GGTTTT,Metazoa,2,15
5586,GGTTTT,Viridiplantae,12,15
5587,GGTVSA,Viridiplantae,3,3
5588,GGTVST,Metazoa,1,1
5589,GGTVTS,Viridiplantae,3,3
5590,GGTVTT,Fungi,2,11
5591,GGTVTT,Metazoa,1,11
5592,GGTVTT,Viridiplantae,8,11
5593,GGTVTV,Fungi,1,1
5594,GGTYSS,Viridiplantae,1,1
5595,GGTYTS,Viridiplantae,2,2
5596,GGTYTT,Viridiplantae,1,1
5597,GGVANV,Bacillati,1,1
5598,GGVATS,Viridiplantae,3,3
5599,GGVATT,Viridiplantae,2,2
5600,GGVDAV,Metazoa,2,2
5601,GGVDPL,Bacillati,1,1
5602,GGVDPS,Viridiplantae,1,1
5603,GGVDPT,Fungi,1,1
5604,GGVDSI,Fungi,1,1
5605,GGVDSS,Viridiplantae,5,5
5606,GGVDST,Fungi,1,6
5607,GGVDST,Metazoa,5,6
5608,GGVDSV,Metazoa,1,1
5609,GGVDTA,Metazoa,9,16
5610,GGVDTA,Viridiplantae,7,16
5611,GGVDTG,Fungi,1,40
5612,GGVDTG,Metazoa,1,40
5613,GGVDTG,Viridiplantae,38,40
5614,GGVDTI,Viridiplantae,3,3
5615,GGVDTM,Viridiplantae,2,2
5616,GGVDTN,Viridiplantae,14,14
5617,GGVDTP,Viridiplantae,3,3
5618,GGVDTS,Bacillati,8,104
5619,GGVDTS,Metazoa,14,104
5620,GGVDTS,Viridiplantae,82,104
5621,GGVDTT,Bacillati,196,1782
5622,GGVDTT,Fungi,63,1782
5623,GGVDTT,Metazoa,1462,1782
5624,GGVDTT,Pseudomonadati,22,1782
5625,GGVDTT,Viridiplantae,34,1782
5626,GGVDTV,Fungi,1,7
5627,GGVDTV,Metazoa,3,7
5628,GGVDTV,Viridiplantae,3,7
5629,GGVEAP,Viridiplantae,3,3
5630,GGVEAS,Viridiplantae,1,1
5631,GGVEGV,Metazoa,1,1
5632,GGVENS,Viridiplantae,1,1
5633,GGVEPI,Viridiplantae,3,3
5634,GGVESS,Metazoa,1,3
5635,GGVESS,Viridiplantae,2,3
5636,GGVEST,Bacillati,2,11
5637,GGVEST,Metazoa,9,11
5638,GGVESV,Bacillati,4,4
5639,GGVETA,Bacillati,5,9
5640,GGVETA,Pseudomonadati,2,9
5641,GGVETA,Viridiplantae,2,9
5642,GGVETG,Viridiplantae,3,3
5643,GGVETN,Viridiplantae,4,4
5644,GGVETP,Viridiplantae,1,1
5645,GGVETS,Metazoa,7,21
5646,GGVETS,Viridiplantae,14,21
5647,GGVETT,Bacillati,19,328
5648,GGVETT,Fungi,8,328
5649,GGVETT,Metazoa,277,328
5650,GGVETT,Pseudomonadati,23,328
5651,GGVETT,Viridiplantae,1,328
5652,GGVETV,Bacillati,55,68
5653,GGVETV,Fungi,1,68
5654,GGVETV,Metazoa,1,68
5655,GGVETV,Viridiplantae,6,68
5656,GGVFTT,Fungi,1,7
5657,GGVFTT,Metazoa,6,7
5658,GGVGTI,Fungi,1,1
5659,GGVGTS,Viridiplantae,1,1
5660,GGVGTT,Fungi,1,1
5661,GGVHNT,Fungi,1,1
5662,GGVHTS,Viridiplantae,3,3
5663,GGVHTT,Fungi,7,7
5664,GGVNTA,Fungi,1,1
5665,GGVNTT,Metazoa,1,1
5666,GGVNTV,Fungi,1,3
5667,GGVNTV,Metazoa,2,3
5668,GGVPTV,Pseudomonadati,1,1
5669,GGVQTV,Bacillati,1,1
5670,GGVRTT,Bacillati,1,1
5671,GGVSAL,Fungi,1,1
5672,GGVSTS,Viridiplantae,1,1
5673,GGVSTV,Pseudomonadati,2,2
5674,GGVTST,Metazoa,1,1
5675,GGVXTT,Metazoa,1,1
5676,GGVYNT,Fungi,1,1
5677,GGVYST,Viridiplantae,1,1
5678,GGWETV,Metazoa,2,2
5679,GGXETT,Fungi,1,2
5680,GGXETT,Metazoa,1,2
5681,GGYAST,Viridiplantae,8,8
5682,GGYDAI,Metazoa,2,2
5683,GGYDAT,Metazoa,10,11
5684,GGYDAT,Viridiplantae,1,11
5685,GGYDGT,Metazoa,2,2
5686,GGYDIT,Metazoa,4,4
5687,GGYDNN,Fungi,5,5
5688,GGYDPI,Metazoa,1,1
5689,GGYDPP,Bacillati,6,6
5690,GGYDPT,Fungi,1,2
5691,GGYDPT,Viridiplantae,1,2
5692,GGYDSS,Fungi,14,14
5693,GGYDST,Fungi,7,12
5694,GGYDST,Viridiplantae,5,12
5695,GGYDSV,Metazoa,1,1
5696,GGYDTA,Metazoa,2,5
5697,GGYDTA,Viridiplantae,3,5
5698,GGYDTI,Metazoa,4,6
5699,GGYDTI,Viridiplantae,2,6
5700,GGYDTS,Fungi,1,42
5701,GGYDTS,Metazoa,22,42
5702,GGYDTS,Pseudomonadati,9,42
5703,GGYDTS,Viridiplantae,7,42
5704,GGYDTT,Bacillati,30,172
5705,GGYDTT,Fungi,3,172
5706,GGYDTT,Metazoa,118,172
5707,GGYDTT,Pseudomonadati,2,172
5708,GGYDTT,Viridiplantae,10,172
5709,GGYDTV,Fungi,1,31
5710,GGYDTV,Metazoa,28,31
5711,GGYDTV,Viridiplantae,2,31
5712,GGYEAI,Viridiplantae,1,1
5713,GGYEAT,Bacillati,3,8
5714,GGYEAT,Metazoa,2,8
5715,GGYEAT,Pseudomonadati,2,8
5716,GGYEAT,Viridiplantae,1,8
5717,GGYEFT,Viridiplantae,1,1
5718,GGYEGV,Metazoa,4,4
5719,GGYEMA,Fungi,1,1
5720,GGYEMT,Metazoa,1,1
5721,GGYENM,Metazoa,1,1
5722,GGYENT,Bacillati,6,8
5723,GGYENT,Metazoa,1,8
5724,GGYENT,Viridiplantae,1,8
5725,GGYENV,Bacillati,3,3
5726,GGYEPP,Viridiplantae,4,4
5727,GGYEPS,Bacillati,1,1
5728,GGYEPT,Metazoa,34,35
5729,GGYEPT,Viridiplantae,1,35
5730,GGYESI,Fungi,5,13
5731,GGYESI,Metazoa,3,13
5732,GGYESI,Viridiplantae,5,13
5733,GGYESS,Fungi,1,10
5734,GGYESS,Metazoa,8,10
5735,GGYESS,Pseudomonadati,1,10
5736,GGYEST,Bacillati,4,58
5737,GGYEST,Fungi,3,58
5738,GGYEST,Metazoa,19,58
5739,GGYEST,Pseudomonadati,3,58
5740,GGYEST,Viridiplantae,29,58
5741,GGYESV,Viridiplantae,3,3
5742,GGYETA,Bacillati,3,7
5743,GGYETA,Metazoa,4,7
5744,GGYETI,Bacillati,30,46
5745,GGYETI,Metazoa,14,46
5746,GGYETI,Viridiplantae,2,46
5747,GGYETM,Viridiplantae,1,1
5748,GGYETN,Metazoa,3,16
5749,GGYETN,Viridiplantae,13,16
5750,GGYETS,Bacillati,20,201
5751,GGYETS,Fungi,2,201
5752,GGYETS,Metazoa,171,201
5753,GGYETS,Pseudomonadati,1,201
5754,GGYETS,Viridiplantae,6,201
5755,GGYETT,Bacillati,73,1071
5756,GGYETT,Fungi,34,1071
5757,GGYETT,Metazoa,602,1071
5758,GGYETT,Pseudomonadati,28,1071
5759,GGYETT,Viridiplantae,333,1071
5760,GGYETV,Bacillati,51,55
5761,GGYETV,Metazoa,4,55
5762,GGYETX,Metazoa,1,1
5763,GGYGSV,Metazoa,2,2
5764,GGYGTS,Bacillati,1,1
5765,GGYGTT,Fungi,2,3
5766,GGYGTT,Viridiplantae,1,3
5767,GGYGTV,Viridiplantae,4,4
5768,GGYHNT,Bacillati,1,1
5769,GGYHTL,Metazoa,2,2
5770,GGYHTS,Fungi,2,2
5771,GGYHTT,Bacillati,1,5
5772,GGYHTT,Metazoa,3,5
5773,GGYHTV,Metazoa,3,3
5774,GGYIST,Viridiplantae,4,4
5775,GGYITT,Bacillati,1,1
5776,GGYKST,Viridiplantae,10,10
5777,GGYKTT,Pseudomonadati,1,1
5778,GGYLAT,Metazoa,2,2
5779,GGYLET,Metazoa,2,2
5780,GGYLTV,Bacillati,1,1
5781,GGYMSA,Metazoa,1,1
5782,GGYMST,Viridiplantae,2,2
5783,GGYNST,Metazoa,1,1
5784,GGYNTT,Fungi,1,4
5785,GGYNTT,Viridiplantae,3,4
5786,GGYQSP,Viridiplantae,2,2
5787,GGYQST,Viridiplantae,4,4
5788,GGYQSV,Viridiplantae,1,1
5789,GGYQTT,Metazoa,4,4
5790,GGYTTI,Metazoa,7,7
5791,GGYTTT,Bacillati,5,9
5792,GGYVST,Viridiplantae,4,4
5793,GHDTS,Metazoa,2,2
5794,GHDTT,Fungi,3,59
5795,GHDTT,Metazoa,56,59
5796,GHETT,Fungi,1,2
5797,GHETT,Viridiplantae,1,2
5798,GIADTT,Viridiplantae,2,2
5799,GKDTS,Viridiplantae,1,1
5800,GNMETS,Metazoa,1,1
5801,GNNENT,Bacillati,1,1
5802,GNTETS,Metazoa,1,1
5803,GNYDTS,Viridiplantae,2,2
5804,GNYETT,Metazoa,3,3
5805,GQDTT,Metazoa,1,1
5806,GRDTS,Viridiplantae,1,1
5807,GRDTT,Fungi,2,9
5808,GRDTT,Viridiplantae,6,9
5809,GRTDTI,Fungi,1,1
5810,GRTDTT,Fungi,1,1
5811,GSADTT,Fungi,1,2
5812,GSADTT,Metazoa,1,2
5813,GSADTV,Viridiplantae,5,5
5814,GSATS,Fungi,1,1
5815,GSEGTT,Fungi,1,2
5816,GSEGTT,Pseudomonadati,1,2
5817,GSFDSS,Viridiplantae,1,1
5818,GSFDST,Viridiplantae,1,1
5819,GSFDSV,Metazoa,1,1
5820,GSFDTM,Metazoa,2,2
5821,GSFDTS,Viridiplantae,20,20
5822,GSFDTT,Metazoa,1,15
5823,GSFDTT,Viridiplantae,13,15
5824,GSFESI,Fungi,1,2
5825,GSFESI,Viridiplantae,1,2
5826,GSFETA,Viridiplantae,1,1
5827,GSFETI,Metazoa,3,3
5828,GSFETL,Metazoa,1,1
5829,GSFETN,Metazoa,2,2
5830,GSFETS,Viridiplantae,5,5
5831,GSFETT,Bacillati,1,6
5832,GSFETT,Fungi,4,6
5833,GSFETV,Fungi,3,3
5834,GSFHNT,Metazoa,1,1
5835,GSFHTI,Metazoa,1,1
5836,GSFHTT,Metazoa,1,1
5837,GSFQTI,Metazoa,3,3
5838,GSGETV,Bacillati,1,1
5839,GSHDTA,Viridiplantae,1,1
5840,GSHDTI,Metazoa,1,2
5841,GSHDTI,Viridiplantae,1,2
5842,GSHDTM,Metazoa,1,1
5843,GSHDTS,Viridiplantae,1,1
5844,GSHDTT,Bacillati,1,17
5845,GSHDTT,Metazoa,2,17
5846,GSHDTT,Pseudomonadati,2,17
5847,GSHDTT,Viridiplantae,12,17
5848,GSHETT,Bacillati,1,3
5849,GSHETT,Pseudomonadati,1,3
5850,GSHETT,Viridiplantae,1,3
5851,GSHFTT,Bacillati,1,1
5852,GSHGTI,Viridiplantae,3,3
5853,GSHYTT,Viridiplantae,2,2
5854,GSIDNP,Pseudomonadati,3,3
5855,GSIDST,Viridiplantae,10,10
5856,GSIDTA,Metazoa,1,1
5857,GSIDTC,Viridiplantae,1,1
5858,GSIDTL,Viridiplantae,2,2
5859,GSIDTS,Viridiplantae,25,25
5860,GSIDTT,Fungi,3,27
5861,GSIDTT,Viridiplantae,24,27
5862,GSIETL,Fungi,1,1
5863,GSIETM,Viridiplantae,7,7
5864,GSIETS,Metazoa,37,37
5865,GSIETT,Bacillati,1,5
5866,GSIETT,Fungi,2,5
5867,GSIETT,Metazoa,2,5
5868,GSIETV,Fungi,2,2
5869,GSIHTS,Viridiplantae,1,1
5870,GSIHTT,Fungi,7,12
5871,GSIHTT,Viridiplantae,5,12
5872,GSLDTL,Bacillati,1,1
5873,GSLDTS,Viridiplantae,8,8
5874,GSLDTT,Bacillati,1,1
5875,GSLETS,Viridiplantae,1,1
5876,GSLETT,Bacillati,1,1
5877,GSMDTA,Viridiplantae,5,5
5878,GSMDTI,Viridiplantae,1,1
5879,GSMDTP,Viridiplantae,8,8
5880,GSMDTS,Viridiplantae,143,143
5881,GSMDTT,Metazoa,4,24
5882,GSMDTT,Viridiplantae,20,24
5883,GSMETS,Viridiplantae,5,5
5884,GSMETT,Bacillati,1,2
5885,GSMETT,Metazoa,1,2
5886,GSNDTS,Viridiplantae,4,4
5887,GSNDTT,Viridiplantae,1,1
5888,GSQDAT,Fungi,1,1
5889,GSQDTT,Fungi,2,2
5890,GSQHST,Viridiplantae,1,1
5891,GSQHTT,Viridiplantae,2,2
5892,GSRDTI,Viridiplantae,1,1
5893,GSRDTT,Fungi,1,1
5894,GSSDTI,Metazoa,5,5
5895,GSSDTS,Viridiplantae,1,1
5896,GSSDTT,Fungi,8,13
5897,GSSDTT,Viridiplantae,5,13
5898,GSSETS,Viridiplantae,10,10
5899,GSSETT,Fungi,6,7
5900,GSSETT,Metazoa,1,7
5901,GSTDSV,Fungi,1,1
5902,GSTDTI,Fungi,1,2
5903,GSTDTI,Metazoa,1,2
5904,GSTDTL,Viridiplantae,7,7
5905,GSTDTM,Viridiplantae,2,2
5906,GSTDTS,Metazoa,1,17
5907,GSTDTS,Viridiplantae,16,17
5908,GSTDTT,Metazoa,9,50
5909,GSTDTT,Viridiplantae,41,50
5910,GSTDTV,Viridiplantae,2,2
5911,GSTEET,Viridiplantae,2,2
5912,GSTETS,Viridiplantae,4,4
5913,GSTETT,Fungi,1,7
5914,GSTETT,Metazoa,3,7
5915,GSTETT,Viridiplantae,3,7
5916,GSTSST,Metazoa,1,1
5917,GSVANT,Metazoa,1,1
5918,GSVDNP,Pseudomonadati,2,2
5919,GSVDTM,Metazoa,3,3
5920,GSVDTS,Metazoa,1,16
5921,GSVDTS,Viridiplantae,15,16
5922,GSVDTT,Metazoa,30,32
5923,GSVDTT,Viridiplantae,2,32
5924,GSVESS,Fungi,1,1
5925,GSVETA,Bacillati,8,9
5926,GSVETA,Metazoa,1,9
5927,GSVETS,Fungi,1,21
5928,GSVETS,Metazoa,20,21
5929,GSYDPT,Viridiplantae,1,1
5930,GSYDSI,Metazoa,1,1
5931,GSYDST,Metazoa,2,2
5932,GSYDTA,Viridiplantae,2,2
5933,GSYDTI,Viridiplantae,2,2
5934,GSYDTS,Viridiplantae,2,2
5935,GSYDTT,Metazoa,6,31
5936,GSYDTT,Viridiplantae,25,31
5937,GSYDTV,Metazoa,4,7
5938,GSYDTV,Viridiplantae,3,7
5939,GSYEAS,Metazoa,2,2
5940,GSYEST,Viridiplantae,1,1
5941,GSYETT,Metazoa,8,13
5942,GSYETT,Pseudomonadati,1,13
5943,GSYETT,Viridiplantae,4,13
5944,GSYITT,Viridiplantae,1,1
5945,GSYSTM,Viridiplantae,1,1
5946,GTETT,Metazoa,1,1
5947,GTFDTT,Metazoa,1,1
5948,GTIANT,Bacillati,1,1
5949,GTIDTS,Viridiplantae,1,1
5950,GTMDTS,Viridiplantae,2,2
5951,GTNANT,Bacillati,1,1
5952,GTQDTT,Viridiplantae,1,1
5953,GTSDTT,Viridiplantae,2,2
5954,GTTDPT,Viridiplantae,1,1
5955,GTTDTS,Viridiplantae,1,1
5956,GTTDTT,Viridiplantae,11,11
5957,GTVDSV,Viridiplantae,1,1
5958,GTVDTS,Viridiplantae,1,1
5959,GTVDTT,Fungi,2,2
5960,GTYDTS,Viridiplantae,1,1
5961,GVDTT,Metazoa,1,1
5962,GVFETT,Bacillati,2,2
5963,GVGETT,Fungi,1,1
5964,GVNDTT,Metazoa,1,1
5965,GVSDSS,Viridiplantae,1,1
5966,GVTDTT,Viridiplantae,1,1
5967,GVTETT,Fungi,1,1
5968,GVTETV,Viridiplantae,1,1
5969,GVYETT,Viridiplantae,1,1
5970,GYDTT,Metazoa,3,3
5971,GYETT,Metazoa,1,1
5972,GYETV,Metazoa,1,1
5973,GdeSHDTT,Metazoa,1,1
5974,HDTT,Fungi,1,6
5975,HDTT,Metazoa,5,6
5976,HETT,Bacillati,1,2
5977,HETT,Fungi,1,2
5978,HGFLTT,Viridiplantae,1,1
5979,IAQETT,Metazoa,1,1
5980,IGADTT,Fungi,3,3
5981,IGANAT,Metazoa,13,13
5982,IGCETT,Metazoa,1,1
5983,IGFDTT,Metazoa,1,1
5984,IGFQTT,Metazoa,1,1
5985,IGHDTT,Metazoa,2,2
5986,IGHETS,Bacillati,1,1
5987,IGHETT,Bacillati,1,3
5988,IGHETT,Viridiplantae,2,3
5989,IGHTST,Pseudomonadati,2,2
5990,IGINAM,Metazoa,1,1
5991,IGINAT,Metazoa,3,3
5992,IGINTI,Metazoa,2,2
5993,IGKDTT,Viridiplantae,1,1
5994,IGMNTM,Metazoa,1,1
5995,IGSATS,Fungi,1,1
5996,IGSATT,Fungi,10,10
5997,IGSDTT,Fungi,1,2
5998,IGSDTT,Pseudomonadati,1,2
5999,IGSETS,Metazoa,1,1
6000,IGTDTS,Viridiplantae,5,5
6001,IGTETT,Metazoa,1,1
6002,IGTNAT,Metazoa,1,1
6003,IGVNAT,Metazoa,5,5
6004,IGVNTI,Metazoa,21,21
6005,IGVNTM,Metazoa,1,1
6006,IGVNTT,Metazoa,4,4
6007,IGVNTV,Metazoa,3,3
6008,IGYIST,Viridiplantae,1,1
6009,ISIETT,Fungi,1,1
6010,KGFEPT,Metazoa,17,17
6011,KGFESA,Metazoa,2,2
6012,KGFQSL,Metazoa,1,1
6013,KGHDTK,Metazoa,1,1
6014,KGHDTT,Metazoa,19,19
6015,KGHDTV,Metazoa,4,4
6016,KGHETT,Metazoa,1,1
6017,KGNDTT,Metazoa,2,2
6018,KGYETT,Metazoa,2,2
6019,LAVDST,Viridiplantae,1,1
6020,LGEDTT,Bacillati,6,6
6021,LGFDTL,Metazoa,1,1
6022,LGHDST,Fungi,1,1
6023,LGHDTT,Bacillati,7,108
6024,LGHDTT,Fungi,98,108
6025,LGHDTT,Metazoa,3,108
6026,LGHETT,Bacillati,42,48
6027,LGHETT,Fungi,4,48
6028,LGHETT,Pseudomonadati,1,48
6029,LGKDTS,Viridiplantae,1,1
6030,LGQDTT,Bacillati,3,4
6031,LGQETS,Metazoa,1,1
6032,LGQETT,Metazoa,21,22
6033,LGQETT,Viridiplantae,1,22
6034,LGSDTI,Fungi,1,1
6035,LGSDTT,Fungi,2,3
6036,LGSDTT,Metazoa,1,3
6037,LGSETT,Pseudomonadati,1,1
6038,LGVDST,Viridiplantae,21,21
6039,LGVNTT,Metazoa,1,1
6040,LGYDTT,Bacillati,2,2
6041,LGYEST,Metazoa,3,3
6042,LGYETT,Bacillati,54,57
6043,LGYETT,Metazoa,3,57
6044,LGYETV,Viridiplantae,1,1
6045,LGYSTT,Metazoa,2,2
6046,LGYTLC,Metazoa,1,1
6047,LSMDRM,Viridiplantae,1,1
6048,LSTDST,Viridiplantae,1,1
6049,LSVDSM,Viridiplantae,1,1
6050,MASDTT,Viridiplantae,1,1
6051,MGIEAT,Metazoa,1,1
6052,MGLETC,Metazoa,6,6
6053,NAFETS,Metazoa,2,2
6054,NAFSTI,Metazoa,1,1
6055,NAHDTI,Viridiplantae,1,1
6056,NGADPT,Fungi,1,1
6057,NGAETA,Metazoa,1,1
6058,NGFDTT,Metazoa,1,1
6059,NGFEPS,Metazoa,1,1
6060,NGFEST,Metazoa,2,2
6061,NGFETS,Metazoa,2,2
6062,NGHETT,Bacillati,27,27
6063,NGHETV,Bacillati,3,3
6064,NGIATT,Bacillati,1,1
6065,NGIDTT,Viridiplantae,1,1
6066,NGLETC,Metazoa,3,3
6067,NGMNTT,Metazoa,1,1
6068,NGSDTL,Viridiplantae,1,1
6069,NGTDTS,Fungi,2,2
6070,NGTDTT,Fungi,5,5
6071,NGTETT,Fungi,3,3
6072,NGYESV,Bacillati,1,1
6073,NGYETS,Metazoa,4,4
6074,NGYETT,Bacillati,2,3
6075,NGYETT,Fungi,1,3
6076,NNHNTL,Metazoa,1,1
6077,PADDTI,Fungi,1,1
6078,PAEETT,Bacillati,1,1
6079,PAFDTT,Bacillati,1,1
6080,PAFESI,Fungi,5,5
6081,PAFEST,Fungi,6,7
6082,PAFEST,Metazoa,1,7
6083,PAFETT,Fungi,1,1
6084,PAFSAI,Metazoa,1,1
6085,PAHDAT,Fungi,1,1
6086,PAHDNV,Fungi,4,4
6087,PAHDTV,Fungi,4,4
6088,PALDTA,Fungi,1,1
6089,PALDTT,Pseudomonadati,1,1
6090,PARDAA,Fungi,2,2
6091,PARDST,Fungi,9,9
6092,PARDTA,Fungi,4,4
6093,PARDTS,Fungi,4,4
6094,PARDTT,Fungi,17,17
6095,PARDTV,Fungi,1,1
6096,PARETT,Fungi,1,1
6097,PASDAP,Metazoa,2,2
6098,PASDTT,Viridiplantae,1,1
6099,PATDST,Fungi,1,1
6100,PGAETI,Bacillati,17,17
6101,PGEDSV,Viridiplantae,7,7
6102,PGGETI,Bacillati,6,6
6103,PGGETT,Fungi,1,1
6104,PGGETV,Bacillati,7,7
6105,PGHDTI,Fungi,7,7
6106,PGHDTS,Viridiplantae,1,1
6107,PGHDTT,Fungi,1,2
6108,PGHDTT,Metazoa,1,2
6109,PGHETM,Metazoa,1,1
6110,PGHETS,Pseudomonadati,1,1
6111,PGHETT,Bacillati,14,15
6112,PGHETT,Fungi,1,15
6113,PGIDTS,Viridiplantae,1,1
6114,PGIGTT,Viridiplantae,2,2
6115,PGKDTM,Viridiplantae,4,4
6116,PGKDTS,Viridiplantae,1,1
6117,PGKQTT,Viridiplantae,1,1
6118,PGLDNT,Metazoa,1,1
6119,PGLETT,Pseudomonadati,1,1
6120,PGMDTT,Viridiplantae,1,1
6121,PGPDTT,Fungi,1,1
6122,PGQDPT,Fungi,4,4
6123,PGQDSV,Viridiplantae,4,4
6124,PGQETT,Viridiplantae,1,1
6125,PGRDST,Fungi,2,2
6126,PGRDTI,Fungi,1,1
6127,PGRDTS,Viridiplantae,1,1
6128,PGRDTT,Fungi,12,12
6129,PGSDTS,Viridiplantae,6,6
6130,PGSDTT,Fungi,1,3
6131,PGSDTT,Viridiplantae,2,3
6132,PGSETI,Bacillati,82,82
6133,PGSETS,Metazoa,1,7
6134,PGSETS,Viridiplantae,6,7
6135,PGSETT,Metazoa,1,1
6136,PGSETV,Bacillati,125,125
6137,PGTDPS,Viridiplantae,1,1
6138,PGTDTA,Viridiplantae,69,69
6139,PGTDTL,Viridiplantae,1,1
6140,PGTDTS,Viridiplantae,7,7
6141,PGTDTT,Fungi,57,62
6142,PGTDTT,Metazoa,5,62
6143,PGTDTV,Viridiplantae,1,1
6144,PGTETP,Metazoa,5,5
6145,PGTETT,Metazoa,11,11
6146,PGTHTT,Fungi,1,1
6147,PGYATT,Fungi,1,1
6148,PGYDST,Fungi,1,1
6149,PGYDTT,Fungi,1,1
6150,PGYESV,Metazoa,1,1
6151,PGYETT,Metazoa,1,1
6152,PGYETV,Metazoa,1,1
6153,PMNDTT,Fungi,2,2
6154,PNNDTT,Fungi,85,85
6155,PNNETT,Fungi,2,2
6156,PNSDTT,Fungi,2,2
6157,PSHDTV,Fungi,1,1
6158,PSIDTT,Bacillati,6,6
6159,PSLDTT,Bacillati,34,34
6160,PSNDTT,Fungi,19,19
6161,PSNETT,Fungi,10,10
6162,PSRDTT,Fungi,3,3
6163,PSYDTT,Metazoa,1,1
6164,PSYETT,Fungi,1,1
6165,PTNDTT,Fungi,14,14
6166,QAADTT,Viridiplantae,2,2
6167,QAIHTT,Fungi,4,4
6168,QASDTT,Viridiplantae,2,2
6169,QATDTT,Viridiplantae,1,1
6170,QDTT,Metazoa,1,1
6171,QGHDTT,Metazoa,4,4
6172,QGHENT,Metazoa,1,1
6173,QGHSST,Bacillati,1,1
6174,QGHTST,Bacillati,1,1
6175,QGTDTT,Viridiplantae,5,5
6176,RAIATS,Viridiplantae,1,1
6177,RGADTV,Viridiplantae,2,2
6178,RGFDTT,Metazoa,2,2
6179,RGHDTT,Metazoa,150,150
6180,RGHKTT,Viridiplantae,1,1
6181,RGIDTT,Viridiplantae,1,1
6182,RGKETT,Viridiplantae,1,1
6183,RGSDTT,Viridiplantae,1,1
6184,RGTDTM,Viridiplantae,1,1
6185,RGTDTT,Viridiplantae,113,113
6186,RGTDTV,Viridiplantae,36,36
6187,SAAEST,Metazoa,2,2
6188,SAFETT,Pseudomonadati,1,1
6189,SAGDTT,Metazoa,2,2
6190,SAGETT,Bacillati,1,1
6191,SAHDTT,Viridiplantae,3,3
6192,SAHGTT,Viridiplantae,3,3
6193,SAHHAS,Fungi,1,1
6194,SAIETP,Bacillati,2,2
6195,SAIHTS,Fungi,1,1
6196,SAIHTT,Fungi,3,4
6197,SAIHTT,Metazoa,1,4
6198,SAKETT,Bacillati,1,1
6199,SALEPM,Pseudomonadati,4,4
6200,SAMDTT,Fungi,4,4
6201,SASDTL,Viridiplantae,1,1
6202,SASDTT,Fungi,1,2
6203,SASDTT,Metazoa,1,2
6204,SATEPI,Pseudomonadati,1,1
6205,SATETT,Metazoa,7,7
6206,SATVTT,Bacillati,2,2
6207,SAYDSS,Viridiplantae,4,4
6208,SAYETT,Metazoa,5,5
6209,SETT,Fungi,1,1
6210,SGADST,Metazoa,1,1
6211,SGADTS,Fungi,3,3
6212,SGADTT,Fungi,2,2
6213,SGAEST,Metazoa,1,1
6214,SGAETT,Bacillati,1,2
6215,SGAETT,Metazoa,1,2
6216,SGDATT,Viridiplantae,4,4
6217,SGDGTT,Viridiplantae,9,9
6218,SGEETT,Bacillati,2,2
6219,SGEGTT,Viridiplantae,1,1
6220,SGFDST,Metazoa,2,2
6221,SGFDSV,Metazoa,2,2
6222,SGFDTS,Metazoa,3,3
6223,SGFDTT,Bacillati,2,4
6224,SGFDTT,Metazoa,1,4
6225,SGFDTT,Pseudomonadati,1,4
6226,SGFEAA,Metazoa,2,2
6227,SGFEAS,Metazoa,2,2
6228,SGFEAT,Metazoa,2,2
6229,SGFEPL,Metazoa,3,3
6230,SGFESI,Metazoa,1,1
6231,SGFEST,Metazoa,1,1
6232,SGFETA,Metazoa,2,2
6233,SGFETM,Viridiplantae,2,2
6234,SGFETS,Metazoa,1,1
6235,SGFETT,Bacillati,7,22
6236,SGFETT,Fungi,8,22
6237,SGFETT,Metazoa,2,22
6238,SGFETT,Pseudomonadati,5,22
6239,SGFETV,Viridiplantae,33,33
6240,SGFTTT,Bacillati,1,1
6241,SGGETS,Viridiplantae,4,4
6242,SGHATS,Viridiplantae,3,3
6243,SGHDTA,Bacillati,3,3
6244,SGHDTS,Fungi,1,7
6245,SGHDTS,Metazoa,4,7
6246,SGHDTS,Viridiplantae,2,7
6247,SGHDTT,Bacillati,3,38
6248,SGHDTT,Fungi,15,38
6249,SGHDTT,Metazoa,19,38
6250,SGHEAT,Bacillati,1,1
6251,SGHEPT,Fungi,1,1
6252,SGHESI,Viridiplantae,2,2
6253,SGHEST,Bacillati,1,1
6254,SGHETA,Viridiplantae,2,2
6255,SGHETI,Fungi,1,1
6256,SGHETK,Viridiplantae,1,1
6257,SGHETL,Bacillati,1,1
6258,SGHETM,Pseudomonadati,1,1
6259,SGHETP,Fungi,1,1
6260,SGHETS,Bacillati,7,10
6261,SGHETS,Fungi,2,10
6262,SGHETS,Viridiplantae,1,10
6263,SGHETT,Bacillati,103,205
6264,SGHETT,Fungi,25,205
6265,SGHETT,Metazoa,12,205
6266,SGHETT,Nanobdellati,1,205
6267,SGHETT,Pseudomonadati,24,205
6268,SGHETT,Viridiplantae,24,205
6269,SGHETV,Bacillati,1,1
6270,SGHGTT,Fungi,1,7
6271,SGHGTT,Pseudomonadati,3,7
6272,SGHGTT,Viridiplantae,3,7
6273,SGHHTT,Fungi,1,1
6274,SGHITT,Bacillati,1,3
6275,SGHITT,Metazoa,2,3
6276,SGHKTT,Pseudomonadati,1,1
6277,SGHMTT,Metazoa,1,1
6278,SGHNTT,Viridiplantae,2,2
6279,SGHSTT,Bacillati,1,3
6280,SGHSTT,Fungi,2,3
6281,SGHSTV,Metazoa,1,1
6282,SGHVTT,Pseudomonadati,1,1
6283,SGHYTT,Metazoa,1,1
6284,SGIDSS,Metazoa,1,1
6285,SGIDTG,Viridiplantae,11,11
6286,SGIDTS,Viridiplantae,1,1
6287,SGIDTT,Metazoa,1,2
6288,SGIDTT,Viridiplantae,1,2
6289,SGIETS,Metazoa,1,1
6290,SGIETT,Bacillati,2,2
6291,SGINTS,Viridiplantae,2,2
6292,SGKDPV,Fungi,1,1
6293,SGKDTI,Viridiplantae,1,1
6294,SGKDTT,Viridiplantae,1,1
6295,SGKEST,Viridiplantae,3,3
6296,SGLATT,Metazoa,1,1
6297,SGLDTT,Bacillati,1,2
6298,SGLDTT,Metazoa,1,2
6299,SGLDTV,Bacillati,24,24
6300,SGLEAM,Pseudomonadati,1,1
6301,SGLEPM,Pseudomonadati,6,6
6302,SGLETT,Bacillati,14,15
6303,SGLETT,Pseudomonadati,1,15
6304,SGLETV,Metazoa,1,1
6305,SGLHST,Fungi,1,1
6306,SGLHTT,Pseudomonadati,6,6
6307,SGMDTM,Viridiplantae,1,1
6308,SGMDTT,Metazoa,1,2
6309,SGMDTT,Viridiplantae,1,2
6310,SGMEST,Metazoa,2,2
6311,SGMGTT,Bacillati,2,2
6312,SGMNTI,Metazoa,8,8
6313,SGNASI,Bacillati,1,1
6314,SGNDAS,Metazoa,3,3
6315,SGNDTA,Bacillati,9,9
6316,SGNETT,Bacillati,14,26
6317,SGNETT,Fungi,1,26
6318,SGNETT,Pseudomonadati,3,26
6319,SGNETT,Viridiplantae,1,26
6320,SGNVTT,Viridiplantae,1,1
6321,SGQDET,Metazoa,2,2
6322,SGQDST,Metazoa,4,4
6323,SGQDTI,Metazoa,1,1
6324,SGQDTS,Metazoa,2,2
6325,SGQDTT,Fungi,8,11
6326,SGQDTT,Viridiplantae,3,11
6327,SGQEAV,Metazoa,1,1
6328,SGQESS,Viridiplantae,2,2
6329,SGQEST,Viridiplantae,3,3
6330,SGQETS,Viridiplantae,4,4
6331,SGQETT,Bacillati,1,44
6332,SGQETT,Metazoa,29,44
6333,SGQETT,Viridiplantae,14,44
6334,SGQETV,Viridiplantae,45,45
6335,SGQGNS,Viridiplantae,2,2
6336,SGQGSS,Viridiplantae,10,10
6337,SGQGTT,Viridiplantae,3,3
6338,SGQHSS,Fungi,1,1
6339,SGQHTS,Fungi,9,9
6340,SGQSTT,Viridiplantae,1,1
6341,SGRDTA,Viridiplantae,1,1
6342,SGRDTI,Viridiplantae,2,2
6343,SGRDTT,Bacillati,1,16
6344,SGRDTT,Fungi,1,16
6345,SGRDTT,Viridiplantae,14,16
6346,SGRDTV,Viridiplantae,1,1
6347,SGSDSS,Viridiplantae,3,3
6348,SGSDTF,Viridiplantae,1,1
6349,SGSDTI,Fungi,1,1
6350,SGSDTS,Fungi,3,12
6351,SGSDTS,Metazoa,3,12
6352,SGSDTS,Viridiplantae,6,12
6353,SGSDTT,Fungi,4,5
6354,SGSDTT,Pseudomonadati,1,5
6355,SGSETI,Metazoa,1,1
6356,SGSETS,Metazoa,6,10
6357,SGSETS,Viridiplantae,4,10
6358,SGSETT,Fungi,4,23
6359,SGSETT,Metazoa,15,23
6360,SGSETT,Viridiplantae,4,23
6361,SGSGTV,Metazoa,3,3
6362,SGSHTS,Viridiplantae,2,2
6363,SGTAPT,Metazoa,2,2
6364,SGTASS,Metazoa,2,2
6365,SGTATT,Viridiplantae,12,12
6366,SGTDAI,Metazoa,1,1
6367,SGTDSS,Viridiplantae,1,1
6368,SGTDST,Viridiplantae,1,1
6369,SGTDTM,Viridiplantae,2,2
6370,SGTDTP,Viridiplantae,2,2
6371,SGTDTS,Fungi,1,7
6372,SGTDTS,Viridiplantae,6,7
6373,SGTDTT,Fungi,2,22
6374,SGTDTT,Metazoa,1,22
6375,SGTDTT,Viridiplantae,19,22
6376,SGTEAA,Bacillati,1,1
6377,SGTEST,Metazoa,5,5
6378,SGTETI,Metazoa,4,4
6379,SGTETS,Bacillati,2,11
6380,SGTETS,Metazoa,1,11
6381,SGTETS,Viridiplantae,2,11
6382,SGTETT,Bacillati,4,9
6383,SGTETT,Fungi,2,9
6384,SGTETT,Viridiplantae,1,9
6385,SGTHTV,Viridiplantae,1,1
6386,SGTITT,Fungi,11,11
6387,SGTMTT,Fungi,6,6
6388,SGTSTT,Viridiplantae,1,1
6389,SGTTTT,Metazoa,1,1
6390,SGTVTT,Metazoa,1,1
6391,SGVDTI,Metazoa,3,4
6392,SGVDTI,Viridiplantae,1,4
6393,SGVDTS,Metazoa,3,3
6394,SGVDTT,Fungi,2,3
6395,SGVDTT,Viridiplantae,1,3
6396,SGVEPI,Metazoa,1,1
6397,SGVETT,Metazoa,1,1
6398,SGVHTT,Fungi,1,1
6399,SGYATL,Metazoa,2,2
6400,SGYDAI,Metazoa,1,1
6401,SGYDNN,Metazoa,1,1
6402,SGYDSI,Metazoa,1,1
6403,SGYDSS,Bacillati,8,8
6404,SGYDST,Fungi,1,2
6405,SGYDST,Pseudomonadati,1,2
6406,SGYDSV,Metazoa,1,1
6407,SGYDTL,Metazoa,2,2
6408,SGYDTT,Bacillati,1,2
6409,SGYDTT,Fungi,1,2
6410,SGYESP,Pseudomonadati,1,1
6411,SGYEST,Pseudomonadati,1,2
6412,SGYEST,Viridiplantae,1,2
6413,SGYETA,Pseudomonadati,1,1
6414,SGYETI,Viridiplantae,9,9
6415,SGYETM,Viridiplantae,118,118
6416,SGYETS,Bacillati,2,7
6417,SGYETS,Metazoa,4,7
6418,SGYETS,Viridiplantae,1,7
6419,SGYETT,Bacillati,11,18
6420,SGYETT,Fungi,1,18
6421,SGYETT,Metazoa,4,18
6422,SGYETT,Pseudomonadati,2,18
6423,SGYETV,Metazoa,5,636
6424,SGYETV,Viridiplantae,631,636
6425,SGYGTT,Pseudomonadati,1,1
6426,SGYHTS,Fungi,1,1
6427,SGYNTT,Viridiplantae,1,1
6428,SHDTT,Fungi,1,14
6429,SHDTT,Metazoa,13,14
6430,SSADTT,Viridiplantae,4,4
6431,SSAEST,Metazoa,1,1
6432,SSAETT,Bacillati,2,2
6433,SSDTT,Metazoa,1,1
6434,SSFETT,Viridiplantae,2,2
6435,SSFETV,Viridiplantae,1,1
6436,SSHDTS,Viridiplantae,3,3
6437,SSHETT,Fungi,1,7
6438,SSHETT,Pseudomonadati,6,7
6439,SSIDTT,Metazoa,2,2
6440,SSIHTT,Fungi,4,4
6441,SSQDAS,Fungi,1,1
6442,SSQDTT,Viridiplantae,1,1
6443,SSQEAS,Metazoa,2,2
6444,SSQEAT,Metazoa,15,15
6445,SSQETT,Metazoa,1,1
6446,SSSEPV,Pseudomonadati,1,1
6447,SSTDST,Viridiplantae,1,1
6448,SSTDTT,Fungi,1,2
6449,SSTDTT,Viridiplantae,1,2
6450,SSTETT,Metazoa,2,3
6451,SSTETT,Viridiplantae,1,3
6452,SSYETV,Viridiplantae,2,2
6453,SSYHTT,Metazoa,1,1
6454,STIDTS,Viridiplantae,3,3
6455,TAFDQI,Metazoa,4,4
6456,TAFDTT,Metazoa,2,6
6457,TAFDTT,Pseudomonadati,4,6
6458,TAFDTV,Pseudomonadati,1,1
6459,TAFETI,Metazoa,2,2
6460,TAFETT,Pseudomonadati,4,4
6461,TAHDVL,Pseudomonadati,1,1
6462,TAHYTI,Metazoa,2,2
6463,TAHYTT,Metazoa,48,48
6464,TAIDTS,Viridiplantae,1,1
6465,TAIEPT,Bacillati,1,1
6466,TAIETV,Fungi,1,1
6467,TAIHTT,Fungi,4,4
6468,TALDTT,Bacillati,1,1
6469,TALETT,Fungi,1,1
6470,TAMDTS,Fungi,1,1
6471,TAMDTT,Fungi,8,11
6472,TAMDTT,Viridiplantae,3,11
6473,TAQDTS,Metazoa,1,1
6474,TAQDTT,Bacillati,3,5
6475,TAQDTT,Fungi,2,5
6476,TAQETT,Bacillati,1,1
6477,TAQGTT,Bacillati,1,2
6478,TAQGTT,Viridiplantae,1,2
6479,TASDTT,Viridiplantae,7,7
6480,TASNTS,Viridiplantae,1,1
6481,TASQTI,Fungi,1,1
6482,TATDTS,Fungi,2,4
6483,TATDTS,Metazoa,1,4
6484,TATDTS,Viridiplantae,1,4
6485,TATDTT,Fungi,9,13
6486,TATDTT,Metazoa,2,13
6487,TATDTT,Viridiplantae,2,13
6488,TATETT,Fungi,1,1
6489,TATHTT,Fungi,2,2
6490,TAVDPI,Bacillati,1,1
6491,TAVETS,Metazoa,1,1
6492,TAYDTL,Metazoa,1,1
6493,TAYETT,Viridiplantae,1,1
6494,TAYHNT,Bacillati,1,1
6495,TAYQTI,Bacillati,1,1
6496,TAYQTP,Bacillati,1,1
6497,TFTETT,Metazoa,2,2
6498,TGADTI,Viridiplantae,1,1
6499,TGADTT,Fungi,4,5
6500,TGADTT,Metazoa,1,5
6501,TGADTV,Pseudomonadati,3,3
6502,TGAEST,Bacillati,1,1
6503,TGAETS,Bacillati,1,5
6504,TGAETS,Fungi,1,5
6505,TGAETS,Metazoa,3,5
6506,TGAETT,Bacillati,43,47
6507,TGAETT,Metazoa,1,47
6508,TGAETT,Pseudomonadati,1,47
6509,TGAETT,Viridiplantae,2,47
6510,TGAGST,Viridiplantae,2,2
6511,TGANTT,Viridiplantae,3,3
6512,TGCETT,Metazoa,2,2
6513,TGDDTT,Fungi,1,1
6514,TGEDTT,Pseudomonadati,3,3
6515,TGEEST,Bacillati,1,1
6516,TGEETT,Bacillati,12,12
6517,TGEETV,Viridiplantae,1,1
6518,TGFATT,Bacillati,1,1
6519,TGFDTS,Metazoa,4,4
6520,TGFDTT,Fungi,1,27
6521,TGFDTT,Metazoa,26,27
6522,TGFDTV,Bacillati,2,2
6523,TGFEGL,Metazoa,8,8
6524,TGFEPS,Metazoa,1,1
6525,TGFEPV,Metazoa,1,1
6526,TGFEST,Metazoa,7,7
6527,TGFETI,Metazoa,1,1
6528,TGFETS,Metazoa,13,13
6529,TGFETT,Bacillati,23,32
6530,TGFETT,Fungi,2,32
6531,TGFETT,Metazoa,7,32
6532,TGFETV,Viridiplantae,3,3
6533,TGFSTT,Bacillati,4,4
6534,TGFVNT,Fungi,1,1
6535,TGGDTI,Viridiplantae,5,5
6536,TGGDTT,Fungi,2,2
6537,TGGETS,Bacillati,1,1
6538,TGGETT,Fungi,1,2
6539,TGGETT,Viridiplantae,1,2
6540,TGGETV,Viridiplantae,2,2
6541,TGHATT,Fungi,1,1
6542,TGHDAL,Metazoa,1,1
6543,TGHDAT,Metazoa,1,1
6544,TGHDNV,Bacillati,1,1
6545,TGHDPI,Metazoa,8,8
6546,TGHDPL,Metazoa,1,1
6547,TGHDPT,Fungi,1,3
6548,TGHDPT,Metazoa,2,3
6549,TGHDPV,Metazoa,10,10
6550,TGHDST,Fungi,5,12
6551,TGHDST,Metazoa,6,12
6552,TGHDTI,Viridiplantae,3,3
6553,TGHDTS,Bacillati,24,49
6554,TGHDTS,Fungi,14,49
6555,TGHDTS,Metazoa,9,49
6556,TGHDTS,Pseudomonadati,1,49
6557,TGHDTS,Viridiplantae,1,49
6558,TGHDTT,Bacillati,37,78
6559,TGHDTT,Fungi,18,78
6560,TGHDTT,Metazoa,10,78
6561,TGHDTT,Pseudomonadati,1,78
6562,TGHDTT,Viridiplantae,6,78
6563,TGHDTV,Fungi,1,21
6564,TGHDTV,Metazoa,2,21
6565,TGHDTV,Viridiplantae,18,21
6566,TGHEAT,Fungi,1,1
6567,TGHEGP,Fungi,1,1
6568,TGHEPI,Fungi,1,1
6569,TGHEST,Bacillati,10,18
6570,TGHEST,Fungi,2,18
6571,TGHEST,Pseudomonadati,1,18
6572,TGHETA,Fungi,5,5
6573,TGHETI,Pseudomonadati,1,2
6574,TGHETI,Viridiplantae,1,2
6575,TGHETL,Bacillati,2,3
6576,TGHETL,Fungi,1,3
6577,TGHETS,Bacillati,1,62
6578,TGHETS,Fungi,59,62
6579,TGHETT,Bacillati,81,225
6580,TGHETT,Fungi,62,225
6581,TGHETT,Metazoa,2,225
6582,TGHETT,Pseudomonadati,16,225
6583,TGHETT,Viridiplantae,61,225
6584,TGHETV,Bacillati,13,14
6585,TGHETV,Fungi,1,14
6586,TGHGPT,Bacillati,1,1
6587,TGHHTT,Bacillati,10,11
6588,TGHHTT,Fungi,1,11
6589,TGHLTT,Metazoa,1,1
6590,TGHMTT,Metazoa,1,1
6591,TGHQTT,Pseudomonadati,1,1
6592,TGHVSL,Metazoa,1,1
6593,TGHYTT,Metazoa,18,18
6594,TGIDSS,Metazoa,1,1
6595,TGIDTG,Viridiplantae,1,1
6596,TGIDTS,Viridiplantae,1,1
6597,TGIDTT,Metazoa,8,11
6598,TGIDTT,Viridiplantae,3,11
6599,TGIDTV,Bacillati,1,1
6600,TGIEST,Bacillati,1,2
6601,TGIEST,Metazoa,1,2
6602,TGIETS,Viridiplantae,2,2
6603,TGIGGP,Bacillati,4,4
6604,TGIHTT,Viridiplantae,1,1
6605,TGINTS,Viridiplantae,1,1
6606,TGKDTS,Viridiplantae,1,1
6607,TGKDTT,Viridiplantae,5,5
6608,TGKETA,Viridiplantae,1,1
6609,TGKETI,Viridiplantae,1,1
6610,TGKETS,Viridiplantae,2,2
6611,TGKETT,Viridiplantae,11,11
6612,TGLDTT,Bacillati,1,1
6613,TGLEPI,Bacillati,1,1
6614,TGMDTT,Viridiplantae,20,20
6615,TGMETT,Bacillati,1,6
6616,TGMETT,Fungi,1,6
6617,TGMETT,Viridiplantae,4,6
6618,TGMSTT,Viridiplantae,2,2
6619,TGNDTS,Fungi,2,2
6620,TGNEST,Bacillati,7,7
6621,TGNETS,Fungi,2,5
6622,TGNETS,Metazoa,3,5
6623,TGNETT,Bacillati,3,4
6624,TGNETT,Pseudomonadati,1,4
6625,TGQDNT,Bacillati,1,1
6626,TGQDPT,Fungi,1,1
6627,TGQDTI,Bacillati,1,1
6628,TGQDTT,Bacillati,103,104
6629,TGQDTT,Viridiplantae,1,104
6630,TGQDTV,Metazoa,3,4
6631,TGQDTV,Viridiplantae,1,4
6632,TGQDTY,Metazoa,2,2
6633,TGQEAT,Fungi,1,1
6634,TGQEMT,Fungi,1,1
6635,TGQEPT,Bacillati,2,2
6636,TGQETI,Metazoa,1,2
6637,TGQETI,Viridiplantae,1,2
6638,TGQETS,Pseudomonadati,1,3
6639,TGQETS,Viridiplantae,2,3
6640,TGQETT,Metazoa,9,25
6641,TGQETT,Viridiplantae,16,25
6642,TGQETV,Metazoa,1,5
6643,TGQETV,Viridiplantae,4,5
6644,TGQGTT,Bacillati,1,3
6645,TGQGTT,Viridiplantae,2,3
6646,TGQHSS,Fungi,1,1
6647,TGQITV,Pseudomonadati,1,1
6648,TGRDSM,Viridiplantae,1,1
6649,TGRDTT,Fungi,2,3
6650,TGRDTT,Viridiplantae,1,3
6651,TGRDTV,Viridiplantae,1,1
6652,TGRSTT,Fungi,1,1
6653,TGSDSV,Metazoa,1,1
6654,TGSDTI,Viridiplantae,1,1
6655,TGSDTL,Pseudomonadati,2,2
6656,TGSDTS,Metazoa,6,7
6657,TGSDTS,Viridiplantae,1,7
6658,TGSDTT,Bacillati,1,31
6659,TGSDTT,Fungi,20,31
6660,TGSDTT,Metazoa,5,31
6661,TGSDTT,Viridiplantae,1,31
6662,TGSDTV,Fungi,2,6
6663,TGSDTV,Metazoa,2,6
6664,TGSDTV,Viridiplantae,2,6
6665,TGSESP,Bacillati,3,3
6666,TGSEST,Viridiplantae,17,17
6667,TGSETI,Fungi,6,6
6668,TGSETS,Fungi,1,10
6669,TGSETS,Metazoa,8,10
6670,TGSETS,Viridiplantae,1,10
6671,TGSETT,Fungi,4,18
6672,TGSETT,Metazoa,8,18
6673,TGSETT,Pseudomonadati,4,18
6674,TGSETT,Viridiplantae,2,18
6675,TGSETV,Bacillati,1,3
6676,TGSETV,Fungi,1,3
6677,TGSETV,Viridiplantae,1,3
6678,TGSEVV,Pseudomonadati,1,1
6679,TGSGST,Viridiplantae,1,1
6680,TGSHTI,Fungi,4,4
6681,TGSHTT,Fungi,1,1
6682,TGSLST,Metazoa,1,1
6683,TGSSTT,Viridiplantae,1,1
6684,TGTATT,Metazoa,2,2
6685,TGTDNS,Viridiplantae,1,1
6686,TGTDTA,Viridiplantae,1,1
6687,TGTDTI,Metazoa,2,2
6688,TGTDTL,Viridiplantae,1,1
6689,TGTDTN,Viridiplantae,1,1
6690,TGTDTS,Fungi,1,27
6691,TGTDTS,Metazoa,1,27
6692,TGTDTS,Viridiplantae,25,27
6693,TGTDTT,Fungi,57,89
6694,TGTDTT,Metazoa,5,89
6695,TGTDTT,Viridiplantae,26,89
6696,TGTDTV,Fungi,2,5
6697,TGTDTV,Metazoa,3,5
6698,TGTEST,Metazoa,2,34
6699,TGTEST,Viridiplantae,32,34
6700,TGTETA,Metazoa,11,11
6701,TGTETM,Viridiplantae,1,1
6702,TGTETS,Bacillati,2,22
6703,TGTETS,Metazoa,14,22
6704,TGTETS,Viridiplantae,5,22
6705,TGTETT,Fungi,3,415
6706,TGTETT,Metazoa,408,415
6707,TGTETT,Viridiplantae,4,415
6708,TGTETV,Metazoa,6,6
6709,TGTGST,Viridiplantae,2,2
6710,TGTGTS,Viridiplantae,3,3
6711,TGTHKS,Fungi,5,5
6712,TGTITS,Viridiplantae,1,1
6713,TGTITT,Fungi,4,4
6714,TGTNTT,Fungi,1,2
6715,TGTNTT,Viridiplantae,1,2
6716,TGTSTT,Viridiplantae,7,7
6717,TGTTTT,Metazoa,2,2
6718,TGTVTT,Fungi,2,2
6719,TGVDAV,Metazoa,1,1
6720,TGVDTV,Bacillati,4,6
6721,TGVDTV,Metazoa,2,6
6722,TGVEAP,Bacillati,2,2
6723,TGVEST,Bacillati,1,1
6724,TGVETQ,Bacillati,3,3
6725,TGVETT,Bacillati,11,12
6726,TGVETT,Metazoa,1,12
6727,TGVITS,Metazoa,1,1
6728,TGYDTS,Viridiplantae,1,1
6729,TGYDTT,Metazoa,7,7
6730,TGYDTV,Metazoa,2,2
6731,TGYENT,Bacillati,1,1
6732,TGYESM,Metazoa,3,3
6733,TGYEST,Bacillati,1,6
6734,TGYEST,Metazoa,5,6
6735,TGYETI,Pseudomonadati,4,4
6736,TGYETL,Pseudomonadati,1,1
6737,TGYETS,Metazoa,1,1
6738,TGYETT,Bacillati,11,48
6739,TGYETT,Fungi,3,48
6740,TGYETT,Metazoa,32,48
6741,TGYETT,Pseudomonadati,1,48
6742,TGYETT,Viridiplantae,1,48
6743,TGYITT,Fungi,1,1
6744,TGYKTI,Fungi,2,2
6745,TGYKTV,Fungi,4,4
6746,TGYLTT,Metazoa,1,1
6747,TGYNST,Fungi,1,1
6748,TGYQPS,Metazoa,1,1
6749,TGYRTV,Fungi,3,3
6750,TGYVTT,Fungi,1,1
6751,TNHETT,Viridiplantae,2,2
6752,TRTETM,Metazoa,1,1
6753,TSFDST,Metazoa,2,2
6754,TSFEST,Metazoa,3,3
6755,TSGDTT,Fungi,4,4
6756,TSHDTQ,Metazoa,1,1
6757,TSHDTS,Viridiplantae,1,1
6758,TSHDTT,Fungi,2,2
6759,TSHYTT,Metazoa,1,1
6760,TSIDTT,Viridiplantae,1,1
6761,TSIETS,Fungi,1,1
6762,TSIETT,Fungi,1,1
6763,TSIHTT,Fungi,1,1
6764,TSINTT,Fungi,1,1
6765,TSLGTT,Bacillati,2,2
6766,TSMDTS,Viridiplantae,3,3
6767,TSQDTQ,Metazoa,7,7
6768,TSQDTT,Fungi,2,2
6769,TSQETS,Metazoa,1,1
6770,TSSDST,Fungi,1,1
6771,TSSDTT,Fungi,1,1
6772,TSSETT,Metazoa,1,1
6773,TSSNTS,Fungi,1,1
6774,TSTDTT,Fungi,1,1
6775,TSVETI,Metazoa,1,1
6776,TSVHTT,Fungi,4,4
6777,TSYDST,Metazoa,1,1
6778,TSYETI,Pseudomonadati,4,4
6779,TSYETT,Fungi,1,1
6780,TSYETV,Pseudomonadati,1,1
6781,TTMDTS,Viridiplantae,1,1
6782,VAFDTI,Fungi,1,1
6783,VAFDTT,Metazoa,1,1
6784,VAFETT,Viridiplantae,1,1
6785,VAGDTT,Viridiplantae,1,1
6786,VAHDST,Fungi,2,2
6787,VAHDTT,Metazoa,1,1
6788,VAHETT,Metazoa,1,1
6789,VAIDTS,Viridiplantae,1,1
6790,VAIETV,Fungi,1,1
6791,VAIHTA,Fungi,1,1
6792,VAIHTS,Fungi,1,1
6793,VAIHTT,Fungi,4,4
6794,VAKDTT,Viridiplantae,1,1
6795,VALNTT,Fungi,1,1
6796,VANDTT,Metazoa,1,1
6797,VARDTT,Viridiplantae,1,1
6798,VARDTV,Viridiplantae,5,5
6799,VASDTT,Viridiplantae,3,3
6800,VASETT,Viridiplantae,2,2
6801,VASHTT,Fungi,1,1
6802,VATDTS,Fungi,2,2
6803,VATDTT,Fungi,1,3
6804,VATDTT,Viridiplantae,2,3
6805,VATETT,Metazoa,1,2
6806,VATETT,Viridiplantae,1,2
6807,VAYETT,Pseudomonadati,2,2
6808,VGAATT,Bacillati,1,2
6809,VGAATT,Fungi,1,2
6810,VGADTT,Metazoa,1,1
6811,VGADTV,Fungi,1,1
6812,VGAEPV,Metazoa,1,1
6813,VGAETS,Metazoa,1,1
6814,VGATTT,Bacillati,7,15
6815,VGCDTT,Fungi,3,3
6816,VGCETS,Metazoa,1,1
6817,VGEETT,Viridiplantae,2,2
6818,VGFDNV,Viridiplantae,1,1
6819,VGFDST,Metazoa,3,3
6820,VGFDTI,Metazoa,3,5
6821,VGFDTI,Viridiplantae,2,5
6822,VGFDTT,Metazoa,4,4
6823,VGFDVI,Metazoa,2,2
6824,VGFEAM,Metazoa,5,5
6825,VGFEIM,Metazoa,1,1
6826,VGFESV,Metazoa,3,3
6827,VGFETM,Metazoa,1,1
6828,VGFETS,Metazoa,36,36
6829,VGFETT,Metazoa,6,7
6830,VGFETT,Pseudomonadati,1,7
6831,VGFETV,Metazoa,6,6
6832,VGFEVM,Metazoa,4,4
6833,VGFKTT,Metazoa,2,2
6834,VGHATT,Bacillati,9,9
6835,VGHATV,Fungi,1,1
6836,VGHDPT,Fungi,1,1
6837,VGHDSA,Fungi,1,1
6838,VGHDSL,Fungi,1,1
6839,VGHDST,Fungi,48,51
6840,VGHDST,Metazoa,1,51
6841,VGHDTS,Fungi,3,10
6842,VGHDTS,Metazoa,2,10
6843,VGHDTS,Viridiplantae,5,10
6844,VGHDTT,Bacillati,28,52
6845,VGHDTT,Fungi,8,52
6846,VGHDTT,Metazoa,7,52
6847,VGHDTT,Viridiplantae,6,52
6848,VGHEAL,Bacillati,1,1
6849,VGHEAT,Fungi,1,1
6850,VGHENS,Bacillati,3,3
6851,VGHENT,Bacillati,1,1
6852,VGHESG,Metazoa,1,1
6853,VGHESS,Fungi,1,2
6854,VGHESS,Viridiplantae,1,2
6855,VGHEST,Fungi,2,4
6856,VGHEST,Viridiplantae,2,4
6857,VGHETA,Pseudomonadati,1,1
6858,VGHETI,Fungi,3,5
6859,VGHETI,Metazoa,1,5
6860,VGHETI,Viridiplantae,1,5
6861,VGHETS,Bacillati,14,55
6862,VGHETS,Fungi,29,55
6863,VGHETS,Pseudomonadati,12,55
6864,VGHETT,Bacillati,22,152
6865,VGHETT,Fungi,88,152
6866,VGHETT,Metazoa,10,152
6867,VGHETT,Pseudomonadati,22,152
6868,VGHETT,Viridiplantae,10,152
6869,VGHETV,Bacillati,1,4
6870,VGHETV,Fungi,2,4
6871,VGHETV,Metazoa,1,4
6872,VGHGTT,Bacillati,2,2
6873,VGHHTT,Metazoa,1,1
6874,VGHISI,Viridiplantae,3,3
6875,VGHMST,Bacillati,1,1
6876,VGHNTI,Viridiplantae,1,1
6877,VGHNTM,Metazoa,1,1
6878,VGHNTT,Metazoa,1,1
6879,VGHQST,Bacillati,1,1
6880,VGHSST,Bacillati,1,5
6881,VGHSST,Pseudomonadati,4,5
6882,VGHVSI,Viridiplantae,1,1
6883,VGIDTI,Metazoa,10,10
6884,VGIDTS,Viridiplantae,1,1
6885,VGIDTT,Fungi,3,97
6886,VGIDTT,Metazoa,93,97
6887,VGIDTT,Viridiplantae,1,97
6888,VGIEMT,Metazoa,1,1
6889,VGIHTT,Fungi,3,3
6890,VGKDMT,Viridiplantae,1,1
6891,VGKDST,Viridiplantae,1,1
6892,VGKDTT,Viridiplantae,5,6
6893,VGKETI,Viridiplantae,1,1
6894,VGKETS,Viridiplantae,1,1
6895,VGKETT,Viridiplantae,4,4
6896,VGLDTS,Metazoa,1,1
6897,VGLDTT,Bacillati,2,7
6898,VGLDTT,Metazoa,5,7
6899,VGLEAT,Metazoa,1,1
6900,VGLETI,Metazoa,1,1
6901,VGLETT,Bacillati,2,9
6902,VGLETT,Metazoa,7,9
6903,VGLVTT,Metazoa,1,1
6904,VGMDTT,Viridiplantae,1,1
6905,VGMETT,Metazoa,1,16
6906,VGMETT,Viridiplantae,15,16
6907,VGNDGT,Metazoa,1,1
6908,VGNDTS,Viridiplantae,1,1
6909,VGNDTT,Fungi,1,8
6910,VGNDTT,Metazoa,2,8
6911,VGNDTT,Viridiplantae,5,8
6912,VGNETP,Pseudomonadati,7,7
6913,VGNETT,Bacillati,1,2
6914,VGNETT,Fungi,1,2
6915,VGNGTT,Viridiplantae,1,1
6916,VGNIST,Viridiplantae,1,1
6917,VGNVTT,Bacillati,1,1
6918,VGQDAV,Metazoa,1,1
6919,VGQDSV,Metazoa,1,1
6920,VGQDTS,Fungi,10,10
6921,VGQDTT,Bacillati,1,2
6922,VGQDTT,Viridiplantae,1,2
6923,VGQEST,Bacillati,1,1
6924,VGQETA,Viridiplantae,2,2
6925,VGQETS,Viridiplantae,5,5
6926,VGQETT,Bacillati,23,102
6927,VGQETT,Fungi,22,102
6928,VGQETT,Metazoa,2,102
6929,VGQETT,Pseudomonadati,5,102
6930,VGQETT,Viridiplantae,50,102
6931,VGQETV,Viridiplantae,1,1
6932,VGQQTT,Metazoa,1,1
6933,VGRDPT,Viridiplantae,4,4
6934,VGRDTS,Viridiplantae,1,1
6935,VGRDTT,Fungi,2,12
6936,VGRDTT,Viridiplantae,10,12
6937,VGSDLP,Viridiplantae,2,2
6938,VGSDSI,Fungi,1,1
6939,VGSDST,Fungi,1,1
6940,VGSDTS,Bacillati,1,10
6941,VGSDTS,Fungi,2,10
6942,VGSDTS,Viridiplantae,5,10
6943,VGSDTT,Fungi,10,13
6944,VGSDTT,Viridiplantae,3,13
6945,VGSELP,Viridiplantae,4,4
6946,VGSENV,Bacillati,1,1
6947,VGSEST,Fungi,1,1
6948,VGSESV,Metazoa,2,2
6949,VGSETI,Fungi,2,2
6950,VGSETS,Bacillati,3,9
6951,VGSETS,Fungi,2,9
6952,VGSETS,Viridiplantae,4,9
6953,VGSETT,Fungi,24,49
6954,VGSETT,Metazoa,2,49
6955,VGSETT,Pseudomonadati,7,49
6956,VGSETT,Viridiplantae,15,49
6957,VGSGTT,Pseudomonadati,2,2
6958,VGSKTT,Viridiplantae,1,1
6959,VGSNTS,Viridiplantae,1,1
6960,VGTDNS,Viridiplantae,1,1
6961,VGTDSS,Viridiplantae,3,3
6962,VGTDTA,Viridiplantae,1,1
6963,VGTDTI,Viridiplantae,2,2
6964,VGTDTL,Viridiplantae,1,1
6965,VGTDTN,Viridiplantae,1,1
6966,VGTDTS,Viridiplantae,15,16
6967,VGTDTT,Bacillati,2,33
6968,VGTDTT,Fungi,15,33
6969,VGTDTT,Metazoa,1,33
6970,VGTDTT,Viridiplantae,12,33
6971,VGTEAS,Bacillati,1,1
6972,VGTETA,Viridiplantae,1,1
6973,VGTETS,Fungi,13,22
6974,VGTETS,Metazoa,2,22
6975,VGTETS,Viridiplantae,7,22
6976,VGTETT,Metazoa,4,20
6977,VGTETT,Viridiplantae,16,20
6978,VGTETV,Metazoa,12,12
6979,VGTEVS,Bacillati,2,2
6980,VGVDAT,Metazoa,1,1
6981,VGVDTL,Metazoa,2,2
6982,VGVDTT,Metazoa,144,149
6983,VGVEKI,Metazoa,1,1
6984,VGVETT,Metazoa,2,3
6985,VGVETT,Viridiplantae,1,3
6986,VGVHTT,Fungi,4,4
6987,VGVIST,Fungi,1,1
6988,VGVTSV,Metazoa,1,1
6989,VGVTTT,Metazoa,2,2
6990,VGYDNT,Metazoa,1,1
6991,VGYDTS,Fungi,9,10
6992,VGYDTS,Metazoa,1,10
6993,VGYDTT,Fungi,17,56
6994,VGYDTT,Metazoa,36,56
6995,VGYDTT,Pseudomonadati,1,56
6996,VGYDTT,Viridiplantae,2,56
6997,VGYDTV,Metazoa,1,1
6998,VGYETA,Metazoa,1,1
6999,VGYETM,Fungi,1,1
7000,VGYETS,Metazoa,4,4
7001,VGYETT,Bacillati,1,77
7002,VGYETT,Metazoa,74,77
7003,VGYETT,Pseudomonadati,1,77
7004,VGYETT,Viridiplantae,1,77
7005,VGYETV,Metazoa,8,8
7006,VGYHTT,Pseudomonadati,2,2
7007,VGYKNT,Metazoa,1,1
7008,VGYLTT,Metazoa,1,1
7009,VGYNNT,Metazoa,2,2
7010,VGYPTT,Bacillati,1,1
7011,VGYVST,Metazoa,1,1
7012,VRHDTT,Viridiplantae,1,1
7013,VSAHTT,Fungi,1,1
7014,VSFDSL,Viridiplantae,9,9
7015,VSFDTT,Metazoa,1,1
7016,VSFETT,Viridiplantae,2,2
7017,VSFETV,Metazoa,10,10
7018,VSHDTI,Viridiplantae,2,2
7019,VSHESG,Metazoa,1,1
7020,VSHETT,Metazoa,1,3
7021,VSHETT,Viridiplantae,2,3
7022,VSIDTT,Fungi,7,7
7023,VSIETT,Fungi,1,1
7024,VSIHTT,Fungi,13,13
7025,VSMDTT,Metazoa,1,1
7026,VSSDSI,Viridiplantae,2,2
7027,VSSETA,Viridiplantae,1,1
7028,VSVHTT,Fungi,19,19
7029,VSYDSI,Viridiplantae,1,1
7030,VSYETT,Metazoa,2,2
7031,VTQDTT,Fungi,2,2
7032,VTQGNA,Metazoa,1,1
7033,VTSDSI,Viridiplantae,3,3
7034,VTTDTS,Viridiplantae,1,1
7035,VTTETT,Viridiplantae,1,1
7036,VWYETS,Metazoa,2,2
7037,WGIETT,Metazoa,1,1
7038,XATDTS,Viridiplantae,1,1
7039,XGFDTI,Metazoa,1,1
7040,XGFETT,Metazoa,2,2
7041,XGHDTT,Viridiplantae,1,1
7042,XGTDTV,Metazoa,1,1
7043,YGFETV,Metazoa,1,1
