# hmmsearch :: search profile(s) against a sequence database
# HMMER 3.3.2 (Nov 2020); http://hmmer.org/
# Copyright (C) 2020 Howard Hughes Medical Institute.
# Freely distributed under the BSD open source license.
# - - - - - - - - - - - - - - - - - - - - - - - - - - - - - - - - - - - -
# query HMM file:                  ../output/hmm_round_1/ihelix_seed_hmm.hmm
# target sequence database:        ../input/databases/uniprot/p450_reviewed_5star.fasta
# MSA of all hits saved to file:   ../output/hmm_search_1/uniprot/p450_reviewed_5star/1//ihelixhits_e_10_z__T_.aln
# sequence reporting threshold:    E-value <= 10
# - - - - - - - - - - - - - - - - - - - - - - - - - - - - - - - - - - - -

Query:       ihelix_seed_hmm  [M=33]
Scores for complete sequences (score includes all domains):
   --- full sequence ---   --- best 1 domain ---    -#dom-
    E-value  score  bias    E-value  score  bias    exp  N  Sequence                  Description
    ------- ------ -----    ------- ------ -----   ---- --  --------                  -----------
    1.1e-13   45.8   2.9    6.9e-13   43.3   2.9    2.2  1  sp|C4B644|CPVDH_PSEAH      Vitamin D(3) 25-hydroxylase OS=Pse
    1.8e-12   42.0   0.2    4.3e-12   40.8   0.2    1.7  1  sp|O08336|CYPB_BACSU       Bifunctional cytochrome P450/NADPH
    2.1e-12   41.8   0.3    4.5e-12   40.7   0.3    1.6  1  sp|P53554|BIOI_BACSU       Biotin biosynthesis cytochrome P45
    8.5e-12   39.9   0.0    2.4e-11   38.4   0.0    1.8  1  sp|Q9HCS2|CP4FC_HUMAN      Cytochrome P450 4F12 OS=Homo sapie
      9e-12   39.8   0.0    2.4e-11   38.5   0.0    1.8  1  sp|P98187|CP4F8_HUMAN      Cytochrome P450 4F8 OS=Homo sapien
    9.4e-12   39.7   0.1    2.1e-11   38.6   0.1    1.6  1  sp|P14779|CPXB_PRIM2       Bifunctional cytochrome P450/NADPH
    2.3e-11   38.5   1.8    5.2e-11   37.4   1.8    1.6  1  sp|O87605|PIKC_STRVZ       Cytochrome P450 monooxygenase PikC
    2.7e-11   38.3   1.3    5.8e-11   37.2   1.3    1.6  1  sp|P10632|CP2C8_HUMAN      Cytochrome P450 2C8 OS=Homo sapien
    2.8e-11   38.2   0.0    2.8e-11   38.2   0.0    2.2  1  sp|Q99N16|CP4F3_MOUSE      Cytochrome P450 4F3 OS=Mus musculu
    3.4e-11   38.0   0.2    6.6e-11   37.1   0.2    1.5  1  sp|O08394|CYPD_BACSU       Bifunctional cytochrome P450/NADPH
    3.6e-11   37.9   0.9    8.1e-11   36.8   0.9    1.7  1  sp|Q4G0S4|C27C1_HUMAN      Cytochrome P450 27C1 OS=Homo sapie
    4.3e-11   37.6   0.3    4.3e-11   37.6   0.3    2.1  1  sp|Q9Y8G7|C505_FUSOX       Bifunctional cytochrome P450/NADPH
    4.4e-11   37.6   0.2    9.3e-11   36.6   0.2    1.6  1  sp|O35132|CP27B_RAT        25-hydroxyvitamin D-1 alpha hydrox
    5.4e-11   37.3   0.2    1.4e-10   36.0   0.2    1.8  1  sp|P56590|CP1A1_CANLF      Cytochrome P450 1A1 OS=Canis lupus
    5.6e-11   37.3   1.2    1.6e-10   35.9   1.2    1.8  1  sp|A8WGA0|C27C1_DANRE      Cytochrome P450 27C1 OS=Danio reri
    6.5e-11   37.1   0.0    1.8e-10   35.6   0.0    1.8  1  sp|P78329|CP4F2_HUMAN      Cytochrome P450 4F2 OS=Homo sapien
    7.2e-11   36.9   0.4      2e-10   35.5   0.0    2.0  1  sp|Q9EP75|CP4FE_MOUSE      Leukotriene-B4 omega-hydroxylase 3
    7.5e-11   36.9   0.1    1.9e-10   35.6   0.1    1.7  1  sp|P20817|CP4AE_RAT        Cytochrome P450 4A14 OS=Rattus nor
    7.5e-11   36.9   0.0    1.8e-10   35.6   0.0    1.7  1  sp|Q08477|CP4F3_HUMAN      Cytochrome P450 4F3 OS=Homo sapien
    7.6e-11   36.9   0.4    1.7e-10   35.8   0.4    1.6  1  sp|O15528|CP27B_HUMAN      25-hydroxyvitamin D-1 alpha hydrox
    7.8e-11   36.8   0.1    1.9e-10   35.6   0.1    1.7  1  sp|P20816|CP4A2_RAT        Cytochrome P450 4A2 OS=Rattus norv
    7.9e-11   36.8   0.2    1.7e-10   35.7   0.2    1.6  1  sp|O35084|CP27B_MOUSE      25-hydroxyvitamin D-1 alpha hydrox
    8.6e-11   36.7   0.7      2e-10   35.5   0.0    2.0  1  sp|P51869|CP4F4_RAT        Cytochrome P450 4F4 OS=Rattus norv
    8.6e-11   36.7   0.1    2.2e-10   35.4   0.1    1.8  1  sp|O35728|CP4AE_MOUSE      Cytochrome P450 4A14 OS=Mus muscul
    9.4e-11   36.6   0.2    2.6e-10   35.2   0.2    1.8  1  sp|Q6TBX7|LUT1_ARATH       Carotene epsilon-monooxygenase, ch
    9.8e-11   36.5   0.1    3.3e-10   34.8   0.1    2.0  1  sp|Q02928|CP4AB_HUMAN      Cytochrome P450 4A11 OS=Homo sapie
    1.1e-10   36.3   0.1    3.3e-10   34.8   0.1    1.9  1  sp|Q5TCH4|CP4AM_HUMAN      Cytochrome P450 4A22 OS=Homo sapie
    1.6e-10   35.9   1.5    1.9e-10   35.6   0.0    2.0  1  sp|Q9HBI6|CP4FB_HUMAN      Cytochrome P450 4F11 OS=Homo sapie
    1.7e-10   35.8   0.1    3.7e-10   34.7   0.1    1.6  1  sp|Q6GUR1|CP1A1_MACMU      Cytochrome P450 1A1 OS=Macaca mula
    1.7e-10   35.8   0.1    3.7e-10   34.7   0.1    1.6  1  sp|P33616|CP1A1_MACFA      Cytochrome P450 1A1 OS=Macaca fasc
    1.7e-10   35.7   1.1    2.7e-10   35.1   0.1    1.9  1  sp|P04798|CP1A1_HUMAN      Cytochrome P450 1A1 OS=Homo sapien
    1.9e-10   35.6   1.3    5.3e-10   34.2   1.3    1.8  1  sp|P00178|CP2B4_RABIT      Cytochrome P450 2B4 OS=Oryctolagus
    2.2e-10   35.4   0.0    7.6e-10   33.7   0.0    2.0  1  sp|P24464|CP4AC_RAT        Cytochrome P450 4A12 OS=Rattus nor
    2.4e-10   35.3   2.2    5.8e-10   34.1   2.2    1.7  1  sp|P18326|CPXE_STRGO       Vitamin D3 dihydroxylase OS=Strept
    2.6e-10   35.2   0.0    6.8e-10   33.9   0.0    1.7  1  sp|Q86W10|CP4Z1_HUMAN      Cytochrome P450 4Z1 OS=Homo sapien
    3.3e-10   34.9   0.0    7.6e-10   33.7   0.0    1.7  1  sp|A2A974|CP4CB_MOUSE      Cytochrome P450 4A12B OS=Mus muscu
    3.3e-10   34.8   1.1    4.5e-10   34.4   0.1    1.8  1  sp|Q06367|CP1A1_CAVPO      Cytochrome P450 1A1 OS=Cavia porce
    3.4e-10   34.8   0.0    7.6e-10   33.7   0.0    1.6  1  sp|Q91WL5|CP4CA_MOUSE      Cytochrome P450 4A12A OS=Mus muscu
    3.7e-10   34.7   1.8    7.7e-10   33.7   1.8    1.6  1  sp|P08683|CP2CB_RAT        Cytochrome P450 2C11 OS=Rattus nor
    4.4e-10   34.5   0.9    9.7e-10   33.4   0.9    1.6  1  sp|O54749|CP2J5_MOUSE      Cytochrome P450 2J5 OS=Mus musculu
    4.6e-10   34.4   1.4    1.1e-09   33.2   1.4    1.7  1  sp|Q64458|CP2CT_MOUSE      Cytochrome P450 2C29 OS=Mus muscul
    5.1e-10   34.3   0.4    1.2e-09   33.1   0.4    1.7  1  sp|Q0D1W9|CYPE3_ASPTN      Self-sufficient cytochrome P450 mo
    5.2e-10   34.2   0.2    5.2e-10   34.2   0.2    1.9  1  sp|P56591|CP1A1_SHEEP      Cytochrome P450 1A1 OS=Ovis aries 
    5.3e-10   34.2   0.1    1.3e-09   32.9   0.1    1.7  1  sp|Q3LFU0|CP1A1_BALAC      Cytochrome P450 1A1 OS=Balaenopter
    5.5e-10   34.2   1.2    4.2e-09   31.4   1.1    2.4  1  sp|P36423|THAS_MOUSE       Thromboxane-A synthase OS=Mus musc
    5.8e-10   34.1   0.0    1.3e-09   33.0   0.0    1.6  1  sp|P15129|CP4B1_RAT        Cytochrome P450 4B1 OS=Rattus norv
    6.2e-10   34.0   0.1    1.4e-09   32.9   0.1    1.7  1  sp|Q00557|CP1A1_MESAU      Cytochrome P450 1A1 OS=Mesocricetu
    7.3e-10   33.8   1.0    1.6e-09   32.7   1.0    1.5  1  sp|P11712|CP2C9_HUMAN      Cytochrome P450 2C9 OS=Homo sapien
    7.4e-10   33.7   0.1    1.8e-09   32.5   0.1    1.7  1  sp|Q55080|CP119_SULAC      Cytochrome P450 119 OS=Sulfolobus 
    7.5e-10   33.7   1.0    1.6e-09   32.7   1.0    1.6  1  sp|P33260|CP2CI_HUMAN      Cytochrome P450 2C18 OS=Homo sapie
    8.3e-10   33.6   0.0    8.3e-10   33.6   0.0    1.9  1  sp|Q6NT55|CP4FN_HUMAN      Ultra-long-chain fatty acid omega-
    9.6e-10   33.4   0.2    2.5e-09   32.1   0.2    1.8  1  sp|Q5KQT6|CP1A2_FELCA      Cytochrome P450 1A2 OS=Felis catus
      1e-09   33.3   0.0    3.4e-09   31.6   0.0    2.0  1  sp|P08516|CP4AA_RAT        Cytochrome P450 4A10 OS=Rattus nor
      1e-09   33.3   0.8    2.8e-09   31.9   0.8    1.8  1  sp|P9WPP9|CP51_MYCTU       Sterol 14alpha-demethylase OS=Myco
    1.1e-09   33.2   0.2    2.4e-09   32.1   0.2    1.6  1  sp|P00184|CP1A1_MOUSE      Cytochrome P450 1A1 OS=Mus musculu
    1.1e-09   33.2   2.5    2.1e-09   32.3   2.5    1.5  1  sp|P33261|CP2CJ_HUMAN      Cytochrome P450 2C19 OS=Homo sapie
    1.1e-09   33.2   0.6    3.4e-09   31.7   0.6    1.9  1  sp|Q9GMC8|CP17A_FELCA      Steroid 17-alpha-hydroxylase/17,20
    1.2e-09   33.1   0.4    3.7e-09   31.5   0.0    2.1  1  sp|P33274|CP4F1_RAT        Cytochrome P450 4F1 OS=Rattus norv
    1.2e-09   33.1   2.0      3e-09   31.8   2.0    1.7  1  sp|P56654|CP237_MOUSE      Cytochrome P450 2C37 OS=Mus muscul
    1.3e-09   33.0   0.0    3.4e-09   31.6   0.0    1.8  1  sp|O88833|CP4AA_MOUSE      Cytochrome P450 4A10 OS=Mus muscul
    1.4e-09   32.9   0.0    3.2e-09   31.7   0.0    1.7  1  sp|P13584|CP4B1_HUMAN      Cytochrome P450 4B1 OS=Homo sapien
    1.5e-09   32.8   0.5    1.5e-09   32.8   0.5    2.1  1  sp|Q6VVW9|CP2R1_MOUSE      Vitamin D 25-hydroxylase OS=Mus mu
    1.5e-09   32.8   0.5    1.5e-09   32.8   0.5    2.0  1  sp|Q6VVX0|CP2R1_HUMAN      Vitamin D 25-hydroxylase OS=Homo s
    1.6e-09   32.7   2.4    3.2e-09   31.7   2.4    1.5  1  sp|Q91X77|CY250_MOUSE      Cytochrome P450 2C50 OS=Mus muscul
    1.6e-09   32.7   0.0      5e-09   31.1   0.0    1.9  1  sp|Q64391|CP1A2_CAVPO      Cytochrome P450 1A2 OS=Cavia porce
    1.7e-09   32.6   0.2    8.7e-09   30.4   0.2    2.3  1  sp|P79761|CP1A5_CHICK      Cytochrome P450 1A5 OS=Gallus gall
    1.8e-09   32.5   0.1    4.2e-09   31.4   0.1    1.7  1  sp|Q07973|CP24A_HUMAN      1,25-dihydroxyvitamin D(3) 24-hydr
    1.8e-09   32.5   0.5    4.6e-09   31.2   0.5    1.8  1  sp|O64989|C90B1_ARATH      Steroid (22S)-hydroxylase OS=Arabi
    1.9e-09   32.5   0.3    3.7e-09   31.5   0.3    1.5  1  sp|Q9JMA7|CP341_MOUSE      Cytochrome P450 3A41 OS=Mus muscul
    2.1e-09   32.3   0.1    4.2e-09   31.4   0.1    1.6  1  sp|Q09128|CP24A_RAT        1,25-dihydroxyvitamin D(3) 24-hydr
    2.1e-09   32.3   0.7    4.9e-09   31.2   0.7    1.7  1  sp|A0A517FNC6|C9B51_TRIFG  Cholesterol 22-monohydroxylase CYP
    2.1e-09   32.3   0.1    4.2e-09   31.4   0.1    1.5  1  sp|Q64441|CP24A_MOUSE      1,25-dihydroxyvitamin D(3) 24-hydr
    2.2e-09   32.3   0.2    5.7e-09   31.0   0.2    1.8  1  sp|Q9HGE0|FUM6_GIBM7       Bifunctional cytochrome P450/NADPH
    2.3e-09   32.2   1.0    6.4e-09   30.8   1.0    1.8  1  sp|Q9QXF7|CP2J4_RAT        Cytochrome P450 2J4 OS=Rattus norv
    2.4e-09   32.1   0.1    4.7e-09   31.2   0.1    1.5  1  sp|P9WPP3|CP124_MYCTU      Methyl-branched lipid omega-hydrox
    2.6e-09   32.0   0.1    1.1e-08   30.0   0.1    2.2  1  sp|Q95328|CP17A_HORSE      Steroid 17-alpha-hydroxylase/17,20
    2.8e-09   31.9   1.0    6.4e-09   30.8   1.0    1.7  1  sp|O54750|CP2J6_MOUSE      Cytochrome P450 2J6 OS=Mus musculu
    2.8e-09   31.9   1.0    6.4e-09   30.8   1.0    1.7  1  sp|P51589|CP2J2_HUMAN      Cytochrome P450 2J2 OS=Homo sapien
    3.3e-09   31.7   1.7    8.1e-09   30.5   1.7    1.7  1  sp|P70687|CP17A_MESAU      Steroid 17-alpha-hydroxylase/17,20
    3.6e-09   31.6   0.2      9e-09   30.3   0.2    1.8  1  sp|P04799|CP1A2_RAT        Cytochrome P450 1A2 OS=Rattus norv
    3.6e-09   31.6   0.3    6.8e-09   30.7   0.3    1.5  1  sp|P05183|CP3A2_RAT        Cytochrome P450 3A2 OS=Rattus norv
    3.7e-09   31.5   3.0    8.6e-09   30.4   3.0    1.6  1  sp|P08686|CP21A_HUMAN      Steroid 21-hydroxylase OS=Homo sap
    3.8e-09   31.5   0.1    9.5e-09   30.3   0.1    1.7  1  sp|P00187|CP1A2_RABIT      Cytochrome P450 1A2 OS=Oryctolagus
    4.5e-09   31.3   0.4      1e-08   30.1   0.4    1.7  1  sp|Q91Z85|CP17A_PERLE      Steroid 17-alpha-hydroxylase/17,20
    4.7e-09   31.2   0.2    1.1e-08   30.1   0.2    1.7  1  sp|P17178|CP27A_RAT        Sterol 26-hydroxylase, mitochondri
    4.9e-09   31.1   1.3    1.2e-08   29.9   1.3    1.7  1  sp|P05178|CP2C6_RAT        Cytochrome P450 2C6 OS=Rattus norv
      5e-09   31.1   0.8    9.3e-09   30.3   0.0    1.9  1  sp|P05177|CP1A2_HUMAN      Cytochrome P450 1A2 OS=Homo sapien
      5e-09   31.1   0.8    9.3e-09   30.3   0.0    1.9  1  sp|Q5RBQ1|CP1A2_PONAB      Cytochrome P450 1A2 OS=Pongo abeli
    5.3e-09   31.1   0.8    1.1e-08   30.1   0.0    2.0  1  sp|Q1PS23|AMO_ARTAN        Amorpha-4,11-diene 12-monooxygenas
    5.5e-09   31.0   1.0    1.2e-08   29.9   1.0    1.6  1  sp|O18963|CP2E1_BOVIN      Cytochrome P450 2E1 OS=Bos taurus 
    5.6e-09   31.0   0.1    1.5e-08   29.7   0.1    1.8  1  sp|G5EJN7|CYPD6_PHACH      Self-sufficient cytochrome P450 mo
    5.7e-09   30.9   0.4    1.3e-08   29.8   0.4    1.6  1  sp|P17177|CP27A_RABIT      Sterol 26-hydroxylase, mitochondri
    5.9e-09   30.9   0.3    1.5e-08   29.6   0.3    1.7  1  sp|Q9GMC7|CP17A_BISBI      Steroid 17-alpha-hydroxylase/17,20
    6.4e-09   30.8   1.2    6.4e-09   30.8   1.2    2.4  2  sp|P08682|CP2E1_RABIT      Cytochrome P450 2E1 OS=Oryctolagus
    6.7e-09   30.7   0.6    6.7e-09   30.7   0.6    1.9  1  sp|P11715|CP17A_RAT        Steroid 17-alpha-hydroxylase/17,20
    6.7e-09   30.7   0.6    1.4e-08   29.8   0.6    1.6  1  sp|Q9MZY0|CP2E1_CANLF      Cytochrome P450 2E1 OS=Canis lupus
      7e-09   30.7   0.2    1.6e-08   29.5   0.2    1.6  1  sp|P00185|CP1A1_RAT        Cytochrome P450 1A1 OS=Rattus norv
    7.1e-09   30.6   0.6      2e-08   29.3   0.6    1.8  1  sp|Q93VK5|LUT5_ARATH       Protein LUTEIN DEFICIENT 5, chloro
    7.2e-09   30.6   2.1    7.2e-09   30.6   2.1    1.9  1  sp|P00191|CP21A_BOVIN      Steroid 21-hydroxylase OS=Bos taur
    7.4e-09   30.6   0.6      2e-08   29.2   0.6    1.7  1  sp|P05185|CP17A_BOVIN      Steroid 17-alpha-hydroxylase/17,20
    7.6e-09   30.6   0.4    2.2e-08   29.1   0.4    1.9  1  sp|O55071|CP2BJ_MOUSE      Cytochrome P450 2B19 OS=Mus muscul
    7.7e-09   30.5   2.6    7.8e-09   30.5   0.1    2.2  1  sp|P56592|CP1A2_CANLF      Cytochrome P450 1A2 OS=Canis lupus
    7.7e-09   30.5   0.0    1.9e-08   29.3   0.0    1.7  1  sp|O77810|CP1A2_CALJA      Cytochrome P450 1A2 OS=Callithrix 
    7.8e-09   30.5   0.4    2.1e-08   29.1   0.4    1.8  1  sp|P00186|CP1A2_MOUSE      Cytochrome P450 1A2 OS=Mus musculu
      8e-09   30.5   0.5    1.8e-08   29.4   0.5    1.6  1  sp|Q9DBG1|CP27A_MOUSE      Sterol 26-hydroxylase, mitochondri
      9e-09   30.3   2.5    2.4e-08   29.0   2.5    1.8  1  sp|P10634|CP2DQ_RAT        Cytochrome P450 2D26 OS=Rattus nor
      9e-09   30.3   1.0    1.7e-08   29.5   1.0    1.5  1  sp|Q9UVC3|CP51_CUNEL       Lanosterol 14-alpha demethylase OS
      9e-09   30.3   1.2    1.3e-08   29.8   0.1    1.9  1  sp|P05176|CP1A1_RABIT      Cytochrome P450 1A1 OS=Oryctolagus
    9.3e-09   30.3   1.2    2.4e-08   29.0   1.2    1.8  1  sp|P05093|CP17A_HUMAN      Steroid 17-alpha-hydroxylase/17,20
    9.4e-09   30.3   1.2    2.4e-08   29.0   1.2    1.8  1  sp|Q8HYN1|CP17A_PANTR      Steroid 17-alpha-hydroxylase/17,20
    1.2e-08   30.0   0.6    2.9e-08   28.7   0.6    1.7  1  sp|P05181|CP2E1_HUMAN      Cytochrome P450 2E1 OS=Homo sapien
    1.2e-08   29.9   0.6    3.1e-08   28.6   0.6    1.8  1  sp|Q2XVA1|CP17A_MACFA      Steroid 17-alpha-hydroxylase/17,20
    1.2e-08   29.9   0.6    3.1e-08   28.6   0.6    1.8  1  sp|Q8HYM9|CP17A_MACMU      Steroid 17-alpha-hydroxylase/17,20
    1.2e-08   29.9   0.6    3.1e-08   28.6   0.6    1.8  1  sp|Q8HYN0|CP17A_PAPCY      Steroid 17-alpha-hydroxylase/17,20
    1.2e-08   29.9   0.6    3.1e-08   28.6   0.6    1.8  1  sp|Q9GLD2|CP17A_PAPHU      Steroid 17-alpha-hydroxylase/17,20
    1.3e-08   29.8   0.3    1.3e-08   29.8   0.3    1.9  1  sp|Q2QUC5|C71P1_ORYSJ      Tryptamine 5-hydroxylase OS=Oryza 
    1.4e-08   29.7   1.6    1.4e-08   29.7   1.6    2.3  1  sp|Q64562|CP21A_RAT        Steroid 21-hydroxylase OS=Rattus n
    1.4e-08   29.7   0.8    3.9e-08   28.3   0.8    1.7  1  sp|Q9N0U7|CP17A_CAPHI      Steroid 17-alpha-hydroxylase/17,20
    1.4e-08   29.7   0.6    2.9e-08   28.7   0.6    1.5  1  sp|Q6GUQ4|CP2E1_MACMU      Cytochrome P450 2E1 OS=Macaca mula
    1.4e-08   29.7   0.6    2.6e-08   28.9   0.6    1.4  1  sp|P33266|CP2E1_MACFA      Cytochrome P450 2E1 (Fragment) OS=
    1.5e-08   29.7   0.8    3.9e-08   28.3   0.8    1.7  1  sp|Q29497|CP17A_SHEEP      Steroid 17-alpha-hydroxylase/17,20
    1.5e-08   29.6   0.2    3.1e-08   28.6   0.2    1.5  1  sp|P08684|CP3A4_HUMAN      Cytochrome P450 3A4 OS=Homo sapien
    1.6e-08   29.5   0.6    5.2e-08   27.9   0.6    1.9  1  sp|P49602|CP51_USTMA       Lanosterol 14-alpha demethylase OS
    1.8e-08   29.3   1.0    4.2e-08   28.2   1.0    1.6  1  sp|L7X3S1|MSH_PAPSO        Methyltetrahydroprotoberberine 14-
    1.9e-08   29.3   1.1    4.8e-08   28.0   1.1    1.7  1  sp|P56655|CP238_MOUSE      Cytochrome P450 2C38 OS=Mus muscul
    1.9e-08   29.3   0.0    4.5e-08   28.1   0.0    1.7  1  sp|Q92109|CP1A3_ONCMY      Cytochrome P450 1A3 OS=Oncorhynchu
      2e-08   29.2   0.5    4.5e-08   28.1   0.5    1.6  1  sp|P79383|CP2E1_PIG        Cytochrome P450 2E1 OS=Sus scrofa 
    2.1e-08   29.2   0.0    4.5e-08   28.1   0.0    1.6  1  sp|Q92110|CP1A1_ONCMY      Cytochrome P450 1A1 OS=Oncorhynchu
    2.1e-08   29.2   1.1    3.3e-08   28.6   0.0    1.9  1  sp|O77809|CP1A2_MACFA      Cytochrome P450 1A2 OS=Macaca fasc
    2.1e-08   29.1   0.4    4.9e-08   28.0   0.4    1.7  1  sp|P30437|CP17A_ONCMY      Steroid 17-alpha-hydroxylase/17,20
    2.2e-08   29.1   0.2    4.7e-08   28.1   0.2    1.5  1  sp|Q02318|CP27A_HUMAN      Sterol 26-hydroxylase, mitochondri
    2.4e-08   29.0   1.8    5.5e-08   27.8   1.8    1.7  1  sp|Q2XNC8|CP2D6_PANTR      Cytochrome P450 2D6 OS=Pan troglod
    2.5e-08   28.9   3.0    6.2e-08   27.7   3.0    1.7  1  sp|P24456|CP2DA_MOUSE      Cytochrome P450 2D10 OS=Mus muscul
    2.6e-08   28.9   0.3    6.3e-08   27.7   0.3    1.7  1  sp|Q64464|CP3AD_MOUSE      Cytochrome P450 3A13 OS=Mus muscul
    2.7e-08   28.8   2.7    6.3e-08   27.6   2.7    1.7  1  sp|A0A087X1C5|CP2D7_HUMAN  Putative cytochrome P450 2D7 OS=Ho
    2.7e-08   28.8   1.9    6.1e-08   27.7   1.9    1.7  1  sp|Q2XNC9|CP2D6_PANPA      Cytochrome P450 2D6 OS=Pan paniscu
    2.7e-08   28.8   1.9    6.1e-08   27.7   1.9    1.7  1  sp|P10635|CP2D6_HUMAN      Cytochrome P450 2D6 OS=Homo sapien
    2.8e-08   28.8   0.5    5.8e-08   27.8   0.5    1.6  1  sp|P20815|CP3A5_HUMAN      Cytochrome P450 3A5 OS=Homo sapien
    3.2e-08   28.6   0.2    7.9e-08   27.4   0.2    1.7  1  sp|Q9CX98|CP2U1_MOUSE      Cytochrome P450 2U1 OS=Mus musculu
    3.4e-08   28.5   1.3      9e-08   27.2   1.3    1.8  1  sp|P56656|CP239_MOUSE      Cytochrome P450 2C39 OS=Mus muscul
    3.5e-08   28.5   0.3    7.7e-08   27.4   0.3    1.6  1  sp|Q7Z449|CP2U1_HUMAN      Cytochrome P450 2U1 OS=Homo sapien
    3.8e-08   28.4   0.3    9.5e-08   27.1   0.3    1.7  1  sp|A0A517FNB9|C9B52_PARPY  Cholesterol 22-monohydroxylase CYP
    3.9e-08   28.3   1.3      1e-07   27.0   1.3    1.8  1  sp|P20813|CP2B6_HUMAN      Cytochrome P450 2B6 OS=Homo sapien
    4.2e-08   28.2   1.3    9.8e-08   27.0   1.3    1.6  1  sp|Q9SZ46|C82C4_ARATH      Xanthotoxin 5-hydroxylase CYP82C4 
    4.2e-08   28.2   0.4    8.9e-08   27.2   0.4    1.6  1  sp|O49394|C82C2_ARATH      Xanthotoxin 5-hydroxylase CYP82C2 
    4.5e-08   28.1   1.5    8.6e-08   27.2   1.5    1.5  1  sp|P48635|ERYK_SACEN       Erythromycin C-12 hydroxylase OS=S
    4.6e-08   28.1   2.0    4.6e-08   28.1   2.0    2.7  1  sp|P49430|THAS_RAT         Thromboxane-A synthase OS=Rattus n
    4.9e-08   28.0   1.3    4.9e-08   28.0   1.3    2.1  1  sp|S4UX02|CYPH1_SALMI      Ferruginol synthase OS=Salvia milt
    5.3e-08   27.9   0.6    1.1e-07   27.0   0.6    1.5  1  sp|P23295|NOR_FUSOX        NADP nitrous oxide-forming nitric 
    5.4e-08   27.9   2.3    1.3e-07   26.7   2.3    1.7  1  sp|P24457|CP2DB_MOUSE      Cytochrome P450 2D11 OS=Mus muscul
    6.2e-08   27.7   1.8    6.2e-08   27.7   1.8    1.8  1  sp|A0A0C5Q4Y6|C76H2_ROSOF  Ferruginol synthase 1 OS=Rosmarinu
    6.3e-08   27.7   1.1    1.5e-07   26.5   1.1    1.6  1  sp|Q9D816|CP255_MOUSE      Cytochrome P450 2C55 OS=Mus muscul
    6.6e-08   27.6   0.4    1.4e-07   26.6   0.1    1.7  1  sp|Q9VWR5|CP306_DROME      Cytochrome P450 306a1 OS=Drosophil
    6.6e-08   27.6   0.8    1.9e-07   26.1   0.1    2.2  1  sp|Q9Y6A2|CP46A_HUMAN      Cholesterol 24-hydroxylase OS=Homo
    6.9e-08   27.5   0.2    1.6e-07   26.4   0.2    1.6  1  sp|P51538|CP3A9_RAT        Cytochrome P450 3A9 OS=Rattus norv
    7.8e-08   27.4   0.3    7.8e-08   27.4   0.3    1.9  1  sp|P27786|CP17A_MOUSE      Steroid 17-alpha-hydroxylase/17,20
      8e-08   27.3   0.1    1.7e-07   26.3   0.1    1.6  1  sp|I1RJR2|CP51A_GIBZE      Sterol 14-alpha demethylase CYP51A
    8.7e-08   27.2   1.4    1.9e-07   26.2   1.4    1.6  1  sp|Q64680|CP2D4_RAT        Cytochrome P450 2D4 OS=Rattus norv
    8.7e-08   27.2   0.0    2.2e-07   25.9   0.0    1.7  1  sp|Q5KQT7|CP1A1_FELCA      Cytochrome P450 1A1 OS=Felis catus
    8.9e-08   27.2   0.2    2.4e-07   25.8   0.2    1.7  1  sp|B8QHP1|CP52M_STABO      Cytochrome P450 52-M1 OS=Starmerel
    9.8e-08   27.1   0.4    1.9e-07   26.1   0.4    1.5  1  sp|P14263|CP51_CANTR       Lanosterol 14-alpha demethylase OS
      1e-07   27.0   0.2      1e-07   27.0   0.2    2.3  1  sp|P56593|CP2AC_MOUSE      Cytochrome P450 2A12 OS=Mus muscul
    1.1e-07   27.0   0.5    2.3e-07   25.9   0.5    1.6  1  sp|P24463|CP3AC_CANLF      Cytochrome P450 3A12 OS=Canis lupu
    1.1e-07   27.0   0.3    2.7e-07   25.7   0.3    1.7  1  sp|Q1JPY5|CYP51_DANRE      Lanosterol 14-alpha demethylase OS
    1.2e-07   26.8   0.3    2.7e-07   25.7   0.3    1.7  1  sp|Q64654|CP51A_RAT        Lanosterol 14-alpha demethylase OS
    1.2e-07   26.8   0.7    3.4e-07   25.4   0.7    1.8  1  sp|P00176|CP2B1_RAT        Cytochrome P450 2B1 OS=Rattus norv
    1.3e-07   26.7   0.7      4e-07   25.1   0.7    1.9  1  sp|I1H7R8|C90B1_BRADI      Steroid (22S)-hydroxylase OS=Brach
    1.4e-07   26.6   0.0    2.8e-07   25.6   0.0    1.5  1  sp|P0DO39|CP180_ORIVU      Cytochrome P450 71D180 OS=Origanum
    1.4e-07   26.6   0.0    2.8e-07   25.6   0.0    1.5  1  sp|P0DO38|CP180_THYVU      Cytochrome P450 71D180 OS=Thymus v
    1.4e-07   26.6   0.7      4e-07   25.1   0.7    1.8  1  sp|Q5CCK3|C90B2_ORYSJ      Steroid (22S)-hydroxylase OS=Oryza
    1.4e-07   26.5   1.5    1.4e-07   26.5   1.5    2.3  1  sp|P20812|CP2A3_RAT        Cytochrome P450 2A3 OS=Rattus norv
    1.4e-07   26.5   1.5    1.4e-07   26.5   1.5    2.4  1  sp|P20852|CP2A5_MOUSE      Cytochrome P450 2A5 OS=Mus musculu
    1.5e-07   26.5   1.1    2.9e-07   25.6   1.1    1.5  1  sp|Q64459|CP3AB_MOUSE      Cytochrome P450 3A11 OS=Mus muscul
    1.5e-07   26.5   0.7      3e-07   25.5   0.7    1.6  1  sp|Q05421|CP2E1_MOUSE      Cytochrome P450 2E1 OS=Mus musculu
    1.5e-07   26.5   0.7      3e-07   25.5   0.7    1.6  1  sp|P51581|CP2E1_MESAU      Cytochrome P450 2E1 OS=Mesocricetu
    1.6e-07   26.4   0.0    2.9e-07   25.6   0.0    1.4  1  sp|P0DO41|CP181_ORIVU      Cytochrome P450 71D181 OS=Origanum
    1.6e-07   26.4   0.0    2.9e-07   25.6   0.0    1.4  1  sp|P0DO42|CP181_THYVU      Cytochrome P450 71D181 OS=Thymus v
    1.6e-07   26.3   1.9    1.6e-07   26.3   1.9    1.8  1  sp|A0A0C5QRZ2|C76H2_SALFT  Ferruginol synthase OS=Salvia frut
    1.7e-07   26.3   0.2    4.5e-07   25.0   0.2    1.8  1  sp|E9QY26|CP51B_ASPFU      Sterol 14-alpha demethylase cyp51B
    1.7e-07   26.3   2.3    1.7e-07   26.3   2.3    1.9  1  sp|Q00441|CPXJ_SACEN       6-deoxyerythronolide B hydroxylase
    1.8e-07   26.2   1.1    4.6e-07   24.9   0.1    2.2  1  sp|Q3LFT9|CP1A2_BALAC      Cytochrome P450 1A2 OS=Balaenopter
    1.8e-07   26.2   0.0    8.9e-06   20.9   0.1    2.5  2  sp|Q4WNT5|CP51A_ASPFU      Sterol 14-alpha demethylase cyp51A
    1.9e-07   26.1   0.4    4.1e-07   25.1   0.4    1.5  1  sp|Q06069|CPXM_PRIMG       Cytochrome P450(MEG) OS=Priestia m
    2.1e-07   26.0   0.7    5.7e-07   24.6   0.7    1.8  1  sp|P20814|CP2CD_RAT        Cytochrome P450 2C13, male-specifi
    2.1e-07   26.0   0.6    4.5e-07   25.0   0.6    1.6  1  sp|H2KYS3|DAF9_CAEEL       3-ketosteroid oxygenase OS=Caenorh
    2.2e-07   25.9   0.8    5.7e-07   24.6   0.8    1.8  1  sp|B8NFL5|CP51B_ASPFN      Sterol 14-alpha demethylase OS=Asp
    2.3e-07   25.9   0.5    5.6e-07   24.7   0.5    1.7  1  sp|P24453|CP1A2_MESAU      Cytochrome P450 1A2 OS=Mesocricetu
    2.4e-07   25.8   3.0    4.9e-07   24.9   3.0    1.6  1  sp|P12939|CP2DA_RAT        Cytochrome P450 2D10 OS=Rattus nor
    2.4e-07   25.8   1.3    5.9e-07   24.6   0.4    2.1  1  sp|P11711|CP2A1_RAT        Cytochrome P450 2A1 OS=Rattus norv
    2.4e-07   25.8   3.0    4.9e-07   24.9   3.0    1.6  1  sp|P10633|CP2D1_RAT        Cytochrome P450 2D1 OS=Rattus norv
    2.5e-07   25.8   0.6    4.9e-07   24.8   0.6    1.6  1  sp|P05182|CP2E1_RAT        Cytochrome P450 2E1 OS=Rattus norv
    2.8e-07   25.6   1.0    2.8e-07   25.6   1.0    2.4  1  sp|P15392|CP2A4_MOUSE      Cytochrome P450 2A4 OS=Mus musculu
    2.8e-07   25.6   0.3    6.5e-07   24.5   0.3    1.7  1  sp|P05179|CP2C7_RAT        Cytochrome P450 2C7 OS=Rattus norv
    2.9e-07   25.6   0.3    8.3e-07   24.1   0.3    1.9  1  sp|Q4R8S6|CP51A_MACFA      Lanosterol 14-alpha demethylase OS
      3e-07   25.5   0.0      7e-07   24.4   0.0    1.7  1  sp|Q9FI39|THAD_ARATH       Cytochrome P450 705A5 OS=Arabidops
      3e-07   25.5   0.1    6.1e-07   24.5   0.1    1.6  1  sp|Q9NGX9|CP302_DROME      Cytochrome P450 302a1, mitochondri
    3.1e-07   25.5   0.3    8.3e-07   24.1   0.3    1.8  1  sp|Q5RE72|CP51A_PONAB      Lanosterol 14-alpha demethylase OS
    3.2e-07   25.4   0.2      1e-06   23.8   0.0    1.9  1  sp|Q05047|SLS1_CATRO       Secologanin synthase 1 OS=Catharan
    3.3e-07   25.4   0.2    6.7e-07   24.4   0.2    1.6  1  sp|P24462|CP3A7_HUMAN      Cytochrome P450 3A7 OS=Homo sapien
    3.3e-07   25.4   0.3    8.3e-07   24.1   0.3    1.8  1  sp|Q16850|CP51A_HUMAN      Lanosterol 14-alpha demethylase OS
    3.4e-07   25.4   0.3    8.2e-07   24.1   0.3    1.7  1  sp|Q4PJW3|CP51A_BOVIN      Lanosterol 14-alpha demethylase OS
    3.6e-07   25.3   0.3    8.2e-07   24.1   0.3    1.7  1  sp|O46420|CP51A_PIG        Lanosterol 14-alpha demethylase OS
    3.8e-07   25.2   0.4      7e-07   24.4   0.4    1.5  1  sp|P10614|CP51_YEAST       Lanosterol 14-alpha demethylase CY
    3.8e-07   25.2   0.3    1.2e-06   23.6   0.3    1.9  1  sp|Q64410|CP17A_CAVPO      Steroid 17-alpha-hydroxylase/17,20
    3.8e-07   25.2   0.3    8.8e-07   24.0   0.3    1.6  1  sp|Q9LVD6|C81F2_ARATH      Cytochrome P450 81F2 OS=Arabidopsi
    3.9e-07   25.2   2.3    7.2e-07   24.3   2.3    1.5  1  sp|P05180|CP2H1_CHICK      Cytochrome P450 2H1 OS=Gallus gall
      4e-07   25.1   3.8    1.3e-06   23.5   3.8    1.9  1  sp|O46658|CP2DP_PIG        Vitamin D(3) 25-hydroxylase OS=Sus
    4.2e-07   25.1   0.0    1.1e-06   23.8   0.0    1.7  1  sp|Q6ZWL3|CP4V2_HUMAN      Cytochrome P450 4V2 OS=Homo sapien
    4.2e-07   25.1   0.0      1e-06   23.8   0.0    1.7  1  sp|U5NDT8|SLS2_CATRO       Secologanin synthase 2 OS=Catharan
    4.2e-07   25.1   0.1      1e-06   23.8   0.1    1.7  1  sp|Q9WVK8|CP46A_MOUSE      Cholesterol 24-hydroxylase OS=Mus 
    4.3e-07   25.0   0.0      1e-06   23.8   0.0    1.7  1  sp|P22680|CP7A1_HUMAN      Cytochrome P450 7A1 OS=Homo sapien
    4.3e-07   25.0   0.0    9.9e-07   23.9   0.0    1.6  1  sp|U5NE19|7DLH_CATRO       7-deoxyloganic acid hydroxylase OS
    4.5e-07   25.0   0.7      1e-06   23.9   0.7    1.6  1  sp|Q27698|CP6D1_MUSDO      Cytochrome P450 6d1 OS=Musca domes
    4.6e-07   24.9   0.1    4.6e-07   24.9   0.1    2.0  1  sp|Q94FM7|C71DK_TOBAC      5-epiaristolochene 1,3-dihydroxyla
    4.6e-07   24.9   0.3    1.3e-06   23.5   0.3    1.8  1  sp|Q94IP1|TCMO_SORBI       Trans-cinnamate 4-monooxygenase OS
    4.8e-07   24.9   0.6    1.1e-06   23.8   0.6    1.5  1  sp|P10613|CP51_CANAL       Lanosterol 14-alpha demethylase OS
      5e-07   24.8   0.2    9.5e-07   23.9   0.2    1.4  1  sp|Q59971|DOXA_STRS5       Cytochrome P-450 monooxygenase Dox
    5.1e-07   24.8   0.4      1e-06   23.8   0.4    1.5  1  sp|Q64481|CP3AG_MOUSE      Cytochrome P450 3A16 OS=Mus muscul
    5.1e-07   24.8   0.1    1.1e-06   23.7   0.1    1.6  1  sp|Q9V674|CP6G1_DROME      Cytochrome P450 6g1 OS=Drosophila 
    5.2e-07   24.8   1.6    5.2e-07   24.8   1.6    2.1  1  sp|Q16696|CP2AD_HUMAN      Cytochrome P450 2A13 OS=Homo sapie
    5.5e-07   24.7   1.0    1.6e-06   23.3   1.0    1.8  1  sp|P12790|CP2B9_MOUSE      Cytochrome P450 2B9 OS=Mus musculu
    5.5e-07   24.7   0.1    1.6e-06   23.2   0.1    1.9  1  sp|I1RBR4|CP51B_GIBZE      Sterol 14-alpha demethylase CYP51A
    5.7e-07   24.6   2.0    1.2e-06   23.6   2.0    1.6  1  sp|E9Q5K4|CP2CN_MOUSE      Cytochrome P450 2C44 OS=Mus muscul
    7.2e-07   24.3   0.2    1.5e-06   23.4   0.2    1.5  1  sp|Q04468|TCMO_HELTU       Trans-cinnamate 4-monooxygenase OS
    7.6e-07   24.2   0.2    1.5e-06   23.4   0.2    1.5  1  sp|P92994|TCMO_ARATH       Trans-cinnamate 4-monooxygenase OS
    7.9e-07   24.2   0.0    1.9e-06   23.0   0.0    1.6  1  sp|Q00714|STCS_EMENI       Cytochrome P450 monooxygenase stcS
    7.9e-07   24.2   0.1    2.5e-06   22.6   0.0    1.9  1  sp|A0A1D6HSP4|C92C5_MAIZE  Dimethylnonatriene synthase OS=Zea
    9.7e-07   23.9   0.8    2.3e-06   22.7   0.8    1.7  1  sp|A0A517FNC5|C90G4_PARPY  Cholesterol 16,22-dihydroxylase CY
      1e-06   23.9   0.1    2.3e-06   22.7   0.1    1.7  1  sp|I1TEM1|T3O_CATRO        Tabersonine 3-oxygenase OS=Cathara
      1e-06   23.8   0.3      2e-06   22.9   0.3    1.5  1  sp|Q759W0|CP51_EREGS       Lanosterol 14-alpha demethylase OS
    1.1e-06   23.8   0.9      3e-06   22.3   0.0    2.2  1  sp|Q0JFI2|C93G1_ORYSJ      Cytochrome P450 93G1 OS=Oryza sati
    1.2e-06   23.6   0.0    2.6e-06   22.6   0.0    1.6  1  sp|P05108|CP11A_HUMAN      Cholesterol side-chain cleavage en
    1.3e-06   23.5   0.0    3.5e-06   22.2   0.0    1.8  1  sp|Q64505|CP7A1_MOUSE      Cytochrome P450 7A1 OS=Mus musculu
    1.4e-06   23.4   0.1    3.1e-06   22.3   0.1    1.6  1  sp|Q6QNI4|C71AJ_AMMMJ      Psoralen synthase OS=Ammi majus OX
    1.4e-06   23.4   0.1    3.3e-06   22.2   0.1    1.6  1  sp|P51542|CP7A1_RABIT      Cytochrome P450 7A1 OS=Oryctolagus
    1.5e-06   23.3   0.2    4.6e-06   21.8   0.1    2.0  1  sp|Q8VQF6|CINA_CITBR       1,8-cineole 2-endo-monooxygenase O
    1.6e-06   23.2   0.8    3.1e-06   22.3   0.1    1.9  1  sp|P9WPP1|CP125_MYCTU      Steroid C26-monooxygenase OS=Mycob
    1.6e-06   23.2   1.5      4e-06   22.0   1.5    1.7  1  sp|P24470|CP2CN_RAT        Cytochrome P450 2C23 OS=Rattus nor
    1.7e-06   23.2   0.0      5e-06   21.7   0.0    1.9  1  sp|P18125|CP7A1_RAT        Cytochrome P450 7A1 OS=Rattus norv
      2e-06   22.9   0.1    4.4e-06   21.8   0.1    1.7  1  sp|P19100|CP17A_PIG        Steroid 17-alpha-hydroxylase/17,20
      2e-06   22.9   0.0    1.7e-05   20.0   0.1    2.4  1  sp|B8NUK6|CP51C_ASPFN      Sterol 14-alpha demethylase OS=Asp
    2.1e-06   22.9   1.1    2.1e-06   22.9   1.1    2.2  1  sp|P20853|CP2A7_HUMAN      Cytochrome P450 2A7 OS=Homo sapien
    2.1e-06   22.8   1.2    2.1e-06   22.8   1.2    2.1  1  sp|P11509|CP2A6_HUMAN      Cytochrome P450 2A6 OS=Homo sapien
    2.2e-06   22.8   0.1    4.2e-06   21.9   0.1    1.5  1  sp|O34926|CYPX_BACSU       Pulcherriminic acid synthase OS=Ba
    2.2e-06   22.8   0.2    5.1e-06   21.6   0.2    1.7  1  sp|Q8K0C4|CP51A_MOUSE      Lanosterol 14-alpha demethylase OS
    2.2e-06   22.8   0.8    5.4e-06   21.6   0.8    1.7  1  sp|Q6XVG2|CP254_MOUSE      Cytochrome P450 2C54 OS=Mus muscul
    2.4e-06   22.7   0.2      5e-06   21.7   0.2    1.6  1  sp|P50859|CP51_CANGA       Lanosterol 14-alpha demethylase OS
    2.7e-06   22.5   2.3    5.7e-06   21.5   2.3    1.5  1  sp|Q09736|CP51_SCHPO       Lanosterol 14-alpha demethylase er
      3e-06   22.4   0.1    5.8e-06   21.5   0.1    1.5  1  sp|P04800|CP3A1_RAT        Cytochrome P450 3A1 OS=Rattus norv
    3.6e-06   22.1   1.8    3.6e-06   22.1   0.1    1.9  1  sp|P0DO35|CP178_ORIVU      Cytochrome P450 71D178 OS=Origanum
    3.7e-06   22.1   0.1    8.7e-06   20.9   0.1    1.7  1  sp|F1RE08|PTGIS_DANRE      Prostacyclin synthase OS=Danio rer
      4e-06   22.0   1.1    6.1e-06   21.4   0.1    1.8  1  sp|A0R4Y3|CP125_MYCS2      Steroid C26-monooxygenase OS=Mycol
    4.2e-06   21.9   0.2    1.6e-05   20.1   0.2    2.0  1  sp|Q9UNU6|CP8B1_HUMAN      7-alpha-hydroxycholest-4-en-3-one 
    4.2e-06   21.9   0.3    4.2e-06   21.9   0.3    1.9  1  sp|O75881|CP7B1_HUMAN      Cytochrome P450 7B1 OS=Homo sapien
    4.3e-06   21.9   0.0    9.2e-06   20.8   0.0    1.6  1  sp|P0DO22|V19H_CATRO       (+)-vincadifformine 19-hydroxylase
    4.5e-06   21.8   1.7    5.8e-06   21.5   0.1    2.1  1  sp|B8N2C8|CP51A_ASPFN      Sterol 14-alpha demethylase OS=Asp
    4.8e-06   21.7   0.6    4.8e-06   21.7   0.6    2.2  1  sp|E9Q816|CP2W1_MOUSE      Cytochrome P450 2W1 OS=Mus musculu
    6.3e-06   21.3   0.7    1.7e-05   20.0   0.7    1.8  1  sp|P04167|CP2B2_RAT        Cytochrome P450 2B2 OS=Rattus norv
    6.6e-06   21.3   2.3    1.3e-05   20.3   2.3    1.6  1  sp|P11714|CP2D9_MOUSE      Cytochrome P450 2D9 OS=Mus musculu
    6.6e-06   21.3   0.7    2.1e-05   19.7   0.7    1.9  1  sp|P12791|CP2BA_MOUSE      Cytochrome P450 2B10 OS=Mus muscul
    7.5e-06   21.1   0.2    1.7e-05   20.0   0.2    1.6  1  sp|Q9CA61|C98A8_ARATH      Cytochrome P450 98A8 OS=Arabidopsi
    8.3e-06   21.0   0.0    1.8e-05   19.9   0.0    1.6  1  sp|Q9FH76|ABAH3_ARATH      Abscisic acid 8'-hydroxylase 3 OS=
    8.7e-06   20.9   0.8    0.00013   17.2   0.1    3.1  1  sp|O35074|PTGIS_MOUSE      Prostacyclin synthase OS=Mus muscu
    9.2e-06   20.8   0.0    1.8e-05   20.0   0.0    1.5  1  sp|P10612|CP11A_PIG        Cholesterol side-chain cleavage en
    9.6e-06   20.8   0.7    0.00015   17.0   0.1    3.0  1  sp|Q62969|PTGIS_RAT        Prostacyclin synthase OS=Rattus no
      1e-05   20.7   0.2    2.2e-05   19.6   0.2    1.6  1  sp|Q9HB55|CP343_HUMAN      Cytochrome P450 3A43 OS=Homo sapie
    1.1e-05   20.6   1.4    1.1e-05   20.6   1.4    2.6  1  sp|Q9DBX6|CP2S1_MOUSE      Cytochrome P450 2S1 OS=Mus musculu
    1.2e-05   20.4   0.1    3.5e-05   19.0   0.1    1.8  1  sp|O02766|CP8B1_RABIT      7-alpha-hydroxycholest-4-en-3-one 
    1.4e-05   20.3   1.8    2.8e-05   19.3   1.8    1.6  1  sp|P56657|CP240_MOUSE      Cytochrome P450 2C40 OS=Mus muscul
    1.6e-05   20.1   0.2    1.6e-05   20.1   0.2    2.3  1  sp|O14442|CP51_UNCNE       Eburicol 14-alpha-demethylase OS=U
    1.9e-05   19.8   0.5    5.4e-05   18.4   0.0    2.2  1  sp|Q9SXS3|C93C2_GLYEC      2-hydroxyisoflavanone synthase OS=
    2.1e-05   19.7   2.7    4.3e-05   18.7   2.7    1.6  1  sp|P12938|CP2D3_RAT        Cytochrome P450 2D3 OS=Rattus norv
    2.7e-05   19.3   0.3    6.8e-05   18.1   0.3    1.7  1  sp|O81077|ABAH2_ARATH      Abscisic acid 8'-hydroxylase 2 OS=
      3e-05   19.2   0.9    0.00014   17.1   0.0    2.3  1  sp|Q9VGH1|CP315_DROME      Cytochrome P450 315a1, mitochondri
    3.5e-05   19.0   0.3    7.7e-05   17.9   0.0    1.8  1  sp|Q949P1|ABAH1_ARATH      Abscisic acid 8'-hydroxylase 1 OS=
    3.7e-05   18.9   0.5    3.7e-05   18.9   0.5    2.1  1  sp|Q2PG45|THAS_MACFA       Thromboxane-A synthase OS=Macaca f
    3.9e-05   18.9   0.7    7.4e-05   18.0   0.7    1.5  1  sp|Q63688|CP7B1_RAT        25-hydroxycholesterol 7-alpha-hydr
    4.1e-05   18.8   0.0    8.2e-05   17.8   0.0    1.5  1  sp|K4CI52|ABAH2_SOLLC      Abscisic acid 8'-hydroxylase CYP70
    4.1e-05   18.8   0.5    0.00012   17.4   0.5    1.9  1  sp|P47787|THAS_PIG         Thromboxane-A synthase OS=Sus scro
    4.5e-05   18.7   0.0    0.00011   17.5   0.0    1.7  1  sp|Q29552|C11B1_PIG        Cytochrome P450 11B1, mitochondria
    4.6e-05   18.6   0.6    9.7e-05   17.6   0.0    1.9  1  sp|Q4H4C3|CP1A2_MACFU      Cytochrome P450 1A2 OS=Macaca fusc
    4.8e-05   18.6   0.8    4.8e-05   18.6   0.8    2.5  1  sp|Q42569|C90A1_ARATH      3beta,22alpha-dihydroxysteroid 3-d
      6e-05   18.3   0.6      6e-05   18.3   0.6    2.2  1  sp|O22203|C98A3_ARATH      Cytochrome P450 98A3 OS=Arabidopsi
    6.1e-05   18.2   1.3    0.00017   16.9   1.3    1.7  1  sp|P79739|CP26A_DANRE      Cytochrome P450 26A1 OS=Danio reri
    6.2e-05   18.2   0.2    0.00013   17.2   0.2    1.6  1  sp|P19099|C11B2_HUMAN      Cytochrome P450 11B2, mitochondria
    6.6e-05   18.1   0.2    6.6e-05   18.1   0.2    2.3  1  sp|Q16678|CP1B1_HUMAN      Cytochrome P450 1B1 OS=Homo sapien
    6.8e-05   18.1   0.1    0.00015   17.0   0.1    1.6  1  sp|Q9QZ82|CP11A_MOUSE      Cholesterol side-chain cleavage en
    7.6e-05   17.9   1.3    0.00019   16.7   1.3    1.7  1  sp|O23066|C86A2_ARATH      Cytochrome P450 86A2 OS=Arabidopsi
    7.7e-05   17.9   0.6    7.7e-05   17.9   0.6    2.0  1  sp|P24557|THAS_HUMAN       Thromboxane-A synthase OS=Homo sap
    7.9e-05   17.9   0.1    0.00015   17.0   0.1    1.5  1  sp|P14137|CP11A_RAT        Cholesterol side-chain cleavage en
    8.6e-05   17.8   0.3    8.6e-05   17.8   0.3    2.1  1  sp|Q64429|CP1B1_MOUSE      Cytochrome P450 1B1 OS=Mus musculu
    8.6e-05   17.8   0.3    8.6e-05   17.8   0.3    2.2  1  sp|Q64678|CP1B1_RAT        Cytochrome P450 1B1 OS=Rattus norv
    8.6e-05   17.8   0.1    0.00024   16.4   0.1    1.8  1  sp|O80823|C86A8_ARATH      Cytochrome P450 86A8 OS=Arabidopsi
      9e-05   17.7   1.8    0.00012   17.3   0.0    2.2  1  sp|P48421|C83A1_ARATH      Cytochrome P450 83A1 OS=Arabidopsi
    9.3e-05   17.7   0.1    9.3e-05   17.7   0.1    2.3  1  sp|Q60991|CP7B1_MOUSE      Cytochrome P450 7B1 OS=Mus musculu
    9.5e-05   17.6   1.0    0.00023   16.4   0.1    2.2  1  sp|Q50EK6|C72B1_PINTA      Abietadienol/abietadienal oxidase 
    0.00011   17.5   0.1    0.00024   16.4   0.1    1.6  1  sp|P15538|C11B1_HUMAN      Cytochrome P450 11B1, mitochondria
    0.00012   17.3   0.3    0.00026   16.2   0.3    1.6  1  sp|O55127|CP26A_MOUSE      Cytochrome P450 26A1 OS=Mus muscul
    0.00012   17.3   0.4    0.00028   16.2   0.4    1.6  1  sp|P17549|BPHA_ASPNG       Benzoate 4-monooxygenase bphA OS=A
    0.00012   17.3   0.4    0.00028   16.2   0.4    1.6  1  sp|A2QTW5|BPHA_ASPNC       Benzoate 4-monooxygenase bphA OS=A
    0.00013   17.2   0.3    0.00026   16.2   0.3    1.6  1  sp|O43174|CP26A_HUMAN      Cytochrome P450 26A1 OS=Homo sapie
    0.00014   17.1   0.1    0.00014   17.1   0.1    2.7  1  sp|Q16647|PTGIS_HUMAN      Prostacyclin synthase OS=Homo sapi
    0.00014   17.1   0.1    0.00014   17.1   0.1    2.8  1  sp|Q29626|PTGIS_BOVIN      Prostacyclin synthase OS=Bos tauru
    0.00014   17.1   0.1    0.00029   16.1   0.1    1.6  1  sp|Q64658|C11B2_MESAU      Cytochrome P450 11B2, mitochondria
    0.00019   16.7   0.1    0.00019   16.7   0.1    1.8  1  sp|Q95078|CP18A_DROME      Cytochrome P450 18a1 OS=Drosophila
    0.00021   16.6   0.3    0.00046   15.5   0.3    1.6  1  sp|P15150|C11B1_BOVIN      Cytochrome P450 11B1, mitochondria
    0.00021   16.5   0.1     0.0006   15.1   0.1    1.8  1  sp|O88962|CP8B1_MOUSE      7-alpha-hydroxycholest-4-en-3-one 
    0.00022   16.5   0.1    0.00041   15.6   0.1    1.5  1  sp|A0R4Q6|CP142_MYCS2      Steroid C26-monooxygenase OS=Mycol
    0.00026   16.3   0.1    0.00053   15.3   0.1    1.6  1  sp|P00189|CP11A_BOVIN      Cholesterol side-chain cleavage en
    0.00028   16.2   0.0     0.0012   14.2   0.0    2.1  1  sp|Q6F4F5|C724B_ORYSJ      Cytochrome P450 724B1 OS=Oryza sat
     0.0003   16.1   0.2    0.00068   14.9   0.2    1.7  1  sp|Q59523|MYCG_MICGR       Mycinamicin IV hydroxylase/epoxida
    0.00033   15.9   0.5    0.00063   15.0   0.5    1.5  1  sp|A0A2Z5D854|C71Z4_PASSA  Xanthotoxol synthase OS=Pastinaca 
    0.00034   15.9   0.3    0.00034   15.9   0.3    2.3  1  sp|Q9SMP5|C94B3_ARATH      Cytochrome P450 94B3 OS=Arabidopsi
    0.00039   15.7   0.3      0.001   14.4   0.3    1.8  1  sp|Q6EIG3|CP26B_DANRE      Cytochrome P450 26B1 OS=Danio reri
    0.00039   15.7   0.5    0.00082   14.7   0.5    1.6  1  sp|P15393|C11B1_RAT        Cytochrome P450 11B1, mitochondria
    0.00048   15.4   0.0     0.0014   14.0   0.0    1.8  1  sp|Q9VUF8|CP314_DROME      Ecdysone 20-monooxygenase OS=Droso
    0.00052   15.3   1.0     0.0022   13.4   1.0    2.1  1  sp|Q8TAV3|CP2W1_HUMAN      Cytochrome P450 2W1 OS=Homo sapien
    0.00054   15.3   0.4     0.0013   14.1   0.4    1.7  1  sp|F5BHA2|T19H_CATRO       Tabersonine/lochnericine 19-hydrox
    0.00056   15.2   0.2     0.0016   13.8   0.2    1.8  1  sp|Q69X58|C76M7_ORYSJ      Ent-cassadiene C11-alpha-hydroxyla
    0.00057   15.2   0.1     0.0012   14.1   0.1    1.6  1  sp|Q9K498|EIZFM_STRCO      Bifunctional albaflavenone monooxy
    0.00057   15.2   0.4     0.0012   14.2   0.4    1.6  1  sp|O13820|ERG5_SCHPO       C-22 sterol desaturase ERG5 OS=Sch
    0.00057   15.2   2.9    0.00057   15.2   2.9    2.5  1  sp|Q96SQ9|CP2S1_HUMAN      Cytochrome P450 2S1 OS=Homo sapien
    0.00066   15.0   0.1      0.002   13.4   0.1    1.8  1  sp|Q12664|CP51_PENIT       Eburicol 14-alpha-demethylase OS=P
    0.00069   14.9   0.1     0.0015   13.8   0.1    1.6  1  sp|A0A343URW6|TEX1_CATRO   Tabersonine 6,7-epoxidase isoform 
     0.0007   14.9   0.4     0.0024   13.2   0.4    1.9  1  sp|P13107|CP2B3_RAT        Cytochrome P450 2B3 OS=Rattus norv
    0.00079   14.7   1.7     0.0016   13.8   0.4    2.2  1  sp|Q6YTF1|C76M8_ORYSJ      Oryzalexin D synthase OS=Oryza sat
    0.00084   14.6   1.3    0.00084   14.6   1.3    1.8  1  sp|O35293|CP2F2_RAT        Cytochrome P450 2F2 OS=Rattus norv
    0.00084   14.6   1.3    0.00084   14.6   1.3    1.8  1  sp|P33267|CP2F2_MOUSE      Cytochrome P450 2F2 OS=Mus musculu
      0.001   14.4   1.4      0.001   14.4   1.4    2.8  1  sp|B2RXA7|CP26C_MOUSE      Cytochrome P450 26C1 OS=Mus muscul
     0.0011   14.3   0.1     0.0025   13.1   0.1    1.6  1  sp|Q9LNJ4|C70A2_ARATH      Cytochrome P450 703A2 OS=Arabidops
     0.0013   14.1   0.1     0.0026   13.1   0.1    1.5  1  sp|Q12732|AFLG_ASPPU       Averantin hydroxylase OS=Aspergill
     0.0015   13.8   0.2     0.0034   12.7   0.2    1.6  1  sp|Q9FCA6|C1582_STRCO      Biflaviolin synthase CYP158A2 OS=S
     0.0018   13.6   0.0     0.0032   12.8   0.0    1.5  1  sp|Q7EZR4|C70A3_ORYSJ      Cytochrome P450 703A2 OS=Oryza sat
     0.0018   13.6   0.8     0.0059   12.0   0.0    2.3  1  sp|P11511|CP19A_HUMAN      Aromatase OS=Homo sapiens OX=9606 
     0.0019   13.5   0.1     0.0056   12.1   0.1    1.9  1  sp|Q5Z5R4|C7016_ORYSJ      Ent-kaurene oxidase 2 OS=Oryza sat
     0.0019   13.5   0.1     0.0042   12.4   0.1    1.6  1  sp|Q93MI2|DOXA_STRC0       Cytochrome P-450 monooxygenase Dox
     0.0021   13.4   0.1     0.0042   12.4   0.1    1.6  1  sp|P9WPL5|CP142_MYCTU      Steroid C26-monooxygenase OS=Mycob
     0.0031   12.9   0.2     0.0077   11.6   0.2    1.7  1  sp|Q93ZB2|KO1_ARATH        Ent-kaurene oxidase, chloroplastic
     0.0037   12.6   0.0      0.012   11.0   0.0    1.9  1  sp|Q9SRQ1|C89A9_ARATH      Cytochrome P450 89A9 OS=Arabidopsi
     0.0043   12.4   0.0      0.012   11.0   0.0    1.8  1  sp|Q9FMA5|C85A1_ARATH      Cytochrome P450 85A1 OS=Arabidopsi
     0.0046   12.3   0.9     0.0071   11.7   0.0    1.8  1  sp|O65782|C83B1_ARATH      Cytochrome P450 83B1 OS=Arabidopsi
     0.0048   12.3   0.0      0.012   11.1   0.0    1.7  1  sp|Q8GSQ1|C85A1_ORYSJ      Cytochrome P450 85A1 OS=Oryza sati
      0.005   12.2   0.0      0.012   11.1   0.0    1.7  1  sp|I1GQE7|C85A1_BRADI      Cytochrome P450 85A1 OS=Brachypodi
     0.0052   12.1   3.5     0.0034   12.7   0.9    2.2  1  sp|Q6V0L0|CP26C_HUMAN      Cytochrome P450 26C1 OS=Homo sapie
     0.0066   11.8   0.1      0.013   10.9   0.1    1.5  1  sp|Q27756|CP6B3_PAPPO      Cytochrome P450 6B3 OS=Papilio pol
      0.007   11.7   0.4      0.019   10.4   0.0    2.0  1  sp|O46491|CP7A1_PIG        Cytochrome P450 7A1 OS=Sus scrofa 
  ------ inclusion threshold ------
      0.011   11.1   3.3       0.03    9.8   3.3    1.7  1  sp|Q9LSF8|C82G1_ARATH      Dimethylnonatriene synthase OS=Ara
      0.024   10.1   2.4      0.027    9.9   0.9    1.9  1  sp|B9DFU2|MAX1_ARATH       Cytochrome P450 711A1 OS=Arabidops
        0.2    7.2   7.8     0.0072   11.7   0.6    2.3  1  sp|P0DKI7|STORR_PAPSO      Bifunctional protein STORR OS=Papa


Domain annotation for each sequence (and alignments):
>> sp|C4B644|CPVDH_PSEAH  Vitamin D(3) 25-hydroxylase OS=Pseudonocardia autotrophica OX=2074 GN=vdh PE=1 SV=1
   #    score  bias  c-Evalue  i-Evalue hmmfrom  hmm to    alifrom  ali to    envfrom  env to     acc
 ---   ------ ----- --------- --------- ------- -------    ------- -------    ------- -------    ----
   1 !   43.3   2.9   3.7e-13   6.9e-13       2      33 .]     224     255 ..     223     255 .. 0.98

  Alignments for each domain:
  == domain 1  score: 43.3 bits;  conditional E-value: 3.7e-13
        ihelix_seed_hmm   2 eelvalvllLlvAGheTTtnaiswalllLlrh 33 
                            eelva+++lLl+AGheTT+n+i++++l+Ll+h
  sp|C4B644|CPVDH_PSEAH 224 EELVAMAMLLLIAGHETTVNLIGNGVLALLTH 255
                            8******************************9 PP

>> sp|O08336|CYPB_BACSU  Bifunctional cytochrome P450/NADPH--P450 reductase 2 OS=Bacillus subtilis (strain 168) OX=22430
   #    score  bias  c-Evalue  i-Evalue hmmfrom  hmm to    alifrom  ali to    envfrom  env to     acc
 ---   ------ ----- --------- --------- ------- -------    ------- -------    ------- -------    ----
   1 !   40.8   0.2   2.3e-12   4.3e-12       1      33 []     254     286 ..     254     286 .. 0.98

  Alignments for each domain:
  == domain 1  score: 40.8 bits;  conditional E-value: 2.3e-12
       ihelix_seed_hmm   1 deelvalvllLlvAGheTTtnaiswalllLlrh 33 
                           de+++++++++l+AGheTT+ ++s+a+++Ll+h
  sp|O08336|CYPB_BACSU 254 DENIRYQIITFLIAGHETTSGLLSFAIYCLLTH 286
                           79******************************9 PP

>> sp|P53554|BIOI_BACSU  Biotin biosynthesis cytochrome P450 OS=Bacillus subtilis (strain 168) OX=224308 GN=bioI PE=1 SV
   #    score  bias  c-Evalue  i-Evalue hmmfrom  hmm to    alifrom  ali to    envfrom  env to     acc
 ---   ------ ----- --------- --------- ------- -------    ------- -------    ------- -------    ----
   1 !   40.7   0.3   2.4e-12   4.5e-12       1      33 []     222     254 ..     222     254 .. 0.97

  Alignments for each domain:
  == domain 1  score: 40.7 bits;  conditional E-value: 2.4e-12
       ihelix_seed_hmm   1 deelvalvllLlvAGheTTtnaiswalllLlrh 33 
                           +ee++++++lL +AGheTT+n+is+++l+Ll h
  sp|P53554|BIOI_BACSU 222 EEEAASTCILLAIAGHETTVNLISNSVLCLLQH 254
                           69*****************************98 PP

>> sp|Q9HCS2|CP4FC_HUMAN  Cytochrome P450 4F12 OS=Homo sapiens OX=9606 GN=CYP4F12 PE=1 SV=3
   #    score  bias  c-Evalue  i-Evalue hmmfrom  hmm to    alifrom  ali to    envfrom  env to     acc
 ---   ------ ----- --------- --------- ------- -------    ------- -------    ------- -------    ----
   1 !   38.4   0.0   1.3e-11   2.4e-11       1      33 []     315     347 ..     315     347 .. 0.98

  Alignments for each domain:
  == domain 1  score: 38.4 bits;  conditional E-value: 1.3e-11
        ihelix_seed_hmm   1 deelvalvllLlvAGheTTtnaiswalllLlrh 33 
                            de+++a + +++++Gh+TT++ +sw+l+ L+rh
  sp|Q9HCS2|CP4FC_HUMAN 315 DEDIRAEADTFMFGGHDTTASGLSWVLYNLARH 347
                            79******************************9 PP

>> sp|P98187|CP4F8_HUMAN  Cytochrome P450 4F8 OS=Homo sapiens OX=9606 GN=CYP4F8 PE=1 SV=1
   #    score  bias  c-Evalue  i-Evalue hmmfrom  hmm to    alifrom  ali to    envfrom  env to     acc
 ---   ------ ----- --------- --------- ------- -------    ------- -------    ------- -------    ----
   1 !   38.5   0.0   1.3e-11   2.4e-11       1      33 []     315     347 ..     315     347 .. 0.98

  Alignments for each domain:
  == domain 1  score: 38.5 bits;  conditional E-value: 1.3e-11
        ihelix_seed_hmm   1 deelvalvllLlvAGheTTtnaiswalllLlrh 33 
                            de+++a + +++++Gh+TT++ +sw+l+ L+rh
  sp|P98187|CP4F8_HUMAN 315 DEDIRAEADTFMFGGHDTTASGLSWVLYNLARH 347
                            79******************************9 PP

>> sp|P14779|CPXB_PRIM2  Bifunctional cytochrome P450/NADPH--P450 reductase OS=Priestia megaterium (strain ATCC 14581 / 
   #    score  bias  c-Evalue  i-Evalue hmmfrom  hmm to    alifrom  ali to    envfrom  env to     acc
 ---   ------ ----- --------- --------- ------- -------    ------- -------    ------- -------    ----
   1 !   38.6   0.1   1.1e-11   2.1e-11       1      33 []     252     284 ..     252     284 .. 0.97

  Alignments for each domain:
  == domain 1  score: 38.6 bits;  conditional E-value: 1.1e-11
       ihelix_seed_hmm   1 deelvalvllLlvAGheTTtnaiswalllLlrh 33 
                           de+++++++++l+AGheTT+ ++s+al++L+++
  sp|P14779|CPXB_PRIM2 252 DENIRYQIITFLIAGHETTSGLLSFALYFLVKN 284
                           79****************************997 PP

>> sp|O87605|PIKC_STRVZ  Cytochrome P450 monooxygenase PikC OS=Streptomyces venezuelae OX=54571 GN=pikC PE=1 SV=1
   #    score  bias  c-Evalue  i-Evalue hmmfrom  hmm to    alifrom  ali to    envfrom  env to     acc
 ---   ------ ----- --------- --------- ------- -------    ------- -------    ------- -------    ----
   1 !   37.4   1.8   2.8e-11   5.2e-11       2      33 .]     231     262 ..     230     262 .. 0.97

  Alignments for each domain:
  == domain 1  score: 37.4 bits;  conditional E-value: 2.8e-11
       ihelix_seed_hmm   2 eelvalvllLlvAGheTTtnaiswalllLlrh 33 
                           eel++++  LlvAGheTT+n+i++++++Ll+h
  sp|O87605|PIKC_STRVZ 231 EELLGMAHILLVAGHETTVNLIANGMYALLSH 262
                           89****************************98 PP

>> sp|P10632|CP2C8_HUMAN  Cytochrome P450 2C8 OS=Homo sapiens OX=9606 GN=CYP2C8 PE=1 SV=2
   #    score  bias  c-Evalue  i-Evalue hmmfrom  hmm to    alifrom  ali to    envfrom  env to     acc
 ---   ------ ----- --------- --------- ------- -------    ------- -------    ------- -------    ----
   1 !   37.2   1.3   3.1e-11   5.8e-11       2      33 .]     285     316 ..     284     316 .. 0.98

  Alignments for each domain:
  == domain 1  score: 37.2 bits;  conditional E-value: 3.1e-11
        ihelix_seed_hmm   2 eelvalvllLlvAGheTTtnaiswalllLlrh 33 
                            e+lv++v +L+vAG+eTT+++++++lllLl+h
  sp|P10632|CP2C8_HUMAN 285 ENLVGTVADLFVAGTETTSTTLRYGLLLLLKH 316
                            79****************************99 PP

>> sp|Q99N16|CP4F3_MOUSE  Cytochrome P450 4F3 OS=Mus musculus OX=10090 GN=Cyp4f3 PE=1 SV=2
   #    score  bias  c-Evalue  i-Evalue hmmfrom  hmm to    alifrom  ali to    envfrom  env to     acc
 ---   ------ ----- --------- --------- ------- -------    ------- -------    ------- -------    ----
   1 !   38.2   0.0   1.5e-11   2.8e-11       1      33 []     315     347 ..     315     347 .. 0.98

  Alignments for each domain:
  == domain 1  score: 38.2 bits;  conditional E-value: 1.5e-11
        ihelix_seed_hmm   1 deelvalvllLlvAGheTTtnaiswalllLlrh 33 
                            de+++a + +++++Gh+TT++ +sw+l+ L+rh
  sp|Q99N16|CP4F3_MOUSE 315 DEDIRAEADTFMFGGHDTTASGLSWILYNLARH 347
                            79******************************9 PP

>> sp|O08394|CYPD_BACSU  Bifunctional cytochrome P450/NADPH--P450 reductase 1 OS=Bacillus subtilis (strain 168) OX=22430
   #    score  bias  c-Evalue  i-Evalue hmmfrom  hmm to    alifrom  ali to    envfrom  env to     acc
 ---   ------ ----- --------- --------- ------- -------    ------- -------    ------- -------    ----
   1 !   37.1   0.2   3.5e-11   6.6e-11       1      33 []     254     286 ..     254     286 .. 0.98

  Alignments for each domain:
  == domain 1  score: 37.1 bits;  conditional E-value: 3.5e-11
       ihelix_seed_hmm   1 deelvalvllLlvAGheTTtnaiswalllLlrh 33 
                           de+++ +++++l+AGheTT+ ++s+a+++Ll+h
  sp|O08394|CYPD_BACSU 254 DENIRFQIITFLIAGHETTSGLLSFATYFLLKH 286
                           79*****************************99 PP

>> sp|Q4G0S4|C27C1_HUMAN  Cytochrome P450 27C1 OS=Homo sapiens OX=9606 GN=CYP27C1 PE=1 SV=3
   #    score  bias  c-Evalue  i-Evalue hmmfrom  hmm to    alifrom  ali to    envfrom  env to     acc
 ---   ------ ----- --------- --------- ------- -------    ------- -------    ------- -------    ----
   1 !   36.8   0.9   4.3e-11   8.1e-11       2      33 .]     338     369 ..     337     369 .. 0.97

  Alignments for each domain:
  == domain 1  score: 36.8 bits;  conditional E-value: 4.3e-11
        ihelix_seed_hmm   2 eelvalvllLlvAGheTTtnaiswalllLlrh 33 
                            +e+ a+v+++l+AG++TT++++sw+++lL+rh
  sp|Q4G0S4|C27C1_HUMAN 338 QEIYANVTEMLLAGVDTTSFTLSWTVYLLARH 369
                            79*****************************9 PP

>> sp|Q9Y8G7|C505_FUSOX  Bifunctional cytochrome P450/NADPH--P450 reductase OS=Fusarium oxysporum OX=5507 GN=CYP505 PE=1
   #    score  bias  c-Evalue  i-Evalue hmmfrom  hmm to    alifrom  ali to    envfrom  env to     acc
 ---   ------ ----- --------- --------- ------- -------    ------- -------    ------- -------    ----
   1 !   37.6   0.3   2.3e-11   4.3e-11       1      33 []     253     285 ..     253     285 .. 0.98

  Alignments for each domain:
  == domain 1  score: 37.6 bits;  conditional E-value: 2.3e-11
       ihelix_seed_hmm   1 deelvalvllLlvAGheTTtnaiswalllLlrh 33 
                           de+++++ +++l+AGheTT+ ++s+a++ Ll++
  sp|Q9Y8G7|C505_FUSOX 253 DENITNQLITFLIAGHETTSGTLSFAMYQLLKN 285
                           79*****************************98 PP

>> sp|O35132|CP27B_RAT  25-hydroxyvitamin D-1 alpha hydroxylase, mitochondrial OS=Rattus norvegicus OX=10116 GN=Cyp27b1 
   #    score  bias  c-Evalue  i-Evalue hmmfrom  hmm to    alifrom  ali to    envfrom  env to     acc
 ---   ------ ----- --------- --------- ------- -------    ------- -------    ------- -------    ----
   1 !   36.6   0.2     5e-11   9.3e-11       3      33 .]     299     329 ..     297     329 .. 0.96

  Alignments for each domain:
  == domain 1  score: 36.6 bits;  conditional E-value: 5e-11
      ihelix_seed_hmm   3 elvalvllLlvAGheTTtnaiswalllLlrh 33 
                           +v++v++Ll+AG++T++n++swal++L+rh
  sp|O35132|CP27B_RAT 299 SIVGNVTELLLAGVDTVSNTLSWALYELSRH 329
                          699***************************9 PP

>> sp|P56590|CP1A1_CANLF  Cytochrome P450 1A1 OS=Canis lupus familiaris OX=9615 GN=CYP1A1 PE=2 SV=1
   #    score  bias  c-Evalue  i-Evalue hmmfrom  hmm to    alifrom  ali to    envfrom  env to     acc
 ---   ------ ----- --------- --------- ------- -------    ------- -------    ------- -------    ----
   1 !   36.0   0.2   7.6e-11   1.4e-10       1      33 []     308     340 ..     308     340 .. 0.97

  Alignments for each domain:
  == domain 1  score: 36.0 bits;  conditional E-value: 7.6e-11
        ihelix_seed_hmm   1 deelvalvllLlvAGheTTtnaiswalllLlrh 33 
                            de +v+ vl+L+ AG +T+t+aisw+ll+L+++
  sp|P56590|CP1A1_CANLF 308 DEKIVNVVLDLFGAGFDTVTTAISWSLLYLVTN 340
                            789****************************98 PP

>> sp|A8WGA0|C27C1_DANRE  Cytochrome P450 27C1 OS=Danio rerio OX=7955 GN=cyp27c1 PE=1 SV=2
   #    score  bias  c-Evalue  i-Evalue hmmfrom  hmm to    alifrom  ali to    envfrom  env to     acc
 ---   ------ ----- --------- --------- ------- -------    ------- -------    ------- -------    ----
   1 !   35.9   1.2   8.4e-11   1.6e-10       2      33 .]     337     368 ..     336     368 .. 0.98

  Alignments for each domain:
  == domain 1  score: 35.9 bits;  conditional E-value: 8.4e-11
        ihelix_seed_hmm   2 eelvalvllLlvAGheTTtnaiswalllLlrh 33 
                            ee+ a+++++l+AG++TT++++sw+++lL+rh
  sp|A8WGA0|C27C1_DANRE 337 EEIYANMTEMLLAGVDTTSFTLSWSTYLLARH 368
                            8******************************9 PP

>> sp|P78329|CP4F2_HUMAN  Cytochrome P450 4F2 OS=Homo sapiens OX=9606 GN=CYP4F2 PE=1 SV=1
   #    score  bias  c-Evalue  i-Evalue hmmfrom  hmm to    alifrom  ali to    envfrom  env to     acc
 ---   ------ ----- --------- --------- ------- -------    ------- -------    ------- -------    ----
   1 !   35.6   0.0   9.9e-11   1.8e-10       1      33 []     315     347 ..     315     347 .. 0.98

  Alignments for each domain:
  == domain 1  score: 35.6 bits;  conditional E-value: 9.9e-11
        ihelix_seed_hmm   1 deelvalvllLlvAGheTTtnaiswalllLlrh 33 
                            de+++a + ++++ Gh+TT++ +sw+l++L++h
  sp|P78329|CP4F2_HUMAN 315 DEDIRAEADTFMFEGHDTTASGLSWVLYHLAKH 347
                            79*****************************99 PP

>> sp|Q9EP75|CP4FE_MOUSE  Leukotriene-B4 omega-hydroxylase 3 OS=Mus musculus OX=10090 GN=Cyp4f14 PE=1 SV=1
   #    score  bias  c-Evalue  i-Evalue hmmfrom  hmm to    alifrom  ali to    envfrom  env to     acc
 ---   ------ ----- --------- --------- ------- -------    ------- -------    ------- -------    ----
   1 !   35.5   0.0   1.1e-10     2e-10       1      33 []     315     347 ..     315     347 .. 0.98

  Alignments for each domain:
  == domain 1  score: 35.5 bits;  conditional E-value: 1.1e-10
        ihelix_seed_hmm   1 deelvalvllLlvAGheTTtnaiswalllLlrh 33 
                            de+++a + ++++ Gh+TT++ +sw+l+ L+rh
  sp|Q9EP75|CP4FE_MOUSE 315 DEDIRAEADTFMFEGHDTTASGLSWILYNLARH 347
                            79******************************9 PP

>> sp|P20817|CP4AE_RAT  Cytochrome P450 4A14 OS=Rattus norvegicus OX=10116 GN=Cyp4a14 PE=1 SV=2
   #    score  bias  c-Evalue  i-Evalue hmmfrom  hmm to    alifrom  ali to    envfrom  env to     acc
 ---   ------ ----- --------- --------- ------- -------    ------- -------    ------- -------    ----
   1 !   35.6   0.1     1e-10   1.9e-10       1      33 []     305     337 ..     305     337 .. 0.98

  Alignments for each domain:
  == domain 1  score: 35.6 bits;  conditional E-value: 1e-10
      ihelix_seed_hmm   1 deelvalvllLlvAGheTTtnaiswalllLlrh 33 
                          de+l+a v ++++ Gh+TT++ isw++++L++h
  sp|P20817|CP4AE_RAT 305 DEDLRAEVDTFMFEGHDTTASGISWVFYALATH 337
                          79******************************9 PP

>> sp|Q08477|CP4F3_HUMAN  Cytochrome P450 4F3 OS=Homo sapiens OX=9606 GN=CYP4F3 PE=1 SV=2
   #    score  bias  c-Evalue  i-Evalue hmmfrom  hmm to    alifrom  ali to    envfrom  env to     acc
 ---   ------ ----- --------- --------- ------- -------    ------- -------    ------- -------    ----
   1 !   35.6   0.0   9.9e-11   1.8e-10       1      33 []     315     347 ..     315     347 .. 0.98

  Alignments for each domain:
  == domain 1  score: 35.6 bits;  conditional E-value: 9.9e-11
        ihelix_seed_hmm   1 deelvalvllLlvAGheTTtnaiswalllLlrh 33 
                            de+++a + ++++ Gh+TT++ +sw+l++L++h
  sp|Q08477|CP4F3_HUMAN 315 DEDIRAEADTFMFEGHDTTASGLSWVLYHLAKH 347
                            79*****************************99 PP

>> sp|O15528|CP27B_HUMAN  25-hydroxyvitamin D-1 alpha hydroxylase, mitochondrial OS=Homo sapiens OX=9606 GN=CYP27B1 PE=1
   #    score  bias  c-Evalue  i-Evalue hmmfrom  hmm to    alifrom  ali to    envfrom  env to     acc
 ---   ------ ----- --------- --------- ------- -------    ------- -------    ------- -------    ----
   1 !   35.8   0.4     9e-11   1.7e-10       3      33 .]     306     336 ..     304     336 .. 0.95

  Alignments for each domain:
  == domain 1  score: 35.8 bits;  conditional E-value: 9e-11
        ihelix_seed_hmm   3 elvalvllLlvAGheTTtnaiswalllLlrh 33 
                             ++++v++Ll+AG++T++n++swal++L+rh
  sp|O15528|CP27B_HUMAN 306 SILGNVTELLLAGVDTVSNTLSWALYELSRH 336
                            6899**************************9 PP

>> sp|P20816|CP4A2_RAT  Cytochrome P450 4A2 OS=Rattus norvegicus OX=10116 GN=Cyp4a2 PE=1 SV=2
   #    score  bias  c-Evalue  i-Evalue hmmfrom  hmm to    alifrom  ali to    envfrom  env to     acc
 ---   ------ ----- --------- --------- ------- -------    ------- -------    ------- -------    ----
   1 !   35.6   0.1     1e-10   1.9e-10       1      33 []     302     334 ..     302     334 .. 0.98

  Alignments for each domain:
  == domain 1  score: 35.6 bits;  conditional E-value: 1e-10
      ihelix_seed_hmm   1 deelvalvllLlvAGheTTtnaiswalllLlrh 33 
                          de+l+a v ++++ Gh+TT++ isw++++L++h
  sp|P20816|CP4A2_RAT 302 DEDLRAEVDTFMFEGHDTTASGISWVFYALATH 334
                          79******************************9 PP

>> sp|O35084|CP27B_MOUSE  25-hydroxyvitamin D-1 alpha hydroxylase, mitochondrial OS=Mus musculus OX=10090 GN=Cyp27b1 PE=
   #    score  bias  c-Evalue  i-Evalue hmmfrom  hmm to    alifrom  ali to    envfrom  env to     acc
 ---   ------ ----- --------- --------- ------- -------    ------- -------    ------- -------    ----
   1 !   35.7   0.2   9.3e-11   1.7e-10       3      33 .]     306     336 ..     304     336 .. 0.96

  Alignments for each domain:
  == domain 1  score: 35.7 bits;  conditional E-value: 9.3e-11
        ihelix_seed_hmm   3 elvalvllLlvAGheTTtnaiswalllLlrh 33 
                             +v++v++Ll+AG++T++n++sw+l++L+rh
  sp|O35084|CP27B_MOUSE 306 SIVGNVTELLLAGVDTVSNTLSWTLYELSRH 336
                            699***************************9 PP

>> sp|P51869|CP4F4_RAT  Cytochrome P450 4F4 OS=Rattus norvegicus OX=10116 GN=Cyp4f4 PE=1 SV=1
   #    score  bias  c-Evalue  i-Evalue hmmfrom  hmm to    alifrom  ali to    envfrom  env to     acc
 ---   ------ ----- --------- --------- ------- -------    ------- -------    ------- -------    ----
   1 !   35.5   0.0   1.1e-10     2e-10       1      33 []     315     347 ..     315     347 .. 0.98

  Alignments for each domain:
  == domain 1  score: 35.5 bits;  conditional E-value: 1.1e-10
      ihelix_seed_hmm   1 deelvalvllLlvAGheTTtnaiswalllLlrh 33 
                          de+++a + ++++ Gh+TT++ +sw+l+ L+rh
  sp|P51869|CP4F4_RAT 315 DEDIRAEADTFMFEGHDTTASGLSWILYNLARH 347
                          79******************************9 PP

>> sp|O35728|CP4AE_MOUSE  Cytochrome P450 4A14 OS=Mus musculus OX=10090 GN=Cyp4a14 PE=1 SV=1
   #    score  bias  c-Evalue  i-Evalue hmmfrom  hmm to    alifrom  ali to    envfrom  env to     acc
 ---   ------ ----- --------- --------- ------- -------    ------- -------    ------- -------    ----
   1 !   35.4   0.1   1.2e-10   2.2e-10       1      33 []     305     337 ..     305     337 .. 0.98

  Alignments for each domain:
  == domain 1  score: 35.4 bits;  conditional E-value: 1.2e-10
        ihelix_seed_hmm   1 deelvalvllLlvAGheTTtnaiswalllLlrh 33 
                            de+l+a v ++++ Gh+TT++ isw++++L++h
  sp|O35728|CP4AE_MOUSE 305 DEDLRAEVDTFMFEGHDTTASGISWIFYALATH 337
                            79******************************9 PP

>> sp|Q6TBX7|LUT1_ARATH  Carotene epsilon-monooxygenase, chloroplastic OS=Arabidopsis thaliana OX=3702 GN=CYP97C1 PE=1 S
   #    score  bias  c-Evalue  i-Evalue hmmfrom  hmm to    alifrom  ali to    envfrom  env to     acc
 ---   ------ ----- --------- --------- ------- -------    ------- -------    ------- -------    ----
   1 !   35.2   0.2   1.4e-10   2.6e-10       3      33 .]     336     366 ..     334     366 .. 0.94

  Alignments for each domain:
  == domain 1  score: 35.2 bits;  conditional E-value: 1.4e-10
       ihelix_seed_hmm   3 elvalvllLlvAGheTTtnaiswalllLlrh 33 
                           +l++  l++lvAGheTT+++++w+l+lL+++
  sp|Q6TBX7|LUT1_ARATH 336 QLRDDLLSMLVAGHETTGSVLTWTLYLLSKN 366
                           588999**********************998 PP

>> sp|Q02928|CP4AB_HUMAN  Cytochrome P450 4A11 OS=Homo sapiens OX=9606 GN=CYP4A11 PE=1 SV=1
   #    score  bias  c-Evalue  i-Evalue hmmfrom  hmm to    alifrom  ali to    envfrom  env to     acc
 ---   ------ ----- --------- --------- ------- -------    ------- -------    ------- -------    ----
   1 !   34.8   0.1   1.8e-10   3.3e-10       1      33 []     308     340 ..     308     340 .. 0.97

  Alignments for each domain:
  == domain 1  score: 34.8 bits;  conditional E-value: 1.8e-10
        ihelix_seed_hmm   1 deelvalvllLlvAGheTTtnaiswalllLlrh 33 
                            d++l+a v ++++ Gh+TT++ isw+l++L++h
  sp|Q02928|CP4AB_HUMAN 308 DKDLRAEVDTFMFEGHDTTASGISWILYALATH 340
                            789*****************************9 PP

>> sp|Q5TCH4|CP4AM_HUMAN  Cytochrome P450 4A22 OS=Homo sapiens OX=9606 GN=CYP4A22 PE=1 SV=1
   #    score  bias  c-Evalue  i-Evalue hmmfrom  hmm to    alifrom  ali to    envfrom  env to     acc
 ---   ------ ----- --------- --------- ------- -------    ------- -------    ------- -------    ----
   1 !   34.8   0.1   1.8e-10   3.3e-10       1      33 []     308     340 ..     308     340 .. 0.97

  Alignments for each domain:
  == domain 1  score: 34.8 bits;  conditional E-value: 1.8e-10
        ihelix_seed_hmm   1 deelvalvllLlvAGheTTtnaiswalllLlrh 33 
                            d++l+a v ++++ Gh+TT++ isw+l++L++h
  sp|Q5TCH4|CP4AM_HUMAN 308 DKDLRAEVDTFMFEGHDTTASGISWILYALATH 340
                            789*****************************9 PP

>> sp|Q9HBI6|CP4FB_HUMAN  Cytochrome P450 4F11 OS=Homo sapiens OX=9606 GN=CYP4F11 PE=1 SV=3
   #    score  bias  c-Evalue  i-Evalue hmmfrom  hmm to    alifrom  ali to    envfrom  env to     acc
 ---   ------ ----- --------- --------- ------- -------    ------- -------    ------- -------    ----
   1 !   35.6   0.0   9.9e-11   1.9e-10       1      33 []     315     347 ..     315     347 .. 0.98

  Alignments for each domain:
  == domain 1  score: 35.6 bits;  conditional E-value: 9.9e-11
        ihelix_seed_hmm   1 deelvalvllLlvAGheTTtnaiswalllLlrh 33 
                            de+++a + ++++ Gh+TT++ +sw+l++L++h
  sp|Q9HBI6|CP4FB_HUMAN 315 DEDIRAEADTFMFEGHDTTASGLSWVLYHLAKH 347
                            79*****************************99 PP

>> sp|Q6GUR1|CP1A1_MACMU  Cytochrome P450 1A1 OS=Macaca mulatta OX=9544 GN=CYP1A1 PE=2 SV=1
   #    score  bias  c-Evalue  i-Evalue hmmfrom  hmm to    alifrom  ali to    envfrom  env to     acc
 ---   ------ ----- --------- --------- ------- -------    ------- -------    ------- -------    ----
   1 !   34.7   0.1     2e-10   3.7e-10       1      33 []     304     336 ..     304     336 .. 0.97

  Alignments for each domain:
  == domain 1  score: 34.7 bits;  conditional E-value: 2e-10
        ihelix_seed_hmm   1 deelvalvllLlvAGheTTtnaiswalllLlrh 33 
                            de +v+ vl+L+ AG +T+t+aisw+l++L+++
  sp|Q6GUR1|CP1A1_MACMU 304 DEKIVNVVLDLFGAGFDTVTTAISWSLMYLVTN 336
                            789****************************98 PP

>> sp|P33616|CP1A1_MACFA  Cytochrome P450 1A1 OS=Macaca fascicularis OX=9541 GN=CYP1A1 PE=2 SV=1
   #    score  bias  c-Evalue  i-Evalue hmmfrom  hmm to    alifrom  ali to    envfrom  env to     acc
 ---   ------ ----- --------- --------- ------- -------    ------- -------    ------- -------    ----
   1 !   34.7   0.1     2e-10   3.7e-10       1      33 []     304     336 ..     304     336 .. 0.97

  Alignments for each domain:
  == domain 1  score: 34.7 bits;  conditional E-value: 2e-10
        ihelix_seed_hmm   1 deelvalvllLlvAGheTTtnaiswalllLlrh 33 
                            de +v+ vl+L+ AG +T+t+aisw+l++L+++
  sp|P33616|CP1A1_MACFA 304 DEKIVNVVLDLFGAGFDTVTTAISWSLMYLVTN 336
                            789****************************98 PP

>> sp|P04798|CP1A1_HUMAN  Cytochrome P450 1A1 OS=Homo sapiens OX=9606 GN=CYP1A1 PE=1 SV=1
   #    score  bias  c-Evalue  i-Evalue hmmfrom  hmm to    alifrom  ali to    envfrom  env to     acc
 ---   ------ ----- --------- --------- ------- -------    ------- -------    ------- -------    ----
   1 !   35.1   0.1   1.4e-10   2.7e-10       1      33 []     304     336 ..     304     336 .. 0.96

  Alignments for each domain:
  == domain 1  score: 35.1 bits;  conditional E-value: 1.4e-10
        ihelix_seed_hmm   1 deelvalvllLlvAGheTTtnaiswalllLlrh 33 
                            de ++++vl+L+ AG +T+t+aisw+l++L+++
  sp|P04798|CP1A1_HUMAN 304 DEKIINIVLDLFGAGFDTVTTAISWSLMYLVMN 336
                            789***************************987 PP

>> sp|P00178|CP2B4_RABIT  Cytochrome P450 2B4 OS=Oryctolagus cuniculus OX=9986 GN=CYP2B4 PE=1 SV=1
   #    score  bias  c-Evalue  i-Evalue hmmfrom  hmm to    alifrom  ali to    envfrom  env to     acc
 ---   ------ ----- --------- --------- ------- -------    ------- -------    ------- -------    ----
   1 !   34.2   1.3   2.8e-10   5.3e-10       1      33 []     285     317 ..     285     317 .. 0.95

  Alignments for each domain:
  == domain 1  score: 34.2 bits;  conditional E-value: 2.8e-10
        ihelix_seed_hmm   1 deelvalvllLlvAGheTTtnaiswalllLlrh 33 
                            +++l+ +vl+L++AG+eTT++++++++ll+l++
  sp|P00178|CP2B4_RABIT 285 HQNLILTVLSLFFAGTETTSTTLRYGFLLMLKY 317
                            689***************************986 PP

>> sp|P24464|CP4AC_RAT  Cytochrome P450 4A12 OS=Rattus norvegicus OX=10116 GN=Cyp4a12 PE=1 SV=2
   #    score  bias  c-Evalue  i-Evalue hmmfrom  hmm to    alifrom  ali to    envfrom  env to     acc
 ---   ------ ----- --------- --------- ------- -------    ------- -------    ------- -------    ----
   1 !   33.7   0.0   4.1e-10   7.6e-10       1      33 []     306     338 ..     306     338 .. 0.97

  Alignments for each domain:
  == domain 1  score: 33.7 bits;  conditional E-value: 4.1e-10
      ihelix_seed_hmm   1 deelvalvllLlvAGheTTtnaiswalllLlrh 33 
                          d++l+a v ++++ Gh+TT++ isw++++L+++
  sp|P24464|CP4AC_RAT 306 DKDLRAEVDTFMFEGHDTTASGISWIFYALATN 338
                          789****************************98 PP

>> sp|P18326|CPXE_STRGO  Vitamin D3 dihydroxylase OS=Streptomyces griseolus OX=1909 GN=cyp105A1 PE=1 SV=2
   #    score  bias  c-Evalue  i-Evalue hmmfrom  hmm to    alifrom  ali to    envfrom  env to     acc
 ---   ------ ----- --------- --------- ------- -------    ------- -------    ------- -------    ----
   1 !   34.1   2.2   3.1e-10   5.8e-10       2      33 .]     232     263 ..     231     263 .. 0.95

  Alignments for each domain:
  == domain 1  score: 34.1 bits;  conditional E-value: 3.1e-10
       ihelix_seed_hmm   2 eelvalvllLlvAGheTTtnaiswalllLlrh 33 
                           eel+++++lLl+AGheTT++++s ++++Ll h
  sp|P18326|CPXE_STRGO 232 EELISTAMLLLIAGHETTASMTSLSVITLLDH 263
                           8****************************965 PP

>> sp|Q86W10|CP4Z1_HUMAN  Cytochrome P450 4Z1 OS=Homo sapiens OX=9606 GN=CYP4Z1 PE=1 SV=1
   #    score  bias  c-Evalue  i-Evalue hmmfrom  hmm to    alifrom  ali to    envfrom  env to     acc
 ---   ------ ----- --------- --------- ------- -------    ------- -------    ------- -------    ----
   1 !   33.9   0.0   3.6e-10   6.8e-10      10      33 .]     310     333 ..     303     333 .. 0.91

  Alignments for each domain:
  == domain 1  score: 33.9 bits;  conditional E-value: 3.6e-10
        ihelix_seed_hmm  10 lLlvAGheTTtnaiswalllLlrh 33 
                            ++++AGh+TT++aisw+l++L+++
  sp|Q86W10|CP4Z1_HUMAN 310 TFMFAGHDTTSSAISWILYCLAKY 333
                            89********************86 PP

>> sp|A2A974|CP4CB_MOUSE  Cytochrome P450 4A12B OS=Mus musculus OX=10090 GN=Cyp4a12b PE=1 SV=1
   #    score  bias  c-Evalue  i-Evalue hmmfrom  hmm to    alifrom  ali to    envfrom  env to     acc
 ---   ------ ----- --------- --------- ------- -------    ------- -------    ------- -------    ----
   1 !   33.7   0.0   4.1e-10   7.6e-10       1      33 []     306     338 ..     306     338 .. 0.97

  Alignments for each domain:
  == domain 1  score: 33.7 bits;  conditional E-value: 4.1e-10
        ihelix_seed_hmm   1 deelvalvllLlvAGheTTtnaiswalllLlrh 33 
                            d++l+a v ++++ Gh+TT++ isw++++L+++
  sp|A2A974|CP4CB_MOUSE 306 DKDLRAEVDTFMFEGHDTTASGISWIFYALATN 338
                            789****************************98 PP

>> sp|Q06367|CP1A1_CAVPO  Cytochrome P450 1A1 OS=Cavia porcellus OX=10141 GN=CYP1A1 PE=1 SV=1
   #    score  bias  c-Evalue  i-Evalue hmmfrom  hmm to    alifrom  ali to    envfrom  env to     acc
 ---   ------ ----- --------- --------- ------- -------    ------- -------    ------- -------    ----
   1 !   34.4   0.1   2.4e-10   4.5e-10       1      33 []     300     332 ..     300     332 .. 0.95

  Alignments for each domain:
  == domain 1  score: 34.4 bits;  conditional E-value: 2.4e-10
        ihelix_seed_hmm   1 deelvalvllLlvAGheTTtnaiswalllLlrh 33 
                            d+ ++++vl+L+ AG +T t+aisw+ll+L+++
  sp|Q06367|CP1A1_CAVPO 300 DQKIIGIVLDLFGAGFDTITTAISWSLLYLVMN 332
                            6789**************************987 PP

>> sp|Q91WL5|CP4CA_MOUSE  Cytochrome P450 4A12A OS=Mus musculus OX=10090 GN=Cyp4a12a PE=1 SV=2
   #    score  bias  c-Evalue  i-Evalue hmmfrom  hmm to    alifrom  ali to    envfrom  env to     acc
 ---   ------ ----- --------- --------- ------- -------    ------- -------    ------- -------    ----
   1 !   33.7   0.0   4.1e-10   7.6e-10       1      33 []     306     338 ..     306     338 .. 0.97

  Alignments for each domain:
  == domain 1  score: 33.7 bits;  conditional E-value: 4.1e-10
        ihelix_seed_hmm   1 deelvalvllLlvAGheTTtnaiswalllLlrh 33 
                            d++l+a v ++++ Gh+TT++ isw++++L+++
  sp|Q91WL5|CP4CA_MOUSE 306 DKDLRAEVDTFMFEGHDTTASGISWIFYALATN 338
                            789****************************98 PP

>> sp|P08683|CP2CB_RAT  Cytochrome P450 2C11 OS=Rattus norvegicus OX=10116 GN=Cyp2c11 PE=1 SV=1
   #    score  bias  c-Evalue  i-Evalue hmmfrom  hmm to    alifrom  ali to    envfrom  env to     acc
 ---   ------ ----- --------- --------- ------- -------    ------- -------    ------- -------    ----
   1 !   33.7   1.8   4.1e-10   7.7e-10       2      33 .]     285     316 ..     284     316 .. 0.96

  Alignments for each domain:
  == domain 1  score: 33.7 bits;  conditional E-value: 4.1e-10
      ihelix_seed_hmm   2 eelvalvllLlvAGheTTtnaiswalllLlrh 33 
                          e lva+v++++ AG+eTT+++++++lllLl+h
  sp|P08683|CP2CB_RAT 285 ESLVATVTDMFGAGTETTSTTLRYGLLLLLKH 316
                          679***************************99 PP

>> sp|O54749|CP2J5_MOUSE  Cytochrome P450 2J5 OS=Mus musculus OX=10090 GN=Cyp2j5 PE=1 SV=1
   #    score  bias  c-Evalue  i-Evalue hmmfrom  hmm to    alifrom  ali to    envfrom  env to     acc
 ---   ------ ----- --------- --------- ------- -------    ------- -------    ------- -------    ----
   1 !   33.4   0.9   5.2e-10   9.7e-10       1      32 [.     297     328 ..     297     329 .. 0.95

  Alignments for each domain:
  == domain 1  score: 33.4 bits;  conditional E-value: 5.2e-10
        ihelix_seed_hmm   1 deelvalvllLlvAGheTTtnaiswalllLlr 32 
                            +e+l+++ l+L+++G+eTT+++++wall++++
  sp|O54749|CP2J5_MOUSE 297 EENLISTTLDLFLGGTETTSSTLRWALLYMSS 328
                            599***************************87 PP

>> sp|Q64458|CP2CT_MOUSE  Cytochrome P450 2C29 OS=Mus musculus OX=10090 GN=Cyp2c29 PE=1 SV=2
   #    score  bias  c-Evalue  i-Evalue hmmfrom  hmm to    alifrom  ali to    envfrom  env to     acc
 ---   ------ ----- --------- --------- ------- -------    ------- -------    ------- -------    ----
   1 !   33.2   1.4   5.8e-10   1.1e-09       2      33 .]     285     316 ..     284     316 .. 0.96

  Alignments for each domain:
  == domain 1  score: 33.2 bits;  conditional E-value: 5.8e-10
        ihelix_seed_hmm   2 eelvalvllLlvAGheTTtnaiswalllLlrh 33 
                            e+l++++ +L+ AG+eTT++++++alllLl++
  sp|Q64458|CP2CT_MOUSE 285 ENLASTINDLFGAGTETTSTTLRYALLLLLKY 316
                            89****************************86 PP

>> sp|Q0D1W9|CYPE3_ASPTN  Self-sufficient cytochrome P450 monooxygenase CYP505E3 OS=Aspergillus terreus (strain NIH 2624
   #    score  bias  c-Evalue  i-Evalue hmmfrom  hmm to    alifrom  ali to    envfrom  env to     acc
 ---   ------ ----- --------- --------- ------- -------    ------- -------    ------- -------    ----
   1 !   33.1   0.4   6.5e-10   1.2e-09       4      33 .]     258     287 ..     255     287 .. 0.94

  Alignments for each domain:
  == domain 1  score: 33.1 bits;  conditional E-value: 6.5e-10
        ihelix_seed_hmm   4 lvalvllLlvAGheTTtnaiswalllLlrh 33 
                            ++++v+++l+AGheTT+ ++s+++++Ll +
  sp|Q0D1W9|CYPE3_ASPTN 258 IINNVITFLIAGHETTSGLLSFTFYYLLQN 287
                            89*************************987 PP

>> sp|P56591|CP1A1_SHEEP  Cytochrome P450 1A1 OS=Ovis aries OX=9940 GN=CYP1A1 PE=2 SV=1
   #    score  bias  c-Evalue  i-Evalue hmmfrom  hmm to    alifrom  ali to    envfrom  env to     acc
 ---   ------ ----- --------- --------- ------- -------    ------- -------    ------- -------    ----
   1 !   34.2   0.2   2.8e-10   5.2e-10       1      32 [.     311     342 ..     311     343 .. 0.96

  Alignments for each domain:
  == domain 1  score: 34.2 bits;  conditional E-value: 2.8e-10
        ihelix_seed_hmm   1 deelvalvllLlvAGheTTtnaiswalllLlr 32 
                            de +++ v++L+ AG +T+t+aisw+ll+L++
  sp|P56591|CP1A1_SHEEP 311 DEKIINVVMDLFGAGFDTVTTAISWSLLYLVT 342
                            789***************************87 PP

>> sp|Q3LFU0|CP1A1_BALAC  Cytochrome P450 1A1 OS=Balaenoptera acutorostrata OX=9767 GN=CYP1A1 PE=2 SV=1
   #    score  bias  c-Evalue  i-Evalue hmmfrom  hmm to    alifrom  ali to    envfrom  env to     acc
 ---   ------ ----- --------- --------- ------- -------    ------- -------    ------- -------    ----
   1 !   32.9   0.1   7.1e-10   1.3e-09       1      32 [.     308     339 ..     308     340 .. 0.96

  Alignments for each domain:
  == domain 1  score: 32.9 bits;  conditional E-value: 7.1e-10
        ihelix_seed_hmm   1 deelvalvllLlvAGheTTtnaiswalllLlr 32 
                            de +v+ v++L+ AG +T+t+aisw+l++L++
  sp|Q3LFU0|CP1A1_BALAC 308 DEKIVNVVMDLFGAGFDTVTTAISWSLMYLVT 339
                            789***************************87 PP

>> sp|P36423|THAS_MOUSE  Thromboxane-A synthase OS=Mus musculus OX=10090 GN=Tbxas1 PE=1 SV=2
   #    score  bias  c-Evalue  i-Evalue hmmfrom  hmm to    alifrom  ali to    envfrom  env to     acc
 ---   ------ ----- --------- --------- ------- -------    ------- -------    ------- -------    ----
   1 !   31.4   1.1   2.2e-09   4.2e-09       2      33 .]     329     360 ..     328     360 .. 0.98

  Alignments for each domain:
  == domain 1  score: 31.4 bits;  conditional E-value: 2.2e-09
       ihelix_seed_hmm   2 eelvalvllLlvAGheTTtnaiswalllLlrh 33 
                           +e+v+++ l+l+AGhe  tn++s++++lL++h
  sp|P36423|THAS_MOUSE 329 DEIVGQAFLFLIAGHEVITNTLSFITYLLATH 360
                           8******************************9 PP

>> sp|P15129|CP4B1_RAT  Cytochrome P450 4B1 OS=Rattus norvegicus OX=10116 GN=Cyp4b1 PE=1 SV=3
   #    score  bias  c-Evalue  i-Evalue hmmfrom  hmm to    alifrom  ali to    envfrom  env to     acc
 ---   ------ ----- --------- --------- ------- -------    ------- -------    ------- -------    ----
   1 !   33.0   0.0   6.7e-10   1.3e-09       2      32 ..     303     333 ..     302     334 .. 0.94

  Alignments for each domain:
  == domain 1  score: 33.0 bits;  conditional E-value: 6.7e-10
      ihelix_seed_hmm   2 eelvalvllLlvAGheTTtnaiswalllLlr 32 
                           el+a v ++++ Gh+TTt+ isw+l++++ 
  sp|P15129|CP4B1_RAT 303 AELRAEVDTFMFEGHDTTTSGISWFLYCMAL 333
                          69***************************96 PP

>> sp|Q00557|CP1A1_MESAU  Cytochrome P450 1A1 OS=Mesocricetus auratus OX=10036 GN=CYP1A1 PE=2 SV=2
   #    score  bias  c-Evalue  i-Evalue hmmfrom  hmm to    alifrom  ali to    envfrom  env to     acc
 ---   ------ ----- --------- --------- ------- -------    ------- -------    ------- -------    ----
   1 !   32.9   0.1   7.5e-10   1.4e-09       1      33 []     308     340 ..     308     340 .. 0.95

  Alignments for each domain:
  == domain 1  score: 32.9 bits;  conditional E-value: 7.5e-10
        ihelix_seed_hmm   1 deelvalvllLlvAGheTTtnaiswalllLlrh 33 
                            d+ +++++++L+ AG +T+t+aisw+l++L+++
  sp|Q00557|CP1A1_MESAU 308 DDRVINIIVDLFGAGFDTVTTAISWSLMYLVTN 340
                            67899**************************98 PP

>> sp|P11712|CP2C9_HUMAN  Cytochrome P450 2C9 OS=Homo sapiens OX=9606 GN=CYP2C9 PE=1 SV=3
   #    score  bias  c-Evalue  i-Evalue hmmfrom  hmm to    alifrom  ali to    envfrom  env to     acc
 ---   ------ ----- --------- --------- ------- -------    ------- -------    ------- -------    ----
   1 !   32.7   1.0   8.4e-10   1.6e-09       4      33 .]     287     316 ..     285     316 .. 0.94

  Alignments for each domain:
  == domain 1  score: 32.7 bits;  conditional E-value: 8.4e-10
        ihelix_seed_hmm   4 lvalvllLlvAGheTTtnaiswalllLlrh 33 
                            l +++++L+ AG+eTT++++++alllLl+h
  sp|P11712|CP2C9_HUMAN 287 LENTAVDLFGAGTETTSTTLRYALLLLLKH 316
                            6799************************99 PP

>> sp|Q55080|CP119_SULAC  Cytochrome P450 119 OS=Sulfolobus acidocaldarius (strain ATCC 33909 / DSM 639 / JCM 8929 / NBR
   #    score  bias  c-Evalue  i-Evalue hmmfrom  hmm to    alifrom  ali to    envfrom  env to     acc
 ---   ------ ----- --------- --------- ------- -------    ------- -------    ------- -------    ----
   1 !   32.5   0.1   9.9e-10   1.8e-09       2      32 ..     197     227 ..     196     228 .. 0.91

  Alignments for each domain:
  == domain 1  score: 32.5 bits;  conditional E-value: 9.9e-10
        ihelix_seed_hmm   2 eelvalvllLlvAGheTTtnaiswalllLlr 32 
                             e++++++lLl+AG+eTTtn+is++++ + r
  sp|Q55080|CP119_SULAC 197 IEKLGYIILLLIAGNETTTNLISNSVIDFTR 227
                            5899**********************98876 PP

>> sp|P33260|CP2CI_HUMAN  Cytochrome P450 2C18 OS=Homo sapiens OX=9606 GN=CYP2C18 PE=1 SV=3
   #    score  bias  c-Evalue  i-Evalue hmmfrom  hmm to    alifrom  ali to    envfrom  env to     acc
 ---   ------ ----- --------- --------- ------- -------    ------- -------    ------- -------    ----
   1 !   32.7   1.0   8.5e-10   1.6e-09       2      33 .]     285     316 ..     284     316 .. 0.95

  Alignments for each domain:
  == domain 1  score: 32.7 bits;  conditional E-value: 8.5e-10
        ihelix_seed_hmm   2 eelvalvllLlvAGheTTtnaiswalllLlrh 33 
                            e l+a+v++++ AG+eTT+++++++lllLl++
  sp|P33260|CP2CI_HUMAN 285 ESLIATVTDMFGAGTETTSTTLRYGLLLLLKY 316
                            679***************************86 PP

>> sp|Q6NT55|CP4FN_HUMAN  Ultra-long-chain fatty acid omega-hydroxylase OS=Homo sapiens OX=9606 GN=CYP4F22 PE=1 SV=1
   #    score  bias  c-Evalue  i-Evalue hmmfrom  hmm to    alifrom  ali to    envfrom  env to     acc
 ---   ------ ----- --------- --------- ------- -------    ------- -------    ------- -------    ----
   1 !   33.6   0.0   4.4e-10   8.3e-10       1      33 []     322     354 ..     322     354 .. 0.97

  Alignments for each domain:
  == domain 1  score: 33.6 bits;  conditional E-value: 4.4e-10
        ihelix_seed_hmm   1 deelvalvllLlvAGheTTtnaiswalllLlrh 33 
                            de+++a + ++++ Gh+TT++ isw+l+ L+++
  sp|Q6NT55|CP4FN_HUMAN 322 DEDIRAEADTFMFEGHDTTSSGISWMLFNLAKY 354
                            79****************************986 PP

>> sp|Q5KQT6|CP1A2_FELCA  Cytochrome P450 1A2 OS=Felis catus OX=9685 GN=CYP1A2 PE=2 SV=1
   #    score  bias  c-Evalue  i-Evalue hmmfrom  hmm to    alifrom  ali to    envfrom  env to     acc
 ---   ------ ----- --------- --------- ------- -------    ------- -------    ------- -------    ----
   1 !   32.1   0.2   1.3e-09   2.5e-09       1      33 []     300     332 ..     300     332 .. 0.96

  Alignments for each domain:
  == domain 1  score: 32.1 bits;  conditional E-value: 1.3e-09
        ihelix_seed_hmm   1 deelvalvllLlvAGheTTtnaiswalllLlrh 33 
                            +e +v+l+ +++ AG +T+t+aisw+l++L+++
  sp|Q5KQT6|CP1A2_FELCA 300 HEKIVSLINDIFGAGFDTVTTAISWSLMYLVTN 332
                            688****************************98 PP

>> sp|P08516|CP4AA_RAT  Cytochrome P450 4A10 OS=Rattus norvegicus OX=10116 GN=Cyp4a10 PE=1 SV=2
   #    score  bias  c-Evalue  i-Evalue hmmfrom  hmm to    alifrom  ali to    envfrom  env to     acc
 ---   ------ ----- --------- --------- ------- -------    ------- -------    ------- -------    ----
   1 !   31.6   0.0   1.8e-09   3.4e-09       1      33 []     307     339 ..     307     339 .. 0.97

  Alignments for each domain:
  == domain 1  score: 31.6 bits;  conditional E-value: 1.8e-09
      ihelix_seed_hmm   1 deelvalvllLlvAGheTTtnaiswalllLlrh 33 
                          d++l+a v ++++ Gh+TT++  sw++++L++h
  sp|P08516|CP4AA_RAT 307 DKDLRAEVDTFMFEGHDTTASGVSWIFYALATH 339
                          789*****************************9 PP

>> sp|P9WPP9|CP51_MYCTU  Sterol 14alpha-demethylase OS=Mycobacterium tuberculosis (strain ATCC 25618 / H37Rv) OX=83332 G
   #    score  bias  c-Evalue  i-Evalue hmmfrom  hmm to    alifrom  ali to    envfrom  env to     acc
 ---   ------ ----- --------- --------- ------- -------    ------- -------    ------- -------    ----
   1 !   31.9   0.8   1.5e-09   2.8e-09       2      33 .]     244     275 ..     243     275 .. 0.97

  Alignments for each domain:
  == domain 1  score: 31.9 bits;  conditional E-value: 1.5e-09
       ihelix_seed_hmm   2 eelvalvllLlvAGheTTtnaiswalllLlrh 33 
                           +e++++++++++AGh+T++ + sw+l++L rh
  sp|P9WPP9|CP51_MYCTU 244 DEITGMFISMMFAGHHTSSGTASWTLIELMRH 275
                           8******************************9 PP

>> sp|P00184|CP1A1_MOUSE  Cytochrome P450 1A1 OS=Mus musculus OX=10090 GN=Cyp1a1 PE=1 SV=2
   #    score  bias  c-Evalue  i-Evalue hmmfrom  hmm to    alifrom  ali to    envfrom  env to     acc
 ---   ------ ----- --------- --------- ------- -------    ------- -------    ------- -------    ----
   1 !   32.1   0.2   1.3e-09   2.4e-09       1      33 []     308     340 ..     308     340 .. 0.94

  Alignments for each domain:
  == domain 1  score: 32.1 bits;  conditional E-value: 1.3e-09
        ihelix_seed_hmm   1 deelvalvllLlvAGheTTtnaiswalllLlrh 33 
                            d+ ++ +vl+L+ AG +T+t+aisw+l++L+++
  sp|P00184|CP1A1_MOUSE 308 DDKVITIVLDLFGAGFDTVTTAISWSLMYLVTN 340
                            6788999************************98 PP

>> sp|P33261|CP2CJ_HUMAN  Cytochrome P450 2C19 OS=Homo sapiens OX=9606 GN=CYP2C19 PE=1 SV=4
   #    score  bias  c-Evalue  i-Evalue hmmfrom  hmm to    alifrom  ali to    envfrom  env to     acc
 ---   ------ ----- --------- --------- ------- -------    ------- -------    ------- -------    ----
   1 !   32.3   2.5   1.1e-09   2.1e-09       2      33 .]     285     316 ..     284     316 .. 0.97

  Alignments for each domain:
  == domain 1  score: 32.3 bits;  conditional E-value: 1.1e-09
        ihelix_seed_hmm   2 eelvalvllLlvAGheTTtnaiswalllLlrh 33 
                            e+lv ++ +Ll AG+eTT++++++alllLl+h
  sp|P33261|CP2CJ_HUMAN 285 ENLVITAADLLGAGTETTSTTLRYALLLLLKH 316
                            799***************************99 PP

>> sp|Q9GMC8|CP17A_FELCA  Steroid 17-alpha-hydroxylase/17,20 lyase OS=Felis catus OX=9685 GN=CYP17A1 PE=2 SV=1
   #    score  bias  c-Evalue  i-Evalue hmmfrom  hmm to    alifrom  ali to    envfrom  env to     acc
 ---   ------ ----- --------- --------- ------- -------    ------- -------    ------- -------    ----
   1 !   31.7   0.6   1.8e-09   3.4e-09       1      33 []     289     321 ..     289     321 .. 0.97

  Alignments for each domain:
  == domain 1  score: 31.7 bits;  conditional E-value: 1.8e-09
        ihelix_seed_hmm   1 deelvalvllLlvAGheTTtnaiswalllLlrh 33 
                            d++++ ++ +++ AG+eTTt++ +w++ +Ll+h
  sp|Q9GMC8|CP17A_FELCA 289 DKHILTTIGDIFGAGVETTTSVVRWTVAFLLHH 321
                            789****************************98 PP

>> sp|P33274|CP4F1_RAT  Cytochrome P450 4F1 OS=Rattus norvegicus OX=10116 GN=Cyp4f1 PE=1 SV=1
   #    score  bias  c-Evalue  i-Evalue hmmfrom  hmm to    alifrom  ali to    envfrom  env to     acc
 ---   ------ ----- --------- --------- ------- -------    ------- -------    ------- -------    ----
   1 !   31.5   0.0     2e-09   3.7e-09       1      32 [.     315     346 ..     315     347 .. 0.96

  Alignments for each domain:
  == domain 1  score: 31.5 bits;  conditional E-value: 2e-09
      ihelix_seed_hmm   1 deelvalvllLlvAGheTTtnaiswalllLlr 32 
                          de+++a + ++++ Gh+TT++ +sw+l+ L++
  sp|P33274|CP4F1_RAT 315 DEDIRAEADTFMFEGHDTTASGLSWILYNLAN 346
                          79****************************96 PP

>> sp|P56654|CP237_MOUSE  Cytochrome P450 2C37 OS=Mus musculus OX=10090 GN=Cyp2c37 PE=1 SV=2
   #    score  bias  c-Evalue  i-Evalue hmmfrom  hmm to    alifrom  ali to    envfrom  env to     acc
 ---   ------ ----- --------- --------- ------- -------    ------- -------    ------- -------    ----
   1 !   31.8   2.0   1.6e-09     3e-09       2      33 .]     285     316 ..     284     316 .. 0.96

  Alignments for each domain:
  == domain 1  score: 31.8 bits;  conditional E-value: 1.6e-09
        ihelix_seed_hmm   2 eelvalvllLlvAGheTTtnaiswalllLlrh 33 
                            e+l+ +v++L+ AG+eTT++++++a+llLl++
  sp|P56654|CP237_MOUSE 285 EHLAITVTDLFSAGTETTSTTLRYAILLLLKY 316
                            899***************************86 PP

>> sp|O88833|CP4AA_MOUSE  Cytochrome P450 4A10 OS=Mus musculus OX=10090 GN=Cyp4a10 PE=1 SV=2
   #    score  bias  c-Evalue  i-Evalue hmmfrom  hmm to    alifrom  ali to    envfrom  env to     acc
 ---   ------ ----- --------- --------- ------- -------    ------- -------    ------- -------    ----
   1 !   31.6   0.0   1.8e-09   3.4e-09       1      33 []     307     339 ..     307     339 .. 0.97

  Alignments for each domain:
  == domain 1  score: 31.6 bits;  conditional E-value: 1.8e-09
        ihelix_seed_hmm   1 deelvalvllLlvAGheTTtnaiswalllLlrh 33 
                            d++l+a v ++++ Gh+TT++  sw++++L++h
  sp|O88833|CP4AA_MOUSE 307 DKDLRAEVDTFMFEGHDTTASGVSWIFYALATH 339
                            789*****************************9 PP

>> sp|P13584|CP4B1_HUMAN  Cytochrome P450 4B1 OS=Homo sapiens OX=9606 GN=CYP4B1 PE=1 SV=2
   #    score  bias  c-Evalue  i-Evalue hmmfrom  hmm to    alifrom  ali to    envfrom  env to     acc
 ---   ------ ----- --------- --------- ------- -------    ------- -------    ------- -------    ----
   1 !   31.7   0.0   1.7e-09   3.2e-09       3      32 ..     304     333 ..     302     334 .. 0.93

  Alignments for each domain:
  == domain 1  score: 31.7 bits;  conditional E-value: 1.7e-09
        ihelix_seed_hmm   3 elvalvllLlvAGheTTtnaiswalllLlr 32 
                            +l+a v ++++ Gh+TTt+ isw+l++++ 
  sp|P13584|CP4B1_HUMAN 304 DLRAEVDTFMFEGHDTTTSGISWFLYCMAL 333
                            799*************************96 PP

>> sp|Q6VVW9|CP2R1_MOUSE  Vitamin D 25-hydroxylase OS=Mus musculus OX=10090 GN=Cyp2r1 PE=1 SV=1
   #    score  bias  c-Evalue  i-Evalue hmmfrom  hmm to    alifrom  ali to    envfrom  env to     acc
 ---   ------ ----- --------- --------- ------- -------    ------- -------    ------- -------    ----
   1 !   32.8   0.5   7.8e-10   1.5e-09       2      32 ..     298     328 ..     297     329 .. 0.93

  Alignments for each domain:
  == domain 1  score: 32.8 bits;  conditional E-value: 7.8e-10
        ihelix_seed_hmm   2 eelvalvllLlvAGheTTtnaiswalllLlr 32 
                            e+l+  v +L++AG+eTTtn+++wa+l+++ 
  sp|Q6VVW9|CP2R1_MOUSE 298 ENLIFSVGELIIAGTETTTNVLRWAILFMAL 328
                            789999***********************96 PP

>> sp|Q6VVX0|CP2R1_HUMAN  Vitamin D 25-hydroxylase OS=Homo sapiens OX=9606 GN=CYP2R1 PE=1 SV=1
   #    score  bias  c-Evalue  i-Evalue hmmfrom  hmm to    alifrom  ali to    envfrom  env to     acc
 ---   ------ ----- --------- --------- ------- -------    ------- -------    ------- -------    ----
   1 !   32.8   0.5   7.8e-10   1.5e-09       2      32 ..     298     328 ..     297     329 .. 0.93

  Alignments for each domain:
  == domain 1  score: 32.8 bits;  conditional E-value: 7.8e-10
        ihelix_seed_hmm   2 eelvalvllLlvAGheTTtnaiswalllLlr 32 
                            e+l+  v +L++AG+eTTtn+++wa+l+++ 
  sp|Q6VVX0|CP2R1_HUMAN 298 ENLIFSVGELIIAGTETTTNVLRWAILFMAL 328
                            789999***********************96 PP

>> sp|Q91X77|CY250_MOUSE  Cytochrome P450 2C50 OS=Mus musculus OX=10090 GN=Cyp2c50 PE=1 SV=2
   #    score  bias  c-Evalue  i-Evalue hmmfrom  hmm to    alifrom  ali to    envfrom  env to     acc
 ---   ------ ----- --------- --------- ------- -------    ------- -------    ------- -------    ----
   1 !   31.7   2.4   1.7e-09   3.2e-09       2      33 .]     285     316 ..     284     316 .. 0.96

  Alignments for each domain:
  == domain 1  score: 31.7 bits;  conditional E-value: 1.7e-09
        ihelix_seed_hmm   2 eelvalvllLlvAGheTTtnaiswalllLlrh 33 
                            e+l+ +v++L+ AG+eTT++++++alllLl++
  sp|Q91X77|CY250_MOUSE 285 EHLAITVTDLFSAGTETTSTTLRYALLLLLKY 316
                            899***************************86 PP

>> sp|Q64391|CP1A2_CAVPO  Cytochrome P450 1A2 OS=Cavia porcellus OX=10141 GN=CYP1A2 PE=2 SV=1
   #    score  bias  c-Evalue  i-Evalue hmmfrom  hmm to    alifrom  ali to    envfrom  env to     acc
 ---   ------ ----- --------- --------- ------- -------    ------- -------    ------- -------    ----
   1 !   31.1   0.0   2.7e-09     5e-09       3      32 ..     306     335 ..     304     336 .. 0.94

  Alignments for each domain:
  == domain 1  score: 31.1 bits;  conditional E-value: 2.7e-09
        ihelix_seed_hmm   3 elvalvllLlvAGheTTtnaiswalllLlr 32 
                             +v+lv +++ AG +T+t+aisw+ll+L++
  sp|Q64391|CP1A2_CAVPO 306 KIVNLVNDIFGAGFDTVTTAISWSLLYLVT 335
                            69**************************87 PP

>> sp|P79761|CP1A5_CHICK  Cytochrome P450 1A5 OS=Gallus gallus OX=9031 GN=CYP1A5 PE=2 SV=1
   #    score  bias  c-Evalue  i-Evalue hmmfrom  hmm to    alifrom  ali to    envfrom  env to     acc
 ---   ------ ----- --------- --------- ------- -------    ------- -------    ------- -------    ----
   1 !   30.4   0.2   4.7e-09   8.7e-09       2      33 .]     314     345 ..     313     345 .. 0.95

  Alignments for each domain:
  == domain 1  score: 30.4 bits;  conditional E-value: 4.7e-09
        ihelix_seed_hmm   2 eelvalvllLlvAGheTTtnaiswalllLlrh 33 
                            e +++lv +++ AG +T+t+a+sw+l++L+++
  sp|P79761|CP1A5_CHICK 314 EKIINLVNDIFGAGFDTVTTALSWSLMYLVTY 345
                            679**************************986 PP

>> sp|Q07973|CP24A_HUMAN  1,25-dihydroxyvitamin D(3) 24-hydroxylase, mitochondrial OS=Homo sapiens OX=9606 GN=CYP24A1 PE
   #    score  bias  c-Evalue  i-Evalue hmmfrom  hmm to    alifrom  ali to    envfrom  env to     acc
 ---   ------ ----- --------- --------- ------- -------    ------- -------    ------- -------    ----
   1 !   31.4   0.1   2.3e-09   4.2e-09       2      33 .]     314     345 ..     313     345 .. 0.97

  Alignments for each domain:
  == domain 1  score: 31.4 bits;  conditional E-value: 2.3e-09
        ihelix_seed_hmm   2 eelvalvllLlvAGheTTtnaiswalllLlrh 33 
                            +el a+v++L++A++eTT+n++ w+l+ L+r+
  sp|Q07973|CP24A_HUMAN 314 KELYAAVTELQLAAVETTANSLMWILYNLSRN 345
                            799***************************98 PP

>> sp|O64989|C90B1_ARATH  Steroid (22S)-hydroxylase OS=Arabidopsis thaliana OX=3702 GN=CYP90B1 PE=1 SV=2
   #    score  bias  c-Evalue  i-Evalue hmmfrom  hmm to    alifrom  ali to    envfrom  env to     acc
 ---   ------ ----- --------- --------- ------- -------    ------- -------    ------- -------    ----
   1 !   31.2   0.5   2.5e-09   4.6e-09       2      31 ..     299     328 ..     298     330 .. 0.94

  Alignments for each domain:
  == domain 1  score: 31.2 bits;  conditional E-value: 2.5e-09
        ihelix_seed_hmm   2 eelvalvllLlvAGheTTtnaiswalllLl 31 
                            e++++l+l+Ll+AGheT++ ai+ a+++L 
  sp|O64989|C90B1_ARATH 299 EQILDLILSLLFAGHETSSVAIALAIFFLQ 328
                            89**************************95 PP

>> sp|Q9JMA7|CP341_MOUSE  Cytochrome P450 3A41 OS=Mus musculus OX=10090 GN=Cyp3a41a PE=1 SV=2
   #    score  bias  c-Evalue  i-Evalue hmmfrom  hmm to    alifrom  ali to    envfrom  env to     acc
 ---   ------ ----- --------- --------- ------- -------    ------- -------    ------- -------    ----
   1 !   31.5   0.3     2e-09   3.7e-09       3      33 .]     295     325 ..     293     325 .. 0.97

  Alignments for each domain:
  == domain 1  score: 31.5 bits;  conditional E-value: 2e-09
        ihelix_seed_hmm   3 elvalvllLlvAGheTTtnaiswalllLlrh 33 
                            e++a+ +++++AG eTT++++s++l++L++h
  sp|Q9JMA7|CP341_MOUSE 295 EITAQSIVFIFAGYETTSSTLSFTLYCLATH 325
                            89****************************9 PP

>> sp|Q09128|CP24A_RAT  1,25-dihydroxyvitamin D(3) 24-hydroxylase, mitochondrial OS=Rattus norvegicus OX=10116 GN=Cyp24a
   #    score  bias  c-Evalue  i-Evalue hmmfrom  hmm to    alifrom  ali to    envfrom  env to     acc
 ---   ------ ----- --------- --------- ------- -------    ------- -------    ------- -------    ----
   1 !   31.4   0.1   2.3e-09   4.2e-09       2      33 .]     314     345 ..     313     345 .. 0.97

  Alignments for each domain:
  == domain 1  score: 31.4 bits;  conditional E-value: 2.3e-09
      ihelix_seed_hmm   2 eelvalvllLlvAGheTTtnaiswalllLlrh 33 
                          +el a+v++L++A++eTT+n++ w+l+ L+r+
  sp|Q09128|CP24A_RAT 314 KELYAAVTELQLAAVETTANSLMWILYNLSRN 345
                          799***************************98 PP

>> sp|A0A517FNC6|C9B51_TRIFG  Cholesterol 22-monohydroxylase CYP90B51 OS=Trigonella foenum-graecum OX=78534 GN=CYP90B51 
   #    score  bias  c-Evalue  i-Evalue hmmfrom  hmm to    alifrom  ali to    envfrom  env to     acc
 ---   ------ ----- --------- --------- ------- -------    ------- -------    ------- -------    ----
   1 !   31.2   0.7   2.6e-09   4.9e-09       2      30 ..     276     304 ..     275     304 .. 0.96

  Alignments for each domain:
  == domain 1  score: 31.2 bits;  conditional E-value: 2.6e-09
            ihelix_seed_hmm   2 eelvalvllLlvAGheTTtnaiswalllL 30 
                                e++++l+l+Ll+AGheT++ +i+ a+++L
  sp|A0A517FNC6|C9B51_TRIFG 276 EQILDLILSLLFAGHETSSVSIALAIYFL 304
                                89*************************98 PP

>> sp|Q64441|CP24A_MOUSE  1,25-dihydroxyvitamin D(3) 24-hydroxylase, mitochondrial OS=Mus musculus OX=10090 GN=Cyp24a1 P
   #    score  bias  c-Evalue  i-Evalue hmmfrom  hmm to    alifrom  ali to    envfrom  env to     acc
 ---   ------ ----- --------- --------- ------- -------    ------- -------    ------- -------    ----
   1 !   31.4   0.1   2.3e-09   4.2e-09       2      33 .]     314     345 ..     313     345 .. 0.97

  Alignments for each domain:
  == domain 1  score: 31.4 bits;  conditional E-value: 2.3e-09
        ihelix_seed_hmm   2 eelvalvllLlvAGheTTtnaiswalllLlrh 33 
                            +el a+v++L++A++eTT+n++ w+l+ L+r+
  sp|Q64441|CP24A_MOUSE 314 KELYAAVTELQLAAVETTANSLMWILYNLSRN 345
                            799***************************98 PP

>> sp|Q9HGE0|FUM6_GIBM7  Bifunctional cytochrome P450/NADPH--P450 reductase OS=Gibberella moniliformis (strain M3125 / F
   #    score  bias  c-Evalue  i-Evalue hmmfrom  hmm to    alifrom  ali to    envfrom  env to     acc
 ---   ------ ----- --------- --------- ------- -------    ------- -------    ------- -------    ----
   1 !   31.0   0.2     3e-09   5.7e-09       3      33 .]     273     303 ..     272     303 .. 0.95

  Alignments for each domain:
  == domain 1  score: 31.0 bits;  conditional E-value: 3e-09
       ihelix_seed_hmm   3 elvalvllLlvAGheTTtnaiswalllLlrh 33 
                            +v++ l++l+AGheTT++++s+ +++Ll++
  sp|Q9HGE0|FUM6_GIBM7 273 SIVDNLLTFLIAGHETTSSLLSFCFYYLLEN 303
                           6999*************************97 PP

>> sp|Q9QXF7|CP2J4_RAT  Cytochrome P450 2J4 OS=Rattus norvegicus OX=10116 GN=CYP2J4 PE=1 SV=1
   #    score  bias  c-Evalue  i-Evalue hmmfrom  hmm to    alifrom  ali to    envfrom  env to     acc
 ---   ------ ----- --------- --------- ------- -------    ------- -------    ------- -------    ----
   1 !   30.8   1.0   3.4e-09   6.4e-09       9      32 ..     305     328 ..     297     329 .. 0.91

  Alignments for each domain:
  == domain 1  score: 30.8 bits;  conditional E-value: 3.4e-09
      ihelix_seed_hmm   9 llLlvAGheTTtnaiswalllLlr 32 
                          l+L++AG+eTT+++++wall+++ 
  sp|Q9QXF7|CP2J4_RAT 305 LDLFFAGTETTSTTLRWALLYMAL 328
                          89********************96 PP

>> sp|P9WPP3|CP124_MYCTU  Methyl-branched lipid omega-hydroxylase OS=Mycobacterium tuberculosis (strain ATCC 25618 / H37
   #    score  bias  c-Evalue  i-Evalue hmmfrom  hmm to    alifrom  ali to    envfrom  env to     acc
 ---   ------ ----- --------- --------- ------- -------    ------- -------    ------- -------    ----
   1 !   31.2   0.1   2.5e-09   4.7e-09       3      33 .]     256     286 ..     254     286 .. 0.96

  Alignments for each domain:
  == domain 1  score: 31.2 bits;  conditional E-value: 2.5e-09
        ihelix_seed_hmm   3 elvalvllLlvAGheTTtnaiswalllLlrh 33 
                            e++++++lL vAG+eTT nai+ ++l+L+r+
  sp|P9WPP3|CP124_MYCTU 256 EIASFFILLVVAGNETTRNAITHGVLALSRY 286
                            9****************************97 PP

>> sp|Q95328|CP17A_HORSE  Steroid 17-alpha-hydroxylase/17,20 lyase OS=Equus caballus OX=9796 GN=CYP17A1 PE=2 SV=1
   #    score  bias  c-Evalue  i-Evalue hmmfrom  hmm to    alifrom  ali to    envfrom  env to     acc
 ---   ------ ----- --------- --------- ------- -------    ------- -------    ------- -------    ----
   1 !   30.0   0.1   6.1e-09   1.1e-08       1      32 [.     289     320 ..     289     321 .. 0.96

  Alignments for each domain:
  == domain 1  score: 30.0 bits;  conditional E-value: 6.1e-09
        ihelix_seed_hmm   1 deelvalvllLlvAGheTTtnaiswalllLlr 32 
                            d++++a++ +++ AG+eTTt++  w++ +Ll+
  sp|Q95328|CP17A_HORSE 289 DKHILATIGDIFGAGVETTTSVVKWIVAFLLH 320
                            789***************************95 PP

>> sp|O54750|CP2J6_MOUSE  Cytochrome P450 2J6 OS=Mus musculus OX=10090 GN=Cyp2j6 PE=2 SV=2
   #    score  bias  c-Evalue  i-Evalue hmmfrom  hmm to    alifrom  ali to    envfrom  env to     acc
 ---   ------ ----- --------- --------- ------- -------    ------- -------    ------- -------    ----
   1 !   30.8   1.0   3.4e-09   6.4e-09       9      32 ..     305     328 ..     297     329 .. 0.91

  Alignments for each domain:
  == domain 1  score: 30.8 bits;  conditional E-value: 3.4e-09
        ihelix_seed_hmm   9 llLlvAGheTTtnaiswalllLlr 32 
                            l+L++AG+eTT+++++wall+++ 
  sp|O54750|CP2J6_MOUSE 305 LDLFFAGTETTSTTLRWALLYMAL 328
                            89********************96 PP

>> sp|P51589|CP2J2_HUMAN  Cytochrome P450 2J2 OS=Homo sapiens OX=9606 GN=CYP2J2 PE=1 SV=2
   #    score  bias  c-Evalue  i-Evalue hmmfrom  hmm to    alifrom  ali to    envfrom  env to     acc
 ---   ------ ----- --------- --------- ------- -------    ------- -------    ------- -------    ----
   1 !   30.8   1.0   3.4e-09   6.4e-09       9      32 ..     306     329 ..     298     330 .. 0.91

  Alignments for each domain:
  == domain 1  score: 30.8 bits;  conditional E-value: 3.4e-09
        ihelix_seed_hmm   9 llLlvAGheTTtnaiswalllLlr 32 
                            l+L++AG+eTT+++++wall+++ 
  sp|P51589|CP2J2_HUMAN 306 LDLFFAGTETTSTTLRWALLYMAL 329
                            89********************96 PP

>> sp|P70687|CP17A_MESAU  Steroid 17-alpha-hydroxylase/17,20 lyase OS=Mesocricetus auratus OX=10036 GN=CYP17A1 PE=2 SV=1
   #    score  bias  c-Evalue  i-Evalue hmmfrom  hmm to    alifrom  ali to    envfrom  env to     acc
 ---   ------ ----- --------- --------- ------- -------    ------- -------    ------- -------    ----
   1 !   30.5   1.7   4.3e-09   8.1e-09       3      33 .]     291     321 ..     289     321 .. 0.95

  Alignments for each domain:
  == domain 1  score: 30.5 bits;  conditional E-value: 4.3e-09
        ihelix_seed_hmm   3 elvalvllLlvAGheTTtnaiswalllLlrh 33 
                            +++a++ +++ AG+eTT++++sw++ +Ll++
  sp|P70687|CP17A_MESAU 291 HILATIADIFGAGIETTASVLSWIIAFLLHN 321
                            799**************************87 PP

>> sp|P04799|CP1A2_RAT  Cytochrome P450 1A2 OS=Rattus norvegicus OX=10116 GN=Cyp1a2 PE=1 SV=2
   #    score  bias  c-Evalue  i-Evalue hmmfrom  hmm to    alifrom  ali to    envfrom  env to     acc
 ---   ------ ----- --------- --------- ------- -------    ------- -------    ------- -------    ----
   1 !   30.3   0.2   4.8e-09     9e-09       2      32 ..     303     333 ..     302     334 .. 0.94

  Alignments for each domain:
  == domain 1  score: 30.3 bits;  conditional E-value: 4.8e-09
      ihelix_seed_hmm   2 eelvalvllLlvAGheTTtnaiswalllLlr 32 
                          e +v++v +++ AG eT+t+ai+w++llL++
  sp|P04799|CP1A2_RAT 303 EKIVNIVNDIFGAGFETVTTAIFWSILLLVT 333
                          679**************************87 PP

>> sp|P05183|CP3A2_RAT  Cytochrome P450 3A2 OS=Rattus norvegicus OX=10116 GN=Cyp3a2 PE=1 SV=2
   #    score  bias  c-Evalue  i-Evalue hmmfrom  hmm to    alifrom  ali to    envfrom  env to     acc
 ---   ------ ----- --------- --------- ------- -------    ------- -------    ------- -------    ----
   1 !   30.7   0.3   3.7e-09   6.8e-09       2      33 .]     294     325 ..     293     325 .. 0.96

  Alignments for each domain:
  == domain 1  score: 30.7 bits;  conditional E-value: 3.7e-09
      ihelix_seed_hmm   2 eelvalvllLlvAGheTTtnaiswalllLlrh 33 
                           e++a+ + +++AG eTT++++s++l++L++h
  sp|P05183|CP3A2_RAT 294 VEIIAQSVIFIFAGYETTSSTLSFVLYFLATH 325
                          59*****************************9 PP

>> sp|P08686|CP21A_HUMAN  Steroid 21-hydroxylase OS=Homo sapiens OX=9606 GN=CYP21A2 PE=1 SV=2
   #    score  bias  c-Evalue  i-Evalue hmmfrom  hmm to    alifrom  ali to    envfrom  env to     acc
 ---   ------ ----- --------- --------- ------- -------    ------- -------    ------- -------    ----
   1 !   30.4   3.0   4.6e-09   8.6e-09       7      33 .]     285     311 ..     281     311 .. 0.93

  Alignments for each domain:
  == domain 1  score: 30.4 bits;  conditional E-value: 4.6e-09
        ihelix_seed_hmm   7 lvllLlvAGheTTtnaiswalllLlrh 33 
                            ++++Ll++G+eTT+n++swa+ +Ll+h
  sp|P08686|CP21A_HUMAN 285 AAVDLLIGGTETTANTLSWAVVFLLHH 311
                            689**********************98 PP

>> sp|P00187|CP1A2_RABIT  Cytochrome P450 1A2 OS=Oryctolagus cuniculus OX=9986 GN=CYP1A2 PE=1 SV=3
   #    score  bias  c-Evalue  i-Evalue hmmfrom  hmm to    alifrom  ali to    envfrom  env to     acc
 ---   ------ ----- --------- --------- ------- -------    ------- -------    ------- -------    ----
   1 !   30.3   0.1   5.1e-09   9.5e-09       2      33 .]     305     336 ..     304     336 .. 0.96

  Alignments for each domain:
  == domain 1  score: 30.3 bits;  conditional E-value: 5.1e-09
        ihelix_seed_hmm   2 eelvalvllLlvAGheTTtnaiswalllLlrh 33 
                            e +v+lv +++ AG +T t+a+sw+l++L+++
  sp|P00187|CP1A2_RABIT 305 EKIVNLVNDIFGAGFDTITTALSWSLMYLVTN 336
                            679***************************98 PP

>> sp|Q91Z85|CP17A_PERLE  Steroid 17-alpha-hydroxylase/17,20 lyase OS=Peromyscus leucopus OX=10041 GN=Cyp17a1 PE=3 SV=1
   #    score  bias  c-Evalue  i-Evalue hmmfrom  hmm to    alifrom  ali to    envfrom  env to     acc
 ---   ------ ----- --------- --------- ------- -------    ------- -------    ------- -------    ----
   1 !   30.1   0.4   5.5e-09     1e-08       1      33 []     287     319 ..     287     319 .. 0.96

  Alignments for each domain:
  == domain 1  score: 30.1 bits;  conditional E-value: 5.5e-09
        ihelix_seed_hmm   1 deelvalvllLlvAGheTTtnaiswalllLlrh 33 
                            d++++++v +++ AG+eTTt+++ w++ +Ll++
  sp|Q91Z85|CP17A_PERLE 287 DSHILSTVGDFFGAGIETTTSVLCWIVAFLLHN 319
                            789****************************87 PP

>> sp|P17178|CP27A_RAT  Sterol 26-hydroxylase, mitochondrial OS=Rattus norvegicus OX=10116 GN=Cyp27a1 PE=1 SV=1
   #    score  bias  c-Evalue  i-Evalue hmmfrom  hmm to    alifrom  ali to    envfrom  env to     acc
 ---   ------ ----- --------- --------- ------- -------    ------- -------    ------- -------    ----
   1 !   30.1   0.2   5.7e-09   1.1e-08       6      33 .]     329     356 ..     325     356 .. 0.88

  Alignments for each domain:
  == domain 1  score: 30.1 bits;  conditional E-value: 5.7e-09
      ihelix_seed_hmm   6 alvllLlvAGheTTtnaiswalllLlrh 33 
                          +++ +L++AG++TT+n+++wal++L+++
  sp|P17178|CP27A_RAT 329 GTFPELILAGVDTTSNTLTWALYHLSKN 356
                          566689*******************998 PP

>> sp|P05178|CP2C6_RAT  Cytochrome P450 2C6 OS=Rattus norvegicus OX=10116 GN=Cyp2c6 PE=2 SV=2
   #    score  bias  c-Evalue  i-Evalue hmmfrom  hmm to    alifrom  ali to    envfrom  env to     acc
 ---   ------ ----- --------- --------- ------- -------    ------- -------    ------- -------    ----
   1 !   29.9   1.3   6.4e-09   1.2e-08       2      32 ..     285     315 ..     284     316 .. 0.92

  Alignments for each domain:
  == domain 1  score: 29.9 bits;  conditional E-value: 6.4e-09
      ihelix_seed_hmm   2 eelvalvllLlvAGheTTtnaiswalllLlr 32 
                          e+l  +v++L+ AG+eTT++++++alllLl+
  sp|P05178|CP2C6_RAT 285 ENLSITVTDLFGAGTETTSTTLRYALLLLLK 315
                          667789***********************97 PP

>> sp|P05177|CP1A2_HUMAN  Cytochrome P450 1A2 OS=Homo sapiens OX=9606 GN=CYP1A2 PE=1 SV=4
   #    score  bias  c-Evalue  i-Evalue hmmfrom  hmm to    alifrom  ali to    envfrom  env to     acc
 ---   ------ ----- --------- --------- ------- -------    ------- -------    ------- -------    ----
   1 !   30.3   0.0     5e-09   9.3e-09       2      32 ..     305     335 ..     304     336 .. 0.95

  Alignments for each domain:
  == domain 1  score: 30.3 bits;  conditional E-value: 5e-09
        ihelix_seed_hmm   2 eelvalvllLlvAGheTTtnaiswalllLlr 32 
                            e +v+lv +++ AG +T+t+aisw+l++L++
  sp|P05177|CP1A2_HUMAN 305 EKIVNLVNDIFGAGFDTVTTAISWSLMYLVT 335
                            679**************************87 PP

>> sp|Q5RBQ1|CP1A2_PONAB  Cytochrome P450 1A2 OS=Pongo abelii OX=9601 GN=CYP1A2 PE=2 SV=3
   #    score  bias  c-Evalue  i-Evalue hmmfrom  hmm to    alifrom  ali to    envfrom  env to     acc
 ---   ------ ----- --------- --------- ------- -------    ------- -------    ------- -------    ----
   1 !   30.3   0.0     5e-09   9.3e-09       2      32 ..     305     335 ..     304     336 .. 0.95

  Alignments for each domain:
  == domain 1  score: 30.3 bits;  conditional E-value: 5e-09
        ihelix_seed_hmm   2 eelvalvllLlvAGheTTtnaiswalllLlr 32 
                            e +v+lv +++ AG +T+t+aisw+l++L++
  sp|Q5RBQ1|CP1A2_PONAB 305 EKIVNLVNDIFGAGFDTVTTAISWSLMYLVT 335
                            679**************************87 PP

>> sp|Q1PS23|AMO_ARTAN  Amorpha-4,11-diene 12-monooxygenase OS=Artemisia annua OX=35608 GN=CYP71AV1 PE=1 SV=2
   #    score  bias  c-Evalue  i-Evalue hmmfrom  hmm to    alifrom  ali to    envfrom  env to     acc
 ---   ------ ----- --------- --------- ------- -------    ------- -------    ------- -------    ----
   1 !   30.1   0.0   5.8e-09   1.1e-08       2      32 ..     288     318 ..     287     319 .. 0.94

  Alignments for each domain:
  == domain 1  score: 30.1 bits;  conditional E-value: 5.8e-09
      ihelix_seed_hmm   2 eelvalvllLlvAGheTTtnaiswalllLlr 32 
                          ++++a++l+++ AG++T++++i wa+ +L++
  sp|Q1PS23|AMO_ARTAN 288 DNIKAIILDMFGAGTDTSSSTIEWAISELIK 318
                          89*************************9986 PP

>> sp|O18963|CP2E1_BOVIN  Cytochrome P450 2E1 OS=Bos taurus OX=9913 GN=CYP2E1 PE=2 SV=1
   #    score  bias  c-Evalue  i-Evalue hmmfrom  hmm to    alifrom  ali to    envfrom  env to     acc
 ---   ------ ----- --------- --------- ------- -------    ------- -------    ------- -------    ----
   1 !   29.9   1.0   6.7e-09   1.2e-08       2      33 .]     287     318 ..     286     318 .. 0.94

  Alignments for each domain:
  == domain 1  score: 29.9 bits;  conditional E-value: 6.7e-09
        ihelix_seed_hmm   2 eelvalvllLlvAGheTTtnaiswalllLlrh 33 
                            e+++ +v +Ll+AG+eTT+++++++ll L ++
  sp|O18963|CP2E1_BOVIN 287 ENIAVTVADLLFAGTETTSTTLRYGLLILMKY 318
                            899************************99875 PP

>> sp|G5EJN7|CYPD6_PHACH  Self-sufficient cytochrome P450 monooxygenase CYP505E3 OS=Phanerodontia chrysosporium OX=28222
   #    score  bias  c-Evalue  i-Evalue hmmfrom  hmm to    alifrom  ali to    envfrom  env to     acc
 ---   ------ ----- --------- --------- ------- -------    ------- -------    ------- -------    ----
   1 !   29.7   0.1   7.8e-09   1.5e-08       3      33 .]     253     283 ..     251     283 .. 0.95

  Alignments for each domain:
  == domain 1  score: 29.7 bits;  conditional E-value: 7.8e-09
        ihelix_seed_hmm   3 elvalvllLlvAGheTTtnaiswalllLlrh 33 
                            +++++ l++l+AGhe T+ ++++al++L+++
  sp|G5EJN7|CYPD6_PHACH 253 NIRNNLLTFLIAGHEPTSGLLTFALYYLIKN 283
                            89**************************997 PP

>> sp|P17177|CP27A_RABIT  Sterol 26-hydroxylase, mitochondrial OS=Oryctolagus cuniculus OX=9986 GN=CYP27A1 PE=1 SV=1
   #    score  bias  c-Evalue  i-Evalue hmmfrom  hmm to    alifrom  ali to    envfrom  env to     acc
 ---   ------ ----- --------- --------- ------- -------    ------- -------    ------- -------    ----
   1 !   29.8   0.4   7.2e-09   1.3e-08      10      33 .]     334     357 ..     327     357 .. 0.94

  Alignments for each domain:
  == domain 1  score: 29.8 bits;  conditional E-value: 7.2e-09
        ihelix_seed_hmm  10 lLlvAGheTTtnaiswalllLlrh 33 
                            +Ll+AG++TT+n+++wal++L+++
  sp|P17177|CP27A_RABIT 334 ELLLAGVDTTSNTLTWALYHLSKN 357
                            59*******************998 PP

>> sp|Q9GMC7|CP17A_BISBI  Steroid 17-alpha-hydroxylase/17,20 lyase OS=Bison bison OX=9901 GN=CYP17A1 PE=2 SV=1
   #    score  bias  c-Evalue  i-Evalue hmmfrom  hmm to    alifrom  ali to    envfrom  env to     acc
 ---   ------ ----- --------- --------- ------- -------    ------- -------    ------- -------    ----
   1 !   29.6   0.3   8.1e-09   1.5e-08       5      33 .]     293     321 ..     290     321 .. 0.95

  Alignments for each domain:
  == domain 1  score: 29.6 bits;  conditional E-value: 8.1e-09
        ihelix_seed_hmm   5 valvllLlvAGheTTtnaiswalllLlrh 33 
                            +a++ +++ AG+eTTt++i w++ +Ll+h
  sp|Q9GMC7|CP17A_BISBI 293 LATIGDIFGAGVETTTSVIKWIVAYLLHH 321
                            689************************98 PP

>> sp|P08682|CP2E1_RABIT  Cytochrome P450 2E1 OS=Oryctolagus cuniculus OX=9986 GN=CYP2E1 PE=2 SV=2
   #    score  bias  c-Evalue  i-Evalue hmmfrom  hmm to    alifrom  ali to    envfrom  env to     acc
 ---   ------ ----- --------- --------- ------- -------    ------- -------    ------- -------    ----
   1 ?    1.5   0.7       6.7        13      19      30 ..       7      18 ..       7      19 .. 0.92
   2 !   30.8   1.2   3.4e-09   6.4e-09       2      33 .]     287     318 ..     286     318 .. 0.97

  Alignments for each domain:
  == domain 1  score: 1.5 bits;  conditional E-value: 6.7
        ihelix_seed_hmm 19 TtnaiswalllL 30
                           T+ +++w+++lL
  sp|P08682|CP2E1_RABIT  7 TVALLGWMVILL 18
                           8899*****998 PP

  == domain 2  score: 30.8 bits;  conditional E-value: 3.4e-09
        ihelix_seed_hmm   2 eelvalvllLlvAGheTTtnaiswalllLlrh 33 
                            e+++ +v ++++AG+eTT+++++++ll Ll+h
  sp|P08682|CP2E1_RABIT 287 ENIAVTVADMFFAGTETTSTTLRYGLLILLKH 318
                            899***************************99 PP

>> sp|P11715|CP17A_RAT  Steroid 17-alpha-hydroxylase/17,20 lyase OS=Rattus norvegicus OX=10116 GN=Cyp17a1 PE=1 SV=2
   #    score  bias  c-Evalue  i-Evalue hmmfrom  hmm to    alifrom  ali to    envfrom  env to     acc
 ---   ------ ----- --------- --------- ------- -------    ------- -------    ------- -------    ----
   1 !   30.7   0.6   3.6e-09   6.7e-09       2      33 .]     289     320 ..     288     320 .. 0.94

  Alignments for each domain:
  == domain 1  score: 30.7 bits;  conditional E-value: 3.6e-09
      ihelix_seed_hmm   2 eelvalvllLlvAGheTTtnaiswalllLlrh 33 
                           +++a+v +++ AG+eTTt+++ w+l +L+++
  sp|P11715|CP17A_RAT 289 RHILATVGDIFGAGIETTTTVLKWILAFLVHN 320
                          689**************************987 PP

>> sp|Q9MZY0|CP2E1_CANLF  Cytochrome P450 2E1 OS=Canis lupus familiaris OX=9615 GN=CYP2E1 PE=2 SV=1
   #    score  bias  c-Evalue  i-Evalue hmmfrom  hmm to    alifrom  ali to    envfrom  env to     acc
 ---   ------ ----- --------- --------- ------- -------    ------- -------    ------- -------    ----
   1 !   29.8   0.6   7.3e-09   1.4e-08       2      33 .]     287     318 ..     286     318 .. 0.94

  Alignments for each domain:
  == domain 1  score: 29.8 bits;  conditional E-value: 7.3e-09
        ihelix_seed_hmm   2 eelvalvllLlvAGheTTtnaiswalllLlrh 33 
                            ++++ +v +L++AG+eTT+++++++ll L ++
  sp|Q9MZY0|CP2E1_CANLF 287 DNIAVTVADLFFAGTETTSTTLRYGLLILMKY 318
                            8999***********************99875 PP

>> sp|P00185|CP1A1_RAT  Cytochrome P450 1A1 OS=Rattus norvegicus OX=10116 GN=Cyp1a1 PE=1 SV=1
   #    score  bias  c-Evalue  i-Evalue hmmfrom  hmm to    alifrom  ali to    envfrom  env to     acc
 ---   ------ ----- --------- --------- ------- -------    ------- -------    ------- -------    ----
   1 !   29.5   0.2   8.5e-09   1.6e-08       1      33 []     308     340 ..     308     340 .. 0.94

  Alignments for each domain:
  == domain 1  score: 29.5 bits;  conditional E-value: 8.5e-09
      ihelix_seed_hmm   1 deelvalvllLlvAGheTTtnaiswalllLlrh 33 
                          d+ ++ +v +L+ AG +T t+aisw+l++L+++
  sp|P00185|CP1A1_RAT 308 DDKVITIVFDLFGAGFDTITTAISWSLMYLVTN 340
                          6778999************************98 PP

>> sp|Q93VK5|LUT5_ARATH  Protein LUTEIN DEFICIENT 5, chloroplastic OS=Arabidopsis thaliana OX=3702 GN=CYP97A3 PE=1 SV=1
   #    score  bias  c-Evalue  i-Evalue hmmfrom  hmm to    alifrom  ali to    envfrom  env to     acc
 ---   ------ ----- --------- --------- ------- -------    ------- -------    ------- -------    ----
   1 !   29.3   0.6     1e-08     2e-08       2      32 ..     365     395 ..     364     396 .. 0.93

  Alignments for each domain:
  == domain 1  score: 29.3 bits;  conditional E-value: 1e-08
       ihelix_seed_hmm   2 eelvalvllLlvAGheTTtnaiswalllLlr 32 
                           ++l++  +++l+AGheT++ +++w+++lL +
  sp|Q93VK5|LUT5_ARATH 365 KQLRDDLMTMLIAGHETSAAVLTWTFYLLTT 395
                           68999************************76 PP

>> sp|P00191|CP21A_BOVIN  Steroid 21-hydroxylase OS=Bos taurus OX=9913 GN=CYP21 PE=1 SV=2
   #    score  bias  c-Evalue  i-Evalue hmmfrom  hmm to    alifrom  ali to    envfrom  env to     acc
 ---   ------ ----- --------- --------- ------- -------    ------- -------    ------- -------    ----
   1 !   30.6   2.1   3.8e-09   7.2e-09       8      33 .]     284     309 ..     279     309 .. 0.95

  Alignments for each domain:
  == domain 1  score: 30.6 bits;  conditional E-value: 3.8e-09
        ihelix_seed_hmm   8 vllLlvAGheTTtnaiswalllLlrh 33 
                            v++L+++G+eTT++++swa+ +Ll+h
  sp|P00191|CP21A_BOVIN 284 VVDLFIGGTETTASTLSWAVAFLLHH 309
                            89**********************98 PP

>> sp|P05185|CP17A_BOVIN  Steroid 17-alpha-hydroxylase/17,20 lyase OS=Bos taurus OX=9913 GN=CYP17A1 PE=2 SV=1
   #    score  bias  c-Evalue  i-Evalue hmmfrom  hmm to    alifrom  ali to    envfrom  env to     acc
 ---   ------ ----- --------- --------- ------- -------    ------- -------    ------- -------    ----
   1 !   29.2   0.6   1.1e-08     2e-08       5      33 .]     293     321 ..     291     321 .. 0.95

  Alignments for each domain:
  == domain 1  score: 29.2 bits;  conditional E-value: 1.1e-08
        ihelix_seed_hmm   5 valvllLlvAGheTTtnaiswalllLlrh 33 
                            +a++ +++ AG+eTTt++i w++ +Ll+h
  sp|P05185|CP17A_BOVIN 293 LATIGDIFGAGVETTTSVIKWIVAYLLHH 321
                            689************************98 PP

>> sp|O55071|CP2BJ_MOUSE  Cytochrome P450 2B19 OS=Mus musculus OX=10090 GN=Cyp2b19 PE=2 SV=1
   #    score  bias  c-Evalue  i-Evalue hmmfrom  hmm to    alifrom  ali to    envfrom  env to     acc
 ---   ------ ----- --------- --------- ------- -------    ------- -------    ------- -------    ----
   1 !   29.1   0.4   1.2e-08   2.2e-08       1      33 []     286     318 ..     286     318 .. 0.94

  Alignments for each domain:
  == domain 1  score: 29.1 bits;  conditional E-value: 1.2e-08
        ihelix_seed_hmm   1 deelvalvllLlvAGheTTtnaiswalllLlrh 33 
                            +++lv  vl+L++AG+eTT++++++++l +l++
  sp|O55071|CP2BJ_MOUSE 286 HQNLVISVLSLFFAGTETTSTTLRYSFLIMLKY 318
                            5899999***********************986 PP

>> sp|P56592|CP1A2_CANLF  Cytochrome P450 1A2 OS=Canis lupus familiaris OX=9615 GN=CYP1A2 PE=1 SV=2
   #    score  bias  c-Evalue  i-Evalue hmmfrom  hmm to    alifrom  ali to    envfrom  env to     acc
 ---   ------ ----- --------- --------- ------- -------    ------- -------    ------- -------    ----
   1 !   30.5   0.1   4.2e-09   7.8e-09       2      33 .]     301     332 ..     300     332 .. 0.95

  Alignments for each domain:
  == domain 1  score: 30.5 bits;  conditional E-value: 4.2e-09
        ihelix_seed_hmm   2 eelvalvllLlvAGheTTtnaiswalllLlrh 33 
                            e +v+l+ +++ AG +T+t+aisw+l++L+ +
  sp|P56592|CP1A2_CANLF 301 EKIVNLINDIFGAGFDTVTTAISWSLMYLVAN 332
                            679**************************976 PP

>> sp|O77810|CP1A2_CALJA  Cytochrome P450 1A2 OS=Callithrix jacchus OX=9483 GN=CYP1A2 PE=2 SV=3
   #    score  bias  c-Evalue  i-Evalue hmmfrom  hmm to    alifrom  ali to    envfrom  env to     acc
 ---   ------ ----- --------- --------- ------- -------    ------- -------    ------- -------    ----
   1 !   29.3   0.0   9.9e-09   1.9e-08       2      32 ..     305     335 ..     304     336 .. 0.95

  Alignments for each domain:
  == domain 1  score: 29.3 bits;  conditional E-value: 9.9e-09
        ihelix_seed_hmm   2 eelvalvllLlvAGheTTtnaiswalllLlr 32 
                            e +v+lv +++ AG +T t+aisw+l++L++
  sp|O77810|CP1A2_CALJA 305 EKIVNLVNDIFGAGFDTITTAISWSLMYLVT 335
                            679**************************87 PP

>> sp|P00186|CP1A2_MOUSE  Cytochrome P450 1A2 OS=Mus musculus OX=10090 GN=Cyp1a2 PE=1 SV=1
   #    score  bias  c-Evalue  i-Evalue hmmfrom  hmm to    alifrom  ali to    envfrom  env to     acc
 ---   ------ ----- --------- --------- ------- -------    ------- -------    ------- -------    ----
   1 !   29.1   0.4   1.1e-08   2.1e-08       2      32 ..     303     333 ..     302     333 .. 0.95

  Alignments for each domain:
  == domain 1  score: 29.1 bits;  conditional E-value: 1.1e-08
        ihelix_seed_hmm   2 eelvalvllLlvAGheTTtnaiswalllLlr 32 
                            e +v++v +++ AG +T+t+ai+w++llL++
  sp|P00186|CP1A2_MOUSE 303 EKIVNIVNDIFGAGFDTVTTAITWSILLLVT 333
                            789**************************86 PP

>> sp|Q9DBG1|CP27A_MOUSE  Sterol 26-hydroxylase, mitochondrial OS=Mus musculus OX=10090 GN=Cyp27a1 PE=1 SV=1
   #    score  bias  c-Evalue  i-Evalue hmmfrom  hmm to    alifrom  ali to    envfrom  env to     acc
 ---   ------ ----- --------- --------- ------- -------    ------- -------    ------- -------    ----
   1 !   29.4   0.5   9.4e-09   1.8e-08       5      32 ..     328     355 ..     324     356 .. 0.87

  Alignments for each domain:
  == domain 1  score: 29.4 bits;  conditional E-value: 9.4e-09
        ihelix_seed_hmm   5 valvllLlvAGheTTtnaiswalllLlr 32 
                            ++++ +Ll+AG++TT+n+++wal++L++
  sp|Q9DBG1|CP27A_MOUSE 328 IGTFPELLLAGVDTTSNTLTWALYHLSK 355
                            667778********************86 PP

>> sp|P10634|CP2DQ_RAT  Cytochrome P450 2D26 OS=Rattus norvegicus OX=10116 GN=Cyp2d26 PE=1 SV=2
   #    score  bias  c-Evalue  i-Evalue hmmfrom  hmm to    alifrom  ali to    envfrom  env to     acc
 ---   ------ ----- --------- --------- ------- -------    ------- -------    ------- -------    ----
   1 !   29.0   2.5   1.3e-08   2.4e-08       1      33 []     295     327 ..     295     327 .. 0.96

  Alignments for each domain:
  == domain 1  score: 29.0 bits;  conditional E-value: 1.3e-08
      ihelix_seed_hmm   1 deelvalvllLlvAGheTTtnaiswalllLlrh 33 
                          de+l+  v++L++AG+ TT++++swalll++ h
  sp|P10634|CP2DQ_RAT 295 DENLRLVVIDLFMAGMVTTSTTLSWALLLMILH 327
                          799***************************987 PP

>> sp|Q9UVC3|CP51_CUNEL  Lanosterol 14-alpha demethylase OS=Cunninghamella elegans OX=4853 GN=CYP51 PE=3 SV=1
   #    score  bias  c-Evalue  i-Evalue hmmfrom  hmm to    alifrom  ali to    envfrom  env to     acc
 ---   ------ ----- --------- --------- ------- -------    ------- -------    ------- -------    ----
   1 !   29.5   1.0     9e-09   1.7e-08       1      32 [.     284     315 ..     284     316 .. 0.95

  Alignments for each domain:
  == domain 1  score: 29.5 bits;  conditional E-value: 9e-09
       ihelix_seed_hmm   1 deelvalvllLlvAGheTTtnaiswalllLlr 32 
                           d++++++++++l++G++T++++++w++l+L++
  sp|Q9UVC3|CP51_CUNEL 284 DHHIAGMMIAVLFGGQHTSATTSAWTILELAN 315
                           789***************************97 PP

>> sp|P05176|CP1A1_RABIT  Cytochrome P450 1A1 OS=Oryctolagus cuniculus OX=9986 GN=CYP1A1 PE=2 SV=1
   #    score  bias  c-Evalue  i-Evalue hmmfrom  hmm to    alifrom  ali to    envfrom  env to     acc
 ---   ------ ----- --------- --------- ------- -------    ------- -------    ------- -------    ----
   1 !   29.8   0.1   7.2e-09   1.3e-08       5      32 ..     312     339 ..     308     340 .. 0.91

  Alignments for each domain:
  == domain 1  score: 29.8 bits;  conditional E-value: 7.2e-09
        ihelix_seed_hmm   5 valvllLlvAGheTTtnaiswalllLlr 32 
                            v++vl+L+ AG +T+t+aisw+l++L++
  sp|P05176|CP1A1_RABIT 312 VGIVLDLFGAGFDTVTTAISWSLMYLVT 339
                            789***********************87 PP

>> sp|P05093|CP17A_HUMAN  Steroid 17-alpha-hydroxylase/17,20 lyase OS=Homo sapiens OX=9606 GN=CYP17A1 PE=1 SV=1
   #    score  bias  c-Evalue  i-Evalue hmmfrom  hmm to    alifrom  ali to    envfrom  env to     acc
 ---   ------ ----- --------- --------- ------- -------    ------- -------    ------- -------    ----
   1 !   29.0   1.2   1.3e-08   2.4e-08       1      33 []     289     321 ..     289     321 .. 0.96

  Alignments for each domain:
  == domain 1  score: 29.0 bits;  conditional E-value: 1.3e-08
        ihelix_seed_hmm   1 deelvalvllLlvAGheTTtnaiswalllLlrh 33 
                            d++++ ++ +++ AG+eTTt++  w+l +Ll++
  sp|P05093|CP17A_HUMAN 289 DNHILTTIGDIFGAGVETTTSVVKWTLAFLLHN 321
                            789****************************87 PP

>> sp|Q8HYN1|CP17A_PANTR  Steroid 17-alpha-hydroxylase/17,20 lyase OS=Pan troglodytes OX=9598 GN=CYP17A1 PE=2 SV=1
   #    score  bias  c-Evalue  i-Evalue hmmfrom  hmm to    alifrom  ali to    envfrom  env to     acc
 ---   ------ ----- --------- --------- ------- -------    ------- -------    ------- -------    ----
   1 !   29.0   1.2   1.3e-08   2.4e-08       1      33 []     289     321 ..     289     321 .. 0.96

  Alignments for each domain:
  == domain 1  score: 29.0 bits;  conditional E-value: 1.3e-08
        ihelix_seed_hmm   1 deelvalvllLlvAGheTTtnaiswalllLlrh 33 
                            d++++ ++ +++ AG+eTTt++  w+l +Ll++
  sp|Q8HYN1|CP17A_PANTR 289 DNHILTTIGDIFGAGVETTTSVVKWTLAFLLHN 321
                            789****************************87 PP

>> sp|P05181|CP2E1_HUMAN  Cytochrome P450 2E1 OS=Homo sapiens OX=9606 GN=CYP2E1 PE=1 SV=1
   #    score  bias  c-Evalue  i-Evalue hmmfrom  hmm to    alifrom  ali to    envfrom  env to     acc
 ---   ------ ----- --------- --------- ------- -------    ------- -------    ------- -------    ----
   1 !   28.7   0.6   1.5e-08   2.9e-08       2      33 .]     287     318 ..     286     318 .. 0.92

  Alignments for each domain:
  == domain 1  score: 28.7 bits;  conditional E-value: 1.5e-08
        ihelix_seed_hmm   2 eelvalvllLlvAGheTTtnaiswalllLlrh 33 
                            + ++ +v +L++AG+eTT+++++++ll L ++
  sp|P05181|CP2E1_HUMAN 287 DGITVTVADLFFAGTETTSTTLRYGLLILMKY 318
                            78999**********************99875 PP

>> sp|Q2XVA1|CP17A_MACFA  Steroid 17-alpha-hydroxylase/17,20 lyase OS=Macaca fascicularis OX=9541 GN=CYP17A1 PE=2 SV=1
   #    score  bias  c-Evalue  i-Evalue hmmfrom  hmm to    alifrom  ali to    envfrom  env to     acc
 ---   ------ ----- --------- --------- ------- -------    ------- -------    ------- -------    ----
   1 !   28.6   0.6   1.6e-08   3.1e-08       1      33 []     289     321 ..     289     321 .. 0.96

  Alignments for each domain:
  == domain 1  score: 28.6 bits;  conditional E-value: 1.6e-08
        ihelix_seed_hmm   1 deelvalvllLlvAGheTTtnaiswalllLlrh 33 
                            d++++ ++ +++ AG+eTTt++  w++ +Ll++
  sp|Q2XVA1|CP17A_MACFA 289 DNHILTTIGDIFGAGVETTTSVVKWIVAFLLHN 321
                            789****************************87 PP

>> sp|Q8HYM9|CP17A_MACMU  Steroid 17-alpha-hydroxylase/17,20 lyase OS=Macaca mulatta OX=9544 GN=CYP17A1 PE=2 SV=1
   #    score  bias  c-Evalue  i-Evalue hmmfrom  hmm to    alifrom  ali to    envfrom  env to     acc
 ---   ------ ----- --------- --------- ------- -------    ------- -------    ------- -------    ----
   1 !   28.6   0.6   1.6e-08   3.1e-08       1      33 []     289     321 ..     289     321 .. 0.96

  Alignments for each domain:
  == domain 1  score: 28.6 bits;  conditional E-value: 1.6e-08
        ihelix_seed_hmm   1 deelvalvllLlvAGheTTtnaiswalllLlrh 33 
                            d++++ ++ +++ AG+eTTt++  w++ +Ll++
  sp|Q8HYM9|CP17A_MACMU 289 DNHILTTIGDIFGAGVETTTSVVKWIVAFLLHN 321
                            789****************************87 PP

>> sp|Q8HYN0|CP17A_PAPCY  Steroid 17-alpha-hydroxylase/17,20 lyase OS=Papio cynocephalus OX=9556 GN=CYP17A1 PE=2 SV=1
   #    score  bias  c-Evalue  i-Evalue hmmfrom  hmm to    alifrom  ali to    envfrom  env to     acc
 ---   ------ ----- --------- --------- ------- -------    ------- -------    ------- -------    ----
   1 !   28.6   0.6   1.6e-08   3.1e-08       1      33 []     289     321 ..     289     321 .. 0.96

  Alignments for each domain:
  == domain 1  score: 28.6 bits;  conditional E-value: 1.6e-08
        ihelix_seed_hmm   1 deelvalvllLlvAGheTTtnaiswalllLlrh 33 
                            d++++ ++ +++ AG+eTTt++  w++ +Ll++
  sp|Q8HYN0|CP17A_PAPCY 289 DNHILTTIGDIFGAGVETTTSVVKWIVAFLLHN 321
                            789****************************87 PP

>> sp|Q9GLD2|CP17A_PAPHU  Steroid 17-alpha-hydroxylase/17,20 lyase OS=Papio hamadryas ursinus OX=36229 GN=CYP17A1 PE=1 S
   #    score  bias  c-Evalue  i-Evalue hmmfrom  hmm to    alifrom  ali to    envfrom  env to     acc
 ---   ------ ----- --------- --------- ------- -------    ------- -------    ------- -------    ----
   1 !   28.6   0.6   1.6e-08   3.1e-08       1      33 []     289     321 ..     289     321 .. 0.96

  Alignments for each domain:
  == domain 1  score: 28.6 bits;  conditional E-value: 1.6e-08
        ihelix_seed_hmm   1 deelvalvllLlvAGheTTtnaiswalllLlrh 33 
                            d++++ ++ +++ AG+eTTt++  w++ +Ll++
  sp|Q9GLD2|CP17A_PAPHU 289 DNHILTTIGDIFGAGVETTTSVVKWIVAFLLHN 321
                            789****************************87 PP

>> sp|Q2QUC5|C71P1_ORYSJ  Tryptamine 5-hydroxylase OS=Oryza sativa subsp. japonica OX=39947 GN=CYP71P1 PE=1 SV=1
   #    score  bias  c-Evalue  i-Evalue hmmfrom  hmm to    alifrom  ali to    envfrom  env to     acc
 ---   ------ ----- --------- --------- ------- -------    ------- -------    ------- -------    ----
   1 !   29.8   0.3   7.2e-09   1.3e-08       1      33 []     297     329 ..     297     329 .. 0.98

  Alignments for each domain:
  == domain 1  score: 29.8 bits;  conditional E-value: 7.2e-09
        ihelix_seed_hmm   1 deelvalvllLlvAGheTTtnaiswalllLlrh 33 
                            d++l+alvl+++vAG++TT  ++ w++ +L+rh
  sp|Q2QUC5|C71P1_ORYSJ 297 DDNLKALVLDMFVAGTDTTFATLEWVMTELVRH 329
                            79******************************9 PP

>> sp|Q64562|CP21A_RAT  Steroid 21-hydroxylase OS=Rattus norvegicus OX=10116 GN=Cyp21 PE=1 SV=1
   #    score  bias  c-Evalue  i-Evalue hmmfrom  hmm to    alifrom  ali to    envfrom  env to     acc
 ---   ------ ----- --------- --------- ------- -------    ------- -------    ------- -------    ----
   1 !   29.7   1.6   7.3e-09   1.4e-08       8      33 .]     283     308 ..     277     308 .. 0.94

  Alignments for each domain:
  == domain 1  score: 29.7 bits;  conditional E-value: 7.3e-09
      ihelix_seed_hmm   8 vllLlvAGheTTtnaiswalllLlrh 33 
                          v++L+v+G+eTT+ ++swa+ +Ll+h
  sp|Q64562|CP21A_RAT 283 VVDLFVGGTETTAATLSWAVAFLLHH 308
                          89**********************98 PP

>> sp|Q9N0U7|CP17A_CAPHI  Steroid 17-alpha-hydroxylase/17,20 lyase OS=Capra hircus OX=9925 GN=CYP17A1 PE=2 SV=1
   #    score  bias  c-Evalue  i-Evalue hmmfrom  hmm to    alifrom  ali to    envfrom  env to     acc
 ---   ------ ----- --------- --------- ------- -------    ------- -------    ------- -------    ----
   1 !   28.3   0.8   2.1e-08   3.9e-08       5      33 .]     293     321 ..     291     321 .. 0.95

  Alignments for each domain:
  == domain 1  score: 28.3 bits;  conditional E-value: 2.1e-08
        ihelix_seed_hmm   5 valvllLlvAGheTTtnaiswalllLlrh 33 
                            +a++ +++ AG+eTTt++i w++ +Ll+h
  sp|Q9N0U7|CP17A_CAPHI 293 LATIADIFGAGVETTTSVIKWIVAYLLHH 321
                            589************************98 PP

>> sp|Q6GUQ4|CP2E1_MACMU  Cytochrome P450 2E1 OS=Macaca mulatta OX=9544 GN=CYP2E1 PE=2 SV=1
   #    score  bias  c-Evalue  i-Evalue hmmfrom  hmm to    alifrom  ali to    envfrom  env to     acc
 ---   ------ ----- --------- --------- ------- -------    ------- -------    ------- -------    ----
   1 !   28.7   0.6   1.5e-08   2.9e-08       2      33 .]     287     318 ..     286     318 .. 0.92

  Alignments for each domain:
  == domain 1  score: 28.7 bits;  conditional E-value: 1.5e-08
        ihelix_seed_hmm   2 eelvalvllLlvAGheTTtnaiswalllLlrh 33 
                            + ++ +v +L++AG+eTT+++++++ll L ++
  sp|Q6GUQ4|CP2E1_MACMU 287 DGITVTVADLFFAGTETTSTTLRYGLLILMKY 318
                            78999**********************99875 PP

>> sp|P33266|CP2E1_MACFA  Cytochrome P450 2E1 (Fragment) OS=Macaca fascicularis OX=9541 GN=CYP2E1 PE=2 SV=1
   #    score  bias  c-Evalue  i-Evalue hmmfrom  hmm to    alifrom  ali to    envfrom  env to     acc
 ---   ------ ----- --------- --------- ------- -------    ------- -------    ------- -------    ----
   1 !   28.9   0.6   1.4e-08   2.6e-08       2      33 .]     243     274 ..     242     274 .. 0.92

  Alignments for each domain:
  == domain 1  score: 28.9 bits;  conditional E-value: 1.4e-08
        ihelix_seed_hmm   2 eelvalvllLlvAGheTTtnaiswalllLlrh 33 
                            + ++ +v +L++AG+eTT+++++++ll L ++
  sp|P33266|CP2E1_MACFA 243 DGITVTVADLFFAGTETTSTTLRYGLLILMKY 274
                            78999**********************99875 PP

>> sp|Q29497|CP17A_SHEEP  Steroid 17-alpha-hydroxylase/17,20 lyase OS=Ovis aries OX=9940 GN=CYP17A1 PE=2 SV=2
   #    score  bias  c-Evalue  i-Evalue hmmfrom  hmm to    alifrom  ali to    envfrom  env to     acc
 ---   ------ ----- --------- --------- ------- -------    ------- -------    ------- -------    ----
   1 !   28.3   0.8   2.1e-08   3.9e-08       5      33 .]     293     321 ..     291     321 .. 0.95

  Alignments for each domain:
  == domain 1  score: 28.3 bits;  conditional E-value: 2.1e-08
        ihelix_seed_hmm   5 valvllLlvAGheTTtnaiswalllLlrh 33 
                            +a++ +++ AG+eTTt++i w++ +Ll+h
  sp|Q29497|CP17A_SHEEP 293 LATIADIFGAGVETTTSVIKWIVAYLLHH 321
                            589************************98 PP

>> sp|P08684|CP3A4_HUMAN  Cytochrome P450 3A4 OS=Homo sapiens OX=9606 GN=CYP3A4 PE=1 SV=4
   #    score  bias  c-Evalue  i-Evalue hmmfrom  hmm to    alifrom  ali to    envfrom  env to     acc
 ---   ------ ----- --------- --------- ------- -------    ------- -------    ------- -------    ----
   1 !   28.6   0.2   1.7e-08   3.1e-08       2      33 .]     293     324 ..     292     324 .. 0.96

  Alignments for each domain:
  == domain 1  score: 28.6 bits;  conditional E-value: 1.7e-08
        ihelix_seed_hmm   2 eelvalvllLlvAGheTTtnaiswalllLlrh 33 
                             elva+ + +++AG eTT++++s+++++L++h
  sp|P08684|CP3A4_HUMAN 293 LELVAQSIIFIFAGYETTSSVLSFIMYELATH 324
                            69*****************************9 PP

>> sp|P49602|CP51_USTMA  Lanosterol 14-alpha demethylase OS=Ustilago maydis (strain 521 / FGSC 9021) OX=237631 GN=ERG11 
   #    score  bias  c-Evalue  i-Evalue hmmfrom  hmm to    alifrom  ali to    envfrom  env to     acc
 ---   ------ ----- --------- --------- ------- -------    ------- -------    ------- -------    ----
   1 !   27.9   0.6   2.8e-08   5.2e-08       3      32 ..     314     343 ..     313     344 .. 0.95

  Alignments for each domain:
  == domain 1  score: 27.9 bits;  conditional E-value: 2.8e-08
       ihelix_seed_hmm   3 elvalvllLlvAGheTTtnaiswalllLlr 32 
                           e+++++++Ll+AG++T++ ++swa+l L++
  sp|P49602|CP51_USTMA 314 EIAHMMIALLMAGQHTSSATSSWAFLRLAS 343
                           89**************************96 PP

>> sp|L7X3S1|MSH_PAPSO  Methyltetrahydroprotoberberine 14-monooxygenase OS=Papaver somniferum OX=3469 GN=CYP82N4 PE=1 SV
   #    score  bias  c-Evalue  i-Evalue hmmfrom  hmm to    alifrom  ali to    envfrom  env to     acc
 ---   ------ ----- --------- --------- ------- -------    ------- -------    ------- -------    ----
   1 !   28.2   1.0   2.2e-08   4.2e-08       5      33 .]     318     346 ..     317     346 .. 0.96

  Alignments for each domain:
  == domain 1  score: 28.2 bits;  conditional E-value: 2.2e-08
      ihelix_seed_hmm   5 valvllLlvAGheTTtnaiswalllLlrh 33 
                          ++++l+++++G +TTt +++wa+ lLl+h
  sp|L7X3S1|MSH_PAPSO 318 KSTCLDMILGGSDTTTVTLTWAMSLLLNH 346
                          689************************99 PP

>> sp|P56655|CP238_MOUSE  Cytochrome P450 2C38 OS=Mus musculus OX=10090 GN=Cyp2c38 PE=1 SV=2
   #    score  bias  c-Evalue  i-Evalue hmmfrom  hmm to    alifrom  ali to    envfrom  env to     acc
 ---   ------ ----- --------- --------- ------- -------    ------- -------    ------- -------    ----
   1 !   28.0   1.1   2.6e-08   4.8e-08       2      33 .]     285     316 ..     284     316 .. 0.93

  Alignments for each domain:
  == domain 1  score: 28.0 bits;  conditional E-value: 2.6e-08
        ihelix_seed_hmm   2 eelvalvllLlvAGheTTtnaiswalllLlrh 33 
                            e+lv ++ +L++AG+eTT++++++alllL ++
  sp|P56655|CP238_MOUSE 285 ENLVCTINNLFAAGTETTSTTLRYALLLLMKY 316
                            788889***********************875 PP

>> sp|Q92109|CP1A3_ONCMY  Cytochrome P450 1A3 OS=Oncorhynchus mykiss OX=8022 GN=cyp1a3 PE=2 SV=2
   #    score  bias  c-Evalue  i-Evalue hmmfrom  hmm to    alifrom  ali to    envfrom  env to     acc
 ---   ------ ----- --------- --------- ------- -------    ------- -------    ------- -------    ----
   1 !   28.1   0.0   2.4e-08   4.5e-08       1      32 [.     309     340 ..     309     341 .. 0.94

  Alignments for each domain:
  == domain 1  score: 28.1 bits;  conditional E-value: 2.4e-08
        ihelix_seed_hmm   1 deelvalvllLlvAGheTTtnaiswalllLlr 32 
                            de +v++v +L+ AG +T ++a+swa+ +L+ 
  sp|Q92109|CP1A3_ONCMY 309 DEKIVGIVNDLFGAGFDTISTALSWAVVYLVA 340
                            789**************************986 PP

>> sp|P79383|CP2E1_PIG  Cytochrome P450 2E1 OS=Sus scrofa OX=9823 GN=CYP2E1 PE=2 SV=1
   #    score  bias  c-Evalue  i-Evalue hmmfrom  hmm to    alifrom  ali to    envfrom  env to     acc
 ---   ------ ----- --------- --------- ------- -------    ------- -------    ------- -------    ----
   1 !   28.1   0.5   2.4e-08   4.5e-08       2      33 .]     287     318 ..     286     318 .. 0.94

  Alignments for each domain:
  == domain 1  score: 28.1 bits;  conditional E-value: 2.4e-08
      ihelix_seed_hmm   2 eelvalvllLlvAGheTTtnaiswalllLlrh 33 
                          ++++ +v ++++AG+eTT+++++++ll L ++
  sp|P79383|CP2E1_PIG 287 DNIAVTVADMFFAGTETTSTTLRYGLLILMKY 318
                          8999***********************99875 PP

>> sp|Q92110|CP1A1_ONCMY  Cytochrome P450 1A1 OS=Oncorhynchus mykiss OX=8022 GN=cyp1a1 PE=2 SV=2
   #    score  bias  c-Evalue  i-Evalue hmmfrom  hmm to    alifrom  ali to    envfrom  env to     acc
 ---   ------ ----- --------- --------- ------- -------    ------- -------    ------- -------    ----
   1 !   28.1   0.0   2.4e-08   4.5e-08       1      32 [.     309     340 ..     309     341 .. 0.94

  Alignments for each domain:
  == domain 1  score: 28.1 bits;  conditional E-value: 2.4e-08
        ihelix_seed_hmm   1 deelvalvllLlvAGheTTtnaiswalllLlr 32 
                            de +v++v +L+ AG +T ++a+swa+ +L+ 
  sp|Q92110|CP1A1_ONCMY 309 DEKIVGIVNDLFGAGFDTISTALSWAVVYLVA 340
                            789**************************986 PP

>> sp|O77809|CP1A2_MACFA  Cytochrome P450 1A2 OS=Macaca fascicularis OX=9541 GN=CYP1A2 PE=1 SV=3
   #    score  bias  c-Evalue  i-Evalue hmmfrom  hmm to    alifrom  ali to    envfrom  env to     acc
 ---   ------ ----- --------- --------- ------- -------    ------- -------    ------- -------    ----
   1 !   28.6   0.0   1.7e-08   3.3e-08       2      32 ..     305     335 ..     304     336 .. 0.95

  Alignments for each domain:
  == domain 1  score: 28.6 bits;  conditional E-value: 1.7e-08
        ihelix_seed_hmm   2 eelvalvllLlvAGheTTtnaiswalllLlr 32 
                            e +v+lv +++ AG +T ++aisw+l++L++
  sp|O77809|CP1A2_MACFA 305 EKIVNLVNDIFGAGFDTIATAISWSLMYLVT 335
                            679**************************87 PP

>> sp|P30437|CP17A_ONCMY  Steroid 17-alpha-hydroxylase/17,20 lyase OS=Oncorhynchus mykiss OX=8022 GN=cyp17a1 PE=2 SV=1
   #    score  bias  c-Evalue  i-Evalue hmmfrom  hmm to    alifrom  ali to    envfrom  env to     acc
 ---   ------ ----- --------- --------- ------- -------    ------- -------    ------- -------    ----
   1 !   28.0   0.4   2.6e-08   4.9e-08       2      33 .]     297     328 ..     296     328 .. 0.94

  Alignments for each domain:
  == domain 1  score: 28.0 bits;  conditional E-value: 2.6e-08
        ihelix_seed_hmm   2 eelvalvllLlvAGheTTtnaiswalllLlrh 33 
                            ++l+ +v +++ AG+eTT++++ wa+ +L++h
  sp|P30437|CP17A_ONCMY 297 DHLLMTVGDIFGAGVETTSTVLKWAIAYLIHH 328
                            788889***********************988 PP

>> sp|Q02318|CP27A_HUMAN  Sterol 26-hydroxylase, mitochondrial OS=Homo sapiens OX=9606 GN=CYP27A1 PE=1 SV=1
   #    score  bias  c-Evalue  i-Evalue hmmfrom  hmm to    alifrom  ali to    envfrom  env to     acc
 ---   ------ ----- --------- --------- ------- -------    ------- -------    ------- -------    ----
   1 !   28.1   0.2   2.5e-08   4.7e-08      11      32 ..     332     353 ..     331     354 .. 0.94

  Alignments for each domain:
  == domain 1  score: 28.1 bits;  conditional E-value: 2.5e-08
        ihelix_seed_hmm  11 LlvAGheTTtnaiswalllLlr 32 
                            Ll+AG++TT+n+++wal++L++
  sp|Q02318|CP27A_HUMAN 332 LLMAGVDTTSNTLTWALYHLSK 353
                            9*******************86 PP

>> sp|Q2XNC8|CP2D6_PANTR  Cytochrome P450 2D6 OS=Pan troglodytes OX=9598 GN=CYP2D6 PE=3 SV=1
   #    score  bias  c-Evalue  i-Evalue hmmfrom  hmm to    alifrom  ali to    envfrom  env to     acc
 ---   ------ ----- --------- --------- ------- -------    ------- -------    ------- -------    ----
   1 !   27.8   1.8     3e-08   5.5e-08       1      33 []     292     324 ..     292     324 .. 0.96

  Alignments for each domain:
  == domain 1  score: 27.8 bits;  conditional E-value: 3e-08
        ihelix_seed_hmm   1 deelvalvllLlvAGheTTtnaiswalllLlrh 33 
                            de+l+  v +L+ AG+ TT+++++w+lll++ h
  sp|Q2XNC8|CP2D6_PANTR 292 DENLRIVVADLFSAGIVTTSTTLAWGLLLMILH 324
                            79****************************987 PP

>> sp|P24456|CP2DA_MOUSE  Cytochrome P450 2D10 OS=Mus musculus OX=10090 GN=Cyp2d10 PE=1 SV=2
   #    score  bias  c-Evalue  i-Evalue hmmfrom  hmm to    alifrom  ali to    envfrom  env to     acc
 ---   ------ ----- --------- --------- ------- -------    ------- -------    ------- -------    ----
   1 !   27.7   3.0   3.3e-08   6.2e-08       1      33 []     295     327 ..     295     327 .. 0.95

  Alignments for each domain:
  == domain 1  score: 27.7 bits;  conditional E-value: 3.3e-08
        ihelix_seed_hmm   1 deelvalvllLlvAGheTTtnaiswalllLlrh 33 
                            de+l+  vl+L++AG+ TT++++swalll++ h
  sp|P24456|CP2DA_MOUSE 295 DENLRMVVLDLFTAGMVTTSTTLSWALLLMILH 327
                            7899999***********************987 PP

>> sp|Q64464|CP3AD_MOUSE  Cytochrome P450 3A13 OS=Mus musculus OX=10090 GN=Cyp3a13 PE=1 SV=1
   #    score  bias  c-Evalue  i-Evalue hmmfrom  hmm to    alifrom  ali to    envfrom  env to     acc
 ---   ------ ----- --------- --------- ------- -------    ------- -------    ------- -------    ----
   1 !   27.7   0.3   3.3e-08   6.3e-08       2      31 ..     293     322 ..     292     324 .. 0.94

  Alignments for each domain:
  == domain 1  score: 27.7 bits;  conditional E-value: 3.3e-08
        ihelix_seed_hmm   2 eelvalvllLlvAGheTTtnaiswalllLl 31 
                             e+va+ + +++AG eTT++a+s+al+lL+
  sp|Q64464|CP3AD_MOUSE 293 VEIVAQSVIFIFAGYETTSSALSFALYLLA 322
                            59***************************8 PP

>> sp|A0A087X1C5|CP2D7_HUMAN  Putative cytochrome P450 2D7 OS=Homo sapiens OX=9606 GN=CYP2D7 PE=5 SV=1
   #    score  bias  c-Evalue  i-Evalue hmmfrom  hmm to    alifrom  ali to    envfrom  env to     acc
 ---   ------ ----- --------- --------- ------- -------    ------- -------    ------- -------    ----
   1 !   27.6   2.7   3.4e-08   6.3e-08       1      33 []     292     324 ..     292     324 .. 0.96

  Alignments for each domain:
  == domain 1  score: 27.6 bits;  conditional E-value: 3.4e-08
            ihelix_seed_hmm   1 deelvalvllLlvAGheTTtnaiswalllLlrh 33 
                                de+l+  v +L++AG+ TT+++++w+lll++ h
  sp|A0A087X1C5|CP2D7_HUMAN 292 DENLRIVVGNLFLAGMVTTSTTLAWGLLLMILH 324
                                79****************************987 PP

>> sp|Q2XNC9|CP2D6_PANPA  Cytochrome P450 2D6 OS=Pan paniscus OX=9597 GN=CYP2D6 PE=3 SV=1
   #    score  bias  c-Evalue  i-Evalue hmmfrom  hmm to    alifrom  ali to    envfrom  env to     acc
 ---   ------ ----- --------- --------- ------- -------    ------- -------    ------- -------    ----
   1 !   27.7   1.9   3.3e-08   6.1e-08       1      33 []     292     324 ..     292     324 .. 0.96

  Alignments for each domain:
  == domain 1  score: 27.7 bits;  conditional E-value: 3.3e-08
        ihelix_seed_hmm   1 deelvalvllLlvAGheTTtnaiswalllLlrh 33 
                            de+l+  v +L+ AG+ TT+++++w+lll++ h
  sp|Q2XNC9|CP2D6_PANPA 292 DENLRIVVADLFSAGMVTTSTTLAWGLLLMILH 324
                            79****************************987 PP

>> sp|P10635|CP2D6_HUMAN  Cytochrome P450 2D6 OS=Homo sapiens OX=9606 GN=CYP2D6 PE=1 SV=2
   #    score  bias  c-Evalue  i-Evalue hmmfrom  hmm to    alifrom  ali to    envfrom  env to     acc
 ---   ------ ----- --------- --------- ------- -------    ------- -------    ------- -------    ----
   1 !   27.7   1.9   3.3e-08   6.1e-08       1      33 []     292     324 ..     292     324 .. 0.96

  Alignments for each domain:
  == domain 1  score: 27.7 bits;  conditional E-value: 3.3e-08
        ihelix_seed_hmm   1 deelvalvllLlvAGheTTtnaiswalllLlrh 33 
                            de+l+  v +L+ AG+ TT+++++w+lll++ h
  sp|P10635|CP2D6_HUMAN 292 DENLRIVVADLFSAGMVTTSTTLAWGLLLMILH 324
                            79****************************987 PP

>> sp|P20815|CP3A5_HUMAN  Cytochrome P450 3A5 OS=Homo sapiens OX=9606 GN=CYP3A5 PE=1 SV=1
   #    score  bias  c-Evalue  i-Evalue hmmfrom  hmm to    alifrom  ali to    envfrom  env to     acc
 ---   ------ ----- --------- --------- ------- -------    ------- -------    ------- -------    ----
   1 !   27.8   0.5   3.1e-08   5.8e-08       2      33 .]     293     324 ..     292     324 .. 0.96

  Alignments for each domain:
  == domain 1  score: 27.8 bits;  conditional E-value: 3.1e-08
        ihelix_seed_hmm   2 eelvalvllLlvAGheTTtnaiswalllLlrh 33 
                             el+a+ + +++AG eTT++++s++l++L++h
  sp|P20815|CP3A5_HUMAN 293 LELAAQSIIFIFAGYETTSSVLSFTLYELATH 324
                            699****************************9 PP

>> sp|Q9CX98|CP2U1_MOUSE  Cytochrome P450 2U1 OS=Mus musculus OX=10090 GN=Cyp2u1 PE=2 SV=2
   #    score  bias  c-Evalue  i-Evalue hmmfrom  hmm to    alifrom  ali to    envfrom  env to     acc
 ---   ------ ----- --------- --------- ------- -------    ------- -------    ------- -------    ----
   1 !   27.4   0.2   4.2e-08   7.9e-08       4      33 .]     328     357 ..     325     357 .. 0.89

  Alignments for each domain:
  == domain 1  score: 27.4 bits;  conditional E-value: 4.2e-08
        ihelix_seed_hmm   4 lvalvllLlvAGheTTtnaiswalllLlrh 33 
                            l +++ +L++AG++TTtn++ w ll+++ +
  sp|Q9CX98|CP2U1_MOUSE 328 LFYIIGDLFIAGTDTTTNSLLWCLLYMSLN 357
                            567899*********************976 PP

>> sp|P56656|CP239_MOUSE  Cytochrome P450 2C39 OS=Mus musculus OX=10090 GN=Cyp2c39 PE=1 SV=2
   #    score  bias  c-Evalue  i-Evalue hmmfrom  hmm to    alifrom  ali to    envfrom  env to     acc
 ---   ------ ----- --------- --------- ------- -------    ------- -------    ------- -------    ----
   1 !   27.2   1.3   4.8e-08     9e-08       2      33 .]     285     316 ..     284     316 .. 0.91

  Alignments for each domain:
  == domain 1  score: 27.2 bits;  conditional E-value: 4.8e-08
        ihelix_seed_hmm   2 eelvalvllLlvAGheTTtnaiswalllLlrh 33 
                            e+l+ ++ +L++AG+eTT++++++alllL ++
  sp|P56656|CP239_MOUSE 285 ENLACTINNLFAAGTETTSTTLRYALLLLMKY 316
                            67777999*********************875 PP

>> sp|Q7Z449|CP2U1_HUMAN  Cytochrome P450 2U1 OS=Homo sapiens OX=9606 GN=CYP2U1 PE=1 SV=1
   #    score  bias  c-Evalue  i-Evalue hmmfrom  hmm to    alifrom  ali to    envfrom  env to     acc
 ---   ------ ----- --------- --------- ------- -------    ------- -------    ------- -------    ----
   1 !   27.4   0.3   4.1e-08   7.7e-08       3      33 .]     341     371 ..     339     371 .. 0.89

  Alignments for each domain:
  == domain 1  score: 27.4 bits;  conditional E-value: 4.1e-08
        ihelix_seed_hmm   3 elvalvllLlvAGheTTtnaiswalllLlrh 33 
                            +l +++ +L++AG++TTtn++ w ll+++ +
  sp|Q7Z449|CP2U1_HUMAN 341 YLFYIIGDLFIAGTDTTTNSLLWCLLYMSLN 371
                            566789**********************976 PP

>> sp|A0A517FNB9|C9B52_PARPY  Cholesterol 22-monohydroxylase CYP90B52 OS=Paris polyphylla OX=49666 GN=CYP90B52 PE=1 SV=1
   #    score  bias  c-Evalue  i-Evalue hmmfrom  hmm to    alifrom  ali to    envfrom  env to     acc
 ---   ------ ----- --------- --------- ------- -------    ------- -------    ------- -------    ----
   1 !   27.1   0.3   5.1e-08   9.5e-08       2      30 ..     270     298 ..     269     299 .. 0.96

  Alignments for each domain:
  == domain 1  score: 27.1 bits;  conditional E-value: 5.1e-08
            ihelix_seed_hmm   2 eelvalvllLlvAGheTTtnaiswalllL 30 
                                e++++l l+Ll+AGheT++ a++ a+++L
  sp|A0A517FNB9|C9B52_PARPY 270 EQILDLLLSLLFAGHETSSMALALAIYFL 298
                                899************************98 PP

>> sp|P20813|CP2B6_HUMAN  Cytochrome P450 2B6 OS=Homo sapiens OX=9606 GN=CYP2B6 PE=1 SV=1
   #    score  bias  c-Evalue  i-Evalue hmmfrom  hmm to    alifrom  ali to    envfrom  env to     acc
 ---   ------ ----- --------- --------- ------- -------    ------- -------    ------- -------    ----
   1 !   27.0   1.3   5.5e-08     1e-07       6      33 .]     290     317 ..     285     317 .. 0.87

  Alignments for each domain:
  == domain 1  score: 27.0 bits;  conditional E-value: 5.5e-08
        ihelix_seed_hmm   6 alvllLlvAGheTTtnaiswalllLlrh 33 
                             + l+L++AG+eTT++++++++ll+l++
  sp|P20813|CP2B6_HUMAN 290 LNTLSLFFAGTETTSTTLRYGFLLMLKY 317
                            55689********************986 PP

>> sp|Q9SZ46|C82C4_ARATH  Xanthotoxin 5-hydroxylase CYP82C4 OS=Arabidopsis thaliana OX=3702 GN=CYP82C4 PE=1 SV=1
   #    score  bias  c-Evalue  i-Evalue hmmfrom  hmm to    alifrom  ali to    envfrom  env to     acc
 ---   ------ ----- --------- --------- ------- -------    ------- -------    ------- -------    ----
   1 !   27.0   1.3   5.3e-08   9.8e-08       4      33 .]     311     340 ..     309     340 .. 0.96

  Alignments for each domain:
  == domain 1  score: 27.0 bits;  conditional E-value: 5.3e-08
        ihelix_seed_hmm   4 lvalvllLlvAGheTTtnaiswalllLlrh 33 
                            +++++l+L+++G +T++++++wa+ lLl++
  sp|Q9SZ46|C82C4_ARATH 311 IKSTCLALILGGSDTSASTLTWAISLLLNN 340
                            889*************************97 PP

>> sp|O49394|C82C2_ARATH  Xanthotoxin 5-hydroxylase CYP82C2 OS=Arabidopsis thaliana OX=3702 GN=CYP82C2 PE=1 SV=2
   #    score  bias  c-Evalue  i-Evalue hmmfrom  hmm to    alifrom  ali to    envfrom  env to     acc
 ---   ------ ----- --------- --------- ------- -------    ------- -------    ------- -------    ----
   1 !   27.2   0.4   4.7e-08   8.9e-08       4      33 .]     310     339 ..     308     339 .. 0.96

  Alignments for each domain:
  == domain 1  score: 27.2 bits;  conditional E-value: 4.7e-08
        ihelix_seed_hmm   4 lvalvllLlvAGheTTtnaiswalllLlrh 33 
                            +++++l+L+++G eT+ ++++wa+ lLl++
  sp|O49394|C82C2_ARATH 310 IKSTCLALILGGSETSPSTLTWAISLLLNN 339
                            889*************************97 PP

>> sp|P48635|ERYK_SACEN  Erythromycin C-12 hydroxylase OS=Saccharopolyspora erythraea (strain ATCC 11635 / DSM 40517 / J
   #    score  bias  c-Evalue  i-Evalue hmmfrom  hmm to    alifrom  ali to    envfrom  env to     acc
 ---   ------ ----- --------- --------- ------- -------    ------- -------    ------- -------    ----
   1 !   27.2   1.5   4.6e-08   8.6e-08       1      33 []     214     246 ..     214     246 .. 0.97

  Alignments for each domain:
  == domain 1  score: 27.2 bits;  conditional E-value: 4.6e-08
       ihelix_seed_hmm   1 deelvalvllLlvAGheTTtnaiswalllLlrh 33 
                           dee++++ ++Ll+AGh TTt ++++++ +L +h
  sp|P48635|ERYK_SACEN 214 DEEAANFSTALLLAGHITTTVLLGNIVRTLDEH 246
                           89****************************988 PP

>> sp|P49430|THAS_RAT  Thromboxane-A synthase OS=Rattus norvegicus OX=10116 GN=Tbxas1 PE=2 SV=1
   #    score  bias  c-Evalue  i-Evalue hmmfrom  hmm to    alifrom  ali to    envfrom  env to     acc
 ---   ------ ----- --------- --------- ------- -------    ------- -------    ------- -------    ----
   1 !   28.1   2.0   2.5e-08   4.6e-08       2      33 .]     329     360 ..     328     360 .. 0.98

  Alignments for each domain:
  == domain 1  score: 28.1 bits;  conditional E-value: 2.5e-08
     ihelix_seed_hmm   2 eelvalvllLlvAGheTTtnaiswalllLlrh 33 
                         +e+++++ l+l+AGhe Ttn++s++++lL++h
  sp|P49430|THAS_RAT 329 DEIAGQAFLFLIAGHEITTNTLSFITYLLATH 360
                         89*****************************9 PP

>> sp|S4UX02|CYPH1_SALMI  Ferruginol synthase OS=Salvia miltiorrhiza OX=226208 GN=CYP76AH1 PE=1 SV=1
   #    score  bias  c-Evalue  i-Evalue hmmfrom  hmm to    alifrom  ali to    envfrom  env to     acc
 ---   ------ ----- --------- --------- ------- -------    ------- -------    ------- -------    ----
   1 !   28.0   1.3   2.6e-08   4.9e-08       2      33 .]     286     317 ..     285     317 .. 0.93

  Alignments for each domain:
  == domain 1  score: 28.0 bits;  conditional E-value: 2.6e-08
        ihelix_seed_hmm   2 eelvalvllLlvAGheTTtnaiswalllLlrh 33 
                            ++ ++l+l+L+v+G +T t++i wa+ +L+++
  sp|S4UX02|CYPH1_SALMI 286 HHFTHLMLDLFVGGSDTNTTSIEWAMSELVMN 317
                            57899************************987 PP

>> sp|P23295|NOR_FUSOX  NADP nitrous oxide-forming nitric oxide reductase OS=Fusarium oxysporum OX=5507 GN=CYP55A1 PE=1 
   #    score  bias  c-Evalue  i-Evalue hmmfrom  hmm to    alifrom  ali to    envfrom  env to     acc
 ---   ------ ----- --------- --------- ------- -------    ------- -------    ------- -------    ----
   1 !   27.0   0.6   5.6e-08   1.1e-07       2      33 .]     227     258 ..     226     258 .. 0.95

  Alignments for each domain:
  == domain 1  score: 27.0 bits;  conditional E-value: 5.6e-08
      ihelix_seed_hmm   2 eelvalvllLlvAGheTTtnaiswalllLlrh 33 
                          +++v+++ lLlvAG++T++n+i+ ++ +L+ h
  sp|P23295|NOR_FUSOX 227 SDAVQIAFLLLVAGNATMVNMIALGVATLAQH 258
                          5899**************************98 PP

>> sp|P24457|CP2DB_MOUSE  Cytochrome P450 2D11 OS=Mus musculus OX=10090 GN=Cyp2d11 PE=2 SV=2
   #    score  bias  c-Evalue  i-Evalue hmmfrom  hmm to    alifrom  ali to    envfrom  env to     acc
 ---   ------ ----- --------- --------- ------- -------    ------- -------    ------- -------    ----
   1 !   26.7   2.3   6.9e-08   1.3e-07       1      33 []     295     327 ..     295     327 .. 0.94

  Alignments for each domain:
  == domain 1  score: 26.7 bits;  conditional E-value: 6.9e-08
        ihelix_seed_hmm   1 deelvalvllLlvAGheTTtnaiswalllLlrh 33 
                            de+l+  v +L++AG+ TT++++swalll++ h
  sp|P24457|CP2DB_MOUSE 295 DENLRMVVGDLFTAGMVTTSTTLSWALLLMILH 327
                            7899999***********************987 PP

>> sp|A0A0C5Q4Y6|C76H2_ROSOF  Ferruginol synthase 1 OS=Rosmarinus officinalis OX=39367 GN=CYP76AH22 PE=1 SV=1
   #    score  bias  c-Evalue  i-Evalue hmmfrom  hmm to    alifrom  ali to    envfrom  env to     acc
 ---   ------ ----- --------- --------- ------- -------    ------- -------    ------- -------    ----
   1 !   27.7   1.8   3.3e-08   6.2e-08       2      33 .]     286     317 ..     285     317 .. 0.96

  Alignments for each domain:
  == domain 1  score: 27.7 bits;  conditional E-value: 3.3e-08
            ihelix_seed_hmm   2 eelvalvllLlvAGheTTtnaiswalllLlrh 33 
                                ++l++l+l+L+v+G eT+t+ i w++++Ll +
  sp|A0A0C5Q4Y6|C76H2_ROSOF 286 DHLTHLMLDLFVGGSETSTTEIEWIMWELLAN 317
                                89***************************987 PP

>> sp|Q9D816|CP255_MOUSE  Cytochrome P450 2C55 OS=Mus musculus OX=10090 GN=Cyp2c55 PE=1 SV=1
   #    score  bias  c-Evalue  i-Evalue hmmfrom  hmm to    alifrom  ali to    envfrom  env to     acc
 ---   ------ ----- --------- --------- ------- -------    ------- -------    ------- -------    ----
   1 !   26.5   1.1     8e-08   1.5e-07       5      33 .]     288     316 ..     285     316 .. 0.94

  Alignments for each domain:
  == domain 1  score: 26.5 bits;  conditional E-value: 8e-08
        ihelix_seed_hmm   5 valvllLlvAGheTTtnaiswalllLlrh 33 
                             a+v++++vAG+eTT  +++++lllLl+h
  sp|Q9D816|CP255_MOUSE 288 MATVTDIFVAGTETTNITLRYGLLLLLKH 316
                            589************************99 PP

>> sp|Q9VWR5|CP306_DROME  Cytochrome P450 306a1 OS=Drosophila melanogaster OX=7227 GN=phtm PE=1 SV=1
   #    score  bias  c-Evalue  i-Evalue hmmfrom  hmm to    alifrom  ali to    envfrom  env to     acc
 ---   ------ ----- --------- --------- ------- -------    ------- -------    ------- -------    ----
   1 !   26.6   0.1   7.6e-08   1.4e-07       1      32 [.     357     388 ..     357     389 .. 0.97

  Alignments for each domain:
  == domain 1  score: 26.6 bits;  conditional E-value: 7.6e-08
        ihelix_seed_hmm   1 deelvalvllLlvAGheTTtnaiswalllLlr 32 
                            d++l++l  +L+ AG++T+  +++w+ll+L+r
  sp|Q9VWR5|CP306_DROME 357 DDQLRHLLADLFGAGVDTSLATLRWFLLYLAR 388
                            799****************************8 PP

>> sp|Q9Y6A2|CP46A_HUMAN  Cholesterol 24-hydroxylase OS=Homo sapiens OX=9606 GN=CYP46A1 PE=1 SV=1
   #    score  bias  c-Evalue  i-Evalue hmmfrom  hmm to    alifrom  ali to    envfrom  env to     acc
 ---   ------ ----- --------- --------- ------- -------    ------- -------    ------- -------    ----
   1 !   26.1   0.1     1e-07   1.9e-07       1      32 [.     289     320 ..     289     321 .. 0.96

  Alignments for each domain:
  == domain 1  score: 26.1 bits;  conditional E-value: 1e-07
        ihelix_seed_hmm   1 deelvalvllLlvAGheTTtnaiswalllLlr 32 
                            de l+++++++++AGheT++n +++++++L+r
  sp|Q9Y6A2|CP46A_HUMAN 289 DEGLLDNFVTFFIAGHETSANHLAFTVMELSR 320
                            7899**************************97 PP

>> sp|P51538|CP3A9_RAT  Cytochrome P450 3A9 OS=Rattus norvegicus OX=10116 GN=Cyp3a9 PE=2 SV=2
   #    score  bias  c-Evalue  i-Evalue hmmfrom  hmm to    alifrom  ali to    envfrom  env to     acc
 ---   ------ ----- --------- --------- ------- -------    ------- -------    ------- -------    ----
   1 !   26.4   0.2   8.3e-08   1.6e-07       2      31 ..     293     322 ..     292     324 .. 0.94

  Alignments for each domain:
  == domain 1  score: 26.4 bits;  conditional E-value: 8.3e-08
      ihelix_seed_hmm   2 eelvalvllLlvAGheTTtnaiswalllLl 31 
                           e+va+ + +++AG eTT++a+s++l+lL+
  sp|P51538|CP3A9_RAT 293 VEIVAQSVIFIFAGYETTSSALSFVLYLLA 322
                          59***************************8 PP

>> sp|P27786|CP17A_MOUSE  Steroid 17-alpha-hydroxylase/17,20 lyase OS=Mus musculus OX=10090 GN=Cyp17a1 PE=1 SV=1
   #    score  bias  c-Evalue  i-Evalue hmmfrom  hmm to    alifrom  ali to    envfrom  env to     acc
 ---   ------ ----- --------- --------- ------- -------    ------- -------    ------- -------    ----
   1 !   27.4   0.3   4.2e-08   7.8e-08       1      33 []     288     320 ..     288     320 .. 0.96

  Alignments for each domain:
  == domain 1  score: 27.4 bits;  conditional E-value: 4.2e-08
        ihelix_seed_hmm   1 deelvalvllLlvAGheTTtnaiswalllLlrh 33 
                            d++++ +v +++ AG+eTT++++ w+l +L+++
  sp|P27786|CP17A_MOUSE 288 DKHILVTVGDIFGAGIETTSSVLNWILAFLVHN 320
                            7899**************************987 PP

>> sp|I1RJR2|CP51A_GIBZE  Sterol 14-alpha demethylase CYP51A OS=Gibberella zeae (strain ATCC MYA-4620 / CBS 123657 / FGS
   #    score  bias  c-Evalue  i-Evalue hmmfrom  hmm to    alifrom  ali to    envfrom  env to     acc
 ---   ------ ----- --------- --------- ------- -------    ------- -------    ------- -------    ----
   1 !   26.3   0.1   8.9e-08   1.7e-07       1      32 [.     278     309 ..     278     310 .. 0.96

  Alignments for each domain:
  == domain 1  score: 26.3 bits;  conditional E-value: 8.9e-08
        ihelix_seed_hmm   1 deelvalvllLlvAGheTTtnaiswalllLlr 32 
                            d+e+++++++Ll+AG++ +++a+sw++l+L++
  sp|I1RJR2|CP51A_GIBZE 278 DKEIAHMMITLLMAGQHSSSSASSWIVLHLAS 309
                            79****************************95 PP

>> sp|Q64680|CP2D4_RAT  Cytochrome P450 2D4 OS=Rattus norvegicus OX=10116 GN=Cyp2d4 PE=2 SV=1
   #    score  bias  c-Evalue  i-Evalue hmmfrom  hmm to    alifrom  ali to    envfrom  env to     acc
 ---   ------ ----- --------- --------- ------- -------    ------- -------    ------- -------    ----
   1 !   26.2   1.4   9.9e-08   1.9e-07       1      31 [.     295     325 ..     295     327 .. 0.95

  Alignments for each domain:
  == domain 1  score: 26.2 bits;  conditional E-value: 9.9e-08
      ihelix_seed_hmm   1 deelvalvllLlvAGheTTtnaiswalllLl 31 
                          de+l+  v +L++AG+ TT+++++wall+++
  sp|Q64680|CP2D4_RAT 295 DENLRVVVADLFMAGMVTTSTTLTWALLFMI 325
                          7999*************************96 PP

>> sp|Q5KQT7|CP1A1_FELCA  Cytochrome P450 1A1 OS=Felis catus OX=9685 GN=CYP1A1 PE=2 SV=1
   #    score  bias  c-Evalue  i-Evalue hmmfrom  hmm to    alifrom  ali to    envfrom  env to     acc
 ---   ------ ----- --------- --------- ------- -------    ------- -------    ------- -------    ----
   1 !   25.9   0.0   1.2e-07   2.2e-07       1      32 [.     309     340 ..     309     341 .. 0.95

  Alignments for each domain:
  == domain 1  score: 25.9 bits;  conditional E-value: 1.2e-07
        ihelix_seed_hmm   1 deelvalvllLlvAGheTTtnaiswalllLlr 32 
                            de +v+ v +L+ AG +T+t+aisw l++L++
  sp|Q5KQT7|CP1A1_FELCA 309 DEKIVNVVSDLFGAGFDTVTTAISWCLMYLVT 340
                            789***************************87 PP

>> sp|B8QHP1|CP52M_STABO  Cytochrome P450 52-M1 OS=Starmerella bombicola OX=75736 GN=cyp52M1 PE=1 SV=1
   #    score  bias  c-Evalue  i-Evalue hmmfrom  hmm to    alifrom  ali to    envfrom  env to     acc
 ---   ------ ----- --------- --------- ------- -------    ------- -------    ------- -------    ----
   1 !   25.8   0.2   1.3e-07   2.4e-07       4      33 .]     326     355 ..     325     355 .. 0.97

  Alignments for each domain:
  == domain 1  score: 25.8 bits;  conditional E-value: 1.3e-07
        ihelix_seed_hmm   4 lvalvllLlvAGheTTtnaiswalllLlrh 33 
                            +++++ ++l+AG +TT+ ++s+a+++L+r+
  sp|B8QHP1|CP52M_STABO 326 IRDQIFNILIAGRDTTAATLSFAIHFLARN 355
                            899**************************8 PP

>> sp|P14263|CP51_CANTR  Lanosterol 14-alpha demethylase OS=Candida tropicalis OX=5482 GN=ERG11 PE=3 SV=2
   #    score  bias  c-Evalue  i-Evalue hmmfrom  hmm to    alifrom  ali to    envfrom  env to     acc
 ---   ------ ----- --------- --------- ------- -------    ------- -------    ------- -------    ----
   1 !   26.1   0.4     1e-07   1.9e-07       1      32 [.     294     325 ..     294     326 .. 0.96

  Alignments for each domain:
  == domain 1  score: 26.1 bits;  conditional E-value: 1e-07
       ihelix_seed_hmm   1 deelvalvllLlvAGheTTtnaiswalllLlr 32 
                           d+e+++l + +l++G++T++++++w+ll+L++
  sp|P14263|CP51_CANTR 294 DQEIANLLIGVLMGGQHTSASTSAWFLLHLAE 325
                           79****************************95 PP

>> sp|P56593|CP2AC_MOUSE  Cytochrome P450 2A12 OS=Mus musculus OX=10090 GN=Cyp2a12 PE=1 SV=2
   #    score  bias  c-Evalue  i-Evalue hmmfrom  hmm to    alifrom  ali to    envfrom  env to     acc
 ---   ------ ----- --------- --------- ------- -------    ------- -------    ------- -------    ----
   1 !   27.0   0.2   5.5e-08     1e-07       2      33 .]     287     318 ..     286     318 .. 0.94

  Alignments for each domain:
  == domain 1  score: 27.0 bits;  conditional E-value: 5.5e-08
        ihelix_seed_hmm   2 eelvalvllLlvAGheTTtnaiswalllLlrh 33 
                            ++lv + l+L++AG eT+++++++++llL +h
  sp|P56593|CP2AC_MOUSE 287 KNLVMTSLNLFFAGSETVSSTLRYGFLLLMKH 318
                            6888899**********************998 PP

>> sp|P24463|CP3AC_CANLF  Cytochrome P450 3A12 OS=Canis lupus familiaris OX=9615 GN=CYP3A12 PE=2 SV=1
   #    score  bias  c-Evalue  i-Evalue hmmfrom  hmm to    alifrom  ali to    envfrom  env to     acc
 ---   ------ ----- --------- --------- ------- -------    ------- -------    ------- -------    ----
   1 !   25.9   0.5   1.2e-07   2.3e-07       2      33 .]     293     324 ..     292     324 .. 0.96

  Alignments for each domain:
  == domain 1  score: 25.9 bits;  conditional E-value: 1.2e-07
        ihelix_seed_hmm   2 eelvalvllLlvAGheTTtnaiswalllLlrh 33 
                             elva+ + +++AG eTT++++s+ +++L++h
  sp|P24463|CP3AC_CANLF 293 LELVAQSIIFIFAGYETTSTSLSFLMYELATH 324
                            69*****************************9 PP

>> sp|Q1JPY5|CYP51_DANRE  Lanosterol 14-alpha demethylase OS=Danio rerio OX=7955 GN=cyp51 PE=1 SV=1
   #    score  bias  c-Evalue  i-Evalue hmmfrom  hmm to    alifrom  ali to    envfrom  env to     acc
 ---   ------ ----- --------- --------- ------- -------    ------- -------    ------- -------    ----
   1 !   25.7   0.3   1.4e-07   2.7e-07       1      32 [.     290     321 ..     290     322 .. 0.96

  Alignments for each domain:
  == domain 1  score: 25.7 bits;  conditional E-value: 1.4e-07
        ihelix_seed_hmm   1 deelvalvllLlvAGheTTtnaiswalllLlr 32 
                            d+e++++ + Ll+AG++T++++++w+ ++L+r
  sp|Q1JPY5|CYP51_DANRE 290 DDEIAGMLIGLLLAGQHTSSTTSAWMGFFLAR 321
                            79************************999998 PP

>> sp|Q64654|CP51A_RAT  Lanosterol 14-alpha demethylase OS=Rattus norvegicus OX=10116 GN=Cyp51a1 PE=1 SV=1
   #    score  bias  c-Evalue  i-Evalue hmmfrom  hmm to    alifrom  ali to    envfrom  env to     acc
 ---   ------ ----- --------- --------- ------- -------    ------- -------    ------- -------    ----
   1 !   25.7   0.3   1.5e-07   2.7e-07       1      32 [.     298     329 ..     298     330 .. 0.96

  Alignments for each domain:
  == domain 1  score: 25.7 bits;  conditional E-value: 1.5e-07
      ihelix_seed_hmm   1 deelvalvllLlvAGheTTtnaiswalllLlr 32 
                          d+e++++ + Ll+AG++T++++++w+ ++L+r
  sp|Q64654|CP51A_RAT 298 DDEIAGMLIGLLLAGQHTSSTTSAWMGFFLAR 329
                          79************************999998 PP

>> sp|P00176|CP2B1_RAT  Cytochrome P450 2B1 OS=Rattus norvegicus OX=10116 GN=Cyp2b1 PE=1 SV=1
   #    score  bias  c-Evalue  i-Evalue hmmfrom  hmm to    alifrom  ali to    envfrom  env to     acc
 ---   ------ ----- --------- --------- ------- -------    ------- -------    ------- -------    ----
   1 !   25.4   0.7   1.8e-07   3.4e-07       6      33 .]     290     317 ..     285     317 .. 0.87

  Alignments for each domain:
  == domain 1  score: 25.4 bits;  conditional E-value: 1.8e-07
      ihelix_seed_hmm   6 alvllLlvAGheTTtnaiswalllLlrh 33 
                             l+L++AG+eT+++++++++ll+l++
  sp|P00176|CP2B1_RAT 290 ISLLSLFFAGTETSSTTLRYGFLLMLKY 317
                          56799********************986 PP

>> sp|I1H7R8|C90B1_BRADI  Steroid (22S)-hydroxylase OS=Brachypodium distachyon OX=15368 GN=CYP90B1 PE=1 SV=1
   #    score  bias  c-Evalue  i-Evalue hmmfrom  hmm to    alifrom  ali to    envfrom  env to     acc
 ---   ------ ----- --------- --------- ------- -------    ------- -------    ------- -------    ----
   1 !   25.1   0.7   2.1e-07     4e-07       2      30 ..     290     318 ..     289     318 .. 0.96

  Alignments for each domain:
  == domain 1  score: 25.1 bits;  conditional E-value: 2.1e-07
        ihelix_seed_hmm   2 eelvalvllLlvAGheTTtnaiswalllL 30 
                            e++++l l+Ll+AGheT++ a++ a+++L
  sp|I1H7R8|C90B1_BRADI 290 EQILDLLLSLLFAGHETSSMALALAIFFL 318
                            899************************98 PP

>> sp|P0DO39|CP180_ORIVU  Cytochrome P450 71D180 OS=Origanum vulgare OX=39352 GN=CYP71D180 PE=1 SV=1
   #    score  bias  c-Evalue  i-Evalue hmmfrom  hmm to    alifrom  ali to    envfrom  env to     acc
 ---   ------ ----- --------- --------- ------- -------    ------- -------    ------- -------    ----
   1 !   25.6   0.0   1.5e-07   2.8e-07       3      33 .]     286     316 ..     284     316 .. 0.94

  Alignments for each domain:
  == domain 1  score: 25.6 bits;  conditional E-value: 1.5e-07
        ihelix_seed_hmm   3 elvalvllLlvAGheTTtnaiswalllLlrh 33 
                             +++++ +++ AG+eT++++i wal +L ++
  sp|P0DO39|CP180_ORIVU 286 GIKGFIFDVFSAGTETSATTIQWALSELMKN 316
                            6899************************987 PP

>> sp|P0DO38|CP180_THYVU  Cytochrome P450 71D180 OS=Thymus vulgaris OX=49992 GN=CYP71D180 PE=1 SV=1
   #    score  bias  c-Evalue  i-Evalue hmmfrom  hmm to    alifrom  ali to    envfrom  env to     acc
 ---   ------ ----- --------- --------- ------- -------    ------- -------    ------- -------    ----
   1 !   25.6   0.0   1.5e-07   2.8e-07       3      33 .]     286     316 ..     284     316 .. 0.94

  Alignments for each domain:
  == domain 1  score: 25.6 bits;  conditional E-value: 1.5e-07
        ihelix_seed_hmm   3 elvalvllLlvAGheTTtnaiswalllLlrh 33 
                             +++++ +++ AG+eT++++i wal +L ++
  sp|P0DO38|CP180_THYVU 286 GIKGFIFDVFSAGTETSATTIQWALSELMKN 316
                            6899************************987 PP

>> sp|Q5CCK3|C90B2_ORYSJ  Steroid (22S)-hydroxylase OS=Oryza sativa subsp. japonica OX=39947 GN=CYP90B2 PE=1 SV=1
   #    score  bias  c-Evalue  i-Evalue hmmfrom  hmm to    alifrom  ali to    envfrom  env to     acc
 ---   ------ ----- --------- --------- ------- -------    ------- -------    ------- -------    ----
   1 !   25.1   0.7   2.1e-07     4e-07       2      30 ..     293     321 ..     292     321 .. 0.96

  Alignments for each domain:
  == domain 1  score: 25.1 bits;  conditional E-value: 2.1e-07
        ihelix_seed_hmm   2 eelvalvllLlvAGheTTtnaiswalllL 30 
                            e++++l l+Ll+AGheT++ a++ a+++L
  sp|Q5CCK3|C90B2_ORYSJ 293 EQILDLLLSLLFAGHETSSMALALAIFFL 321
                            899************************98 PP

>> sp|P20812|CP2A3_RAT  Cytochrome P450 2A3 OS=Rattus norvegicus OX=10116 GN=Cyp2a3 PE=2 SV=1
   #    score  bias  c-Evalue  i-Evalue hmmfrom  hmm to    alifrom  ali to    envfrom  env to     acc
 ---   ------ ----- --------- --------- ------- -------    ------- -------    ------- -------    ----
   1 !   26.5   1.5   7.6e-08   1.4e-07       2      33 .]     289     320 ..     288     320 .. 0.94

  Alignments for each domain:
  == domain 1  score: 26.5 bits;  conditional E-value: 7.6e-08
      ihelix_seed_hmm   2 eelvalvllLlvAGheTTtnaiswalllLlrh 33 
                          ++lv + l+L++AG+eT+++++++++llL +h
  sp|P20812|CP2A3_RAT 289 KNLVLTTLNLFFAGTETVSTTLRYGFLLLMKH 320
                          7899999**********************998 PP

>> sp|P20852|CP2A5_MOUSE  Cytochrome P450 2A5 OS=Mus musculus OX=10090 GN=Cyp2a5 PE=2 SV=1
   #    score  bias  c-Evalue  i-Evalue hmmfrom  hmm to    alifrom  ali to    envfrom  env to     acc
 ---   ------ ----- --------- --------- ------- -------    ------- -------    ------- -------    ----
   1 !   26.5   1.5   7.6e-08   1.4e-07       2      33 .]     289     320 ..     288     320 .. 0.94

  Alignments for each domain:
  == domain 1  score: 26.5 bits;  conditional E-value: 7.6e-08
        ihelix_seed_hmm   2 eelvalvllLlvAGheTTtnaiswalllLlrh 33 
                            ++lv + l+L++AG+eT+++++++++llL +h
  sp|P20852|CP2A5_MOUSE 289 KNLVLTTLNLFFAGTETVSTTLRYGFLLLMKH 320
                            7899999**********************998 PP

>> sp|Q64459|CP3AB_MOUSE  Cytochrome P450 3A11 OS=Mus musculus OX=10090 GN=Cyp3a11 PE=1 SV=1
   #    score  bias  c-Evalue  i-Evalue hmmfrom  hmm to    alifrom  ali to    envfrom  env to     acc
 ---   ------ ----- --------- --------- ------- -------    ------- -------    ------- -------    ----
   1 !   25.6   1.1   1.6e-07   2.9e-07       3      33 .]     295     325 ..     293     325 .. 0.97

  Alignments for each domain:
  == domain 1  score: 25.6 bits;  conditional E-value: 1.6e-07
        ihelix_seed_hmm   3 elvalvllLlvAGheTTtnaiswalllLlrh 33 
                            e++a+ + +++AG eTT++++s++l+ L++h
  sp|Q64459|CP3AB_MOUSE 295 EITAQSIIFIFAGYETTSSTLSFTLHSLATH 325
                            899***************************9 PP

>> sp|Q05421|CP2E1_MOUSE  Cytochrome P450 2E1 OS=Mus musculus OX=10090 GN=Cyp2e1 PE=1 SV=1
   #    score  bias  c-Evalue  i-Evalue hmmfrom  hmm to    alifrom  ali to    envfrom  env to     acc
 ---   ------ ----- --------- --------- ------- -------    ------- -------    ------- -------    ----
   1 !   25.5   0.7   1.6e-07     3e-07       2      33 .]     287     318 ..     286     318 .. 0.88

  Alignments for each domain:
  == domain 1  score: 25.5 bits;  conditional E-value: 1.6e-07
        ihelix_seed_hmm   2 eelvalvllLlvAGheTTtnaiswalllLlrh 33 
                            e++  +  +L++AG+eTT+++++++ll L ++
  sp|Q05421|CP2E1_MOUSE 287 ENISVTLADLFFAGTETTSTTLRYGLLILMKY 318
                            56666889*******************99875 PP

>> sp|P51581|CP2E1_MESAU  Cytochrome P450 2E1 OS=Mesocricetus auratus OX=10036 GN=CYP2E1 PE=2 SV=1
   #    score  bias  c-Evalue  i-Evalue hmmfrom  hmm to    alifrom  ali to    envfrom  env to     acc
 ---   ------ ----- --------- --------- ------- -------    ------- -------    ------- -------    ----
   1 !   25.5   0.7   1.6e-07     3e-07       2      33 .]     287     318 ..     286     318 .. 0.88

  Alignments for each domain:
  == domain 1  score: 25.5 bits;  conditional E-value: 1.6e-07
        ihelix_seed_hmm   2 eelvalvllLlvAGheTTtnaiswalllLlrh 33 
                            e++  +  +L++AG+eTT+++++++ll L ++
  sp|P51581|CP2E1_MESAU 287 ENISVTLADLFFAGTETTSTTLRYGLLILMKY 318
                            56666889*******************99875 PP

>> sp|P0DO41|CP181_ORIVU  Cytochrome P450 71D181 OS=Origanum vulgare OX=39352 GN=CYP71D181 PE=1 SV=1
   #    score  bias  c-Evalue  i-Evalue hmmfrom  hmm to    alifrom  ali to    envfrom  env to     acc
 ---   ------ ----- --------- --------- ------- -------    ------- -------    ------- -------    ----
   1 !   25.6   0.0   1.5e-07   2.9e-07       3      33 .]     286     316 ..     284     316 .. 0.94

  Alignments for each domain:
  == domain 1  score: 25.6 bits;  conditional E-value: 1.5e-07
        ihelix_seed_hmm   3 elvalvllLlvAGheTTtnaiswalllLlrh 33 
                             +++++ +++ AG+eT++++i wal +L ++
  sp|P0DO41|CP181_ORIVU 286 GIKGFIFDVFSAGTETSATTIQWALSELMKN 316
                            6899************************987 PP

>> sp|P0DO42|CP181_THYVU  Cytochrome P450 71D181 OS=Thymus vulgaris OX=49992 GN=CYP71D181 PE=1 SV=1
   #    score  bias  c-Evalue  i-Evalue hmmfrom  hmm to    alifrom  ali to    envfrom  env to     acc
 ---   ------ ----- --------- --------- ------- -------    ------- -------    ------- -------    ----
   1 !   25.6   0.0   1.5e-07   2.9e-07       3      33 .]     286     316 ..     284     316 .. 0.94

  Alignments for each domain:
  == domain 1  score: 25.6 bits;  conditional E-value: 1.5e-07
        ihelix_seed_hmm   3 elvalvllLlvAGheTTtnaiswalllLlrh 33 
                             +++++ +++ AG+eT++++i wal +L ++
  sp|P0DO42|CP181_THYVU 286 GIKGFIFDVFSAGTETSATTIQWALSELMKN 316
                            6899************************987 PP

>> sp|A0A0C5QRZ2|C76H2_SALFT  Ferruginol synthase OS=Salvia fruticosa OX=268906 GN=CYP76AH24 PE=1 SV=1
   #    score  bias  c-Evalue  i-Evalue hmmfrom  hmm to    alifrom  ali to    envfrom  env to     acc
 ---   ------ ----- --------- --------- ------- -------    ------- -------    ------- -------    ----
   1 !   26.3   1.9   8.8e-08   1.6e-07       2      31 ..     285     314 ..     284     316 .. 0.95

  Alignments for each domain:
  == domain 1  score: 26.3 bits;  conditional E-value: 8.8e-08
            ihelix_seed_hmm   2 eelvalvllLlvAGheTTtnaiswalllLl 31 
                                e+l++l+l+L+v+G eT+t+ i w++++Ll
  sp|A0A0C5QRZ2|C76H2_SALFT 285 EHLTHLMLDLFVGGSETSTTEIEWIMWELL 314
                                89***************************9 PP

>> sp|E9QY26|CP51B_ASPFU  Sterol 14-alpha demethylase cyp51B OS=Aspergillus fumigatus (strain ATCC MYA-4609 / CBS 101355
   #    score  bias  c-Evalue  i-Evalue hmmfrom  hmm to    alifrom  ali to    envfrom  env to     acc
 ---   ------ ----- --------- --------- ------- -------    ------- -------    ------- -------    ----
   1 !   25.0   0.2   2.4e-07   4.5e-07       1      32 [.     294     325 ..     294     326 .. 0.97

  Alignments for each domain:
  == domain 1  score: 25.0 bits;  conditional E-value: 2.4e-07
        ihelix_seed_hmm   1 deelvalvllLlvAGheTTtnaiswalllLlr 32 
                            dee+++++++Ll+AG++ ++++ sw++l L++
  sp|E9QY26|CP51B_ASPFU 294 DEEIAHMMIALLMAGQHSSSSTASWIVLRLAT 325
                            89****************************98 PP

>> sp|Q00441|CPXJ_SACEN  6-deoxyerythronolide B hydroxylase OS=Saccharopolyspora erythraea (strain ATCC 11635 / DSM 4051
   #    score  bias  c-Evalue  i-Evalue hmmfrom  hmm to    alifrom  ali to    envfrom  env to     acc
 ---   ------ ----- --------- --------- ------- -------    ------- -------    ------- -------    ----
   1 !   26.3   2.3   9.2e-08   1.7e-07       2      33 .]     229     260 ..     228     260 .. 0.97

  Alignments for each domain:
  == domain 1  score: 26.3 bits;  conditional E-value: 9.2e-08
       ihelix_seed_hmm   2 eelvalvllLlvAGheTTtnaiswalllLlrh 33 
                           +el++++l+Ll+AG e+++++i+ +++lLl+h
  sp|Q00441|CPXJ_SACEN 229 DELTSIALVLLLAGFEASVSLIGIGTYLLLTH 260
                           8******************************9 PP

>> sp|Q3LFT9|CP1A2_BALAC  Cytochrome P450 1A2 OS=Balaenoptera acutorostrata OX=9767 GN=CYP1A2 PE=2 SV=3
   #    score  bias  c-Evalue  i-Evalue hmmfrom  hmm to    alifrom  ali to    envfrom  env to     acc
 ---   ------ ----- --------- --------- ------- -------    ------- -------    ------- -------    ----
   1 !   24.9   0.1   2.5e-07   4.6e-07       5      33 .]     308     336 ..     306     336 .. 0.96

  Alignments for each domain:
  == domain 1  score: 24.9 bits;  conditional E-value: 2.5e-07
        ihelix_seed_hmm   5 valvllLlvAGheTTtnaiswalllLlrh 33 
                            v+lv ++++AG +  t+aisw+ll+L+++
  sp|Q3LFT9|CP1A2_BALAC 308 VNLVNDIFAAGFDPITTAISWSLLYLVTN 336
                            689************************98 PP

>> sp|Q4WNT5|CP51A_ASPFU  Sterol 14-alpha demethylase cyp51A OS=Aspergillus fumigatus (strain ATCC MYA-4609 / CBS 101355
   #    score  bias  c-Evalue  i-Evalue hmmfrom  hmm to    alifrom  ali to    envfrom  env to     acc
 ---   ------ ----- --------- --------- ------- -------    ------- -------    ------- -------    ----
   1 ?    2.5   0.0       3.1       5.8       3      21 ..      66      84 ..      65      85 .. 0.87
   2 !   20.9   0.1   4.8e-06   8.9e-06       1      31 [.     280     310 ..     280     311 .. 0.96

  Alignments for each domain:
  == domain 1  score: 2.5 bits;  conditional E-value: 3.1
        ihelix_seed_hmm  3 elvalvllLlvAGheTTtn 21
                           e+ + + ++++ G+ TT++
  sp|Q4WNT5|CP51A_ASPFU 66 EKYGDIFTFILLGQKTTVY 84
                           6678899**********97 PP

  == domain 2  score: 20.9 bits;  conditional E-value: 4.8e-06
        ihelix_seed_hmm   1 deelvalvllLlvAGheTTtnaiswalllLl 31 
                            d+e+++++++Ll+AG++ +++ ++w++l L+
  sp|Q4WNT5|CP51A_ASPFU 280 DKEIAHMMITLLMAGQHSSSSISAWIMLRLA 310
                            79***************************98 PP

>> sp|Q06069|CPXM_PRIMG  Cytochrome P450(MEG) OS=Priestia megaterium OX=1404 GN=cyp106A2 PE=1 SV=1
   #    score  bias  c-Evalue  i-Evalue hmmfrom  hmm to    alifrom  ali to    envfrom  env to     acc
 ---   ------ ----- --------- --------- ------- -------    ------- -------    ------- -------    ----
   1 !   25.1   0.4   2.2e-07   4.1e-07       1      31 [.     230     260 ..     230     260 .. 0.97

  Alignments for each domain:
  == domain 1  score: 25.1 bits;  conditional E-value: 2.2e-07
       ihelix_seed_hmm   1 deelvalvllLlvAGheTTtnaiswalllLl 31 
                           d+e+v++ +l+l AG+eTT+ +++++++ Ll
  sp|Q06069|CPXM_PRIMG 230 DDEVVRTTMLILGAGVETTSHLLANSFYSLL 260
                           79**************************997 PP

>> sp|P20814|CP2CD_RAT  Cytochrome P450 2C13, male-specific OS=Rattus norvegicus OX=10116 GN=Cyp2c13 PE=1 SV=1
   #    score  bias  c-Evalue  i-Evalue hmmfrom  hmm to    alifrom  ali to    envfrom  env to     acc
 ---   ------ ----- --------- --------- ------- -------    ------- -------    ------- -------    ----
   1 !   24.6   0.7     3e-07   5.7e-07       2      33 .]     285     316 ..     284     316 .. 0.95

  Alignments for each domain:
  == domain 1  score: 24.6 bits;  conditional E-value: 3e-07
      ihelix_seed_hmm   2 eelvalvllLlvAGheTTtnaiswalllLlrh 33 
                          e+l+ +v++L++AG+eT++++ ++alllL ++
  sp|P20814|CP2CD_RAT 285 EHLAIMVTDLFFAGIETVSSTMRFALLLLMKY 316
                          899**************************875 PP

>> sp|H2KYS3|DAF9_CAEEL  3-ketosteroid oxygenase OS=Caenorhabditis elegans OX=6239 GN=daf-9 PE=1 SV=1
   #    score  bias  c-Evalue  i-Evalue hmmfrom  hmm to    alifrom  ali to    envfrom  env to     acc
 ---   ------ ----- --------- --------- ------- -------    ------- -------    ------- -------    ----
   1 !   25.0   0.6   2.4e-07   4.5e-07       4      33 .]     364     393 ..     361     393 .. 0.93

  Alignments for each domain:
  == domain 1  score: 25.0 bits;  conditional E-value: 2.4e-07
       ihelix_seed_hmm   4 lvalvllLlvAGheTTtnaiswalllLlrh 33 
                           ++ ++ ++ ++G+eTT+++++w++++Ll++
  sp|H2KYS3|DAF9_CAEEL 364 IILTCGDMWTGGMETTVTTLRWGIIYLLNN 393
                           8889************************97 PP

>> sp|B8NFL5|CP51B_ASPFN  Sterol 14-alpha demethylase OS=Aspergillus flavus (strain ATCC 200026 / FGSC A1120 / IAM 13836
   #    score  bias  c-Evalue  i-Evalue hmmfrom  hmm to    alifrom  ali to    envfrom  env to     acc
 ---   ------ ----- --------- --------- ------- -------    ------- -------    ------- -------    ----
   1 !   24.6   0.8   3.1e-07   5.7e-07       1      31 [.     261     291 ..     261     293 .. 0.96

  Alignments for each domain:
  == domain 1  score: 24.6 bits;  conditional E-value: 3.1e-07
        ihelix_seed_hmm   1 deelvalvllLlvAGheTTtnaiswalllLl 31 
                            dee+++++++Ll+AG++ ++++ +w++l+L+
  sp|B8NFL5|CP51B_ASPFN 261 DEEIAHMMIALLMAGQHSSSSTAAWIVLHLA 291
                            89****************************9 PP

>> sp|P24453|CP1A2_MESAU  Cytochrome P450 1A2 OS=Mesocricetus auratus OX=10036 GN=CYP1A2 PE=1 SV=4
   #    score  bias  c-Evalue  i-Evalue hmmfrom  hmm to    alifrom  ali to    envfrom  env to     acc
 ---   ------ ----- --------- --------- ------- -------    ------- -------    ------- -------    ----
   1 !   24.7   0.5     3e-07   5.6e-07       2      32 ..     303     333 ..     302     333 .. 0.94

  Alignments for each domain:
  == domain 1  score: 24.7 bits;  conditional E-value: 3e-07
        ihelix_seed_hmm   2 eelvalvllLlvAGheTTtnaiswalllLlr 32 
                            e +v++v +L+ AG +T+t+ai+ ++llL++
  sp|P24453|CP1A2_MESAU 303 EKIVNIVNDLFGAGFDTVTTAITLSILLLVT 333
                            679**************************86 PP

>> sp|P12939|CP2DA_RAT  Cytochrome P450 2D10 OS=Rattus norvegicus OX=10116 GN=Cyp2d10 PE=1 SV=1
   #    score  bias  c-Evalue  i-Evalue hmmfrom  hmm to    alifrom  ali to    envfrom  env to     acc
 ---   ------ ----- --------- --------- ------- -------    ------- -------    ------- -------    ----
   1 !   24.9   3.0   2.6e-07   4.9e-07       1      32 [.     295     326 ..     295     327 .. 0.93

  Alignments for each domain:
  == domain 1  score: 24.9 bits;  conditional E-value: 2.6e-07
      ihelix_seed_hmm   1 deelvalvllLlvAGheTTtnaiswalllLlr 32 
                          de+l+  v++L++AG+ TT+++++walll++ 
  sp|P12939|CP2DA_RAT 295 DENLRMVVVDLFTAGMVTTATTLTWALLLMIL 326
                          7899999**********************975 PP

>> sp|P11711|CP2A1_RAT  Cytochrome P450 2A1 OS=Rattus norvegicus OX=10116 GN=Cyp2a1 PE=1 SV=2
   #    score  bias  c-Evalue  i-Evalue hmmfrom  hmm to    alifrom  ali to    envfrom  env to     acc
 ---   ------ ----- --------- --------- ------- -------    ------- -------    ------- -------    ----
   1 !   24.6   0.4   3.2e-07   5.9e-07       3      33 .]     288     318 ..     286     318 .. 0.90

  Alignments for each domain:
  == domain 1  score: 24.6 bits;  conditional E-value: 3.2e-07
      ihelix_seed_hmm   3 elvalvllLlvAGheTTtnaiswalllLlrh 33 
                          +lv + l+L++AG eT+++++++++llL +h
  sp|P11711|CP2A1_RAT 288 NLVMTTLSLFFAGSETVSSTLRYGFLLLMKH 318
                          6677779*********************998 PP

>> sp|P10633|CP2D1_RAT  Cytochrome P450 2D1 OS=Rattus norvegicus OX=10116 GN=Cyp2d1 PE=2 SV=1
   #    score  bias  c-Evalue  i-Evalue hmmfrom  hmm to    alifrom  ali to    envfrom  env to     acc
 ---   ------ ----- --------- --------- ------- -------    ------- -------    ------- -------    ----
   1 !   24.9   3.0   2.6e-07   4.9e-07       1      32 [.     295     326 ..     295     327 .. 0.93

  Alignments for each domain:
  == domain 1  score: 24.9 bits;  conditional E-value: 2.6e-07
      ihelix_seed_hmm   1 deelvalvllLlvAGheTTtnaiswalllLlr 32 
                          de+l+  v++L++AG+ TT+++++walll++ 
  sp|P10633|CP2D1_RAT 295 DENLRMVVVDLFTAGMVTTATTLTWALLLMIL 326
                          7899999**********************975 PP

>> sp|P05182|CP2E1_RAT  Cytochrome P450 2E1 OS=Rattus norvegicus OX=10116 GN=Cyp2e1 PE=1 SV=4
   #    score  bias  c-Evalue  i-Evalue hmmfrom  hmm to    alifrom  ali to    envfrom  env to     acc
 ---   ------ ----- --------- --------- ------- -------    ------- -------    ------- -------    ----
   1 !   24.8   0.6   2.6e-07   4.9e-07       7      33 .]     292     318 ..     286     318 .. 0.88

  Alignments for each domain:
  == domain 1  score: 24.8 bits;  conditional E-value: 2.6e-07
      ihelix_seed_hmm   7 lvllLlvAGheTTtnaiswalllLlrh 33 
                          +  +L++AG+eTT+++++++ll L ++
  sp|P05182|CP2E1_RAT 292 TLADLFFAGTETTSTTLRYGLLILMKY 318
                          6789******************99875 PP

>> sp|P15392|CP2A4_MOUSE  Cytochrome P450 2A4 OS=Mus musculus OX=10090 GN=Cyp2a4 PE=2 SV=3
   #    score  bias  c-Evalue  i-Evalue hmmfrom  hmm to    alifrom  ali to    envfrom  env to     acc
 ---   ------ ----- --------- --------- ------- -------    ------- -------    ------- -------    ----
   1 !   25.6   1.0   1.5e-07   2.8e-07       2      33 .]     289     320 ..     288     320 .. 0.93

  Alignments for each domain:
  == domain 1  score: 25.6 bits;  conditional E-value: 1.5e-07
        ihelix_seed_hmm   2 eelvalvllLlvAGheTTtnaiswalllLlrh 33 
                            ++lv + l+L++AG+eT+++++++++llL ++
  sp|P15392|CP2A4_MOUSE 289 KNLVLTTLNLFFAGTETVSTTLRYGFLLLMKY 320
                            7899999**********************875 PP

>> sp|P05179|CP2C7_RAT  Cytochrome P450 2C7 OS=Rattus norvegicus OX=10116 GN=Cyp2c7 PE=1 SV=2
   #    score  bias  c-Evalue  i-Evalue hmmfrom  hmm to    alifrom  ali to    envfrom  env to     acc
 ---   ------ ----- --------- --------- ------- -------    ------- -------    ------- -------    ----
   1 !   24.5   0.3   3.5e-07   6.5e-07       2      33 .]     285     316 ..     284     316 .. 0.89

  Alignments for each domain:
  == domain 1  score: 24.5 bits;  conditional E-value: 3.5e-07
      ihelix_seed_hmm   2 eelvalvllLlvAGheTTtnaiswalllLlrh 33 
                          e+l+  +++L+ AG+eT+++++++alllL ++
  sp|P05179|CP2C7_RAT 285 ENLTCSIMDLIGAGTETMSTTLRYALLLLMKY 316
                          6666679**********************875 PP

>> sp|Q4R8S6|CP51A_MACFA  Lanosterol 14-alpha demethylase OS=Macaca fascicularis OX=9541 GN=CYP51A1 PE=2 SV=3
   #    score  bias  c-Evalue  i-Evalue hmmfrom  hmm to    alifrom  ali to    envfrom  env to     acc
 ---   ------ ----- --------- --------- ------- -------    ------- -------    ------- -------    ----
   1 !   24.1   0.3   4.4e-07   8.3e-07       1      32 [.     304     335 ..     304     336 .. 0.96

  Alignments for each domain:
  == domain 1  score: 24.1 bits;  conditional E-value: 4.4e-07
        ihelix_seed_hmm   1 deelvalvllLlvAGheTTtnaiswalllLlr 32 
                            d+e++++ + Ll+AG++T++++++w+ ++L+r
  sp|Q4R8S6|CP51A_MACFA 304 DDEVAGMLIGLLLAGQHTSSTTSAWMGFFLAR 335
                            79************************999998 PP

>> sp|Q9FI39|THAD_ARATH  Cytochrome P450 705A5 OS=Arabidopsis thaliana OX=3702 GN=CYP705A5 PE=2 SV=1
   #    score  bias  c-Evalue  i-Evalue hmmfrom  hmm to    alifrom  ali to    envfrom  env to     acc
 ---   ------ ----- --------- --------- ------- -------    ------- -------    ------- -------    ----
   1 !   24.4   0.0   3.8e-07     7e-07       2      33 .]     300     331 ..     299     331 .. 0.93

  Alignments for each domain:
  == domain 1  score: 24.4 bits;  conditional E-value: 3.8e-07
       ihelix_seed_hmm   2 eelvalvllLlvAGheTTtnaiswalllLlrh 33 
                           +++++l+++L+ AG+e+++n+i w++ + +++
  sp|Q9FI39|THAD_ARATH 300 DQIKSLFVDLFSAGTEASANTIQWTMAEIIKN 331
                           789***********************998876 PP

>> sp|Q9NGX9|CP302_DROME  Cytochrome P450 302a1, mitochondrial OS=Drosophila melanogaster OX=7227 GN=dib PE=2 SV=2
   #    score  bias  c-Evalue  i-Evalue hmmfrom  hmm to    alifrom  ali to    envfrom  env to     acc
 ---   ------ ----- --------- --------- ------- -------    ------- -------    ------- -------    ----
   1 !   24.5   0.1   3.3e-07   6.1e-07       2      33 .]     284     315 ..     283     315 .. 0.95

  Alignments for each domain:
  == domain 1  score: 24.5 bits;  conditional E-value: 3.3e-07
        ihelix_seed_hmm   2 eelvalvllLlvAGheTTtnaiswalllLlrh 33 
                            +++v+++ +Ll+AG++TT++a+++ l++ +r+
  sp|Q9NGX9|CP302_DROME 284 SDVVGTAADLLLAGIDTTSYASAFLLYHIARN 315
                            5799**************************98 PP

>> sp|Q5RE72|CP51A_PONAB  Lanosterol 14-alpha demethylase OS=Pongo abelii OX=9601 GN=CYP51A1 PE=2 SV=3
   #    score  bias  c-Evalue  i-Evalue hmmfrom  hmm to    alifrom  ali to    envfrom  env to     acc
 ---   ------ ----- --------- --------- ------- -------    ------- -------    ------- -------    ----
   1 !   24.1   0.3   4.4e-07   8.3e-07       1      32 [.     304     335 ..     304     336 .. 0.96

  Alignments for each domain:
  == domain 1  score: 24.1 bits;  conditional E-value: 4.4e-07
        ihelix_seed_hmm   1 deelvalvllLlvAGheTTtnaiswalllLlr 32 
                            d+e++++ + Ll+AG++T++++++w+ ++L+r
  sp|Q5RE72|CP51A_PONAB 304 DDEVAGMLIGLLLAGQHTSSTTSAWMGFFLAR 335
                            79************************999998 PP

>> sp|Q05047|SLS1_CATRO  Secologanin synthase 1 OS=Catharanthus roseus OX=4058 GN=SLS1 PE=1 SV=1
   #    score  bias  c-Evalue  i-Evalue hmmfrom  hmm to    alifrom  ali to    envfrom  env to     acc
 ---   ------ ----- --------- --------- ------- -------    ------- -------    ------- -------    ----
   1 !   23.8   0.0   5.4e-07     1e-06      10      33 .]     328     351 ..     320     351 .. 0.90

  Alignments for each domain:
  == domain 1  score: 23.8 bits;  conditional E-value: 5.4e-07
       ihelix_seed_hmm  10 lLlvAGheTTtnaiswalllLlrh 33 
                           l+++AG+eTT+ +++w+++lL++h
  sp|Q05047|SLS1_CATRO 328 LFYFAGQETTGVLLTWTTILLSKH 351
                           89********************99 PP

>> sp|P24462|CP3A7_HUMAN  Cytochrome P450 3A7 OS=Homo sapiens OX=9606 GN=CYP3A7 PE=1 SV=3
   #    score  bias  c-Evalue  i-Evalue hmmfrom  hmm to    alifrom  ali to    envfrom  env to     acc
 ---   ------ ----- --------- --------- ------- -------    ------- -------    ------- -------    ----
   1 !   24.4   0.2   3.6e-07   6.7e-07       3      33 .]     294     324 ..     292     324 .. 0.92

  Alignments for each domain:
  == domain 1  score: 24.4 bits;  conditional E-value: 3.6e-07
        ihelix_seed_hmm   3 elvalvllLlvAGheTTtnaiswalllLlrh 33 
                            el a+ + +++AG eTT++++s+++++L++h
  sp|P24462|CP3A7_HUMAN 294 ELMAQSIIFIFAGYETTSSVLSFIIYELATH 324
                            67788899**********************9 PP

>> sp|Q16850|CP51A_HUMAN  Lanosterol 14-alpha demethylase OS=Homo sapiens OX=9606 GN=CYP51A1 PE=1 SV=4
   #    score  bias  c-Evalue  i-Evalue hmmfrom  hmm to    alifrom  ali to    envfrom  env to     acc
 ---   ------ ----- --------- --------- ------- -------    ------- -------    ------- -------    ----
   1 !   24.1   0.3   4.4e-07   8.3e-07       1      32 [.     304     335 ..     304     336 .. 0.96

  Alignments for each domain:
  == domain 1  score: 24.1 bits;  conditional E-value: 4.4e-07
        ihelix_seed_hmm   1 deelvalvllLlvAGheTTtnaiswalllLlr 32 
                            d+e++++ + Ll+AG++T++++++w+ ++L+r
  sp|Q16850|CP51A_HUMAN 304 DDEVAGMLIGLLLAGQHTSSTTSAWMGFFLAR 335
                            79************************999998 PP

>> sp|Q4PJW3|CP51A_BOVIN  Lanosterol 14-alpha demethylase OS=Bos taurus OX=9913 GN=CYP51A1 PE=2 SV=1
   #    score  bias  c-Evalue  i-Evalue hmmfrom  hmm to    alifrom  ali to    envfrom  env to     acc
 ---   ------ ----- --------- --------- ------- -------    ------- -------    ------- -------    ----
   1 !   24.1   0.3   4.4e-07   8.2e-07       1      32 [.     297     328 ..     297     329 .. 0.96

  Alignments for each domain:
  == domain 1  score: 24.1 bits;  conditional E-value: 4.4e-07
        ihelix_seed_hmm   1 deelvalvllLlvAGheTTtnaiswalllLlr 32 
                            d+e++++ + Ll+AG++T++++++w+ ++L+r
  sp|Q4PJW3|CP51A_BOVIN 297 DDEVAGMLIGLLLAGQHTSSTTSAWMGFFLAR 328
                            79************************999998 PP

>> sp|O46420|CP51A_PIG  Lanosterol 14-alpha demethylase OS=Sus scrofa OX=9823 GN=CYP51A1 PE=2 SV=1
   #    score  bias  c-Evalue  i-Evalue hmmfrom  hmm to    alifrom  ali to    envfrom  env to     acc
 ---   ------ ----- --------- --------- ------- -------    ------- -------    ------- -------    ----
   1 !   24.1   0.3   4.4e-07   8.2e-07       1      32 [.     298     329 ..     298     330 .. 0.96

  Alignments for each domain:
  == domain 1  score: 24.1 bits;  conditional E-value: 4.4e-07
      ihelix_seed_hmm   1 deelvalvllLlvAGheTTtnaiswalllLlr 32 
                          d+e++++ + Ll+AG++T++++++w+ ++L+r
  sp|O46420|CP51A_PIG 298 DDEVAGMLIGLLLAGQHTSSTTSAWMGFFLAR 329
                          79************************999998 PP

>> sp|P10614|CP51_YEAST  Lanosterol 14-alpha demethylase CYP51 OS=Saccharomyces cerevisiae (strain ATCC 204508 / S288c) 
   #    score  bias  c-Evalue  i-Evalue hmmfrom  hmm to    alifrom  ali to    envfrom  env to     acc
 ---   ------ ----- --------- --------- ------- -------    ------- -------    ------- -------    ----
   1 !   24.4   0.4   3.7e-07     7e-07       1      32 [.     301     332 ..     301     333 .. 0.96

  Alignments for each domain:
  == domain 1  score: 24.4 bits;  conditional E-value: 3.7e-07
       ihelix_seed_hmm   1 deelvalvllLlvAGheTTtnaiswalllLlr 32 
                           d+e+++l + +l++G++T++ +++w+ll+L++
  sp|P10614|CP51_YEAST 301 DQEIANLLIGVLMGGQHTSAATSAWILLHLAE 332
                           79****************************96 PP

>> sp|Q64410|CP17A_CAVPO  Steroid 17-alpha-hydroxylase/17,20 lyase OS=Cavia porcellus OX=10141 GN=CYP17A1 PE=1 SV=1
   #    score  bias  c-Evalue  i-Evalue hmmfrom  hmm to    alifrom  ali to    envfrom  env to     acc
 ---   ------ ----- --------- --------- ------- -------    ------- -------    ------- -------    ----
   1 !   23.6   0.3   6.4e-07   1.2e-06       1      33 []     289     321 ..     289     321 .. 0.96

  Alignments for each domain:
  == domain 1  score: 23.6 bits;  conditional E-value: 6.4e-07
        ihelix_seed_hmm   1 deelvalvllLlvAGheTTtnaiswalllLlrh 33 
                            d++++ +  +++ AG+eT++++  w++ +Ll++
  sp|Q64410|CP17A_CAVPO 289 DKHILTTLGDIFGAGVETSSSVVLWVIAFLLHN 321
                            789****************************87 PP

>> sp|Q9LVD6|C81F2_ARATH  Cytochrome P450 81F2 OS=Arabidopsis thaliana OX=3702 GN=CYP81F2 PE=2 SV=1
   #    score  bias  c-Evalue  i-Evalue hmmfrom  hmm to    alifrom  ali to    envfrom  env to     acc
 ---   ------ ----- --------- --------- ------- -------    ------- -------    ------- -------    ----
   1 !   24.0   0.3   4.7e-07   8.8e-07       4      32 ..     285     313 ..     285     314 .. 0.95

  Alignments for each domain:
  == domain 1  score: 24.0 bits;  conditional E-value: 4.7e-07
        ihelix_seed_hmm   4 lvalvllLlvAGheTTtnaiswalllLlr 32 
                            +++l+l++++AG++T++ ++ wa+  Ll+
  sp|Q9LVD6|C81F2_ARATH 285 IKGLMLSMMLAGTDTAAVTLEWAMANLLK 313
                            689************************97 PP

>> sp|P05180|CP2H1_CHICK  Cytochrome P450 2H1 OS=Gallus gallus OX=9031 GN=CYP2H1 PE=2 SV=1
   #    score  bias  c-Evalue  i-Evalue hmmfrom  hmm to    alifrom  ali to    envfrom  env to     acc
 ---   ------ ----- --------- --------- ------- -------    ------- -------    ------- -------    ----
   1 !   24.3   2.3   3.9e-07   7.2e-07       2      33 .]     286     317 ..     285     317 .. 0.94

  Alignments for each domain:
  == domain 1  score: 24.3 bits;  conditional E-value: 3.9e-07
        ihelix_seed_hmm   2 eelvalvllLlvAGheTTtnaiswalllLlrh 33 
                            e l+++ l+L++AG+ TT+++++++ll Ll+h
  sp|P05180|CP2H1_CHICK 286 ESLTRTTLDLFLAGTGTTSTTLRYGLLILLKH 317
                            5688999***********************99 PP

>> sp|O46658|CP2DP_PIG  Vitamin D(3) 25-hydroxylase OS=Sus scrofa OX=9823 GN=CYP2D25 PE=1 SV=3
   #    score  bias  c-Evalue  i-Evalue hmmfrom  hmm to    alifrom  ali to    envfrom  env to     acc
 ---   ------ ----- --------- --------- ------- -------    ------- -------    ------- -------    ----
   1 !   23.5   3.8   6.8e-07   1.3e-06       1      33 []     295     327 ..     295     327 .. 0.96

  Alignments for each domain:
  == domain 1  score: 23.5 bits;  conditional E-value: 6.8e-07
      ihelix_seed_hmm   1 deelvalvllLlvAGheTTtnaiswalllLlrh 33 
                          de+l+  v  L+ AG+ TT+++++walll++ h
  sp|O46658|CP2DP_PIG 295 DENLRLVVAHLFSAGMITTSTTLAWALLLMILH 327
                          7999**************************987 PP

>> sp|Q6ZWL3|CP4V2_HUMAN  Cytochrome P450 4V2 OS=Homo sapiens OX=9606 GN=CYP4V2 PE=1 SV=2
   #    score  bias  c-Evalue  i-Evalue hmmfrom  hmm to    alifrom  ali to    envfrom  env to     acc
 ---   ------ ----- --------- --------- ------- -------    ------- -------    ------- -------    ----
   1 !   23.8   0.0   5.7e-07   1.1e-06       1      30 [.     316     345 ..     316     348 .. 0.94

  Alignments for each domain:
  == domain 1  score: 23.8 bits;  conditional E-value: 5.7e-07
        ihelix_seed_hmm   1 deelvalvllLlvAGheTTtnaiswalllL 30 
                            +e+++  v ++++ Gh+TT+ ai w+l+lL
  sp|Q6ZWL3|CP4V2_HUMAN 316 HEDIREEVDTFMFEGHDTTAAAINWSLYLL 345
                            6899999*********************99 PP

>> sp|U5NDT8|SLS2_CATRO  Secologanin synthase 2 OS=Catharanthus roseus OX=4058 GN=SLS2 PE=1 SV=1
   #    score  bias  c-Evalue  i-Evalue hmmfrom  hmm to    alifrom  ali to    envfrom  env to     acc
 ---   ------ ----- --------- --------- ------- -------    ------- -------    ------- -------    ----
   1 !   23.8   0.0   5.5e-07     1e-06      10      33 .]     328     351 ..     320     351 .. 0.90

  Alignments for each domain:
  == domain 1  score: 23.8 bits;  conditional E-value: 5.5e-07
       ihelix_seed_hmm  10 lLlvAGheTTtnaiswalllLlrh 33 
                           l+++AG+eTT+ +++w+++lL++h
  sp|U5NDT8|SLS2_CATRO 328 LFYFAGQETTGVLLTWTTILLSKH 351
                           89********************99 PP

>> sp|Q9WVK8|CP46A_MOUSE  Cholesterol 24-hydroxylase OS=Mus musculus OX=10090 GN=Cyp46a1 PE=1 SV=1
   #    score  bias  c-Evalue  i-Evalue hmmfrom  hmm to    alifrom  ali to    envfrom  env to     acc
 ---   ------ ----- --------- --------- ------- -------    ------- -------    ------- -------    ----
   1 !   23.8   0.1   5.6e-07     1e-06       4      32 ..     292     320 ..     289     321 .. 0.92

  Alignments for each domain:
  == domain 1  score: 23.8 bits;  conditional E-value: 5.6e-07
        ihelix_seed_hmm   4 lvalvllLlvAGheTTtnaiswalllLlr 32 
                            l+++++++++AGheT++n +++++++L+r
  sp|Q9WVK8|CP46A_MOUSE 292 LLDNFVTFFIAGHETSANHLAFTVMELSR 320
                            78899**********************97 PP

>> sp|P22680|CP7A1_HUMAN  Cytochrome P450 7A1 OS=Homo sapiens OX=9606 GN=CYP7A1 PE=1 SV=2
   #    score  bias  c-Evalue  i-Evalue hmmfrom  hmm to    alifrom  ali to    envfrom  env to     acc
 ---   ------ ----- --------- --------- ------- -------    ------- -------    ------- -------    ----
   1 !   23.8   0.0   5.5e-07     1e-06       2      33 .]     273     304 ..     272     304 .. 0.95

  Alignments for each domain:
  == domain 1  score: 23.8 bits;  conditional E-value: 5.5e-07
        ihelix_seed_hmm   2 eelvalvllLlvAGheTTtnaiswalllLlrh 33 
                             e+++++l++l+A +++T +a++w+l+ ++r+
  sp|P22680|CP7A1_HUMAN 273 LEKAKTHLVVLWASQANTIPATFWSLFQMIRN 304
                            58999*************************98 PP

>> sp|U5NE19|7DLH_CATRO  7-deoxyloganic acid hydroxylase OS=Catharanthus roseus OX=4058 GN=7DLH PE=1 SV=1
   #    score  bias  c-Evalue  i-Evalue hmmfrom  hmm to    alifrom  ali to    envfrom  env to     acc
 ---   ------ ----- --------- --------- ------- -------    ------- -------    ------- -------    ----
   1 !   23.9   0.0   5.3e-07   9.9e-07       3      32 ..     320     349 ..     320     350 .. 0.95

  Alignments for each domain:
  == domain 1  score: 23.9 bits;  conditional E-value: 5.3e-07
       ihelix_seed_hmm   3 elvalvllLlvAGheTTtnaiswalllLlr 32 
                           e+++ + l+++AG++TT++++ w++ lL+r
  sp|U5NE19|7DLH_CATRO 320 EIIGECKLFYFAGQDTTSTLLVWTMVLLSR 349
                           7999999*********************98 PP

>> sp|Q27698|CP6D1_MUSDO  Cytochrome P450 6d1 OS=Musca domestica OX=7370 GN=CYP6D1 PE=1 SV=1
   #    score  bias  c-Evalue  i-Evalue hmmfrom  hmm to    alifrom  ali to    envfrom  env to     acc
 ---   ------ ----- --------- --------- ------- -------    ------- -------    ------- -------    ----
   1 !   23.9   0.7   5.4e-07     1e-06       2      33 .]     306     337 ..     305     337 .. 0.95

  Alignments for each domain:
  == domain 1  score: 23.9 bits;  conditional E-value: 5.4e-07
        ihelix_seed_hmm   2 eelvalvllLlvAGheTTtnaiswalllLlrh 33 
                            ++++++  l+++AG eTT+ ++s+++++L+++
  sp|Q27698|CP6D1_MUSDO 306 DMIASNSFLFYIAGSETTAATTSFTIYELAMY 337
                            78999************************986 PP

>> sp|Q94FM7|C71DK_TOBAC  5-epiaristolochene 1,3-dihydroxylase OS=Nicotiana tabacum OX=4097 GN=CYP71D20 PE=1 SV=2
   #    score  bias  c-Evalue  i-Evalue hmmfrom  hmm to    alifrom  ali to    envfrom  env to     acc
 ---   ------ ----- --------- --------- ------- -------    ------- -------    ------- -------    ----
   1 !   24.9   0.1   2.5e-07   4.6e-07       2      33 .]     291     322 ..     290     322 .. 0.96

  Alignments for each domain:
  == domain 1  score: 24.9 bits;  conditional E-value: 2.5e-07
        ihelix_seed_hmm   2 eelvalvllLlvAGheTTtnaiswalllLlrh 33 
                            ++++a ++++++AG+eT+++++ wa+ ++ ++
  sp|Q94FM7|C71DK_TOBAC 291 DNIKAVIVDMFAAGTETSSTTTVWAMAEMMKN 322
                            79***************************987 PP

>> sp|Q94IP1|TCMO_SORBI  Trans-cinnamate 4-monooxygenase OS=Sorghum bicolor OX=4558 GN=CYP73A33 PE=1 SV=1
   #    score  bias  c-Evalue  i-Evalue hmmfrom  hmm to    alifrom  ali to    envfrom  env to     acc
 ---   ------ ----- --------- --------- ------- -------    ------- -------    ------- -------    ----
   1 !   23.5   0.3     7e-07   1.3e-06       1      33 []     289     321 ..     289     321 .. 0.96

  Alignments for each domain:
  == domain 1  score: 23.5 bits;  conditional E-value: 7e-07
       ihelix_seed_hmm   1 deelvalvllLlvAGheTTtnaiswalllLlrh 33 
                           +++++++v ++ vA++eTT ++i w++ +L++h
  sp|Q94IP1|TCMO_SORBI 289 HDNVLYIVENINVAAIETTLWSIEWGIAELVNH 321
                           68999**************************98 PP

>> sp|P10613|CP51_CANAL  Lanosterol 14-alpha demethylase OS=Candida albicans (strain SC5314 / ATCC MYA-2876) OX=237561 G
   #    score  bias  c-Evalue  i-Evalue hmmfrom  hmm to    alifrom  ali to    envfrom  env to     acc
 ---   ------ ----- --------- --------- ------- -------    ------- -------    ------- -------    ----
   1 !   23.8   0.6   5.6e-07   1.1e-06       1      30 [.     294     323 ..     294     323 .. 0.97

  Alignments for each domain:
  == domain 1  score: 23.8 bits;  conditional E-value: 5.6e-07
       ihelix_seed_hmm   1 deelvalvllLlvAGheTTtnaiswalllL 30 
                           d+e+++l + +l++G++T++++++w+ll+L
  sp|P10613|CP51_CANAL 294 DQEIANLLIGILMGGQHTSASTSAWFLLHL 323
                           79**************************98 PP

>> sp|Q59971|DOXA_STRS5  Cytochrome P-450 monooxygenase DoxA OS=Streptomyces sp. (strain C5) OX=45212 GN=doxA PE=1 SV=1
   #    score  bias  c-Evalue  i-Evalue hmmfrom  hmm to    alifrom  ali to    envfrom  env to     acc
 ---   ------ ----- --------- --------- ------- -------    ------- -------    ------- -------    ----
   1 !   23.9   0.2   5.1e-07   9.5e-07       1      25 [.     248     272 ..     248     276 .. 0.92

  Alignments for each domain:
  == domain 1  score: 23.9 bits;  conditional E-value: 5.1e-07
       ihelix_seed_hmm   1 deelvalvllLlvAGheTTtnaisw 25 
                           d++lv++++ L++AGh+TT++++++
  sp|Q59971|DOXA_STRS5 248 DDQLVYMITGLIFAGHDTTGSFLGF 272
                           799*******************997 PP

>> sp|Q64481|CP3AG_MOUSE  Cytochrome P450 3A16 OS=Mus musculus OX=10090 GN=Cyp3a16 PE=2 SV=2
   #    score  bias  c-Evalue  i-Evalue hmmfrom  hmm to    alifrom  ali to    envfrom  env to     acc
 ---   ------ ----- --------- --------- ------- -------    ------- -------    ------- -------    ----
   1 !   23.8   0.4   5.5e-07     1e-06       3      33 .]     295     325 ..     293     325 .. 0.96

  Alignments for each domain:
  == domain 1  score: 23.8 bits;  conditional E-value: 5.5e-07
        ihelix_seed_hmm   3 elvalvllLlvAGheTTtnaiswalllLlrh 33 
                            e++a+ + +++AG eTT++ +s++++ L++h
  sp|Q64481|CP3AG_MOUSE 295 EITAQSIIFIFAGYETTSSILSFTVYSLATH 325
                            99****************************9 PP

>> sp|Q9V674|CP6G1_DROME  Cytochrome P450 6g1 OS=Drosophila melanogaster OX=7227 GN=Cyp6g1 PE=2 SV=1
   #    score  bias  c-Evalue  i-Evalue hmmfrom  hmm to    alifrom  ali to    envfrom  env to     acc
 ---   ------ ----- --------- --------- ------- -------    ------- -------    ------- -------    ----
   1 !   23.7   0.1     6e-07   1.1e-06       4      33 .]     302     331 ..     300     331 .. 0.96

  Alignments for each domain:
  == domain 1  score: 23.7 bits;  conditional E-value: 6e-07
        ihelix_seed_hmm   4 lvalvllLlvAGheTTtnaiswalllLlrh 33 
                            lva++ ++++AG eT++++ s+al+++++h
  sp|Q9V674|CP6G1_DROME 302 LVAQAGVFFTAGFETSSSTMSFALYEMAKH 331
                            6899************************99 PP

>> sp|Q16696|CP2AD_HUMAN  Cytochrome P450 2A13 OS=Homo sapiens OX=9606 GN=CYP2A13 PE=1 SV=3
   #    score  bias  c-Evalue  i-Evalue hmmfrom  hmm to    alifrom  ali to    envfrom  env to     acc
 ---   ------ ----- --------- --------- ------- -------    ------- -------    ------- -------    ----
   1 !   24.8   1.6   2.8e-07   5.2e-07       3      33 .]     290     320 ..     288     320 .. 0.90

  Alignments for each domain:
  == domain 1  score: 24.8 bits;  conditional E-value: 2.8e-07
        ihelix_seed_hmm   3 elvalvllLlvAGheTTtnaiswalllLlrh 33 
                            +lv + l+L++AG+eT+++++++++llL +h
  sp|Q16696|CP2AD_HUMAN 290 NLVMTTLNLFFAGTETVSTTLRYGFLLLMKH 320
                            56667799********************998 PP

>> sp|P12790|CP2B9_MOUSE  Cytochrome P450 2B9 OS=Mus musculus OX=10090 GN=Cyp2b9 PE=1 SV=2
   #    score  bias  c-Evalue  i-Evalue hmmfrom  hmm to    alifrom  ali to    envfrom  env to     acc
 ---   ------ ----- --------- --------- ------- -------    ------- -------    ------- -------    ----
   1 !   23.3   1.0   8.3e-07   1.6e-06       8      33 .]     292     317 ..     286     317 .. 0.95

  Alignments for each domain:
  == domain 1  score: 23.3 bits;  conditional E-value: 8.3e-07
        ihelix_seed_hmm   8 vllLlvAGheTTtnaiswalllLlrh 33 
                            vl+L++AG+eTT+ ++ +++ll+l++
  sp|P12790|CP2B9_MOUSE 292 VLSLFFAGTETTSATLHYGVLLMLKY 317
                            89*********************986 PP

>> sp|I1RBR4|CP51B_GIBZE  Sterol 14-alpha demethylase CYP51A OS=Gibberella zeae (strain ATCC MYA-4620 / CBS 123657 / FGS
   #    score  bias  c-Evalue  i-Evalue hmmfrom  hmm to    alifrom  ali to    envfrom  env to     acc
 ---   ------ ----- --------- --------- ------- -------    ------- -------    ------- -------    ----
   1 !   23.2   0.1   8.6e-07   1.6e-06       1      32 [.     295     326 ..     295     327 .. 0.95

  Alignments for each domain:
  == domain 1  score: 23.2 bits;  conditional E-value: 8.6e-07
        ihelix_seed_hmm   1 deelvalvllLlvAGheTTtnaiswalllLlr 32 
                            d+e+++++++Ll+AG++ +++++sw++l L+ 
  sp|I1RBR4|CP51B_GIBZE 295 DHEVAHMMIALLMAGQHSSSSTSSWIMLRLAQ 326
                            789***************************96 PP

>> sp|E9Q5K4|CP2CN_MOUSE  Cytochrome P450 2C44 OS=Mus musculus OX=10090 GN=Cyp2c23 PE=1 SV=1
   #    score  bias  c-Evalue  i-Evalue hmmfrom  hmm to    alifrom  ali to    envfrom  env to     acc
 ---   ------ ----- --------- --------- ------- -------    ------- -------    ------- -------    ----
   1 !   23.6   2.0   6.6e-07   1.2e-06      10      33 .]     297     320 ..     296     320 .. 0.96

  Alignments for each domain:
  == domain 1  score: 23.6 bits;  conditional E-value: 6.6e-07
        ihelix_seed_hmm  10 lLlvAGheTTtnaiswalllLlrh 33 
                            +L++AG+eTT+++++++lllL++h
  sp|E9Q5K4|CP2CN_MOUSE 297 NLFTAGTETTSTTLRFGLLLLVKH 320
                            69********************99 PP

>> sp|Q04468|TCMO_HELTU  Trans-cinnamate 4-monooxygenase OS=Helianthus tuberosus OX=4233 GN=CYP73A1 PE=1 SV=1
   #    score  bias  c-Evalue  i-Evalue hmmfrom  hmm to    alifrom  ali to    envfrom  env to     acc
 ---   ------ ----- --------- --------- ------- -------    ------- -------    ------- -------    ----
   1 !   23.4   0.2   7.8e-07   1.5e-06       2      33 .]     294     325 ..     293     325 .. 0.95

  Alignments for each domain:
  == domain 1  score: 23.4 bits;  conditional E-value: 7.8e-07
       ihelix_seed_hmm   2 eelvalvllLlvAGheTTtnaiswalllLlrh 33 
                           ++++++v ++ vA++eTT ++i w++ +L++h
  sp|Q04468|TCMO_HELTU 294 DNVLYIVENINVAAIETTLWSIEWGIAELVNH 325
                           89999*************************98 PP

>> sp|P92994|TCMO_ARATH  Trans-cinnamate 4-monooxygenase OS=Arabidopsis thaliana OX=3702 GN=CYP73A5 PE=1 SV=1
   #    score  bias  c-Evalue  i-Evalue hmmfrom  hmm to    alifrom  ali to    envfrom  env to     acc
 ---   ------ ----- --------- --------- ------- -------    ------- -------    ------- -------    ----
   1 !   23.4   0.2   7.8e-07   1.5e-06       2      33 .]     294     325 ..     293     325 .. 0.95

  Alignments for each domain:
  == domain 1  score: 23.4 bits;  conditional E-value: 7.8e-07
       ihelix_seed_hmm   2 eelvalvllLlvAGheTTtnaiswalllLlrh 33 
                           ++++++v ++ vA++eTT ++i w++ +L++h
  sp|P92994|TCMO_ARATH 294 DNVLYIVENINVAAIETTLWSIEWGIAELVNH 325
                           89999*************************98 PP

>> sp|Q00714|STCS_EMENI  Cytochrome P450 monooxygenase stcS OS=Emericella nidulans (strain FGSC A4 / ATCC 38163 / CBS 11
   #    score  bias  c-Evalue  i-Evalue hmmfrom  hmm to    alifrom  ali to    envfrom  env to     acc
 ---   ------ ----- --------- --------- ------- -------    ------- -------    ------- -------    ----
   1 !   23.0   0.0     1e-06   1.9e-06       9      33 .]     263     287 ..     258     287 .. 0.93

  Alignments for each domain:
  == domain 1  score: 23.0 bits;  conditional E-value: 1e-06
       ihelix_seed_hmm   9 llLlvAGheTTtnaiswalllLlrh 33 
                            ++l+AG +TT++++ +a++lL+rh
  sp|Q00714|STCS_EMENI 263 RVFLFAGRDTTSSTLLYAFYLLSRH 287
                           589*********************9 PP

>> sp|A0A1D6HSP4|C92C5_MAIZE  Dimethylnonatriene synthase OS=Zea mays OX=4577 GN=CYP92C5 PE=1 SV=1
   #    score  bias  c-Evalue  i-Evalue hmmfrom  hmm to    alifrom  ali to    envfrom  env to     acc
 ---   ------ ----- --------- --------- ------- -------    ------- -------    ------- -------    ----
   1 !   22.6   0.0   1.3e-06   2.5e-06       2      33 .]     310     341 ..     309     341 .. 0.95

  Alignments for each domain:
  == domain 1  score: 22.6 bits;  conditional E-value: 1.3e-06
            ihelix_seed_hmm   2 eelvalvllLlvAGheTTtnaiswalllLlrh 33 
                                + ++al+ +++++G+e ++ +i wa+ +Llrh
  sp|A0A1D6HSP4|C92C5_MAIZE 310 DGVKALIQDIIAGGTESSAVTIEWAMAELLRH 341
                                56899**************************9 PP

>> sp|A0A517FNC5|C90G4_PARPY  Cholesterol 16,22-dihydroxylase CYP90G4 OS=Paris polyphylla OX=49666 GN=CYP90G4 PE=1 SV=1
   #    score  bias  c-Evalue  i-Evalue hmmfrom  hmm to    alifrom  ali to    envfrom  env to     acc
 ---   ------ ----- --------- --------- ------- -------    ------- -------    ------- -------    ----
   1 !   22.7   0.8   1.2e-06   2.3e-06       4      30 ..     279     305 ..     276     306 .. 0.90

  Alignments for each domain:
  == domain 1  score: 22.7 bits;  conditional E-value: 1.2e-06
            ihelix_seed_hmm   4 lvalvllLlvAGheTTtnaiswalllL 30 
                                  +l l Ll++GheT+++ai+ ++++L
  sp|A0A517FNC5|C90G4_PARPY 279 FGDLLLGLLFGGHETSATAITLVIYFL 305
                                5678999******************99 PP

>> sp|I1TEM1|T3O_CATRO  Tabersonine 3-oxygenase OS=Catharanthus roseus OX=4058 GN=CYP71D1V2 PE=1 SV=1
   #    score  bias  c-Evalue  i-Evalue hmmfrom  hmm to    alifrom  ali to    envfrom  env to     acc
 ---   ------ ----- --------- --------- ------- -------    ------- -------    ------- -------    ----
   1 !   22.7   0.1   1.2e-06   2.3e-06       2      33 .]     297     328 ..     296     328 .. 0.96

  Alignments for each domain:
  == domain 1  score: 22.7 bits;  conditional E-value: 1.2e-06
      ihelix_seed_hmm   2 eelvalvllLlvAGheTTtnaiswalllLlrh 33 
                          ++++al  +++++G+eT+++a  wa+ ++ r+
  sp|I1TEM1|T3O_CATRO 297 NNIKALLFDIIAGGTETSSTAVDWAMSEMMRN 328
                          689**************************998 PP

>> sp|Q759W0|CP51_EREGS  Lanosterol 14-alpha demethylase OS=Eremothecium gossypii (strain ATCC 10895 / CBS 109.51 / FGSC
   #    score  bias  c-Evalue  i-Evalue hmmfrom  hmm to    alifrom  ali to    envfrom  env to     acc
 ---   ------ ----- --------- --------- ------- -------    ------- -------    ------- -------    ----
   1 !   22.9   0.3   1.1e-06     2e-06       1      32 [.     299     330 ..     299     331 .. 0.95

  Alignments for each domain:
  == domain 1  score: 22.9 bits;  conditional E-value: 1.1e-06
       ihelix_seed_hmm   1 deelvalvllLlvAGheTTtnaiswalllLlr 32 
                           d+++++l + +l++G++T++ +++w+ll+L++
  sp|Q759W0|CP51_EREGS 299 DQQIANLLIGVLMGGQHTSAATSAWVLLHLAE 330
                           789***************************97 PP

>> sp|Q0JFI2|C93G1_ORYSJ  Cytochrome P450 93G1 OS=Oryza sativa subsp. japonica OX=39947 GN=CYP93G1 PE=1 SV=1
   #    score  bias  c-Evalue  i-Evalue hmmfrom  hmm to    alifrom  ali to    envfrom  env to     acc
 ---   ------ ----- --------- --------- ------- -------    ------- -------    ------- -------    ----
   1 !   22.3   0.0   1.6e-06     3e-06       2      33 .]     300     331 ..     299     331 .. 0.97

  Alignments for each domain:
  == domain 1  score: 22.3 bits;  conditional E-value: 1.6e-06
        ihelix_seed_hmm   2 eelvalvllLlvAGheTTtnaiswalllLlrh 33 
                            ++++a+++++ +AG +T++ +  w++ +L +h
  sp|Q0JFI2|C93G1_ORYSJ 300 DNIKAFIIDVVTAGSDTSAAMVEWMVAELMNH 331
                            79***************************998 PP

>> sp|P05108|CP11A_HUMAN  Cholesterol side-chain cleavage enzyme, mitochondrial OS=Homo sapiens OX=9606 GN=CYP11A1 PE=1 
   #    score  bias  c-Evalue  i-Evalue hmmfrom  hmm to    alifrom  ali to    envfrom  env to     acc
 ---   ------ ----- --------- --------- ------- -------    ------- -------    ------- -------    ----
   1 !   22.6   0.0   1.4e-06   2.6e-06       2      33 .]     314     345 ..     314     345 .. 0.97

  Alignments for each domain:
  == domain 1  score: 22.6 bits;  conditional E-value: 1.4e-06
        ihelix_seed_hmm   2 eelvalvllLlvAGheTTtnaiswalllLlrh 33 
                            e+++a+v+++l++G++TT+ ++ w l++++r+
  sp|P05108|CP11A_HUMAN 314 EDIKANVTEMLAGGVDTTSMTLQWHLYEMARN 345
                            789****************************8 PP

>> sp|Q64505|CP7A1_MOUSE  Cytochrome P450 7A1 OS=Mus musculus OX=10090 GN=Cyp7a1 PE=2 SV=2
   #    score  bias  c-Evalue  i-Evalue hmmfrom  hmm to    alifrom  ali to    envfrom  env to     acc
 ---   ------ ----- --------- --------- ------- -------    ------- -------    ------- -------    ----
   1 !   22.2   0.0   1.9e-06   3.5e-06       3      32 ..     274     303 ..     272     304 .. 0.94

  Alignments for each domain:
  == domain 1  score: 22.2 bits;  conditional E-value: 1.9e-06
        ihelix_seed_hmm   3 elvalvllLlvAGheTTtnaiswalllLlr 32 
                            e+++++l++l+A +++T +a++w+l+ ++r
  sp|Q64505|CP7A1_MOUSE 274 EKAKTHLVILWASQANTIPATFWSLFQMIR 303
                            7899***********************987 PP

>> sp|Q6QNI4|C71AJ_AMMMJ  Psoralen synthase OS=Ammi majus OX=48026 GN=CYP71AJ1 PE=1 SV=1
   #    score  bias  c-Evalue  i-Evalue hmmfrom  hmm to    alifrom  ali to    envfrom  env to     acc
 ---   ------ ----- --------- --------- ------- -------    ------- -------    ------- -------    ----
   1 !   22.3   0.1   1.7e-06   3.1e-06       4      33 .]     287     316 ..     285     316 .. 0.93

  Alignments for each domain:
  == domain 1  score: 22.3 bits;  conditional E-value: 1.7e-06
        ihelix_seed_hmm   4 lvalvllLlvAGheTTtnaiswalllLlrh 33 
                            +++l+ ++l AG+eT ++a+ w+l +L+++
  sp|Q6QNI4|C71AJ_AMMMJ 287 IKSLIWDMLGAGTETISTALEWTLAALIKN 316
                            6788899********************987 PP

>> sp|P51542|CP7A1_RABIT  Cytochrome P450 7A1 OS=Oryctolagus cuniculus OX=9986 GN=CYP7A1 PE=1 SV=1
   #    score  bias  c-Evalue  i-Evalue hmmfrom  hmm to    alifrom  ali to    envfrom  env to     acc
 ---   ------ ----- --------- --------- ------- -------    ------- -------    ------- -------    ----
   1 !   22.2   0.1   1.8e-06   3.3e-06       3      32 ..     271     300 ..     270     301 .. 0.94

  Alignments for each domain:
  == domain 1  score: 22.2 bits;  conditional E-value: 1.8e-06
        ihelix_seed_hmm   3 elvalvllLlvAGheTTtnaiswalllLlr 32 
                            e+++++l++l+A +++T +a++w+l+++ r
  sp|P51542|CP7A1_RABIT 271 EKAKTHLAILWASQANTIPATFWSLFHMMR 300
                            6789************************87 PP

>> sp|Q8VQF6|CINA_CITBR  1,8-cineole 2-endo-monooxygenase OS=Citrobacter braakii OX=57706 GN=cinA PE=1 SV=1
   #    score  bias  c-Evalue  i-Evalue hmmfrom  hmm to    alifrom  ali to    envfrom  env to     acc
 ---   ------ ----- --------- --------- ------- -------    ------- -------    ------- -------    ----
   1 !   21.8   0.1   2.5e-06   4.6e-06       1      32 [.     225     256 ..     225     257 .. 0.95

  Alignments for each domain:
  == domain 1  score: 21.8 bits;  conditional E-value: 2.5e-06
       ihelix_seed_hmm   1 deelvalvllLlvAGheTTtnaiswalllLlr 32 
                           +++l+++++ Ll++G+++T+ ++s++++ L++
  sp|Q8VQF6|CINA_CITBR 225 EDDLIGFFTILLLGGIDNTARFLSSVFWRLAW 256
                           589***************************97 PP

>> sp|P9WPP1|CP125_MYCTU  Steroid C26-monooxygenase OS=Mycobacterium tuberculosis (strain ATCC 25618 / H37Rv) OX=83332 G
   #    score  bias  c-Evalue  i-Evalue hmmfrom  hmm to    alifrom  ali to    envfrom  env to     acc
 ---   ------ ----- --------- --------- ------- -------    ------- -------    ------- -------    ----
   1 !   22.3   0.1   1.6e-06   3.1e-06       1      33 []     255     287 ..     255     287 .. 0.92

  Alignments for each domain:
  == domain 1  score: 22.3 bits;  conditional E-value: 1.6e-06
        ihelix_seed_hmm   1 deelvalvllLlvAGheTTtnaiswalllLlrh 33 
                            d+e   +v+ L vAG+eTT n+i+ +++++++h
  sp|P9WPP1|CP125_MYCTU 255 DDEFGFFVVMLAVAGNETTRNSITQGMMAFAEH 287
                            5777788999*********************98 PP

>> sp|P24470|CP2CN_RAT  Cytochrome P450 2C23 OS=Rattus norvegicus OX=10116 GN=Cyp2c23 PE=1 SV=2
   #    score  bias  c-Evalue  i-Evalue hmmfrom  hmm to    alifrom  ali to    envfrom  env to     acc
 ---   ------ ----- --------- --------- ------- -------    ------- -------    ------- -------    ----
   1 !   22.0   1.5   2.1e-06     4e-06      10      33 .]     297     320 ..     296     320 .. 0.94

  Alignments for each domain:
  == domain 1  score: 22.0 bits;  conditional E-value: 2.1e-06
      ihelix_seed_hmm  10 lLlvAGheTTtnaiswalllLlrh 33 
                          +L++AG+eTT+++++++lllL ++
  sp|P24470|CP2CN_RAT 297 NLFTAGTETTSTTLRFGLLLLMKY 320
                          69*******************875 PP

>> sp|P18125|CP7A1_RAT  Cytochrome P450 7A1 OS=Rattus norvegicus OX=10116 GN=Cyp7a1 PE=1 SV=1
   #    score  bias  c-Evalue  i-Evalue hmmfrom  hmm to    alifrom  ali to    envfrom  env to     acc
 ---   ------ ----- --------- --------- ------- -------    ------- -------    ------- -------    ----
   1 !   21.7   0.0   2.7e-06     5e-06       3      32 ..     274     303 ..     272     304 .. 0.94

  Alignments for each domain:
  == domain 1  score: 21.7 bits;  conditional E-value: 2.7e-06
      ihelix_seed_hmm   3 elvalvllLlvAGheTTtnaiswalllLlr 32 
                          e+++++l++l+A +++T +a++w+l+ ++r
  sp|P18125|CP7A1_RAT 274 EKAKTHLAILWASQANTIPATFWSLFQMIR 303
                          7899***********************987 PP

>> sp|P19100|CP17A_PIG  Steroid 17-alpha-hydroxylase/17,20 lyase OS=Sus scrofa OX=9823 GN=CYP17A1 PE=2 SV=3
   #    score  bias  c-Evalue  i-Evalue hmmfrom  hmm to    alifrom  ali to    envfrom  env to     acc
 ---   ------ ----- --------- --------- ------- -------    ------- -------    ------- -------    ----
   1 !   21.8   0.1   2.4e-06   4.4e-06       5      33 .]     293     321 ..     289     321 .. 0.92

  Alignments for each domain:
  == domain 1  score: 21.8 bits;  conditional E-value: 2.4e-06
      ihelix_seed_hmm   5 valvllLlvAGheTTtnaiswalllLlrh 33 
                          +a+v +++ AG+eT++++  w++ +Ll++
  sp|P19100|CP17A_PIG 293 LATVADIFGAGVETSASVVKWIVAFLLHY 321
                          799***********************975 PP

>> sp|B8NUK6|CP51C_ASPFN  Sterol 14-alpha demethylase OS=Aspergillus flavus (strain ATCC 200026 / FGSC A1120 / IAM 13836
   #    score  bias  c-Evalue  i-Evalue hmmfrom  hmm to    alifrom  ali to    envfrom  env to     acc
 ---   ------ ----- --------- --------- ------- -------    ------- -------    ------- -------    ----
   1 !   20.0   0.1   8.8e-06   1.7e-05       1      31 [.     279     309 ..     279     310 .. 0.96

  Alignments for each domain:
  == domain 1  score: 20.0 bits;  conditional E-value: 8.8e-06
        ihelix_seed_hmm   1 deelvalvllLlvAGheTTtnaiswalllLl 31 
                            d+e+++++++Ll+AG++ +++ +sw++l L+
  sp|B8NUK6|CP51C_ASPFN 279 DKEIAHIMITLLMAGQHSSSSISSWIMLRLA 309
                            79***************************98 PP

>> sp|P20853|CP2A7_HUMAN  Cytochrome P450 2A7 OS=Homo sapiens OX=9606 GN=CYP2A7 PE=2 SV=2
   #    score  bias  c-Evalue  i-Evalue hmmfrom  hmm to    alifrom  ali to    envfrom  env to     acc
 ---   ------ ----- --------- --------- ------- -------    ------- -------    ------- -------    ----
   1 !   22.9   1.1   1.1e-06   2.1e-06       9      33 .]     296     320 ..     295     320 .. 0.96

  Alignments for each domain:
  == domain 1  score: 22.9 bits;  conditional E-value: 1.1e-06
        ihelix_seed_hmm   9 llLlvAGheTTtnaiswalllLlrh 33 
                            l+L++AG+eT+++++++++llL +h
  sp|P20853|CP2A7_HUMAN 296 LNLFIAGTETVSTTLRYGFLLLMKH 320
                            78********************998 PP

>> sp|P11509|CP2A6_HUMAN  Cytochrome P450 2A6 OS=Homo sapiens OX=9606 GN=CYP2A6 PE=1 SV=4
   #    score  bias  c-Evalue  i-Evalue hmmfrom  hmm to    alifrom  ali to    envfrom  env to     acc
 ---   ------ ----- --------- --------- ------- -------    ------- -------    ------- -------    ----
   1 !   22.8   1.2   1.1e-06   2.1e-06       3      33 .]     290     320 ..     288     320 .. 0.90

  Alignments for each domain:
  == domain 1  score: 22.8 bits;  conditional E-value: 1.1e-06
        ihelix_seed_hmm   3 elvalvllLlvAGheTTtnaiswalllLlrh 33 
                            +lv + l+L+++G+eT+++++++++llL +h
  sp|P11509|CP2A6_HUMAN 290 NLVMTTLNLFIGGTETVSTTLRYGFLLLMKH 320
                            56667799********************998 PP

>> sp|O34926|CYPX_BACSU  Pulcherriminic acid synthase OS=Bacillus subtilis (strain 168) OX=224308 GN=cypX PE=1 SV=1
   #    score  bias  c-Evalue  i-Evalue hmmfrom  hmm to    alifrom  ali to    envfrom  env to     acc
 ---   ------ ----- --------- --------- ------- -------    ------- -------    ------- -------    ----
   1 !   21.9   0.1   2.3e-06   4.2e-06       1      33 []     220     252 ..     220     252 .. 0.97

  Alignments for each domain:
  == domain 1  score: 21.9 bits;  conditional E-value: 2.3e-06
       ihelix_seed_hmm   1 deelvalvllLlvAGheTTtnaiswalllLlrh 33 
                           d++++al+l++l+A++e +  +++ ++++Ll++
  sp|O34926|CYPX_BACSU 220 DKDILALILNVLLAATEPADKTLALMIYHLLNN 252
                           789****************************97 PP

>> sp|Q8K0C4|CP51A_MOUSE  Lanosterol 14-alpha demethylase OS=Mus musculus OX=10090 GN=Cyp51a1 PE=1 SV=1
   #    score  bias  c-Evalue  i-Evalue hmmfrom  hmm to    alifrom  ali to    envfrom  env to     acc
 ---   ------ ----- --------- --------- ------- -------    ------- -------    ------- -------    ----
   1 !   21.6   0.2   2.7e-06   5.1e-06       1      32 [.     298     329 ..     298     330 .. 0.94

  Alignments for each domain:
  == domain 1  score: 21.6 bits;  conditional E-value: 2.7e-06
        ihelix_seed_hmm   1 deelvalvllLlvAGheTTtnaiswalllLlr 32 
                            dee+ ++ + Ll+AG++T++++++w+ ++L++
  sp|Q8K0C4|CP51A_MOUSE 298 DEEISGMLIGLLLAGQHTSSTTSAWMGFFLAK 329
                            799***********************999886 PP

>> sp|Q6XVG2|CP254_MOUSE  Cytochrome P450 2C54 OS=Mus musculus OX=10090 GN=Cyp2c54 PE=1 SV=1
   #    score  bias  c-Evalue  i-Evalue hmmfrom  hmm to    alifrom  ali to    envfrom  env to     acc
 ---   ------ ----- --------- --------- ------- -------    ------- -------    ------- -------    ----
   1 !   21.6   0.8   2.9e-06   5.4e-06       2      33 .]     285     316 ..     285     316 .. 0.96

  Alignments for each domain:
  == domain 1  score: 21.6 bits;  conditional E-value: 2.9e-06
        ihelix_seed_hmm   2 eelvalvllLlvAGheTTtnaiswalllLlrh 33 
                            e+l+ +v++L+++G+e +++++++alllLl++
  sp|Q6XVG2|CP254_MOUSE 285 EHLAITVTDLFIGGTESMSTTLRYALLLLLKY 316
                            78999*************************86 PP

>> sp|P50859|CP51_CANGA  Lanosterol 14-alpha demethylase OS=Candida glabrata (strain ATCC 2001 / BCRC 20586 / JCM 3761 /
   #    score  bias  c-Evalue  i-Evalue hmmfrom  hmm to    alifrom  ali to    envfrom  env to     acc
 ---   ------ ----- --------- --------- ------- -------    ------- -------    ------- -------    ----
   1 !   21.7   0.2   2.7e-06     5e-06       1      32 [.     302     333 ..     302     334 .. 0.96

  Alignments for each domain:
  == domain 1  score: 21.7 bits;  conditional E-value: 2.7e-06
       ihelix_seed_hmm   1 deelvalvllLlvAGheTTtnaiswalllLlr 32 
                           d+e+++l + +l++G++T++ +++w ll+L++
  sp|P50859|CP51_CANGA 302 DQEIANLLIGVLMGGQHTSAATSAWCLLHLAE 333
                           79****************************96 PP

>> sp|Q09736|CP51_SCHPO  Lanosterol 14-alpha demethylase erg11 OS=Schizosaccharomyces pombe (strain 972 / ATCC 24843) OX
   #    score  bias  c-Evalue  i-Evalue hmmfrom  hmm to    alifrom  ali to    envfrom  env to     acc
 ---   ------ ----- --------- --------- ------- -------    ------- -------    ------- -------    ----
   1 !   21.5   2.3     3e-06   5.7e-06       2      30 ..     276     304 ..     275     304 .. 0.95

  Alignments for each domain:
  == domain 1  score: 21.5 bits;  conditional E-value: 3e-06
       ihelix_seed_hmm   2 eelvalvllLlvAGheTTtnaiswalllL 30 
                           +e+++++++Ll+AG++T++ +i w+l lL
  sp|Q09736|CP51_SCHPO 276 HEIAGMMIALLMAGQHTSAATIVWVLALL 304
                           79************************998 PP

>> sp|P04800|CP3A1_RAT  Cytochrome P450 3A1 OS=Rattus norvegicus OX=10116 GN=Cyp3a1 PE=1 SV=1
   #    score  bias  c-Evalue  i-Evalue hmmfrom  hmm to    alifrom  ali to    envfrom  env to     acc
 ---   ------ ----- --------- --------- ------- -------    ------- -------    ------- -------    ----
   1 !   21.5   0.1   3.1e-06   5.8e-06       3      33 .]     295     325 ..     293     325 .. 0.97

  Alignments for each domain:
  == domain 1  score: 21.5 bits;  conditional E-value: 3.1e-06
      ihelix_seed_hmm   3 elvalvllLlvAGheTTtnaiswalllLlrh 33 
                          e++a+ + +++AG e T++++s++l+ L++h
  sp|P04800|CP3A1_RAT 295 EITAQSIIFIFAGYEPTSSTLSFVLHSLATH 325
                          899***************************9 PP

>> sp|P0DO35|CP178_ORIVU  Cytochrome P450 71D178 OS=Origanum vulgare OX=39352 GN=CYP71D178 PE=1 SV=1
   #    score  bias  c-Evalue  i-Evalue hmmfrom  hmm to    alifrom  ali to    envfrom  env to     acc
 ---   ------ ----- --------- --------- ------- -------    ------- -------    ------- -------    ----
   1 !   22.1   0.1   1.9e-06   3.6e-06       3      33 .]     286     316 ..     284     316 .. 0.94

  Alignments for each domain:
  == domain 1  score: 22.1 bits;  conditional E-value: 1.9e-06
        ihelix_seed_hmm   3 elvalvllLlvAGheTTtnaiswalllLlrh 33 
                             +++++ +++ AG++T++ +i wal +L r+
  sp|P0DO35|CP178_ORIVU 286 GIKGFIYDVFSAGTDTSAATILWALSELMRN 316
                            6889999**********************98 PP

>> sp|F1RE08|PTGIS_DANRE  Prostacyclin synthase OS=Danio rerio OX=7955 GN=ptgis PE=1 SV=1
   #    score  bias  c-Evalue  i-Evalue hmmfrom  hmm to    alifrom  ali to    envfrom  env to     acc
 ---   ------ ----- --------- --------- ------- -------    ------- -------    ------- -------    ----
   1 !   20.9   0.1   4.7e-06   8.7e-06       2      33 .]     261     292 ..     260     292 .. 0.97

  Alignments for each domain:
  == domain 1  score: 20.9 bits;  conditional E-value: 4.7e-06
        ihelix_seed_hmm   2 eelvalvllLlvAGheTTtnaiswalllLlrh 33 
                            e++++++ll+l++ + ++++a +w++ +Ll+h
  sp|F1RE08|PTGIS_DANRE 261 EMQRRAMLLQLWVTQGNAGPAAFWVMGYLLTH 292
                            899****************************9 PP

>> sp|A0R4Y3|CP125_MYCS2  Steroid C26-monooxygenase OS=Mycolicibacterium smegmatis (strain ATCC 700084 / mc(2)155) OX=24
   #    score  bias  c-Evalue  i-Evalue hmmfrom  hmm to    alifrom  ali to    envfrom  env to     acc
 ---   ------ ----- --------- --------- ------- -------    ------- -------    ------- -------    ----
   1 !   21.4   0.1   3.3e-06   6.1e-06       1      33 []     238     270 ..     238     270 .. 0.90

  Alignments for each domain:
  == domain 1  score: 21.4 bits;  conditional E-value: 3.3e-06
        ihelix_seed_hmm   1 deelvalvllLlvAGheTTtnaiswalllLlrh 33 
                            d+e   +v+ L vAG+eTT n+i+ ++++++ +
  sp|A0R4Y3|CP125_MYCS2 238 DDEFGFFVVMLAVAGNETTRNSITHGMIAFAQN 270
                            5777788999*******************9986 PP

>> sp|Q9UNU6|CP8B1_HUMAN  7-alpha-hydroxycholest-4-en-3-one 12-alpha-hydroxylase OS=Homo sapiens OX=9606 GN=CYP8B1 PE=1 
   #    score  bias  c-Evalue  i-Evalue hmmfrom  hmm to    alifrom  ali to    envfrom  env to     acc
 ---   ------ ----- --------- --------- ------- -------    ------- -------    ------- -------    ----
   1 !   20.1   0.2   8.5e-06   1.6e-05      11      33 .]     279     301 ..     278     301 .. 0.97

  Alignments for each domain:
  == domain 1  score: 20.1 bits;  conditional E-value: 8.5e-06
        ihelix_seed_hmm  11 LlvAGheTTtnaiswalllLlrh 33 
                            +l+A + +T+++++wall+Ll+h
  sp|Q9UNU6|CP8B1_HUMAN 279 MLWASQGNTGPTSFWALLYLLKH 301
                            69*******************99 PP

>> sp|O75881|CP7B1_HUMAN  Cytochrome P450 7B1 OS=Homo sapiens OX=9606 GN=CYP7B1 PE=1 SV=2
   #    score  bias  c-Evalue  i-Evalue hmmfrom  hmm to    alifrom  ali to    envfrom  env to     acc
 ---   ------ ----- --------- --------- ------- -------    ------- -------    ------- -------    ----
   1 !   21.9   0.3   2.2e-06   4.2e-06       3      33 .]     281     311 ..     279     311 .. 0.90

  Alignments for each domain:
  == domain 1  score: 21.9 bits;  conditional E-value: 2.2e-06
        ihelix_seed_hmm   3 elvalvllLlvAGheTTtnaiswalllLlrh 33 
                            e+ a +l +l+A +++T ++ +wa+++Llrh
  sp|O75881|CP7B1_HUMAN 281 EIGAHHLGFLWASVANTIPTMFWAMYYLLRH 311
                            66666899**********************9 PP

>> sp|P0DO22|V19H_CATRO  (+)-vincadifformine 19-hydroxylase OS=Catharanthus roseus OX=4058 GN=V19H PE=1 SV=1
   #    score  bias  c-Evalue  i-Evalue hmmfrom  hmm to    alifrom  ali to    envfrom  env to     acc
 ---   ------ ----- --------- --------- ------- -------    ------- -------    ------- -------    ----
   1 !   20.8   0.0   4.9e-06   9.2e-06       2      33 .]     298     329 ..     297     329 .. 0.95

  Alignments for each domain:
  == domain 1  score: 20.8 bits;  conditional E-value: 4.9e-06
       ihelix_seed_hmm   2 eelvalvllLlvAGheTTtnaiswalllLlrh 33 
                           ++++al  +++ +G +T++++i wa+ ++ ++
  sp|P0DO22|V19H_CATRO 298 NNIKALLFDIISGGSDTSSTTIDWAMSEMMKN 329
                           689**************************987 PP

>> sp|B8N2C8|CP51A_ASPFN  Sterol 14-alpha demethylase OS=Aspergillus flavus (strain ATCC 200026 / FGSC A1120 / IAM 13836
   #    score  bias  c-Evalue  i-Evalue hmmfrom  hmm to    alifrom  ali to    envfrom  env to     acc
 ---   ------ ----- --------- --------- ------- -------    ------- -------    ------- -------    ----
   1 !   21.5   0.1   3.1e-06   5.8e-06       1      31 [.     282     312 ..     282     314 .. 0.96

  Alignments for each domain:
  == domain 1  score: 21.5 bits;  conditional E-value: 3.1e-06
        ihelix_seed_hmm   1 deelvalvllLlvAGheTTtnaiswalllLl 31 
                            d+e+++++++Ll+AG++ +++ +sw++l L+
  sp|B8N2C8|CP51A_ASPFN 282 DKEIAHMMITLLMAGQHSSSSISSWIMLRLA 312
                            79****************************8 PP

>> sp|E9Q816|CP2W1_MOUSE  Cytochrome P450 2W1 OS=Mus musculus OX=10090 GN=Cyp2w1 PE=2 SV=1
   #    score  bias  c-Evalue  i-Evalue hmmfrom  hmm to    alifrom  ali to    envfrom  env to     acc
 ---   ------ ----- --------- --------- ------- -------    ------- -------    ------- -------    ----
   1 !   21.7   0.6   2.6e-06   4.8e-06       9      33 .]     294     318 ..     288     318 .. 0.93

  Alignments for each domain:
  == domain 1  score: 21.7 bits;  conditional E-value: 2.6e-06
        ihelix_seed_hmm   9 llLlvAGheTTtnaiswalllLlrh 33 
                            l++ +AG+eTT+ ++ wa++l+++h
  sp|E9Q816|CP2W1_MOUSE 294 LDMVMAGTETTAATLQWAVFLMVKH 318
                            78999******************98 PP

>> sp|P04167|CP2B2_RAT  Cytochrome P450 2B2 OS=Rattus norvegicus OX=10116 GN=Cyp2b2 PE=1 SV=2
   #    score  bias  c-Evalue  i-Evalue hmmfrom  hmm to    alifrom  ali to    envfrom  env to     acc
 ---   ------ ----- --------- --------- ------- -------    ------- -------    ------- -------    ----
   1 !   20.0   0.7   9.2e-06   1.7e-05       6      33 .]     290     317 ..     285     317 .. 0.87

  Alignments for each domain:
  == domain 1  score: 20.0 bits;  conditional E-value: 9.2e-06
      ihelix_seed_hmm   6 alvllLlvAGheTTtnaiswalllLlrh 33 
                             l+L++AG+eT ++++++++ll+l++
  sp|P04167|CP2B2_RAT 290 ISLLSLFFAGTETGSTTLRYGFLLMLKY 317
                          56799********************986 PP

>> sp|P11714|CP2D9_MOUSE  Cytochrome P450 2D9 OS=Mus musculus OX=10090 GN=Cyp2d9 PE=1 SV=2
   #    score  bias  c-Evalue  i-Evalue hmmfrom  hmm to    alifrom  ali to    envfrom  env to     acc
 ---   ------ ----- --------- --------- ------- -------    ------- -------    ------- -------    ----
   1 !   20.3   2.3   7.2e-06   1.3e-05       1      33 []     295     327 ..     295     327 .. 0.91

  Alignments for each domain:
  == domain 1  score: 20.3 bits;  conditional E-value: 7.2e-06
        ihelix_seed_hmm   1 deelvalvllLlvAGheTTtnaiswalllLlrh 33 
                            de+l+  v +L+ AG+ TT++++swal+l++ h
  sp|P11714|CP2D9_MOUSE 295 DENLLMVVRDLFGAGMLTTSTTLSWALMLMILH 327
                            677888899*********************987 PP

>> sp|P12791|CP2BA_MOUSE  Cytochrome P450 2B10 OS=Mus musculus OX=10090 GN=Cyp2b10 PE=1 SV=1
   #    score  bias  c-Evalue  i-Evalue hmmfrom  hmm to    alifrom  ali to    envfrom  env to     acc
 ---   ------ ----- --------- --------- ------- -------    ------- -------    ------- -------    ----
   1 !   19.7   0.7   1.1e-05   2.1e-05       8      33 .]     292     317 ..     286     317 .. 0.95

  Alignments for each domain:
  == domain 1  score: 19.7 bits;  conditional E-value: 1.1e-05
        ihelix_seed_hmm   8 vllLlvAGheTTtnaiswalllLlrh 33 
                            vl+L+++G+eT+++++ +++ll+l++
  sp|P12791|CP2BA_MOUSE 292 VLSLFFVGTETSSTTLHYGFLLMLKY 317
                            79*********************986 PP

>> sp|Q9CA61|C98A8_ARATH  Cytochrome P450 98A8 OS=Arabidopsis thaliana OX=3702 GN=CYP98A8 PE=1 SV=1
   #    score  bias  c-Evalue  i-Evalue hmmfrom  hmm to    alifrom  ali to    envfrom  env to     acc
 ---   ------ ----- --------- --------- ------- -------    ------- -------    ------- -------    ----
   1 !   20.0   0.2   8.8e-06   1.7e-05       4      32 ..     282     310 ..     279     311 .. 0.86

  Alignments for each domain:
  == domain 1  score: 20.0 bits;  conditional E-value: 8.8e-06
        ihelix_seed_hmm   4 lvalvllLlvAGheTTtnaiswalllLlr 32 
                            + +lv ++l+AG +TT+ +i wa+ ++++
  sp|Q9CA61|C98A8_ARATH 282 VGGLVWNMLTAGADTTAVVIEWAMAEMIK 310
                            56778899******************986 PP

>> sp|Q9FH76|ABAH3_ARATH  Abscisic acid 8'-hydroxylase 3 OS=Arabidopsis thaliana OX=3702 GN=CYP707A3 PE=1 SV=1
   #    score  bias  c-Evalue  i-Evalue hmmfrom  hmm to    alifrom  ali to    envfrom  env to     acc
 ---   ------ ----- --------- --------- ------- -------    ------- -------    ------- -------    ----
   1 !   19.9   0.0   9.9e-06   1.8e-05       1      31 [.     262     292 ..     262     294 .. 0.95

  Alignments for each domain:
  == domain 1  score: 19.9 bits;  conditional E-value: 9.9e-06
        ihelix_seed_hmm   1 deelvalvllLlvAGheTTtnaiswalllLl 31 
                            de+++++++ +++A+ +TT+++++w+l +L+
  sp|Q9FH76|ABAH3_ARATH 262 DEQIADNIIGVIFAARDTTASVLTWILKYLA 292
                            799**************************98 PP

>> sp|O35074|PTGIS_MOUSE  Prostacyclin synthase OS=Mus musculus OX=10090 GN=Ptgis PE=1 SV=1
   #    score  bias  c-Evalue  i-Evalue hmmfrom  hmm to    alifrom  ali to    envfrom  env to     acc
 ---   ------ ----- --------- --------- ------- -------    ------- -------    ------- -------    ----
   1 !   17.2   0.1   6.9e-05   0.00013       2      33 .]     272     303 ..     271     303 .. 0.95

  Alignments for each domain:
  == domain 1  score: 17.2 bits;  conditional E-value: 6.9e-05
        ihelix_seed_hmm   2 eelvalvllLlvAGheTTtnaiswalllLlrh 33 
                            e+++++ +l+l+A + +++++ +w ll+Ll++
  sp|O35074|PTGIS_MOUSE 272 EMQARALVLQLWATQGNMGPTAFWLLLFLLKN 303
                            889999************************98 PP

>> sp|P10612|CP11A_PIG  Cholesterol side-chain cleavage enzyme, mitochondrial OS=Sus scrofa OX=9823 GN=CYP11A1 PE=1 SV=1
   #    score  bias  c-Evalue  i-Evalue hmmfrom  hmm to    alifrom  ali to    envfrom  env to     acc
 ---   ------ ----- --------- --------- ------- -------    ------- -------    ------- -------    ----
   1 !   20.0   0.0   9.4e-06   1.8e-05       2      32 ..     313     343 ..     312     344 .. 0.95

  Alignments for each domain:
  == domain 1  score: 20.0 bits;  conditional E-value: 9.4e-06
      ihelix_seed_hmm   2 eelvalvllLlvAGheTTtnaiswalllLlr 32 
                          e+++a+v+++l++G++TT+ ++ w l++++r
  sp|P10612|CP11A_PIG 313 EDVKANVTEMLAGGVDTTSMTLQWHLYEMAR 343
                          8999*************************98 PP

>> sp|Q62969|PTGIS_RAT  Prostacyclin synthase OS=Rattus norvegicus OX=10116 GN=Ptgis PE=2 SV=1
   #    score  bias  c-Evalue  i-Evalue hmmfrom  hmm to    alifrom  ali to    envfrom  env to     acc
 ---   ------ ----- --------- --------- ------- -------    ------- -------    ------- -------    ----
   1 !   17.0   0.1   7.9e-05   0.00015       2      33 .]     272     303 ..     271     303 .. 0.95

  Alignments for each domain:
  == domain 1  score: 17.0 bits;  conditional E-value: 7.9e-05
      ihelix_seed_hmm   2 eelvalvllLlvAGheTTtnaiswalllLlrh 33 
                          ++++++ +l+l+A + +++++ +w ll+Ll++
  sp|Q62969|PTGIS_RAT 272 DMQARALVLQLWATQGNMGPTAFWLLLFLLKN 303
                          789999************************98 PP

>> sp|Q9HB55|CP343_HUMAN  Cytochrome P450 3A43 OS=Homo sapiens OX=9606 GN=CYP3A43 PE=1 SV=1
   #    score  bias  c-Evalue  i-Evalue hmmfrom  hmm to    alifrom  ali to    envfrom  env to     acc
 ---   ------ ----- --------- --------- ------- -------    ------- -------    ------- -------    ----
   1 !   19.6   0.2   1.2e-05   2.2e-05       2      33 .]     293     324 ..     292     324 .. 0.96

  Alignments for each domain:
  == domain 1  score: 19.6 bits;  conditional E-value: 1.2e-05
        ihelix_seed_hmm   2 eelvalvllLlvAGheTTtnaiswalllLlrh 33 
                             elva+ + +++A+ +TT++++ +++++L++h
  sp|Q9HB55|CP343_HUMAN 293 LELVAQSIIIIFAAYDTTSTTLPFIMYELATH 324
                            69*****************************9 PP

>> sp|Q9DBX6|CP2S1_MOUSE  Cytochrome P450 2S1 OS=Mus musculus OX=10090 GN=Cyp2s1 PE=1 SV=1
   #    score  bias  c-Evalue  i-Evalue hmmfrom  hmm to    alifrom  ali to    envfrom  env to     acc
 ---   ------ ----- --------- --------- ------- -------    ------- -------    ------- -------    ----
   1 !   20.6   1.4   5.9e-06   1.1e-05       2      33 .]     291     322 ..     290     322 .. 0.91

  Alignments for each domain:
  == domain 1  score: 20.6 bits;  conditional E-value: 5.9e-06
        ihelix_seed_hmm   2 eelvalvllLlvAGheTTtnaiswalllLlrh 33 
                            ++l+ +v+ Ll+AG++T + +i++alllLlr+
  sp|Q9DBX6|CP2S1_MOUSE 291 KNLLMTVTYLLFAGTMTIGATIRYALLLLLRY 322
                            577778999*********************97 PP

>> sp|O02766|CP8B1_RABIT  7-alpha-hydroxycholest-4-en-3-one 12-alpha-hydroxylase OS=Oryctolagus cuniculus OX=9986 GN=CYP
   #    score  bias  c-Evalue  i-Evalue hmmfrom  hmm to    alifrom  ali to    envfrom  env to     acc
 ---   ------ ----- --------- --------- ------- -------    ------- -------    ------- -------    ----
   1 !   19.0   0.1   1.9e-05   3.5e-05      11      33 .]     278     300 ..     277     300 .. 0.97

  Alignments for each domain:
  == domain 1  score: 19.0 bits;  conditional E-value: 1.9e-05
        ihelix_seed_hmm  11 LlvAGheTTtnaiswalllLlrh 33 
                            +l+A + +T++a++wal++Ll+h
  sp|O02766|CP8B1_RABIT 278 MLWASQGNTGPASFWALIYLLKH 300
                            69*******************99 PP

>> sp|P56657|CP240_MOUSE  Cytochrome P450 2C40 OS=Mus musculus OX=10090 GN=Cyp2c40 PE=1 SV=2
   #    score  bias  c-Evalue  i-Evalue hmmfrom  hmm to    alifrom  ali to    envfrom  env to     acc
 ---   ------ ----- --------- --------- ------- -------    ------- -------    ------- -------    ----
   1 !   19.3   1.8   1.5e-05   2.8e-05       2      33 .]     285     316 ..     284     316 .. 0.96

  Alignments for each domain:
  == domain 1  score: 19.3 bits;  conditional E-value: 1.5e-05
        ihelix_seed_hmm   2 eelvalvllLlvAGheTTtnaiswalllLlrh 33 
                            e+l+ lv++L ++G+eT +++ ++alllL +h
  sp|P56657|CP240_MOUSE 285 EHLATLVTDLVFGGTETLSSTMRFALLLLMKH 316
                            78999************************998 PP

>> sp|O14442|CP51_UNCNE  Eburicol 14-alpha-demethylase OS=Uncinula necator OX=52586 GN=CYP51 PE=2 SV=2
   #    score  bias  c-Evalue  i-Evalue hmmfrom  hmm to    alifrom  ali to    envfrom  env to     acc
 ---   ------ ----- --------- --------- ------- -------    ------- -------    ------- -------    ----
   1 !   20.1   0.2   8.7e-06   1.6e-05       1      31 [.     295     325 ..     295     327 .. 0.92

  Alignments for each domain:
  == domain 1  score: 20.1 bits;  conditional E-value: 8.7e-06
       ihelix_seed_hmm   1 deelvalvllLlvAGheTTtnaiswalllLl 31 
                           d e+++++++Ll+AG++ +++++sw++l L+
  sp|O14442|CP51_UNCNE 295 DREIAHMMIALLMAGQHSSSSTSSWIMLWLA 325
                           579************************9877 PP

>> sp|Q9SXS3|C93C2_GLYEC  2-hydroxyisoflavanone synthase OS=Glycyrrhiza echinata OX=46348 GN=CYP93C2 PE=1 SV=1
   #    score  bias  c-Evalue  i-Evalue hmmfrom  hmm to    alifrom  ali to    envfrom  env to     acc
 ---   ------ ----- --------- --------- ------- -------    ------- -------    ------- -------    ----
   1 !   18.4   0.0   2.9e-05   5.4e-05       2      33 .]     294     325 ..     293     325 .. 0.95

  Alignments for each domain:
  == domain 1  score: 18.4 bits;  conditional E-value: 2.9e-05
        ihelix_seed_hmm   2 eelvalvllLlvAGheTTtnaiswalllLlrh 33 
                            e++++lv++++ AG++ T+ a+ wal +L+++
  sp|Q9SXS3|C93C2_GLYEC 294 EQIKGLVVDFFSAGTDSTAVATDWALSELINN 325
                            89***************************987 PP

>> sp|P12938|CP2D3_RAT  Cytochrome P450 2D3 OS=Rattus norvegicus OX=10116 GN=Cyp2d3 PE=2 SV=2
   #    score  bias  c-Evalue  i-Evalue hmmfrom  hmm to    alifrom  ali to    envfrom  env to     acc
 ---   ------ ----- --------- --------- ------- -------    ------- -------    ------- -------    ----
   1 !   18.7   2.7   2.3e-05   4.3e-05       3      33 .]     297     327 ..     295     327 .. 0.92

  Alignments for each domain:
  == domain 1  score: 18.7 bits;  conditional E-value: 2.3e-05
      ihelix_seed_hmm   3 elvalvllLlvAGheTTtnaiswalllLlrh 33 
                          +l+  v +L+ AG+ TT+ +++walll++ h
  sp|P12938|CP2D3_RAT 297 NLRLVVNDLFGAGMVTTSITLTWALLLMILH 327
                          7888899*********************987 PP

>> sp|O81077|ABAH2_ARATH  Abscisic acid 8'-hydroxylase 2 OS=Arabidopsis thaliana OX=3702 GN=CYP707A2 PE=2 SV=1
   #    score  bias  c-Evalue  i-Evalue hmmfrom  hmm to    alifrom  ali to    envfrom  env to     acc
 ---   ------ ----- --------- --------- ------- -------    ------- -------    ------- -------    ----
   1 !   18.1   0.3   3.7e-05   6.8e-05       1      30 [.     281     310 ..     281     311 .. 0.92

  Alignments for each domain:
  == domain 1  score: 18.1 bits;  conditional E-value: 3.7e-05
        ihelix_seed_hmm   1 deelvalvllLlvAGheTTtnaiswalllL 30 
                            d++++++++ +++A+++TT+++++w l +L
  sp|O81077|ABAH2_ARATH 281 DSQIADNIIGVIFAATDTTASVLTWLLKYL 310
                            6899*********************88776 PP

>> sp|Q9VGH1|CP315_DROME  Cytochrome P450 315a1, mitochondrial OS=Drosophila melanogaster OX=7227 GN=sad PE=2 SV=1
   #    score  bias  c-Evalue  i-Evalue hmmfrom  hmm to    alifrom  ali to    envfrom  env to     acc
 ---   ------ ----- --------- --------- ------- -------    ------- -------    ------- -------    ----
   1 !   17.1   0.0   7.6e-05   0.00014       2      32 ..     329     359 ..     328     360 .. 0.95

  Alignments for each domain:
  == domain 1  score: 17.1 bits;  conditional E-value: 7.6e-05
        ihelix_seed_hmm   2 eelvalvllLlvAGheTTtnaiswalllLlr 32 
                            +++++++++L +A+ +TT++++ wal++L++
  sp|Q9VGH1|CP315_DROME 329 DMIKRIFVDLVIAAGDTTAFSSQWALFALSK 359
                            7899*************************86 PP

>> sp|Q949P1|ABAH1_ARATH  Abscisic acid 8'-hydroxylase 1 OS=Arabidopsis thaliana OX=3702 GN=CYP707A1 PE=1 SV=1
   #    score  bias  c-Evalue  i-Evalue hmmfrom  hmm to    alifrom  ali to    envfrom  env to     acc
 ---   ------ ----- --------- --------- ------- -------    ------- -------    ------- -------    ----
   1 !   17.9   0.0   4.1e-05   7.7e-05       1      33 []     262     294 ..     262     294 .. 0.97

  Alignments for each domain:
  == domain 1  score: 17.9 bits;  conditional E-value: 4.1e-05
        ihelix_seed_hmm   1 deelvalvllLlvAGheTTtnaiswalllLlrh 33 
                            de+++++++ +++A+ +TT+++ sw+l +L+++
  sp|Q949P1|ABAH1_ARATH 262 DEQIADNIIGVIFAARDTTASVMSWILKYLAEN 294
                            799****************************97 PP

>> sp|Q2PG45|THAS_MACFA  Thromboxane-A synthase OS=Macaca fascicularis OX=9541 GN=TBXAS1 PE=2 SV=2
   #    score  bias  c-Evalue  i-Evalue hmmfrom  hmm to    alifrom  ali to    envfrom  env to     acc
 ---   ------ ----- --------- --------- ------- -------    ------- -------    ------- -------    ----
   1 !   18.9   0.5     2e-05   3.7e-05       2      33 .]     329     360 ..     328     360 .. 0.97

  Alignments for each domain:
  == domain 1  score: 18.9 bits;  conditional E-value: 2e-05
       ihelix_seed_hmm   2 eelvalvllLlvAGheTTtnaiswalllLlrh 33 
                           +e+v+++  +l+AG e +tn++s+a++lL+++
  sp|Q2PG45|THAS_MACFA 329 DEIVGQAFIFLIAGYEIVTNTLSFATYLLATN 360
                           8*****************************98 PP

>> sp|Q63688|CP7B1_RAT  25-hydroxycholesterol 7-alpha-hydroxylase (Fragment) OS=Rattus norvegicus OX=10116 GN=Cyp7b1 PE=
   #    score  bias  c-Evalue  i-Evalue hmmfrom  hmm to    alifrom  ali to    envfrom  env to     acc
 ---   ------ ----- --------- --------- ------- -------    ------- -------    ------- -------    ----
   1 !   18.0   0.7     4e-05   7.4e-05       8      33 .]     191     216 ..     186     216 .. 0.90

  Alignments for each domain:
  == domain 1  score: 18.0 bits;  conditional E-value: 4e-05
      ihelix_seed_hmm   8 vllLlvAGheTTtnaiswalllLlrh 33 
                          +l Ll+A  ++T +a +wa+++Ll h
  sp|Q63688|CP7B1_RAT 191 HLGLLWASLANTIPAMFWAMYYLLQH 216
                          788*********************98 PP

>> sp|K4CI52|ABAH2_SOLLC  Abscisic acid 8'-hydroxylase CYP707A2 OS=Solanum lycopersicum OX=4081 GN=CYP707A2 PE=2 SV=1
   #    score  bias  c-Evalue  i-Evalue hmmfrom  hmm to    alifrom  ali to    envfrom  env to     acc
 ---   ------ ----- --------- --------- ------- -------    ------- -------    ------- -------    ----
   1 !   17.8   0.0   4.4e-05   8.2e-05       1      30 [.     262     291 ..     262     294 .. 0.95

  Alignments for each domain:
  == domain 1  score: 17.8 bits;  conditional E-value: 4.4e-05
        ihelix_seed_hmm   1 deelvalvllLlvAGheTTtnaiswalllL 30 
                            de+++++v+ +++A+ +TT+++++w+l +L
  sp|K4CI52|ABAH2_SOLLC 262 DEQIADNVIGVIFAARDTTASVLTWILKYL 291
                            799************************988 PP

>> sp|P47787|THAS_PIG  Thromboxane-A synthase OS=Sus scrofa OX=9823 GN=TBXAS1 PE=1 SV=1
   #    score  bias  c-Evalue  i-Evalue hmmfrom  hmm to    alifrom  ali to    envfrom  env to     acc
 ---   ------ ----- --------- --------- ------- -------    ------- -------    ------- -------    ----
   1 !   17.4   0.5   6.2e-05   0.00012       2      33 .]     330     361 ..     329     361 .. 0.97

  Alignments for each domain:
  == domain 1  score: 17.4 bits;  conditional E-value: 6.2e-05
     ihelix_seed_hmm   2 eelvalvllLlvAGheTTtnaiswalllLlrh 33 
                         +e+v+++ l+l+AG e  tn++s++++lL+++
  sp|P47787|THAS_PIG 330 DEVVGQAFLFLIAGYEIITNTLSFVTYLLATN 361
                         89****************************98 PP

>> sp|Q29552|C11B1_PIG  Cytochrome P450 11B1, mitochondrial OS=Sus scrofa OX=9823 GN=CYP11B1 PE=2 SV=1
   #    score  bias  c-Evalue  i-Evalue hmmfrom  hmm to    alifrom  ali to    envfrom  env to     acc
 ---   ------ ----- --------- --------- ------- -------    ------- -------    ------- -------    ----
   1 !   17.5   0.0   5.7e-05   0.00011       3      33 .]     303     333 ..     301     333 .. 0.94

  Alignments for each domain:
  == domain 1  score: 17.5 bits;  conditional E-value: 5.7e-05
      ihelix_seed_hmm   3 elvalvllLlvAGheTTtnaiswalllLlrh 33 
                           ++a+ ++L ++ ++TT++ + ++l++L+r+
  sp|Q29552|C11B1_PIG 303 AIKANSIDLTAGSVDTTAYPLLMTLFELARN 333
                          689999************************8 PP

>> sp|Q4H4C3|CP1A2_MACFU  Cytochrome P450 1A2 OS=Macaca fuscata fuscata OX=9543 GN=CYP1A2 PE=2 SV=3
   #    score  bias  c-Evalue  i-Evalue hmmfrom  hmm to    alifrom  ali to    envfrom  env to     acc
 ---   ------ ----- --------- --------- ------- -------    ------- -------    ------- -------    ----
   1 !   17.6   0.0   5.2e-05   9.7e-05       2      32 ..     305     335 ..     304     336 .. 0.94

  Alignments for each domain:
  == domain 1  score: 17.6 bits;  conditional E-value: 5.2e-05
        ihelix_seed_hmm   2 eelvalvllLlvAGheTTtnaiswalllLlr 32 
                            e +v+lv +++ A  +T ++aisw+l++L++
  sp|Q4H4C3|CP1A2_MACFU 305 EKIVNLVNDIFGAEFDTIATAISWSLMYLVT 335
                            679**************************87 PP

>> sp|Q42569|C90A1_ARATH  3beta,22alpha-dihydroxysteroid 3-dehydrogenase OS=Arabidopsis thaliana OX=3702 GN=CYP90A1 PE=1
   #    score  bias  c-Evalue  i-Evalue hmmfrom  hmm to    alifrom  ali to    envfrom  env to     acc
 ---   ------ ----- --------- --------- ------- -------    ------- -------    ------- -------    ----
   1 !   18.6   0.8   2.6e-05   4.8e-05       1      30 [.     265     294 ..     265     297 .. 0.89

  Alignments for each domain:
  == domain 1  score: 18.6 bits;  conditional E-value: 2.6e-05
        ihelix_seed_hmm   1 deelvalvllLlvAGheTTtnaiswalllL 30 
                            dee+v++ ++LlvAG eTT++  + a+ +L
  sp|Q42569|C90A1_ARATH 265 DEEIVDFLVALLVAGYETTSTIMTLAVKFL 294
                            89******************9888888777 PP

>> sp|O22203|C98A3_ARATH  Cytochrome P450 98A3 OS=Arabidopsis thaliana OX=3702 GN=CYP98A3 PE=1 SV=1
   #    score  bias  c-Evalue  i-Evalue hmmfrom  hmm to    alifrom  ali to    envfrom  env to     acc
 ---   ------ ----- --------- --------- ------- -------    ------- -------    ------- -------    ----
   1 !   18.3   0.6   3.2e-05     6e-05       2      33 .]     287     318 ..     286     318 .. 0.94

  Alignments for each domain:
  == domain 1  score: 18.3 bits;  conditional E-value: 3.2e-05
        ihelix_seed_hmm   2 eelvalvllLlvAGheTTtnaiswalllLlrh 33 
                            + +++l  ++++AG++TT+ +  wa+ +++++
  sp|O22203|C98A3_ARATH 287 DTIIGLLWDMITAGMDTTAITAEWAMAEMIKN 318
                            78999999*********************987 PP

>> sp|P79739|CP26A_DANRE  Cytochrome P450 26A1 OS=Danio rerio OX=7955 GN=cyp26a1 PE=1 SV=1
   #    score  bias  c-Evalue  i-Evalue hmmfrom  hmm to    alifrom  ali to    envfrom  env to     acc
 ---   ------ ----- --------- --------- ------- -------    ------- -------    ------- -------    ----
   1 !   16.9   1.3   8.9e-05   0.00017       8      30 ..     290     312 ..     287     314 .. 0.89

  Alignments for each domain:
  == domain 1  score: 16.9 bits;  conditional E-value: 8.9e-05
        ihelix_seed_hmm   8 vllLlvAGheTTtnaiswalllL 30 
                            +++Ll++GheTT+++ ++ +++L
  sp|P79739|CP26A_DANRE 290 ATELLFGGHETTASTATSLVMFL 312
                            789************99888776 PP

>> sp|P19099|C11B2_HUMAN  Cytochrome P450 11B2, mitochondrial OS=Homo sapiens OX=9606 GN=CYP11B2 PE=1 SV=3
   #    score  bias  c-Evalue  i-Evalue hmmfrom  hmm to    alifrom  ali to    envfrom  env to     acc
 ---   ------ ----- --------- --------- ------- -------    ------- -------    ------- -------    ----
   1 !   17.2   0.2     7e-05   0.00013       2      33 .]     302     333 ..     301     333 .. 0.95

  Alignments for each domain:
  == domain 1  score: 17.2 bits;  conditional E-value: 7e-05
        ihelix_seed_hmm   2 eelvalvllLlvAGheTTtnaiswalllLlrh 33 
                            e ++a+ ++L ++ ++TT++ + ++l++L+r+
  sp|P19099|C11B2_HUMAN 302 EAIKANSMELTAGSVDTTAFPLLMTLFELARN 333
                            679999*************************8 PP

>> sp|Q16678|CP1B1_HUMAN  Cytochrome P450 1B1 OS=Homo sapiens OX=9606 GN=CYP1B1 PE=1 SV=2
   #    score  bias  c-Evalue  i-Evalue hmmfrom  hmm to    alifrom  ali to    envfrom  env to     acc
 ---   ------ ----- --------- --------- ------- -------    ------- -------    ------- -------    ----
   1 !   18.1   0.2   3.5e-05   6.6e-05       2      33 .]     318     349 ..     317     349 .. 0.94

  Alignments for each domain:
  == domain 1  score: 18.1 bits;  conditional E-value: 3.5e-05
        ihelix_seed_hmm   2 eelvalvllLlvAGheTTtnaiswalllLlrh 33 
                            e++ a++++++ A ++T ++a+ w lll+ r+
  sp|Q16678|CP1B1_HUMAN 318 ENVPATITDIFGASQDTLSTALQWLLLLFTRY 349
                            7899************************9986 PP

>> sp|Q9QZ82|CP11A_MOUSE  Cholesterol side-chain cleavage enzyme, mitochondrial OS=Mus musculus OX=10090 GN=Cyp11a1 PE=1
   #    score  bias  c-Evalue  i-Evalue hmmfrom  hmm to    alifrom  ali to    envfrom  env to     acc
 ---   ------ ----- --------- --------- ------- -------    ------- -------    ------- -------    ----
   1 !   17.0   0.1   8.1e-05   0.00015       3      33 .]     311     341 ..     310     341 .. 0.93

  Alignments for each domain:
  == domain 1  score: 17.0 bits;  conditional E-value: 8.1e-05
        ihelix_seed_hmm   3 elvalvllLlvAGheTTtnaiswalllLlrh 33 
                            ++ a+++++l++G++TT+ ++ w l++++++
  sp|Q9QZ82|CP11A_MOUSE 311 NIQANITEMLAGGVDTTSMTLQWNLYEMAHN 341
                            67789***********************987 PP

>> sp|O23066|C86A2_ARATH  Cytochrome P450 86A2 OS=Arabidopsis thaliana OX=3702 GN=CYP86A2 PE=1 SV=1
   #    score  bias  c-Evalue  i-Evalue hmmfrom  hmm to    alifrom  ali to    envfrom  env to     acc
 ---   ------ ----- --------- --------- ------- -------    ------- -------    ------- -------    ----
   1 !   16.7   1.3    0.0001   0.00019       4      33 .]     297     326 ..     297     326 .. 0.93

  Alignments for each domain:
  == domain 1  score: 16.7 bits;  conditional E-value: 0.0001
        ihelix_seed_hmm   4 lvalvllLlvAGheTTtnaiswalllLlrh 33 
                            l++ +l++++AG +T++ a+sw+++l  +h
  sp|O23066|C86A2_ARATH 297 LRHVALNFILAGRDTSSVALSWFFWLITTH 326
                            57889*********************9988 PP

>> sp|P24557|THAS_HUMAN  Thromboxane-A synthase OS=Homo sapiens OX=9606 GN=TBXAS1 PE=1 SV=3
   #    score  bias  c-Evalue  i-Evalue hmmfrom  hmm to    alifrom  ali to    envfrom  env to     acc
 ---   ------ ----- --------- --------- ------- -------    ------- -------    ------- -------    ----
   1 !   17.9   0.6   4.1e-05   7.7e-05       2      33 .]     329     360 ..     328     360 .. 0.97

  Alignments for each domain:
  == domain 1  score: 17.9 bits;  conditional E-value: 4.1e-05
       ihelix_seed_hmm   2 eelvalvllLlvAGheTTtnaiswalllLlrh 33 
                           +e+v+++  +l+AG e  tn++s+a++lL+++
  sp|P24557|THAS_HUMAN 329 DEIVGQAFIFLIAGYEIITNTLSFATYLLATN 360
                           8*****************************98 PP

>> sp|P14137|CP11A_RAT  Cholesterol side-chain cleavage enzyme, mitochondrial OS=Rattus norvegicus OX=10116 GN=Cyp11a1 P
   #    score  bias  c-Evalue  i-Evalue hmmfrom  hmm to    alifrom  ali to    envfrom  env to     acc
 ---   ------ ----- --------- --------- ------- -------    ------- -------    ------- -------    ----
   1 !   17.0   0.1   8.1e-05   0.00015       3      33 .]     312     342 ..     311     342 .. 0.93

  Alignments for each domain:
  == domain 1  score: 17.0 bits;  conditional E-value: 8.1e-05
      ihelix_seed_hmm   3 elvalvllLlvAGheTTtnaiswalllLlrh 33 
                          ++ a+++++l++G++TT+ ++ w l++++++
  sp|P14137|CP11A_RAT 312 NIQANITEMLAGGVDTTSMTLQWNLYEMAHN 342
                          67789***********************987 PP

>> sp|Q64429|CP1B1_MOUSE  Cytochrome P450 1B1 OS=Mus musculus OX=10090 GN=Cyp1b1 PE=1 SV=3
   #    score  bias  c-Evalue  i-Evalue hmmfrom  hmm to    alifrom  ali to    envfrom  env to     acc
 ---   ------ ----- --------- --------- ------- -------    ------- -------    ------- -------    ----
   1 !   17.8   0.3   4.6e-05   8.6e-05       2      33 .]     318     349 ..     317     349 .. 0.94

  Alignments for each domain:
  == domain 1  score: 17.8 bits;  conditional E-value: 4.6e-05
        ihelix_seed_hmm   2 eelvalvllLlvAGheTTtnaiswalllLlrh 33 
                            e++ a++++++ A ++T ++a+ w l+l+ r+
  sp|Q64429|CP1B1_MOUSE 318 EDVPATITDIFGASQDTLSTALLWLLILFTRY 349
                            7889************************9986 PP

>> sp|Q64678|CP1B1_RAT  Cytochrome P450 1B1 OS=Rattus norvegicus OX=10116 GN=Cyp1b1 PE=1 SV=1
   #    score  bias  c-Evalue  i-Evalue hmmfrom  hmm to    alifrom  ali to    envfrom  env to     acc
 ---   ------ ----- --------- --------- ------- -------    ------- -------    ------- -------    ----
   1 !   17.8   0.3   4.6e-05   8.6e-05       2      33 .]     318     349 ..     317     349 .. 0.94

  Alignments for each domain:
  == domain 1  score: 17.8 bits;  conditional E-value: 4.6e-05
      ihelix_seed_hmm   2 eelvalvllLlvAGheTTtnaiswalllLlrh 33 
                          e++ a++++++ A ++T ++a+ w l+l+ r+
  sp|Q64678|CP1B1_RAT 318 EDVPATITDIFGASQDTLSTALLWLLILFTRY 349
                          7889************************9986 PP

>> sp|O80823|C86A8_ARATH  Cytochrome P450 86A8 OS=Arabidopsis thaliana OX=3702 GN=CYP86A8 PE=2 SV=1
   #    score  bias  c-Evalue  i-Evalue hmmfrom  hmm to    alifrom  ali to    envfrom  env to     acc
 ---   ------ ----- --------- --------- ------- -------    ------- -------    ------- -------    ----
   1 !   16.4   0.1   0.00013   0.00024       2      33 .]     293     324 ..     292     324 .. 0.87

  Alignments for each domain:
  == domain 1  score: 16.4 bits;  conditional E-value: 0.00013
        ihelix_seed_hmm   2 eelvalvllLlvAGheTTtnaiswalllLlrh 33 
                            e l + +l++++AG +T++ a+sw+++l   h
  sp|O80823|C86A8_ARATH 293 ETLQRVALNFILAGRDTSSVALSWFFWLITQH 324
                            6666789********************98766 PP

>> sp|P48421|C83A1_ARATH  Cytochrome P450 83A1 OS=Arabidopsis thaliana OX=3702 GN=CYP83A1 PE=1 SV=2
   #    score  bias  c-Evalue  i-Evalue hmmfrom  hmm to    alifrom  ali to    envfrom  env to     acc
 ---   ------ ----- --------- --------- ------- -------    ------- -------    ------- -------    ----
   1 !   17.3   0.0   6.5e-05   0.00012       2      33 .]     288     319 ..     287     319 .. 0.93

  Alignments for each domain:
  == domain 1  score: 17.3 bits;  conditional E-value: 6.5e-05
        ihelix_seed_hmm   2 eelvalvllLlvAGheTTtnaiswalllLlrh 33 
                            ++++a +l++ vAG++T++ a  w++ +L ++
  sp|P48421|C83A1_ARATH 288 DNVKAVILDIVVAGTDTAAAAVVWGMTYLMKY 319
                            78999*********************999875 PP

>> sp|Q60991|CP7B1_MOUSE  Cytochrome P450 7B1 OS=Mus musculus OX=10090 GN=Cyp7b1 PE=1 SV=2
   #    score  bias  c-Evalue  i-Evalue hmmfrom  hmm to    alifrom  ali to    envfrom  env to     acc
 ---   ------ ----- --------- --------- ------- -------    ------- -------    ------- -------    ----
   1 !   17.7   0.1     5e-05   9.3e-05       3      33 .]     279     309 ..     277     309 .. 0.90

  Alignments for each domain:
  == domain 1  score: 17.7 bits;  conditional E-value: 5e-05
        ihelix_seed_hmm   3 elvalvllLlvAGheTTtnaiswalllLlrh 33 
                            e+ a +l +l+A  ++T +a +wa+++ lrh
  sp|Q60991|CP7B1_MOUSE 279 EIGAHHLGFLWASLANTIPAMFWAMYYILRH 309
                            66677899**********************9 PP

>> sp|Q50EK6|C72B1_PINTA  Abietadienol/abietadienal oxidase OS=Pinus taeda OX=3352 GN=CYP720B1 PE=1 SV=1
   #    score  bias  c-Evalue  i-Evalue hmmfrom  hmm to    alifrom  ali to    envfrom  env to     acc
 ---   ------ ----- --------- --------- ------- -------    ------- -------    ------- -------    ----
   1 !   16.4   0.1   0.00012   0.00023       6      32 ..     283     309 ..     278     310 .. 0.89

  Alignments for each domain:
  == domain 1  score: 16.4 bits;  conditional E-value: 0.00012
        ihelix_seed_hmm   6 alvllLlvAGheTTtnaiswalllLlr 32 
                            +++l Ll+AGheT++ a ++a+ +L +
  sp|Q50EK6|C72B1_PINTA 283 DFILFLLFAGHETSSRAMTFAIKFLTT 309
                            57888*****************99976 PP

>> sp|P15538|C11B1_HUMAN  Cytochrome P450 11B1, mitochondrial OS=Homo sapiens OX=9606 GN=CYP11B1 PE=1 SV=5
   #    score  bias  c-Evalue  i-Evalue hmmfrom  hmm to    alifrom  ali to    envfrom  env to     acc
 ---   ------ ----- --------- --------- ------- -------    ------- -------    ------- -------    ----
   1 !   16.4   0.1   0.00013   0.00024       3      33 .]     303     333 ..     302     333 .. 0.94

  Alignments for each domain:
  == domain 1  score: 16.4 bits;  conditional E-value: 0.00013
        ihelix_seed_hmm   3 elvalvllLlvAGheTTtnaiswalllLlrh 33 
                             ++a+ ++L ++ ++TT++ + ++l++L+r+
  sp|P15538|C11B1_HUMAN 303 AIKANSMELTAGSVDTTVFPLLMTLFELARN 333
                            588999************************8 PP

>> sp|O55127|CP26A_MOUSE  Cytochrome P450 26A1 OS=Mus musculus OX=10090 GN=Cyp26a1 PE=1 SV=1
   #    score  bias  c-Evalue  i-Evalue hmmfrom  hmm to    alifrom  ali to    envfrom  env to     acc
 ---   ------ ----- --------- --------- ------- -------    ------- -------    ------- -------    ----
   1 !   16.2   0.3   0.00014   0.00026       4      25 ..     290     311 ..     287     316 .. 0.81

  Alignments for each domain:
  == domain 1  score: 16.2 bits;  conditional E-value: 0.00014
        ihelix_seed_hmm   4 lvalvllLlvAGheTTtnaisw 25 
                            l++  ++Ll++GheTT++a ++
  sp|O55127|CP26A_MOUSE 290 LKQSSTELLFGGHETTASAATS 311
                            5666789***********9876 PP

>> sp|P17549|BPHA_ASPNG  Benzoate 4-monooxygenase bphA OS=Aspergillus niger OX=5061 GN=bphA PE=1 SV=1
   #    score  bias  c-Evalue  i-Evalue hmmfrom  hmm to    alifrom  ali to    envfrom  env to     acc
 ---   ------ ----- --------- --------- ------- -------    ------- -------    ------- -------    ----
   1 !   16.2   0.4   0.00015   0.00028       3      23 ..     307     327 ..     306     332 .. 0.90

  Alignments for each domain:
  == domain 1  score: 16.2 bits;  conditional E-value: 0.00015
       ihelix_seed_hmm   3 elvalvllLlvAGheTTtnai 23 
                           el+a +l++l+AG +TT+n++
  sp|P17549|BPHA_ASPNG 307 ELTAEALTQLIAGSDTTSNTS 327
                           899****************86 PP

>> sp|A2QTW5|BPHA_ASPNC  Benzoate 4-monooxygenase bphA OS=Aspergillus niger (strain ATCC MYA-4892 / CBS 513.88 / FGSC A1
   #    score  bias  c-Evalue  i-Evalue hmmfrom  hmm to    alifrom  ali to    envfrom  env to     acc
 ---   ------ ----- --------- --------- ------- -------    ------- -------    ------- -------    ----
   1 !   16.2   0.4   0.00015   0.00028       3      23 ..     307     327 ..     306     332 .. 0.90

  Alignments for each domain:
  == domain 1  score: 16.2 bits;  conditional E-value: 0.00015
       ihelix_seed_hmm   3 elvalvllLlvAGheTTtnai 23 
                           el+a +l++l+AG +TT+n++
  sp|A2QTW5|BPHA_ASPNC 307 ELTAEALTQLIAGSDTTSNTS 327
                           899****************86 PP

>> sp|O43174|CP26A_HUMAN  Cytochrome P450 26A1 OS=Homo sapiens OX=9606 GN=CYP26A1 PE=1 SV=2
   #    score  bias  c-Evalue  i-Evalue hmmfrom  hmm to    alifrom  ali to    envfrom  env to     acc
 ---   ------ ----- --------- --------- ------- -------    ------- -------    ------- -------    ----
   1 !   16.2   0.3   0.00014   0.00026       4      25 ..     290     311 ..     287     316 .. 0.81

  Alignments for each domain:
  == domain 1  score: 16.2 bits;  conditional E-value: 0.00014
        ihelix_seed_hmm   4 lvalvllLlvAGheTTtnaisw 25 
                            l++  ++Ll++GheTT++a ++
  sp|O43174|CP26A_HUMAN 290 LKQSSTELLFGGHETTASAATS 311
                            5666789***********9876 PP

>> sp|Q16647|PTGIS_HUMAN  Prostacyclin synthase OS=Homo sapiens OX=9606 GN=PTGIS PE=1 SV=1
   #    score  bias  c-Evalue  i-Evalue hmmfrom  hmm to    alifrom  ali to    envfrom  env to     acc
 ---   ------ ----- --------- --------- ------- -------    ------- -------    ------- -------    ----
   1 !   17.1   0.1   7.3e-05   0.00014       2      33 .]     271     302 ..     270     302 .. 0.95

  Alignments for each domain:
  == domain 1  score: 17.1 bits;  conditional E-value: 7.3e-05
        ihelix_seed_hmm   2 eelvalvllLlvAGheTTtnaiswalllLlrh 33 
                            e+++++ +l+l+A + ++++a +w ll+Ll++
  sp|Q16647|PTGIS_HUMAN 271 EMQARALVLQLWATQGNMGPAAFWLLLFLLKN 302
                            889999************************98 PP

>> sp|Q29626|PTGIS_BOVIN  Prostacyclin synthase OS=Bos taurus OX=9913 GN=PTGIS PE=1 SV=1
   #    score  bias  c-Evalue  i-Evalue hmmfrom  hmm to    alifrom  ali to    envfrom  env to     acc
 ---   ------ ----- --------- --------- ------- -------    ------- -------    ------- -------    ----
   1 !   17.1   0.1   7.3e-05   0.00014       2      33 .]     271     302 ..     270     302 .. 0.95

  Alignments for each domain:
  == domain 1  score: 17.1 bits;  conditional E-value: 7.3e-05
        ihelix_seed_hmm   2 eelvalvllLlvAGheTTtnaiswalllLlrh 33 
                            e+++++ +l+l+A + ++++a +w ll+Ll++
  sp|Q29626|PTGIS_BOVIN 271 EMQARALVLQLWATQGNMGPAAFWLLLFLLKN 302
                            889999************************98 PP

>> sp|Q64658|C11B2_MESAU  Cytochrome P450 11B2, mitochondrial OS=Mesocricetus auratus OX=10036 GN=CYP11B2 PE=2 SV=1
   #    score  bias  c-Evalue  i-Evalue hmmfrom  hmm to    alifrom  ali to    envfrom  env to     acc
 ---   ------ ----- --------- --------- ------- -------    ------- -------    ------- -------    ----
   1 !   16.1   0.1   0.00015   0.00029       2      33 .]     302     333 ..     301     333 .. 0.95

  Alignments for each domain:
  == domain 1  score: 16.1 bits;  conditional E-value: 0.00015
        ihelix_seed_hmm   2 eelvalvllLlvAGheTTtnaiswalllLlrh 33 
                            + ++a+ ++L ++ ++TTt+ + +al++L+r+
  sp|Q64658|C11B2_MESAU 302 DAIRANSIELTAGSVDTTTFPLVMALFELARN 333
                            6799***************************8 PP

>> sp|Q95078|CP18A_DROME  Cytochrome P450 18a1 OS=Drosophila melanogaster OX=7227 GN=Cyp18a1 PE=2 SV=2
   #    score  bias  c-Evalue  i-Evalue hmmfrom  hmm to    alifrom  ali to    envfrom  env to     acc
 ---   ------ ----- --------- --------- ------- -------    ------- -------    ------- -------    ----
   1 !   16.7   0.1    0.0001   0.00019       1      33 []     315     347 ..     315     347 .. 0.93

  Alignments for each domain:
  == domain 1  score: 16.7 bits;  conditional E-value: 0.0001
        ihelix_seed_hmm   1 deelvalvllLlvAGheTTtnaiswalllLlrh 33 
                            +e+lv+ +++L+ AG+eT  +++ w+  ++lr+
  sp|Q95078|CP18A_DROME 315 EEQLVQVIIDLFSAGMETIKTTLLWINVFMLRN 347
                            589**********************98888887 PP

>> sp|P15150|C11B1_BOVIN  Cytochrome P450 11B1, mitochondrial OS=Bos taurus OX=9913 GN=CYP11B1 PE=1 SV=2
   #    score  bias  c-Evalue  i-Evalue hmmfrom  hmm to    alifrom  ali to    envfrom  env to     acc
 ---   ------ ----- --------- --------- ------- -------    ------- -------    ------- -------    ----
   1 !   15.5   0.3   0.00025   0.00046       2      33 .]     302     333 ..     301     333 .. 0.93

  Alignments for each domain:
  == domain 1  score: 15.5 bits;  conditional E-value: 0.00025
        ihelix_seed_hmm   2 eelvalvllLlvAGheTTtnaiswalllLlrh 33 
                            + ++a+ ++L ++ ++TT++ + ++l++L+r+
  sp|P15150|C11B1_BOVIN 302 DTIKANTIDLTAGSVDTTAFPLLMTLFELARN 333
                            66888889***********************8 PP

>> sp|O88962|CP8B1_MOUSE  7-alpha-hydroxycholest-4-en-3-one 12-alpha-hydroxylase OS=Mus musculus OX=10090 GN=Cyp8b1 PE=1
   #    score  bias  c-Evalue  i-Evalue hmmfrom  hmm to    alifrom  ali to    envfrom  env to     acc
 ---   ------ ----- --------- --------- ------- -------    ------- -------    ------- -------    ----
   1 !   15.1   0.1   0.00032    0.0006      11      33 .]     278     300 ..     277     300 .. 0.97

  Alignments for each domain:
  == domain 1  score: 15.1 bits;  conditional E-value: 0.00032
        ihelix_seed_hmm  11 LlvAGheTTtnaiswalllLlrh 33 
                            +l+A + +T+++ +w+ll+Ll+h
  sp|O88962|CP8B1_MOUSE 278 MLWASQGNTGPTCFWVLLFLLKH 300
                            69*******************99 PP

>> sp|A0R4Q6|CP142_MYCS2  Steroid C26-monooxygenase OS=Mycolicibacterium smegmatis (strain ATCC 700084 / mc(2)155) OX=24
   #    score  bias  c-Evalue  i-Evalue hmmfrom  hmm to    alifrom  ali to    envfrom  env to     acc
 ---   ------ ----- --------- --------- ------- -------    ------- -------    ------- -------    ----
   1 !   15.6   0.1   0.00022   0.00041       1      33 []     220     252 ..     220     252 .. 0.97

  Alignments for each domain:
  == domain 1  score: 15.6 bits;  conditional E-value: 0.00022
        ihelix_seed_hmm   1 deelvalvllLlvAGheTTtnaiswalllLlrh 33 
                            d+e+v   ll+l++G eTT  ++s ++  Llrh
  sp|A0R4Q6|CP142_MYCS2 220 DDEIVFETLLILIGGDETTRHTLSGGTEQLLRH 252
                            799999**************************9 PP

>> sp|P00189|CP11A_BOVIN  Cholesterol side-chain cleavage enzyme, mitochondrial OS=Bos taurus OX=9913 GN=CYP11A1 PE=1 SV
   #    score  bias  c-Evalue  i-Evalue hmmfrom  hmm to    alifrom  ali to    envfrom  env to     acc
 ---   ------ ----- --------- --------- ------- -------    ------- -------    ------- -------    ----
   1 !   15.3   0.1   0.00028   0.00053       2      32 ..     313     343 ..     312     344 .. 0.95

  Alignments for each domain:
  == domain 1  score: 15.3 bits;  conditional E-value: 0.00028
        ihelix_seed_hmm   2 eelvalvllLlvAGheTTtnaiswalllLlr 32 
                            e+++a+++++l++G+ TT+ ++ w l++++r
  sp|P00189|CP11A_BOVIN 313 EDVKANITEMLAGGVNTTSMTLQWHLYEMAR 343
                            7899*************************98 PP

>> sp|Q6F4F5|C724B_ORYSJ  Cytochrome P450 724B1 OS=Oryza sativa subsp. japonica OX=39947 GN=CYP724B1 PE=1 SV=1
   #    score  bias  c-Evalue  i-Evalue hmmfrom  hmm to    alifrom  ali to    envfrom  env to     acc
 ---   ------ ----- --------- --------- ------- -------    ------- -------    ------- -------    ----
   1 !   14.2   0.0   0.00063    0.0012       1      30 [.     275     304 ..     275     304 .. 0.98

  Alignments for each domain:
  == domain 1  score: 14.2 bits;  conditional E-value: 0.00063
        ihelix_seed_hmm   1 deelvalvllLlvAGheTTtnaiswalllL 30 
                            dee+v++vl+ l++G eTT+ +is+++++L
  sp|Q6F4F5|C724B_ORYSJ 275 DEEKVSFVLDSLLGGYETTSLLISMVVYFL 304
                            79**************************98 PP

>> sp|Q59523|MYCG_MICGR  Mycinamicin IV hydroxylase/epoxidase OS=Micromonospora griseorubida OX=28040 GN=mycG PE=1 SV=1
   #    score  bias  c-Evalue  i-Evalue hmmfrom  hmm to    alifrom  ali to    envfrom  env to     acc
 ---   ------ ----- --------- --------- ------- -------    ------- -------    ------- -------    ----
   1 !   14.9   0.2   0.00036   0.00068       1      32 [.     221     252 ..     221     253 .. 0.94

  Alignments for each domain:
  == domain 1  score: 14.9 bits;  conditional E-value: 0.00036
       ihelix_seed_hmm   1 deelvalvllLlvAGheTTtnaiswalllLlr 32 
                           ++el++l++ LlvAG e Tt+ i+ +++lL +
  sp|Q59523|MYCG_MICGR 221 EQELLDLAIGLLVAGYESTTTQIADFVYLLMT 252
                           589**************************987 PP

>> sp|A0A2Z5D854|C71Z4_PASSA  Xanthotoxol synthase OS=Pastinaca sativa OX=4041 GN=CYP71AZ4 PE=1 SV=1
   #    score  bias  c-Evalue  i-Evalue hmmfrom  hmm to    alifrom  ali to    envfrom  env to     acc
 ---   ------ ----- --------- --------- ------- -------    ------- -------    ------- -------    ----
   1 !   15.0   0.5   0.00034   0.00063       2      33 .]     287     318 ..     286     318 .. 0.95

  Alignments for each domain:
  == domain 1  score: 15.0 bits;  conditional E-value: 0.00034
            ihelix_seed_hmm   2 eelvalvllLlvAGheTTtnaiswalllLlrh 33 
                                + ++a+ l+++ +G+ TT++a+ +a+ +Llr+
  sp|A0A2Z5D854|C71Z4_PASSA 287 DSIKAILLNVFSGGIGTTGSALVFAMTALLRN 318
                                6799**************************98 PP

>> sp|Q9SMP5|C94B3_ARATH  Cytochrome P450 94B3 OS=Arabidopsis thaliana OX=3702 GN=CYP94B3 PE=1 SV=1
   #    score  bias  c-Evalue  i-Evalue hmmfrom  hmm to    alifrom  ali to    envfrom  env to     acc
 ---   ------ ----- --------- --------- ------- -------    ------- -------    ------- -------    ----
   1 !   15.9   0.3   0.00018   0.00034       3      33 .]     292     322 ..     290     322 .. 0.93

  Alignments for each domain:
  == domain 1  score: 15.9 bits;  conditional E-value: 0.00018
        ihelix_seed_hmm   3 elvalvllLlvAGheTTtnaiswalllLlrh 33 
                             ++++v+++++AG +TT+ a +w ++lL ++
  sp|Q9SMP5|C94B3_ARATH 292 AVRDMVISFIMAGRDTTSAAMTWLFWLLTEN 322
                            5799************************887 PP

>> sp|Q6EIG3|CP26B_DANRE  Cytochrome P450 26B1 OS=Danio rerio OX=7955 GN=cyp26b1 PE=1 SV=1
   #    score  bias  c-Evalue  i-Evalue hmmfrom  hmm to    alifrom  ali to    envfrom  env to     acc
 ---   ------ ----- --------- --------- ------- -------    ------- -------    ------- -------    ----
   1 !   14.4   0.3   0.00054     0.001       9      33 .]     291     315 ..     283     315 .. 0.91

  Alignments for each domain:
  == domain 1  score: 14.4 bits;  conditional E-value: 0.00054
        ihelix_seed_hmm   9 llLlvAGheTTtnaiswalllLlrh 33 
                            ++L++A+ +TT++a+++ ++ Llrh
  sp|Q6EIG3|CP26B_DANRE 291 IELIFAAFATTASASTSLVMQLLRH 315
                            689*********************9 PP

>> sp|P15393|C11B1_RAT  Cytochrome P450 11B1, mitochondrial OS=Rattus norvegicus OX=10116 GN=Cyp11b1 PE=1 SV=1
   #    score  bias  c-Evalue  i-Evalue hmmfrom  hmm to    alifrom  ali to    envfrom  env to     acc
 ---   ------ ----- --------- --------- ------- -------    ------- -------    ------- -------    ----
   1 !   14.7   0.5   0.00044   0.00082       2      33 .]     301     332 ..     300     332 .. 0.95

  Alignments for each domain:
  == domain 1  score: 14.7 bits;  conditional E-value: 0.00044
      ihelix_seed_hmm   2 eelvalvllLlvAGheTTtnaiswalllLlrh 33 
                          + ++a+ ++L+++ ++TT+ ++ ++l++L+r+
  sp|P15393|C11B1_RAT 301 DAIHANSMELIAGSVDTTAISLVMTLFELARN 332
                          679****************************8 PP

>> sp|Q9VUF8|CP314_DROME  Ecdysone 20-monooxygenase OS=Drosophila melanogaster OX=7227 GN=shd PE=1 SV=3
   #    score  bias  c-Evalue  i-Evalue hmmfrom  hmm to    alifrom  ali to    envfrom  env to     acc
 ---   ------ ----- --------- --------- ------- -------    ------- -------    ------- -------    ----
   1 !   14.0   0.0   0.00074    0.0014       4      27 ..     338     361 ..     336     363 .. 0.89

  Alignments for each domain:
  == domain 1  score: 14.0 bits;  conditional E-value: 0.00074
        ihelix_seed_hmm   4 lvalvllLlvAGheTTtnaiswal 27 
                            ++++++++++AG+eT +n++ ++l
  sp|Q9VUF8|CP314_DROME 338 KKSAIIDFIAAGIETLANTLLFVL 361
                            6789****************8876 PP

>> sp|Q8TAV3|CP2W1_HUMAN  Cytochrome P450 2W1 OS=Homo sapiens OX=9606 GN=CYP2W1 PE=1 SV=2
   #    score  bias  c-Evalue  i-Evalue hmmfrom  hmm to    alifrom  ali to    envfrom  env to     acc
 ---   ------ ----- --------- --------- ------- -------    ------- -------    ------- -------    ----
   1 !   13.4   1.0    0.0012    0.0022       9      31 ..     291     313 ..     284     315 .. 0.84

  Alignments for each domain:
  == domain 1  score: 13.4 bits;  conditional E-value: 0.0012
        ihelix_seed_hmm   9 llLlvAGheTTtnaiswalllLl 31 
                            l++ +AG+eTT+ ++ wa ll+ 
  sp|Q8TAV3|CP2W1_HUMAN 291 LDMVMAGTETTSATLQWAALLMG 313
                            7899*************988875 PP

>> sp|F5BHA2|T19H_CATRO  Tabersonine/lochnericine 19-hydroxylase OS=Catharanthus roseus OX=4058 GN=T19H PE=1 SV=1
   #    score  bias  c-Evalue  i-Evalue hmmfrom  hmm to    alifrom  ali to    envfrom  env to     acc
 ---   ------ ----- --------- --------- ------- -------    ------- -------    ------- -------    ----
   1 !   14.1   0.4   0.00068    0.0013       4      33 .]     298     327 ..     298     327 .. 0.94

  Alignments for each domain:
  == domain 1  score: 14.1 bits;  conditional E-value: 0.00068
       ihelix_seed_hmm   4 lvalvllLlvAGheTTtnaiswalllLlrh 33 
                           l+a++l+++v+G++TT  ++ w++ +Ll++
  sp|F5BHA2|T19H_CATRO 298 LKAIILDMIVGGTDTTHLLLHWVITELLKN 327
                           5789***********************997 PP

>> sp|Q69X58|C76M7_ORYSJ  Ent-cassadiene C11-alpha-hydroxylase 1 OS=Oryza sativa subsp. japonica OX=39947 GN=CYP76M7 PE=
   #    score  bias  c-Evalue  i-Evalue hmmfrom  hmm to    alifrom  ali to    envfrom  env to     acc
 ---   ------ ----- --------- --------- ------- -------    ------- -------    ------- -------    ----
   1 !   13.8   0.2   0.00085    0.0016      12      33 .]     298     319 ..     289     319 .. 0.91

  Alignments for each domain:
  == domain 1  score: 13.8 bits;  conditional E-value: 0.00085
        ihelix_seed_hmm  12 lvAGheTTtnaiswalllLlrh 33 
                            +vAG +T++ ++ w++ +Ll++
  sp|Q69X58|C76M7_ORYSJ 298 FVAGADTMALTLEWVMAELLKN 319
                            89******************98 PP

>> sp|Q9K498|EIZFM_STRCO  Bifunctional albaflavenone monooxygenase/terpene synthase OS=Streptomyces coelicolor (strain A
   #    score  bias  c-Evalue  i-Evalue hmmfrom  hmm to    alifrom  ali to    envfrom  env to     acc
 ---   ------ ----- --------- --------- ------- -------    ------- -------    ------- -------    ----
   1 !   14.1   0.1   0.00065    0.0012       1      31 [.     261     291 ..     261     293 .. 0.89

  Alignments for each domain:
  == domain 1  score: 14.1 bits;  conditional E-value: 0.00065
        ihelix_seed_hmm   1 deelvalvllLlvAGheTTtnaiswalllLl 31 
                            ++e++++v+++l+ G eT +++i w l +L+
  sp|Q9K498|EIZFM_STRCO 261 EQEIHDQVVAILTPGSETIASTIMWLLQALA 291
                            58***********************876666 PP

>> sp|O13820|ERG5_SCHPO  C-22 sterol desaturase ERG5 OS=Schizosaccharomyces pombe (strain 972 / ATCC 24843) OX=284812 GN
   #    score  bias  c-Evalue  i-Evalue hmmfrom  hmm to    alifrom  ali to    envfrom  env to     acc
 ---   ------ ----- --------- --------- ------- -------    ------- -------    ------- -------    ----
   1 !   14.2   0.4   0.00063    0.0012       1      31 [.     308     338 ..     308     340 .. 0.89

  Alignments for each domain:
  == domain 1  score: 14.2 bits;  conditional E-value: 0.00063
       ihelix_seed_hmm   1 deelvalvllLlvAGheTTtnaiswalllLl 31 
                           dee+  ++l++l+A +++T++a +w + lL+
  sp|O13820|ERG5_SCHPO 308 DEEISLTFLSFLFASQDATSSAMTWLFQLLA 338
                           799999****************999877776 PP

>> sp|Q96SQ9|CP2S1_HUMAN  Cytochrome P450 2S1 OS=Homo sapiens OX=9606 GN=CYP2S1 PE=1 SV=2
   #    score  bias  c-Evalue  i-Evalue hmmfrom  hmm to    alifrom  ali to    envfrom  env to     acc
 ---   ------ ----- --------- --------- ------- -------    ------- -------    ------- -------    ----
   1 !   15.2   2.9   0.00031   0.00057       8      33 .]     296     321 ..     292     321 .. 0.91

  Alignments for each domain:
  == domain 1  score: 15.2 bits;  conditional E-value: 0.00031
        ihelix_seed_hmm   8 vllLlvAGheTTtnaiswalllLlrh 33 
                            v+ Ll+AG++T++++ +++lllL ++
  sp|Q96SQ9|CP2S1_HUMAN 296 VIYLLFAGTMTVSTTVGYTLLLLMKY 321
                            6679*******************875 PP

>> sp|Q12664|CP51_PENIT  Eburicol 14-alpha-demethylase OS=Penicillium italicum OX=40296 GN=CYP51 PE=3 SV=1
   #    score  bias  c-Evalue  i-Evalue hmmfrom  hmm to    alifrom  ali to    envfrom  env to     acc
 ---   ------ ----- --------- --------- ------- -------    ------- -------    ------- -------    ----
   1 !   13.4   0.1    0.0011     0.002       1      31 [.     291     321 ..     291     322 .. 0.92

  Alignments for each domain:
  == domain 1  score: 13.4 bits;  conditional E-value: 0.0011
       ihelix_seed_hmm   1 deelvalvllLlvAGheTTtnaiswalllLl 31 
                           d+e+++++++Ll+AG++ ++  + w+ll L+
  sp|Q12664|CP51_PENIT 291 DKEIAHMMITLLMAGQHSSSAISCWILLRLA 321
                           79***************99999999999997 PP

>> sp|A0A343URW6|TEX1_CATRO  Tabersonine 6,7-epoxidase isoform 1 OS=Catharanthus roseus OX=4058 GN=TEX1 PE=1 SV=1
   #    score  bias  c-Evalue  i-Evalue hmmfrom  hmm to    alifrom  ali to    envfrom  env to     acc
 ---   ------ ----- --------- --------- ------- -------    ------- -------    ------- -------    ----
   1 !   13.8   0.1   0.00082    0.0015       1      33 []     290     322 ..     290     322 .. 0.96

  Alignments for each domain:
  == domain 1  score: 13.8 bits;  conditional E-value: 0.00082
           ihelix_seed_hmm   1 deelvalvllLlvAGheTTtnaiswalllLlrh 33 
                               d++++a++ +++ AG+ T+t a  wa+ ++ ++
  sp|A0A343URW6|TEX1_CATRO 290 DQHIKAIIFDMFSAGTLTSTIAVDWAMAEMMKN 322
                               799***************************987 PP

>> sp|P13107|CP2B3_RAT  Cytochrome P450 2B3 OS=Rattus norvegicus OX=10116 GN=Cyp2b3 PE=2 SV=1
   #    score  bias  c-Evalue  i-Evalue hmmfrom  hmm to    alifrom  ali to    envfrom  env to     acc
 ---   ------ ----- --------- --------- ------- -------    ------- -------    ------- -------    ----
   1 !   13.2   0.4    0.0013    0.0024      11      33 .]     295     317 ..     289     317 .. 0.92

  Alignments for each domain:
  == domain 1  score: 13.2 bits;  conditional E-value: 0.0013
      ihelix_seed_hmm  11 LlvAGheTTtnaiswalllLlrh 33 
                          L++AG+e T+n++ +++ll+l++
  sp|P13107|CP2B3_RAT 295 LFLAGTESTSNTLCYGFLLMLKY 317
                          9*******************986 PP

>> sp|Q6YTF1|C76M8_ORYSJ  Oryzalexin D synthase OS=Oryza sativa subsp. japonica OX=39947 GN=CYP76M8 PE=1 SV=1
   #    score  bias  c-Evalue  i-Evalue hmmfrom  hmm to    alifrom  ali to    envfrom  env to     acc
 ---   ------ ----- --------- --------- ------- -------    ------- -------    ------- -------    ----
   1 !   13.8   0.4   0.00086    0.0016      12      33 .]     298     319 ..     289     319 .. 0.89

  Alignments for each domain:
  == domain 1  score: 13.8 bits;  conditional E-value: 0.00086
        ihelix_seed_hmm  12 lvAGheTTtnaiswalllLlrh 33 
                            +vAG +T++ ++ w++ +Ll++
  sp|Q6YTF1|C76M8_ORYSJ 298 FVAGADTMALTLEWVMAELLKN 319
                            8*******************98 PP

>> sp|O35293|CP2F2_RAT  Cytochrome P450 2F2 OS=Rattus norvegicus OX=10116 GN=Cyp2f2 PE=2 SV=1
   #    score  bias  c-Evalue  i-Evalue hmmfrom  hmm to    alifrom  ali to    envfrom  env to     acc
 ---   ------ ----- --------- --------- ------- -------    ------- -------    ------- -------    ----
   1 !   14.6   1.3   0.00045   0.00084      10      33 .]     294     317 ..     291     317 .. 0.93

  Alignments for each domain:
  == domain 1  score: 14.6 bits;  conditional E-value: 0.00045
      ihelix_seed_hmm  10 lLlvAGheTTtnaiswalllLlrh 33 
                          +Ll++G+eT++++++ a+l L ++
  sp|O35293|CP2F2_RAT 294 NLLFGGTETVGTTLRHAFLILMKY 317
                          69*****************99875 PP

>> sp|P33267|CP2F2_MOUSE  Cytochrome P450 2F2 OS=Mus musculus OX=10090 GN=Cyp2f2 PE=1 SV=1
   #    score  bias  c-Evalue  i-Evalue hmmfrom  hmm to    alifrom  ali to    envfrom  env to     acc
 ---   ------ ----- --------- --------- ------- -------    ------- -------    ------- -------    ----
   1 !   14.6   1.3   0.00045   0.00084      10      33 .]     294     317 ..     291     317 .. 0.93

  Alignments for each domain:
  == domain 1  score: 14.6 bits;  conditional E-value: 0.00045
        ihelix_seed_hmm  10 lLlvAGheTTtnaiswalllLlrh 33 
                            +Ll++G+eT++++++ a+l L ++
  sp|P33267|CP2F2_MOUSE 294 NLLFGGTETVGTTLRHAFLILMKY 317
                            69*****************99875 PP

>> sp|B2RXA7|CP26C_MOUSE  Cytochrome P450 26C1 OS=Mus musculus OX=10090 GN=Cyp26c1 PE=1 SV=1
   #    score  bias  c-Evalue  i-Evalue hmmfrom  hmm to    alifrom  ali to    envfrom  env to     acc
 ---   ------ ----- --------- --------- ------- -------    ------- -------    ------- -------    ----
   1 !   14.4   1.4   0.00055     0.001       2      33 .]     284     315 ..     283     315 .. 0.95

  Alignments for each domain:
  == domain 1  score: 14.4 bits;  conditional E-value: 0.00055
        ihelix_seed_hmm   2 eelvalvllLlvAGheTTtnaiswalllLlrh 33 
                            +el+ l+++Ll+A+  TT++a+++ +llLl h
  sp|B2RXA7|CP26C_MOUSE 284 QELKELAVELLFAAFFTTASASTSLILLLLQH 315
                            68999*************************98 PP

>> sp|Q9LNJ4|C70A2_ARATH  Cytochrome P450 703A2 OS=Arabidopsis thaliana OX=3702 GN=CYP703A2 PE=1 SV=1
   #    score  bias  c-Evalue  i-Evalue hmmfrom  hmm to    alifrom  ali to    envfrom  env to     acc
 ---   ------ ----- --------- --------- ------- -------    ------- -------    ------- -------    ----
   1 !   13.1   0.1    0.0013    0.0025       2      28 ..     295     321 ..     294     322 .. 0.92

  Alignments for each domain:
  == domain 1  score: 13.1 bits;  conditional E-value: 0.0013
        ihelix_seed_hmm   2 eelvalvllLlvAGheTTtnaiswall 28 
                             e++al+ ++++A+++T++ +  wa+ 
  sp|Q9LNJ4|C70A2_ARATH 295 VEIKALIQDMIAAATDTSAVTNEWAMA 321
                            59*******************999996 PP

>> sp|Q12732|AFLG_ASPPU  Averantin hydroxylase OS=Aspergillus parasiticus (strain ATCC 56775 / NRRL 5862 / SRRC 143 / SU
   #    score  bias  c-Evalue  i-Evalue hmmfrom  hmm to    alifrom  ali to    envfrom  env to     acc
 ---   ------ ----- --------- --------- ------- -------    ------- -------    ------- -------    ----
   1 !   13.1   0.1    0.0014    0.0026       2      33 .]     284     315 ..     283     315 .. 0.90

  Alignments for each domain:
  == domain 1  score: 13.1 bits;  conditional E-value: 0.0014
       ihelix_seed_hmm   2 eelvalvllLlvAGheTTtnaiswalllLlrh 33 
                           +e ++++ ++ +AG eT+++++s  ++lLl++
  sp|Q12732|AFLG_ASPPU 284 DEMISNASAIVLAGSETSATLLSGCTWLLLKN 315
                           5667888899********************98 PP

>> sp|Q9FCA6|C1582_STRCO  Biflaviolin synthase CYP158A2 OS=Streptomyces coelicolor (strain ATCC BAA-471 / A3(2) / M145) 
   #    score  bias  c-Evalue  i-Evalue hmmfrom  hmm to    alifrom  ali to    envfrom  env to     acc
 ---   ------ ----- --------- --------- ------- -------    ------- -------    ------- -------    ----
   1 !   12.7   0.2    0.0018    0.0034       2      32 ..     230     259 ..     229     260 .. 0.94

  Alignments for each domain:
  == domain 1  score: 12.7 bits;  conditional E-value: 0.0018
        ihelix_seed_hmm   2 eelvalvllLlvAGheTTtnaiswalllLlr 32 
                            +e+v+l++lL+++G + T n ++ +++lLl+
  sp|Q9FCA6|C1582_STRCO 230 SEAVGLAVLLQIGGEAVTNN-SGQMFHLLLS 259
                            79******************.********96 PP

>> sp|Q7EZR4|C70A3_ORYSJ  Cytochrome P450 703A2 OS=Oryza sativa subsp. japonica OX=39947 GN=CYP703A3 PE=1 SV=1
   #    score  bias  c-Evalue  i-Evalue hmmfrom  hmm to    alifrom  ali to    envfrom  env to     acc
 ---   ------ ----- --------- --------- ------- -------    ------- -------    ------- -------    ----
   1 !   12.8   0.0    0.0017    0.0032       2      28 ..     298     324 ..     297     329 .. 0.90

  Alignments for each domain:
  == domain 1  score: 12.8 bits;  conditional E-value: 0.0017
        ihelix_seed_hmm   2 eelvalvllLlvAGheTTtnaiswall 28 
                             e++al+ ++++A+++T++ +  w++ 
  sp|Q7EZR4|C70A3_ORYSJ 298 VEIKALMQDMIAAATDTSSVTNEWVMA 324
                            59******************9999986 PP

>> sp|P11511|CP19A_HUMAN  Aromatase OS=Homo sapiens OX=9606 GN=CYP19A1 PE=1 SV=3
   #    score  bias  c-Evalue  i-Evalue hmmfrom  hmm to    alifrom  ali to    envfrom  env to     acc
 ---   ------ ----- --------- --------- ------- -------    ------- -------    ------- -------    ----
   1 !   12.0   0.0    0.0032    0.0059       2      33 .]     294     325 ..     293     325 .. 0.91

  Alignments for each domain:
  == domain 1  score: 12.0 bits;  conditional E-value: 0.0032
        ihelix_seed_hmm   2 eelvalvllLlvAGheTTtnaiswalllLlrh 33 
                            e++ + +l++l+A+ +T++ +++++l+l ++h
  sp|P11511|CP19A_HUMAN 294 ENVNQCILEMLIAAPDTMSVSLFFMLFLIAKH 325
                            56677799**********************98 PP

>> sp|Q5Z5R4|C7016_ORYSJ  Ent-kaurene oxidase 2 OS=Oryza sativa subsp. japonica OX=39947 GN=CYP701A6 PE=1 SV=1
   #    score  bias  c-Evalue  i-Evalue hmmfrom  hmm to    alifrom  ali to    envfrom  env to     acc
 ---   ------ ----- --------- --------- ------- -------    ------- -------    ------- -------    ----
   1 !   12.1   0.1     0.003    0.0056      13      33 .]     311     331 ..     310     331 .. 0.89

  Alignments for each domain:
  == domain 1  score: 12.1 bits;  conditional E-value: 0.003
        ihelix_seed_hmm  13 vAGheTTtnaiswalllLlrh 33 
                            + + +TT  ++ wa+++L+++
  sp|Q5Z5R4|C7016_ORYSJ 311 IEAADTTLVTTEWAMYELAKN 331
                            56789**************98 PP

>> sp|Q93MI2|DOXA_STRC0  Cytochrome P-450 monooxygenase DoxA OS=Streptomyces peucetius subsp. caesius OX=55158 GN=doxA P
   #    score  bias  c-Evalue  i-Evalue hmmfrom  hmm to    alifrom  ali to    envfrom  env to     acc
 ---   ------ ----- --------- --------- ------- -------    ------- -------    ------- -------    ----
   1 !   12.4   0.1    0.0023    0.0042       1      25 [.     246     270 ..     246     274 .. 0.90

  Alignments for each domain:
  == domain 1  score: 12.4 bits;  conditional E-value: 0.0023
       ihelix_seed_hmm   1 deelvalvllLlvAGheTTtnaisw 25 
                           d++lv++++ +++AGhe T++++++
  sp|Q93MI2|DOXA_STRC0 246 DNQLVYMITGIIFAGHERTGSFLGF 270
                           689******************9987 PP

>> sp|P9WPL5|CP142_MYCTU  Steroid C26-monooxygenase OS=Mycobacterium tuberculosis (strain ATCC 25618 / H37Rv) OX=83332 G
   #    score  bias  c-Evalue  i-Evalue hmmfrom  hmm to    alifrom  ali to    envfrom  env to     acc
 ---   ------ ----- --------- --------- ------- -------    ------- -------    ------- -------    ----
   1 !   12.4   0.1    0.0023    0.0042       1      33 []     217     249 ..     217     249 .. 0.92

  Alignments for each domain:
  == domain 1  score: 12.4 bits;  conditional E-value: 0.0023
        ihelix_seed_hmm   1 deelvalvllLlvAGheTTtnaiswalllLlrh 33 
                            d+elv   ll+l++G eTT  ++s ++  Llr+
  sp|P9WPL5|CP142_MYCTU 217 DDELVMETLLILIGGDETTRHTLSGGTEQLLRN 249
                            677777889***********************8 PP

>> sp|Q93ZB2|KO1_ARATH  Ent-kaurene oxidase, chloroplastic OS=Arabidopsis thaliana OX=3702 GN=KO PE=1 SV=2
   #    score  bias  c-Evalue  i-Evalue hmmfrom  hmm to    alifrom  ali to    envfrom  env to     acc
 ---   ------ ----- --------- --------- ------- -------    ------- -------    ------- -------    ----
   1 !   11.6   0.2    0.0041    0.0077      15      33 .]     317     335 ..     304     335 .. 0.90

  Alignments for each domain:
  == domain 1  score: 11.6 bits;  conditional E-value: 0.0041
      ihelix_seed_hmm  15 GheTTtnaiswalllLlrh 33 
                            +TT  ++ wa+++L++h
  sp|Q93ZB2|KO1_ARATH 317 TADTTLVTTEWAIYELAKH 335
                          679**************99 PP

>> sp|Q9SRQ1|C89A9_ARATH  Cytochrome P450 89A9 OS=Arabidopsis thaliana OX=3702 GN=CYP89A9 PE=1 SV=1
   #    score  bias  c-Evalue  i-Evalue hmmfrom  hmm to    alifrom  ali to    envfrom  env to     acc
 ---   ------ ----- --------- --------- ------- -------    ------- -------    ------- -------    ----
   1 !   11.0   0.0    0.0063     0.012       1      33 []     293     325 ..     293     325 .. 0.94

  Alignments for each domain:
  == domain 1  score: 11.0 bits;  conditional E-value: 0.0063
        ihelix_seed_hmm   1 deelvalvllLlvAGheTTtnaiswalllLlrh 33 
                            d+e+v+l+ ++l A+++ T+++  w++  ++++
  sp|Q9SRQ1|C89A9_ARATH 293 DSEIVSLCSEFLNAATDPTATSMQWIMAIMVKY 325
                            79*************************999875 PP

>> sp|Q9FMA5|C85A1_ARATH  Cytochrome P450 85A1 OS=Arabidopsis thaliana OX=3702 GN=CYP85A1 PE=1 SV=1
   #    score  bias  c-Evalue  i-Evalue hmmfrom  hmm to    alifrom  ali to    envfrom  env to     acc
 ---   ------ ----- --------- --------- ------- -------    ------- -------    ------- -------    ----
   1 !   11.0   0.0    0.0066     0.012       1      30 [.     264     293 ..     264     295 .. 0.96

  Alignments for each domain:
  == domain 1  score: 11.0 bits;  conditional E-value: 0.0066
        ihelix_seed_hmm   1 deelvalvllLlvAGheTTtnaiswalllL 30 
                            dee++++v+++l  G eT+++++ +al +L
  sp|Q9FMA5|C85A1_ARATH 264 DEEIRDQVVTILYSGYETVSTTSMMALKYL 293
                            89************************9887 PP

>> sp|O65782|C83B1_ARATH  Cytochrome P450 83B1 OS=Arabidopsis thaliana OX=3702 GN=CYP83B1 PE=1 SV=1
   #    score  bias  c-Evalue  i-Evalue hmmfrom  hmm to    alifrom  ali to    envfrom  env to     acc
 ---   ------ ----- --------- --------- ------- -------    ------- -------    ------- -------    ----
   1 !   11.7   0.0    0.0038    0.0071       1      33 []     286     318 ..     286     318 .. 0.94

  Alignments for each domain:
  == domain 1  score: 11.7 bits;  conditional E-value: 0.0038
        ihelix_seed_hmm   1 deelvalvllLlvAGheTTtnaiswalllLlrh 33 
                            +e+++a++l++ v G++T++ +  wa+ +L+++
  sp|O65782|C83B1_ARATH 286 HENVKAMILDIVVPGTDTAAAVVVWAMTYLIKY 318
                            699************************999875 PP

>> sp|Q8GSQ1|C85A1_ORYSJ  Cytochrome P450 85A1 OS=Oryza sativa subsp. japonica OX=39947 GN=CYP85A1 PE=1 SV=1
   #    score  bias  c-Evalue  i-Evalue hmmfrom  hmm to    alifrom  ali to    envfrom  env to     acc
 ---   ------ ----- --------- --------- ------- -------    ------- -------    ------- -------    ----
   1 !   11.1   0.0    0.0062     0.012       1      31 [.     268     298 ..     268     300 .. 0.94

  Alignments for each domain:
  == domain 1  score: 11.1 bits;  conditional E-value: 0.0062
        ihelix_seed_hmm   1 deelvalvllLlvAGheTTtnaiswalllLl 31 
                            de++++l+++L+  G eT+++++ +a+ +L+
  sp|Q8GSQ1|C85A1_ORYSJ 268 DEQIIDLIITLIYSGYETMSTTSMMAVKYLS 298
                            79**************************998 PP

>> sp|I1GQE7|C85A1_BRADI  Cytochrome P450 85A1 OS=Brachypodium distachyon OX=15368 GN=CYP85A1 PE=1 SV=1
   #    score  bias  c-Evalue  i-Evalue hmmfrom  hmm to    alifrom  ali to    envfrom  env to     acc
 ---   ------ ----- --------- --------- ------- -------    ------- -------    ------- -------    ----
   1 !   11.1   0.0    0.0061     0.012       1      31 [.     265     295 ..     265     297 .. 0.94

  Alignments for each domain:
  == domain 1  score: 11.1 bits;  conditional E-value: 0.0061
        ihelix_seed_hmm   1 deelvalvllLlvAGheTTtnaiswalllLl 31 
                            de++++l+++L+  G eT+++++ +a+ +L+
  sp|I1GQE7|C85A1_BRADI 265 DEQIIDLIITLIYSGYETMSTTSMMAVKYLS 295
                            79**************************998 PP

>> sp|Q6V0L0|CP26C_HUMAN  Cytochrome P450 26C1 OS=Homo sapiens OX=9606 GN=CYP26C1 PE=1 SV=2
   #    score  bias  c-Evalue  i-Evalue hmmfrom  hmm to    alifrom  ali to    envfrom  env to     acc
 ---   ------ ----- --------- --------- ------- -------    ------- -------    ------- -------    ----
   1 !   12.7   0.9    0.0018    0.0034       2      33 .]     284     315 ..     283     315 .. 0.91

  Alignments for each domain:
  == domain 1  score: 12.7 bits;  conditional E-value: 0.0018
        ihelix_seed_hmm   2 eelvalvllLlvAGheTTtnaiswalllLlrh 33 
                            +el+  +++Ll+A+  TT++a+++ +llLl h
  sp|Q6V0L0|CP26C_HUMAN 284 QELKESAVELLFAAFFTTASASTSLVLLLLQH 315
                            67778899**********************98 PP

>> sp|Q27756|CP6B3_PAPPO  Cytochrome P450 6B3 OS=Papilio polyxenes OX=7146 GN=CYP6B3 PE=2 SV=1
   #    score  bias  c-Evalue  i-Evalue hmmfrom  hmm to    alifrom  ali to    envfrom  env to     acc
 ---   ------ ----- --------- --------- ------- -------    ------- -------    ------- -------    ----
   1 !   10.9   0.1     0.007     0.013       6      33 .]     295     322 ..     293     322 .. 0.93

  Alignments for each domain:
  == domain 1  score: 10.9 bits;  conditional E-value: 0.007
        ihelix_seed_hmm   6 alvllLlvAGheTTtnaiswalllLlrh 33 
                            a++  +++AG eT++++ ++ +++L+++
  sp|Q27756|CP6B3_PAPPO 295 AQMFIFYAAGYETSATTMTYLFYELAKN 322
                            67899*********************98 PP

>> sp|O46491|CP7A1_PIG  Cytochrome P450 7A1 OS=Sus scrofa OX=9823 GN=CYP7A1 PE=3 SV=1
   #    score  bias  c-Evalue  i-Evalue hmmfrom  hmm to    alifrom  ali to    envfrom  env to     acc
 ---   ------ ----- --------- --------- ------- -------    ------- -------    ------- -------    ----
   1 ?   10.4   0.0      0.01     0.019       3      28 ..     271     296 ..     269     297 .. 0.86

  Alignments for each domain:
  == domain 1  score: 10.4 bits;  conditional E-value: 0.01
      ihelix_seed_hmm   3 elvalvllLlvAGheTTtnaiswall 28 
                          e+++  l++l+A +++T +a++w l+
  sp|O46491|CP7A1_PIG 271 EKAKSLLAVLWASQANTIPATFWCLF 296
                          67777899***************775 PP

>> sp|Q9LSF8|C82G1_ARATH  Dimethylnonatriene synthase OS=Arabidopsis thaliana OX=3702 GN=CYP82G1 PE=1 SV=1
   #    score  bias  c-Evalue  i-Evalue hmmfrom  hmm to    alifrom  ali to    envfrom  env to     acc
 ---   ------ ----- --------- --------- ------- -------    ------- -------    ------- -------    ----
   1 ?    9.8   3.3     0.016      0.03       5      33 .]     304     332 ..     303     332 .. 0.95

  Alignments for each domain:
  == domain 1  score: 9.8 bits;  conditional E-value: 0.016
        ihelix_seed_hmm   5 valvllLlvAGheTTtnaiswalllLlrh 33 
                            +a++l+L + G + T+ +++wa+ lLl++
  sp|Q9LSF8|C82G1_ARATH 304 KATILALTLTGSDSTSITLTWAVSLLLNN 332
                            69*************************97 PP

>> sp|B9DFU2|MAX1_ARATH  Cytochrome P450 711A1 OS=Arabidopsis thaliana OX=3702 GN=CYP711A1 PE=1 SV=1
   #    score  bias  c-Evalue  i-Evalue hmmfrom  hmm to    alifrom  ali to    envfrom  env to     acc
 ---   ------ ----- --------- --------- ------- -------    ------- -------    ------- -------    ----
   1 ?    9.9   0.9     0.014     0.027      12      29 ..     325     342 ..     325     343 .. 0.94

  Alignments for each domain:
  == domain 1  score: 9.9 bits;  conditional E-value: 0.014
       ihelix_seed_hmm  12 lvAGheTTtnaiswalll 29 
                           l+AG +TT++++s++l+l
  sp|B9DFU2|MAX1_ARATH 325 LLAGSATTAFTLSSVLYL 342
                           78**************96 PP

>> sp|P0DKI7|STORR_PAPSO  Bifunctional protein STORR OS=Papaver somniferum OX=3469 GN=STORR PE=1 SV=1
   #    score  bias  c-Evalue  i-Evalue hmmfrom  hmm to    alifrom  ali to    envfrom  env to     acc
 ---   ------ ----- --------- --------- ------- -------    ------- -------    ------- -------    ----
   1 ?   11.7   0.6    0.0038    0.0072       4      33 .]     353     382 ..     353     382 .. 0.94

  Alignments for each domain:
  == domain 1  score: 11.7 bits;  conditional E-value: 0.0038
        ihelix_seed_hmm   4 lvalvllLlvAGheTTtnaiswalllLlrh 33 
                            ++++vl+++ +G++TT  ++ w+l lLl++
  sp|P0DKI7|STORR_PAPSO 353 IKSIVLDMIGGGTDTTKLTTIWTLSLLLNN 382
                            6789***********************997 PP



Internal pipeline statistics summary:
-------------------------------------
Query model(s):                            1  (33 nodes)
Target sequences:                        653  (464441 residues searched)
Passed MSV filter:                       398  (0.609495); expected 13.1 (0.02)
Passed bias filter:                      397  (0.607963); expected 13.1 (0.02)
Passed Vit filter:                       378  (0.578867); expected 0.7 (0.001)
Passed Fwd filter:                       349  (0.534456); expected 0.0 (1e-05)
Initial search space (Z):                653  [actual number of targets]
Domain search space  (domZ):             349  [number of targets reported over threshold]
# CPU time: 0.10u 0.00s 00:00:00.10 Elapsed: 00:00:00.11
# Mc/sec: 129.90
//
# Alignment of 345 hits satisfying inclusion thresholds saved to: ../output/hmm_search_1/uniprot/p450_reviewed_5star/1//ihelixhits_e_10_z__T_.aln
[ok]
