# hmmsearch :: search profile(s) against a sequence database
# HMMER 3.3.2 (Nov 2020); http://hmmer.org/
# Copyright (C) 2020 Howard Hughes Medical Institute.
# Freely distributed under the BSD open source license.
# - - - - - - - - - - - - - - - - - - - - - - - - - - - - - - - - - - - -
# query HMM file:                  ../output/hmm_round_1/ihelix_seed_hmm.hmm
# target sequence database:        ../input/databases/uniprot/p450_reviewed.fasta
# MSA of all hits saved to file:   ../output/hmm_search_1/uniprot/p450_reviewed/3//ihelixhits_e_0p0001_z__T_.aln
# sequence reporting threshold:    E-value <= 0.0001
# - - - - - - - - - - - - - - - - - - - - - - - - - - - - - - - - - - - -

Query:       ihelix_seed_hmm  [M=33]
Scores for complete sequences (score includes all domains):
   --- full sequence ---   --- best 1 domain ---    -#dom-
    E-value  score  bias    E-value  score  bias    exp  N  Sequence                  Description
    ------- ------ -----    ------- ------ -----   ---- --  --------                  -----------
    6.2e-13   45.8   2.9    3.9e-12   43.3   2.9    2.2  1  sp|C4B644|CPVDH_PSEAH      Vitamin D(3) 25-hydroxylase OS=Pse
      3e-12   43.7   0.5    2.8e-11   40.6   0.2    2.6  1  sp|P29980|CPXN_NOSS1       Probable cytochrome P450 110 OS=No
      1e-11   42.0   0.2    2.4e-11   40.8   0.2    1.7  1  sp|O08336|CYPB_BACSU       Bifunctional cytochrome P450/NADPH
    1.2e-11   41.8   0.3    2.5e-11   40.7   0.3    1.6  1  sp|P53554|BIOI_BACSU       Biotin biosynthesis cytochrome P45
    1.4e-11   41.5   0.1    3.7e-11   40.2   0.1    1.8  1  sp|P51870|CP4F5_RAT        Cytochrome P450 4F5 OS=Rattus norv
    1.9e-11   41.1   0.2    1.5e-10   38.3   0.1    2.3  1  sp|P27632|CPXM_BACSH       Cytochrome P450 109 OS=Bacillus sp
    4.8e-11   39.9   0.0    1.4e-10   38.4   0.0    1.8  1  sp|Q9HCS2|CP4FC_HUMAN      Cytochrome P450 4F12 OS=Homo sapie
    5.1e-11   39.8   0.0    1.3e-10   38.5   0.0    1.8  1  sp|P98187|CP4F8_HUMAN      Cytochrome P450 4F8 OS=Homo sapien
    5.3e-11   39.7   0.1    1.2e-10   38.6   0.1    1.6  1  sp|P14779|CPXB_PRIM2       Bifunctional cytochrome P450/NADPH
      1e-10   38.8   0.1    2.8e-10   37.5   0.1    1.8  1  sp|P51871|CP4F6_RAT        Cytochrome P450 4F6 OS=Rattus norv
      1e-10   38.8   0.8    2.7e-10   37.5   0.3    2.0  1  sp|O34374|YJIB_BACSU       Putative cytochrome P450 YjiB OS=B
      1e-10   38.8   0.5    2.5e-10   37.6   0.5    1.7  1  sp|G9MLG2|CYPP1_HYPVG      Self-sufficient cytochrome P450 mo
    1.1e-10   38.8   0.1    2.1e-10   37.8   0.1    1.5  1  sp|Q81BF4|C102_BACCR       Bifunctional cytochrome P450/NADPH
    1.3e-10   38.5   1.8      3e-10   37.4   1.8    1.6  1  sp|O87605|PIKC_STRVZ       Cytochrome P450 monooxygenase PikC
    1.4e-10   38.4   0.4    4.1e-10   36.9   0.0    2.0  1  sp|Q3MID2|CP4F3_RAT        Cytochrome P450 4F3 OS=Rattus norv
    1.5e-10   38.3   1.2    2.9e-10   37.4   1.2    1.5  1  sp|O08469|CPXY_BACSU       Cytochrome P450 OS=Bacillus subtil
    1.5e-10   38.3   1.3    3.3e-10   37.2   1.3    1.6  1  sp|P10632|CP2C8_HUMAN      Cytochrome P450 2C8 OS=Homo sapien
    1.6e-10   38.2   0.0    1.6e-10   38.2   0.0    2.2  1  sp|Q99N16|CP4F3_MOUSE      Cytochrome P450 4F3 OS=Mus musculu
    1.6e-10   38.2   1.3    3.3e-10   37.2   1.3    1.6  1  sp|P33262|CP2CK_MACFA      Cytochrome P450 2C20 OS=Macaca fas
    1.6e-10   38.2   0.9    5.2e-10   36.6   0.9    2.0  1  sp|I7ZK32|CYPC3_ASPO3      Self-sufficient cytochrome P450 mo
    1.9e-10   38.0   0.2    3.8e-10   37.1   0.2    1.5  1  sp|O08394|CYPD_BACSU       Bifunctional cytochrome P450/NADPH
      2e-10   37.9   0.9    4.6e-10   36.8   0.9    1.7  1  sp|Q4G0S4|C27C1_HUMAN      Cytochrome P450 27C1 OS=Homo sapie
    2.1e-10   37.9   0.2    5.8e-10   36.4   0.2    1.9  1  sp|P63716|C135B_MYCBO      Putative cytochrome P450 135B1 OS=
    2.1e-10   37.9   0.2    5.8e-10   36.4   0.2    1.9  1  sp|P9WPM8|C135B_MYCTO      Putative cytochrome P450 135B1 OS=
    2.1e-10   37.9   0.2    5.8e-10   36.4   0.2    1.9  1  sp|P9WPM9|C135B_MYCTU      Putative cytochrome P450 135B1 OS=
    2.5e-10   37.6   0.3    2.5e-10   37.6   0.3    2.1  1  sp|Q9Y8G7|C505_FUSOX       Bifunctional cytochrome P450/NADPH
    2.5e-10   37.6   0.2    5.3e-10   36.6   0.2    1.6  1  sp|O35132|CP27B_RAT        25-hydroxyvitamin D-1 alpha hydrox
    2.8e-10   37.4   0.1    7.6e-10   36.1   0.1    1.8  1  sp|R0IGL9|CYPU2_EXST2      Self-sufficient cytochrome P450 mo
    3.1e-10   37.3   0.2    8.1e-10   36.0   0.2    1.8  1  sp|P56590|CP1A1_CANLF      Cytochrome P450 1A1 OS=Canis lupus
    3.2e-10   37.3   1.2    8.9e-10   35.9   1.2    1.8  1  sp|A8WGA0|C27C1_DANRE      Cytochrome P450 27C1 OS=Danio reri
    3.2e-10   37.3   4.7    7.3e-10   36.1   4.7    1.6  1  sp|Q825I8|CYP28_STRAW      Pentalenic acid synthase OS=Strept
    3.7e-10   37.1   0.0      1e-09   35.6   0.0    1.8  1  sp|P78329|CP4F2_HUMAN      Cytochrome P450 4F2 OS=Homo sapien
    3.9e-10   37.0   2.2    1.3e-09   35.3   0.6    2.5  1  sp|A0A0C3HJL3|CYAG1_OIDMZ  Self-sufficient cytochrome P450 mo
    4.1e-10   36.9   0.4    1.1e-09   35.5   0.0    2.0  1  sp|Q9EP75|CP4FE_MOUSE      Leukotriene-B4 omega-hydroxylase 3
    4.2e-10   36.9   1.7      1e-09   35.7   0.3    2.4  1  sp|W7LC91|FUM15_GIBM7      Cytochrome P450 monooxygenase FUM1
    4.2e-10   36.9   0.1    1.1e-09   35.6   0.1    1.7  1  sp|P20817|CP4AE_RAT        Cytochrome P450 4A14 OS=Rattus nor
    4.3e-10   36.9   0.0      1e-09   35.6   0.0    1.7  1  sp|Q08477|CP4F3_HUMAN      Cytochrome P450 4F3 OS=Homo sapien
    4.3e-10   36.9   0.4    9.5e-10   35.8   0.4    1.6  1  sp|O15528|CP27B_HUMAN      25-hydroxyvitamin D-1 alpha hydrox
    4.4e-10   36.8   0.1    1.1e-09   35.6   0.1    1.7  1  sp|P20816|CP4A2_RAT        Cytochrome P450 4A2 OS=Rattus norv
    4.5e-10   36.8   0.2    9.9e-10   35.7   0.2    1.6  1  sp|O35084|CP27B_MOUSE      25-hydroxyvitamin D-1 alpha hydrox
    4.9e-10   36.7   0.7    1.1e-09   35.5   0.0    2.0  1  sp|P51869|CP4F4_RAT        Cytochrome P450 4F4 OS=Rattus norv
    4.9e-10   36.7   0.1    1.3e-09   35.4   0.1    1.8  1  sp|O35728|CP4AE_MOUSE      Cytochrome P450 4A14 OS=Mus muscul
      5e-10   36.7   1.0    1.2e-09   35.5   1.0    1.7  1  sp|Q9ASR3|C7091_ARATH      Cytochrome P450 709B1 OS=Arabidops
    5.3e-10   36.6   0.2    1.5e-09   35.2   0.2    1.8  1  sp|Q6TBX7|LUT1_ARATH       Carotene epsilon-monooxygenase, ch
    5.6e-10   36.5   0.1    1.9e-09   34.8   0.1    2.0  1  sp|Q02928|CP4AB_HUMAN      Cytochrome P450 4A11 OS=Homo sapie
      6e-10   36.4   0.2    1.5e-09   35.2   0.2    1.7  1  sp|A2QLV1|CYPE1_ASPNC      Self-sufficient cytochrome P450 mo
    6.5e-10   36.3   0.1    1.9e-09   34.8   0.1    1.9  1  sp|Q5TCH4|CP4AM_HUMAN      Cytochrome P450 4A22 OS=Homo sapie
    6.6e-10   36.3   1.2    1.5e-09   35.1   1.2    1.7  1  sp|A0A3G9HB50|ALT8_ALTAL   Cytochrome P450 monooxygenase ALT8
    6.8e-10   36.2   2.0    1.3e-09   35.3   2.0    1.5  1  sp|P26911|CPXH_STRGR       Cytochrome P450-SOY OS=Streptomyce
    7.3e-10   36.1   0.0    1.9e-09   34.8   0.0    1.7  1  sp|Q8N1L4|CP4Z2_HUMAN      Putative inactive cytochrome P450 
    7.4e-10   36.1   0.1    2.4e-09   34.5   0.1    1.9  1  sp|P14581|CP4A7_RABIT      Cytochrome P450 4A7 OS=Oryctolagus
    7.6e-10   36.1   0.4    2.6e-09   34.4   0.4    2.0  1  sp|Q6R7M4|C15A1_DIPPU      Methyl farnesoate epoxidase OS=Dip
    8.5e-10   35.9   0.7    2.2e-09   34.6   0.7    1.8  1  sp|P24460|CP2BB_CANLF      Cytochrome P450 2B11 OS=Canis lupu
      9e-10   35.9   1.5    1.1e-09   35.6   0.0    2.0  1  sp|Q9HBI6|CP4FB_HUMAN      Cytochrome P450 4F11 OS=Homo sapie
    9.5e-10   35.8   0.0    9.5e-10   35.8   0.0    2.2  1  sp|Q8VWZ7|C76B6_CATRO      Geraniol 8-hydroxylase OS=Catharan
    9.6e-10   35.8   0.1    2.1e-09   34.7   0.1    1.6  1  sp|Q6GUR1|CP1A1_MACMU      Cytochrome P450 1A1 OS=Macaca mula
    9.6e-10   35.8   0.1    2.1e-09   34.7   0.1    1.6  1  sp|P33616|CP1A1_MACFA      Cytochrome P450 1A1 OS=Macaca fasc
    9.8e-10   35.7   1.1    1.5e-09   35.1   0.1    1.9  1  sp|P04798|CP1A1_HUMAN      Cytochrome P450 1A1 OS=Homo sapien
    1.1e-09   35.6   1.7    1.1e-09   35.6   1.7    2.0  1  sp|W8JMV1|CYT24_CATRO      Cytochrome P450 76T24 OS=Catharant
    1.1e-09   35.6   1.3      3e-09   34.2   1.3    1.8  1  sp|P00178|CP2B4_RABIT      Cytochrome P450 2B4 OS=Oryctolagus
    1.1e-09   35.6   0.0      3e-09   34.2   0.0    1.8  1  sp|Q9GLL1|CP4F_SHEEP       Prostaglandin E2 omega-hydroxylase
    1.2e-09   35.5   2.0    2.6e-09   34.4   2.0    1.6  1  sp|P9WPN0|C135A_MYCTO      Putative cytochrome P450 135A1 OS=
    1.2e-09   35.5   2.0    2.6e-09   34.4   2.0    1.6  1  sp|P9WPN1|C135A_MYCTU      Putative cytochrome P450 135A1 OS=
    1.2e-09   35.4   0.1    3.2e-09   34.1   0.1    1.8  1  sp|P63718|CP138_MYCBO      Putative cytochrome P450 138 OS=My
    1.2e-09   35.4   0.1    3.2e-09   34.1   0.1    1.8  1  sp|P9WPM2|CP138_MYCTO      Putative cytochrome P450 138 OS=My
    1.2e-09   35.4   0.1    3.2e-09   34.1   0.1    1.8  1  sp|P9WPM3|CP138_MYCTU      Putative cytochrome P450 138 OS=My
    1.2e-09   35.4   0.0    4.3e-09   33.7   0.0    2.0  1  sp|P24464|CP4AC_RAT        Cytochrome P450 4A12 OS=Rattus nor
    1.4e-09   35.3   2.2    3.3e-09   34.1   2.2    1.7  1  sp|P18326|CPXE_STRGO       Vitamin D3 dihydroxylase OS=Strept
    1.5e-09   35.2   0.2    3.3e-09   34.1   0.2    1.7  1  sp|G7XMT1|CYPE5_ASPKW      Self-sufficient cytochrome P450 mo
    1.5e-09   35.2   0.0    3.9e-09   33.9   0.0    1.7  1  sp|Q86W10|CP4Z1_HUMAN      Cytochrome P450 4Z1 OS=Homo sapien
    1.5e-09   35.2   0.2    3.3e-09   34.1   0.2    1.6  1  sp|A0A100IM63|CYPE5_ASPNG  Self-sufficient cytochrome P450 mo
    1.6e-09   35.1   1.4    1.6e-09   35.1   1.4    1.8  1  sp|Q5IZM4|CP51_MYCVP       Sterol 14alpha-demethylase OS=Myco
    1.6e-09   35.1   0.4      5e-09   33.5   0.4    1.9  1  sp|O48921|C97B2_SOYBN      Cytochrome P450 97B2, chloroplasti
    1.7e-09   35.0   1.3    3.6e-09   34.0   1.3    1.6  1  sp|P0DOX0|C27C1_AQUCT      Cytochrome P450 27C1 OS=Aquarana c
    1.8e-09   34.9   0.1    1.8e-09   34.9   0.1    2.8  1  sp|D1MI46|C76BA_SWEMU      Geraniol 8-hydroxylase OS=Swertia 
    1.9e-09   34.9   0.0    4.3e-09   33.7   0.0    1.7  1  sp|A2A974|CP4CB_MOUSE      Cytochrome P450 4A12B OS=Mus muscu
    1.9e-09   34.8   1.1    2.6e-09   34.4   0.1    1.8  1  sp|Q06367|CP1A1_CAVPO      Cytochrome P450 1A1 OS=Cavia porce
    1.9e-09   34.8   0.6    4.5e-09   33.6   0.6    1.7  1  sp|A0A0G4P2K0|CYPE4_PENC3  Self-sufficient cytochrome P450 mo
    1.9e-09   34.8   0.0    4.3e-09   33.7   0.0    1.6  1  sp|Q91WL5|CP4CA_MOUSE      Cytochrome P450 4A12A OS=Mus muscu
      2e-09   34.8   0.4    4.8e-09   33.6   0.4    1.7  1  sp|Q43078|C97B1_PEA        Cytochrome P450 97B1, chloroplasti
      2e-09   34.8   1.4    3.8e-09   33.9   1.4    1.5  1  sp|Q83WF5|MYCCI_MICGR      Mycinamicin VIII C21 methyl hydrox
    2.1e-09   34.7   1.8    4.4e-09   33.7   1.8    1.6  1  sp|P08683|CP2CB_RAT        Cytochrome P450 2C11 OS=Rattus nor
    2.2e-09   34.6   0.1    4.5e-09   33.6   0.1    1.5  1  sp|Q2UNA2|C505_ASPOR       Bifunctional cytochrome P450/NADPH
    2.2e-09   34.6   0.7    6.5e-09   33.1   0.7    1.9  1  sp|Q8LM92|C75B4_ORYSJ      Flavonoid 3'-monooxygenase CYP75B4
    2.4e-09   34.5   0.1    2.4e-09   34.5   0.1    2.1  1  sp|P14580|CP4A6_RABIT      Cytochrome P450 4A6 OS=Oryctolagus
    2.5e-09   34.5   0.9    5.5e-09   33.4   0.9    1.6  1  sp|O54749|CP2J5_MOUSE      Cytochrome P450 2J5 OS=Mus musculu
    2.6e-09   34.4   1.4    6.2e-09   33.2   1.4    1.7  1  sp|Q64458|CP2CT_MOUSE      Cytochrome P450 2C29 OS=Mus muscul
    2.7e-09   34.4   2.0    7.7e-09   32.9   2.0    1.8  1  sp|P12789|CP2B5_RABIT      Cytochrome P450 2B5 OS=Oryctolagus
    2.8e-09   34.3   0.7      7e-09   33.0   0.7    1.7  1  sp|A0A101MN42|CYPE4_PENFR  Self-sufficient cytochrome P450 mo
    2.9e-09   34.3   0.4    6.9e-09   33.1   0.4    1.7  1  sp|Q0D1W9|CYPE3_ASPTN      Self-sufficient cytochrome P450 mo
    2.9e-09   34.2   0.2    2.9e-09   34.2   0.2    1.9  1  sp|P56591|CP1A1_SHEEP      Cytochrome P450 1A1 OS=Ovis aries 
      3e-09   34.2   0.2      3e-09   34.2   0.2    1.8  1  sp|Q27712|CP2L1_PANAR      Cytochrome P450 2L1 OS=Panulirus a
      3e-09   34.2   0.1    7.6e-09   32.9   0.1    1.7  1  sp|Q3LFU0|CP1A1_BALAC      Cytochrome P450 1A1 OS=Balaenopter
    3.1e-09   34.2   0.2    6.4e-09   33.2   0.2    1.6  1  sp|P19225|CP270_RAT        Cytochrome P450 2C70 OS=Rattus nor
    3.1e-09   34.2   1.1    5.9e-09   33.3   1.1    1.4  1  sp|P33271|CPXK_SACEN       Cytochrome P450 107B1 OS=Saccharop
    3.1e-09   34.2   1.2    2.4e-08   31.4   1.1    2.4  1  sp|P36423|THAS_MOUSE       Thromboxane-A synthase OS=Mus musc
    3.3e-09   34.1   0.0    7.1e-09   33.0   0.0    1.6  1  sp|P15129|CP4B1_RAT        Cytochrome P450 4B1 OS=Rattus norv
    3.5e-09   34.0   0.1      8e-09   32.9   0.1    1.7  1  sp|Q00557|CP1A1_MESAU      Cytochrome P450 1A1 OS=Mesocricetu
    3.5e-09   34.0   0.2    6.9e-09   33.1   0.2    1.5  1  sp|Q5VRI5|C93G2_ORYSJ      Cytochrome P450 93G2 OS=Oryza sati
    3.8e-09   33.9   0.2    1.2e-08   32.4   0.2    1.9  1  sp|Q9SBQ9|F3PH_PETHY       Flavonoid 3'-monooxygenase OS=Petu
    4.1e-09   33.8   2.4    9.2e-09   32.7   2.4    1.6  1  sp|P33264|CP2CR_MESAU      Cytochrome P450 2C27 OS=Mesocricet
    4.2e-09   33.8   1.0      9e-09   32.7   1.0    1.5  1  sp|P11712|CP2C9_HUMAN      Cytochrome P450 2C9 OS=Homo sapien
    4.2e-09   33.7   0.1      1e-08   32.5   0.1    1.7  1  sp|Q55080|CP119_SULAC      Cytochrome P450 119 OS=Sulfolobus 
    4.2e-09   33.7   1.0      9e-09   32.7   1.0    1.6  1  sp|P33260|CP2CI_HUMAN      Cytochrome P450 2C18 OS=Homo sapie
    4.5e-09   33.6   0.9    9.1e-09   32.7   0.9    1.5  1  sp|Q7KWN2|C525A_DICDI      Probable cytochrome P450 525A1 OS=
    4.6e-09   33.6   0.9    1.3e-08   32.1   0.9    1.9  1  sp|Q7G602|C75B3_ORYSJ      Flavonoid 3'-monooxygenase CYP75B3
    4.6e-09   33.6   0.4    1.1e-08   32.4   0.4    1.7  1  sp|A0A0A2J1Z6|CYPE4_PENEN  Self-sufficient cytochrome P450 mo
    4.7e-09   33.6   0.0    4.7e-09   33.6   0.0    1.9  1  sp|Q6NT55|CP4FN_HUMAN      Ultra-long-chain fatty acid omega-
    4.8e-09   33.6   0.0    1.3e-08   32.2   0.0    1.8  1  sp|A0A0N9HT29|C71BE_SINHE  Desmethyl-deoxy-podophyllotoxin sy
    5.2e-09   33.5   0.1      2e-08   31.6   0.1    2.1  1  sp|A0A5B8YU73|GME63_PESMI  Cytochrome P450 monooxygenase GME1
    5.4e-09   33.4   0.0    1.2e-08   32.3   0.0    1.6  1  sp|Q42798|C93A1_SOYBN      3,9-dihydroxypterocarpan 6A-monoox
    5.5e-09   33.4   0.2    1.4e-08   32.1   0.2    1.8  1  sp|Q5KQT6|CP1A2_FELCA      Cytochrome P450 1A2 OS=Felis catus
    5.7e-09   33.3   0.1    1.9e-08   31.7   0.1    2.0  1  sp|P14579|CP4A5_RABIT      Cytochrome P450 4A5 OS=Oryctolagus
    5.8e-09   33.3   0.0      2e-08   31.6   0.0    2.0  1  sp|P08516|CP4AA_RAT        Cytochrome P450 4A10 OS=Rattus nor
    5.9e-09   33.3   0.8    1.6e-08   31.9   0.8    1.8  1  sp|P0A513|CP51_MYCBO       Sterol 14alpha-demethylase OS=Myco
    5.9e-09   33.3   0.8    1.6e-08   31.9   0.8    1.8  1  sp|P9WPP8|CP51_MYCTO       Sterol 14alpha-demethylase OS=Myco
    5.9e-09   33.3   0.8    1.6e-08   31.9   0.8    1.8  1  sp|P9WPP9|CP51_MYCTU       Sterol 14alpha-demethylase OS=Myco
      6e-09   33.3   1.3    9.6e-09   32.6   0.3    1.9  1  sp|O23365|C97B3_ARATH      Cytochrome P450 97B3, chloroplasti
      6e-09   33.2   0.2    1.4e-08   32.1   0.2    1.6  1  sp|P00184|CP1A1_MOUSE      Cytochrome P450 1A1 OS=Mus musculu
    6.1e-09   33.2   2.5    1.2e-08   32.3   2.5    1.5  1  sp|P33261|CP2CJ_HUMAN      Cytochrome P450 2C19 OS=Homo sapie
    6.1e-09   33.2   0.0    1.3e-08   32.2   0.0    1.6  1  sp|P15128|CP4B1_RABIT      Cytochrome P450 4B1 OS=Oryctolagus
    6.1e-09   33.2   0.6    1.9e-08   31.7   0.6    1.9  1  sp|Q9GMC8|CP17A_FELCA      Steroid 17-alpha-hydroxylase/17,20
    6.1e-09   33.2   1.0    1.3e-08   32.2   1.0    1.6  1  sp|O62671|CP241_CANLF      Cytochrome P450 2C41 OS=Canis lupu
    6.2e-09   33.2   0.4    1.9e-08   31.7   0.1    2.1  1  sp|P10611|CP4A4_RABIT      Cytochrome P450 4A4 OS=Oryctolagus
    6.2e-09   33.2   0.7    1.3e-08   32.2   0.7    1.6  1  sp|Q27520|C13A1_CAEEL      Putative cytochrome P450 CYP13A1 O
    6.3e-09   33.2   0.0    1.6e-08   31.9   0.0    1.8  1  sp|A0A5A4DV62|C9B27_PARPY  Cholesterol 22-hydroxylase CYP90B2
    6.6e-09   33.1   0.4    2.1e-08   31.5   0.0    2.1  1  sp|P33274|CP4F1_RAT        Cytochrome P450 4F1 OS=Rattus norv
    6.6e-09   33.1   2.0    1.7e-08   31.8   2.0    1.7  1  sp|P56654|CP237_MOUSE      Cytochrome P450 2C37 OS=Mus muscul
    6.8e-09   33.1   0.7    1.6e-08   31.9   0.7    1.7  1  sp|C9K1X7|COTB4_STRMJ      Cyclooctatin synthase OS=Streptomy
    6.8e-09   33.1   1.0    1.8e-08   31.8   1.0    1.8  1  sp|Q82IY3|PTLI_STRAW       Pentalenene oxygenase OS=Streptomy
    7.3e-09   33.0   1.7    2.1e-08   31.5   1.7    1.9  1  sp|P9WPM4|CP137_MYCTO      Putative cytochrome P450 137 OS=My
    7.3e-09   33.0   1.7    2.1e-08   31.5   1.7    1.9  1  sp|P9WPM5|CP137_MYCTU      Putative cytochrome P450 137 OS=My
    7.4e-09   33.0   0.0      2e-08   31.6   0.0    1.8  1  sp|O88833|CP4AA_MOUSE      Cytochrome P450 4A10 OS=Mus muscul
    7.8e-09   32.9   0.0    1.8e-08   31.7   0.0    1.7  1  sp|P13584|CP4B1_HUMAN      Cytochrome P450 4B1 OS=Homo sapien
    8.3e-09   32.8   0.5    8.3e-09   32.8   0.5    2.1  1  sp|Q6VVW9|CP2R1_MOUSE      Vitamin D 25-hydroxylase OS=Mus mu
    8.3e-09   32.8   0.5    8.3e-09   32.8   0.5    2.0  1  sp|Q6VVX0|CP2R1_HUMAN      Vitamin D 25-hydroxylase OS=Homo s
    8.3e-09   32.8   0.0    1.8e-08   31.7   0.0    1.6  1  sp|Q64462|CP4B1_MOUSE      Cytochrome P450 4B1 OS=Mus musculu
    8.4e-09   32.8   0.3    1.7e-08   31.8   0.3    1.6  1  sp|P37122|C76A2_SOLME      Cytochrome P450 76A2 OS=Solanum me
    8.5e-09   32.8   0.5    2.3e-08   31.4   0.5    1.8  1  sp|O64637|C76C2_ARATH      Cytochrome P450 76C2 OS=Arabidopsi
    8.6e-09   32.8   0.3    1.8e-08   31.8   0.3    1.5  1  sp|P63720|CP139_MYCBO      Putative cytochrome P450 139 OS=My
    8.6e-09   32.8   0.3    1.8e-08   31.8   0.3    1.5  1  sp|P9WPM0|CP139_MYCTO      Putative cytochrome P450 139 OS=My
    8.6e-09   32.8   0.3    1.8e-08   31.8   0.3    1.5  1  sp|P9WPM1|CP139_MYCTU      Putative cytochrome P450 139 OS=My
    8.7e-09   32.7   0.0    1.9e-08   31.7   0.0    1.6  1  sp|Q54NY3|C554A_DICDI      Probable cytochrome P450 554A1 OS=
    8.8e-09   32.7   1.9    1.8e-08   31.7   1.9    1.6  1  sp|P15123|CP2CG_RABIT      Cytochrome P450 2C16 OS=Oryctolagu
    8.9e-09   32.7   0.7    2.3e-08   31.4   0.7    1.8  1  sp|P51590|CP2J3_RAT        Cytochrome P450 2J3 OS=Rattus norv
    9.1e-09   32.7   2.4    1.8e-08   31.7   2.4    1.5  1  sp|Q91X77|CY250_MOUSE      Cytochrome P450 2C50 OS=Mus muscul
    9.3e-09   32.7   0.0    2.8e-08   31.1   0.0    1.9  1  sp|Q64391|CP1A2_CAVPO      Cytochrome P450 1A2 OS=Cavia porce
    9.3e-09   32.7   1.3    2.2e-08   31.5   1.3    1.7  1  sp|P15540|CP21A_PIG        Steroid 21-hydroxylase OS=Sus scro
    9.9e-09   32.6   0.2    4.9e-08   30.4   0.2    2.3  1  sp|P79761|CP1A5_CHICK      Cytochrome P450 1A5 OS=Gallus gall
      1e-08   32.5   0.2    3.6e-08   30.8   0.0    2.1  1  sp|Q92148|CP1A1_MICTO      Cytochrome P450 1A1 OS=Microgadus 
      1e-08   32.5   0.1    2.4e-08   31.4   0.1    1.7  1  sp|Q07973|CP24A_HUMAN      1,25-dihydroxyvitamin D(3) 24-hydr
      1e-08   32.5   0.5    2.6e-08   31.2   0.5    1.8  1  sp|O64989|C90B1_ARATH      Steroid (22S)-hydroxylase OS=Arabi
    1.1e-08   32.5   0.0    2.4e-08   31.4   0.0    1.6  1  sp|F1SYB6|CY128_POSPM      Cytochrome P450 monooxygenase 128 
    1.1e-08   32.5   0.3    2.1e-08   31.5   0.3    1.5  1  sp|Q9JMA7|CP341_MOUSE      Cytochrome P450 3A41 OS=Mus muscul
    1.1e-08   32.5   4.6    1.1e-08   32.5   4.6    2.0  1  sp|Q59831|CPS2_STRCC       Cytochrome P450 105A3 OS=Streptomy
    1.1e-08   32.4   0.1    1.1e-08   32.4   0.1    2.0  1  sp|Q8SPK0|CP4AP_PIG        Cytochrome P450 4A25 OS=Sus scrofa
    1.1e-08   32.4   0.1    1.1e-08   32.4   0.1    2.1  1  sp|Q8SPK1|CP4AO_PIG        Cytochrome P450 4A24 OS=Sus scrofa
    1.1e-08   32.4   2.5    2.5e-08   31.3   2.5    1.6  1  sp|P33263|CP2CQ_MESAU      Cytochrome P450 2C26 OS=Mesocricet
    1.2e-08   32.3   0.1    2.4e-08   31.4   0.1    1.6  1  sp|Q09128|CP24A_RAT        1,25-dihydroxyvitamin D(3) 24-hydr
    1.2e-08   32.3   0.7    2.8e-08   31.2   0.7    1.7  1  sp|A0A517FNC6|C9B51_TRIFG  Cholesterol 22-monohydroxylase CYP
    1.2e-08   32.3   0.4    2.7e-08   31.2   0.4    1.6  1  sp|Q87AV9|C1332_XYLFT      Putative cytochrome P450 133B2 OS=
    1.2e-08   32.3   0.1    2.4e-08   31.4   0.1    1.5  1  sp|Q64441|CP24A_MOUSE      1,25-dihydroxyvitamin D(3) 24-hydr
    1.2e-08   32.3   0.5    2.6e-08   31.3   0.5    1.6  1  sp|P55540|CPXU_SINFN       Cytochrome P450 BJ-4 homolog OS=Si
    1.2e-08   32.3   0.4    2.7e-08   31.2   0.4    1.6  1  sp|Q9PGE6|C1332_XYLFA      Putative cytochrome P450 133B2 OS=
    1.2e-08   32.3   0.2    3.2e-08   31.0   0.2    1.8  1  sp|Q9HGE0|FUM6_GIBM7       Bifunctional cytochrome P450/NADPH
    1.3e-08   32.2   1.0    3.6e-08   30.8   1.0    1.8  1  sp|Q9QXF7|CP2J4_RAT        Cytochrome P450 2J4 OS=Rattus norv
    1.3e-08   32.2   0.1    2.7e-08   31.2   0.1    1.6  1  sp|P9WPP2|CP124_MYCTO      Methyl-branched lipid omega-hydrox
    1.3e-08   32.2   0.0    3.7e-08   30.8   0.0    1.8  1  sp|O42430|CP1A1_LIMLI      Cytochrome P450 1A1 OS=Limanda lim
    1.3e-08   32.2   0.0    3.7e-08   30.8   0.0    1.8  1  sp|Q9YH64|CP1A1_PLAFE      Cytochrome P450 1A1 OS=Platichthys
    1.4e-08   32.1   0.1    2.7e-08   31.2   0.1    1.5  1  sp|P0A517|CP124_MYCBO      Methyl-branched lipid omega-hydrox
    1.4e-08   32.1   0.1    2.7e-08   31.2   0.1    1.5  1  sp|P9WPP3|CP124_MYCTU      Methyl-branched lipid omega-hydrox
    1.4e-08   32.1   0.0    3.7e-08   30.8   0.0    1.8  1  sp|Q92100|CP1A1_PLEPL      Cytochrome P450 1A1 OS=Pleuronecte
    1.4e-08   32.1   0.1    4.1e-08   30.6   0.1    1.9  1  sp|Q42716|C71A8_MENPI      Cytochrome P450 71A8 OS=Mentha pip
    1.4e-08   32.1   3.0    3.4e-08   30.9   3.0    1.7  1  sp|Q08078|CP2CP_MESAU      Cytochrome P450 2C25 OS=Mesocricet
    1.4e-08   32.1   0.7      3e-08   31.0   0.7    1.6  1  sp|P37121|C76A1_SOLME      Cytochrome P450 76A1 (Fragment) OS
    1.5e-08   32.0   0.1    6.5e-08   30.0   0.1    2.2  1  sp|Q95328|CP17A_HORSE      Steroid 17-alpha-hydroxylase/17,20
    1.6e-08   31.9   1.0    3.6e-08   30.8   1.0    1.7  1  sp|O54750|CP2J6_MOUSE      Cytochrome P450 2J6 OS=Mus musculu
    1.6e-08   31.9   1.0    3.6e-08   30.8   1.0    1.7  1  sp|P51589|CP2J2_HUMAN      Cytochrome P450 2J2 OS=Homo sapien
    1.6e-08   31.9   0.0    3.6e-08   30.8   0.0    1.6  1  sp|A0A0S1TQ04|C71BE_SALPM  Salviol synthase OS=Salvia pomifer
    1.8e-08   31.7   0.4    4.1e-08   30.6   0.4    1.6  1  sp|Q27515|C13A6_CAEEL      Putative cytochrome P450 CYP13A6 O
    1.8e-08   31.7   0.0    4.1e-08   30.6   0.0    1.6  1  sp|O46051|C4D14_DROME      Probable cytochrome P450 4d14 OS=D
    1.9e-08   31.7   1.7    4.6e-08   30.5   1.7    1.7  1  sp|P70687|CP17A_MESAU      Steroid 17-alpha-hydroxylase/17,20
    1.9e-08   31.7   1.1    4.2e-08   30.6   1.1    1.6  1  sp|A0A4D6Q414|CYP2_CROXC   Flavonoid 3',5'-hydroxylase CYP75B
    1.9e-08   31.6   1.9    2.8e-08   31.2   0.5    2.1  1  sp|P12394|CP17A_CHICK      Steroid 17-alpha-hydroxylase/17,20
      2e-08   31.6   0.5      2e-08   31.6   0.5    2.3  1  sp|F4IK45|C70B2_ARATH      Cytochrome P450 709B2 OS=Arabidops
      2e-08   31.6   0.4    4.9e-08   30.4   0.4    1.7  1  sp|O64635|C76C4_ARATH      Cytochrome P450 76C4 OS=Arabidopsi
      2e-08   31.6   0.2    5.1e-08   30.3   0.2    1.8  1  sp|P04799|CP1A2_RAT        Cytochrome P450 1A2 OS=Rattus norv
      2e-08   31.6   1.4    6.6e-08   30.0   0.4    2.2  1  sp|O04773|C75A6_CAMME      Flavonoid 3',5'-hydroxylase OS=Cam
      2e-08   31.6   0.1    5.8e-08   30.1   0.1    1.8  1  sp|F1SYH0|CY205_POSPM      Cytochrome P450 monooxygenase 205 
    2.1e-08   31.6   0.3    3.9e-08   30.7   0.3    1.5  1  sp|P05183|CP3A2_RAT        Cytochrome P450 3A2 OS=Rattus norv
    2.1e-08   31.5   0.5      7e-08   29.9   0.5    2.0  1  sp|Q96581|C75A4_GENTR      Flavonoid 3',5'-hydroxylase OS=Gen
    2.1e-08   31.5   3.0    4.9e-08   30.4   3.0    1.6  1  sp|P08686|CP21A_HUMAN      Steroid 21-hydroxylase OS=Homo sap
    2.1e-08   31.5   0.1    5.4e-08   30.3   0.1    1.7  1  sp|P00187|CP1A2_RABIT      Cytochrome P450 1A2 OS=Oryctolagus
    2.2e-08   31.5   0.1    5.8e-08   30.1   0.1    1.7  1  sp|F1SYE5|CY169_POSPM      Cytochrome P450 monooxygenase 169 
    2.4e-08   31.3   0.5    2.4e-08   31.3   0.5    2.2  1  sp|O93297|CP2K4_ONCMY      Cytochrome P450 2K4 OS=Oncorhynchu
    2.6e-08   31.3   0.4    5.8e-08   30.1   0.4    1.7  1  sp|Q91Z85|CP17A_PERLE      Steroid 17-alpha-hydroxylase/17,20
    2.6e-08   31.2   0.1    4.4e-08   30.5   0.1    1.4  1  sp|Q01741|CP1A2_CHICK      Cytochrome P450 1A2 (Fragment) OS=
    2.6e-08   31.2   1.7    5.6e-08   30.2   1.7    1.6  1  sp|P17666|CP2CE_RABIT      Cytochrome P450 2C14 OS=Oryctolagu
    2.7e-08   31.2   0.2      6e-08   30.1   0.2    1.7  1  sp|P17178|CP27A_RAT        Sterol 26-hydroxylase, mitochondri
    2.8e-08   31.2   0.2    6.8e-08   29.9   0.2    1.7  1  sp|Q59205|CPXU_BRADU       Cytochrome P450 BJ-4 OS=Bradyrhizo
    2.8e-08   31.2   1.3    7.3e-08   29.8   1.3    1.8  1  sp|Q8CIM7|CP2DQ_MOUSE      Cytochrome P450 2D26 OS=Mus muscul
    2.8e-08   31.1   1.3    6.8e-08   29.9   1.3    1.7  1  sp|P05178|CP2C6_RAT        Cytochrome P450 2C6 OS=Rattus norv
    2.8e-08   31.1   0.8    5.3e-08   30.3   0.0    1.9  1  sp|P05177|CP1A2_HUMAN      Cytochrome P450 1A2 OS=Homo sapien
    2.8e-08   31.1   0.9    9.5e-08   29.5   0.9    2.0  1  sp|P48419|C75A3_PETHY      Flavonoid 3',5'-hydroxylase 2 OS=P
    2.9e-08   31.1   0.8    5.3e-08   30.3   0.0    1.9  1  sp|Q5RBQ1|CP1A2_PONAB      Cytochrome P450 1A2 OS=Pongo abeli
    2.9e-08   31.1   0.5    7.3e-08   29.8   0.5    1.7  1  sp|F1Q8C3|CP2K6_DANRE      Cytochrome P450 2K6 OS=Danio rerio
      3e-08   31.1   0.4    6.5e-08   30.0   0.4    1.6  1  sp|I3V6B1|C80BX_PAPSO      (S)-N-methylcoclaurine 3'-hydroxyl
      3e-08   31.1   0.8    6.1e-08   30.1   0.0    2.0  1  sp|Q1PS23|AMO_ARTAN        Amorpha-4,11-diene 12-monooxygenas
      3e-08   31.0   1.1    8.6e-08   29.6   1.1    1.8  1  sp|P33265|CP2CS_MESAU      Cytochrome P450 2C28 OS=Mesocricet
    3.1e-08   31.0   2.1    7.4e-08   29.8   2.1    1.7  1  sp|P46373|FAS1_RHOFA       Cytochrome P450 FAS1 OS=Rhodococcu
    3.1e-08   31.0   1.1    6.1e-08   30.1   1.1    1.5  1  sp|Q9KIZ4|C167_SORCE       Epothilone C/D epoxidase OS=Sorang
    3.1e-08   31.0   1.0    7.1e-08   29.9   1.0    1.6  1  sp|O18963|CP2E1_BOVIN      Cytochrome P450 2E1 OS=Bos taurus 
    3.2e-08   31.0   0.0    7.2e-08   29.8   0.0    1.6  1  sp|F1SYH7|CY215_POSPM      Cytochrome P450 monooxygenase 215 
    3.2e-08   31.0   0.1    8.3e-08   29.7   0.1    1.8  1  sp|G5EJN7|CYPD6_PHACH      Self-sufficient cytochrome P450 mo
    3.3e-08   30.9   0.4    7.6e-08   29.8   0.4    1.6  1  sp|P17177|CP27A_RABIT      Sterol 26-hydroxylase, mitochondri
    3.3e-08   30.9   0.4      7e-08   29.9   0.4    1.6  1  sp|H2DH19|C7D31_PANGI      Cytochrome P450 CYP71D312 OS=Panax
    3.4e-08   30.9   0.3    8.6e-08   29.6   0.3    1.7  1  sp|Q9GMC7|CP17A_BISBI      Steroid 17-alpha-hydroxylase/17,20
    3.4e-08   30.9   0.5    6.3e-08   30.0   0.5    1.5  1  sp|O73853|CP17A_ICTPU      Steroid 17-alpha-hydroxylase/17,20
    3.5e-08   30.8   1.1      7e-08   29.9   1.1    1.5  1  sp|P11371|CP2C4_RABIT      Cytochrome P450 2C4 OS=Oryctolagus
    3.6e-08   30.8   0.2    8.7e-08   29.6   0.2    1.7  1  sp|Q9SP06|C80B3_PAPSO      (S)-N-methylcoclaurine 3'-hydroxyl
    3.6e-08   30.8   1.0    7.3e-08   29.8   1.0    1.6  1  sp|Q09653|C13AA_CAEEL      Putative cytochrome P450 CYP13A10 
    3.6e-08   30.8   2.9      8e-08   29.7   2.9    1.6  1  sp|Q2LCM1|CP21A_CANLU      Steroid 21-hydroxylase OS=Canis lu
    3.6e-08   30.8   2.9      8e-08   29.7   2.9    1.6  1  sp|Q8WNW0|CP21A_CANLF      Steroid 21-hydroxylase OS=Canis lu
    3.6e-08   30.8   1.2    3.6e-08   30.8   1.2    2.4  1  sp|P08682|CP2E1_RABIT      Cytochrome P450 2E1 OS=Oryctolagus
    3.6e-08   30.8   2.9      8e-08   29.7   2.9    1.6  1  sp|Q2LA60|CP21A_FELCA      Steroid 21-hydroxylase OS=Felis ca
    3.6e-08   30.8   2.9      8e-08   29.7   2.9    1.6  1  sp|Q2LA59|CP21A_LYNLY      Steroid 21-hydroxylase OS=Lynx lyn
    3.7e-08   30.8   0.9    8.3e-08   29.7   0.9    1.7  1  sp|Q9GQM9|CP6L1_BLAGE      Cytochrome P450 6l1 OS=Blattella g
    3.8e-08   30.7   0.6    3.8e-08   30.7   0.6    1.9  1  sp|P11715|CP17A_RAT        Steroid 17-alpha-hydroxylase/17,20
    3.8e-08   30.7   0.6    7.7e-08   29.8   0.6    1.6  1  sp|Q9MZY0|CP2E1_CANLF      Cytochrome P450 2E1 OS=Canis lupus
    3.9e-08   30.7   0.4      8e-08   29.7   0.4    1.6  1  sp|O18993|CP3AL_CALJA      Cytochrome P450 3A21 OS=Callithrix
      4e-08   30.7   4.0    4.3e-08   30.5   2.9    1.7  1  sp|D5E3H2|CP107_PRIM1      Cytochrome P450 CYP107DY1 OS=Pries
      4e-08   30.7   0.2      9e-08   29.5   0.2    1.6  1  sp|P00185|CP1A1_RAT        Cytochrome P450 1A1 OS=Rattus norv
      4e-08   30.6   0.6    1.1e-07   29.3   0.6    1.8  1  sp|Q93VK5|LUT5_ARATH       Protein LUTEIN DEFICIENT 5, chloro
      4e-08   30.6   0.5      4e-08   30.6   0.5    2.2  1  sp|O23976|C76B1_HELTU      7-ethoxycoumarin O-deethylase OS=H
    4.1e-08   30.6   2.1    4.1e-08   30.6   2.1    1.9  1  sp|P00191|CP21A_BOVIN      Steroid 21-hydroxylase OS=Bos taur
    4.1e-08   30.6   0.5    7.8e-08   29.7   0.5    1.5  1  sp|O70537|CP3AV_MESAU      Cytochrome P450 3A31 OS=Mesocricet
    4.1e-08   30.6   0.7    1.5e-07   28.8   0.1    2.3  1  sp|O17624|C13B1_CAEEL      Putative cytochrome P450 cyp-13B1 
    4.2e-08   30.6   0.6    1.1e-07   29.2   0.6    1.7  1  sp|P05185|CP17A_BOVIN      Steroid 17-alpha-hydroxylase/17,20
    4.3e-08   30.6   0.4    1.3e-07   29.1   0.4    1.9  1  sp|O55071|CP2BJ_MOUSE      Cytochrome P450 2B19 OS=Mus muscul
    4.4e-08   30.5   2.6    4.4e-08   30.5   0.1    2.2  1  sp|P56592|CP1A2_CANLF      Cytochrome P450 1A2 OS=Canis lupus
    4.4e-08   30.5   0.0    1.1e-07   29.3   0.0    1.7  1  sp|O77810|CP1A2_CALJA      Cytochrome P450 1A2 OS=Callithrix 
    4.4e-08   30.5   0.4    1.2e-07   29.1   0.4    1.8  1  sp|P00186|CP1A2_MOUSE      Cytochrome P450 1A2 OS=Mus musculu
    4.4e-08   30.5   0.4    9.8e-08   29.4   0.4    1.6  1  sp|Q87AX5|C1331_XYLFT      Putative cytochrome P450 133B1 OS=
    4.5e-08   30.5   1.0    9.2e-08   29.5   1.0    1.6  1  sp|P00179|CP2C5_RABIT      Cytochrome P450 2C5 OS=Oryctolagus
    4.5e-08   30.5   0.4    9.8e-08   29.4   0.4    1.6  1  sp|Q9PGC5|C1331_XYLFA      Putative cytochrome P450 133B1 OS=
    4.5e-08   30.5   0.5    9.9e-08   29.4   0.5    1.6  1  sp|Q9DBG1|CP27A_MOUSE      Sterol 26-hydroxylase, mitochondri
    4.7e-08   30.4   0.0    9.5e-08   29.5   0.0    1.5  1  sp|Q92039|CP1A1_CHACA      Cytochrome P450 1A1 OS=Chaetodon c
    4.8e-08   30.4   0.0    1.1e-07   29.3   0.0    1.7  1  sp|Q42600|C84A1_ARATH      Cytochrome P450 84A1 OS=Arabidopsi
    4.8e-08   30.4   0.4      1e-07   29.3   0.4    1.6  1  sp|O04164|C71A6_NEPRA      Cytochrome P450 71A6 (Fragment) OS
    4.9e-08   30.4   2.1      5e-08   30.4   0.4    2.0  1  sp|Q9XGT9|C93B2_GERHY      Cytochrome P450 93B2 OS=Gerbera hy
    4.9e-08   30.4   0.0      1e-07   29.3   0.0    1.6  1  sp|A0A068Q5V6|C7150_PRUMU  Cytochrome P450 71AU50 OS=Prunus m
    5.1e-08   30.3   2.5    1.4e-07   29.0   2.5    1.8  1  sp|P10634|CP2DQ_RAT        Cytochrome P450 2D26 OS=Rattus nor
    5.1e-08   30.3   1.0    9.6e-08   29.5   1.0    1.5  1  sp|Q9UVC3|CP51_CUNEL       Lanosterol 14-alpha demethylase OS
    5.1e-08   30.3   1.2    7.6e-08   29.8   0.1    1.9  1  sp|P05176|CP1A1_RABIT      Cytochrome P450 1A1 OS=Oryctolagus
    5.3e-08   30.3   1.2    1.4e-07   29.0   1.2    1.8  1  sp|P05093|CP17A_HUMAN      Steroid 17-alpha-hydroxylase/17,20
    5.3e-08   30.3   0.1    9.9e-08   29.4   0.1    1.5  1  sp|Q59990|CP120_SYNY3      Putative cytochrome P450 120 OS=Sy
    5.3e-08   30.3   1.2    1.4e-07   29.0   1.2    1.8  1  sp|Q8HYN1|CP17A_PANTR      Steroid 17-alpha-hydroxylase/17,20
    6.2e-08   30.1   0.3    6.2e-08   30.1   0.3    2.2  1  sp|O93299|CP2K3_ONCMY      Cytochrome P450 2K3 OS=Oncorhynchu
    6.3e-08   30.0   0.5    1.5e-07   28.8   0.5    1.7  1  sp|P33273|CP255_RAT        Cytochrome P450 2C55 OS=Rattus nor
    6.4e-08   30.0   0.3    6.4e-08   30.0   0.3    2.2  1  sp|Q92090|CP2K1_ONCMY      Cytochrome P450 2K1 OS=Oncorhynchu
    6.5e-08   30.0   0.0    1.3e-07   29.0   0.0    1.6  1  sp|A0A1D8QMD2|C76K7_ROSOF  Carnosic acid synthase OS=Rosmarin
    6.6e-08   30.0   0.6    1.6e-07   28.7   0.6    1.7  1  sp|P05181|CP2E1_HUMAN      Cytochrome P450 2E1 OS=Homo sapien
    6.7e-08   29.9   0.2    1.7e-07   28.6   0.2    1.8  1  sp|A0A0S1TPC7|C76K6_SALPM  Carnosic acid synthase OS=Salvia p
    6.8e-08   29.9   0.6    1.8e-07   28.6   0.6    1.8  1  sp|Q2XVA1|CP17A_MACFA      Steroid 17-alpha-hydroxylase/17,20
    6.8e-08   29.9   0.6    1.8e-07   28.6   0.6    1.8  1  sp|Q8HYM9|CP17A_MACMU      Steroid 17-alpha-hydroxylase/17,20
    6.8e-08   29.9   0.6    1.8e-07   28.6   0.6    1.8  1  sp|Q8HYN0|CP17A_PAPCY      Steroid 17-alpha-hydroxylase/17,20
    6.8e-08   29.9   0.6    1.8e-07   28.6   0.6    1.8  1  sp|Q9GLD2|CP17A_PAPHU      Steroid 17-alpha-hydroxylase/17,20
      7e-08   29.9   0.2    1.7e-07   28.6   0.2    1.7  1  sp|A0A1D8QMD1|C76K6_SALFT  Carnosic acid synthase OS=Salvia f
      7e-08   29.9   0.2    1.7e-07   28.7   0.2    1.7  1  sp|Q8N118|CP4X1_HUMAN      Cytochrome P450 4X1 OS=Homo sapien
    7.2e-08   29.9   0.2    1.5e-07   28.8   0.2    1.6  1  sp|O57525|CP17A_RANDY      Steroid 17-alpha-hydroxylase/17,20
    7.5e-08   29.8   0.0    1.7e-07   28.6   0.0    1.7  1  sp|A0A3G9HRC2|ALT2_ALTAL   Bifunctional cytochrome P450/NADPH
    7.6e-08   29.8   0.9    1.5e-07   28.8   0.9    1.5  1  sp|P79402|CP242_PIG        Cytochrome P450 2C42 (Fragment) OS
    7.6e-08   29.8   0.3    7.6e-08   29.8   0.3    1.9  1  sp|Q2QUC5|C71P1_ORYSJ      Tryptamine 5-hydroxylase OS=Oryza 
    7.8e-08   29.7   1.6    7.8e-08   29.7   1.6    2.3  1  sp|Q64562|CP21A_RAT        Steroid 21-hydroxylase OS=Rattus n
    7.9e-08   29.7   0.0    1.6e-07   28.8   0.0    1.5  1  sp|Q9VB31|C6A18_DROME      Probable cytochrome P450 6a18 OS=D
    7.9e-08   29.7   0.2    1.6e-07   28.8   0.2    1.5  1  sp|A0A3S5HYN5|PVHE_TALVA   Cytochrome P450 monooxygenase pvhE
    7.9e-08   29.7   2.9    7.9e-08   29.7   2.9    2.2  1  sp|P03940|CP21A_MOUSE      Steroid 21-hydroxylase OS=Mus musc
    7.9e-08   29.7   0.8    2.2e-07   28.3   0.8    1.7  1  sp|Q9N0U7|CP17A_CAPHI      Steroid 17-alpha-hydroxylase/17,20
      8e-08   29.7   0.0      8e-08   29.7   0.0    2.3  1  sp|F1SYG6|CY197_POSPM      Cytochrome P450 monooxygenase 197 
    8.2e-08   29.7   0.6    1.6e-07   28.7   0.6    1.5  1  sp|Q6GUQ4|CP2E1_MACMU      Cytochrome P450 2E1 OS=Macaca mula
    8.2e-08   29.7   0.6    1.5e-07   28.9   0.6    1.4  1  sp|P33266|CP2E1_MACFA      Cytochrome P450 2E1 (Fragment) OS=
    8.2e-08   29.7   0.3      2e-07   28.5   0.3    1.7  1  sp|A0A411KZY9|BUAD_ASPBU   Cytochrome P450 monooxygenase buaD
    8.3e-08   29.7   0.8    2.2e-07   28.3   0.8    1.7  1  sp|Q29497|CP17A_SHEEP      Steroid 17-alpha-hydroxylase/17,20
    8.4e-08   29.6   0.0      2e-07   28.4   0.0    1.7  1  sp|O46054|C4AE1_DROME      Cytochrome P450 4ae1 OS=Drosophila
    8.5e-08   29.6   0.5    2.3e-07   28.2   0.5    1.8  1  sp|A0A4D6Q415|CYP1_CROXC   Flavonoid 3'-monooxygenase CYP75B1
    8.6e-08   29.6   0.1    8.6e-08   29.6   0.1    1.8  1  sp|A0A3Q9R4N5|C76B7_ARNEU  Geranylhydroquinone 3''-hydroxylas
    8.7e-08   29.6   0.0    1.9e-07   28.5   0.0    1.6  1  sp|P79716|CP1A1_DICLA      Cytochrome P450 1A1 OS=Dicentrarch
    8.8e-08   29.6   0.2    1.8e-07   28.6   0.2    1.5  1  sp|P08684|CP3A4_HUMAN      Cytochrome P450 3A4 OS=Homo sapien
    8.8e-08   29.6   0.0    1.9e-07   28.5   0.0    1.6  1  sp|Q92116|CP1A1_STECH      Cytochrome P450 1A1 OS=Stenotomus 
    9.3e-08   29.5   0.6      3e-07   27.9   0.6    1.9  1  sp|P49602|CP51_USTMA       Lanosterol 14-alpha demethylase OS
    9.5e-08   29.5   0.9    9.5e-08   29.5   0.9    2.3  1  sp|P48418|C75A1_PETHY      Flavonoid 3',5'-hydroxylase 1 OS=P
    9.7e-08   29.4   0.0    2.2e-07   28.3   0.0    1.7  1  sp|P98181|CP1A1_PAGMA      Cytochrome P450 1A1 OS=Pagrus majo
    9.9e-08   29.4   0.3    2.7e-07   28.1   0.3    1.8  1  sp|Q64417|CP3AE_CAVPO      Cytochrome P450 3A14 OS=Cavia porc
      1e-07   29.3   1.0    2.4e-07   28.2   1.0    1.6  1  sp|L7X3S1|MSH_PAPSO        Methyltetrahydroprotoberberine 14-
    1.1e-07   29.3   1.1    2.7e-07   28.0   1.1    1.7  1  sp|P56655|CP238_MOUSE      Cytochrome P450 2C38 OS=Mus muscul
    1.1e-07   29.3   0.0    2.5e-07   28.1   0.0    1.7  1  sp|Q92109|CP1A3_ONCMY      Cytochrome P450 1A3 OS=Oncorhynchu
    1.1e-07   29.2   1.0    2.9e-07   28.0   1.0    1.7  1  sp|B8MV61|TPEC_TALSN       Cytochrome P450 monooxygenase tpeC
    1.2e-07   29.2   2.8    2.1e-07   28.4   2.8    1.5  1  sp|P11372|CP2CF_RABIT      Cytochrome P450 2C15 (Fragment) OS
    1.2e-07   29.2   0.5    2.5e-07   28.1   0.5    1.6  1  sp|P79383|CP2E1_PIG        Cytochrome P450 2E1 OS=Sus scrofa 
    1.2e-07   29.2   0.8    2.6e-07   28.1   0.8    1.6  1  sp|O65790|C81F1_ARATH      Cytochrome P450 81F1 OS=Arabidopsi
    1.2e-07   29.2   0.0    2.5e-07   28.1   0.0    1.6  1  sp|Q92110|CP1A1_ONCMY      Cytochrome P450 1A1 OS=Oncorhynchu
    1.2e-07   29.2   1.1    1.9e-07   28.6   0.0    1.9  1  sp|O77809|CP1A2_MACFA      Cytochrome P450 1A2 OS=Macaca fasc
    1.2e-07   29.1   0.4    2.8e-07   28.0   0.4    1.7  1  sp|P30437|CP17A_ONCMY      Steroid 17-alpha-hydroxylase/17,20
    1.2e-07   29.1   0.3      3e-07   27.9   0.3    1.7  1  sp|Q0IIF9|CP2U1_BOVIN      Cytochrome P450 2U1 OS=Bos taurus 
    1.2e-07   29.1   0.2    2.7e-07   28.1   0.2    1.5  1  sp|Q02318|CP27A_HUMAN      Sterol 26-hydroxylase, mitochondri
    1.2e-07   29.1   0.4    1.2e-07   29.1   0.4    2.0  1  sp|X2JE85|C7BL2_TANPA      Costunolide synthase OS=Tanacetum 
    1.2e-07   29.1   2.8    1.3e-07   29.0   0.5    2.4  1  sp|O04790|C75A7_EUSER      Flavonoid 3',5'-hydroxylase OS=Eus
    1.2e-07   29.1   0.2    2.8e-07   28.0   0.2    1.6  1  sp|Q6WNQ8|C81E8_MEDTR      Cytochrome P450 81E8 OS=Medicago t
    1.2e-07   29.1   0.1    2.3e-07   28.3   0.1    1.5  1  sp|Q27516|C13A8_CAEEL      Putative cytochrome P450 CYP13A8 O
    1.3e-07   29.1   2.8    1.3e-07   29.0   0.5    2.4  1  sp|Q96418|C75A5_EUSER      Flavonoid 3',5'-hydroxylase OS=Eus
    1.3e-07   29.0   0.8      3e-07   27.9   0.8    1.7  1  sp|A0A2R4SBW0|CYPL8_GANLU  Ganoderic acid synthetase CYP5150L
    1.3e-07   29.0   0.1    2.4e-07   28.2   0.1    1.5  1  sp|Q42799|C93A2_SOYBN      Cytochrome P450 93A2 OS=Glycine ma
    1.3e-07   29.0   0.2    3.4e-07   27.7   0.2    1.7  1  sp|Q55AJ4|C516B_DICDI      Probable cytochrome P450 516B1 OS=
    1.4e-07   29.0   1.8    3.1e-07   27.8   1.8    1.7  1  sp|Q2XNC8|CP2D6_PANTR      Cytochrome P450 2D6 OS=Pan troglod
    1.4e-07   28.9   0.0    4.2e-07   27.4   0.0    1.8  1  sp|Q5KTN2|ALT2_ALTSO       Cytochrome P450 monooxygenase alt2
    1.4e-07   28.9   3.0    3.5e-07   27.7   3.0    1.7  1  sp|P24456|CP2DA_MOUSE      Cytochrome P450 2D10 OS=Mus muscul
    1.4e-07   28.9   1.5    2.7e-07   28.0   1.5    1.5  1  sp|P00181|CP2C2_RABIT      Cytochrome P450 2C2 OS=Oryctolagus
    1.5e-07   28.9   0.3    3.6e-07   27.7   0.3    1.7  1  sp|Q64464|CP3AD_MOUSE      Cytochrome P450 3A13 OS=Mus muscul
    1.5e-07   28.9   0.0    4.3e-07   27.4   0.0    1.8  1  sp|Q6JZS3|CP1A1_ORYLA      Cytochrome P450 1A1 OS=Oryzias lat
    1.5e-07   28.8   2.7    3.6e-07   27.6   2.7    1.7  1  sp|A0A087X1C5|CP2D7_HUMAN  Putative cytochrome P450 2D7 OS=Ho
    1.5e-07   28.8   1.9    3.5e-07   27.7   1.9    1.7  1  sp|Q2XNC9|CP2D6_PANPA      Cytochrome P450 2D6 OS=Pan paniscu
    1.5e-07   28.8   0.0    3.1e-07   27.9   0.0    1.6  1  sp|H2DH21|C7A29_PANGI      Cytochrome P450 CYP72A219 OS=Panax
    1.5e-07   28.8   0.1    3.3e-07   27.8   0.1    1.6  1  sp|S0DS17|APF8_GIBF5       Cytochrome P450 monooxygenase apf8
    1.5e-07   28.8   1.9    3.5e-07   27.7   1.9    1.7  1  sp|P10635|CP2D6_HUMAN      Cytochrome P450 2D6 OS=Homo sapien
    1.6e-07   28.8   0.4    1.6e-07   28.8   0.4    2.1  1  sp|Q7X7X4|C99A2_ORYSJ      Cytochrome P450 99A2 OS=Oryza sati
    1.6e-07   28.8   1.2      3e-07   27.9   1.2    1.5  1  sp|P00182|CP2C3_RABIT      Cytochrome P450 2C3 OS=Oryctolagus
    1.6e-07   28.8   0.2    3.4e-07   27.7   0.2    1.6  1  sp|Q07217|CP11A_ONCMY      Cholesterol side-chain cleavage en
    1.6e-07   28.8   2.0    2.3e-07   28.3   1.0    1.8  1  sp|O31785|PKSS_BACSU       Polyketide biosynthesis cytochrome
    1.6e-07   28.8   0.2    3.1e-07   27.9   0.2    1.5  1  sp|P33268|CP3A8_MACFA      Cytochrome P450 3A8 OS=Macaca fasc
    1.6e-07   28.8   0.1    3.3e-07   27.8   0.1    1.6  1  sp|O81973|C93A3_SOYBN      Cytochrome P450 93A3 OS=Glycine ma
    1.6e-07   28.8   0.1    4.8e-07   27.3   0.1    1.9  1  sp|A0A068Q6L2|C7317_PRUMU  Cytochrome P450 736A117 OS=Prunus 
    1.6e-07   28.8   0.5    3.3e-07   27.8   0.5    1.6  1  sp|P20815|CP3A5_HUMAN      Cytochrome P450 3A5 OS=Homo sapien
    1.8e-07   28.6   0.0    4.1e-07   27.5   0.0    1.7  1  sp|Q92095|CP1A1_OPSTA      Cytochrome P450 1A1 OS=Opsanus tau
    1.8e-07   28.6   0.1    4.1e-07   27.5   0.1    1.7  1  sp|Q27593|CP6A8_DROME      Cytochrome P450 6a8 OS=Drosophila 
    1.8e-07   28.6   0.8    3.7e-07   27.6   0.8    1.5  1  sp|P11707|CP3A6_RABIT      Cytochrome P450 3A6 OS=Oryctolagus
    1.8e-07   28.6   0.2    4.5e-07   27.4   0.2    1.7  1  sp|Q9CX98|CP2U1_MOUSE      Cytochrome P450 2U1 OS=Mus musculu
    1.9e-07   28.6   1.4    2.3e-07   28.3   0.2    1.9  1  sp|O65787|C71B6_ARATH      Cytochrome P450 71B6 OS=Arabidopsi
    1.9e-07   28.5   0.1    3.4e-07   27.7   0.1    1.4  1  sp|Q8RN03|C5C4_AMYOR       Cytochrome P450 165C4 OS=Amycolato
    1.9e-07   28.5   0.0    3.6e-07   27.7   0.0    1.5  1  sp|P00183|CPXA_PSEPU       Camphor 5-monooxygenase OS=Pseudom
    1.9e-07   28.5   0.4      6e-07   27.0   0.4    1.9  1  sp|Q9SD85|F3PH_ARATH       Flavonoid 3'-monooxygenase OS=Arab
      2e-07   28.5   1.3    5.1e-07   27.2   1.3    1.8  1  sp|P56656|CP239_MOUSE      Cytochrome P450 2C39 OS=Mus muscul
      2e-07   28.5   0.1      2e-07   28.5   0.1    2.7  1  sp|P24465|C71A1_PERAE      Cytochrome P450 71A1 OS=Persea ame
      2e-07   28.5   0.3    4.4e-07   27.4   0.3    1.6  1  sp|Q7Z449|CP2U1_HUMAN      Cytochrome P450 2U1 OS=Homo sapien
      2e-07   28.5   1.7    4.3e-07   27.4   1.7    1.6  1  sp|Q64403|CP2DG_CAVPO      Cytochrome P450 2D16 OS=Cavia porc
      2e-07   28.4   0.2    4.5e-07   27.4   0.2    1.6  1  sp|Q4V8D1|CP2U1_RAT        Cytochrome P450 2U1 OS=Rattus norv
      2e-07   28.4   0.4    4.9e-07   27.2   0.4    1.7  1  sp|W8JMU7|CYQ32_CATRO      Cytochrome P450 81Q32 OS=Catharant
    2.1e-07   28.4   0.8      5e-07   27.2   0.8    1.7  1  sp|P56594|CP2CL_CANLF      Cytochrome P450 2C21 (Fragment) OS
    2.1e-07   28.4   0.7    4.6e-07   27.3   0.1    1.9  1  sp|A0A0E3D8M1|PC21_PENCR   Cytochrome P450 monooxygenase PC-2
    2.1e-07   28.4   0.8    4.9e-07   27.2   0.8    1.6  1  sp|P14762|CPXI_PRIM2       Cytochrome P450(BM-1) OS=Priestia 
    2.1e-07   28.4   0.3    5.4e-07   27.1   0.3    1.7  1  sp|A0A517FNB9|C9B52_PARPY  Cholesterol 22-monohydroxylase CYP
    2.2e-07   28.3   1.3    5.9e-07   27.0   1.3    1.8  1  sp|P20813|CP2B6_HUMAN      Cytochrome P450 2B6 OS=Homo sapien
    2.4e-07   28.2   1.3    5.6e-07   27.0   1.3    1.6  1  sp|Q9SZ46|C82C4_ARATH      Xanthotoxin 5-hydroxylase CYP82C4 
    2.4e-07   28.2   0.4      5e-07   27.2   0.4    1.6  1  sp|O49394|C82C2_ARATH      Xanthotoxin 5-hydroxylase CYP82C2 
    2.4e-07   28.2   0.1      5e-07   27.2   0.1    1.6  1  sp|Q91W64|CP270_MOUSE      Cytochrome P450 2C70 OS=Mus muscul
    2.5e-07   28.1   1.2    4.6e-07   27.3   0.1    2.1  1  sp|A0A140JWT9|PTMK_PENSI   Cytochrome P450 monooxygenase ptmK
    2.6e-07   28.1   0.4    5.1e-07   27.2   0.4    1.5  1  sp|P63722|CP140_MYCBO      Putative cytochrome P450 140 OS=My
    2.6e-07   28.1   0.4    5.1e-07   27.2   0.4    1.5  1  sp|P9WPL8|CP140_MYCTO      Putative cytochrome P450 140 OS=My
    2.6e-07   28.1   0.4    5.1e-07   27.2   0.4    1.5  1  sp|P9WPL9|CP140_MYCTU      Putative cytochrome P450 140 OS=My
    2.6e-07   28.1   0.0    7.8e-07   26.6   0.0    1.9  1  sp|X2JI34|GAO_TANPA        Germacrene A hydroxylase OS=Tanace
    2.6e-07   28.1   0.0    5.5e-07   27.1   0.0    1.6  1  sp|Q9W683|CP1A1_CHESA      Cytochrome P450 1A1 OS=Chelon sali
    2.6e-07   28.1   1.6    5.2e-07   27.1   1.6    1.6  1  sp|Q9ZHQ1|TYLH1_STRFR      20-oxo-5-O-mycaminosyltylactone 23
    2.6e-07   28.1   1.5    4.9e-07   27.2   1.5    1.5  1  sp|P48635|ERYK_SACEN       Erythromycin C-12 hydroxylase OS=S
    2.6e-07   28.1   2.0    2.6e-07   28.1   2.0    2.7  1  sp|P49430|THAS_RAT         Thromboxane-A synthase OS=Rattus n
    2.8e-07   28.0   0.2    2.8e-07   28.0   0.2    1.9  1  sp|P93531|C71D7_SOLCH      Cytochrome P450 71D7 OS=Solanum ch
    2.8e-07   28.0   0.0    5.5e-07   27.1   0.0    1.5  1  sp|O42457|CP1A1_SPAAU      Cytochrome P450 1A1 OS=Sparus aura
    2.8e-07   28.0   0.5      6e-07   26.9   0.5    1.6  1  sp|Q1ZXH9|CP51_DICDI       Probable lanosterol 14-alpha demet
    2.8e-07   28.0   1.3    2.8e-07   28.0   1.3    2.1  1  sp|S4UX02|CYPH1_SALMI      Ferruginol synthase OS=Salvia milt
    2.8e-07   28.0   0.1    4.9e-07   27.2   0.1    1.4  1  sp|Q972I2|CP119_SULTO      Cytochrome P450 119 OS=Sulfurispha
    2.9e-07   28.0   0.1    7.8e-07   26.6   0.1    1.8  1  sp|Q54SV9|C515B_DICDI      Probable cytochrome P450 515B1 OS=
      3e-07   27.9   0.3      3e-07   27.9   0.3    2.3  1  sp|Q54D38|C520A_DICDI      Probable cytochrome P450 520A1 OS=
      3e-07   27.9   0.6      6e-07   27.0   0.6    1.5  1  sp|P23295|NOR_FUSOX        NADP nitrous oxide-forming nitric 
      3e-07   27.9   2.3    7.4e-07   26.7   2.3    1.7  1  sp|P24457|CP2DB_MOUSE      Cytochrome P450 2D11 OS=Mus muscul
    3.1e-07   27.9   0.3    1.4e-06   25.8   0.1    2.2  1  sp|P24455|CP2A9_MESAU      Cytochrome P450 2A9 OS=Mesocricetu
    3.1e-07   27.8   0.0    7.2e-07   26.7   0.0    1.7  1  sp|Q9VS79|CP4D8_DROME      Cytochrome P450 4d8 OS=Drosophila 
    3.2e-07   27.8   0.1    1.4e-06   25.8   0.1    2.2  1  sp|Q42602|C89A2_ARATH      Cytochrome P450 89A2 OS=Arabidopsi
    3.3e-07   27.8   0.1    3.3e-07   27.8   0.1    2.0  1  sp|Q6A152|CP4X1_MOUSE      Cytochrome P450 4X1 OS=Mus musculu
    3.3e-07   27.8   0.1    8.9e-07   26.4   0.1    1.7  1  sp|H2DH17|C7A22_PANGI      Cytochrome P450 CYP749A22 OS=Panax
    3.5e-07   27.7   1.8    3.5e-07   27.7   1.8    1.8  1  sp|A0A0C5Q4Y6|C76H2_ROSOF  Ferruginol synthase 1 OS=Rosmarinu
    3.6e-07   27.7   1.1    8.5e-07   26.5   1.1    1.6  1  sp|Q9D816|CP255_MOUSE      Cytochrome P450 2C55 OS=Mus muscul
    3.7e-07   27.6   0.4      8e-07   26.6   0.1    1.7  1  sp|Q9VWR5|CP306_DROME      Cytochrome P450 306a1 OS=Drosophil
    3.7e-07   27.6   0.8    1.1e-06   26.1   0.1    2.2  1  sp|Q9Y6A2|CP46A_HUMAN      Cholesterol 24-hydroxylase OS=Homo
    3.8e-07   27.6   0.1      1e-06   26.2   0.1    1.8  1  sp|Q9FXW4|C80B2_COPJA      Probable (S)-N-methylcoclaurine 3'
    3.8e-07   27.6   0.1    8.3e-07   26.5   0.1    1.6  1  sp|X2EVQ5|T9025_TANPA      Cytochrome P450 Tp9025 OS=Tanacetu
    3.8e-07   27.6   0.3    8.8e-07   26.4   0.3    1.6  1  sp|Q2UPC4|ACLL_ASPOR       Cytochrome P450 monooxygenase aclL
    3.8e-07   27.6   3.1    3.8e-07   27.6   3.1    1.7  1  sp|Q9QYG5|CP2DK_MESAU      Cytochrome P450 2D20 OS=Mesocricet
    3.9e-07   27.5   0.3    9.1e-07   26.4   0.3    1.7  1  sp|Q964Q7|CP6D3_MUSDO      Cytochrome P450 6d3 OS=Musca domes
    3.9e-07   27.5   0.2    8.8e-07   26.4   0.2    1.6  1  sp|P51538|CP3A9_RAT        Cytochrome P450 3A9 OS=Rattus norv
      4e-07   27.5   0.5    1.6e-06   25.6   0.5    2.1  1  sp|P37120|C75A2_SOLME      Flavonoid 3',5'-hydroxylase OS=Sol
    4.1e-07   27.5   0.6    8.9e-07   26.4   0.6    1.6  1  sp|C9K1X6|COTB3_STRMJ      Cyclooctat-9-en-7-ol 5-monooxygena
    4.1e-07   27.5   0.1    8.3e-07   26.5   0.1    1.5  1  sp|P93530|C71D6_SOLCH      Cytochrome P450 71D6 OS=Solanum ch
    4.2e-07   27.5   1.5    1.3e-06   25.9   0.3    2.4  1  sp|P59954|CP132_MYCBO      Putative cytochrome P450 132 OS=My
    4.2e-07   27.5   1.5    1.3e-06   25.9   0.3    2.4  1  sp|P9WPN2|CP132_MYCTO      Putative cytochrome P450 132 OS=My
    4.2e-07   27.4   1.5    1.3e-06   25.9   0.3    2.4  1  sp|P9WPN3|CP132_MYCTU      Putative cytochrome P450 132 OS=My
    4.2e-07   27.4   0.0      1e-06   26.2   0.0    1.7  1  sp|E1B2Z9|C7AV8_CICIN      Cytochrome P450 71AV8 OS=Cichorium
    4.3e-07   27.4   0.4    9.8e-07   26.3   0.4    1.6  1  sp|Q9V770|C6A17_DROME      Probable cytochrome P450 6a17 OS=D
    4.3e-07   27.4   0.1    4.3e-07   27.4   0.1    1.8  1  sp|A0A1D8QMG4|C76K8_ROSOF  Carnosic acid synthase OS=Rosmarin
    4.4e-07   27.4   2.7    9.9e-07   26.3   2.7    1.6  1  sp|Q01361|CP2DE_BOVIN      Cytochrome P450 2D14 OS=Bos taurus
    4.4e-07   27.4   0.3    1.5e-06   25.7   0.0    2.1  1  sp|Q27589|CP4D2_DROME      Cytochrome P450 4d2 OS=Drosophila 
    4.4e-07   27.4   0.3    4.4e-07   27.4   0.3    1.9  1  sp|P27786|CP17A_MOUSE      Steroid 17-alpha-hydroxylase/17,20
    4.5e-07   27.3   0.1    9.5e-07   26.3   0.1    1.6  1  sp|I1RJR2|CP51A_GIBZE      Sterol 14-alpha demethylase CYP51A
    4.6e-07   27.3   0.3      9e-07   26.4   0.3    1.5  1  sp|Q9V774|C6A21_DROME      Probable cytochrome P450 6a21 OS=D
    4.6e-07   27.3   0.3    4.6e-07   27.3   0.3    2.3  1  sp|F8S1I0|C7BL2_LACSA      Costunolide synthase OS=Lactuca sa
    4.6e-07   27.3   0.3    4.6e-07   27.3   0.3    2.1  1  sp|G3GBK0|C7BL3_CICIN      Costunolide synthase OS=Cichorium 
    4.7e-07   27.3   0.1    4.7e-07   27.3   0.1    2.0  1  sp|Q8K4D6|CP4X1_RAT        Cytochrome P450 4X1 OS=Rattus norv
    4.9e-07   27.2   1.3    1.2e-06   26.0   1.3    1.7  1  sp|P18327|CPXF_STRGO       Cytochrome P450-SU2 OS=Streptomyce
    4.9e-07   27.2   1.4    1.1e-06   26.2   1.4    1.6  1  sp|Q64680|CP2D4_RAT        Cytochrome P450 2D4 OS=Rattus norv
      5e-07   27.2   0.0    1.2e-06   25.9   0.0    1.7  1  sp|Q5KQT7|CP1A1_FELCA      Cytochrome P450 1A1 OS=Felis catus
      5e-07   27.2   0.2    1.4e-06   25.8   0.2    1.7  1  sp|B8QHP1|CP52M_STABO      Cytochrome P450 52-M1 OS=Starmerel
    5.2e-07   27.2   0.5    5.2e-07   27.2   0.5    1.9  1  sp|B9WZX1|FTMC_ASPFM       Tryprostatin B 6-hydroxylase OS=As
    5.2e-07   27.2   0.5    5.2e-07   27.2   0.5    1.9  1  sp|Q4WAW5|FTMC_ASPFU       Tryprostatin B 6-hydroxylase OS=As
    5.2e-07   27.1   0.2    5.2e-07   27.1   0.2    2.8  1  sp|O64899|C80B1_ESCCA      (S)-N-methylcoclaurine 3'-hydroxyl
    5.2e-07   27.1   0.2    5.2e-07   27.1   0.2    2.7  1  sp|O64900|C80B2_ESCCA      (S)-N-methylcoclaurine 3'-hydroxyl
    5.3e-07   27.1   1.2    5.3e-07   27.1   1.2    2.2  1  sp|A0A1Z3GBS4|CYPH3_ISORU  Ferruginol synthase OS=Isodon rube
    5.5e-07   27.1   1.9    6.3e-07   26.9   0.1    2.1  1  sp|A6YIH8|C7D55_HYOMU      Premnaspirodiene oxygenase OS=Hyos
    5.5e-07   27.1   0.1    1.2e-06   26.0   0.1    1.5  1  sp|Q2QYH7|C14C2_ORYSJ      Cytochrome P450 714C2 OS=Oryza sat
    5.6e-07   27.1   0.4    1.1e-06   26.1   0.4    1.5  1  sp|P14263|CP51_CANTR       Lanosterol 14-alpha demethylase OS
    5.8e-07   27.0   0.0    1.2e-06   26.0   0.0    1.6  1  sp|O42231|CP1A1_CHEAU      Cytochrome P450 1A1 OS=Chelon aura
    5.8e-07   27.0   0.0    1.3e-06   25.9   0.0    1.6  1  sp|Q6N8N2|CYPA2_RHOPA      Cytochrome p450 CYP199A2 OS=Rhodop
    5.8e-07   27.0   0.2    5.8e-07   27.0   0.2    2.3  1  sp|P56593|CP2AC_MOUSE      Cytochrome P450 2A12 OS=Mus muscul
      6e-07   27.0   0.5    1.3e-06   25.9   0.5    1.6  1  sp|P24463|CP3AC_CANLF      Cytochrome P450 3A12 OS=Canis lupu
      6e-07   27.0   0.8    1.8e-06   25.4   0.8    1.8  1  sp|Q9LHA1|C8D11_ARATH      Cytochrome P450 81D11 OS=Arabidops
      6e-07   27.0   0.3    1.5e-06   25.7   0.3    1.7  1  sp|Q1JPY5|CYP51_DANRE      Lanosterol 14-alpha demethylase OS
    6.4e-07   26.9   1.0      1e-06   26.2   0.0    1.9  1  sp|D5JBX1|GAO_BARSP        Germacrene A hydroxylase OS=Barnad
    6.4e-07   26.9   0.1    1.9e-06   25.4   0.1    1.8  1  sp|I7CT85|C7A53_PANGI      Protopanaxadiol 6-hydroxylase OS=P
    6.4e-07   26.9   0.7    1.4e-06   25.7   0.7    1.6  1  sp|P10610|CP2G1_RAT        Cytochrome P450 2G1 OS=Rattus norv
    6.6e-07   26.8   0.3    1.5e-06   25.7   0.3    1.7  1  sp|Q64654|CP51A_RAT        Lanosterol 14-alpha demethylase OS
    6.7e-07   26.8   0.4    1.7e-06   25.5   0.4    1.7  1  sp|I3V6B7|C82X1_PAPSO      (13S,14R)-13-O-acetyl-1-hydroxy-N-
    6.8e-07   26.8   0.7    1.9e-06   25.4   0.7    1.8  1  sp|P00176|CP2B1_RAT        Cytochrome P450 2B1 OS=Rattus norv
    6.9e-07   26.7   0.6    2.2e-06   25.2   0.6    1.9  1  sp|O49396|C82C3_ARATH      Cytochrome P450 82C3 OS=Arabidopsi
    7.2e-07   26.7   0.5    1.8e-06   25.4   0.5    1.7  1  sp|P33272|CP2BC_RAT        Cytochrome P450 2B12 OS=Rattus nor
    7.5e-07   26.7   0.7    2.3e-06   25.1   0.7    1.9  1  sp|I1H7R8|C90B1_BRADI      Steroid (22S)-hydroxylase OS=Brach
    7.5e-07   26.6   0.1    7.5e-07   26.6   0.1    1.9  1  sp|Q9GJX5|CP4AL_PIG        Taurochenodeoxycholic 6 alpha-hydr
    7.6e-07   26.6   0.0      2e-06   25.3   0.0    1.8  1  sp|A0A125QZE2|C76K1_SALMI  11-hydroxysugiol 20-monooxygenase 
    7.7e-07   26.6   0.0    1.8e-06   25.5   0.0    1.7  1  sp|Q6XQ14|C71E7_MANES      2-methylbutanal oxime monooxygenas
    7.8e-07   26.6   0.0    1.6e-06   25.6   0.0    1.6  1  sp|P0DO40|CP180_ORIMA      Cytochrome P450 71D180 OS=Origanum
    7.8e-07   26.6   0.0    1.6e-06   25.6   0.0    1.5  1  sp|P0DO39|CP180_ORIVU      Cytochrome P450 71D180 OS=Origanum
    7.9e-07   26.6   0.0    1.6e-06   25.6   0.0    1.5  1  sp|P0DO38|CP180_THYVU      Cytochrome P450 71D180 OS=Thymus v
    7.9e-07   26.6   0.7    2.2e-06   25.1   0.7    1.8  1  sp|B8AJL3|C90B2_ORYSI      Steroid (22S)-hydroxylase OS=Oryza
    7.9e-07   26.6   0.7    2.2e-06   25.1   0.7    1.8  1  sp|Q5CCK3|C90B2_ORYSJ      Steroid (22S)-hydroxylase OS=Oryza
      8e-07   26.5   0.0    1.8e-06   25.4   0.0    1.7  1  sp|Q27606|CP4E2_DROME      Cytochrome P450 4e2 OS=Drosophila 
    8.1e-07   26.5   1.5    8.1e-07   26.5   1.5    2.3  1  sp|P20812|CP2A3_RAT        Cytochrome P450 2A3 OS=Rattus norv
    8.1e-07   26.5   1.5    8.1e-07   26.5   1.5    2.4  1  sp|P20852|CP2A5_MOUSE      Cytochrome P450 2A5 OS=Mus musculu
    8.4e-07   26.5   0.5    1.9e-06   25.4   0.5    1.7  1  sp|P70085|CP17A_ORYLA      Steroid 17-alpha-hydroxylase/17,20
    8.4e-07   26.5   1.1    1.6e-06   25.6   1.1    1.5  1  sp|Q64459|CP3AB_MOUSE      Cytochrome P450 3A11 OS=Mus muscul
    8.4e-07   26.5   0.7    1.7e-06   25.5   0.7    1.6  1  sp|Q05421|CP2E1_MOUSE      Cytochrome P450 2E1 OS=Mus musculu
    8.5e-07   26.5   0.7    1.7e-06   25.5   0.7    1.6  1  sp|P51581|CP2E1_MESAU      Cytochrome P450 2E1 OS=Mesocricetu
    8.6e-07   26.4   0.0    2.1e-06   25.2   0.0    1.7  1  sp|A0A0D1DT62|CYP2_USTMA   Cytochrome P450 monooxygenase cayp
    8.8e-07   26.4   0.3    2.4e-06   25.0   0.3    1.8  1  sp|Q9VCW1|CP6D4_DROME      Probable cytochrome P450 6d4 OS=Dr
    8.9e-07   26.4   0.3    5.7e-06   23.9   0.2    2.2  1  sp|Q6WNQ9|C81E9_MEDTR      Isoflavone 3'-hydroxylase (Fragmen
      9e-07   26.4   0.0    1.6e-06   25.6   0.0    1.4  1  sp|P0DO41|CP181_ORIVU      Cytochrome P450 71D181 OS=Origanum
    9.1e-07   26.4   0.5    2.7e-06   24.9   0.5    1.9  1  sp|Q64583|CP2BF_RAT        Cytochrome P450 2B15 OS=Rattus nor
    9.2e-07   26.4   0.0    1.6e-06   25.6   0.0    1.4  1  sp|P0DO42|CP181_THYVU      Cytochrome P450 71D181 OS=Thymus v
    9.3e-07   26.3   1.9    9.3e-07   26.3   1.9    1.8  1  sp|A0A0C5QRZ2|C76H2_SALFT  Ferruginol synthase OS=Salvia frut
    9.6e-07   26.3   0.2    2.5e-06   25.0   0.2    1.8  1  sp|E9QY26|CP51B_ASPFU      Sterol 14-alpha demethylase cyp51B
    9.8e-07   26.3   2.3    9.8e-07   26.3   2.3    1.9  1  sp|Q00441|CPXJ_SACEN       6-deoxyerythronolide B hydroxylase
    9.9e-07   26.3   0.1    2.5e-06   25.0   0.1    1.7  1  sp|O81974|C71D8_SOYBN      Cytochrome P450 71D8 OS=Glycine ma
      1e-06   26.2   0.3    2.1e-06   25.2   0.3    1.6  1  sp|P79102|CP3AS_BOVIN      Cytochrome P450 3A28 OS=Bos taurus
      1e-06   26.2   0.0    2.1e-06   25.2   0.0    1.6  1  sp|Q9VXY0|CP4S3_DROME      Probable cytochrome P450 4s3 OS=Dr
      1e-06   26.2   1.1    2.6e-06   24.9   0.1    2.2  1  sp|Q3LFT9|CP1A2_BALAC      Cytochrome P450 1A2 OS=Balaenopter
      1e-06   26.2   0.8    2.2e-06   25.2   0.8    1.6  1  sp|Q0WTF4|C81F3_ARATH      Cytochrome P450 81F3 OS=Arabidopsi
      1e-06   26.2   0.0      5e-05   20.9   0.1    2.5  2  sp|Q4WNT5|CP51A_ASPFU      Sterol 14-alpha demethylase cyp51A
    1.1e-06   26.1   0.4    2.3e-06   25.1   0.4    1.5  1  sp|Q06069|CPXM_PRIMG       Cytochrome P450(MEG) OS=Priestia m
    1.1e-06   26.1   0.5      3e-06   24.7   0.5    1.8  1  sp|Q0JF01|C99A3_ORYSJ      9-beta-pimara-7,15-diene oxidase O
    1.1e-06   26.1   0.3    1.1e-06   26.1   0.3    2.2  1  sp|O64636|C76C1_ARATH      Cytochrome P450 76C1 OS=Arabidopsi
    1.2e-06   26.0   1.3    2.5e-06   25.0   1.3    1.6  1  sp|Q29478|CP2CV_CAPHE      Cytochrome P450 2C31 (Fragment) OS
    1.2e-06   26.0   0.1    3.1e-06   24.7   0.1    1.7  1  sp|P93149|C93B1_GLYEC      (2S)-flavanone 2-hydroxylase OS=Gl
    1.2e-06   26.0   1.5    1.2e-06   26.0   1.5    1.8  1  sp|A0A0S1TP26|C76H2_SALPM  Ferruginol synthase (Fragment) OS=
    1.2e-06   26.0   0.7    3.2e-06   24.6   0.7    1.8  1  sp|P20814|CP2CD_RAT        Cytochrome P450 2C13, male-specifi
    1.2e-06   26.0   0.9    1.2e-06   26.0   0.9    1.8  1  sp|A0A0Y0GRS3|C76H3_SALMI  Sugiol synthase OS=Salvia miltiorr
    1.2e-06   26.0   0.6    2.6e-06   25.0   0.6    1.6  1  sp|H2KYS3|DAF9_CAEEL       3-ketosteroid oxygenase OS=Caenorh
    1.2e-06   26.0   0.0    2.3e-06   25.1   0.0    1.5  1  sp|Q9V4T5|CP4E1_DROME      Probable cytochrome P450 4e1 OS=Dr
    1.3e-06   25.9   0.9    2.8e-06   24.8   0.9    1.6  1  sp|O13317|TRI11_FUSSP      Trichothecene C-15 hydroxylase OS=
    1.3e-06   25.9   0.0    3.1e-06   24.7   0.0    1.7  1  sp|D5JBW9|GAO_SAUCO        Germacrene A hydroxylase OS=Saussu
    1.3e-06   25.9   0.8    3.3e-06   24.6   0.8    1.8  1  sp|B8NFL5|CP51B_ASPFN      Sterol 14-alpha demethylase OS=Asp
    1.3e-06   25.9   0.0      3e-06   24.7   0.0    1.7  1  sp|Q9VL92|CP4E3_DROME      Cytochrome P450 4e3 OS=Drosophila 
    1.3e-06   25.9   0.5    3.2e-06   24.7   0.5    1.7  1  sp|P24453|CP1A2_MESAU      Cytochrome P450 1A2 OS=Mesocricetu
    1.3e-06   25.8   3.0    2.8e-06   24.9   3.0    1.6  1  sp|P12939|CP2DA_RAT        Cytochrome P450 2D10 OS=Rattus nor
    1.4e-06   25.8   1.3    3.3e-06   24.6   0.4    2.1  1  sp|P11711|CP2A1_RAT        Cytochrome P450 2A1 OS=Rattus norv
    1.4e-06   25.8   3.0    2.8e-06   24.9   3.0    1.6  1  sp|P10633|CP2D1_RAT        Cytochrome P450 2D1 OS=Rattus norv
    1.4e-06   25.8   0.6    2.8e-06   24.8   0.6    1.6  1  sp|P05182|CP2E1_RAT        Cytochrome P450 2E1 OS=Rattus norv
    1.4e-06   25.8   0.2    3.1e-06   24.7   0.2    1.6  1  sp|P48416|CP10_LYMST       Cytochrome P450 10 OS=Lymnaea stag
    1.4e-06   25.8   0.2    3.4e-06   24.6   0.2    1.7  1  sp|A0A386KZI3|DABD_PSEMU   N-geranyl-L-glutamate oxidase OS=P
    1.4e-06   25.8   0.1    3.5e-06   24.5   0.1    1.6  1  sp|Q12585|CP52T_CANMA      Cytochrome P450 52D1 OS=Candida ma
    1.5e-06   25.7   0.5    2.2e-06   25.1   0.5    1.3  1  sp|P79152|CP3AJ_CAPHE      Cytochrome P450 3A19 (Fragment) OS
    1.5e-06   25.7   0.0    2.9e-06   24.8   0.0    1.5  1  sp|Q92045|CP11A_HYPAM      Cholesterol side-chain cleavage en
    1.6e-06   25.6   1.0    1.6e-06   25.6   1.0    2.4  1  sp|P15392|CP2A4_MOUSE      Cytochrome P450 2A4 OS=Mus musculu
    1.6e-06   25.6   0.3    3.7e-06   24.5   0.3    1.7  1  sp|P05179|CP2C7_RAT        Cytochrome P450 2C7 OS=Rattus norv
    1.6e-06   25.6   0.7    4.8e-06   24.1   0.7    1.9  1  sp|L7WME9|NOTG_ASPVE       Cytochrome P450 monooxygenase notG
    1.6e-06   25.6   0.1    4.6e-06   24.2   0.1    1.8  1  sp|Q9V769|C6A22_DROME      Cytochrome P450 6a22 OS=Drosophila
    1.6e-06   25.6   0.3    4.7e-06   24.1   0.3    1.9  1  sp|Q4R8S6|CP51A_MACFA      Lanosterol 14-alpha demethylase OS
    1.7e-06   25.6   0.3    3.9e-06   24.4   0.3    1.7  1  sp|P55544|CPXP_SINFN       Cytochrome P450 BJ-1 homolog OS=Si
    1.7e-06   25.6   1.9    1.7e-06   25.6   1.9    1.7  1  sp|Q9QYG6|CP2DR_MESAU      Cytochrome P450 2D27 OS=Mesocricet
    1.7e-06   25.5   0.1    3.8e-06   24.4   0.1    1.7  1  sp|Q54LT7|C519E_DICDI      Probable cytochrome P450 519E1 OS=
    1.7e-06   25.5   0.0      4e-06   24.4   0.0    1.7  1  sp|Q9FI39|THAD_ARATH       Cytochrome P450 705A5 OS=Arabidops
    1.7e-06   25.5   0.1    3.5e-06   24.5   0.1    1.6  1  sp|Q9NGX9|CP302_DROME      Cytochrome P450 302a1, mitochondri
    1.7e-06   25.5   0.3    4.7e-06   24.1   0.3    1.8  1  sp|Q5RE72|CP51A_PONAB      Lanosterol 14-alpha demethylase OS
    1.8e-06   25.5   0.5    1.8e-06   25.5   0.5    1.9  1  sp|A0A455R5H4|ASCE_ACREG   Bifunctional cytochrome P450/NADPH
    1.8e-06   25.4   0.2    5.8e-06   23.8   0.0    1.9  1  sp|Q05047|SLS1_CATRO       Secologanin synthase 1 OS=Catharan
    1.8e-06   25.4   0.2    3.8e-06   24.4   0.2    1.6  1  sp|P24462|CP3A7_HUMAN      Cytochrome P450 3A7 OS=Homo sapien
    1.9e-06   25.4   2.2    4.2e-06   24.3   2.2    1.7  1  sp|Q29488|CP2DH_MACFA      Cytochrome P450 2D17 OS=Macaca fas
    1.9e-06   25.4   0.3    4.7e-06   24.1   0.3    1.8  1  sp|Q16850|CP51A_HUMAN      Lanosterol 14-alpha demethylase OS
    1.9e-06   25.4   0.3    4.6e-06   24.1   0.3    1.7  1  sp|Q4PJW3|CP51A_BOVIN      Lanosterol 14-alpha demethylase OS
    1.9e-06   25.4   0.2    5.3e-06   24.0   0.2    1.8  1  sp|P58045|C71AE_ARATH      Cytochrome P450 71A14 OS=Arabidops
      2e-06   25.3   3.3    4.1e-06   24.3   2.1    2.1  1  sp|P23296|CPXG_STRSQ       Cytochrome P450 105C1 OS=Streptomy
      2e-06   25.3   0.1      5e-06   24.0   0.1    1.7  1  sp|Q9Y757|CP52L_DEBHN      Cytochrome P450 52A12 OS=Debaryomy
      2e-06   25.3   0.2    4.6e-06   24.2   0.2    1.6  1  sp|Q43067|TCMO_PEA         Trans-cinnamate 4-monooxygenase OS
      2e-06   25.3   0.0    4.7e-06   24.1   0.0    1.7  1  sp|P33006|CPXL_PSESP       Cytochrome P450-terp OS=Pseudomona
      2e-06   25.3   1.3    5.2e-06   24.0   1.3    1.7  1  sp|P00180|CP2C1_RABIT      Cytochrome P450 2C1 OS=Oryctolagus
      2e-06   25.3   0.3    4.6e-06   24.1   0.3    1.7  1  sp|O46420|CP51A_PIG        Lanosterol 14-alpha demethylase OS
    2.1e-06   25.3   0.0    4.6e-06   24.2   0.0    1.6  1  sp|W8JWW3|CA225_CATRO      Cytochrome P450 72A225 OS=Catharan
    2.1e-06   25.3   0.1    2.1e-06   25.3   0.1    2.0  1  sp|Q9VA27|CP4C3_DROME      Cytochrome P450 4c3 OS=Drosophila 
    2.1e-06   25.2   0.4      4e-06   24.4   0.4    1.5  1  sp|P10614|CP51_YEAST       Lanosterol 14-alpha demethylase CY
    2.1e-06   25.2   0.1    6.5e-06   23.7   0.1    1.9  1  sp|Q27518|C13A2_CAEEL      Putative cytochrome P450 CYP13A2 O
    2.1e-06   25.2   0.3    6.7e-06   23.6   0.3    1.9  1  sp|Q64410|CP17A_CAVPO      Steroid 17-alpha-hydroxylase/17,20
    2.2e-06   25.2   0.3      5e-06   24.0   0.3    1.6  1  sp|Q9LVD6|C81F2_ARATH      Cytochrome P450 81F2 OS=Arabidopsi
    2.2e-06   25.2   0.1    8.3e-06   23.4   0.2    2.0  1  sp|Q42797|TCMO_SOYBN       Trans-cinnamate 4-monooxygenase OS
    2.2e-06   25.2   2.3    4.1e-06   24.3   2.3    1.5  1  sp|P05180|CP2H1_CHICK      Cytochrome P450 2H1 OS=Gallus gall
    2.2e-06   25.1   3.8    7.2e-06   23.5   3.8    1.9  1  sp|O46658|CP2DP_PIG        Vitamin D(3) 25-hydroxylase OS=Sus
    2.2e-06   25.1   1.1    7.3e-06   23.5   1.1    1.9  1  sp|Q43068|C82A1_PEA        Cytochrome P450 82A1 (Fragment) OS
    2.2e-06   25.1   0.3    1.8e-05   22.3   0.1    2.3  1  sp|P37124|C77A2_SOLME      Cytochrome P450 77A2 OS=Solanum me
    2.3e-06   25.1   2.3    4.1e-06   24.3   2.3    1.4  1  sp|P20678|CP2H2_CHICK      Cytochrome P450 2H2 OS=Gallus gall
    2.3e-06   25.1   1.6    2.7e-06   24.9   0.1    2.0  1  sp|Q50EK4|C75A1_PINTA      Cytochrome P450 750A1 OS=Pinus tae
    2.3e-06   25.1   1.2    3.1e-06   24.7   0.0    1.9  1  sp|D5JBW8|GAO_CICIN        Germacrene A hydroxylase OS=Cichor
    2.4e-06   25.1   0.0    6.1e-06   23.8   0.0    1.7  1  sp|Q6ZWL3|CP4V2_HUMAN      Cytochrome P450 4V2 OS=Homo sapien
    2.4e-06   25.1   0.0    5.8e-06   23.8   0.0    1.7  1  sp|U5NDT8|SLS2_CATRO       Secologanin synthase 2 OS=Catharan
    2.4e-06   25.1   0.1    5.9e-06   23.8   0.1    1.7  1  sp|Q9WVK8|CP46A_MOUSE      Cholesterol 24-hydroxylase OS=Mus 
    2.4e-06   25.0   0.3    6.4e-06   23.7   0.3    1.8  1  sp|Q9LZ31|C77A4_ARATH      Cytochrome P450 77A4 OS=Arabidopsi
    2.4e-06   25.0   0.0    5.9e-06   23.8   0.0    1.7  1  sp|Q09J78|ABAH2_ORYSI      Abscisic acid 8'-hydroxylase 2 OS=
    2.4e-06   25.0   0.0    5.8e-06   23.8   0.0    1.7  1  sp|P22680|CP7A1_HUMAN      Cytochrome P450 7A1 OS=Homo sapien
    2.4e-06   25.0   0.2    5.3e-06   24.0   0.2    1.5  1  sp|Q9ZAU3|DOXA_STRPE       Cytochrome P-450 monooxygenase Dox
    2.4e-06   25.0   0.0      6e-06   23.8   0.0    1.7  1  sp|Q6ZDE3|ABAH2_ORYSJ      Abscisic acid 8'-hydroxylase 2 OS=
    2.5e-06   25.0   0.0    5.6e-06   23.9   0.0    1.6  1  sp|U5NE19|7DLH_CATRO       7-deoxyloganic acid hydroxylase OS
    2.5e-06   25.0   0.2    2.5e-06   25.0   0.2    2.1  1  sp|A1DA60|FTMC_NEOFI       Tryprostatin B 6-hydroxylase OS=Ne
    2.5e-06   25.0   0.7    5.7e-06   23.9   0.7    1.6  1  sp|Q27698|CP6D1_MUSDO      Cytochrome P450 6d1 OS=Musca domes
    2.6e-06   24.9   1.6    3.1e-06   24.7   0.0    2.0  1  sp|D5J9U8|GAO_LACSA        Germacrene A hydroxylase OS=Lactuc
    2.6e-06   24.9   0.1    2.6e-06   24.9   0.1    2.0  1  sp|Q94FM7|C71DK_TOBAC      5-epiaristolochene 1,3-dihydroxyla
    2.6e-06   24.9   0.3    7.4e-06   23.5   0.3    1.8  1  sp|Q94IP1|TCMO_SORBI       Trans-cinnamate 4-monooxygenase OS
    2.7e-06   24.9   1.1    2.7e-06   24.9   1.1    2.1  1  sp|Q6Z5I7|C76M6_ORYSJ      Oryzalexin E synthase OS=Oryza sat
    2.7e-06   24.9   0.6      6e-06   23.8   0.6    1.5  1  sp|P10613|CP51_CANAL       Lanosterol 14-alpha demethylase OS
    2.8e-06   24.8   0.4    2.6e-05   21.8   0.2    2.3  1  sp|A0A3Q9FEJ4|ASTA_TALWO   Cytochrome P450 monooxygenase astA
    2.8e-06   24.8   0.0    6.1e-06   23.8   0.0    1.6  1  sp|A2RRT9|CP4V2_RAT        Cytochrome P450 4V2 OS=Rattus norv
    2.9e-06   24.8   0.2    5.4e-06   23.9   0.2    1.4  1  sp|Q59971|DOXA_STRS5       Cytochrome P-450 monooxygenase Dox
    2.9e-06   24.8   0.4    5.8e-06   23.8   0.4    1.5  1  sp|Q64481|CP3AG_MOUSE      Cytochrome P450 3A16 OS=Mus muscul
    2.9e-06   24.8   0.1    6.4e-06   23.7   0.1    1.6  1  sp|Q9V674|CP6G1_DROME      Cytochrome P450 6g1 OS=Drosophila 
    2.9e-06   24.8   0.1    7.8e-06   23.4   0.1    1.7  1  sp|Q5RCN6|CP4V2_PONAB      Cytochrome P450 4V2 OS=Pongo abeli
    2.9e-06   24.8   0.1    7.9e-06   23.4   0.1    1.7  1  sp|Q12586|CP52I_CANMA      Cytochrome P450 52A9 OS=Candida ma
    2.9e-06   24.8   0.0    6.8e-06   23.6   0.0    1.7  1  sp|O81970|C71A9_SOYBN      Cytochrome P450 71A9 OS=Glycine ma
    2.9e-06   24.8   1.6    2.9e-06   24.8   1.6    2.1  1  sp|Q16696|CP2AD_HUMAN      Cytochrome P450 2A13 OS=Homo sapie
    3.1e-06   24.7   0.0    3.1e-06   24.7   0.0    2.0  1  sp|D5JBX0|GAO_HELAN        Germacrene A hydroxylase OS=Helian
    3.1e-06   24.7   0.1    8.2e-06   23.4   0.1    1.8  1  sp|P30608|CP52F_CANTR      Cytochrome P450 52A6 OS=Candida tr
    3.1e-06   24.7   1.0    8.8e-06   23.3   1.0    1.8  1  sp|P12790|CP2B9_MOUSE      Cytochrome P450 2B9 OS=Mus musculu
    3.1e-06   24.7   0.1    9.1e-06   23.2   0.1    1.9  1  sp|I1RBR4|CP51B_GIBZE      Sterol 14-alpha demethylase CYP51A
    3.1e-06   24.7   0.1    6.6e-06   23.7   0.1    1.6  1  sp|P13527|CP6A1_MUSDO      Cytochrome P450 6A1 OS=Musca domes
    3.2e-06   24.7   1.5    7.3e-06   23.5   1.5    1.7  1  sp|A0A481WNM6|TRAB_PENCR   Cytochrome P450 monooxygenase traB
    3.2e-06   24.7   0.0    9.4e-06   23.2   0.0    1.8  1  sp|E3W9C4|C71A1_ZINZE      Alpha-humulene 10-hydroxylase OS=Z
    3.2e-06   24.6   1.2    7.5e-06   23.5   0.1    2.2  1  sp|W8JIS5|IO_CATRO         Iridoid oxidase OS=Catharanthus ro
    3.2e-06   24.6   0.3    7.4e-06   23.5   0.3    1.7  1  sp|Q5W6F1|TCMO_ORYSJ       Trans-cinnamate 4-monooxygenase OS
    3.2e-06   24.6   2.0      7e-06   23.6   2.0    1.6  1  sp|E9Q5K4|CP2CN_MOUSE      Cytochrome P450 2C44 OS=Mus muscul
    3.3e-06   24.6   1.3    7.1e-06   23.6   1.3    1.6  1  sp|F2Z9C1|P6H_ESCCA        Protopine 6-monooxygenase OS=Eschs
    3.3e-06   24.6   2.3    5.8e-06   23.8   0.8    2.1  1  sp|P24461|CP2G1_RABIT      Cytochrome P450 2G1 OS=Oryctolagus
    3.3e-06   24.6   0.4    7.1e-06   23.6   0.4    1.6  1  sp|Q29496|CP3AO_SHEEP      Cytochrome P450 3A24 OS=Ovis aries
    3.4e-06   24.6   0.3    6.4e-06   23.7   0.3    1.5  1  sp|Q12599|NOR2_FUSLI       Cytochrome P450 55A3 OS=Fusarium l
    3.4e-06   24.6   0.5      7e-06   23.6   0.5    1.5  1  sp|C9K202|CPAH_ASPOZ       Cytochrome P450 monooxygenase cpaH
    3.5e-06   24.5   0.2    8.2e-06   23.4   0.2    1.7  1  sp|P48522|TCMO_CATRO       Trans-cinnamate 4-monooxygenase OS
    3.5e-06   24.5   0.5    8.8e-06   23.3   0.5    1.7  1  sp|E1ACQ2|NOTG_ASPSM       Cytochrome P450 monooxygenase notG
    3.6e-06   24.5   0.1    7.7e-06   23.5   0.1    1.5  1  sp|Q12581|CP52X_CANMA      Cytochrome P450 52A5 OS=Candida ma
    3.6e-06   24.5   0.2    8.3e-06   23.4   0.2    1.6  1  sp|F1B282|C4H1_PETHY       Trans-cinnamate 4-monooxygenase C4
    3.8e-06   24.4   0.1    1.3e-05   22.7   0.1    1.9  1  sp|P79760|CP1A4_CHICK      Cytochrome P450 1A4 OS=Gallus gall
    3.8e-06   24.4   0.2    8.2e-06   23.4   0.2    1.6  1  sp|P37115|TCMO_VIGRR       Trans-cinnamate 4-monooxygenase OS
    3.8e-06   24.4   0.0    9.1e-06   23.2   0.0    1.7  1  sp|Q9DBW0|CP4V2_MOUSE      Cytochrome P450 4V2 OS=Mus musculu
    3.9e-06   24.4   0.2    9.5e-06   23.2   0.2    1.7  1  sp|A0A517FNC4|72A61_PARPY  Cytochrome P450 CYP72A616 OS=Paris
    4.1e-06   24.3   0.2    8.2e-06   23.4   0.2    1.5  1  sp|O24312|TCMO_POPTM       Trans-cinnamate 4-monooxygenase OS
    4.1e-06   24.3   0.2    8.2e-06   23.4   0.2    1.5  1  sp|Q96423|TCMO_GLYEC       Trans-cinnamate 4-monooxygenase OS
    4.1e-06   24.3   0.2    8.2e-06   23.4   0.2    1.5  1  sp|Q04468|TCMO_HELTU       Trans-cinnamate 4-monooxygenase OS
    4.1e-06   24.3   0.4    8.9e-06   23.3   0.4    1.5  1  sp|Q9VVR9|C12C1_DROME      Probable cytochrome P450 12c1, mit
    4.3e-06   24.3   0.2    8.2e-06   23.4   0.2    1.5  1  sp|Q43054|TCMO_POPKI       Trans-cinnamate 4-monooxygenase OS
    4.3e-06   24.2   0.2    8.2e-06   23.4   0.2    1.5  1  sp|P92994|TCMO_ARATH       Trans-cinnamate 4-monooxygenase OS
    4.3e-06   24.2   0.2    8.3e-06   23.4   0.2    1.5  1  sp|Q9AR74|TCMO_RUTGR       Trans-cinnamate 4-monooxygenase OS
    4.4e-06   24.2   0.3    8.4e-06   23.3   0.3    1.5  1  sp|Q43240|TCMO_ZINEL       Trans-cinnamate 4-monooxygenase OS
    4.4e-06   24.2   0.1    1.2e-05   22.8   0.1    1.8  1  sp|Q6YTF5|C76M5_ORYSJ      Cytochrome P450 76M5 OS=Oryza sati
    4.4e-06   24.2   0.0    1.1e-05   23.0   0.0    1.7  1  sp|Q54EM5|C519D_DICDI      Probable cytochrome P450 519D1 OS=
    4.5e-06   24.2   0.0    1.1e-05   23.0   0.0    1.6  1  sp|Q00714|STCS_EMENI       Cytochrome P450 monooxygenase stcS
    4.5e-06   24.2   0.1    1.4e-05   22.6   0.0    1.9  1  sp|A0A1D6HSP4|C92C5_MAIZE  Dimethylnonatriene synthase OS=Zea
    4.6e-06   24.2   0.2      1e-05   23.1   0.2    1.6  1  sp|Q9STK7|C71AQ_ARATH      Cytochrome P450 71A26 OS=Arabidops
    4.6e-06   24.2   0.1    9.5e-06   23.2   0.1    1.6  1  sp|Q9LJY7|C75AK_ARATH      Cytochrome P450 705A20 OS=Arabidop
    4.6e-06   24.2   0.2    8.2e-06   23.4   0.2    1.4  1  sp|A0A2H5AIX7|TCMO_NARPS   Trans-cinnamate 4-monooxygenase OS
    4.6e-06   24.2   0.2    4.6e-06   24.2   0.2    1.9  1  sp|O81928|TCMO_CICAR       Trans-cinnamate 4-monooxygenase OS
    4.6e-06   24.2   0.2    4.6e-06   24.2   0.2    2.0  1  sp|P37114|TCMO_MEDSA       Trans-cinnamate 4-monooxygenase OS
    4.7e-06   24.1   0.6    1.2e-05   22.9   0.6    1.7  1  sp|Q9V771|C6A23_DROME      Probable cytochrome P450 6a23 OS=D
    4.7e-06   24.1   0.9    1.1e-05   22.9   0.9    1.6  1  sp|Q02315|CP51_PICKU       Lanosterol 14-alpha demethylase (F
    4.7e-06   24.1   0.0    8.7e-06   23.3   0.0    1.5  1  sp|Q9FVS9|C96AF_ARATH      Alkane hydroxylase MAH1 OS=Arabido
    4.7e-06   24.1   0.0    9.9e-06   23.1   0.0    1.5  1  sp|O22307|C71DB_LOTJA      Cytochrome P450 71D11 (Fragment) O
    4.8e-06   24.1   0.2    1.1e-05   23.0   0.2    1.7  1  sp|O48957|C99A1_SORBI      Cytochrome P450 CYP99A1 (Fragment)
    4.9e-06   24.1   1.2      1e-05   23.1   1.2    1.6  1  sp|F1SY85|CY091_POSPM      Cytochrome P450 monooxygenase 91 O
    5.2e-06   24.0   0.1    1.4e-05   22.7   0.1    1.8  1  sp|W8JIT4|CYPD2_CATRO      Cytochrome P450 71D2 OS=Catharanth
    5.4e-06   23.9   0.2    1.1e-05   22.9   0.2    1.6  1  sp|Q9C788|C70B1_ARATH      Cytochrome P450 704B1 OS=Arabidops
    5.5e-06   23.9   0.8    1.3e-05   22.7   0.8    1.7  1  sp|A0A517FNC5|C90G4_PARPY  Cholesterol 16,22-dihydroxylase CY
    5.7e-06   23.9   0.1    1.3e-05   22.7   0.1    1.7  1  sp|I1TEM1|T3O_CATRO        Tabersonine 3-oxygenase OS=Cathara
    5.7e-06   23.9   0.3    1.5e-05   22.5   0.3    1.8  1  sp|B3FWR7|HPM1_HYPSB       Cytochrome P450 monooxygenase hmp1
    5.8e-06   23.8   0.3    1.2e-05   22.9   0.3    1.5  1  sp|Q759W0|CP51_EREGS       Lanosterol 14-alpha demethylase OS
    5.8e-06   23.8   0.1    1.5e-05   22.6   0.1    1.7  1  sp|P24458|CP52E_CANMA      Cytochrome P450 52A3-B OS=Candida 
    5.9e-06   23.8   0.4    1.2e-05   22.8   0.4    1.5  1  sp|P82712|CCD1P_DROME      Probable cytochrome P450 12d1 prox
    5.9e-06   23.8   0.4    1.2e-05   22.8   0.4    1.5  1  sp|Q7KR10|CCD1D_DROME      Probable cytochrome P450 12d1 dist
      6e-06   23.8   0.9    1.7e-05   22.3   0.0    2.2  1  sp|Q0JFI2|C93G1_ORYSJ      Cytochrome P450 93G1 OS=Oryza sati
    6.1e-06   23.8   0.1    1.4e-05   22.6   0.1    1.6  1  sp|Q43033|TCMO_PETCR       Trans-cinnamate 4-monooxygenase OS
    6.2e-06   23.8   0.1    1.5e-05   22.6   0.1    1.7  1  sp|P16496|CP52C_CANMA      Cytochrome P450 52A3-A OS=Candida 
    6.2e-06   23.7   0.0      6e-05   20.6   0.1    2.3  1  sp|B8QHP5|CP52N_STABO      Cytochrome P450 52-N1 OS=Starmerel
    6.3e-06   23.7   0.0    1.3e-05   22.7   0.0    1.6  1  sp|P98183|C71DC_CATRO      Tabersonine 16-hydroxylase 1 OS=Ca
    6.5e-06   23.7   0.0    1.5e-05   22.6   0.0    1.6  1  sp|Q2XV99|CP11A_MACFA      Cholesterol side-chain cleavage en
    6.7e-06   23.6   0.5    6.7e-06   23.6   0.5    2.0  1  sp|P98188|C94A2_VICSA      Cytochrome P450 94A2 OS=Vicia sati
    6.8e-06   23.6   0.0    1.4e-05   22.6   0.0    1.6  1  sp|O48923|C71DA_SOYBN      Cytochrome P450 71D10 OS=Glycine m
    6.8e-06   23.6   0.0    1.5e-05   22.6   0.0    1.6  1  sp|P05108|CP11A_HUMAN      Cholesterol side-chain cleavage en
      7e-06   23.6   0.1    1.4e-05   22.6   0.1    1.5  1  sp|Q54SK0|C508B_DICDI      Probable cytochrome P450 508B1 OS=
    7.1e-06   23.6   0.5    1.8e-05   22.3   0.5    1.8  1  sp|Q9VRI9|CP6T1_DROME      Probable cytochrome P450 6t1 OS=Dr
    7.3e-06   23.5   0.0      2e-05   22.2   0.0    1.8  1  sp|Q64505|CP7A1_MOUSE      Cytochrome P450 7A1 OS=Mus musculu
    7.4e-06   23.5   1.4    1.7e-05   22.4   1.4    1.7  1  sp|Q33DY0|C81Q1_SESIN      (+)-piperitol/(+)-sesamin synthase
    7.5e-06   23.5   0.2    1.4e-05   22.6   0.2    1.5  1  sp|Q1ZXL2|C518B_DICDI      Probable cytochrome P450 518B1 OS=
    7.8e-06   23.4   0.1    1.6e-05   22.4   0.1    1.5  1  sp|A9QNE7|ABAH1_SOLLC      Abscisic acid 8'-hydroxylase CYP70
      8e-06   23.4   0.1    1.8e-05   22.3   0.1    1.6  1  sp|Q6QNI4|C71AJ_AMMMJ      Psoralen synthase OS=Ammi majus OX
      8e-06   23.4   0.1    1.9e-05   22.2   0.1    1.6  1  sp|P51542|CP7A1_RABIT      Cytochrome P450 7A1 OS=Oryctolagus
    8.1e-06   23.4   1.4    1.8e-05   22.3   1.4    1.6  1  sp|A0A084API1|SAT11_STACB  Cytochrome P450 monooxygenase SAT1
    8.1e-06   23.4   0.1    1.7e-05   22.4   0.1    1.5  1  sp|C0SJS4|C71AJ_APIGR      Psoralen synthase (Fragment) OS=Ap
    8.2e-06   23.4   0.2    1.6e-05   22.4   0.2    1.5  1  sp|Q27594|CP6A9_DROME      Cytochrome P450 6a9 OS=Drosophila 
    8.2e-06   23.4   0.2    2.1e-05   22.1   0.2    1.8  1  sp|O48928|C77A3_SOYBN      Cytochrome P450 77A3 OS=Glycine ma
    8.2e-06   23.4   0.2    8.2e-06   23.4   0.2    1.9  1  sp|F1B283|C4H2_PETHY       Trans-cinnamate 4-monooxygenase C4
    8.5e-06   23.3   0.2    2.6e-05   21.8   0.1    2.0  1  sp|Q8VQF6|CINA_CITBR       1,8-cineole 2-endo-monooxygenase O
    8.5e-06   23.3   0.3    2.6e-05   21.8   0.3    1.9  1  sp|P58046|C71AF_ARATH      Cytochrome P450 71A15 OS=Arabidops
    8.5e-06   23.3   0.3    2.7e-05   21.7   0.3    1.9  1  sp|Q9V9L1|CP6W1_DROME      Probable cytochrome P450 6w1 OS=Dr
    8.5e-06   23.3   0.9    2.1e-05   22.1   0.9    1.7  1  sp|A7VMU4|AMT3_ALTAL       Cytochrome P450 monooxygenase AMT3
    8.6e-06   23.3   0.1    2.5e-05   21.8   0.1    1.8  1  sp|X2EW55|C71B1_TANPA      3-beta-hydroxylase OS=Tanacetum pa
    8.7e-06   23.3   1.6    1.2e-05   22.8   0.4    1.9  1  sp|Q0S7M1|CP125_RHOJR      Steroid C26-monooxygenase OS=Rhodo
      9e-06   23.2   0.1    2.2e-05   22.0   0.1    1.7  1  sp|Q64406|CP3AF_CAVPO      Cytochrome P450 3A15 OS=Cavia porc
      9e-06   23.2   0.8    1.7e-05   22.3   0.1    1.9  1  sp|P63710|CP125_MYCBO      Steroid C26-monooxygenase OS=Mycob
      9e-06   23.2   0.8    1.7e-05   22.3   0.1    1.9  1  sp|P9WPP0|CP125_MYCTO      Steroid C26-monooxygenase OS=Mycob
      9e-06   23.2   0.8    1.7e-05   22.3   0.1    1.9  1  sp|P9WPP1|CP125_MYCTU      Steroid C26-monooxygenase OS=Mycob
    9.1e-06   23.2   0.2    9.1e-06   23.2   0.2    2.0  1  sp|Q54ZM4|C518A_DICDI      Probable cytochrome P450 518A1 OS=
    9.2e-06   23.2   0.0    2.9e-05   21.6   0.0    1.9  1  sp|Q1ZXG6|C5131_DICDI      Probable cytochrome P450 513A1 OS=
    9.3e-06   23.2   1.5    2.3e-05   22.0   1.5    1.7  1  sp|P24470|CP2CN_RAT        Cytochrome P450 2C23 OS=Rattus nor
    9.4e-06   23.2   0.2    2.2e-05   22.0   0.2    1.6  1  sp|P63708|CP123_MYCBO      Putative cytochrome P450 123 OS=My
    9.4e-06   23.2   0.2    2.2e-05   22.0   0.2    1.6  1  sp|P9WPP4|CP123_MYCTO      Putative cytochrome P450 123 OS=My
    9.4e-06   23.2   0.2    2.2e-05   22.0   0.2    1.6  1  sp|P9WPP5|CP123_MYCTU      Putative cytochrome P450 123 OS=My
    9.4e-06   23.2   0.0    2.8e-05   21.7   0.0    1.9  1  sp|P18125|CP7A1_RAT        Cytochrome P450 7A1 OS=Rattus norv
    9.5e-06   23.2   0.0    2.6e-05   21.8   0.0    1.8  1  sp|Q9VYQ7|CP311_DROME      Probable cytochrome P450 311a1 OS=
    9.7e-06   23.1   0.1    1.8e-05   22.3   0.1    1.5  1  sp|E9RHV4|CYP1_USTMD       Cytochrome P450 monooxygenase cyp1
    9.7e-06   23.1   2.1    2.1e-05   22.1   2.1    1.5  1  sp|A0A517FND1|82J17_TRIFG  Cytochrome P450 CYP82J17 OS=Trigon
    9.7e-06   23.1   0.0    2.2e-05   22.0   0.0    1.6  1  sp|A2Z212|ABAH3_ORYSI      Abscisic acid 8'-hydroxylase 3 OS=
    9.8e-06   23.1   0.0    2.2e-05   22.0   0.0    1.6  1  sp|Q0J185|ABAH3_ORYSJ      Abscisic acid 8'-hydroxylase 3 OS=
      1e-05   23.1   1.4    2.8e-05   21.7   1.1    2.0  1  sp|P11510|CP2CC_RAT        Cytochrome P450 2C12, female-speci
    1.1e-05   23.0   0.1    3.1e-05   21.6   0.1    1.8  1  sp|Q6WKZ1|C71DI_MENGR      Cytochrome P450 71D18 OS=Mentha gr
    1.1e-05   23.0   0.1    3.1e-05   21.6   0.1    1.8  1  sp|Q9XHE8|C71DI_MENSP      Cytochrome P450 71D18 OS=Mentha sp
    1.1e-05   23.0   0.6    2.7e-05   21.8   0.6    1.6  1  sp|Q4WR17|HELB1_ASPFU      Cytochrome P450 monooxygenase helB
    1.1e-05   22.9   0.1    2.5e-05   21.8   0.1    1.7  1  sp|P19100|CP17A_PIG        Steroid 17-alpha-hydroxylase/17,20
    1.1e-05   22.9   0.1    2.3e-05   22.0   0.1    1.5  1  sp|Q9EPT4|CP11A_MESAU      Cholesterol side-chain cleavage en
    1.1e-05   22.9   0.0    9.4e-05   20.0   0.1    2.4  1  sp|B8NUK6|CP51C_ASPFN      Sterol 14-alpha demethylase OS=Asp
    1.2e-05   22.9   1.1    1.2e-05   22.9   1.1    2.2  1  sp|P20853|CP2A7_HUMAN      Cytochrome P450 2A7 OS=Homo sapien
    1.2e-05   22.9   0.0    2.9e-05   21.7   0.0    1.7  1  sp|P46634|CP7A1_CRIGR      Cholesterol 7-alpha-monooxygenase 
    1.2e-05   22.9   0.4      3e-05   21.6   0.4    1.6  1  sp|Q54CS3|C508C_DICDI      Probable cytochrome P450 508C1 OS=
    1.2e-05   22.8   0.6    2.6e-05   21.8   0.6    1.6  1  sp|P63712|CP126_MYCBO      Putative cytochrome P450 126 OS=My
    1.2e-05   22.8   0.6    2.6e-05   21.8   0.6    1.6  1  sp|P9WPN8|CP126_MYCTO      Putative cytochrome P450 126 OS=My
    1.2e-05   22.8   0.6    2.6e-05   21.8   0.6    1.6  1  sp|P9WPN9|CP126_MYCTU      Putative cytochrome P450 126 OS=My
    1.2e-05   22.8   0.0    2.8e-05   21.7   0.0    1.7  1  sp|A0A2Z5TMB8|HIMC_ASPJA   Cytochrome P450 monooxygenase himC
    1.2e-05   22.8   1.2    1.2e-05   22.8   1.2    2.1  1  sp|P11509|CP2A6_HUMAN      Cytochrome P450 2A6 OS=Homo sapien
    1.2e-05   22.8   2.1      3e-05   21.6   2.1    1.7  1  sp|G0KYB2|TRI4_TRIAR       Cytochrome P450 monooxygenase TRI4
    1.2e-05   22.8   0.1    2.4e-05   21.9   0.1    1.5  1  sp|O34926|CYPX_BACSU       Pulcherriminic acid synthase OS=Ba
    1.2e-05   22.8   0.2    2.9e-05   21.6   0.2    1.7  1  sp|Q8K0C4|CP51A_MOUSE      Lanosterol 14-alpha demethylase OS
    1.2e-05   22.8   0.0    3.3e-05   21.4   0.0    1.8  1  sp|O81971|C71D9_SOYBN      Cytochrome P450 71D9 OS=Glycine ma
    1.2e-05   22.8   0.1    2.9e-05   21.7   0.1    1.7  1  sp|A0A0D1DMJ7|CYP1_USTMA   Cytochrome P450 monooxygenase cyp1
    1.3e-05   22.8   0.8    3.1e-05   21.6   0.8    1.7  1  sp|Q6XVG2|CP254_MOUSE      Cytochrome P450 2C54 OS=Mus muscul
    1.3e-05   22.7   0.6    3.6e-05   21.3   0.0    2.1  1  sp|O49340|C71AC_ARATH      Cytochrome P450 71A12 OS=Arabidops
    1.3e-05   22.7   0.3    3.1e-05   21.6   0.3    1.7  1  sp|Q92113|CP17A_SQUAC      Steroid 17-alpha-hydroxylase/17,20
    1.4e-05   22.7   0.0    3.1e-05   21.6   0.0    1.6  1  sp|P33269|CP4D1_DROME      Cytochrome P450 4d1 OS=Drosophila 
    1.4e-05   22.7   0.1    3.1e-05   21.6   0.1    1.6  1  sp|P30607|CP52B_CANTR      Cytochrome P450 52A2 OS=Candida tr
    1.4e-05   22.7   0.4    3.2e-05   21.5   0.4    1.7  1  sp|Q9V773|C6A20_DROME      Probable cytochrome P450 6a20 OS=D
    1.4e-05   22.7   0.8    2.8e-05   21.7   0.8    1.5  1  sp|Q9FF18|C7351_ARATH      Cytokinin hydroxylase OS=Arabidops
    1.4e-05   22.7   0.2    5.4e-05   20.8   0.1    2.2  1  sp|Q947B7|MFS_MENPI        (+)-menthofuran synthase OS=Mentha
    1.4e-05   22.7   0.5    4.3e-05   21.1   0.5    1.9  1  sp|F1SY77|CY081_POSPM      Cytochrome P450 monooxygenase 81 O
    1.4e-05   22.7   0.2      3e-05   21.6   0.2    1.6  1  sp|W8JCE8|CYBT1_CATRO      Cytochrome P450 71BT1 OS=Catharant
    1.4e-05   22.7   0.2    3.2e-05   21.5   0.2    1.7  1  sp|Q9Y758|CP52M_DEBHN      Cytochrome P450 52A13 OS=Debaryomy
    1.4e-05   22.7   0.2    2.8e-05   21.7   0.2    1.6  1  sp|P50859|CP51_CANGA       Lanosterol 14-alpha demethylase OS
    1.4e-05   22.7   0.3    4.5e-05   21.0   0.3    1.9  1  sp|P37123|C77A1_SOLME      Cytochrome P450 77A1 (Fragment) OS
    1.4e-05   22.7   0.0    3.1e-05   21.6   0.0    1.6  1  sp|O16805|CP4D1_DROSI      Cytochrome P450 4d1 OS=Drosophila 
    1.4e-05   22.6   0.5    3.4e-05   21.4   0.5    1.7  1  sp|Q9LTM0|C71BN_ARATH      Cytochrome P450 71B23 OS=Arabidops
    1.5e-05   22.5   1.2    3.4e-05   21.4   1.2    1.6  1  sp|Q9ZW95|C7352_ARATH      Cytokinin hydroxylase OS=Arabidops
    1.5e-05   22.5   0.7    3.9e-05   21.2   0.0    2.2  1  sp|G4XV71|C93C2_GLYUR      2-hydroxyisoflavanone synthase OS=
    1.5e-05   22.5   2.3    3.2e-05   21.5   2.3    1.5  1  sp|Q09736|CP51_SCHPO       Lanosterol 14-alpha demethylase er
    1.5e-05   22.5   1.9    1.9e-05   22.2   0.2    2.2  1  sp|O49342|C71AD_ARATH      Indoleacetaldoxime dehydratase OS=
    1.6e-05   22.4   0.0    1.6e-05   22.4   0.0    2.8  1  sp|Q9SWR5|C93C1_SOYBN      2-hydroxyisoflavanone synthase OS=
    1.7e-05   22.4   1.8    5.4e-05   20.8   1.8    2.0  1  sp|A0A1W5T1Y6|POXM_PENOX   Cytochrome P450 monooxygenase poxM
    1.7e-05   22.4   1.8    5.4e-05   20.8   1.8    2.0  1  sp|S7ZK63|POXM_PENO1       Cytochrome P450 monooxygenase poxM
    1.7e-05   22.4   0.1    1.7e-05   22.4   0.1    2.3  1  sp|I1S163|FSL4_GIBZE       Cytochrome P450 monooxygenase FSL4
    1.7e-05   22.4   0.1    3.3e-05   21.5   0.1    1.5  1  sp|P04800|CP3A1_RAT        Cytochrome P450 3A1 OS=Rattus norv
    1.7e-05   22.4   2.9    3.7e-05   21.3   2.9    1.6  1  sp|F1SY68|CY067_POSPM      Cytochrome P450 monooxygenase 67 O
    1.7e-05   22.3   0.0    3.3e-05   21.4   0.0    1.5  1  sp|Q2MJ19|C7A68_MEDTR      Cytochrome P450 72A68 OS=Medicago 
    1.8e-05   22.3   0.2    1.8e-05   22.3   0.2    2.3  1  sp|Q9V5L3|C49A1_DROME      Probable cytochrome P450 49a1 OS=D
    1.8e-05   22.3   0.0    3.7e-05   21.3   0.0    1.6  1  sp|P0DO36|CP179_THYVU      Cytochrome P450 71D179 OS=Thymus v
    1.9e-05   22.2   1.1    4.2e-05   21.1   1.1    1.6  1  sp|Q078T0|PHACB_EMEND      3-hydroxyphenylacetate 6-hydroxyla
    1.9e-05   22.2   0.0    4.8e-05   20.9   0.0    1.8  1  sp|H2DH20|C7D13_PANGI      Cytochrome P450 CYP71D313 OS=Panax
    1.9e-05   22.2   2.8    4.4e-05   21.1   2.8    1.7  1  sp|O18992|CP2DJ_CALJA      Cytochrome P450 2D19 OS=Callithrix
    1.9e-05   22.2   0.1    4.3e-05   21.1   0.1    1.6  1  sp|Q1T7C2|C7111_SOLLC      Cytochrome P450 710A11 OS=Solanum 
      2e-05   22.2   0.5    4.6e-05   21.0   0.5    1.6  1  sp|Q4WZ68|EASK_ASPFU       Cytochrome P450 monooxygenase easK
    2.1e-05   22.1   1.8    2.1e-05   22.1   0.1    1.9  1  sp|P0DO35|CP178_ORIVU      Cytochrome P450 71D178 OS=Origanum
    2.1e-05   22.1   0.2    7.1e-05   20.4   0.2    2.0  1  sp|Q50EK1|C16B1_PICSI      Cytochrome P450 716B1 OS=Picea sit
    2.1e-05   22.1   0.3    6.5e-05   20.5   0.3    1.9  1  sp|B4FVP3|C71Z8_MAIZE      Zealexin A1 synthase OS=Zea mays O
    2.1e-05   22.1   0.1    4.4e-05   21.1   0.1    1.6  1  sp|P0DO37|CP179_ORIVU      Cytochrome P450 71D179 OS=Origanum
    2.1e-05   22.1   0.5    4.4e-05   21.1   0.5    1.5  1  sp|Q9V8M2|C12B2_DROME      Probable cytochrome P450 12b2, mit
    2.1e-05   22.1   0.9    2.1e-05   22.1   0.9    2.1  1  sp|Q1ZXF5|C5084_DICDI      Probable cytochrome P450 508A4 OS=
    2.1e-05   22.1   0.2    7.1e-05   20.4   0.2    2.0  1  sp|Q50EK0|C16B2_PICSI      Cytochrome P450 716B2 OS=Picea sit
    2.1e-05   22.1   0.1      5e-05   20.9   0.1    1.7  1  sp|F1RE08|PTGIS_DANRE      Prostacyclin synthase OS=Danio rer
    2.2e-05   22.0   0.5      6e-05   20.6   0.5    1.8  1  sp|B0Y566|AFUMB_ASPFC      Cytochrome P450 monooxygenase afum
    2.2e-05   22.0   0.1     0.0001   19.9   0.2    2.0  1  sp|O81117|C94A1_VICSA      Cytochrome P450 94A1 OS=Vicia sati
    2.2e-05   22.0   3.8    5.1e-05   20.9   3.8    1.6  1  sp|F1SYC2|CY136_POSPM      Cytochrome P450 monooxygenase 136 
    2.2e-05   22.0   1.2      6e-05   20.6   1.2    1.7  1  sp|Q00616|NOR1_FUSLI       Cytochrome P450 55A2 OS=Fusarium l
    2.3e-05   22.0   1.1    3.5e-05   21.4   0.1    1.8  1  sp|A0R4Y3|CP125_MYCS2      Steroid C26-monooxygenase OS=Mycol
    2.3e-05   21.9   0.4    5.4e-05   20.8   0.4    1.6  1  sp|Q9VFP1|CP6D5_DROME      Probable cytochrome P450 6d5 OS=Dr
    2.4e-05   21.9   0.2    5.6e-05   20.7   0.2    1.7  1  sp|Q9V4U9|C6A13_DROME      Probable cytochrome P450 6a13 OS=D
    2.4e-05   21.9   1.3    2.4e-05   21.9   1.3    2.1  1  sp|Q05556|CP2AB_RABIT      Cytochrome P450 2A11 OS=Oryctolagu
    2.4e-05   21.9   0.2      9e-05   20.1   0.2    2.0  1  sp|Q9UNU6|CP8B1_HUMAN      7-alpha-hydroxycholest-4-en-3-one 
    2.4e-05   21.9   0.3    2.4e-05   21.9   0.3    1.9  1  sp|O75881|CP7B1_HUMAN      Cytochrome P450 7B1 OS=Homo sapien
    2.4e-05   21.9   0.3    6.1e-05   20.6   0.3    1.8  1  sp|Q9LIP6|C71BV_ARATH      Cytochrome P450 71B34 OS=Arabidops
    2.5e-05   21.9   0.0    5.2e-05   20.8   0.0    1.6  1  sp|P0DO22|V19H_CATRO       (+)-vincadifformine 19-hydroxylase
    2.5e-05   21.9   0.1    5.4e-05   20.8   0.1    1.6  1  sp|Q5AUZ9|ATNE_EMENI       Cytochrome P450 monooxygenase atnE
    2.6e-05   21.8   1.7    3.3e-05   21.5   0.1    2.1  1  sp|B8N2C8|CP51A_ASPFN      Sterol 14-alpha demethylase OS=Asp
    2.7e-05   21.7   1.5    7.8e-05   20.3   1.5    1.8  1  sp|P43492|THCB_RHOER       Cytochrome P450 116 OS=Rhodococcus
    2.7e-05   21.7   0.6    2.7e-05   21.7   0.6    2.2  1  sp|E9Q816|CP2W1_MOUSE      Cytochrome P450 2W1 OS=Mus musculu
    2.8e-05   21.7   0.3    6.1e-05   20.6   0.3    1.6  1  sp|Q9QUJ1|CP2DS_MESAU      Cytochrome P450 2D28 OS=Mesocricet
    3.1e-05   21.6   0.0    6.7e-05   20.5   0.0    1.5  1  sp|P30610|CP52H_CANTR      Cytochrome P450 52A8 OS=Candida tr
    3.1e-05   21.5   0.1      7e-05   20.4   0.1    1.6  1  sp|A0A1L9WQP6|ACRD_ASPA1   Cytochrome P450 monooxygenase acrD
    3.1e-05   21.5   0.2    5.8e-05   20.7   0.2    1.5  1  sp|O09158|CP3AP_MOUSE      Cytochrome P450 3A25 OS=Mus muscul
    3.1e-05   21.5   0.4    6.7e-05   20.5   0.4    1.6  1  sp|Q9SAE3|C71BS_ARATH      Cytochrome P450 71B28 OS=Arabidops
    3.2e-05   21.5   0.1    6.9e-05   20.5   0.1    1.6  1  sp|B8NWW3|LNBC_ASPFN       Cytochrome P450 monooxygenase lnbC
    3.2e-05   21.5   0.1    9.7e-05   20.0   0.1    1.9  1  sp|Q92104|CP11B_AQUCT      Cytochrome P450 11B, mitochondrial
    3.2e-05   21.5   0.0    6.7e-05   20.5   0.0    1.6  1  sp|A0A159AKG3|CP182_THYVU  Cytochrome P450 71D182 OS=Thymus v
    3.3e-05   21.5   0.5    7.1e-05   20.4   0.5    1.6  1  sp|G1XTZ9|AR278_ARTOA      Cytochrome P450 monooxygenase AOL_
    3.3e-05   21.4   0.1    6.2e-05   20.6   0.1    1.5  1  sp|Q9LUC8|C7A13_ARATH      Cytochrome P450 72A13 OS=Arabidops
    3.4e-05   21.4   0.0    8.9e-05   20.1   0.0    1.8  1  sp|Q9W130|CP9C1_DROME      Cytochrome P450 9c1 OS=Drosophila 
    3.4e-05   21.4   0.1    0.00012   19.7   0.1    2.0  1  sp|Q27514|C13A5_CAEEL      Putative cytochrome P450 CYP13A5 O
    3.5e-05   21.4   0.1      8e-05   20.2   0.1    1.6  1  sp|C0SJS3|ANGS_PASSA       Angelicin synthase (Fragment) OS=P
    3.5e-05   21.4   0.0    0.00011   19.8   0.0    1.9  1  sp|Q8RN04|C5B3_AMYOR       Cytochrome P450 165B3 OS=Amycolato
    3.6e-05   21.3   0.7    9.8e-05   20.0   0.7    1.8  1  sp|P04167|CP2B2_RAT        Cytochrome P450 2B2 OS=Rattus norv
    3.6e-05   21.3   0.1    8.2e-05   20.2   0.1    1.6  1  sp|C0SJS2|C71AJ_PASSA      Psoralen synthase (Fragment) OS=Pa
    3.7e-05   21.3   0.2    8.3e-05   20.2   0.2    1.6  1  sp|A0A6S6AA17|G430_FUSSX   Cytochrome P450 monooxygenase g430
    3.7e-05   21.3   0.5    3.7e-05   21.3   0.5    1.7  1  sp|B5BSX1|BAMO_GLYUR       Beta-amyrin 11-oxidase OS=Glycyrrh
    3.7e-05   21.3   0.1    8.3e-05   20.2   0.1    1.6  1  sp|H1A988|C7254_GLYUR      11-oxo-beta-amyrin 30-oxidase OS=G
    3.7e-05   21.3   2.3    7.6e-05   20.3   2.3    1.6  1  sp|P11714|CP2D9_MOUSE      Cytochrome P450 2D9 OS=Mus musculu
    3.7e-05   21.3   0.1      8e-05   20.2   0.1    1.6  1  sp|Q54F47|C513C_DICDI      Probable cytochrome P450 513C1 OS=
    3.7e-05   21.3   0.6     0.0001   19.9   0.6    1.8  1  sp|A0A1L9WVI3|ANEF_ASPA1   Cytochrome P450 monooxygenase aneF
    3.7e-05   21.3   0.7    0.00012   19.7   0.7    1.9  1  sp|P12791|CP2BA_MOUSE      Cytochrome P450 2B10 OS=Mus muscul
    3.8e-05   21.3   0.2    8.4e-05   20.2   0.2    1.6  1  sp|Q59203|CPXP_BRADU       Cytochrome P450 BJ-1 OS=Bradyrhizo
    3.8e-05   21.3   0.1    9.1e-05   20.1   0.1    1.7  1  sp|Q1ZXC4|C5142_DICDI      Probable cytochrome P450 514A2 OS=
      4e-05   21.2   0.5    0.00015   19.4   0.1    2.2  1  sp|O64638|C76C3_ARATH      Cytochrome P450 76C3 OS=Arabidopsi
    4.1e-05   21.2   1.0      8e-05   20.2   1.0    1.5  1  sp|F1SYH4|CY212_POSPM      Cytochrome P450 monooxygenase 212 
    4.2e-05   21.1   0.0    8.9e-05   20.1   0.0    1.5  1  sp|P33270|CP6A2_DROME      Cytochrome P450 6a2 OS=Drosophila 
    4.2e-05   21.1   0.7    0.00011   19.8   0.0    2.1  1  sp|W6Q4S4|ORF11_PENRF      Cytochrome P450 monooxygenase ORF1
    4.2e-05   21.1   0.3    0.00012   19.7   0.0    2.0  1  sp|Q9SAB6|C71AI_ARATH      Cytochrome P450 71A18 OS=Arabidops
    4.2e-05   21.1   0.0    0.00012   19.7   0.0    1.8  1  sp|Q5KQH7|C14D1_ORYSJ      Cytochrome P450 714D1 OS=Oryza sat
    4.2e-05   21.1   0.2    9.4e-05   20.0   0.2    1.6  1  sp|Q9CA61|C98A8_ARATH      Cytochrome P450 98A8 OS=Arabidopsi
    4.4e-05   21.1   0.2    0.00012   19.7   0.2    1.7  1  sp|A0A1D6GQ67|C71Z6_MAIZE  Dolabradiene monooxygenase OS=Zea 
    4.4e-05   21.1   0.2    4.4e-05   21.1   0.2    1.8  1  sp|W8JIS9|CYC13_CATRO      Cytochrome P450 81C13 OS=Catharant
    4.4e-05   21.1   0.4     0.0001   19.9   0.4    1.6  1  sp|Q9UW95|AFLL_ASPPU       Versicolorin B desaturase OS=Asper
    4.5e-05   21.0   0.1    0.00011   19.8   0.1    1.7  1  sp|Q64409|CP3AH_CAVPO      Cytochrome P450 3A17 OS=Cavia porc
    4.5e-05   21.0   0.2    0.00012   19.7   0.2    1.8  1  sp|Q96514|C71B7_ARATH      Cytochrome P450 71B7 OS=Arabidopsi
    4.7e-05   21.0   0.0     0.0001   19.9   0.0    1.6  1  sp|Q9FH76|ABAH3_ARATH      Abscisic acid 8'-hydroxylase 3 OS=
    4.9e-05   20.9   0.5    8.8e-05   20.1   0.5    1.4  1  sp|A0A098CZ12|GRA8_GIBZE   Cytochrome P450 monooxygenase FGSG
    4.9e-05   20.9   0.0    0.00013   19.6   0.0    1.7  1  sp|Q93Z79|C14A1_ARATH      Cytochrome P450 714A1 OS=Arabidops
    4.9e-05   20.9   0.8    0.00073   17.2   0.1    3.1  1  sp|O35074|PTGIS_MOUSE      Prostacyclin synthase OS=Mus muscu
    4.9e-05   20.9   0.7    0.00012   19.7   0.7    1.6  1  sp|Q9SZU1|C81F4_ARATH      Cytochrome P450 81F4 OS=Arabidopsi
    5.1e-05   20.9   0.1    0.00016   19.3   0.1    1.9  1  sp|G3JUI6|MILC_CORMM       Cytochrome P450 monooxygenase milC
    5.2e-05   20.8   0.0    9.9e-05   20.0   0.0    1.5  1  sp|P10612|CP11A_PIG        Cholesterol side-chain cleavage en
    5.3e-05   20.8   0.7    0.00011   19.8   0.7    1.5  1  sp|Q1ZXL7|C5083_DICDI      Probable cytochrome P450 508A3 OS=
    5.3e-05   20.8   3.5    5.3e-05   20.8   3.5    1.9  1  sp|Q12612|TRI4_FUSSP       Cytochrome P450 monooxygenase TRI4
    5.4e-05   20.8   0.1    0.00019   19.0   0.1    2.0  1  sp|B9X287|C7346_ORYSJ      Cytochrome P450 734A6 OS=Oryza sat
    5.4e-05   20.8   0.5    0.00013   19.6   0.5    1.6  1  sp|Q964R0|CP6K1_BLAGE      Cytochrome P450 6k1 OS=Blattella g
    5.4e-05   20.8   0.1    0.00013   19.6   0.1    1.7  1  sp|F4JW83|C84A4_ARATH      Cytochrome P450 84A4 OS=Arabidopsi
    5.5e-05   20.8   0.7    0.00084   17.0   0.1    3.0  1  sp|Q62969|PTGIS_RAT        Prostacyclin synthase OS=Rattus no
    5.6e-05   20.7   0.0    0.00013   19.6   0.0    1.7  1  sp|H1A981|C7263_MEDTR      11-oxo-beta-amyrin 30-oxidase OS=M
    5.6e-05   20.7   1.0    0.00011   19.8   1.0    1.5  1  sp|Q556M5|C5081_DICDI      Probable cytochrome P450 508A1 OS=
    5.6e-05   20.7   0.7    0.00015   19.4   0.7    1.7  1  sp|Q7YRB2|CP8B1_PIG        5-beta-cholestane-3-alpha,7-alpha-
    5.7e-05   20.7   0.2    0.00013   19.6   0.2    1.6  1  sp|Q9HB55|CP343_HUMAN      Cytochrome P450 3A43 OS=Homo sapie
    5.8e-05   20.7   1.0    0.00016   19.3   1.0    1.8  1  sp|F1SYI1|CY219_POSPM      Cytochrome P450 monooxygenase 219 
    5.8e-05   20.7   0.1    0.00012   19.7   0.1    1.6  1  sp|P79153|CP11A_CAPHI      Cholesterol side-chain cleavage en
    5.8e-05   20.7   0.1    0.00012   19.6   0.1    1.6  1  sp|F1SY74|CY075_POSPM      Cytochrome P450 monooxygenase 75 O
    5.8e-05   20.7   0.1    0.00012   19.7   0.1    1.6  1  sp|P79202|CP11A_SHEEP      Cholesterol side-chain cleavage en
    5.9e-05   20.7   0.6    0.00013   19.6   0.6    1.6  1  sp|Q964T2|CP9E2_BLAGE      Cytochrome P450 9e2 OS=Blattella g
    6.3e-05   20.6   1.4    6.3e-05   20.6   1.4    2.6  1  sp|Q9DBX6|CP2S1_MOUSE      Cytochrome P450 2S1 OS=Mus musculu
    6.3e-05   20.6   1.1    6.3e-05   20.6   1.1    2.1  1  sp|Q05555|CP2AA_RABIT      Cytochrome P450 2A10 OS=Oryctolagu
    6.3e-05   20.6   0.0    0.00013   19.6   0.0    1.5  1  sp|Q9V4T3|C4AD1_DROME      Probable cytochrome P450 4ad1 OS=D
    6.4e-05   20.6   0.5    0.00013   19.6   0.5    1.5  1  sp|W7L9E5|FUM2_GIBM7       Cytochrome P450 monooxygenase FUM2
    6.5e-05   20.5   0.0    0.00012   19.6   0.0    1.5  1  sp|B8NJH2|LEPH_ASPFN       Cytochrome P450 monooxygenase lepH
    6.6e-05   20.5   1.2    0.00015   19.4   1.2    1.7  1  sp|Q33DX9|C81Q2_SESRA      (+)-piperitol/(+)-sesamin synthase
    6.9e-05   20.4   1.6    6.9e-05   20.4   1.6    2.1  1  sp|P24454|CP2A8_MESAU      Cytochrome P450 2A8 OS=Mesocricetu
      7e-05   20.4   0.1     0.0002   19.0   0.1    1.8  1  sp|O02766|CP8B1_RABIT      7-alpha-hydroxycholest-4-en-3-one 
      7e-05   20.4   0.0    0.00014   19.5   0.0    1.6  1  sp|O48786|C734A_ARATH      Cytochrome P450 734A1 OS=Arabidops
    7.2e-05   20.4   0.0    0.00014   19.5   0.0    1.5  1  sp|Q9LUC5|C7A15_ARATH      Cytochrome P450 72A15 OS=Arabidops
    7.3e-05   20.4   0.1    0.00019   19.1   0.1    1.7  1  sp|P16141|CP52D_CANMA      Cytochrome P450 52A4 OS=Candida ma
    7.6e-05   20.3   0.0    0.00017   19.2   0.0    1.7  1  sp|Q9FMY1|C86B1_ARATH      Cytochrome P450 86B1 OS=Arabidopsi
    7.7e-05   20.3   0.2    0.00017   19.2   0.2    1.5  1  sp|Q54E98|C520B_DICDI      Putative cytochrome P450 520B1 OS=
    7.8e-05   20.3   0.0    0.00023   18.8   0.0    1.9  1  sp|Q9LJY5|C05AK_ARATH      Cytochrome P450 705A22 OS=Arabidop
    7.9e-05   20.3   1.5    0.00012   19.7   0.1    2.1  1  sp|Q27517|C13A3_CAEEL      Putative cytochrome P450 CYP13A3 O
    7.9e-05   20.3   1.8    0.00016   19.3   1.8    1.6  1  sp|P56657|CP240_MOUSE      Cytochrome P450 2C40 OS=Mus muscul
      8e-05   20.3   0.0    0.00016   19.3   0.0    1.6  1  sp|Q9LJK2|ABAH4_ARATH      Abscisic acid 8'-hydroxylase 4 OS=
    8.1e-05   20.2   0.5    8.1e-05   20.2   0.5    2.1  1  sp|Q98T91|C340_ORYLA       Cytochrome P450 3A40 OS=Oryzias la
    8.2e-05   20.2   0.3    8.2e-05   20.2   0.3    2.0  1  sp|O64697|C7101_ARATH      Cytochrome P450 710A1 OS=Arabidops
    8.3e-05   20.2   0.4    8.3e-05   20.2   0.4    2.2  1  sp|O48922|C98A2_SOYBN      Cytochrome P450 98A2 OS=Glycine ma
    8.5e-05   20.2   0.1    8.5e-05   20.2   0.1    2.0  1  sp|P0DKI2|C76AN_BETVU      Inactive cytochrome P450 76AD1 OS=
    8.6e-05   20.2   0.1    0.00019   19.1   0.1    1.5  1  sp|P10615|CP52A_CANTR      Cytochrome P450 52A1 OS=Candida tr
    8.7e-05   20.1   0.2    0.00023   18.8   0.2    1.7  1  sp|Q55BU9|C5133_DICDI      Probable cytochrome P450 513A3 OS=
    8.9e-05   20.1   0.6    0.00021   18.9   0.6    1.6  1  sp|Q6Z6D6|C7342_ORYSJ      Cytochrome P450 734A2 OS=Oryza sat
      9e-05   20.1   0.6    0.00023   18.8   0.6    1.7  1  sp|Q9LIP5|C71BW_ARATH      Cytochrome P450 71B35 OS=Arabidops
      9e-05   20.1   0.1     0.0002   19.0   0.1    1.6  1  sp|Q9ZUX1|C94C1_ARATH      Cytochrome P450 94C1 OS=Arabidopsi
    9.1e-05   20.1   0.1    0.00018   19.1   0.1    1.5  1  sp|Q86A22|C515A_DICDI      Probable cytochrome P450 515A1 OS=
    9.2e-05   20.1   0.2    9.2e-05   20.1   0.2    2.3  1  sp|O14442|CP51_UNCNE       Eburicol 14-alpha-demethylase OS=U
    9.3e-05   20.0   1.6    0.00025   18.7   1.6    1.7  1  sp|O49858|C82A3_SOYBN      Cytochrome P450 82A3 OS=Glycine ma
    9.6e-05   20.0   0.0    0.00025   18.7   0.0    1.8  1  sp|S0ARX1|FSDH_FUSHE       Cytochrome P450 monooxygenase fsdH
    9.9e-05   20.0   0.0    0.00021   18.9   0.0    1.6  1  sp|Q53215|Y4VG_SINFN       Probable cytochrome P450 127A1 OS=
     0.0001   19.9   0.0    0.00026   18.7   0.0    1.8  1  sp|P29981|CP4C1_BLADI      Cytochrome P450 4C1 OS=Blaberus di
     0.0001   19.9   0.1     0.0002   19.0   0.1    1.6  1  sp|Q64581|CP3AI_RAT        Cytochrome P450 3A18 OS=Rattus nor


Domain annotation for each sequence (and alignments):
>> sp|C4B644|CPVDH_PSEAH  Vitamin D(3) 25-hydroxylase OS=Pseudonocardia autotrophica OX=2074 GN=vdh PE=1 SV=1
   #    score  bias  c-Evalue  i-Evalue hmmfrom  hmm to    alifrom  ali to    envfrom  env to     acc
 ---   ------ ----- --------- --------- ------- -------    ------- -------    ------- -------    ----
   1 !   43.3   2.9   8.7e-13   3.9e-12       2      33 .]     224     255 ..     223     255 .. 0.98

  Alignments for each domain:
  == domain 1  score: 43.3 bits;  conditional E-value: 8.7e-13
        ihelix_seed_hmm   2 eelvalvllLlvAGheTTtnaiswalllLlrh 33 
                            eelva+++lLl+AGheTT+n+i++++l+Ll+h
  sp|C4B644|CPVDH_PSEAH 224 EELVAMAMLLLIAGHETTVNLIGNGVLALLTH 255
                            8******************************9 PP

>> sp|P29980|CPXN_NOSS1  Probable cytochrome P450 110 OS=Nostoc sp. (strain PCC 7120 / SAG 25.82 / UTEX 2576) OX=103690 
   #    score  bias  c-Evalue  i-Evalue hmmfrom  hmm to    alifrom  ali to    envfrom  env to     acc
 ---   ------ ----- --------- --------- ------- -------    ------- -------    ------- -------    ----
   1 !   40.6   0.2   6.1e-12   2.8e-11       1      33 []     248     280 ..     248     280 .. 0.97

  Alignments for each domain:
  == domain 1  score: 40.6 bits;  conditional E-value: 6.1e-12
       ihelix_seed_hmm   1 deelvalvllLlvAGheTTtnaiswalllLlrh 33 
                           deel++  l++l+AGheTT+++i+wa++  l++
  sp|P29980|CPXN_NOSS1 248 DEELKDELLTILFAGHETTATTIAWAFYQILKN 280
                           89***************************9987 PP

>> sp|O08336|CYPB_BACSU  Bifunctional cytochrome P450/NADPH--P450 reductase 2 OS=Bacillus subtilis (strain 168) OX=22430
   #    score  bias  c-Evalue  i-Evalue hmmfrom  hmm to    alifrom  ali to    envfrom  env to     acc
 ---   ------ ----- --------- --------- ------- -------    ------- -------    ------- -------    ----
   1 !   40.8   0.2   5.4e-12   2.4e-11       1      33 []     254     286 ..     254     286 .. 0.98

  Alignments for each domain:
  == domain 1  score: 40.8 bits;  conditional E-value: 5.4e-12
       ihelix_seed_hmm   1 deelvalvllLlvAGheTTtnaiswalllLlrh 33 
                           de+++++++++l+AGheTT+ ++s+a+++Ll+h
  sp|O08336|CYPB_BACSU 254 DENIRYQIITFLIAGHETTSGLLSFAIYCLLTH 286
                           79******************************9 PP

>> sp|P53554|BIOI_BACSU  Biotin biosynthesis cytochrome P450 OS=Bacillus subtilis (strain 168) OX=224308 GN=bioI PE=1 SV
   #    score  bias  c-Evalue  i-Evalue hmmfrom  hmm to    alifrom  ali to    envfrom  env to     acc
 ---   ------ ----- --------- --------- ------- -------    ------- -------    ------- -------    ----
   1 !   40.7   0.3   5.6e-12   2.5e-11       1      33 []     222     254 ..     222     254 .. 0.97

  Alignments for each domain:
  == domain 1  score: 40.7 bits;  conditional E-value: 5.6e-12
       ihelix_seed_hmm   1 deelvalvllLlvAGheTTtnaiswalllLlrh 33 
                           +ee++++++lL +AGheTT+n+is+++l+Ll h
  sp|P53554|BIOI_BACSU 222 EEEAASTCILLAIAGHETTVNLISNSVLCLLQH 254
                           69*****************************98 PP

>> sp|P51870|CP4F5_RAT  Cytochrome P450 4F5 OS=Rattus norvegicus OX=10116 GN=Cyp4f5 PE=2 SV=1
   #    score  bias  c-Evalue  i-Evalue hmmfrom  hmm to    alifrom  ali to    envfrom  env to     acc
 ---   ------ ----- --------- --------- ------- -------    ------- -------    ------- -------    ----
   1 !   40.2   0.1   8.1e-12   3.7e-11       1      33 []     317     349 ..     317     349 .. 0.98

  Alignments for each domain:
  == domain 1  score: 40.2 bits;  conditional E-value: 8.1e-12
      ihelix_seed_hmm   1 deelvalvllLlvAGheTTtnaiswalllLlrh 33 
                          de+++a + +++++Gh+TT++a+sw+l+ L+rh
  sp|P51870|CP4F5_RAT 317 DEDIRAEADTFMFGGHDTTASALSWILYNLARH 349
                          79******************************9 PP

>> sp|P27632|CPXM_BACSH  Cytochrome P450 109 OS=Bacillus spizizenii (strain ATCC 23059 / NRRL B-14472 / W23) OX=655816 G
   #    score  bias  c-Evalue  i-Evalue hmmfrom  hmm to    alifrom  ali to    envfrom  env to     acc
 ---   ------ ----- --------- --------- ------- -------    ------- -------    ------- -------    ----
   1 !   38.3   0.1   3.4e-11   1.5e-10       1      31 [.     228     258 ..     228     260 .. 0.94

  Alignments for each domain:
  == domain 1  score: 38.3 bits;  conditional E-value: 3.4e-11
       ihelix_seed_hmm   1 deelvalvllLlvAGheTTtnaiswalllLl 31 
                           +e+l+++++lLlvAG+eTTtn+i++a+ +L 
  sp|P27632|CPXM_BACSH 228 EEQLIGFCILLLVAGNETTTNLIANAVRYLT 258
                           589**************************96 PP

>> sp|Q9HCS2|CP4FC_HUMAN  Cytochrome P450 4F12 OS=Homo sapiens OX=9606 GN=CYP4F12 PE=1 SV=3
   #    score  bias  c-Evalue  i-Evalue hmmfrom  hmm to    alifrom  ali to    envfrom  env to     acc
 ---   ------ ----- --------- --------- ------- -------    ------- -------    ------- -------    ----
   1 !   38.4   0.0     3e-11   1.4e-10       1      33 []     315     347 ..     315     347 .. 0.98

  Alignments for each domain:
  == domain 1  score: 38.4 bits;  conditional E-value: 3e-11
        ihelix_seed_hmm   1 deelvalvllLlvAGheTTtnaiswalllLlrh 33 
                            de+++a + +++++Gh+TT++ +sw+l+ L+rh
  sp|Q9HCS2|CP4FC_HUMAN 315 DEDIRAEADTFMFGGHDTTASGLSWVLYNLARH 347
                            79******************************9 PP

>> sp|P98187|CP4F8_HUMAN  Cytochrome P450 4F8 OS=Homo sapiens OX=9606 GN=CYP4F8 PE=1 SV=1
   #    score  bias  c-Evalue  i-Evalue hmmfrom  hmm to    alifrom  ali to    envfrom  env to     acc
 ---   ------ ----- --------- --------- ------- -------    ------- -------    ------- -------    ----
   1 !   38.5   0.0     3e-11   1.3e-10       1      33 []     315     347 ..     315     347 .. 0.98

  Alignments for each domain:
  == domain 1  score: 38.5 bits;  conditional E-value: 3e-11
        ihelix_seed_hmm   1 deelvalvllLlvAGheTTtnaiswalllLlrh 33 
                            de+++a + +++++Gh+TT++ +sw+l+ L+rh
  sp|P98187|CP4F8_HUMAN 315 DEDIRAEADTFMFGGHDTTASGLSWVLYNLARH 347
                            79******************************9 PP

>> sp|P14779|CPXB_PRIM2  Bifunctional cytochrome P450/NADPH--P450 reductase OS=Priestia megaterium (strain ATCC 14581 / 
   #    score  bias  c-Evalue  i-Evalue hmmfrom  hmm to    alifrom  ali to    envfrom  env to     acc
 ---   ------ ----- --------- --------- ------- -------    ------- -------    ------- -------    ----
   1 !   38.6   0.1   2.6e-11   1.2e-10       1      33 []     252     284 ..     252     284 .. 0.97

  Alignments for each domain:
  == domain 1  score: 38.6 bits;  conditional E-value: 2.6e-11
       ihelix_seed_hmm   1 deelvalvllLlvAGheTTtnaiswalllLlrh 33 
                           de+++++++++l+AGheTT+ ++s+al++L+++
  sp|P14779|CPXB_PRIM2 252 DENIRYQIITFLIAGHETTSGLLSFALYFLVKN 284
                           79****************************997 PP

>> sp|P51871|CP4F6_RAT  Cytochrome P450 4F6 OS=Rattus norvegicus OX=10116 GN=Cyp4f6 PE=2 SV=1
   #    score  bias  c-Evalue  i-Evalue hmmfrom  hmm to    alifrom  ali to    envfrom  env to     acc
 ---   ------ ----- --------- --------- ------- -------    ------- -------    ------- -------    ----
   1 !   37.5   0.1   6.1e-11   2.8e-10       3      33 .]     317     347 ..     315     347 .. 0.96

  Alignments for each domain:
  == domain 1  score: 37.5 bits;  conditional E-value: 6.1e-11
      ihelix_seed_hmm   3 elvalvllLlvAGheTTtnaiswalllLlrh 33 
                          +++a + +++++Gh+TT++a+sw+l+ L+rh
  sp|P51871|CP4F6_RAT 317 DIRAEADTFMFGGHDTTASALSWILYNLARH 347
                          799***************************9 PP

>> sp|O34374|YJIB_BACSU  Putative cytochrome P450 YjiB OS=Bacillus subtilis (strain 168) OX=224308 GN=yjiB PE=1 SV=1
   #    score  bias  c-Evalue  i-Evalue hmmfrom  hmm to    alifrom  ali to    envfrom  env to     acc
 ---   ------ ----- --------- --------- ------- -------    ------- -------    ------- -------    ----
   1 !   37.5   0.3   5.9e-11   2.7e-10       2      31 ..     227     256 ..     226     258 .. 0.94

  Alignments for each domain:
  == domain 1  score: 37.5 bits;  conditional E-value: 5.9e-11
       ihelix_seed_hmm   2 eelvalvllLlvAGheTTtnaiswalllLl 31 
                           eel+ +++lLlvAG+eTTtn+is+a++  l
  sp|O34374|YJIB_BACSU 227 EELIPFCTLLLVAGNETTTNLISNAMYSIL 256
                           89*************************887 PP

>> sp|G9MLG2|CYPP1_HYPVG  Self-sufficient cytochrome P450 monooxygenase CYP505P1 OS=Hypocrea virens (strain Gv29-8 / FGS
   #    score  bias  c-Evalue  i-Evalue hmmfrom  hmm to    alifrom  ali to    envfrom  env to     acc
 ---   ------ ----- --------- --------- ------- -------    ------- -------    ------- -------    ----
   1 !   37.6   0.5   5.4e-11   2.5e-10       1      33 []     260     292 ..     260     292 .. 0.96

  Alignments for each domain:
  == domain 1  score: 37.6 bits;  conditional E-value: 5.4e-11
        ihelix_seed_hmm   1 deelvalvllLlvAGheTTtnaiswalllLlrh 33 
                            d+ +++++l++l+AGheTT+ ++s+a+++Ll +
  sp|G9MLG2|CYPP1_HYPVG 260 DDSIIDNMLTFLIAGHETTSGLLSFAMYYLLAN 292
                            789***************************987 PP

>> sp|Q81BF4|C102_BACCR  Bifunctional cytochrome P450/NADPH--P450 reductase OS=Bacillus cereus (strain ATCC 14579 / DSM 
   #    score  bias  c-Evalue  i-Evalue hmmfrom  hmm to    alifrom  ali to    envfrom  env to     acc
 ---   ------ ----- --------- --------- ------- -------    ------- -------    ------- -------    ----
   1 !   37.8   0.1   4.7e-11   2.1e-10       1      33 []     255     287 ..     255     287 .. 0.98

  Alignments for each domain:
  == domain 1  score: 37.8 bits;  conditional E-value: 4.7e-11
       ihelix_seed_hmm   1 deelvalvllLlvAGheTTtnaiswalllLlrh 33 
                           de+++ +++++l+AGheTT+ ++s+a+++Ll++
  sp|Q81BF4|C102_BACCR 255 DENIRFQIITFLIAGHETTSGLLSFAIYFLLKN 287
                           79*****************************98 PP

>> sp|O87605|PIKC_STRVZ  Cytochrome P450 monooxygenase PikC OS=Streptomyces venezuelae OX=54571 GN=pikC PE=1 SV=1
   #    score  bias  c-Evalue  i-Evalue hmmfrom  hmm to    alifrom  ali to    envfrom  env to     acc
 ---   ------ ----- --------- --------- ------- -------    ------- -------    ------- -------    ----
   1 !   37.4   1.8   6.5e-11     3e-10       2      33 .]     231     262 ..     230     262 .. 0.97

  Alignments for each domain:
  == domain 1  score: 37.4 bits;  conditional E-value: 6.5e-11
       ihelix_seed_hmm   2 eelvalvllLlvAGheTTtnaiswalllLlrh 33 
                           eel++++  LlvAGheTT+n+i++++++Ll+h
  sp|O87605|PIKC_STRVZ 231 EELLGMAHILLVAGHETTVNLIANGMYALLSH 262
                           89****************************98 PP

>> sp|Q3MID2|CP4F3_RAT  Cytochrome P450 4F3 OS=Rattus norvegicus OX=10116 GN=Cyp4f3 PE=2 SV=1
   #    score  bias  c-Evalue  i-Evalue hmmfrom  hmm to    alifrom  ali to    envfrom  env to     acc
 ---   ------ ----- --------- --------- ------- -------    ------- -------    ------- -------    ----
   1 !   36.9   0.0     9e-11   4.1e-10       1      33 []     315     347 ..     315     347 .. 0.98

  Alignments for each domain:
  == domain 1  score: 36.9 bits;  conditional E-value: 9e-11
      ihelix_seed_hmm   1 deelvalvllLlvAGheTTtnaiswalllLlrh 33 
                          de+++a + +++++Gh+TT++ +sw+l+ L++h
  sp|Q3MID2|CP4F3_RAT 315 DEDIRAEADTFMFGGHDTTASGLSWILYNLAKH 347
                          79*****************************99 PP

>> sp|O08469|CPXY_BACSU  Cytochrome P450 OS=Bacillus subtilis (strain 168) OX=224308 GN=cypA PE=3 SV=1
   #    score  bias  c-Evalue  i-Evalue hmmfrom  hmm to    alifrom  ali to    envfrom  env to     acc
 ---   ------ ----- --------- --------- ------- -------    ------- -------    ------- -------    ----
   1 !   37.4   1.2   6.5e-11   2.9e-10       2      31 ..     236     265 ..     235     267 .. 0.95

  Alignments for each domain:
  == domain 1  score: 37.4 bits;  conditional E-value: 6.5e-11
       ihelix_seed_hmm   2 eelvalvllLlvAGheTTtnaiswalllLl 31 
                           eel ++++lL+vAGheTT+n+i++++++L 
  sp|O08469|CPXY_BACSU 236 EELYSMIMLLIVAGHETTVNLITNMTYALM 265
                           9**************************995 PP

>> sp|P10632|CP2C8_HUMAN  Cytochrome P450 2C8 OS=Homo sapiens OX=9606 GN=CYP2C8 PE=1 SV=2
   #    score  bias  c-Evalue  i-Evalue hmmfrom  hmm to    alifrom  ali to    envfrom  env to     acc
 ---   ------ ----- --------- --------- ------- -------    ------- -------    ------- -------    ----
   1 !   37.2   1.3   7.2e-11   3.3e-10       2      33 .]     285     316 ..     284     316 .. 0.98

  Alignments for each domain:
  == domain 1  score: 37.2 bits;  conditional E-value: 7.2e-11
        ihelix_seed_hmm   2 eelvalvllLlvAGheTTtnaiswalllLlrh 33 
                            e+lv++v +L+vAG+eTT+++++++lllLl+h
  sp|P10632|CP2C8_HUMAN 285 ENLVGTVADLFVAGTETTSTTLRYGLLLLLKH 316
                            79****************************99 PP

>> sp|Q99N16|CP4F3_MOUSE  Cytochrome P450 4F3 OS=Mus musculus OX=10090 GN=Cyp4f3 PE=1 SV=2
   #    score  bias  c-Evalue  i-Evalue hmmfrom  hmm to    alifrom  ali to    envfrom  env to     acc
 ---   ------ ----- --------- --------- ------- -------    ------- -------    ------- -------    ----
   1 !   38.2   0.0   3.4e-11   1.6e-10       1      33 []     315     347 ..     315     347 .. 0.98

  Alignments for each domain:
  == domain 1  score: 38.2 bits;  conditional E-value: 3.4e-11
        ihelix_seed_hmm   1 deelvalvllLlvAGheTTtnaiswalllLlrh 33 
                            de+++a + +++++Gh+TT++ +sw+l+ L+rh
  sp|Q99N16|CP4F3_MOUSE 315 DEDIRAEADTFMFGGHDTTASGLSWILYNLARH 347
                            79******************************9 PP

>> sp|P33262|CP2CK_MACFA  Cytochrome P450 2C20 OS=Macaca fascicularis OX=9541 GN=CYP2C20 PE=2 SV=1
   #    score  bias  c-Evalue  i-Evalue hmmfrom  hmm to    alifrom  ali to    envfrom  env to     acc
 ---   ------ ----- --------- --------- ------- -------    ------- -------    ------- -------    ----
   1 !   37.2   1.3   7.2e-11   3.3e-10       2      33 .]     285     316 ..     284     316 .. 0.98

  Alignments for each domain:
  == domain 1  score: 37.2 bits;  conditional E-value: 7.2e-11
        ihelix_seed_hmm   2 eelvalvllLlvAGheTTtnaiswalllLlrh 33 
                            e+lv++v +L+vAG+eTT+++++++lllLl+h
  sp|P33262|CP2CK_MACFA 285 ENLVGTVADLFVAGTETTSTTLRYGLLLLLKH 316
                            79****************************99 PP

>> sp|I7ZK32|CYPC3_ASPO3  Self-sufficient cytochrome P450 monooxygenase CYP505C3 OS=Aspergillus oryzae (strain 3.042) OX
   #    score  bias  c-Evalue  i-Evalue hmmfrom  hmm to    alifrom  ali to    envfrom  env to     acc
 ---   ------ ----- --------- --------- ------- -------    ------- -------    ------- -------    ----
   1 !   36.6   0.9   1.2e-10   5.2e-10       1      32 [.     261     292 ..     261     293 .. 0.96

  Alignments for each domain:
  == domain 1  score: 36.6 bits;  conditional E-value: 1.2e-10
        ihelix_seed_hmm   1 deelvalvllLlvAGheTTtnaiswalllLlr 32 
                            de +++++l++lvAGheTT+ ++s+a+++Ll+
  sp|I7ZK32|CYPC3_ASPO3 261 DESIIDNILTFLVAGHETTSGLLSFAVYYLLT 292
                            789***************************97 PP

>> sp|O08394|CYPD_BACSU  Bifunctional cytochrome P450/NADPH--P450 reductase 1 OS=Bacillus subtilis (strain 168) OX=22430
   #    score  bias  c-Evalue  i-Evalue hmmfrom  hmm to    alifrom  ali to    envfrom  env to     acc
 ---   ------ ----- --------- --------- ------- -------    ------- -------    ------- -------    ----
   1 !   37.1   0.2   8.3e-11   3.8e-10       1      33 []     254     286 ..     254     286 .. 0.98

  Alignments for each domain:
  == domain 1  score: 37.1 bits;  conditional E-value: 8.3e-11
       ihelix_seed_hmm   1 deelvalvllLlvAGheTTtnaiswalllLlrh 33 
                           de+++ +++++l+AGheTT+ ++s+a+++Ll+h
  sp|O08394|CYPD_BACSU 254 DENIRFQIITFLIAGHETTSGLLSFATYFLLKH 286
                           79*****************************99 PP

>> sp|Q4G0S4|C27C1_HUMAN  Cytochrome P450 27C1 OS=Homo sapiens OX=9606 GN=CYP27C1 PE=1 SV=3
   #    score  bias  c-Evalue  i-Evalue hmmfrom  hmm to    alifrom  ali to    envfrom  env to     acc
 ---   ------ ----- --------- --------- ------- -------    ------- -------    ------- -------    ----
   1 !   36.8   0.9     1e-10   4.6e-10       2      33 .]     338     369 ..     337     369 .. 0.97

  Alignments for each domain:
  == domain 1  score: 36.8 bits;  conditional E-value: 1e-10
        ihelix_seed_hmm   2 eelvalvllLlvAGheTTtnaiswalllLlrh 33 
                            +e+ a+v+++l+AG++TT++++sw+++lL+rh
  sp|Q4G0S4|C27C1_HUMAN 338 QEIYANVTEMLLAGVDTTSFTLSWTVYLLARH 369
                            79*****************************9 PP

>> sp|P63716|C135B_MYCBO  Putative cytochrome P450 135B1 OS=Mycobacterium bovis (strain ATCC BAA-935 / AF2122/97) OX=233
   #    score  bias  c-Evalue  i-Evalue hmmfrom  hmm to    alifrom  ali to    envfrom  env to     acc
 ---   ------ ----- --------- --------- ------- -------    ------- -------    ------- -------    ----
   1 !   36.4   0.2   1.3e-10   5.8e-10       3      33 .]     250     280 ..     248     280 .. 0.96

  Alignments for each domain:
  == domain 1  score: 36.4 bits;  conditional E-value: 1.3e-10
        ihelix_seed_hmm   3 elvalvllLlvAGheTTtnaiswalllLlrh 33 
                            el+++ ++LlvAGh+TT++ +swal  L rh
  sp|P63716|C135B_MYCBO 250 ELRDQLITLLVAGHDTTATGLSWALERLTRH 280
                            99***************************99 PP

>> sp|P9WPM8|C135B_MYCTO  Putative cytochrome P450 135B1 OS=Mycobacterium tuberculosis (strain CDC 1551 / Oshkosh) OX=83
   #    score  bias  c-Evalue  i-Evalue hmmfrom  hmm to    alifrom  ali to    envfrom  env to     acc
 ---   ------ ----- --------- --------- ------- -------    ------- -------    ------- -------    ----
   1 !   36.4   0.2   1.3e-10   5.8e-10       3      33 .]     250     280 ..     248     280 .. 0.96

  Alignments for each domain:
  == domain 1  score: 36.4 bits;  conditional E-value: 1.3e-10
        ihelix_seed_hmm   3 elvalvllLlvAGheTTtnaiswalllLlrh 33 
                            el+++ ++LlvAGh+TT++ +swal  L rh
  sp|P9WPM8|C135B_MYCTO 250 ELRDQLITLLVAGHDTTATGLSWALERLTRH 280
                            99***************************99 PP

>> sp|P9WPM9|C135B_MYCTU  Putative cytochrome P450 135B1 OS=Mycobacterium tuberculosis (strain ATCC 25618 / H37Rv) OX=83
   #    score  bias  c-Evalue  i-Evalue hmmfrom  hmm to    alifrom  ali to    envfrom  env to     acc
 ---   ------ ----- --------- --------- ------- -------    ------- -------    ------- -------    ----
   1 !   36.4   0.2   1.3e-10   5.8e-10       3      33 .]     250     280 ..     248     280 .. 0.96

  Alignments for each domain:
  == domain 1  score: 36.4 bits;  conditional E-value: 1.3e-10
        ihelix_seed_hmm   3 elvalvllLlvAGheTTtnaiswalllLlrh 33 
                            el+++ ++LlvAGh+TT++ +swal  L rh
  sp|P9WPM9|C135B_MYCTU 250 ELRDQLITLLVAGHDTTATGLSWALERLTRH 280
                            99***************************99 PP

>> sp|Q9Y8G7|C505_FUSOX  Bifunctional cytochrome P450/NADPH--P450 reductase OS=Fusarium oxysporum OX=5507 GN=CYP505 PE=1
   #    score  bias  c-Evalue  i-Evalue hmmfrom  hmm to    alifrom  ali to    envfrom  env to     acc
 ---   ------ ----- --------- --------- ------- -------    ------- -------    ------- -------    ----
   1 !   37.6   0.3   5.4e-11   2.5e-10       1      33 []     253     285 ..     253     285 .. 0.98

  Alignments for each domain:
  == domain 1  score: 37.6 bits;  conditional E-value: 5.4e-11
       ihelix_seed_hmm   1 deelvalvllLlvAGheTTtnaiswalllLlrh 33 
                           de+++++ +++l+AGheTT+ ++s+a++ Ll++
  sp|Q9Y8G7|C505_FUSOX 253 DENITNQLITFLIAGHETTSGTLSFAMYQLLKN 285
                           79*****************************98 PP

>> sp|O35132|CP27B_RAT  25-hydroxyvitamin D-1 alpha hydroxylase, mitochondrial OS=Rattus norvegicus OX=10116 GN=Cyp27b1 
   #    score  bias  c-Evalue  i-Evalue hmmfrom  hmm to    alifrom  ali to    envfrom  env to     acc
 ---   ------ ----- --------- --------- ------- -------    ------- -------    ------- -------    ----
   1 !   36.6   0.2   1.2e-10   5.3e-10       3      33 .]     299     329 ..     297     329 .. 0.96

  Alignments for each domain:
  == domain 1  score: 36.6 bits;  conditional E-value: 1.2e-10
      ihelix_seed_hmm   3 elvalvllLlvAGheTTtnaiswalllLlrh 33 
                           +v++v++Ll+AG++T++n++swal++L+rh
  sp|O35132|CP27B_RAT 299 SIVGNVTELLLAGVDTVSNTLSWALYELSRH 329
                          699***************************9 PP

>> sp|R0IGL9|CYPU2_EXST2  Self-sufficient cytochrome P450 monooxygenase CYP505U2 OS=Exserohilum turcicum (strain 28A) OX
   #    score  bias  c-Evalue  i-Evalue hmmfrom  hmm to    alifrom  ali to    envfrom  env to     acc
 ---   ------ ----- --------- --------- ------- -------    ------- -------    ------- -------    ----
   1 !   36.1   0.1   1.7e-10   7.6e-10       1      33 []     257     289 ..     257     289 .. 0.95

  Alignments for each domain:
  == domain 1  score: 36.1 bits;  conditional E-value: 1.7e-10
        ihelix_seed_hmm   1 deelvalvllLlvAGheTTtnaiswalllLlrh 33 
                            d+ ++++++++lvAGheTT+ ++s+a++++l++
  sp|R0IGL9|CYPU2_EXST2 257 DSSIIDNMITFLVAGHETTSGLLSFAFYYMLKN 289
                            5779***************************98 PP

>> sp|P56590|CP1A1_CANLF  Cytochrome P450 1A1 OS=Canis lupus familiaris OX=9615 GN=CYP1A1 PE=2 SV=1
   #    score  bias  c-Evalue  i-Evalue hmmfrom  hmm to    alifrom  ali to    envfrom  env to     acc
 ---   ------ ----- --------- --------- ------- -------    ------- -------    ------- -------    ----
   1 !   36.0   0.2   1.8e-10   8.1e-10       1      33 []     308     340 ..     308     340 .. 0.97

  Alignments for each domain:
  == domain 1  score: 36.0 bits;  conditional E-value: 1.8e-10
        ihelix_seed_hmm   1 deelvalvllLlvAGheTTtnaiswalllLlrh 33 
                            de +v+ vl+L+ AG +T+t+aisw+ll+L+++
  sp|P56590|CP1A1_CANLF 308 DEKIVNVVLDLFGAGFDTVTTAISWSLLYLVTN 340
                            789****************************98 PP

>> sp|A8WGA0|C27C1_DANRE  Cytochrome P450 27C1 OS=Danio rerio OX=7955 GN=cyp27c1 PE=1 SV=2
   #    score  bias  c-Evalue  i-Evalue hmmfrom  hmm to    alifrom  ali to    envfrom  env to     acc
 ---   ------ ----- --------- --------- ------- -------    ------- -------    ------- -------    ----
   1 !   35.9   1.2     2e-10   8.9e-10       2      33 .]     337     368 ..     336     368 .. 0.98

  Alignments for each domain:
  == domain 1  score: 35.9 bits;  conditional E-value: 2e-10
        ihelix_seed_hmm   2 eelvalvllLlvAGheTTtnaiswalllLlrh 33 
                            ee+ a+++++l+AG++TT++++sw+++lL+rh
  sp|A8WGA0|C27C1_DANRE 337 EEIYANMTEMLLAGVDTTSFTLSWSTYLLARH 368
                            8******************************9 PP

>> sp|Q825I8|CYP28_STRAW  Pentalenic acid synthase OS=Streptomyces avermitilis (strain ATCC 31267 / DSM 46492 / JCM 5070
   #    score  bias  c-Evalue  i-Evalue hmmfrom  hmm to    alifrom  ali to    envfrom  env to     acc
 ---   ------ ----- --------- --------- ------- -------    ------- -------    ------- -------    ----
   1 !   36.1   4.7   1.6e-10   7.3e-10       3      33 .]     230     260 ..     229     260 .. 0.98

  Alignments for each domain:
  == domain 1  score: 36.1 bits;  conditional E-value: 1.6e-10
        ihelix_seed_hmm   3 elvalvllLlvAGheTTtnaiswalllLlrh 33 
                            elv+l++lLl+AGheTT+n+is ++++Llrh
  sp|Q825I8|CYP28_STRAW 230 ELVSLATLLLIAGHETTANMISLGTFTLLRH 260
                            89****************************9 PP

>> sp|P78329|CP4F2_HUMAN  Cytochrome P450 4F2 OS=Homo sapiens OX=9606 GN=CYP4F2 PE=1 SV=1
   #    score  bias  c-Evalue  i-Evalue hmmfrom  hmm to    alifrom  ali to    envfrom  env to     acc
 ---   ------ ----- --------- --------- ------- -------    ------- -------    ------- -------    ----
   1 !   35.6   0.0   2.3e-10     1e-09       1      33 []     315     347 ..     315     347 .. 0.98

  Alignments for each domain:
  == domain 1  score: 35.6 bits;  conditional E-value: 2.3e-10
        ihelix_seed_hmm   1 deelvalvllLlvAGheTTtnaiswalllLlrh 33 
                            de+++a + ++++ Gh+TT++ +sw+l++L++h
  sp|P78329|CP4F2_HUMAN 315 DEDIRAEADTFMFEGHDTTASGLSWVLYHLAKH 347
                            79*****************************99 PP

>> sp|A0A0C3HJL3|CYAG1_OIDMZ  Self-sufficient cytochrome P450 monooxygenase CYP505AG1 OS=Oidiodendron maius (strain Zn) 
   #    score  bias  c-Evalue  i-Evalue hmmfrom  hmm to    alifrom  ali to    envfrom  env to     acc
 ---   ------ ----- --------- --------- ------- -------    ------- -------    ------- -------    ----
   1 !   35.3   0.6   2.9e-10   1.3e-09       1      33 []     258     290 ..     258     290 .. 0.97

  Alignments for each domain:
  == domain 1  score: 35.3 bits;  conditional E-value: 2.9e-10
            ihelix_seed_hmm   1 deelvalvllLlvAGheTTtnaiswalllLlrh 33 
                                de ++++ +++lvAGheTT+ a+s+++++Ll++
  sp|A0A0C3HJL3|CYAG1_OIDMZ 258 DESIINNLITFLVAGHETTSGALSFVFYYLLTN 290
                                789****************************98 PP

>> sp|Q9EP75|CP4FE_MOUSE  Leukotriene-B4 omega-hydroxylase 3 OS=Mus musculus OX=10090 GN=Cyp4f14 PE=1 SV=1
   #    score  bias  c-Evalue  i-Evalue hmmfrom  hmm to    alifrom  ali to    envfrom  env to     acc
 ---   ------ ----- --------- --------- ------- -------    ------- -------    ------- -------    ----
   1 !   35.5   0.0   2.5e-10   1.1e-09       1      33 []     315     347 ..     315     347 .. 0.98

  Alignments for each domain:
  == domain 1  score: 35.5 bits;  conditional E-value: 2.5e-10
        ihelix_seed_hmm   1 deelvalvllLlvAGheTTtnaiswalllLlrh 33 
                            de+++a + ++++ Gh+TT++ +sw+l+ L+rh
  sp|Q9EP75|CP4FE_MOUSE 315 DEDIRAEADTFMFEGHDTTASGLSWILYNLARH 347
                            79******************************9 PP

>> sp|W7LC91|FUM15_GIBM7  Cytochrome P450 monooxygenase FUM15 OS=Gibberella moniliformis (strain M3125 / FGSC 7600) OX=3
   #    score  bias  c-Evalue  i-Evalue hmmfrom  hmm to    alifrom  ali to    envfrom  env to     acc
 ---   ------ ----- --------- --------- ------- -------    ------- -------    ------- -------    ----
   1 !   35.7   0.3   2.2e-10     1e-09       1      30 [.     339     368 ..     339     370 .. 0.96

  Alignments for each domain:
  == domain 1  score: 35.7 bits;  conditional E-value: 2.2e-10
        ihelix_seed_hmm   1 deelvalvllLlvAGheTTtnaiswalllL 30 
                            de+l+++ +++l+AGheTT++a++wa++ L
  sp|W7LC91|FUM15_GIBM7 339 DEQLIDQLMTFLAAGHETTATALTWAIYIL 368
                            799************************987 PP

>> sp|P20817|CP4AE_RAT  Cytochrome P450 4A14 OS=Rattus norvegicus OX=10116 GN=Cyp4a14 PE=1 SV=2
   #    score  bias  c-Evalue  i-Evalue hmmfrom  hmm to    alifrom  ali to    envfrom  env to     acc
 ---   ------ ----- --------- --------- ------- -------    ------- -------    ------- -------    ----
   1 !   35.6   0.1   2.4e-10   1.1e-09       1      33 []     305     337 ..     305     337 .. 0.98

  Alignments for each domain:
  == domain 1  score: 35.6 bits;  conditional E-value: 2.4e-10
      ihelix_seed_hmm   1 deelvalvllLlvAGheTTtnaiswalllLlrh 33 
                          de+l+a v ++++ Gh+TT++ isw++++L++h
  sp|P20817|CP4AE_RAT 305 DEDLRAEVDTFMFEGHDTTASGISWVFYALATH 337
                          79******************************9 PP

>> sp|Q08477|CP4F3_HUMAN  Cytochrome P450 4F3 OS=Homo sapiens OX=9606 GN=CYP4F3 PE=1 SV=2
   #    score  bias  c-Evalue  i-Evalue hmmfrom  hmm to    alifrom  ali to    envfrom  env to     acc
 ---   ------ ----- --------- --------- ------- -------    ------- -------    ------- -------    ----
   1 !   35.6   0.0   2.3e-10     1e-09       1      33 []     315     347 ..     315     347 .. 0.98

  Alignments for each domain:
  == domain 1  score: 35.6 bits;  conditional E-value: 2.3e-10
        ihelix_seed_hmm   1 deelvalvllLlvAGheTTtnaiswalllLlrh 33 
                            de+++a + ++++ Gh+TT++ +sw+l++L++h
  sp|Q08477|CP4F3_HUMAN 315 DEDIRAEADTFMFEGHDTTASGLSWVLYHLAKH 347
                            79*****************************99 PP

>> sp|O15528|CP27B_HUMAN  25-hydroxyvitamin D-1 alpha hydroxylase, mitochondrial OS=Homo sapiens OX=9606 GN=CYP27B1 PE=1
   #    score  bias  c-Evalue  i-Evalue hmmfrom  hmm to    alifrom  ali to    envfrom  env to     acc
 ---   ------ ----- --------- --------- ------- -------    ------- -------    ------- -------    ----
   1 !   35.8   0.4   2.1e-10   9.5e-10       3      33 .]     306     336 ..     304     336 .. 0.95

  Alignments for each domain:
  == domain 1  score: 35.8 bits;  conditional E-value: 2.1e-10
        ihelix_seed_hmm   3 elvalvllLlvAGheTTtnaiswalllLlrh 33 
                             ++++v++Ll+AG++T++n++swal++L+rh
  sp|O15528|CP27B_HUMAN 306 SILGNVTELLLAGVDTVSNTLSWALYELSRH 336
                            6899**************************9 PP

>> sp|P20816|CP4A2_RAT  Cytochrome P450 4A2 OS=Rattus norvegicus OX=10116 GN=Cyp4a2 PE=1 SV=2
   #    score  bias  c-Evalue  i-Evalue hmmfrom  hmm to    alifrom  ali to    envfrom  env to     acc
 ---   ------ ----- --------- --------- ------- -------    ------- -------    ------- -------    ----
   1 !   35.6   0.1   2.4e-10   1.1e-09       1      33 []     302     334 ..     302     334 .. 0.98

  Alignments for each domain:
  == domain 1  score: 35.6 bits;  conditional E-value: 2.4e-10
      ihelix_seed_hmm   1 deelvalvllLlvAGheTTtnaiswalllLlrh 33 
                          de+l+a v ++++ Gh+TT++ isw++++L++h
  sp|P20816|CP4A2_RAT 302 DEDLRAEVDTFMFEGHDTTASGISWVFYALATH 334
                          79******************************9 PP

>> sp|O35084|CP27B_MOUSE  25-hydroxyvitamin D-1 alpha hydroxylase, mitochondrial OS=Mus musculus OX=10090 GN=Cyp27b1 PE=
   #    score  bias  c-Evalue  i-Evalue hmmfrom  hmm to    alifrom  ali to    envfrom  env to     acc
 ---   ------ ----- --------- --------- ------- -------    ------- -------    ------- -------    ----
   1 !   35.7   0.2   2.2e-10   9.9e-10       3      33 .]     306     336 ..     304     336 .. 0.96

  Alignments for each domain:
  == domain 1  score: 35.7 bits;  conditional E-value: 2.2e-10
        ihelix_seed_hmm   3 elvalvllLlvAGheTTtnaiswalllLlrh 33 
                             +v++v++Ll+AG++T++n++sw+l++L+rh
  sp|O35084|CP27B_MOUSE 306 SIVGNVTELLLAGVDTVSNTLSWTLYELSRH 336
                            699***************************9 PP

>> sp|P51869|CP4F4_RAT  Cytochrome P450 4F4 OS=Rattus norvegicus OX=10116 GN=Cyp4f4 PE=1 SV=1
   #    score  bias  c-Evalue  i-Evalue hmmfrom  hmm to    alifrom  ali to    envfrom  env to     acc
 ---   ------ ----- --------- --------- ------- -------    ------- -------    ------- -------    ----
   1 !   35.5   0.0   2.5e-10   1.1e-09       1      33 []     315     347 ..     315     347 .. 0.98

  Alignments for each domain:
  == domain 1  score: 35.5 bits;  conditional E-value: 2.5e-10
      ihelix_seed_hmm   1 deelvalvllLlvAGheTTtnaiswalllLlrh 33 
                          de+++a + ++++ Gh+TT++ +sw+l+ L+rh
  sp|P51869|CP4F4_RAT 315 DEDIRAEADTFMFEGHDTTASGLSWILYNLARH 347
                          79******************************9 PP

>> sp|O35728|CP4AE_MOUSE  Cytochrome P450 4A14 OS=Mus musculus OX=10090 GN=Cyp4a14 PE=1 SV=1
   #    score  bias  c-Evalue  i-Evalue hmmfrom  hmm to    alifrom  ali to    envfrom  env to     acc
 ---   ------ ----- --------- --------- ------- -------    ------- -------    ------- -------    ----
   1 !   35.4   0.1   2.8e-10   1.3e-09       1      33 []     305     337 ..     305     337 .. 0.98

  Alignments for each domain:
  == domain 1  score: 35.4 bits;  conditional E-value: 2.8e-10
        ihelix_seed_hmm   1 deelvalvllLlvAGheTTtnaiswalllLlrh 33 
                            de+l+a v ++++ Gh+TT++ isw++++L++h
  sp|O35728|CP4AE_MOUSE 305 DEDLRAEVDTFMFEGHDTTASGISWIFYALATH 337
                            79******************************9 PP

>> sp|Q9ASR3|C7091_ARATH  Cytochrome P450 709B1 OS=Arabidopsis thaliana OX=3702 GN=CYP709B1 PE=2 SV=1
   #    score  bias  c-Evalue  i-Evalue hmmfrom  hmm to    alifrom  ali to    envfrom  env to     acc
 ---   ------ ----- --------- --------- ------- -------    ------- -------    ------- -------    ----
   1 !   35.5   1.0   2.7e-10   1.2e-09       2      33 .]     313     344 ..     312     344 .. 0.97

  Alignments for each domain:
  == domain 1  score: 35.5 bits;  conditional E-value: 2.7e-10
        ihelix_seed_hmm   2 eelvalvllLlvAGheTTtnaiswalllLlrh 33 
                            ee+++ + +++++GheTT+n+++w+++lL+ h
  sp|Q9ASR3|C7091_ARATH 313 EEIIHECRTFFFGGHETTSNLLAWTTMLLSLH 344
                            8****************************987 PP

>> sp|Q6TBX7|LUT1_ARATH  Carotene epsilon-monooxygenase, chloroplastic OS=Arabidopsis thaliana OX=3702 GN=CYP97C1 PE=1 S
   #    score  bias  c-Evalue  i-Evalue hmmfrom  hmm to    alifrom  ali to    envfrom  env to     acc
 ---   ------ ----- --------- --------- ------- -------    ------- -------    ------- -------    ----
   1 !   35.2   0.2   3.2e-10   1.5e-09       3      33 .]     336     366 ..     334     366 .. 0.94

  Alignments for each domain:
  == domain 1  score: 35.2 bits;  conditional E-value: 3.2e-10
       ihelix_seed_hmm   3 elvalvllLlvAGheTTtnaiswalllLlrh 33 
                           +l++  l++lvAGheTT+++++w+l+lL+++
  sp|Q6TBX7|LUT1_ARATH 336 QLRDDLLSMLVAGHETTGSVLTWTLYLLSKN 366
                           588999**********************998 PP

>> sp|Q02928|CP4AB_HUMAN  Cytochrome P450 4A11 OS=Homo sapiens OX=9606 GN=CYP4A11 PE=1 SV=1
   #    score  bias  c-Evalue  i-Evalue hmmfrom  hmm to    alifrom  ali to    envfrom  env to     acc
 ---   ------ ----- --------- --------- ------- -------    ------- -------    ------- -------    ----
   1 !   34.8   0.1   4.1e-10   1.9e-09       1      33 []     308     340 ..     308     340 .. 0.97

  Alignments for each domain:
  == domain 1  score: 34.8 bits;  conditional E-value: 4.1e-10
        ihelix_seed_hmm   1 deelvalvllLlvAGheTTtnaiswalllLlrh 33 
                            d++l+a v ++++ Gh+TT++ isw+l++L++h
  sp|Q02928|CP4AB_HUMAN 308 DKDLRAEVDTFMFEGHDTTASGISWILYALATH 340
                            789*****************************9 PP

>> sp|A2QLV1|CYPE1_ASPNC  Self-sufficient cytochrome P450 monooxygenase CYP505E1 OS=Aspergillus niger (strain ATCC MYA-4
   #    score  bias  c-Evalue  i-Evalue hmmfrom  hmm to    alifrom  ali to    envfrom  env to     acc
 ---   ------ ----- --------- --------- ------- -------    ------- -------    ------- -------    ----
   1 !   35.2   0.2   3.2e-10   1.5e-09       1      33 []     282     314 ..     282     314 .. 0.96

  Alignments for each domain:
  == domain 1  score: 35.2 bits;  conditional E-value: 3.2e-10
        ihelix_seed_hmm   1 deelvalvllLlvAGheTTtnaiswalllLlrh 33 
                            de ++++v+++lvAGheTT+ ++s+++++L+ h
  sp|A2QLV1|CYPE1_ASPNC 282 DESIIDNVITFLVAGHETTSGLLSFTFYYLVQH 314
                            789***************************988 PP

>> sp|Q5TCH4|CP4AM_HUMAN  Cytochrome P450 4A22 OS=Homo sapiens OX=9606 GN=CYP4A22 PE=1 SV=1
   #    score  bias  c-Evalue  i-Evalue hmmfrom  hmm to    alifrom  ali to    envfrom  env to     acc
 ---   ------ ----- --------- --------- ------- -------    ------- -------    ------- -------    ----
   1 !   34.8   0.1   4.1e-10   1.9e-09       1      33 []     308     340 ..     308     340 .. 0.97

  Alignments for each domain:
  == domain 1  score: 34.8 bits;  conditional E-value: 4.1e-10
        ihelix_seed_hmm   1 deelvalvllLlvAGheTTtnaiswalllLlrh 33 
                            d++l+a v ++++ Gh+TT++ isw+l++L++h
  sp|Q5TCH4|CP4AM_HUMAN 308 DKDLRAEVDTFMFEGHDTTASGISWILYALATH 340
                            789*****************************9 PP

>> sp|A0A3G9HB50|ALT8_ALTAL  Cytochrome P450 monooxygenase ALT8 OS=Alternaria alternata OX=5599 GN=ALT8 PE=3 SV=1
   #    score  bias  c-Evalue  i-Evalue hmmfrom  hmm to    alifrom  ali to    envfrom  env to     acc
 ---   ------ ----- --------- --------- ------- -------    ------- -------    ------- -------    ----
   1 !   35.1   1.2   3.4e-10   1.5e-09       1      30 [.     348     377 ..     348     380 .. 0.92

  Alignments for each domain:
  == domain 1  score: 35.1 bits;  conditional E-value: 3.4e-10
           ihelix_seed_hmm   1 deelvalvllLlvAGheTTtnaiswalllL 30 
                               de lv++++++l+AGheTT++a++wa++ +
  sp|A0A3G9HB50|ALT8_ALTAL 348 DEALVDQIMTFLAAGHETTATALTWAIYIM 377
                               7889***********************987 PP

>> sp|P26911|CPXH_STRGR  Cytochrome P450-SOY OS=Streptomyces griseus OX=1911 GN=cyp105D1 PE=3 SV=1
   #    score  bias  c-Evalue  i-Evalue hmmfrom  hmm to    alifrom  ali to    envfrom  env to     acc
 ---   ------ ----- --------- --------- ------- -------    ------- -------    ------- -------    ----
   1 !   35.3   2.0   2.9e-10   1.3e-09       2      33 .]     239     270 ..     238     270 .. 0.97

  Alignments for each domain:
  == domain 1  score: 35.3 bits;  conditional E-value: 2.9e-10
       ihelix_seed_hmm   2 eelvalvllLlvAGheTTtnaiswalllLlrh 33 
                           e+lva+++ Ll+AGheTT+n+is ++++Ll+h
  sp|P26911|CPXH_STRGR 239 EQLVAFAVILLIAGHETTANMISLGTFTLLSH 270
                           799***************************98 PP

>> sp|Q8N1L4|CP4Z2_HUMAN  Putative inactive cytochrome P450 family member 4Z2 OS=Homo sapiens OX=9606 GN=CYP4Z2P PE=5 SV
   #    score  bias  c-Evalue  i-Evalue hmmfrom  hmm to    alifrom  ali to    envfrom  env to     acc
 ---   ------ ----- --------- --------- ------- -------    ------- -------    ------- -------    ----
   1 !   34.8   0.0   4.1e-10   1.9e-09      10      33 .]     310     333 ..     303     333 .. 0.91

  Alignments for each domain:
  == domain 1  score: 34.8 bits;  conditional E-value: 4.1e-10
        ihelix_seed_hmm  10 lLlvAGheTTtnaiswalllLlrh 33 
                            ++++AGh+TTt+aisw++++L+++
  sp|Q8N1L4|CP4Z2_HUMAN 310 TFMFAGHDTTTTAISWIFYCLAKY 333
                            89********************86 PP

>> sp|P14581|CP4A7_RABIT  Cytochrome P450 4A7 OS=Oryctolagus cuniculus OX=9986 GN=CYP4A7 PE=1 SV=1
   #    score  bias  c-Evalue  i-Evalue hmmfrom  hmm to    alifrom  ali to    envfrom  env to     acc
 ---   ------ ----- --------- --------- ------- -------    ------- -------    ------- -------    ----
   1 !   34.5   0.1   5.2e-10   2.4e-09       1      33 []     309     341 ..     309     341 .. 0.97

  Alignments for each domain:
  == domain 1  score: 34.5 bits;  conditional E-value: 5.2e-10
        ihelix_seed_hmm   1 deelvalvllLlvAGheTTtnaiswalllLlrh 33 
                            d++l+a v ++++ Gh+TT++ isw++++L++h
  sp|P14581|CP4A7_RABIT 309 DQDLRAEVDTFMFEGHDTTASGISWIFYALATH 341
                            789*****************************9 PP

>> sp|Q6R7M4|C15A1_DIPPU  Methyl farnesoate epoxidase OS=Diploptera punctata OX=6984 GN=CYP15A1 PE=1 SV=1
   #    score  bias  c-Evalue  i-Evalue hmmfrom  hmm to    alifrom  ali to    envfrom  env to     acc
 ---   ------ ----- --------- --------- ------- -------    ------- -------    ------- -------    ----
   1 !   34.4   0.4   5.8e-10   2.6e-09       3      32 ..     289     318 ..     287     319 .. 0.93

  Alignments for each domain:
  == domain 1  score: 34.4 bits;  conditional E-value: 5.8e-10
        ihelix_seed_hmm   3 elvalvllLlvAGheTTtnaiswalllLlr 32 
                            +lv+l+l+L++AG eTT+n++++a+l++l 
  sp|Q6R7M4|C15A1_DIPPU 289 QLVSLCLDLFMAGSETTSNTLGFAVLYMLL 318
                            79**************************96 PP

>> sp|P24460|CP2BB_CANLF  Cytochrome P450 2B11 OS=Canis lupus familiaris OX=9615 GN=CYP2B11 PE=2 SV=1
   #    score  bias  c-Evalue  i-Evalue hmmfrom  hmm to    alifrom  ali to    envfrom  env to     acc
 ---   ------ ----- --------- --------- ------- -------    ------- -------    ------- -------    ----
   1 !   34.6   0.7   4.9e-10   2.2e-09       3      33 .]     287     317 ..     285     317 .. 0.94

  Alignments for each domain:
  == domain 1  score: 34.6 bits;  conditional E-value: 4.9e-10
        ihelix_seed_hmm   3 elvalvllLlvAGheTTtnaiswalllLlrh 33 
                            +l++++l+L++AG+eTT++++++++ll+l++
  sp|P24460|CP2BB_CANLF 287 NLIDTALSLFFAGTETTSTTLRYGFLLMLKY 317
                            89**************************986 PP

>> sp|Q9HBI6|CP4FB_HUMAN  Cytochrome P450 4F11 OS=Homo sapiens OX=9606 GN=CYP4F11 PE=1 SV=3
   #    score  bias  c-Evalue  i-Evalue hmmfrom  hmm to    alifrom  ali to    envfrom  env to     acc
 ---   ------ ----- --------- --------- ------- -------    ------- -------    ------- -------    ----
   1 !   35.6   0.0   2.3e-10   1.1e-09       1      33 []     315     347 ..     315     347 .. 0.98

  Alignments for each domain:
  == domain 1  score: 35.6 bits;  conditional E-value: 2.3e-10
        ihelix_seed_hmm   1 deelvalvllLlvAGheTTtnaiswalllLlrh 33 
                            de+++a + ++++ Gh+TT++ +sw+l++L++h
  sp|Q9HBI6|CP4FB_HUMAN 315 DEDIRAEADTFMFEGHDTTASGLSWVLYHLAKH 347
                            79*****************************99 PP

>> sp|Q8VWZ7|C76B6_CATRO  Geraniol 8-hydroxylase OS=Catharanthus roseus OX=4058 GN=CYP76B6 PE=1 SV=1
   #    score  bias  c-Evalue  i-Evalue hmmfrom  hmm to    alifrom  ali to    envfrom  env to     acc
 ---   ------ ----- --------- --------- ------- -------    ------- -------    ------- -------    ----
   1 !   35.8   0.0   2.1e-10   9.5e-10       3      33 .]     286     316 ..     284     316 .. 0.94

  Alignments for each domain:
  == domain 1  score: 35.8 bits;  conditional E-value: 2.1e-10
        ihelix_seed_hmm   3 elvalvllLlvAGheTTtnaiswalllLlrh 33 
                            ++ +++l+L+vAG++TT++++ wa+ ++l++
  sp|Q8VWZ7|C76B6_CATRO 286 HIERMCLDLFVAGTDTTSSTLEWAMSEMLKN 316
                            6789*************************98 PP

>> sp|Q6GUR1|CP1A1_MACMU  Cytochrome P450 1A1 OS=Macaca mulatta OX=9544 GN=CYP1A1 PE=2 SV=1
   #    score  bias  c-Evalue  i-Evalue hmmfrom  hmm to    alifrom  ali to    envfrom  env to     acc
 ---   ------ ----- --------- --------- ------- -------    ------- -------    ------- -------    ----
   1 !   34.7   0.1   4.7e-10   2.1e-09       1      33 []     304     336 ..     304     336 .. 0.97

  Alignments for each domain:
  == domain 1  score: 34.7 bits;  conditional E-value: 4.7e-10
        ihelix_seed_hmm   1 deelvalvllLlvAGheTTtnaiswalllLlrh 33 
                            de +v+ vl+L+ AG +T+t+aisw+l++L+++
  sp|Q6GUR1|CP1A1_MACMU 304 DEKIVNVVLDLFGAGFDTVTTAISWSLMYLVTN 336
                            789****************************98 PP

>> sp|P33616|CP1A1_MACFA  Cytochrome P450 1A1 OS=Macaca fascicularis OX=9541 GN=CYP1A1 PE=2 SV=1
   #    score  bias  c-Evalue  i-Evalue hmmfrom  hmm to    alifrom  ali to    envfrom  env to     acc
 ---   ------ ----- --------- --------- ------- -------    ------- -------    ------- -------    ----
   1 !   34.7   0.1   4.7e-10   2.1e-09       1      33 []     304     336 ..     304     336 .. 0.97

  Alignments for each domain:
  == domain 1  score: 34.7 bits;  conditional E-value: 4.7e-10
        ihelix_seed_hmm   1 deelvalvllLlvAGheTTtnaiswalllLlrh 33 
                            de +v+ vl+L+ AG +T+t+aisw+l++L+++
  sp|P33616|CP1A1_MACFA 304 DEKIVNVVLDLFGAGFDTVTTAISWSLMYLVTN 336
                            789****************************98 PP

>> sp|P04798|CP1A1_HUMAN  Cytochrome P450 1A1 OS=Homo sapiens OX=9606 GN=CYP1A1 PE=1 SV=1
   #    score  bias  c-Evalue  i-Evalue hmmfrom  hmm to    alifrom  ali to    envfrom  env to     acc
 ---   ------ ----- --------- --------- ------- -------    ------- -------    ------- -------    ----
   1 !   35.1   0.1   3.3e-10   1.5e-09       1      33 []     304     336 ..     304     336 .. 0.96

  Alignments for each domain:
  == domain 1  score: 35.1 bits;  conditional E-value: 3.3e-10
        ihelix_seed_hmm   1 deelvalvllLlvAGheTTtnaiswalllLlrh 33 
                            de ++++vl+L+ AG +T+t+aisw+l++L+++
  sp|P04798|CP1A1_HUMAN 304 DEKIINIVLDLFGAGFDTVTTAISWSLMYLVMN 336
                            789***************************987 PP

>> sp|W8JMV1|CYT24_CATRO  Cytochrome P450 76T24 OS=Catharanthus roseus OX=4058 GN=CYP76T24 PE=2 SV=1
   #    score  bias  c-Evalue  i-Evalue hmmfrom  hmm to    alifrom  ali to    envfrom  env to     acc
 ---   ------ ----- --------- --------- ------- -------    ------- -------    ------- -------    ----
   1 !   35.6   1.7   2.3e-10   1.1e-09       2      33 .]     291     322 ..     290     322 .. 0.97

  Alignments for each domain:
  == domain 1  score: 35.6 bits;  conditional E-value: 2.3e-10
        ihelix_seed_hmm   2 eelvalvllLlvAGheTTtnaiswalllLlrh 33 
                            +el+++ l+L+++G+eTT++++ wa+ +Llr+
  sp|W8JMV1|CYT24_CATRO 291 NELKHMLLDLFLGGTETTSTTLEWAMAELLRN 322
                            79*****************************8 PP

>> sp|P00178|CP2B4_RABIT  Cytochrome P450 2B4 OS=Oryctolagus cuniculus OX=9986 GN=CYP2B4 PE=1 SV=1
   #    score  bias  c-Evalue  i-Evalue hmmfrom  hmm to    alifrom  ali to    envfrom  env to     acc
 ---   ------ ----- --------- --------- ------- -------    ------- -------    ------- -------    ----
   1 !   34.2   1.3   6.6e-10     3e-09       1      33 []     285     317 ..     285     317 .. 0.95

  Alignments for each domain:
  == domain 1  score: 34.2 bits;  conditional E-value: 6.6e-10
        ihelix_seed_hmm   1 deelvalvllLlvAGheTTtnaiswalllLlrh 33 
                            +++l+ +vl+L++AG+eTT++++++++ll+l++
  sp|P00178|CP2B4_RABIT 285 HQNLILTVLSLFFAGTETTSTTLRYGFLLMLKY 317
                            689***************************986 PP

>> sp|Q9GLL1|CP4F_SHEEP  Prostaglandin E2 omega-hydroxylase CYP4F21 OS=Ovis aries OX=9940 GN=CYP4F21 PE=1 SV=1
   #    score  bias  c-Evalue  i-Evalue hmmfrom  hmm to    alifrom  ali to    envfrom  env to     acc
 ---   ------ ----- --------- --------- ------- -------    ------- -------    ------- -------    ----
   1 !   34.2   0.0   6.6e-10     3e-09       1      33 []     319     351 ..     319     351 .. 0.98

  Alignments for each domain:
  == domain 1  score: 34.2 bits;  conditional E-value: 6.6e-10
       ihelix_seed_hmm   1 deelvalvllLlvAGheTTtnaiswalllLlrh 33 
                           de+++a + ++++ Gh+TT++ +sw+l+ L++h
  sp|Q9GLL1|CP4F_SHEEP 319 DEDIRAEADTFMFEGHDTTASGLSWILYNLAKH 351
                           79*****************************99 PP

>> sp|P9WPN0|C135A_MYCTO  Putative cytochrome P450 135A1 OS=Mycobacterium tuberculosis (strain CDC 1551 / Oshkosh) OX=83
   #    score  bias  c-Evalue  i-Evalue hmmfrom  hmm to    alifrom  ali to    envfrom  env to     acc
 ---   ------ ----- --------- --------- ------- -------    ------- -------    ------- -------    ----
   1 !   34.4   2.0   5.7e-10   2.6e-09       2      31 ..     250     279 ..     249     280 .. 0.94

  Alignments for each domain:
  == domain 1  score: 34.4 bits;  conditional E-value: 5.7e-10
        ihelix_seed_hmm   2 eelvalvllLlvAGheTTtnaiswalllLl 31 
                             el+++ ++Ll+AGheTT+ a+sw+l++L+
  sp|P9WPN0|C135A_MYCTO 250 AELRDQLITLLLAGHETTAAALSWTLWELA 279
                            69***************************8 PP

>> sp|P9WPN1|C135A_MYCTU  Putative cytochrome P450 135A1 OS=Mycobacterium tuberculosis (strain ATCC 25618 / H37Rv) OX=83
   #    score  bias  c-Evalue  i-Evalue hmmfrom  hmm to    alifrom  ali to    envfrom  env to     acc
 ---   ------ ----- --------- --------- ------- -------    ------- -------    ------- -------    ----
   1 !   34.4   2.0   5.7e-10   2.6e-09       2      31 ..     250     279 ..     249     280 .. 0.94

  Alignments for each domain:
  == domain 1  score: 34.4 bits;  conditional E-value: 5.7e-10
        ihelix_seed_hmm   2 eelvalvllLlvAGheTTtnaiswalllLl 31 
                             el+++ ++Ll+AGheTT+ a+sw+l++L+
  sp|P9WPN1|C135A_MYCTU 250 AELRDQLITLLLAGHETTAAALSWTLWELA 279
                            69***************************8 PP

>> sp|P63718|CP138_MYCBO  Putative cytochrome P450 138 OS=Mycobacterium bovis (strain ATCC BAA-935 / AF2122/97) OX=23341
   #    score  bias  c-Evalue  i-Evalue hmmfrom  hmm to    alifrom  ali to    envfrom  env to     acc
 ---   ------ ----- --------- --------- ------- -------    ------- -------    ------- -------    ----
   1 !   34.1   0.1     7e-10   3.2e-09       3      33 .]     255     285 ..     253     285 .. 0.92

  Alignments for each domain:
  == domain 1  score: 34.1 bits;  conditional E-value: 7e-10
        ihelix_seed_hmm   3 elvalvllLlvAGheTTtnaiswalllLlrh 33 
                            ++ +  l+Ll+AGheTT+ +++wa+  L+rh
  sp|P63718|CP138_MYCBO 255 DIGDELLTLLAAGHETTAATLGWAFERLSRH 285
                            677789************************9 PP

>> sp|P9WPM2|CP138_MYCTO  Putative cytochrome P450 138 OS=Mycobacterium tuberculosis (strain CDC 1551 / Oshkosh) OX=8333
   #    score  bias  c-Evalue  i-Evalue hmmfrom  hmm to    alifrom  ali to    envfrom  env to     acc
 ---   ------ ----- --------- --------- ------- -------    ------- -------    ------- -------    ----
   1 !   34.1   0.1     7e-10   3.2e-09       3      33 .]     255     285 ..     253     285 .. 0.92

  Alignments for each domain:
  == domain 1  score: 34.1 bits;  conditional E-value: 7e-10
        ihelix_seed_hmm   3 elvalvllLlvAGheTTtnaiswalllLlrh 33 
                            ++ +  l+Ll+AGheTT+ +++wa+  L+rh
  sp|P9WPM2|CP138_MYCTO 255 DIGDELLTLLAAGHETTAATLGWAFERLSRH 285
                            677789************************9 PP

>> sp|P9WPM3|CP138_MYCTU  Putative cytochrome P450 138 OS=Mycobacterium tuberculosis (strain ATCC 25618 / H37Rv) OX=8333
   #    score  bias  c-Evalue  i-Evalue hmmfrom  hmm to    alifrom  ali to    envfrom  env to     acc
 ---   ------ ----- --------- --------- ------- -------    ------- -------    ------- -------    ----
   1 !   34.1   0.1     7e-10   3.2e-09       3      33 .]     255     285 ..     253     285 .. 0.92

  Alignments for each domain:
  == domain 1  score: 34.1 bits;  conditional E-value: 7e-10
        ihelix_seed_hmm   3 elvalvllLlvAGheTTtnaiswalllLlrh 33 
                            ++ +  l+Ll+AGheTT+ +++wa+  L+rh
  sp|P9WPM3|CP138_MYCTU 255 DIGDELLTLLAAGHETTAATLGWAFERLSRH 285
                            677789************************9 PP

>> sp|P24464|CP4AC_RAT  Cytochrome P450 4A12 OS=Rattus norvegicus OX=10116 GN=Cyp4a12 PE=1 SV=2
   #    score  bias  c-Evalue  i-Evalue hmmfrom  hmm to    alifrom  ali to    envfrom  env to     acc
 ---   ------ ----- --------- --------- ------- -------    ------- -------    ------- -------    ----
   1 !   33.7   0.0   9.5e-10   4.3e-09       1      33 []     306     338 ..     306     338 .. 0.97

  Alignments for each domain:
  == domain 1  score: 33.7 bits;  conditional E-value: 9.5e-10
      ihelix_seed_hmm   1 deelvalvllLlvAGheTTtnaiswalllLlrh 33 
                          d++l+a v ++++ Gh+TT++ isw++++L+++
  sp|P24464|CP4AC_RAT 306 DKDLRAEVDTFMFEGHDTTASGISWIFYALATN 338
                          789****************************98 PP

>> sp|P18326|CPXE_STRGO  Vitamin D3 dihydroxylase OS=Streptomyces griseolus OX=1909 GN=cyp105A1 PE=1 SV=2
   #    score  bias  c-Evalue  i-Evalue hmmfrom  hmm to    alifrom  ali to    envfrom  env to     acc
 ---   ------ ----- --------- --------- ------- -------    ------- -------    ------- -------    ----
   1 !   34.1   2.2   7.3e-10   3.3e-09       2      33 .]     232     263 ..     231     263 .. 0.95

  Alignments for each domain:
  == domain 1  score: 34.1 bits;  conditional E-value: 7.3e-10
       ihelix_seed_hmm   2 eelvalvllLlvAGheTTtnaiswalllLlrh 33 
                           eel+++++lLl+AGheTT++++s ++++Ll h
  sp|P18326|CPXE_STRGO 232 EELISTAMLLLIAGHETTASMTSLSVITLLDH 263
                           8****************************965 PP

>> sp|G7XMT1|CYPE5_ASPKW  Self-sufficient cytochrome P450 monooxygenase CYP505E5 OS=Aspergillus kawachii (strain NBRC 43
   #    score  bias  c-Evalue  i-Evalue hmmfrom  hmm to    alifrom  ali to    envfrom  env to     acc
 ---   ------ ----- --------- --------- ------- -------    ------- -------    ------- -------    ----
   1 !   34.1   0.2   7.3e-10   3.3e-09       1      33 []     254     286 ..     254     286 .. 0.96

  Alignments for each domain:
  == domain 1  score: 34.1 bits;  conditional E-value: 7.3e-10
        ihelix_seed_hmm   1 deelvalvllLlvAGheTTtnaiswalllLlrh 33 
                            d+ ++++v+++l+AGheTT+ ++s+++++L+ h
  sp|G7XMT1|CYPE5_ASPKW 254 DDSIIDNVITFLIAGHETTSGLLSFTFYFLIQH 286
                            789***************************987 PP

>> sp|Q86W10|CP4Z1_HUMAN  Cytochrome P450 4Z1 OS=Homo sapiens OX=9606 GN=CYP4Z1 PE=1 SV=1
   #    score  bias  c-Evalue  i-Evalue hmmfrom  hmm to    alifrom  ali to    envfrom  env to     acc
 ---   ------ ----- --------- --------- ------- -------    ------- -------    ------- -------    ----
   1 !   33.9   0.0   8.5e-10   3.9e-09      10      33 .]     310     333 ..     303     333 .. 0.91

  Alignments for each domain:
  == domain 1  score: 33.9 bits;  conditional E-value: 8.5e-10
        ihelix_seed_hmm  10 lLlvAGheTTtnaiswalllLlrh 33 
                            ++++AGh+TT++aisw+l++L+++
  sp|Q86W10|CP4Z1_HUMAN 310 TFMFAGHDTTSSAISWILYCLAKY 333
                            89********************86 PP

>> sp|A0A100IM63|CYPE5_ASPNG  Self-sufficient cytochrome P450 monooxygenase CYP505E5 OS=Aspergillus niger OX=5061 GN=CYP
   #    score  bias  c-Evalue  i-Evalue hmmfrom  hmm to    alifrom  ali to    envfrom  env to     acc
 ---   ------ ----- --------- --------- ------- -------    ------- -------    ------- -------    ----
   1 !   34.1   0.2   7.3e-10   3.3e-09       1      33 []     254     286 ..     254     286 .. 0.96

  Alignments for each domain:
  == domain 1  score: 34.1 bits;  conditional E-value: 7.3e-10
            ihelix_seed_hmm   1 deelvalvllLlvAGheTTtnaiswalllLlrh 33 
                                d+ ++++v+++l+AGheTT+ ++s+++++L+ h
  sp|A0A100IM63|CYPE5_ASPNG 254 DDSIIDNVITFLIAGHETTSGLLSFTFYFLIQH 286
                                789***************************987 PP

>> sp|Q5IZM4|CP51_MYCVP  Sterol 14alpha-demethylase OS=Mycolicibacterium vanbaalenii (strain DSM 7251 / JCM 13017 / BCRC
   #    score  bias  c-Evalue  i-Evalue hmmfrom  hmm to    alifrom  ali to    envfrom  env to     acc
 ---   ------ ----- --------- --------- ------- -------    ------- -------    ------- -------    ----
   1 !   35.1   1.4   3.5e-10   1.6e-09       2      33 .]     245     276 ..     244     276 .. 0.97

  Alignments for each domain:
  == domain 1  score: 35.1 bits;  conditional E-value: 3.5e-10
       ihelix_seed_hmm   2 eelvalvllLlvAGheTTtnaiswalllLlrh 33 
                           +e+++++++L++AGh+T++ ++sw+l++Llrh
  sp|Q5IZM4|CP51_MYCVP 245 NEITGMFISLMFAGHHTSSGTSSWTLIELLRH 276
                           79*****************************9 PP

>> sp|O48921|C97B2_SOYBN  Cytochrome P450 97B2, chloroplastic OS=Glycine max OX=3847 GN=CYP97B2 PE=2 SV=1
   #    score  bias  c-Evalue  i-Evalue hmmfrom  hmm to    alifrom  ali to    envfrom  env to     acc
 ---   ------ ----- --------- --------- ------- -------    ------- -------    ------- -------    ----
   1 !   33.5   0.4   1.1e-09     5e-09       2      33 .]     341     372 ..     340     372 .. 0.93

  Alignments for each domain:
  == domain 1  score: 33.5 bits;  conditional E-value: 1.1e-09
        ihelix_seed_hmm   2 eelvalvllLlvAGheTTtnaiswalllLlrh 33 
                             +l++  +++l+AGheTT+ +++wa++lL+ +
  sp|O48921|C97B2_SOYBN 341 RQLRDDLMTMLIAGHETTAAVLTWAVFLLAQN 372
                            579999***********************987 PP

>> sp|P0DOX0|C27C1_AQUCT  Cytochrome P450 27C1 OS=Aquarana catesbeiana OX=8400 GN=cyp27c1 PE=1 SV=1
   #    score  bias  c-Evalue  i-Evalue hmmfrom  hmm to    alifrom  ali to    envfrom  env to     acc
 ---   ------ ----- --------- --------- ------- -------    ------- -------    ------- -------    ----
   1 !   34.0   1.3   7.9e-10   3.6e-09       2      33 .]     333     364 ..     332     364 .. 0.97

  Alignments for each domain:
  == domain 1  score: 34.0 bits;  conditional E-value: 7.9e-10
        ihelix_seed_hmm   2 eelvalvllLlvAGheTTtnaiswalllLlrh 33 
                            eel a+++++l+AG++TT++++swa++lL+++
  sp|P0DOX0|C27C1_AQUCT 333 EELYANMTEMLLAGVDTTSFTLSWATYLLAKN 364
                            8*****************************98 PP

>> sp|D1MI46|C76BA_SWEMU  Geraniol 8-hydroxylase OS=Swertia mussotii OX=137888 GN=CYP76B10 PE=1 SV=1
   #    score  bias  c-Evalue  i-Evalue hmmfrom  hmm to    alifrom  ali to    envfrom  env to     acc
 ---   ------ ----- --------- --------- ------- -------    ------- -------    ------- -------    ----
   1 !   34.9   0.1   3.9e-10   1.8e-09       4      33 .]     289     318 ..     287     318 .. 0.93

  Alignments for each domain:
  == domain 1  score: 34.9 bits;  conditional E-value: 3.9e-10
        ihelix_seed_hmm   4 lvalvllLlvAGheTTtnaiswalllLlrh 33 
                            + +++l+L+vAG++TT++++ wa+ ++l++
  sp|D1MI46|C76BA_SWEMU 289 IQRMCLDLFVAGTDTTSSTLEWAMSEMLKN 318
                            6689************************98 PP

>> sp|A2A974|CP4CB_MOUSE  Cytochrome P450 4A12B OS=Mus musculus OX=10090 GN=Cyp4a12b PE=1 SV=1
   #    score  bias  c-Evalue  i-Evalue hmmfrom  hmm to    alifrom  ali to    envfrom  env to     acc
 ---   ------ ----- --------- --------- ------- -------    ------- -------    ------- -------    ----
   1 !   33.7   0.0   9.5e-10   4.3e-09       1      33 []     306     338 ..     306     338 .. 0.97

  Alignments for each domain:
  == domain 1  score: 33.7 bits;  conditional E-value: 9.5e-10
        ihelix_seed_hmm   1 deelvalvllLlvAGheTTtnaiswalllLlrh 33 
                            d++l+a v ++++ Gh+TT++ isw++++L+++
  sp|A2A974|CP4CB_MOUSE 306 DKDLRAEVDTFMFEGHDTTASGISWIFYALATN 338
                            789****************************98 PP

>> sp|Q06367|CP1A1_CAVPO  Cytochrome P450 1A1 OS=Cavia porcellus OX=10141 GN=CYP1A1 PE=1 SV=1
   #    score  bias  c-Evalue  i-Evalue hmmfrom  hmm to    alifrom  ali to    envfrom  env to     acc
 ---   ------ ----- --------- --------- ------- -------    ------- -------    ------- -------    ----
   1 !   34.4   0.1   5.6e-10   2.6e-09       1      33 []     300     332 ..     300     332 .. 0.95

  Alignments for each domain:
  == domain 1  score: 34.4 bits;  conditional E-value: 5.6e-10
        ihelix_seed_hmm   1 deelvalvllLlvAGheTTtnaiswalllLlrh 33 
                            d+ ++++vl+L+ AG +T t+aisw+ll+L+++
  sp|Q06367|CP1A1_CAVPO 300 DQKIIGIVLDLFGAGFDTITTAISWSLLYLVMN 332
                            6789**************************987 PP

>> sp|A0A0G4P2K0|CYPE4_PENC3  Self-sufficient cytochrome P450 monooxygenase CYP505E4 OS=Penicillium camemberti (strain F
   #    score  bias  c-Evalue  i-Evalue hmmfrom  hmm to    alifrom  ali to    envfrom  env to     acc
 ---   ------ ----- --------- --------- ------- -------    ------- -------    ------- -------    ----
   1 !   33.6   0.6     1e-09   4.5e-09       4      33 .]     257     286 ..     254     286 .. 0.94

  Alignments for each domain:
  == domain 1  score: 33.6 bits;  conditional E-value: 1e-09
            ihelix_seed_hmm   4 lvalvllLlvAGheTTtnaiswalllLlrh 33 
                                ++++++++lvAGheTT+ ++s+++++Ll h
  sp|A0A0G4P2K0|CYPE4_PENC3 257 IISNIITFLVAGHETTSGLLSFTFYYLLQH 286
                                899*************************98 PP

>> sp|Q91WL5|CP4CA_MOUSE  Cytochrome P450 4A12A OS=Mus musculus OX=10090 GN=Cyp4a12a PE=1 SV=2
   #    score  bias  c-Evalue  i-Evalue hmmfrom  hmm to    alifrom  ali to    envfrom  env to     acc
 ---   ------ ----- --------- --------- ------- -------    ------- -------    ------- -------    ----
   1 !   33.7   0.0   9.5e-10   4.3e-09       1      33 []     306     338 ..     306     338 .. 0.97

  Alignments for each domain:
  == domain 1  score: 33.7 bits;  conditional E-value: 9.5e-10
        ihelix_seed_hmm   1 deelvalvllLlvAGheTTtnaiswalllLlrh 33 
                            d++l+a v ++++ Gh+TT++ isw++++L+++
  sp|Q91WL5|CP4CA_MOUSE 306 DKDLRAEVDTFMFEGHDTTASGISWIFYALATN 338
                            789****************************98 PP

>> sp|Q43078|C97B1_PEA  Cytochrome P450 97B1, chloroplastic OS=Pisum sativum OX=3888 GN=CYP97B1 PE=2 SV=1
   #    score  bias  c-Evalue  i-Evalue hmmfrom  hmm to    alifrom  ali to    envfrom  env to     acc
 ---   ------ ----- --------- --------- ------- -------    ------- -------    ------- -------    ----
   1 !   33.6   0.4     1e-09   4.8e-09       2      33 .]     350     381 ..     349     381 .. 0.93

  Alignments for each domain:
  == domain 1  score: 33.6 bits;  conditional E-value: 1e-09
      ihelix_seed_hmm   2 eelvalvllLlvAGheTTtnaiswalllLlrh 33 
                           +l++  +++l+AGheTT+ +++wa++lL+ +
  sp|Q43078|C97B1_PEA 350 RQLRDDLMTMLIAGHETTAAVLTWAVFLLAQN 381
                          579999***********************987 PP

>> sp|Q83WF5|MYCCI_MICGR  Mycinamicin VIII C21 methyl hydroxylase OS=Micromonospora griseorubida OX=28040 GN=mycCI PE=1 
   #    score  bias  c-Evalue  i-Evalue hmmfrom  hmm to    alifrom  ali to    envfrom  env to     acc
 ---   ------ ----- --------- --------- ------- -------    ------- -------    ------- -------    ----
   1 !   33.9   1.4   8.4e-10   3.8e-09       1      33 []     214     246 ..     214     246 .. 0.98

  Alignments for each domain:
  == domain 1  score: 33.9 bits;  conditional E-value: 8.4e-10
        ihelix_seed_hmm   1 deelvalvllLlvAGheTTtnaiswalllLlrh 33 
                            ++elv++++lLl+AGheT++n  + ++l+Llrh
  sp|Q83WF5|MYCCI_MICGR 214 HQELVNNAVLLLAAGHETSANQVTLSVLTLLRH 246
                            68******************************9 PP

>> sp|P08683|CP2CB_RAT  Cytochrome P450 2C11 OS=Rattus norvegicus OX=10116 GN=Cyp2c11 PE=1 SV=1
   #    score  bias  c-Evalue  i-Evalue hmmfrom  hmm to    alifrom  ali to    envfrom  env to     acc
 ---   ------ ----- --------- --------- ------- -------    ------- -------    ------- -------    ----
   1 !   33.7   1.8   9.7e-10   4.4e-09       2      33 .]     285     316 ..     284     316 .. 0.96

  Alignments for each domain:
  == domain 1  score: 33.7 bits;  conditional E-value: 9.7e-10
      ihelix_seed_hmm   2 eelvalvllLlvAGheTTtnaiswalllLlrh 33 
                          e lva+v++++ AG+eTT+++++++lllLl+h
  sp|P08683|CP2CB_RAT 285 ESLVATVTDMFGAGTETTSTTLRYGLLLLLKH 316
                          679***************************99 PP

>> sp|Q2UNA2|C505_ASPOR  Bifunctional cytochrome P450/NADPH--P450 reductase OS=Aspergillus oryzae (strain ATCC 42149 / R
   #    score  bias  c-Evalue  i-Evalue hmmfrom  hmm to    alifrom  ali to    envfrom  env to     acc
 ---   ------ ----- --------- --------- ------- -------    ------- -------    ------- -------    ----
   1 !   33.6   0.1   9.9e-10   4.5e-09       3      33 .]     259     289 ..     258     289 .. 0.95

  Alignments for each domain:
  == domain 1  score: 33.6 bits;  conditional E-value: 9.9e-10
       ihelix_seed_hmm   3 elvalvllLlvAGheTTtnaiswalllLlrh 33 
                            ++++++++l+AGheTT+ ++s+a++ +l++
  sp|Q2UNA2|C505_ASPOR 259 SIIDNMITFLIAGHETTSGSLSFAFYNMLKN 289
                           699**************************98 PP

>> sp|Q8LM92|C75B4_ORYSJ  Flavonoid 3'-monooxygenase CYP75B4 OS=Oryza sativa subsp. japonica OX=39947 GN=CYP75B4 PE=2 SV
   #    score  bias  c-Evalue  i-Evalue hmmfrom  hmm to    alifrom  ali to    envfrom  env to     acc
 ---   ------ ----- --------- --------- ------- -------    ------- -------    ------- -------    ----
   1 !   33.1   0.7   1.4e-09   6.5e-09       1      33 []     313     345 ..     313     345 .. 0.97

  Alignments for each domain:
  == domain 1  score: 33.1 bits;  conditional E-value: 1.4e-09
        ihelix_seed_hmm   1 deelvalvllLlvAGheTTtnaiswalllLlrh 33 
                            d e++al+l+L+vAG++TT++   w++ +L+rh
  sp|Q8LM92|C75B4_ORYSJ 313 DTEIKALILNLFVAGTDTTSTIVEWTMAELIRH 345
                            679*****************************9 PP

>> sp|P14580|CP4A6_RABIT  Cytochrome P450 4A6 OS=Oryctolagus cuniculus OX=9986 GN=CYP4A6 PE=1 SV=1
   #    score  bias  c-Evalue  i-Evalue hmmfrom  hmm to    alifrom  ali to    envfrom  env to     acc
 ---   ------ ----- --------- --------- ------- -------    ------- -------    ------- -------    ----
   1 !   34.5   0.1   5.2e-10   2.4e-09       1      33 []     308     340 ..     308     340 .. 0.97

  Alignments for each domain:
  == domain 1  score: 34.5 bits;  conditional E-value: 5.2e-10
        ihelix_seed_hmm   1 deelvalvllLlvAGheTTtnaiswalllLlrh 33 
                            d++l+a v ++++ Gh+TT++ isw++++L++h
  sp|P14580|CP4A6_RABIT 308 DQDLRAEVDTFMFEGHDTTASGISWIFYALATH 340
                            789*****************************9 PP

>> sp|O54749|CP2J5_MOUSE  Cytochrome P450 2J5 OS=Mus musculus OX=10090 GN=Cyp2j5 PE=1 SV=1
   #    score  bias  c-Evalue  i-Evalue hmmfrom  hmm to    alifrom  ali to    envfrom  env to     acc
 ---   ------ ----- --------- --------- ------- -------    ------- -------    ------- -------    ----
   1 !   33.4   0.9   1.2e-09   5.5e-09       1      32 [.     297     328 ..     297     329 .. 0.95

  Alignments for each domain:
  == domain 1  score: 33.4 bits;  conditional E-value: 1.2e-09
        ihelix_seed_hmm   1 deelvalvllLlvAGheTTtnaiswalllLlr 32 
                            +e+l+++ l+L+++G+eTT+++++wall++++
  sp|O54749|CP2J5_MOUSE 297 EENLISTTLDLFLGGTETTSSTLRWALLYMSS 328
                            599***************************87 PP

>> sp|Q64458|CP2CT_MOUSE  Cytochrome P450 2C29 OS=Mus musculus OX=10090 GN=Cyp2c29 PE=1 SV=2
   #    score  bias  c-Evalue  i-Evalue hmmfrom  hmm to    alifrom  ali to    envfrom  env to     acc
 ---   ------ ----- --------- --------- ------- -------    ------- -------    ------- -------    ----
   1 !   33.2   1.4   1.4e-09   6.2e-09       2      33 .]     285     316 ..     284     316 .. 0.96

  Alignments for each domain:
  == domain 1  score: 33.2 bits;  conditional E-value: 1.4e-09
        ihelix_seed_hmm   2 eelvalvllLlvAGheTTtnaiswalllLlrh 33 
                            e+l++++ +L+ AG+eTT++++++alllLl++
  sp|Q64458|CP2CT_MOUSE 285 ENLASTINDLFGAGTETTSTTLRYALLLLLKY 316
                            89****************************86 PP

>> sp|P12789|CP2B5_RABIT  Cytochrome P450 2B5 OS=Oryctolagus cuniculus OX=9986 GN=CYP2B5 PE=2 SV=1
   #    score  bias  c-Evalue  i-Evalue hmmfrom  hmm to    alifrom  ali to    envfrom  env to     acc
 ---   ------ ----- --------- --------- ------- -------    ------- -------    ------- -------    ----
   1 !   32.9   2.0   1.7e-09   7.7e-09       3      33 .]     287     317 ..     285     317 .. 0.94

  Alignments for each domain:
  == domain 1  score: 32.9 bits;  conditional E-value: 1.7e-09
        ihelix_seed_hmm   3 elvalvllLlvAGheTTtnaiswalllLlrh 33 
                            +l+ +vl+L++AG+eTT++++++++ll+l++
  sp|P12789|CP2B5_RABIT 287 NLILTVLTLFFAGTETTSTTLRYGFLLMLKY 317
                            8999************************986 PP

>> sp|A0A101MN42|CYPE4_PENFR  Self-sufficient cytochrome P450 monooxygenase CYP505E4 OS=Penicillium freii OX=48697 GN=CY
   #    score  bias  c-Evalue  i-Evalue hmmfrom  hmm to    alifrom  ali to    envfrom  env to     acc
 ---   ------ ----- --------- --------- ------- -------    ------- -------    ------- -------    ----
   1 !   33.0   0.7   1.5e-09     7e-09       4      33 .]     257     286 ..     254     286 .. 0.94

  Alignments for each domain:
  == domain 1  score: 33.0 bits;  conditional E-value: 1.5e-09
            ihelix_seed_hmm   4 lvalvllLlvAGheTTtnaiswalllLlrh 33 
                                ++++++++l+AGheTT+ ++s+++++Ll h
  sp|A0A101MN42|CYPE4_PENFR 257 IISNIITFLIAGHETTSGLLSFTFYYLLQH 286
                                899*************************98 PP

>> sp|Q0D1W9|CYPE3_ASPTN  Self-sufficient cytochrome P450 monooxygenase CYP505E3 OS=Aspergillus terreus (strain NIH 2624
   #    score  bias  c-Evalue  i-Evalue hmmfrom  hmm to    alifrom  ali to    envfrom  env to     acc
 ---   ------ ----- --------- --------- ------- -------    ------- -------    ------- -------    ----
   1 !   33.1   0.4   1.5e-09   6.9e-09       4      33 .]     258     287 ..     255     287 .. 0.94

  Alignments for each domain:
  == domain 1  score: 33.1 bits;  conditional E-value: 1.5e-09
        ihelix_seed_hmm   4 lvalvllLlvAGheTTtnaiswalllLlrh 33 
                            ++++v+++l+AGheTT+ ++s+++++Ll +
  sp|Q0D1W9|CYPE3_ASPTN 258 IINNVITFLIAGHETTSGLLSFTFYYLLQN 287
                            89*************************987 PP

>> sp|P56591|CP1A1_SHEEP  Cytochrome P450 1A1 OS=Ovis aries OX=9940 GN=CYP1A1 PE=2 SV=1
   #    score  bias  c-Evalue  i-Evalue hmmfrom  hmm to    alifrom  ali to    envfrom  env to     acc
 ---   ------ ----- --------- --------- ------- -------    ------- -------    ------- -------    ----
   1 !   34.2   0.2   6.4e-10   2.9e-09       1      32 [.     311     342 ..     311     343 .. 0.96

  Alignments for each domain:
  == domain 1  score: 34.2 bits;  conditional E-value: 6.4e-10
        ihelix_seed_hmm   1 deelvalvllLlvAGheTTtnaiswalllLlr 32 
                            de +++ v++L+ AG +T+t+aisw+ll+L++
  sp|P56591|CP1A1_SHEEP 311 DEKIINVVMDLFGAGFDTVTTAISWSLLYLVT 342
                            789***************************87 PP

>> sp|Q27712|CP2L1_PANAR  Cytochrome P450 2L1 OS=Panulirus argus OX=6737 GN=CYP2L1 PE=1 SV=1
   #    score  bias  c-Evalue  i-Evalue hmmfrom  hmm to    alifrom  ali to    envfrom  env to     acc
 ---   ------ ----- --------- --------- ------- -------    ------- -------    ------- -------    ----
   1 !   34.2   0.2   6.5e-10     3e-09       2      33 .]     286     317 ..     285     317 .. 0.93

  Alignments for each domain:
  == domain 1  score: 34.2 bits;  conditional E-value: 6.5e-10
        ihelix_seed_hmm   2 eelvalvllLlvAGheTTtnaiswalllLlrh 33 
                            e ++a +++L+ AG+eTT+++i+w++l+L ++
  sp|Q27712|CP2L1_PANAR 286 ETVRAVIMDLFGAGTETTSTMIRWTILYLMKY 317
                            578999***********************875 PP

>> sp|Q3LFU0|CP1A1_BALAC  Cytochrome P450 1A1 OS=Balaenoptera acutorostrata OX=9767 GN=CYP1A1 PE=2 SV=1
   #    score  bias  c-Evalue  i-Evalue hmmfrom  hmm to    alifrom  ali to    envfrom  env to     acc
 ---   ------ ----- --------- --------- ------- -------    ------- -------    ------- -------    ----
   1 !   32.9   0.1   1.7e-09   7.6e-09       1      32 [.     308     339 ..     308     340 .. 0.96

  Alignments for each domain:
  == domain 1  score: 32.9 bits;  conditional E-value: 1.7e-09
        ihelix_seed_hmm   1 deelvalvllLlvAGheTTtnaiswalllLlr 32 
                            de +v+ v++L+ AG +T+t+aisw+l++L++
  sp|Q3LFU0|CP1A1_BALAC 308 DEKIVNVVMDLFGAGFDTVTTAISWSLMYLVT 339
                            789***************************87 PP

>> sp|P19225|CP270_RAT  Cytochrome P450 2C70 OS=Rattus norvegicus OX=10116 GN=Cyp2c70 PE=2 SV=1
   #    score  bias  c-Evalue  i-Evalue hmmfrom  hmm to    alifrom  ali to    envfrom  env to     acc
 ---   ------ ----- --------- --------- ------- -------    ------- -------    ------- -------    ----
   1 !   33.2   0.2   1.4e-09   6.4e-09       2      33 .]     284     315 ..     283     315 .. 0.95

  Alignments for each domain:
  == domain 1  score: 33.2 bits;  conditional E-value: 1.4e-09
      ihelix_seed_hmm   2 eelvalvllLlvAGheTTtnaiswalllLlrh 33 
                          ++l+ ++ +L+ AG+eTT+++i ++lllLl++
  sp|P19225|CP270_RAT 284 DNLIVTIGDLFGAGTETTSSTIKYGLLLLLKY 315
                          89****************************86 PP

>> sp|P33271|CPXK_SACEN  Cytochrome P450 107B1 OS=Saccharopolyspora erythraea (strain ATCC 11635 / DSM 40517 / JCM 4748 
   #    score  bias  c-Evalue  i-Evalue hmmfrom  hmm to    alifrom  ali to    envfrom  env to     acc
 ---   ------ ----- --------- --------- ------- -------    ------- -------    ------- -------    ----
   1 !   33.3   1.1   1.3e-09   5.9e-09       3      31 ..     230     258 ..     229     260 .. 0.96

  Alignments for each domain:
  == domain 1  score: 33.3 bits;  conditional E-value: 1.3e-09
       ihelix_seed_hmm   3 elvalvllLlvAGheTTtnaiswalllLl 31 
                           el+a+v lLlvAGheTT+n+i++ +l Ll
  sp|P33271|CPXK_SACEN 230 ELIAMVFLLLVAGHETTVNLIGNCVLSLL 258
                           89***********************9997 PP

>> sp|P36423|THAS_MOUSE  Thromboxane-A synthase OS=Mus musculus OX=10090 GN=Tbxas1 PE=1 SV=2
   #    score  bias  c-Evalue  i-Evalue hmmfrom  hmm to    alifrom  ali to    envfrom  env to     acc
 ---   ------ ----- --------- --------- ------- -------    ------- -------    ------- -------    ----
   1 !   31.4   1.1   5.2e-09   2.4e-08       2      33 .]     329     360 ..     328     360 .. 0.98

  Alignments for each domain:
  == domain 1  score: 31.4 bits;  conditional E-value: 5.2e-09
       ihelix_seed_hmm   2 eelvalvllLlvAGheTTtnaiswalllLlrh 33 
                           +e+v+++ l+l+AGhe  tn++s++++lL++h
  sp|P36423|THAS_MOUSE 329 DEIVGQAFLFLIAGHEVITNTLSFITYLLATH 360
                           8******************************9 PP

>> sp|P15129|CP4B1_RAT  Cytochrome P450 4B1 OS=Rattus norvegicus OX=10116 GN=Cyp4b1 PE=1 SV=3
   #    score  bias  c-Evalue  i-Evalue hmmfrom  hmm to    alifrom  ali to    envfrom  env to     acc
 ---   ------ ----- --------- --------- ------- -------    ------- -------    ------- -------    ----
   1 !   33.0   0.0   1.6e-09   7.1e-09       2      32 ..     303     333 ..     302     334 .. 0.94

  Alignments for each domain:
  == domain 1  score: 33.0 bits;  conditional E-value: 1.6e-09
      ihelix_seed_hmm   2 eelvalvllLlvAGheTTtnaiswalllLlr 32 
                           el+a v ++++ Gh+TTt+ isw+l++++ 
  sp|P15129|CP4B1_RAT 303 AELRAEVDTFMFEGHDTTTSGISWFLYCMAL 333
                          69***************************96 PP

>> sp|Q00557|CP1A1_MESAU  Cytochrome P450 1A1 OS=Mesocricetus auratus OX=10036 GN=CYP1A1 PE=2 SV=2
   #    score  bias  c-Evalue  i-Evalue hmmfrom  hmm to    alifrom  ali to    envfrom  env to     acc
 ---   ------ ----- --------- --------- ------- -------    ------- -------    ------- -------    ----
   1 !   32.9   0.1   1.8e-09     8e-09       1      33 []     308     340 ..     308     340 .. 0.95

  Alignments for each domain:
  == domain 1  score: 32.9 bits;  conditional E-value: 1.8e-09
        ihelix_seed_hmm   1 deelvalvllLlvAGheTTtnaiswalllLlrh 33 
                            d+ +++++++L+ AG +T+t+aisw+l++L+++
  sp|Q00557|CP1A1_MESAU 308 DDRVINIIVDLFGAGFDTVTTAISWSLMYLVTN 340
                            67899**************************98 PP

>> sp|Q5VRI5|C93G2_ORYSJ  Cytochrome P450 93G2 OS=Oryza sativa subsp. japonica OX=39947 GN=CYP93G2 PE=1 SV=1
   #    score  bias  c-Evalue  i-Evalue hmmfrom  hmm to    alifrom  ali to    envfrom  env to     acc
 ---   ------ ----- --------- --------- ------- -------    ------- -------    ------- -------    ----
   1 !   33.1   0.2   1.5e-09   6.9e-09       2      33 .]     299     330 ..     298     330 .. 0.97

  Alignments for each domain:
  == domain 1  score: 33.1 bits;  conditional E-value: 1.5e-09
        ihelix_seed_hmm   2 eelvalvllLlvAGheTTtnaiswalllLlrh 33 
                            ++++a+vl++++AG +TT+++  w+l +L++h
  sp|Q5VRI5|C93G2_ORYSJ 299 DNIKAFVLDIFTAGSDTTATTVEWMLAELVNH 330
                            79****************************98 PP

>> sp|Q9SBQ9|F3PH_PETHY  Flavonoid 3'-monooxygenase OS=Petunia hybrida OX=4102 GN=CYP75B2 PE=2 SV=1
   #    score  bias  c-Evalue  i-Evalue hmmfrom  hmm to    alifrom  ali to    envfrom  env to     acc
 ---   ------ ----- --------- --------- ------- -------    ------- -------    ------- -------    ----
   1 !   32.4   0.2   2.5e-09   1.2e-08       1      33 []     291     323 ..     291     323 .. 0.96

  Alignments for each domain:
  == domain 1  score: 32.4 bits;  conditional E-value: 2.5e-09
       ihelix_seed_hmm   1 deelvalvllLlvAGheTTtnaiswalllLlrh 33 
                           d e++al l+L+vAG++T++++  wa+ +L+r+
  sp|Q9SBQ9|F3PH_PETHY 291 DTEIKALLLNLFVAGTDTSSSTVEWAIAELIRN 323
                           679****************************98 PP

>> sp|P33264|CP2CR_MESAU  Cytochrome P450 2C27 OS=Mesocricetus auratus OX=10036 GN=CYP2C27 PE=2 SV=1
   #    score  bias  c-Evalue  i-Evalue hmmfrom  hmm to    alifrom  ali to    envfrom  env to     acc
 ---   ------ ----- --------- --------- ------- -------    ------- -------    ------- -------    ----
   1 !   32.7   2.4     2e-09   9.2e-09       2      33 .]     285     316 ..     284     316 .. 0.97

  Alignments for each domain:
  == domain 1  score: 32.7 bits;  conditional E-value: 2e-09
        ihelix_seed_hmm   2 eelvalvllLlvAGheTTtnaiswalllLlrh 33 
                            e+l+ +v +L++AG+eTT++++++alllLl+h
  sp|P33264|CP2CR_MESAU 285 ENLATTVRDLFAAGTETTSTTLRYALLLLLKH 316
                            899***************************99 PP

>> sp|P11712|CP2C9_HUMAN  Cytochrome P450 2C9 OS=Homo sapiens OX=9606 GN=CYP2C9 PE=1 SV=3
   #    score  bias  c-Evalue  i-Evalue hmmfrom  hmm to    alifrom  ali to    envfrom  env to     acc
 ---   ------ ----- --------- --------- ------- -------    ------- -------    ------- -------    ----
   1 !   32.7   1.0     2e-09     9e-09       4      33 .]     287     316 ..     285     316 .. 0.94

  Alignments for each domain:
  == domain 1  score: 32.7 bits;  conditional E-value: 2e-09
        ihelix_seed_hmm   4 lvalvllLlvAGheTTtnaiswalllLlrh 33 
                            l +++++L+ AG+eTT++++++alllLl+h
  sp|P11712|CP2C9_HUMAN 287 LENTAVDLFGAGTETTSTTLRYALLLLLKH 316
                            6799************************99 PP

>> sp|Q55080|CP119_SULAC  Cytochrome P450 119 OS=Sulfolobus acidocaldarius (strain ATCC 33909 / DSM 639 / JCM 8929 / NBR
   #    score  bias  c-Evalue  i-Evalue hmmfrom  hmm to    alifrom  ali to    envfrom  env to     acc
 ---   ------ ----- --------- --------- ------- -------    ------- -------    ------- -------    ----
   1 !   32.5   0.1   2.3e-09     1e-08       2      32 ..     197     227 ..     196     228 .. 0.91

  Alignments for each domain:
  == domain 1  score: 32.5 bits;  conditional E-value: 2.3e-09
        ihelix_seed_hmm   2 eelvalvllLlvAGheTTtnaiswalllLlr 32 
                             e++++++lLl+AG+eTTtn+is++++ + r
  sp|Q55080|CP119_SULAC 197 IEKLGYIILLLIAGNETTTNLISNSVIDFTR 227
                            5899**********************98876 PP

>> sp|P33260|CP2CI_HUMAN  Cytochrome P450 2C18 OS=Homo sapiens OX=9606 GN=CYP2C18 PE=1 SV=3
   #    score  bias  c-Evalue  i-Evalue hmmfrom  hmm to    alifrom  ali to    envfrom  env to     acc
 ---   ------ ----- --------- --------- ------- -------    ------- -------    ------- -------    ----
   1 !   32.7   1.0     2e-09     9e-09       2      33 .]     285     316 ..     284     316 .. 0.95

  Alignments for each domain:
  == domain 1  score: 32.7 bits;  conditional E-value: 2e-09
        ihelix_seed_hmm   2 eelvalvllLlvAGheTTtnaiswalllLlrh 33 
                            e l+a+v++++ AG+eTT+++++++lllLl++
  sp|P33260|CP2CI_HUMAN 285 ESLIATVTDMFGAGTETTSTTLRYGLLLLLKY 316
                            679***************************86 PP

>> sp|Q7KWN2|C525A_DICDI  Probable cytochrome P450 525A1 OS=Dictyostelium discoideum OX=44689 GN=cyp525A1 PE=3 SV=1
   #    score  bias  c-Evalue  i-Evalue hmmfrom  hmm to    alifrom  ali to    envfrom  env to     acc
 ---   ------ ----- --------- --------- ------- -------    ------- -------    ------- -------    ----
   1 !   32.7   0.9     2e-09   9.1e-09       2      33 .]     380     411 ..     379     411 .. 0.96

  Alignments for each domain:
  == domain 1  score: 32.7 bits;  conditional E-value: 2e-09
        ihelix_seed_hmm   2 eelvalvllLlvAGheTTtnaiswalllLlrh 33 
                            +++++++ ++l+AGheT++n+++++++lL++h
  sp|Q7KWN2|C525A_DICDI 380 KDIIGNINTFLLAGHETSANLLTFIFYLLSTH 411
                            79****************************99 PP

>> sp|Q7G602|C75B3_ORYSJ  Flavonoid 3'-monooxygenase CYP75B3 OS=Oryza sativa subsp. japonica OX=39947 GN=CYP75B3 PE=2 SV
   #    score  bias  c-Evalue  i-Evalue hmmfrom  hmm to    alifrom  ali to    envfrom  env to     acc
 ---   ------ ----- --------- --------- ------- -------    ------- -------    ------- -------    ----
   1 !   32.1   0.9     3e-09   1.3e-08       3      33 .]     307     337 ..     305     337 .. 0.96

  Alignments for each domain:
  == domain 1  score: 32.1 bits;  conditional E-value: 3e-09
        ihelix_seed_hmm   3 elvalvllLlvAGheTTtnaiswalllLlrh 33 
                            +++al l+L++AG++TT+++  wal +L+rh
  sp|Q7G602|C75B3_ORYSJ 307 DIKALLLNLFTAGTDTTSSTVEWALAELIRH 337
                            799***************************9 PP

>> sp|A0A0A2J1Z6|CYPE4_PENEN  Self-sufficient cytochrome P450 monooxygenase CYP505E4 OS=Penicillium expansum OX=27334 GN
   #    score  bias  c-Evalue  i-Evalue hmmfrom  hmm to    alifrom  ali to    envfrom  env to     acc
 ---   ------ ----- --------- --------- ------- -------    ------- -------    ------- -------    ----
   1 !   32.4   0.4   2.4e-09   1.1e-08       4      33 .]     257     286 ..     254     286 .. 0.94

  Alignments for each domain:
  == domain 1  score: 32.4 bits;  conditional E-value: 2.4e-09
            ihelix_seed_hmm   4 lvalvllLlvAGheTTtnaiswalllLlrh 33 
                                ++++++++l+AGheTT+ ++s+++++Ll +
  sp|A0A0A2J1Z6|CYPE4_PENEN 257 IISNIITFLIAGHETTSGLLSFTFYYLLQN 286
                                899************************987 PP

>> sp|Q6NT55|CP4FN_HUMAN  Ultra-long-chain fatty acid omega-hydroxylase OS=Homo sapiens OX=9606 GN=CYP4F22 PE=1 SV=1
   #    score  bias  c-Evalue  i-Evalue hmmfrom  hmm to    alifrom  ali to    envfrom  env to     acc
 ---   ------ ----- --------- --------- ------- -------    ------- -------    ------- -------    ----
   1 !   33.6   0.0     1e-09   4.7e-09       1      33 []     322     354 ..     322     354 .. 0.97

  Alignments for each domain:
  == domain 1  score: 33.6 bits;  conditional E-value: 1e-09
        ihelix_seed_hmm   1 deelvalvllLlvAGheTTtnaiswalllLlrh 33 
                            de+++a + ++++ Gh+TT++ isw+l+ L+++
  sp|Q6NT55|CP4FN_HUMAN 322 DEDIRAEADTFMFEGHDTTSSGISWMLFNLAKY 354
                            79****************************986 PP

>> sp|A0A0N9HT29|C71BE_SINHE  Desmethyl-deoxy-podophyllotoxin synthase OS=Sinopodophyllum hexandrum OX=93608 GN=CYP71BE5
   #    score  bias  c-Evalue  i-Evalue hmmfrom  hmm to    alifrom  ali to    envfrom  env to     acc
 ---   ------ ----- --------- --------- ------- -------    ------- -------    ------- -------    ----
   1 !   32.2   0.0   2.8e-09   1.3e-08       2      33 .]     289     320 ..     288     320 .. 0.96

  Alignments for each domain:
  == domain 1  score: 32.2 bits;  conditional E-value: 2.8e-09
            ihelix_seed_hmm   2 eelvalvllLlvAGheTTtnaiswalllLlrh 33 
                                ++l+a +l+++vAG eT++++i wa+ ++l++
  sp|A0A0N9HT29|C71BE_SINHE 289 DNLKAVILDIFVAGSETSSTTIEWAMSEMLKN 320
                                799***************************98 PP

>> sp|A0A5B8YU73|GME63_PESMI  Cytochrome P450 monooxygenase GME11363 OS=Pestalotiopsis microspora OX=85828 GN=GME11363 P
   #    score  bias  c-Evalue  i-Evalue hmmfrom  hmm to    alifrom  ali to    envfrom  env to     acc
 ---   ------ ----- --------- --------- ------- -------    ------- -------    ------- -------    ----
   1 !   31.6   0.1   4.5e-09     2e-08       5      33 .]     338     366 ..     337     366 .. 0.92

  Alignments for each domain:
  == domain 1  score: 31.6 bits;  conditional E-value: 4.5e-09
            ihelix_seed_hmm   5 valvllLlvAGheTTtnaiswalllLlrh 33 
                                ++  l++l+AG+eTT+++i+w+l +L+++
  sp|A0A5B8YU73|GME63_PESMI 338 RDELLAFLFAGQETTGSTIGWSLKYLAMN 366
                                56789**********************97 PP

>> sp|Q42798|C93A1_SOYBN  3,9-dihydroxypterocarpan 6A-monooxygenase OS=Glycine max OX=3847 GN=CYP93A1 PE=1 SV=1
   #    score  bias  c-Evalue  i-Evalue hmmfrom  hmm to    alifrom  ali to    envfrom  env to     acc
 ---   ------ ----- --------- --------- ------- -------    ------- -------    ------- -------    ----
   1 !   32.3   0.0   2.6e-09   1.2e-08       2      33 .]     294     325 ..     293     325 .. 0.95

  Alignments for each domain:
  == domain 1  score: 32.3 bits;  conditional E-value: 2.6e-09
        ihelix_seed_hmm   2 eelvalvllLlvAGheTTtnaiswalllLlrh 33 
                            ++++a++++++vAG++T++ +i wa+ +L+++
  sp|Q42798|C93A1_SOYBN 294 KNIKAFIMDIFVAGTDTSAVSIEWAMAELINN 325
                            79***************************987 PP

>> sp|Q5KQT6|CP1A2_FELCA  Cytochrome P450 1A2 OS=Felis catus OX=9685 GN=CYP1A2 PE=2 SV=1
   #    score  bias  c-Evalue  i-Evalue hmmfrom  hmm to    alifrom  ali to    envfrom  env to     acc
 ---   ------ ----- --------- --------- ------- -------    ------- -------    ------- -------    ----
   1 !   32.1   0.2   3.1e-09   1.4e-08       1      33 []     300     332 ..     300     332 .. 0.96

  Alignments for each domain:
  == domain 1  score: 32.1 bits;  conditional E-value: 3.1e-09
        ihelix_seed_hmm   1 deelvalvllLlvAGheTTtnaiswalllLlrh 33 
                            +e +v+l+ +++ AG +T+t+aisw+l++L+++
  sp|Q5KQT6|CP1A2_FELCA 300 HEKIVSLINDIFGAGFDTVTTAISWSLMYLVTN 332
                            688****************************98 PP

>> sp|P14579|CP4A5_RABIT  Cytochrome P450 4A5 OS=Oryctolagus cuniculus OX=9986 GN=CYP4A5 PE=2 SV=1
   #    score  bias  c-Evalue  i-Evalue hmmfrom  hmm to    alifrom  ali to    envfrom  env to     acc
 ---   ------ ----- --------- --------- ------- -------    ------- -------    ------- -------    ----
   1 !   31.7   0.1   4.2e-09   1.9e-08       1      33 []     309     341 ..     309     341 .. 0.97

  Alignments for each domain:
  == domain 1  score: 31.7 bits;  conditional E-value: 4.2e-09
        ihelix_seed_hmm   1 deelvalvllLlvAGheTTtnaiswalllLlrh 33 
                            d++l+a v ++++ Gh+TT++  sw++++L++h
  sp|P14579|CP4A5_RABIT 309 DQDLRAEVDTFMFEGHDTTASGVSWIFYALATH 341
                            789*****************************9 PP

>> sp|P08516|CP4AA_RAT  Cytochrome P450 4A10 OS=Rattus norvegicus OX=10116 GN=Cyp4a10 PE=1 SV=2
   #    score  bias  c-Evalue  i-Evalue hmmfrom  hmm to    alifrom  ali to    envfrom  env to     acc
 ---   ------ ----- --------- --------- ------- -------    ------- -------    ------- -------    ----
   1 !   31.6   0.0   4.3e-09     2e-08       1      33 []     307     339 ..     307     339 .. 0.97

  Alignments for each domain:
  == domain 1  score: 31.6 bits;  conditional E-value: 4.3e-09
      ihelix_seed_hmm   1 deelvalvllLlvAGheTTtnaiswalllLlrh 33 
                          d++l+a v ++++ Gh+TT++  sw++++L++h
  sp|P08516|CP4AA_RAT 307 DKDLRAEVDTFMFEGHDTTASGVSWIFYALATH 339
                          789*****************************9 PP

>> sp|P0A513|CP51_MYCBO  Sterol 14alpha-demethylase OS=Mycobacterium bovis (strain ATCC BAA-935 / AF2122/97) OX=233413 G
   #    score  bias  c-Evalue  i-Evalue hmmfrom  hmm to    alifrom  ali to    envfrom  env to     acc
 ---   ------ ----- --------- --------- ------- -------    ------- -------    ------- -------    ----
   1 !   31.9   0.8   3.5e-09   1.6e-08       2      33 .]     244     275 ..     243     275 .. 0.97

  Alignments for each domain:
  == domain 1  score: 31.9 bits;  conditional E-value: 3.5e-09
       ihelix_seed_hmm   2 eelvalvllLlvAGheTTtnaiswalllLlrh 33 
                           +e++++++++++AGh+T++ + sw+l++L rh
  sp|P0A513|CP51_MYCBO 244 DEITGMFISMMFAGHHTSSGTASWTLIELMRH 275
                           8******************************9 PP

>> sp|P9WPP8|CP51_MYCTO  Sterol 14alpha-demethylase OS=Mycobacterium tuberculosis (strain CDC 1551 / Oshkosh) OX=83331 G
   #    score  bias  c-Evalue  i-Evalue hmmfrom  hmm to    alifrom  ali to    envfrom  env to     acc
 ---   ------ ----- --------- --------- ------- -------    ------- -------    ------- -------    ----
   1 !   31.9   0.8   3.5e-09   1.6e-08       2      33 .]     244     275 ..     243     275 .. 0.97

  Alignments for each domain:
  == domain 1  score: 31.9 bits;  conditional E-value: 3.5e-09
       ihelix_seed_hmm   2 eelvalvllLlvAGheTTtnaiswalllLlrh 33 
                           +e++++++++++AGh+T++ + sw+l++L rh
  sp|P9WPP8|CP51_MYCTO 244 DEITGMFISMMFAGHHTSSGTASWTLIELMRH 275
                           8******************************9 PP

>> sp|P9WPP9|CP51_MYCTU  Sterol 14alpha-demethylase OS=Mycobacterium tuberculosis (strain ATCC 25618 / H37Rv) OX=83332 G
   #    score  bias  c-Evalue  i-Evalue hmmfrom  hmm to    alifrom  ali to    envfrom  env to     acc
 ---   ------ ----- --------- --------- ------- -------    ------- -------    ------- -------    ----
   1 !   31.9   0.8   3.5e-09   1.6e-08       2      33 .]     244     275 ..     243     275 .. 0.97

  Alignments for each domain:
  == domain 1  score: 31.9 bits;  conditional E-value: 3.5e-09
       ihelix_seed_hmm   2 eelvalvllLlvAGheTTtnaiswalllLlrh 33 
                           +e++++++++++AGh+T++ + sw+l++L rh
  sp|P9WPP9|CP51_MYCTU 244 DEITGMFISMMFAGHHTSSGTASWTLIELMRH 275
                           8******************************9 PP

>> sp|O23365|C97B3_ARATH  Cytochrome P450 97B3, chloroplastic OS=Arabidopsis thaliana OX=3702 GN=CYP97B3 PE=1 SV=2
   #    score  bias  c-Evalue  i-Evalue hmmfrom  hmm to    alifrom  ali to    envfrom  env to     acc
 ---   ------ ----- --------- --------- ------- -------    ------- -------    ------- -------    ----
   1 !   32.6   0.3   2.1e-09   9.6e-09       2      33 .]     347     378 ..     346     378 .. 0.93

  Alignments for each domain:
  == domain 1  score: 32.6 bits;  conditional E-value: 2.1e-09
        ihelix_seed_hmm   2 eelvalvllLlvAGheTTtnaiswalllLlrh 33 
                             +l++  +++l+AGheTT+ +++wa++lL+ +
  sp|O23365|C97B3_ARATH 347 RQLRDDLMTMLIAGHETTAAVLTWAVFLLSQN 378
                            579999***********************976 PP

>> sp|P00184|CP1A1_MOUSE  Cytochrome P450 1A1 OS=Mus musculus OX=10090 GN=Cyp1a1 PE=1 SV=2
   #    score  bias  c-Evalue  i-Evalue hmmfrom  hmm to    alifrom  ali to    envfrom  env to     acc
 ---   ------ ----- --------- --------- ------- -------    ------- -------    ------- -------    ----
   1 !   32.1   0.2     3e-09   1.4e-08       1      33 []     308     340 ..     308     340 .. 0.94

  Alignments for each domain:
  == domain 1  score: 32.1 bits;  conditional E-value: 3e-09
        ihelix_seed_hmm   1 deelvalvllLlvAGheTTtnaiswalllLlrh 33 
                            d+ ++ +vl+L+ AG +T+t+aisw+l++L+++
  sp|P00184|CP1A1_MOUSE 308 DDKVITIVLDLFGAGFDTVTTAISWSLMYLVTN 340
                            6788999************************98 PP

>> sp|P33261|CP2CJ_HUMAN  Cytochrome P450 2C19 OS=Homo sapiens OX=9606 GN=CYP2C19 PE=1 SV=4
   #    score  bias  c-Evalue  i-Evalue hmmfrom  hmm to    alifrom  ali to    envfrom  env to     acc
 ---   ------ ----- --------- --------- ------- -------    ------- -------    ------- -------    ----
   1 !   32.3   2.5   2.6e-09   1.2e-08       2      33 .]     285     316 ..     284     316 .. 0.97

  Alignments for each domain:
  == domain 1  score: 32.3 bits;  conditional E-value: 2.6e-09
        ihelix_seed_hmm   2 eelvalvllLlvAGheTTtnaiswalllLlrh 33 
                            e+lv ++ +Ll AG+eTT++++++alllLl+h
  sp|P33261|CP2CJ_HUMAN 285 ENLVITAADLLGAGTETTSTTLRYALLLLLKH 316
                            799***************************99 PP

>> sp|P15128|CP4B1_RABIT  Cytochrome P450 4B1 OS=Oryctolagus cuniculus OX=9986 GN=CYP4B1 PE=1 SV=1
   #    score  bias  c-Evalue  i-Evalue hmmfrom  hmm to    alifrom  ali to    envfrom  env to     acc
 ---   ------ ----- --------- --------- ------- -------    ------- -------    ------- -------    ----
   1 !   32.2   0.0   2.9e-09   1.3e-08       2      32 ..     298     328 ..     297     329 .. 0.93

  Alignments for each domain:
  == domain 1  score: 32.2 bits;  conditional E-value: 2.9e-09
        ihelix_seed_hmm   2 eelvalvllLlvAGheTTtnaiswalllLlr 32 
                             +l+a v ++++ Gh+TTt+ isw+l++++ 
  sp|P15128|CP4B1_RABIT 298 TDLRAEVDTFMFEGHDTTTSGISWFLYCMAL 328
                            689**************************96 PP

>> sp|Q9GMC8|CP17A_FELCA  Steroid 17-alpha-hydroxylase/17,20 lyase OS=Felis catus OX=9685 GN=CYP17A1 PE=2 SV=1
   #    score  bias  c-Evalue  i-Evalue hmmfrom  hmm to    alifrom  ali to    envfrom  env to     acc
 ---   ------ ----- --------- --------- ------- -------    ------- -------    ------- -------    ----
   1 !   31.7   0.6   4.2e-09   1.9e-08       1      33 []     289     321 ..     289     321 .. 0.97

  Alignments for each domain:
  == domain 1  score: 31.7 bits;  conditional E-value: 4.2e-09
        ihelix_seed_hmm   1 deelvalvllLlvAGheTTtnaiswalllLlrh 33 
                            d++++ ++ +++ AG+eTTt++ +w++ +Ll+h
  sp|Q9GMC8|CP17A_FELCA 289 DKHILTTIGDIFGAGVETTTSVVRWTVAFLLHH 321
                            789****************************98 PP

>> sp|O62671|CP241_CANLF  Cytochrome P450 2C41 OS=Canis lupus familiaris OX=9615 GN=CYP2C41 PE=2 SV=1
   #    score  bias  c-Evalue  i-Evalue hmmfrom  hmm to    alifrom  ali to    envfrom  env to     acc
 ---   ------ ----- --------- --------- ------- -------    ------- -------    ------- -------    ----
   1 !   32.2   1.0   2.8e-09   1.3e-08       2      33 .]     284     315 ..     284     315 .. 0.96

  Alignments for each domain:
  == domain 1  score: 32.2 bits;  conditional E-value: 2.8e-09
        ihelix_seed_hmm   2 eelvalvllLlvAGheTTtnaiswalllLlrh 33 
                            e+l+ ++++L+ AG+eTT+++++++lllLl+h
  sp|O62671|CP241_CANLF 284 ENLKTIATDLFGAGTETTSTTLRYGLLLLLKH 315
                            689999************************99 PP

>> sp|P10611|CP4A4_RABIT  Cytochrome P450 4A4 OS=Oryctolagus cuniculus OX=9986 GN=CYP4A4 PE=1 SV=3
   #    score  bias  c-Evalue  i-Evalue hmmfrom  hmm to    alifrom  ali to    envfrom  env to     acc
 ---   ------ ----- --------- --------- ------- -------    ------- -------    ------- -------    ----
   1 !   31.7   0.1   4.2e-09   1.9e-08       1      33 []     308     340 ..     308     340 .. 0.97

  Alignments for each domain:
  == domain 1  score: 31.7 bits;  conditional E-value: 4.2e-09
        ihelix_seed_hmm   1 deelvalvllLlvAGheTTtnaiswalllLlrh 33 
                            d++l+a v ++++ Gh+TT++  sw++++L++h
  sp|P10611|CP4A4_RABIT 308 DQDLRAEVDTFMFEGHDTTASGVSWIFYALATH 340
                            789*****************************9 PP

>> sp|Q27520|C13A1_CAEEL  Putative cytochrome P450 CYP13A1 OS=Caenorhabditis elegans OX=6239 GN=cyp-13A1 PE=3 SV=1
   #    score  bias  c-Evalue  i-Evalue hmmfrom  hmm to    alifrom  ali to    envfrom  env to     acc
 ---   ------ ----- --------- --------- ------- -------    ------- -------    ------- -------    ----
   1 !   32.2   0.7   2.9e-09   1.3e-08       2      33 .]     314     345 ..     313     345 .. 0.98

  Alignments for each domain:
  == domain 1  score: 32.2 bits;  conditional E-value: 2.9e-09
        ihelix_seed_hmm   2 eelvalvllLlvAGheTTtnaiswalllLlrh 33 
                            ee+v++++++l+AG +TT+ ++s+a++lL++h
  sp|Q27520|C13A1_CAEEL 314 EEIVGQCTVFLIAGFDTTALSLSYATYLLATH 345
                            9******************************9 PP

>> sp|A0A5A4DV62|C9B27_PARPY  Cholesterol 22-hydroxylase CYP90B27 OS=Paris polyphylla OX=49666 GN=CYP90B27 PE=1 SV=1
   #    score  bias  c-Evalue  i-Evalue hmmfrom  hmm to    alifrom  ali to    envfrom  env to     acc
 ---   ------ ----- --------- --------- ------- -------    ------- -------    ------- -------    ----
   1 !   31.9   0.0   3.6e-09   1.6e-08       2      31 ..     275     304 ..     274     306 .. 0.94

  Alignments for each domain:
  == domain 1  score: 31.9 bits;  conditional E-value: 3.6e-09
            ihelix_seed_hmm   2 eelvalvllLlvAGheTTtnaiswalllLl 31 
                                e++++l+l++l+AGheT++ ai+ a+++L 
  sp|A0A5A4DV62|C9B27_PARPY 275 EQILDLILSMLFAGHETSSAAIALAIYFLD 304
                                89**************************96 PP

>> sp|P33274|CP4F1_RAT  Cytochrome P450 4F1 OS=Rattus norvegicus OX=10116 GN=Cyp4f1 PE=1 SV=1
   #    score  bias  c-Evalue  i-Evalue hmmfrom  hmm to    alifrom  ali to    envfrom  env to     acc
 ---   ------ ----- --------- --------- ------- -------    ------- -------    ------- -------    ----
   1 !   31.5   0.0   4.7e-09   2.1e-08       1      32 [.     315     346 ..     315     347 .. 0.96

  Alignments for each domain:
  == domain 1  score: 31.5 bits;  conditional E-value: 4.7e-09
      ihelix_seed_hmm   1 deelvalvllLlvAGheTTtnaiswalllLlr 32 
                          de+++a + ++++ Gh+TT++ +sw+l+ L++
  sp|P33274|CP4F1_RAT 315 DEDIRAEADTFMFEGHDTTASGLSWILYNLAN 346
                          79****************************96 PP

>> sp|P56654|CP237_MOUSE  Cytochrome P450 2C37 OS=Mus musculus OX=10090 GN=Cyp2c37 PE=1 SV=2
   #    score  bias  c-Evalue  i-Evalue hmmfrom  hmm to    alifrom  ali to    envfrom  env to     acc
 ---   ------ ----- --------- --------- ------- -------    ------- -------    ------- -------    ----
   1 !   31.8   2.0   3.8e-09   1.7e-08       2      33 .]     285     316 ..     284     316 .. 0.96

  Alignments for each domain:
  == domain 1  score: 31.8 bits;  conditional E-value: 3.8e-09
        ihelix_seed_hmm   2 eelvalvllLlvAGheTTtnaiswalllLlrh 33 
                            e+l+ +v++L+ AG+eTT++++++a+llLl++
  sp|P56654|CP237_MOUSE 285 EHLAITVTDLFSAGTETTSTTLRYAILLLLKY 316
                            899***************************86 PP

>> sp|C9K1X7|COTB4_STRMJ  Cyclooctatin synthase OS=Streptomyces melanosporofaciens OX=67327 GN=cotB4 PE=1 SV=1
   #    score  bias  c-Evalue  i-Evalue hmmfrom  hmm to    alifrom  ali to    envfrom  env to     acc
 ---   ------ ----- --------- --------- ------- -------    ------- -------    ------- -------    ----
   1 !   31.9   0.7   3.5e-09   1.6e-08       1      30 [.     259     288 ..     259     291 .. 0.92

  Alignments for each domain:
  == domain 1  score: 31.9 bits;  conditional E-value: 3.5e-09
        ihelix_seed_hmm   1 deelvalvllLlvAGheTTtnaiswalllL 30 
                            d+e++++v++Ll+AG+eTT++a++wa +lL
  sp|C9K1X7|COTB4_STRMJ 259 DQEIHDQVMTLLLAGIETTASALTWAWFLL 288
                            79***********************97777 PP

>> sp|Q82IY3|PTLI_STRAW  Pentalenene oxygenase OS=Streptomyces avermitilis (strain ATCC 31267 / DSM 46492 / JCM 5070 / N
   #    score  bias  c-Evalue  i-Evalue hmmfrom  hmm to    alifrom  ali to    envfrom  env to     acc
 ---   ------ ----- --------- --------- ------- -------    ------- -------    ------- -------    ----
   1 !   31.8   1.0   3.9e-09   1.8e-08       1      33 []     244     276 ..     244     276 .. 0.97

  Alignments for each domain:
  == domain 1  score: 31.8 bits;  conditional E-value: 3.9e-09
       ihelix_seed_hmm   1 deelvalvllLlvAGheTTtnaiswalllLlrh 33 
                           d e++++v+++++AG+eT++ +++w+++lL+rh
  sp|Q82IY3|PTLI_STRAW 244 DTEIHDQVITVMAAGTETVAGTLTWIFHLLSRH 276
                           679*****************************9 PP

>> sp|P9WPM4|CP137_MYCTO  Putative cytochrome P450 137 OS=Mycobacterium tuberculosis (strain CDC 1551 / Oshkosh) OX=8333
   #    score  bias  c-Evalue  i-Evalue hmmfrom  hmm to    alifrom  ali to    envfrom  env to     acc
 ---   ------ ----- --------- --------- ------- -------    ------- -------    ------- -------    ----
   1 !   31.5   1.7   4.7e-09   2.1e-08       1      33 []     288     320 ..     288     320 .. 0.96

  Alignments for each domain:
  == domain 1  score: 31.5 bits;  conditional E-value: 4.7e-09
        ihelix_seed_hmm   1 deelvalvllLlvAGheTTtnaiswalllLlrh 33 
                            d+e+++  ++L +AGheTT+++++wa+ lLl+h
  sp|P9WPM4|CP137_MYCTO 288 DSEIRDDLITLVLAGHETTATTLAWAFDLLLHH 320
                            79*************************999988 PP

>> sp|P9WPM5|CP137_MYCTU  Putative cytochrome P450 137 OS=Mycobacterium tuberculosis (strain ATCC 25618 / H37Rv) OX=8333
   #    score  bias  c-Evalue  i-Evalue hmmfrom  hmm to    alifrom  ali to    envfrom  env to     acc
 ---   ------ ----- --------- --------- ------- -------    ------- -------    ------- -------    ----
   1 !   31.5   1.7   4.7e-09   2.1e-08       1      33 []     288     320 ..     288     320 .. 0.96

  Alignments for each domain:
  == domain 1  score: 31.5 bits;  conditional E-value: 4.7e-09
        ihelix_seed_hmm   1 deelvalvllLlvAGheTTtnaiswalllLlrh 33 
                            d+e+++  ++L +AGheTT+++++wa+ lLl+h
  sp|P9WPM5|CP137_MYCTU 288 DSEIRDDLITLVLAGHETTATTLAWAFDLLLHH 320
                            79*************************999988 PP

>> sp|O88833|CP4AA_MOUSE  Cytochrome P450 4A10 OS=Mus musculus OX=10090 GN=Cyp4a10 PE=1 SV=2
   #    score  bias  c-Evalue  i-Evalue hmmfrom  hmm to    alifrom  ali to    envfrom  env to     acc
 ---   ------ ----- --------- --------- ------- -------    ------- -------    ------- -------    ----
   1 !   31.6   0.0   4.3e-09     2e-08       1      33 []     307     339 ..     307     339 .. 0.97

  Alignments for each domain:
  == domain 1  score: 31.6 bits;  conditional E-value: 4.3e-09
        ihelix_seed_hmm   1 deelvalvllLlvAGheTTtnaiswalllLlrh 33 
                            d++l+a v ++++ Gh+TT++  sw++++L++h
  sp|O88833|CP4AA_MOUSE 307 DKDLRAEVDTFMFEGHDTTASGVSWIFYALATH 339
                            789*****************************9 PP

>> sp|P13584|CP4B1_HUMAN  Cytochrome P450 4B1 OS=Homo sapiens OX=9606 GN=CYP4B1 PE=1 SV=2
   #    score  bias  c-Evalue  i-Evalue hmmfrom  hmm to    alifrom  ali to    envfrom  env to     acc
 ---   ------ ----- --------- --------- ------- -------    ------- -------    ------- -------    ----
   1 !   31.7   0.0     4e-09   1.8e-08       3      32 ..     304     333 ..     302     334 .. 0.93

  Alignments for each domain:
  == domain 1  score: 31.7 bits;  conditional E-value: 4e-09
        ihelix_seed_hmm   3 elvalvllLlvAGheTTtnaiswalllLlr 32 
                            +l+a v ++++ Gh+TTt+ isw+l++++ 
  sp|P13584|CP4B1_HUMAN 304 DLRAEVDTFMFEGHDTTTSGISWFLYCMAL 333
                            799*************************96 PP

>> sp|Q6VVW9|CP2R1_MOUSE  Vitamin D 25-hydroxylase OS=Mus musculus OX=10090 GN=Cyp2r1 PE=1 SV=1
   #    score  bias  c-Evalue  i-Evalue hmmfrom  hmm to    alifrom  ali to    envfrom  env to     acc
 ---   ------ ----- --------- --------- ------- -------    ------- -------    ------- -------    ----
   1 !   32.8   0.5   1.8e-09   8.3e-09       2      32 ..     298     328 ..     297     329 .. 0.93

  Alignments for each domain:
  == domain 1  score: 32.8 bits;  conditional E-value: 1.8e-09
        ihelix_seed_hmm   2 eelvalvllLlvAGheTTtnaiswalllLlr 32 
                            e+l+  v +L++AG+eTTtn+++wa+l+++ 
  sp|Q6VVW9|CP2R1_MOUSE 298 ENLIFSVGELIIAGTETTTNVLRWAILFMAL 328
                            789999***********************96 PP

>> sp|Q6VVX0|CP2R1_HUMAN  Vitamin D 25-hydroxylase OS=Homo sapiens OX=9606 GN=CYP2R1 PE=1 SV=1
   #    score  bias  c-Evalue  i-Evalue hmmfrom  hmm to    alifrom  ali to    envfrom  env to     acc
 ---   ------ ----- --------- --------- ------- -------    ------- -------    ------- -------    ----
   1 !   32.8   0.5   1.8e-09   8.3e-09       2      32 ..     298     328 ..     297     329 .. 0.93

  Alignments for each domain:
  == domain 1  score: 32.8 bits;  conditional E-value: 1.8e-09
        ihelix_seed_hmm   2 eelvalvllLlvAGheTTtnaiswalllLlr 32 
                            e+l+  v +L++AG+eTTtn+++wa+l+++ 
  sp|Q6VVX0|CP2R1_HUMAN 298 ENLIFSVGELIIAGTETTTNVLRWAILFMAL 328
                            789999***********************96 PP

>> sp|Q64462|CP4B1_MOUSE  Cytochrome P450 4B1 OS=Mus musculus OX=10090 GN=Cyp4b1 PE=1 SV=1
   #    score  bias  c-Evalue  i-Evalue hmmfrom  hmm to    alifrom  ali to    envfrom  env to     acc
 ---   ------ ----- --------- --------- ------- -------    ------- -------    ------- -------    ----
   1 !   31.7   0.0     4e-09   1.8e-08       3      32 ..     304     333 ..     302     334 .. 0.93

  Alignments for each domain:
  == domain 1  score: 31.7 bits;  conditional E-value: 4e-09
        ihelix_seed_hmm   3 elvalvllLlvAGheTTtnaiswalllLlr 32 
                            +l+a v ++++ Gh+TTt+ isw+l++++ 
  sp|Q64462|CP4B1_MOUSE 304 DLRAEVDTFMFEGHDTTTSGISWFLYCMAL 333
                            799*************************96 PP

>> sp|P37122|C76A2_SOLME  Cytochrome P450 76A2 OS=Solanum melongena OX=4111 GN=CYP76A2 PE=2 SV=1
   #    score  bias  c-Evalue  i-Evalue hmmfrom  hmm to    alifrom  ali to    envfrom  env to     acc
 ---   ------ ----- --------- --------- ------- -------    ------- -------    ------- -------    ----
   1 !   31.8   0.3   3.8e-09   1.7e-08       2      33 .]     297     328 ..     296     328 .. 0.97

  Alignments for each domain:
  == domain 1  score: 31.8 bits;  conditional E-value: 3.8e-09
        ihelix_seed_hmm   2 eelvalvllLlvAGheTTtnaiswalllLlrh 33 
                            +e++ +vl++++AG+eTT+++  wal +Llrh
  sp|P37122|C76A2_SOLME 297 HEIKIFVLEMFLAGTETTSSSVEWALTELLRH 328
                            79*****************************9 PP

>> sp|O64637|C76C2_ARATH  Cytochrome P450 76C2 OS=Arabidopsis thaliana OX=3702 GN=CYP76C2 PE=2 SV=1
   #    score  bias  c-Evalue  i-Evalue hmmfrom  hmm to    alifrom  ali to    envfrom  env to     acc
 ---   ------ ----- --------- --------- ------- -------    ------- -------    ------- -------    ----
   1 !   31.4   0.5     5e-09   2.3e-08       2      33 .]     300     331 ..     299     331 .. 0.96

  Alignments for each domain:
  == domain 1  score: 31.4 bits;  conditional E-value: 5e-09
        ihelix_seed_hmm   2 eelvalvllLlvAGheTTtnaiswalllLlrh 33 
                            +++v+l l+L+ AG++T +++  wa+ +Llr+
  sp|O64637|C76C2_ARATH 300 NDIVHLLLDLFGAGTDTNSSTVEWAMAELLRN 331
                            78*****************************8 PP

>> sp|P63720|CP139_MYCBO  Putative cytochrome P450 139 OS=Mycobacterium bovis (strain ATCC BAA-935 / AF2122/97) OX=23341
   #    score  bias  c-Evalue  i-Evalue hmmfrom  hmm to    alifrom  ali to    envfrom  env to     acc
 ---   ------ ----- --------- --------- ------- -------    ------- -------    ------- -------    ----
   1 !   31.8   0.3   3.9e-09   1.8e-08       1      32 [.     221     252 ..     221     252 .. 0.97

  Alignments for each domain:
  == domain 1  score: 31.8 bits;  conditional E-value: 3.9e-09
        ihelix_seed_hmm   1 deelvalvllLlvAGheTTtnaiswalllLlr 32 
                            d+e+++ +++L++AG eTT+ a++wa+++Ll+
  sp|P63720|CP139_MYCBO 221 DNEIRDSIVSLITAGYETTSGALAWAIYALLT 252
                            79****************************96 PP

>> sp|P9WPM0|CP139_MYCTO  Putative cytochrome P450 139 OS=Mycobacterium tuberculosis (strain CDC 1551 / Oshkosh) OX=8333
   #    score  bias  c-Evalue  i-Evalue hmmfrom  hmm to    alifrom  ali to    envfrom  env to     acc
 ---   ------ ----- --------- --------- ------- -------    ------- -------    ------- -------    ----
   1 !   31.8   0.3   3.9e-09   1.8e-08       1      32 [.     221     252 ..     221     252 .. 0.97

  Alignments for each domain:
  == domain 1  score: 31.8 bits;  conditional E-value: 3.9e-09
        ihelix_seed_hmm   1 deelvalvllLlvAGheTTtnaiswalllLlr 32 
                            d+e+++ +++L++AG eTT+ a++wa+++Ll+
  sp|P9WPM0|CP139_MYCTO 221 DNEIRDSIVSLITAGYETTSGALAWAIYALLT 252
                            79****************************96 PP

>> sp|P9WPM1|CP139_MYCTU  Putative cytochrome P450 139 OS=Mycobacterium tuberculosis (strain ATCC 25618 / H37Rv) OX=8333
   #    score  bias  c-Evalue  i-Evalue hmmfrom  hmm to    alifrom  ali to    envfrom  env to     acc
 ---   ------ ----- --------- --------- ------- -------    ------- -------    ------- -------    ----
   1 !   31.8   0.3   3.9e-09   1.8e-08       1      32 [.     221     252 ..     221     252 .. 0.97

  Alignments for each domain:
  == domain 1  score: 31.8 bits;  conditional E-value: 3.9e-09
        ihelix_seed_hmm   1 deelvalvllLlvAGheTTtnaiswalllLlr 32 
                            d+e+++ +++L++AG eTT+ a++wa+++Ll+
  sp|P9WPM1|CP139_MYCTU 221 DNEIRDSIVSLITAGYETTSGALAWAIYALLT 252
                            79****************************96 PP

>> sp|Q54NY3|C554A_DICDI  Probable cytochrome P450 554A1 OS=Dictyostelium discoideum OX=44689 GN=cyp554A1 PE=3 SV=1
   #    score  bias  c-Evalue  i-Evalue hmmfrom  hmm to    alifrom  ali to    envfrom  env to     acc
 ---   ------ ----- --------- --------- ------- -------    ------- -------    ------- -------    ----
   1 !   31.7   0.0   4.2e-09   1.9e-08       2      33 .]     303     334 ..     302     334 .. 0.96

  Alignments for each domain:
  == domain 1  score: 31.7 bits;  conditional E-value: 4.2e-09
        ihelix_seed_hmm   2 eelvalvllLlvAGheTTtnaiswalllLlrh 33 
                            e+++++++++l+AG++TT+++i w++l L+++
  sp|Q54NY3|C554A_DICDI 303 ENIKSICIDFLMAGTDTTGSTIEWIILKLVNN 334
                            79*************************99987 PP

>> sp|P15123|CP2CG_RABIT  Cytochrome P450 2C16 OS=Oryctolagus cuniculus OX=9986 GN=CYP2C16 PE=2 SV=1
   #    score  bias  c-Evalue  i-Evalue hmmfrom  hmm to    alifrom  ali to    envfrom  env to     acc
 ---   ------ ----- --------- --------- ------- -------    ------- -------    ------- -------    ----
   1 !   31.7   1.9     4e-09   1.8e-08       2      33 .]     282     313 ..     281     313 .. 0.95

  Alignments for each domain:
  == domain 1  score: 31.7 bits;  conditional E-value: 4e-09
        ihelix_seed_hmm   2 eelvalvllLlvAGheTTtnaiswalllLlrh 33 
                            e lv +v +L+ AG+eTT+++++++lllLl+h
  sp|P15123|CP2CG_RABIT 282 ESLVTTVFDLFGAGTETTSTTLRYSLLLLLKH 313
                            67999*************************99 PP

>> sp|P51590|CP2J3_RAT  Cytochrome P450 2J3 OS=Rattus norvegicus OX=10116 GN=Cyp2j3 PE=2 SV=1
   #    score  bias  c-Evalue  i-Evalue hmmfrom  hmm to    alifrom  ali to    envfrom  env to     acc
 ---   ------ ----- --------- --------- ------- -------    ------- -------    ------- -------    ----
   1 !   31.4   0.7   5.1e-09   2.3e-08       9      32 ..     306     329 ..     298     330 .. 0.91

  Alignments for each domain:
  == domain 1  score: 31.4 bits;  conditional E-value: 5.1e-09
      ihelix_seed_hmm   9 llLlvAGheTTtnaiswalllLlr 32 
                          l+L++AG+eTT+++++wall+++ 
  sp|P51590|CP2J3_RAT 306 LDLFFAGTETTSTTLRWALLCMAL 329
                          89********************96 PP

>> sp|Q91X77|CY250_MOUSE  Cytochrome P450 2C50 OS=Mus musculus OX=10090 GN=Cyp2c50 PE=1 SV=2
   #    score  bias  c-Evalue  i-Evalue hmmfrom  hmm to    alifrom  ali to    envfrom  env to     acc
 ---   ------ ----- --------- --------- ------- -------    ------- -------    ------- -------    ----
   1 !   31.7   2.4     4e-09   1.8e-08       2      33 .]     285     316 ..     284     316 .. 0.96

  Alignments for each domain:
  == domain 1  score: 31.7 bits;  conditional E-value: 4e-09
        ihelix_seed_hmm   2 eelvalvllLlvAGheTTtnaiswalllLlrh 33 
                            e+l+ +v++L+ AG+eTT++++++alllLl++
  sp|Q91X77|CY250_MOUSE 285 EHLAITVTDLFSAGTETTSTTLRYALLLLLKY 316
                            899***************************86 PP

>> sp|Q64391|CP1A2_CAVPO  Cytochrome P450 1A2 OS=Cavia porcellus OX=10141 GN=CYP1A2 PE=2 SV=1
   #    score  bias  c-Evalue  i-Evalue hmmfrom  hmm to    alifrom  ali to    envfrom  env to     acc
 ---   ------ ----- --------- --------- ------- -------    ------- -------    ------- -------    ----
   1 !   31.1   0.0   6.2e-09   2.8e-08       3      32 ..     306     335 ..     304     336 .. 0.94

  Alignments for each domain:
  == domain 1  score: 31.1 bits;  conditional E-value: 6.2e-09
        ihelix_seed_hmm   3 elvalvllLlvAGheTTtnaiswalllLlr 32 
                             +v+lv +++ AG +T+t+aisw+ll+L++
  sp|Q64391|CP1A2_CAVPO 306 KIVNLVNDIFGAGFDTVTTAISWSLLYLVT 335
                            69**************************87 PP

>> sp|P15540|CP21A_PIG  Steroid 21-hydroxylase OS=Sus scrofa OX=9823 GN=CYP21 PE=1 SV=2
   #    score  bias  c-Evalue  i-Evalue hmmfrom  hmm to    alifrom  ali to    envfrom  env to     acc
 ---   ------ ----- --------- --------- ------- -------    ------- -------    ------- -------    ----
   1 !   31.5   1.3   4.8e-09   2.2e-08       8      33 .]     284     309 ..     279     309 .. 0.95

  Alignments for each domain:
  == domain 1  score: 31.5 bits;  conditional E-value: 4.8e-09
      ihelix_seed_hmm   8 vllLlvAGheTTtnaiswalllLlrh 33 
                          v++L+++G+eTT+n++swa+ +Ll+h
  sp|P15540|CP21A_PIG 284 VVDLFIGGTETTANTLSWAVVYLLHH 309
                          89**********************98 PP

>> sp|P79761|CP1A5_CHICK  Cytochrome P450 1A5 OS=Gallus gallus OX=9031 GN=CYP1A5 PE=2 SV=1
   #    score  bias  c-Evalue  i-Evalue hmmfrom  hmm to    alifrom  ali to    envfrom  env to     acc
 ---   ------ ----- --------- --------- ------- -------    ------- -------    ------- -------    ----
   1 !   30.4   0.2   1.1e-08   4.9e-08       2      33 .]     314     345 ..     313     345 .. 0.95

  Alignments for each domain:
  == domain 1  score: 30.4 bits;  conditional E-value: 1.1e-08
        ihelix_seed_hmm   2 eelvalvllLlvAGheTTtnaiswalllLlrh 33 
                            e +++lv +++ AG +T+t+a+sw+l++L+++
  sp|P79761|CP1A5_CHICK 314 EKIINLVNDIFGAGFDTVTTALSWSLMYLVTY 345
                            679**************************986 PP

>> sp|Q92148|CP1A1_MICTO  Cytochrome P450 1A1 OS=Microgadus tomcod OX=34823 GN=cyp1a1 PE=2 SV=1
   #    score  bias  c-Evalue  i-Evalue hmmfrom  hmm to    alifrom  ali to    envfrom  env to     acc
 ---   ------ ----- --------- --------- ------- -------    ------- -------    ------- -------    ----
   1 !   30.8   0.0     8e-09   3.6e-08       1      33 []     305     337 ..     305     337 .. 0.97

  Alignments for each domain:
  == domain 1  score: 30.8 bits;  conditional E-value: 8e-09
        ihelix_seed_hmm   1 deelvalvllLlvAGheTTtnaiswalllLlrh 33 
                            de +v++v +L+ AG +T+++a+sw++++L+ h
  sp|Q92148|CP1A1_MICTO 305 DEKIVGIVNDLFGAGFDTVSTALSWSVMYLVAH 337
                            789***************************988 PP

>> sp|Q07973|CP24A_HUMAN  1,25-dihydroxyvitamin D(3) 24-hydroxylase, mitochondrial OS=Homo sapiens OX=9606 GN=CYP24A1 PE
   #    score  bias  c-Evalue  i-Evalue hmmfrom  hmm to    alifrom  ali to    envfrom  env to     acc
 ---   ------ ----- --------- --------- ------- -------    ------- -------    ------- -------    ----
   1 !   31.4   0.1   5.3e-09   2.4e-08       2      33 .]     314     345 ..     313     345 .. 0.97

  Alignments for each domain:
  == domain 1  score: 31.4 bits;  conditional E-value: 5.3e-09
        ihelix_seed_hmm   2 eelvalvllLlvAGheTTtnaiswalllLlrh 33 
                            +el a+v++L++A++eTT+n++ w+l+ L+r+
  sp|Q07973|CP24A_HUMAN 314 KELYAAVTELQLAAVETTANSLMWILYNLSRN 345
                            799***************************98 PP

>> sp|O64989|C90B1_ARATH  Steroid (22S)-hydroxylase OS=Arabidopsis thaliana OX=3702 GN=CYP90B1 PE=1 SV=2
   #    score  bias  c-Evalue  i-Evalue hmmfrom  hmm to    alifrom  ali to    envfrom  env to     acc
 ---   ------ ----- --------- --------- ------- -------    ------- -------    ------- -------    ----
   1 !   31.2   0.5   5.7e-09   2.6e-08       2      31 ..     299     328 ..     298     330 .. 0.94

  Alignments for each domain:
  == domain 1  score: 31.2 bits;  conditional E-value: 5.7e-09
        ihelix_seed_hmm   2 eelvalvllLlvAGheTTtnaiswalllLl 31 
                            e++++l+l+Ll+AGheT++ ai+ a+++L 
  sp|O64989|C90B1_ARATH 299 EQILDLILSLLFAGHETSSVAIALAIFFLQ 328
                            89**************************95 PP

>> sp|F1SYB6|CY128_POSPM  Cytochrome P450 monooxygenase 128 OS=Postia placenta (strain ATCC 44394 / Madison 698-R) OX=56
   #    score  bias  c-Evalue  i-Evalue hmmfrom  hmm to    alifrom  ali to    envfrom  env to     acc
 ---   ------ ----- --------- --------- ------- -------    ------- -------    ------- -------    ----
   1 !   31.4   0.0   5.2e-09   2.4e-08       1      32 [.     316     347 ..     316     348 .. 0.94

  Alignments for each domain:
  == domain 1  score: 31.4 bits;  conditional E-value: 5.2e-09
        ihelix_seed_hmm   1 deelvalvllLlvAGheTTtnaiswalllLlr 32 
                            de+++a+v ++lvAGheTT+na++w l++L+ 
  sp|F1SYB6|CY128_POSPM 316 DEDVLAQVPTFLVAGHETTSNATTWCLYALAQ 347
                            7999999***********************95 PP

>> sp|Q9JMA7|CP341_MOUSE  Cytochrome P450 3A41 OS=Mus musculus OX=10090 GN=Cyp3a41a PE=1 SV=2
   #    score  bias  c-Evalue  i-Evalue hmmfrom  hmm to    alifrom  ali to    envfrom  env to     acc
 ---   ------ ----- --------- --------- ------- -------    ------- -------    ------- -------    ----
   1 !   31.5   0.3   4.6e-09   2.1e-08       3      33 .]     295     325 ..     293     325 .. 0.97

  Alignments for each domain:
  == domain 1  score: 31.5 bits;  conditional E-value: 4.6e-09
        ihelix_seed_hmm   3 elvalvllLlvAGheTTtnaiswalllLlrh 33 
                            e++a+ +++++AG eTT++++s++l++L++h
  sp|Q9JMA7|CP341_MOUSE 295 EITAQSIVFIFAGYETTSSTLSFTLYCLATH 325
                            89****************************9 PP

>> sp|Q59831|CPS2_STRCC  Cytochrome P450 105A3 OS=Streptomyces carbophilus OX=44059 GN=cyp105A3 PE=1 SV=3
   #    score  bias  c-Evalue  i-Evalue hmmfrom  hmm to    alifrom  ali to    envfrom  env to     acc
 ---   ------ ----- --------- --------- ------- -------    ------- -------    ------- -------    ----
   1 !   32.5   4.6   2.4e-09   1.1e-08       3      33 .]     237     267 ..     236     267 .. 0.98

  Alignments for each domain:
  == domain 1  score: 32.5 bits;  conditional E-value: 2.4e-09
       ihelix_seed_hmm   3 elvalvllLlvAGheTTtnaiswalllLlrh 33 
                           el++++llLlvAGheTT++++s ++++Ll+h
  sp|Q59831|CPS2_STRCC 237 ELISTALLLLVAGHETTASMTSLSVITLLEH 267
                           89***************************98 PP

>> sp|Q8SPK0|CP4AP_PIG  Cytochrome P450 4A25 OS=Sus scrofa OX=9823 GN=CYP4A25 PE=2 SV=1
   #    score  bias  c-Evalue  i-Evalue hmmfrom  hmm to    alifrom  ali to    envfrom  env to     acc
 ---   ------ ----- --------- --------- ------- -------    ------- -------    ------- -------    ----
   1 !   32.4   0.1   2.4e-09   1.1e-08       2      33 .]     303     334 ..     302     334 .. 0.95

  Alignments for each domain:
  == domain 1  score: 32.4 bits;  conditional E-value: 2.4e-09
      ihelix_seed_hmm   2 eelvalvllLlvAGheTTtnaiswalllLlrh 33 
                           +l+a v ++++ Gh+TT++ isw+l++L++h
  sp|Q8SPK0|CP4AP_PIG 303 TDLRAEVDTFMFEGHDTTASGISWILYALASH 334
                          689***************************98 PP

>> sp|Q8SPK1|CP4AO_PIG  Cytochrome P450 4A24 OS=Sus scrofa OX=9823 GN=CYP4A24 PE=2 SV=1
   #    score  bias  c-Evalue  i-Evalue hmmfrom  hmm to    alifrom  ali to    envfrom  env to     acc
 ---   ------ ----- --------- --------- ------- -------    ------- -------    ------- -------    ----
   1 !   32.4   0.1   2.4e-09   1.1e-08       2      33 .]     303     334 ..     302     334 .. 0.95

  Alignments for each domain:
  == domain 1  score: 32.4 bits;  conditional E-value: 2.4e-09
      ihelix_seed_hmm   2 eelvalvllLlvAGheTTtnaiswalllLlrh 33 
                           +l+a v ++++ Gh+TT++ isw+l++L++h
  sp|Q8SPK1|CP4AO_PIG 303 TDLRAEVDTFMFEGHDTTASGISWILYALASH 334
                          689***************************98 PP

>> sp|P33263|CP2CQ_MESAU  Cytochrome P450 2C26 OS=Mesocricetus auratus OX=10036 GN=CYP2C26 PE=2 SV=1
   #    score  bias  c-Evalue  i-Evalue hmmfrom  hmm to    alifrom  ali to    envfrom  env to     acc
 ---   ------ ----- --------- --------- ------- -------    ------- -------    ------- -------    ----
   1 !   31.3   2.5   5.5e-09   2.5e-08       2      33 .]     285     316 ..     285     316 .. 0.97

  Alignments for each domain:
  == domain 1  score: 31.3 bits;  conditional E-value: 5.5e-09
        ihelix_seed_hmm   2 eelvalvllLlvAGheTTtnaiswalllLlrh 33 
                            e+l+ +v +L++AG+eTT++++++alllLl+h
  sp|P33263|CP2CQ_MESAU 285 ENLATTVSDLFAAGTETTSTTLRYALLLLLKH 316
                            78999*************************99 PP

>> sp|Q09128|CP24A_RAT  1,25-dihydroxyvitamin D(3) 24-hydroxylase, mitochondrial OS=Rattus norvegicus OX=10116 GN=Cyp24a
   #    score  bias  c-Evalue  i-Evalue hmmfrom  hmm to    alifrom  ali to    envfrom  env to     acc
 ---   ------ ----- --------- --------- ------- -------    ------- -------    ------- -------    ----
   1 !   31.4   0.1   5.3e-09   2.4e-08       2      33 .]     314     345 ..     313     345 .. 0.97

  Alignments for each domain:
  == domain 1  score: 31.4 bits;  conditional E-value: 5.3e-09
      ihelix_seed_hmm   2 eelvalvllLlvAGheTTtnaiswalllLlrh 33 
                          +el a+v++L++A++eTT+n++ w+l+ L+r+
  sp|Q09128|CP24A_RAT 314 KELYAAVTELQLAAVETTANSLMWILYNLSRN 345
                          799***************************98 PP

>> sp|A0A517FNC6|C9B51_TRIFG  Cholesterol 22-monohydroxylase CYP90B51 OS=Trigonella foenum-graecum OX=78534 GN=CYP90B51 
   #    score  bias  c-Evalue  i-Evalue hmmfrom  hmm to    alifrom  ali to    envfrom  env to     acc
 ---   ------ ----- --------- --------- ------- -------    ------- -------    ------- -------    ----
   1 !   31.2   0.7   6.1e-09   2.8e-08       2      30 ..     276     304 ..     275     304 .. 0.96

  Alignments for each domain:
  == domain 1  score: 31.2 bits;  conditional E-value: 6.1e-09
            ihelix_seed_hmm   2 eelvalvllLlvAGheTTtnaiswalllL 30 
                                e++++l+l+Ll+AGheT++ +i+ a+++L
  sp|A0A517FNC6|C9B51_TRIFG 276 EQILDLILSLLFAGHETSSVSIALAIYFL 304
                                89*************************98 PP

>> sp|Q87AV9|C1332_XYLFT  Putative cytochrome P450 133B2 OS=Xylella fastidiosa (strain Temecula1 / ATCC 700964) OX=18319
   #    score  bias  c-Evalue  i-Evalue hmmfrom  hmm to    alifrom  ali to    envfrom  env to     acc
 ---   ------ ----- --------- --------- ------- -------    ------- -------    ------- -------    ----
   1 !   31.2   0.4   5.9e-09   2.7e-08       1      33 []     225     257 ..     225     257 .. 0.96

  Alignments for each domain:
  == domain 1  score: 31.2 bits;  conditional E-value: 5.9e-09
        ihelix_seed_hmm   1 deelvalvllLlvAGheTTtnaiswalllLlrh 33 
                            ++e+v++v+lLl++G eTT+n+i++al++L rh
  sp|Q87AV9|C1332_XYLFT 225 HDEIVSNVILLLLGGYETTSNMIGNALIALHRH 257
                            69***************************9887 PP

>> sp|Q64441|CP24A_MOUSE  1,25-dihydroxyvitamin D(3) 24-hydroxylase, mitochondrial OS=Mus musculus OX=10090 GN=Cyp24a1 P
   #    score  bias  c-Evalue  i-Evalue hmmfrom  hmm to    alifrom  ali to    envfrom  env to     acc
 ---   ------ ----- --------- --------- ------- -------    ------- -------    ------- -------    ----
   1 !   31.4   0.1   5.3e-09   2.4e-08       2      33 .]     314     345 ..     313     345 .. 0.97

  Alignments for each domain:
  == domain 1  score: 31.4 bits;  conditional E-value: 5.3e-09
        ihelix_seed_hmm   2 eelvalvllLlvAGheTTtnaiswalllLlrh 33 
                            +el a+v++L++A++eTT+n++ w+l+ L+r+
  sp|Q64441|CP24A_MOUSE 314 KELYAAVTELQLAAVETTANSLMWILYNLSRN 345
                            799***************************98 PP

>> sp|P55540|CPXU_SINFN  Cytochrome P450 BJ-4 homolog OS=Sinorhizobium fredii (strain NBRC 101917 / NGR234) OX=394 GN=cy
   #    score  bias  c-Evalue  i-Evalue hmmfrom  hmm to    alifrom  ali to    envfrom  env to     acc
 ---   ------ ----- --------- --------- ------- -------    ------- -------    ------- -------    ----
   1 !   31.3   0.5   5.7e-09   2.6e-08       4      32 ..     248     276 ..     245     277 .. 0.94

  Alignments for each domain:
  == domain 1  score: 31.3 bits;  conditional E-value: 5.7e-09
       ihelix_seed_hmm   4 lvalvllLlvAGheTTtnaiswalllLlr 32 
                           lva++ lLl+AGh+TT+++ +w++++L+r
  sp|P55540|CPXU_SINFN 248 LVANIRLLLLAGHDTTASTMAWMVIELAR 276
                           7999***********************98 PP

>> sp|Q9PGE6|C1332_XYLFA  Putative cytochrome P450 133B2 OS=Xylella fastidiosa (strain 9a5c) OX=160492 GN=cyp133B2 PE=3 
   #    score  bias  c-Evalue  i-Evalue hmmfrom  hmm to    alifrom  ali to    envfrom  env to     acc
 ---   ------ ----- --------- --------- ------- -------    ------- -------    ------- -------    ----
   1 !   31.2   0.4   5.9e-09   2.7e-08       1      33 []     225     257 ..     225     257 .. 0.96

  Alignments for each domain:
  == domain 1  score: 31.2 bits;  conditional E-value: 5.9e-09
        ihelix_seed_hmm   1 deelvalvllLlvAGheTTtnaiswalllLlrh 33 
                            ++e+v++v+lLl++G eTT+n+i++al++L rh
  sp|Q9PGE6|C1332_XYLFA 225 HDEIVSNVILLLLGGYETTSNMIGNALIALHRH 257
                            69***************************9887 PP

>> sp|Q9HGE0|FUM6_GIBM7  Bifunctional cytochrome P450/NADPH--P450 reductase OS=Gibberella moniliformis (strain M3125 / F
   #    score  bias  c-Evalue  i-Evalue hmmfrom  hmm to    alifrom  ali to    envfrom  env to     acc
 ---   ------ ----- --------- --------- ------- -------    ------- -------    ------- -------    ----
   1 !   31.0   0.2   7.1e-09   3.2e-08       3      33 .]     273     303 ..     272     303 .. 0.95

  Alignments for each domain:
  == domain 1  score: 31.0 bits;  conditional E-value: 7.1e-09
       ihelix_seed_hmm   3 elvalvllLlvAGheTTtnaiswalllLlrh 33 
                            +v++ l++l+AGheTT++++s+ +++Ll++
  sp|Q9HGE0|FUM6_GIBM7 273 SIVDNLLTFLIAGHETTSSLLSFCFYYLLEN 303
                           6999*************************97 PP

>> sp|Q9QXF7|CP2J4_RAT  Cytochrome P450 2J4 OS=Rattus norvegicus OX=10116 GN=CYP2J4 PE=1 SV=1
   #    score  bias  c-Evalue  i-Evalue hmmfrom  hmm to    alifrom  ali to    envfrom  env to     acc
 ---   ------ ----- --------- --------- ------- -------    ------- -------    ------- -------    ----
   1 !   30.8   1.0     8e-09   3.6e-08       9      32 ..     305     328 ..     297     329 .. 0.91

  Alignments for each domain:
  == domain 1  score: 30.8 bits;  conditional E-value: 8e-09
      ihelix_seed_hmm   9 llLlvAGheTTtnaiswalllLlr 32 
                          l+L++AG+eTT+++++wall+++ 
  sp|Q9QXF7|CP2J4_RAT 305 LDLFFAGTETTSTTLRWALLYMAL 328
                          89********************96 PP

>> sp|P9WPP2|CP124_MYCTO  Methyl-branched lipid omega-hydroxylase OS=Mycobacterium tuberculosis (strain CDC 1551 / Oshko
   #    score  bias  c-Evalue  i-Evalue hmmfrom  hmm to    alifrom  ali to    envfrom  env to     acc
 ---   ------ ----- --------- --------- ------- -------    ------- -------    ------- -------    ----
   1 !   31.2   0.1   5.9e-09   2.7e-08       3      33 .]     256     286 ..     254     286 .. 0.96

  Alignments for each domain:
  == domain 1  score: 31.2 bits;  conditional E-value: 5.9e-09
        ihelix_seed_hmm   3 elvalvllLlvAGheTTtnaiswalllLlrh 33 
                            e++++++lL vAG+eTT nai+ ++l+L+r+
  sp|P9WPP2|CP124_MYCTO 256 EIASFFILLVVAGNETTRNAITHGVLALSRY 286
                            9****************************97 PP

>> sp|O42430|CP1A1_LIMLI  Cytochrome P450 1A1 OS=Limanda limanda OX=27771 GN=cyp1a1 PE=2 SV=1
   #    score  bias  c-Evalue  i-Evalue hmmfrom  hmm to    alifrom  ali to    envfrom  env to     acc
 ---   ------ ----- --------- --------- ------- -------    ------- -------    ------- -------    ----
   1 !   30.8   0.0   8.1e-09   3.7e-08       1      33 []     309     341 ..     309     341 .. 0.97

  Alignments for each domain:
  == domain 1  score: 30.8 bits;  conditional E-value: 8.1e-09
        ihelix_seed_hmm   1 deelvalvllLlvAGheTTtnaiswalllLlrh 33 
                            de +v++v +L+ AG +T+++a+sw++++L+ h
  sp|O42430|CP1A1_LIMLI 309 DEKIVGIVNDLFGAGFDTVSTALSWSVMYLVAH 341
                            789***************************988 PP

>> sp|Q9YH64|CP1A1_PLAFE  Cytochrome P450 1A1 OS=Platichthys flesus OX=8260 GN=cyp1a1 PE=3 SV=1
   #    score  bias  c-Evalue  i-Evalue hmmfrom  hmm to    alifrom  ali to    envfrom  env to     acc
 ---   ------ ----- --------- --------- ------- -------    ------- -------    ------- -------    ----
   1 !   30.8   0.0   8.1e-09   3.7e-08       1      33 []     309     341 ..     309     341 .. 0.97

  Alignments for each domain:
  == domain 1  score: 30.8 bits;  conditional E-value: 8.1e-09
        ihelix_seed_hmm   1 deelvalvllLlvAGheTTtnaiswalllLlrh 33 
                            de +v++v +L+ AG +T+++a+sw++++L+ h
  sp|Q9YH64|CP1A1_PLAFE 309 DEKIVGIVNDLFGAGFDTVSTALSWSVMYLVAH 341
                            789***************************988 PP

>> sp|P0A517|CP124_MYCBO  Methyl-branched lipid omega-hydroxylase OS=Mycobacterium bovis (strain ATCC BAA-935 / AF2122/9
   #    score  bias  c-Evalue  i-Evalue hmmfrom  hmm to    alifrom  ali to    envfrom  env to     acc
 ---   ------ ----- --------- --------- ------- -------    ------- -------    ------- -------    ----
   1 !   31.2   0.1   5.9e-09   2.7e-08       3      33 .]     256     286 ..     254     286 .. 0.96

  Alignments for each domain:
  == domain 1  score: 31.2 bits;  conditional E-value: 5.9e-09
        ihelix_seed_hmm   3 elvalvllLlvAGheTTtnaiswalllLlrh 33 
                            e++++++lL vAG+eTT nai+ ++l+L+r+
  sp|P0A517|CP124_MYCBO 256 EIASFFILLVVAGNETTRNAITHGVLALSRY 286
                            9****************************97 PP

>> sp|P9WPP3|CP124_MYCTU  Methyl-branched lipid omega-hydroxylase OS=Mycobacterium tuberculosis (strain ATCC 25618 / H37
   #    score  bias  c-Evalue  i-Evalue hmmfrom  hmm to    alifrom  ali to    envfrom  env to     acc
 ---   ------ ----- --------- --------- ------- -------    ------- -------    ------- -------    ----
   1 !   31.2   0.1   5.9e-09   2.7e-08       3      33 .]     256     286 ..     254     286 .. 0.96

  Alignments for each domain:
  == domain 1  score: 31.2 bits;  conditional E-value: 5.9e-09
        ihelix_seed_hmm   3 elvalvllLlvAGheTTtnaiswalllLlrh 33 
                            e++++++lL vAG+eTT nai+ ++l+L+r+
  sp|P9WPP3|CP124_MYCTU 256 EIASFFILLVVAGNETTRNAITHGVLALSRY 286
                            9****************************97 PP

>> sp|Q92100|CP1A1_PLEPL  Cytochrome P450 1A1 OS=Pleuronectes platessa OX=8262 GN=cyp1a1 PE=2 SV=1
   #    score  bias  c-Evalue  i-Evalue hmmfrom  hmm to    alifrom  ali to    envfrom  env to     acc
 ---   ------ ----- --------- --------- ------- -------    ------- -------    ------- -------    ----
   1 !   30.8   0.0   8.1e-09   3.7e-08       1      33 []     309     341 ..     309     341 .. 0.97

  Alignments for each domain:
  == domain 1  score: 30.8 bits;  conditional E-value: 8.1e-09
        ihelix_seed_hmm   1 deelvalvllLlvAGheTTtnaiswalllLlrh 33 
                            de +v++v +L+ AG +T+++a+sw++++L+ h
  sp|Q92100|CP1A1_PLEPL 309 DEKIVGIVNDLFGAGFDTVSTALSWSVMYLVAH 341
                            789***************************988 PP

>> sp|Q42716|C71A8_MENPI  Cytochrome P450 71A8 OS=Mentha piperita OX=34256 GN=CYP71A8 PE=3 SV=1
   #    score  bias  c-Evalue  i-Evalue hmmfrom  hmm to    alifrom  ali to    envfrom  env to     acc
 ---   ------ ----- --------- --------- ------- -------    ------- -------    ------- -------    ----
   1 !   30.6   0.1     9e-09   4.1e-08       2      33 .]     296     327 ..     295     327 .. 0.96

  Alignments for each domain:
  == domain 1  score: 30.6 bits;  conditional E-value: 9e-09
        ihelix_seed_hmm   2 eelvalvllLlvAGheTTtnaiswalllLlrh 33 
                            + ++a++l++++AG++TT+ ++ wa+ +Llrh
  sp|Q42716|C71A8_MENPI 296 DSIKAIILDVFAAGTDTTAVVLEWAMTELLRH 327
                            5799***************************9 PP

>> sp|Q08078|CP2CP_MESAU  Cytochrome P450 2C25 OS=Mesocricetus auratus OX=10036 GN=CYP2C25 PE=2 SV=1
   #    score  bias  c-Evalue  i-Evalue hmmfrom  hmm to    alifrom  ali to    envfrom  env to     acc
 ---   ------ ----- --------- --------- ------- -------    ------- -------    ------- -------    ----
   1 !   30.9   3.0   7.4e-09   3.4e-08       2      33 .]     285     316 ..     284     316 .. 0.97

  Alignments for each domain:
  == domain 1  score: 30.9 bits;  conditional E-value: 7.4e-09
        ihelix_seed_hmm   2 eelvalvllLlvAGheTTtnaiswalllLlrh 33 
                            e+l+ +v +L+ AG+eTT++++++alllLl+h
  sp|Q08078|CP2CP_MESAU 285 ENLTTTVSDLFGAGTETTSTTLRYALLLLLKH 316
                            899***************************99 PP

>> sp|P37121|C76A1_SOLME  Cytochrome P450 76A1 (Fragment) OS=Solanum melongena OX=4111 GN=CYP76A1 PE=2 SV=1
   #    score  bias  c-Evalue  i-Evalue hmmfrom  hmm to    alifrom  ali to    envfrom  env to     acc
 ---   ------ ----- --------- --------- ------- -------    ------- -------    ------- -------    ----
   1 !   31.0   0.7   6.7e-09     3e-08       1      33 []     258     290 ..     258     290 .. 0.97

  Alignments for each domain:
  == domain 1  score: 31.0 bits;  conditional E-value: 6.7e-09
        ihelix_seed_hmm   1 deelvalvllLlvAGheTTtnaiswalllLlrh 33 
                            ++e++ ++l++++AG+eTT+++  wal +Llrh
  sp|P37121|C76A1_SOLME 258 EDEITVIILEMFLAGTETTSSSVEWALTELLRH 290
                            59******************************9 PP

>> sp|Q95328|CP17A_HORSE  Steroid 17-alpha-hydroxylase/17,20 lyase OS=Equus caballus OX=9796 GN=CYP17A1 PE=2 SV=1
   #    score  bias  c-Evalue  i-Evalue hmmfrom  hmm to    alifrom  ali to    envfrom  env to     acc
 ---   ------ ----- --------- --------- ------- -------    ------- -------    ------- -------    ----
   1 !   30.0   0.1   1.4e-08   6.5e-08       1      32 [.     289     320 ..     289     321 .. 0.96

  Alignments for each domain:
  == domain 1  score: 30.0 bits;  conditional E-value: 1.4e-08
        ihelix_seed_hmm   1 deelvalvllLlvAGheTTtnaiswalllLlr 32 
                            d++++a++ +++ AG+eTTt++  w++ +Ll+
  sp|Q95328|CP17A_HORSE 289 DKHILATIGDIFGAGVETTTSVVKWIVAFLLH 320
                            789***************************95 PP

>> sp|O54750|CP2J6_MOUSE  Cytochrome P450 2J6 OS=Mus musculus OX=10090 GN=Cyp2j6 PE=2 SV=2
   #    score  bias  c-Evalue  i-Evalue hmmfrom  hmm to    alifrom  ali to    envfrom  env to     acc
 ---   ------ ----- --------- --------- ------- -------    ------- -------    ------- -------    ----
   1 !   30.8   1.0     8e-09   3.6e-08       9      32 ..     305     328 ..     297     329 .. 0.91

  Alignments for each domain:
  == domain 1  score: 30.8 bits;  conditional E-value: 8e-09
        ihelix_seed_hmm   9 llLlvAGheTTtnaiswalllLlr 32 
                            l+L++AG+eTT+++++wall+++ 
  sp|O54750|CP2J6_MOUSE 305 LDLFFAGTETTSTTLRWALLYMAL 328
                            89********************96 PP

>> sp|P51589|CP2J2_HUMAN  Cytochrome P450 2J2 OS=Homo sapiens OX=9606 GN=CYP2J2 PE=1 SV=2
   #    score  bias  c-Evalue  i-Evalue hmmfrom  hmm to    alifrom  ali to    envfrom  env to     acc
 ---   ------ ----- --------- --------- ------- -------    ------- -------    ------- -------    ----
   1 !   30.8   1.0     8e-09   3.6e-08       9      32 ..     306     329 ..     298     330 .. 0.91

  Alignments for each domain:
  == domain 1  score: 30.8 bits;  conditional E-value: 8e-09
        ihelix_seed_hmm   9 llLlvAGheTTtnaiswalllLlr 32 
                            l+L++AG+eTT+++++wall+++ 
  sp|P51589|CP2J2_HUMAN 306 LDLFFAGTETTSTTLRWALLYMAL 329
                            89********************96 PP

>> sp|A0A0S1TQ04|C71BE_SALPM  Salviol synthase OS=Salvia pomifera OX=396869 GN=CYP71BE52 PE=1 SV=1
   #    score  bias  c-Evalue  i-Evalue hmmfrom  hmm to    alifrom  ali to    envfrom  env to     acc
 ---   ------ ----- --------- --------- ------- -------    ------- -------    ------- -------    ----
   1 !   30.8   0.0   7.9e-09   3.6e-08       1      33 []     284     316 ..     284     316 .. 0.97

  Alignments for each domain:
  == domain 1  score: 30.8 bits;  conditional E-value: 7.9e-09
            ihelix_seed_hmm   1 deelvalvllLlvAGheTTtnaiswalllLlrh 33 
                                de++++  +++lvAG eT++++i wa+ ++l++
  sp|A0A0S1TQ04|C71BE_SALPM 284 DENIKSVLVDMLVAGSETSSTVIEWAMAEMLKN 316
                                79*****************************98 PP

>> sp|Q27515|C13A6_CAEEL  Putative cytochrome P450 CYP13A6 OS=Caenorhabditis elegans OX=6239 GN=cyp-13A6 PE=3 SV=1
   #    score  bias  c-Evalue  i-Evalue hmmfrom  hmm to    alifrom  ali to    envfrom  env to     acc
 ---   ------ ----- --------- --------- ------- -------    ------- -------    ------- -------    ----
   1 !   30.6   0.4     9e-09   4.1e-08       2      33 .]     312     343 ..     312     343 .. 0.98

  Alignments for each domain:
  == domain 1  score: 30.6 bits;  conditional E-value: 9e-09
        ihelix_seed_hmm   2 eelvalvllLlvAGheTTtnaiswalllLlrh 33 
                            +e++a++ ++l+AG +TT+ ++s+a++lL++h
  sp|Q27515|C13A6_CAEEL 312 DEIIAQCFVFLAAGFDTTALSLSYATYLLATH 343
                            79*****************************9 PP

>> sp|O46051|C4D14_DROME  Probable cytochrome P450 4d14 OS=Drosophila melanogaster OX=7227 GN=Cyp4d14 PE=3 SV=1
   #    score  bias  c-Evalue  i-Evalue hmmfrom  hmm to    alifrom  ali to    envfrom  env to     acc
 ---   ------ ----- --------- --------- ------- -------    ------- -------    ------- -------    ----
   1 !   30.6   0.0   9.1e-09   4.1e-08       2      33 .]     303     334 ..     302     334 .. 0.95

  Alignments for each domain:
  == domain 1  score: 30.6 bits;  conditional E-value: 9.1e-09
        ihelix_seed_hmm   2 eelvalvllLlvAGheTTtnaiswalllLlrh 33 
                            ++++  v ++++ Gh+TTt++i+++++lL+rh
  sp|O46051|C4D14_DROME 303 DDIREEVDTFMFEGHDTTTSSIAFTCYLLARH 334
                            68889999***********************9 PP

>> sp|P70687|CP17A_MESAU  Steroid 17-alpha-hydroxylase/17,20 lyase OS=Mesocricetus auratus OX=10036 GN=CYP17A1 PE=2 SV=1
   #    score  bias  c-Evalue  i-Evalue hmmfrom  hmm to    alifrom  ali to    envfrom  env to     acc
 ---   ------ ----- --------- --------- ------- -------    ------- -------    ------- -------    ----
   1 !   30.5   1.7     1e-08   4.6e-08       3      33 .]     291     321 ..     289     321 .. 0.95

  Alignments for each domain:
  == domain 1  score: 30.5 bits;  conditional E-value: 1e-08
        ihelix_seed_hmm   3 elvalvllLlvAGheTTtnaiswalllLlrh 33 
                            +++a++ +++ AG+eTT++++sw++ +Ll++
  sp|P70687|CP17A_MESAU 291 HILATIADIFGAGIETTASVLSWIIAFLLHN 321
                            799**************************87 PP

>> sp|A0A4D6Q414|CYP2_CROXC  Flavonoid 3',5'-hydroxylase CYP75B138 OS=Crocosmia x crocosmiiflora OX=1053288 GN=CYP75B138
   #    score  bias  c-Evalue  i-Evalue hmmfrom  hmm to    alifrom  ali to    envfrom  env to     acc
 ---   ------ ----- --------- --------- ------- -------    ------- -------    ------- -------    ----
   1 !   30.6   1.1   9.3e-09   4.2e-08       3      33 .]     305     335 ..     303     335 .. 0.95

  Alignments for each domain:
  == domain 1  score: 30.6 bits;  conditional E-value: 9.3e-09
           ihelix_seed_hmm   3 elvalvllLlvAGheTTtnaiswalllLlrh 33 
                                ++alvl+Ll+AG++T++++i wal +L+rh
  sp|A0A4D6Q414|CYP2_CROXC 305 AIKALVLNLLTAGTDTSSSTIEWALTELIRH 335
                               589***************************9 PP

>> sp|P12394|CP17A_CHICK  Steroid 17-alpha-hydroxylase/17,20 lyase OS=Gallus gallus OX=9031 GN=CYP17A1 PE=2 SV=1
   #    score  bias  c-Evalue  i-Evalue hmmfrom  hmm to    alifrom  ali to    envfrom  env to     acc
 ---   ------ ----- --------- --------- ------- -------    ------- -------    ------- -------    ----
   1 !   31.2   0.5   6.1e-09   2.8e-08       1      33 []     292     324 ..     292     324 .. 0.94

  Alignments for each domain:
  == domain 1  score: 31.2 bits;  conditional E-value: 6.1e-09
        ihelix_seed_hmm   1 deelvalvllLlvAGheTTtnaiswalllLlrh 33 
                            d++l+ +v +++ AG+eTTt+++ wa+l+Ll++
  sp|P12394|CP17A_CHICK 292 DDHLLMTVGDIFGAGVETTTTVLKWAVLYLLHY 324
                            789999************************975 PP

>> sp|F4IK45|C70B2_ARATH  Cytochrome P450 709B2 OS=Arabidopsis thaliana OX=3702 GN=CYP709B2 PE=2 SV=1
   #    score  bias  c-Evalue  i-Evalue hmmfrom  hmm to    alifrom  ali to    envfrom  env to     acc
 ---   ------ ----- --------- --------- ------- -------    ------- -------    ------- -------    ----
   1 !   31.6   0.5   4.4e-09     2e-08       2      33 .]     367     398 ..     366     398 .. 0.93

  Alignments for each domain:
  == domain 1  score: 31.6 bits;  conditional E-value: 4.4e-09
        ihelix_seed_hmm   2 eelvalvllLlvAGheTTtnaiswalllLlrh 33 
                            +e++  + ++++AGheTT+n+++w+++lL+ h
  sp|F4IK45|C70B2_ARATH 367 DEIIEECKTFFFAGHETTANLLTWSTMLLSLH 398
                            68888999*********************987 PP

>> sp|O64635|C76C4_ARATH  Cytochrome P450 76C4 OS=Arabidopsis thaliana OX=3702 GN=CYP76C4 PE=3 SV=1
   #    score  bias  c-Evalue  i-Evalue hmmfrom  hmm to    alifrom  ali to    envfrom  env to     acc
 ---   ------ ----- --------- --------- ------- -------    ------- -------    ------- -------    ----
   1 !   30.4   0.4   1.1e-08   4.9e-08       3      33 .]     300     330 ..     298     330 .. 0.94

  Alignments for each domain:
  == domain 1  score: 30.4 bits;  conditional E-value: 1.1e-08
        ihelix_seed_hmm   3 elvalvllLlvAGheTTtnaiswalllLlrh 33 
                            ++ +l l++++AG++T+++++ wa+ +Llr+
  sp|O64635|C76C4_ARATH 300 DIEHLLLDMFTAGTDTSSSTLEWAMAELLRN 330
                            78899*************************8 PP

>> sp|P04799|CP1A2_RAT  Cytochrome P450 1A2 OS=Rattus norvegicus OX=10116 GN=Cyp1a2 PE=1 SV=2
   #    score  bias  c-Evalue  i-Evalue hmmfrom  hmm to    alifrom  ali to    envfrom  env to     acc
 ---   ------ ----- --------- --------- ------- -------    ------- -------    ------- -------    ----
   1 !   30.3   0.2   1.1e-08   5.1e-08       2      32 ..     303     333 ..     302     334 .. 0.94

  Alignments for each domain:
  == domain 1  score: 30.3 bits;  conditional E-value: 1.1e-08
      ihelix_seed_hmm   2 eelvalvllLlvAGheTTtnaiswalllLlr 32 
                          e +v++v +++ AG eT+t+ai+w++llL++
  sp|P04799|CP1A2_RAT 303 EKIVNIVNDIFGAGFETVTTAIFWSILLLVT 333
                          679**************************87 PP

>> sp|O04773|C75A6_CAMME  Flavonoid 3',5'-hydroxylase OS=Campanula medium OX=56154 GN=CYP75A6 PE=2 SV=1
   #    score  bias  c-Evalue  i-Evalue hmmfrom  hmm to    alifrom  ali to    envfrom  env to     acc
 ---   ------ ----- --------- --------- ------- -------    ------- -------    ------- -------    ----
   1 !   30.0   0.4   1.5e-08   6.6e-08       3      33 .]     307     337 ..     306     337 .. 0.95

  Alignments for each domain:
  == domain 1  score: 30.0 bits;  conditional E-value: 1.5e-08
        ihelix_seed_hmm   3 elvalvllLlvAGheTTtnaiswalllLlrh 33 
                            +++al l+L++AG++T++++i wal ++l+h
  sp|O04773|C75A6_CAMME 307 NVKALLLDLFTAGTDTSSSVIEWALAEMLNH 337
                            5789*************************98 PP

>> sp|F1SYH0|CY205_POSPM  Cytochrome P450 monooxygenase 205 OS=Postia placenta (strain ATCC 44394 / Madison 698-R) OX=56
   #    score  bias  c-Evalue  i-Evalue hmmfrom  hmm to    alifrom  ali to    envfrom  env to     acc
 ---   ------ ----- --------- --------- ------- -------    ------- -------    ------- -------    ----
   1 !   30.1   0.1   1.3e-08   5.8e-08       1      31 [.     312     342 ..     312     343 .. 0.94

  Alignments for each domain:
  == domain 1  score: 30.1 bits;  conditional E-value: 1.3e-08
        ihelix_seed_hmm   1 deelvalvllLlvAGheTTtnaiswalllLl 31 
                            de+++a+v ++lvAGheTT+na++w l++L 
  sp|F1SYH0|CY205_POSPM 312 DEDVLAQVPTFLVAGHETTSNATAWCLYALT 342
                            7999999*********************995 PP

>> sp|P05183|CP3A2_RAT  Cytochrome P450 3A2 OS=Rattus norvegicus OX=10116 GN=Cyp3a2 PE=1 SV=2
   #    score  bias  c-Evalue  i-Evalue hmmfrom  hmm to    alifrom  ali to    envfrom  env to     acc
 ---   ------ ----- --------- --------- ------- -------    ------- -------    ------- -------    ----
   1 !   30.7   0.3   8.6e-09   3.9e-08       2      33 .]     294     325 ..     293     325 .. 0.96

  Alignments for each domain:
  == domain 1  score: 30.7 bits;  conditional E-value: 8.6e-09
      ihelix_seed_hmm   2 eelvalvllLlvAGheTTtnaiswalllLlrh 33 
                           e++a+ + +++AG eTT++++s++l++L++h
  sp|P05183|CP3A2_RAT 294 VEIIAQSVIFIFAGYETTSSTLSFVLYFLATH 325
                          59*****************************9 PP

>> sp|Q96581|C75A4_GENTR  Flavonoid 3',5'-hydroxylase OS=Gentiana triflora OX=55190 GN=CYP75A4 PE=2 SV=1
   #    score  bias  c-Evalue  i-Evalue hmmfrom  hmm to    alifrom  ali to    envfrom  env to     acc
 ---   ------ ----- --------- --------- ------- -------    ------- -------    ------- -------    ----
   1 !   29.9   0.5   1.5e-08     7e-08       2      33 .]     297     328 ..     296     328 .. 0.97

  Alignments for each domain:
  == domain 1  score: 29.9 bits;  conditional E-value: 1.5e-08
        ihelix_seed_hmm   2 eelvalvllLlvAGheTTtnaiswalllLlrh 33 
                            ++++al l+L++AG++T+++ i wal +Ll++
  sp|Q96581|C75A4_GENTR 297 DNIKALLLNLFTAGTDTSSSIIEWALAELLKN 328
                            89****************************98 PP

>> sp|P08686|CP21A_HUMAN  Steroid 21-hydroxylase OS=Homo sapiens OX=9606 GN=CYP21A2 PE=1 SV=2
   #    score  bias  c-Evalue  i-Evalue hmmfrom  hmm to    alifrom  ali to    envfrom  env to     acc
 ---   ------ ----- --------- --------- ------- -------    ------- -------    ------- -------    ----
   1 !   30.4   3.0   1.1e-08   4.9e-08       7      33 .]     285     311 ..     281     311 .. 0.93

  Alignments for each domain:
  == domain 1  score: 30.4 bits;  conditional E-value: 1.1e-08
        ihelix_seed_hmm   7 lvllLlvAGheTTtnaiswalllLlrh 33 
                            ++++Ll++G+eTT+n++swa+ +Ll+h
  sp|P08686|CP21A_HUMAN 285 AAVDLLIGGTETTANTLSWAVVFLLHH 311
                            689**********************98 PP

>> sp|P00187|CP1A2_RABIT  Cytochrome P450 1A2 OS=Oryctolagus cuniculus OX=9986 GN=CYP1A2 PE=1 SV=3
   #    score  bias  c-Evalue  i-Evalue hmmfrom  hmm to    alifrom  ali to    envfrom  env to     acc
 ---   ------ ----- --------- --------- ------- -------    ------- -------    ------- -------    ----
   1 !   30.3   0.1   1.2e-08   5.4e-08       2      33 .]     305     336 ..     304     336 .. 0.96

  Alignments for each domain:
  == domain 1  score: 30.3 bits;  conditional E-value: 1.2e-08
        ihelix_seed_hmm   2 eelvalvllLlvAGheTTtnaiswalllLlrh 33 
                            e +v+lv +++ AG +T t+a+sw+l++L+++
  sp|P00187|CP1A2_RABIT 305 EKIVNLVNDIFGAGFDTITTALSWSLMYLVTN 336
                            679***************************98 PP

>> sp|F1SYE5|CY169_POSPM  Cytochrome P450 monooxygenase 169 OS=Postia placenta (strain ATCC 44394 / Madison 698-R) OX=56
   #    score  bias  c-Evalue  i-Evalue hmmfrom  hmm to    alifrom  ali to    envfrom  env to     acc
 ---   ------ ----- --------- --------- ------- -------    ------- -------    ------- -------    ----
   1 !   30.1   0.1   1.3e-08   5.8e-08       1      31 [.     312     342 ..     312     343 .. 0.94

  Alignments for each domain:
  == domain 1  score: 30.1 bits;  conditional E-value: 1.3e-08
        ihelix_seed_hmm   1 deelvalvllLlvAGheTTtnaiswalllLl 31 
                            de+++a+v ++lvAGheTT+na++w l++L 
  sp|F1SYE5|CY169_POSPM 312 DEDVLAQVPTFLVAGHETTSNATAWCLYALT 342
                            7999999*********************995 PP

>> sp|O93297|CP2K4_ONCMY  Cytochrome P450 2K4 OS=Oncorhynchus mykiss OX=8022 GN=cyp2k4 PE=2 SV=1
   #    score  bias  c-Evalue  i-Evalue hmmfrom  hmm to    alifrom  ali to    envfrom  env to     acc
 ---   ------ ----- --------- --------- ------- -------    ------- -------    ------- -------    ----
   1 !   31.3   0.5   5.4e-09   2.4e-08       1      33 []     297     329 ..     297     329 .. 0.95

  Alignments for each domain:
  == domain 1  score: 31.3 bits;  conditional E-value: 5.4e-09
        ihelix_seed_hmm   1 deelvalvllLlvAGheTTtnaiswalllLlrh 33 
                            d++l+  + +L+ AG++TT+++++w+lll++++
  sp|O93297|CP2K4_ONCMY 297 DDNLLFSIGNLFGAGTDTTGTTLRWGLLLMAKY 329
                            7899999***********************986 PP

>> sp|Q91Z85|CP17A_PERLE  Steroid 17-alpha-hydroxylase/17,20 lyase OS=Peromyscus leucopus OX=10041 GN=Cyp17a1 PE=3 SV=1
   #    score  bias  c-Evalue  i-Evalue hmmfrom  hmm to    alifrom  ali to    envfrom  env to     acc
 ---   ------ ----- --------- --------- ------- -------    ------- -------    ------- -------    ----
   1 !   30.1   0.4   1.3e-08   5.8e-08       1      33 []     287     319 ..     287     319 .. 0.96

  Alignments for each domain:
  == domain 1  score: 30.1 bits;  conditional E-value: 1.3e-08
        ihelix_seed_hmm   1 deelvalvllLlvAGheTTtnaiswalllLlrh 33 
                            d++++++v +++ AG+eTTt+++ w++ +Ll++
  sp|Q91Z85|CP17A_PERLE 287 DSHILSTVGDFFGAGIETTTSVLCWIVAFLLHN 319
                            789****************************87 PP

>> sp|Q01741|CP1A2_CHICK  Cytochrome P450 1A2 (Fragment) OS=Gallus gallus OX=9031 GN=CYP1A2 PE=2 SV=1
   #    score  bias  c-Evalue  i-Evalue hmmfrom  hmm to    alifrom  ali to    envfrom  env to     acc
 ---   ------ ----- --------- --------- ------- -------    ------- -------    ------- -------    ----
   1 !   30.5   0.1   9.7e-09   4.4e-08       2      32 ..      42      72 ..      41      73 .. 0.95

  Alignments for each domain:
  == domain 1  score: 30.5 bits;  conditional E-value: 9.7e-09
        ihelix_seed_hmm  2 eelvalvllLlvAGheTTtnaiswalllLlr 32
                           e +++lv +++ AG +T+t+a+sw+l++L++
  sp|Q01741|CP1A2_CHICK 42 EKIINLVNDIFGAGFDTVTTALSWSLMYLVT 72
                           679**************************86 PP

>> sp|P17666|CP2CE_RABIT  Cytochrome P450 2C14 OS=Oryctolagus cuniculus OX=9986 GN=CYP2C14 PE=2 SV=1
   #    score  bias  c-Evalue  i-Evalue hmmfrom  hmm to    alifrom  ali to    envfrom  env to     acc
 ---   ------ ----- --------- --------- ------- -------    ------- -------    ------- -------    ----
   1 !   30.2   1.7   1.2e-08   5.6e-08       2      33 .]     285     316 ..     284     316 .. 0.95

  Alignments for each domain:
  == domain 1  score: 30.2 bits;  conditional E-value: 1.2e-08
        ihelix_seed_hmm   2 eelvalvllLlvAGheTTtnaiswalllLlrh 33 
                            e+l a+v+++++AG+eTT+++++++lllL +h
  sp|P17666|CP2CE_RABIT 285 ENLMATVTDVFAAGTETTSTTLRYGLLLLMKH 316
                            68889************************998 PP

>> sp|P17178|CP27A_RAT  Sterol 26-hydroxylase, mitochondrial OS=Rattus norvegicus OX=10116 GN=Cyp27a1 PE=1 SV=1
   #    score  bias  c-Evalue  i-Evalue hmmfrom  hmm to    alifrom  ali to    envfrom  env to     acc
 ---   ------ ----- --------- --------- ------- -------    ------- -------    ------- -------    ----
   1 !   30.1   0.2   1.3e-08     6e-08       6      33 .]     329     356 ..     325     356 .. 0.88

  Alignments for each domain:
  == domain 1  score: 30.1 bits;  conditional E-value: 1.3e-08
      ihelix_seed_hmm   6 alvllLlvAGheTTtnaiswalllLlrh 33 
                          +++ +L++AG++TT+n+++wal++L+++
  sp|P17178|CP27A_RAT 329 GTFPELILAGVDTTSNTLTWALYHLSKN 356
                          566689*******************998 PP

>> sp|Q59205|CPXU_BRADU  Cytochrome P450 BJ-4 OS=Bradyrhizobium diazoefficiens (strain JCM 10833 / BCRC 13528 / IAM 1362
   #    score  bias  c-Evalue  i-Evalue hmmfrom  hmm to    alifrom  ali to    envfrom  env to     acc
 ---   ------ ----- --------- --------- ------- -------    ------- -------    ------- -------    ----
   1 !   29.9   0.2   1.5e-08   6.8e-08       4      32 ..     248     276 ..     245     277 .. 0.94

  Alignments for each domain:
  == domain 1  score: 29.9 bits;  conditional E-value: 1.5e-08
       ihelix_seed_hmm   4 lvalvllLlvAGheTTtnaiswalllLlr 32 
                           lva++ lLl++Gh+TT+++ +w++++L+r
  sp|Q59205|CPXU_BRADU 248 LVANIRLLLLGGHDTTASTMAWMVIELAR 276
                           8999***********************98 PP

>> sp|Q8CIM7|CP2DQ_MOUSE  Cytochrome P450 2D26 OS=Mus musculus OX=10090 GN=Cyp2d26 PE=1 SV=1
   #    score  bias  c-Evalue  i-Evalue hmmfrom  hmm to    alifrom  ali to    envfrom  env to     acc
 ---   ------ ----- --------- --------- ------- -------    ------- -------    ------- -------    ----
   1 !   29.8   1.3   1.6e-08   7.3e-08       1      33 []     295     327 ..     295     327 .. 0.96

  Alignments for each domain:
  == domain 1  score: 29.8 bits;  conditional E-value: 1.6e-08
        ihelix_seed_hmm   1 deelvalvllLlvAGheTTtnaiswalllLlrh 33 
                            d++l+  v++L++AG+ TT++++swalll++ h
  sp|Q8CIM7|CP2DQ_MOUSE 295 DKNLRIVVIDLFMAGMVTTSTTLSWALLLMILH 327
                            7899**************************987 PP

>> sp|P05178|CP2C6_RAT  Cytochrome P450 2C6 OS=Rattus norvegicus OX=10116 GN=Cyp2c6 PE=2 SV=2
   #    score  bias  c-Evalue  i-Evalue hmmfrom  hmm to    alifrom  ali to    envfrom  env to     acc
 ---   ------ ----- --------- --------- ------- -------    ------- -------    ------- -------    ----
   1 !   29.9   1.3   1.5e-08   6.8e-08       2      32 ..     285     315 ..     284     316 .. 0.92

  Alignments for each domain:
  == domain 1  score: 29.9 bits;  conditional E-value: 1.5e-08
      ihelix_seed_hmm   2 eelvalvllLlvAGheTTtnaiswalllLlr 32 
                          e+l  +v++L+ AG+eTT++++++alllLl+
  sp|P05178|CP2C6_RAT 285 ENLSITVTDLFGAGTETTSTTLRYALLLLLK 315
                          667789***********************97 PP

>> sp|P05177|CP1A2_HUMAN  Cytochrome P450 1A2 OS=Homo sapiens OX=9606 GN=CYP1A2 PE=1 SV=4
   #    score  bias  c-Evalue  i-Evalue hmmfrom  hmm to    alifrom  ali to    envfrom  env to     acc
 ---   ------ ----- --------- --------- ------- -------    ------- -------    ------- -------    ----
   1 !   30.3   0.0   1.2e-08   5.3e-08       2      32 ..     305     335 ..     304     336 .. 0.95

  Alignments for each domain:
  == domain 1  score: 30.3 bits;  conditional E-value: 1.2e-08
        ihelix_seed_hmm   2 eelvalvllLlvAGheTTtnaiswalllLlr 32 
                            e +v+lv +++ AG +T+t+aisw+l++L++
  sp|P05177|CP1A2_HUMAN 305 EKIVNLVNDIFGAGFDTVTTAISWSLMYLVT 335
                            679**************************87 PP

>> sp|P48419|C75A3_PETHY  Flavonoid 3',5'-hydroxylase 2 OS=Petunia hybrida OX=4102 GN=CYP75A3 PE=2 SV=1
   #    score  bias  c-Evalue  i-Evalue hmmfrom  hmm to    alifrom  ali to    envfrom  env to     acc
 ---   ------ ----- --------- --------- ------- -------    ------- -------    ------- -------    ----
   1 !   29.5   0.9   2.1e-08   9.5e-08       3      33 .]     290     320 ..     288     320 .. 0.95

  Alignments for each domain:
  == domain 1  score: 29.5 bits;  conditional E-value: 2.1e-08
        ihelix_seed_hmm   3 elvalvllLlvAGheTTtnaiswalllLlrh 33 
                            +++al l+L++AG++T+++ai wal ++ ++
  sp|P48419|C75A3_PETHY 290 NIKALLLNLFTAGTDTSSSAIEWALAEMMKN 320
                            899*************************987 PP

>> sp|Q5RBQ1|CP1A2_PONAB  Cytochrome P450 1A2 OS=Pongo abelii OX=9601 GN=CYP1A2 PE=2 SV=3
   #    score  bias  c-Evalue  i-Evalue hmmfrom  hmm to    alifrom  ali to    envfrom  env to     acc
 ---   ------ ----- --------- --------- ------- -------    ------- -------    ------- -------    ----
   1 !   30.3   0.0   1.2e-08   5.3e-08       2      32 ..     305     335 ..     304     336 .. 0.95

  Alignments for each domain:
  == domain 1  score: 30.3 bits;  conditional E-value: 1.2e-08
        ihelix_seed_hmm   2 eelvalvllLlvAGheTTtnaiswalllLlr 32 
                            e +v+lv +++ AG +T+t+aisw+l++L++
  sp|Q5RBQ1|CP1A2_PONAB 305 EKIVNLVNDIFGAGFDTVTTAISWSLMYLVT 335
                            679**************************87 PP

>> sp|F1Q8C3|CP2K6_DANRE  Cytochrome P450 2K6 OS=Danio rerio OX=7955 GN=cyp2k6 PE=1 SV=1
   #    score  bias  c-Evalue  i-Evalue hmmfrom  hmm to    alifrom  ali to    envfrom  env to     acc
 ---   ------ ----- --------- --------- ------- -------    ------- -------    ------- -------    ----
   1 !   29.8   0.5   1.6e-08   7.3e-08       7      33 .]     304     330 ..     298     330 .. 0.90

  Alignments for each domain:
  == domain 1  score: 29.8 bits;  conditional E-value: 1.6e-08
        ihelix_seed_hmm   7 lvllLlvAGheTTtnaiswalllLlrh 33 
                            +v +L+ AG++TT+++++w+lll++++
  sp|F1Q8C3|CP2K6_DANRE 304 TVNNLFGAGTDTTVTTLRWGLLLMAKY 330
                            899*********************986 PP

>> sp|I3V6B1|C80BX_PAPSO  (S)-N-methylcoclaurine 3'-hydroxylase-like protein OS=Papaver somniferum OX=3469 GN=CYP80BX PE
   #    score  bias  c-Evalue  i-Evalue hmmfrom  hmm to    alifrom  ali to    envfrom  env to     acc
 ---   ------ ----- --------- --------- ------- -------    ------- -------    ------- -------    ----
   1 !   30.0   0.4   1.4e-08   6.5e-08       1      33 []     279     311 ..     279     311 .. 0.95

  Alignments for each domain:
  == domain 1  score: 30.0 bits;  conditional E-value: 1.4e-08
        ihelix_seed_hmm   1 deelvalvllLlvAGheTTtnaiswalllLlrh 33 
                            d+++ +l l+++ AG+eTT+++i wal +L ++
  sp|I3V6B1|C80BX_PAPSO 279 DQQINSLLLDMFSAGTETTASTIEWALTELTKN 311
                            7899***********************999887 PP

>> sp|Q1PS23|AMO_ARTAN  Amorpha-4,11-diene 12-monooxygenase OS=Artemisia annua OX=35608 GN=CYP71AV1 PE=1 SV=2
   #    score  bias  c-Evalue  i-Evalue hmmfrom  hmm to    alifrom  ali to    envfrom  env to     acc
 ---   ------ ----- --------- --------- ------- -------    ------- -------    ------- -------    ----
   1 !   30.1   0.0   1.3e-08   6.1e-08       2      32 ..     288     318 ..     287     319 .. 0.94

  Alignments for each domain:
  == domain 1  score: 30.1 bits;  conditional E-value: 1.3e-08
      ihelix_seed_hmm   2 eelvalvllLlvAGheTTtnaiswalllLlr 32 
                          ++++a++l+++ AG++T++++i wa+ +L++
  sp|Q1PS23|AMO_ARTAN 288 DNIKAIILDMFGAGTDTSSSTIEWAISELIK 318
                          89*************************9986 PP

>> sp|P33265|CP2CS_MESAU  Cytochrome P450 2C28 OS=Mesocricetus auratus OX=10036 GN=CYP2C28 PE=2 SV=1
   #    score  bias  c-Evalue  i-Evalue hmmfrom  hmm to    alifrom  ali to    envfrom  env to     acc
 ---   ------ ----- --------- --------- ------- -------    ------- -------    ------- -------    ----
   1 !   29.6   1.1   1.9e-08   8.6e-08       4      33 .]     287     316 ..     284     316 .. 0.93

  Alignments for each domain:
  == domain 1  score: 29.6 bits;  conditional E-value: 1.9e-08
        ihelix_seed_hmm   4 lvalvllLlvAGheTTtnaiswalllLlrh 33 
                            l a+v +++vAG eTT+++++++lllLl+h
  sp|P33265|CP2CS_MESAU 287 LMATVADVFVAGSETTSTTLRYGLLLLLKH 316
                            6689************************99 PP

>> sp|P46373|FAS1_RHOFA  Cytochrome P450 FAS1 OS=Rhodococcus fascians OX=1828 GN=fas1 PE=2 SV=1
   #    score  bias  c-Evalue  i-Evalue hmmfrom  hmm to    alifrom  ali to    envfrom  env to     acc
 ---   ------ ----- --------- --------- ------- -------    ------- -------    ------- -------    ----
   1 !   29.8   2.1   1.6e-08   7.4e-08       2      33 .]     226     257 ..     225     257 .. 0.97

  Alignments for each domain:
  == domain 1  score: 29.8 bits;  conditional E-value: 1.6e-08
       ihelix_seed_hmm   2 eelvalvllLlvAGheTTtnaiswalllLlrh 33 
                           +el++++ l++++GheTT+++i+ ++l+Ll+h
  sp|P46373|FAS1_RHOFA 226 DELISIISLIMLGGHETTASMIGLSVLALLHH 257
                           8*****************************98 PP

>> sp|Q9KIZ4|C167_SORCE  Epothilone C/D epoxidase OS=Sorangium cellulosum OX=56 GN=cyp167A1 PE=1 SV=1
   #    score  bias  c-Evalue  i-Evalue hmmfrom  hmm to    alifrom  ali to    envfrom  env to     acc
 ---   ------ ----- --------- --------- ------- -------    ------- -------    ------- -------    ----
   1 !   30.1   1.1   1.3e-08   6.1e-08       2      32 ..     242     272 ..     241     273 .. 0.96

  Alignments for each domain:
  == domain 1  score: 30.1 bits;  conditional E-value: 1.3e-08
       ihelix_seed_hmm   2 eelvalvllLlvAGheTTtnaiswalllLlr 32 
                           +elvalv ++++AG++TT ++i++a+l Llr
  sp|Q9KIZ4|C167_SORCE 242 KELVALVGAIIAAGTDTTIYLIAFAVLNLLR 272
                           89****************************8 PP

>> sp|O18963|CP2E1_BOVIN  Cytochrome P450 2E1 OS=Bos taurus OX=9913 GN=CYP2E1 PE=2 SV=1
   #    score  bias  c-Evalue  i-Evalue hmmfrom  hmm to    alifrom  ali to    envfrom  env to     acc
 ---   ------ ----- --------- --------- ------- -------    ------- -------    ------- -------    ----
   1 !   29.9   1.0   1.6e-08   7.1e-08       2      33 .]     287     318 ..     286     318 .. 0.94

  Alignments for each domain:
  == domain 1  score: 29.9 bits;  conditional E-value: 1.6e-08
        ihelix_seed_hmm   2 eelvalvllLlvAGheTTtnaiswalllLlrh 33 
                            e+++ +v +Ll+AG+eTT+++++++ll L ++
  sp|O18963|CP2E1_BOVIN 287 ENIAVTVADLLFAGTETTSTTLRYGLLILMKY 318
                            899************************99875 PP

>> sp|F1SYH7|CY215_POSPM  Cytochrome P450 monooxygenase 215 OS=Postia placenta (strain ATCC 44394 / Madison 698-R) OX=56
   #    score  bias  c-Evalue  i-Evalue hmmfrom  hmm to    alifrom  ali to    envfrom  env to     acc
 ---   ------ ----- --------- --------- ------- -------    ------- -------    ------- -------    ----
   1 !   29.8   0.0   1.6e-08   7.2e-08       1      31 [.     316     346 ..     316     347 .. 0.94

  Alignments for each domain:
  == domain 1  score: 29.8 bits;  conditional E-value: 1.6e-08
        ihelix_seed_hmm   1 deelvalvllLlvAGheTTtnaiswalllLl 31 
                            d++++a+v ++lvAGheTT+na++w l++L+
  sp|F1SYH7|CY215_POSPM 316 DDDVLAQVPTFLVAGHETTSNATTWCLYALS 346
                            789999999********************97 PP

>> sp|G5EJN7|CYPD6_PHACH  Self-sufficient cytochrome P450 monooxygenase CYP505E3 OS=Phanerodontia chrysosporium OX=28222
   #    score  bias  c-Evalue  i-Evalue hmmfrom  hmm to    alifrom  ali to    envfrom  env to     acc
 ---   ------ ----- --------- --------- ------- -------    ------- -------    ------- -------    ----
   1 !   29.7   0.1   1.8e-08   8.3e-08       3      33 .]     253     283 ..     251     283 .. 0.95

  Alignments for each domain:
  == domain 1  score: 29.7 bits;  conditional E-value: 1.8e-08
        ihelix_seed_hmm   3 elvalvllLlvAGheTTtnaiswalllLlrh 33 
                            +++++ l++l+AGhe T+ ++++al++L+++
  sp|G5EJN7|CYPD6_PHACH 253 NIRNNLLTFLIAGHEPTSGLLTFALYYLIKN 283
                            89**************************997 PP

>> sp|P17177|CP27A_RABIT  Sterol 26-hydroxylase, mitochondrial OS=Oryctolagus cuniculus OX=9986 GN=CYP27A1 PE=1 SV=1
   #    score  bias  c-Evalue  i-Evalue hmmfrom  hmm to    alifrom  ali to    envfrom  env to     acc
 ---   ------ ----- --------- --------- ------- -------    ------- -------    ------- -------    ----
   1 !   29.8   0.4   1.7e-08   7.6e-08      10      33 .]     334     357 ..     327     357 .. 0.94

  Alignments for each domain:
  == domain 1  score: 29.8 bits;  conditional E-value: 1.7e-08
        ihelix_seed_hmm  10 lLlvAGheTTtnaiswalllLlrh 33 
                            +Ll+AG++TT+n+++wal++L+++
  sp|P17177|CP27A_RABIT 334 ELLLAGVDTTSNTLTWALYHLSKN 357
                            59*******************998 PP

>> sp|H2DH19|C7D31_PANGI  Cytochrome P450 CYP71D312 OS=Panax ginseng OX=4054 PE=2 SV=1
   #    score  bias  c-Evalue  i-Evalue hmmfrom  hmm to    alifrom  ali to    envfrom  env to     acc
 ---   ------ ----- --------- --------- ------- -------    ------- -------    ------- -------    ----
   1 !   29.9   0.4   1.6e-08     7e-08       2      33 .]     247     278 ..     246     278 .. 0.96

  Alignments for each domain:
  == domain 1  score: 29.9 bits;  conditional E-value: 1.6e-08
        ihelix_seed_hmm   2 eelvalvllLlvAGheTTtnaiswalllLlrh 33 
                            +++ +l+l++l++G++T+++a+ w++ +L+r+
  sp|H2DH19|C7D31_PANGI 247 DDIYGLILNMLIGGTDTSATALEWTMSELIRN 278
                            899***************************98 PP

>> sp|Q9GMC7|CP17A_BISBI  Steroid 17-alpha-hydroxylase/17,20 lyase OS=Bison bison OX=9901 GN=CYP17A1 PE=2 SV=1
   #    score  bias  c-Evalue  i-Evalue hmmfrom  hmm to    alifrom  ali to    envfrom  env to     acc
 ---   ------ ----- --------- --------- ------- -------    ------- -------    ------- -------    ----
   1 !   29.6   0.3   1.9e-08   8.6e-08       5      33 .]     293     321 ..     290     321 .. 0.95

  Alignments for each domain:
  == domain 1  score: 29.6 bits;  conditional E-value: 1.9e-08
        ihelix_seed_hmm   5 valvllLlvAGheTTtnaiswalllLlrh 33 
                            +a++ +++ AG+eTTt++i w++ +Ll+h
  sp|Q9GMC7|CP17A_BISBI 293 LATIGDIFGAGVETTTSVIKWIVAYLLHH 321
                            689************************98 PP

>> sp|O73853|CP17A_ICTPU  Steroid 17-alpha-hydroxylase/17,20 lyase OS=Ictalurus punctatus OX=7998 GN=cyp17a1 PE=2 SV=1
   #    score  bias  c-Evalue  i-Evalue hmmfrom  hmm to    alifrom  ali to    envfrom  env to     acc
 ---   ------ ----- --------- --------- ------- -------    ------- -------    ------- -------    ----
   1 !   30.0   0.5   1.4e-08   6.3e-08       1      33 []     292     324 ..     292     324 .. 0.95

  Alignments for each domain:
  == domain 1  score: 30.0 bits;  conditional E-value: 1.4e-08
        ihelix_seed_hmm   1 deelvalvllLlvAGheTTtnaiswalllLlrh 33 
                            d++l+ +v +++ AG+eTTt+++ w++l+L++h
  sp|O73853|CP17A_ICTPU 292 DDHLLMTVGDIFGAGVETTTTVLKWSILYLIHH 324
                            789999************************988 PP

>> sp|P11371|CP2C4_RABIT  Cytochrome P450 2C4 OS=Oryctolagus cuniculus OX=9986 GN=CYP2C4 PE=2 SV=1
   #    score  bias  c-Evalue  i-Evalue hmmfrom  hmm to    alifrom  ali to    envfrom  env to     acc
 ---   ------ ----- --------- --------- ------- -------    ------- -------    ------- -------    ----
   1 !   29.9   1.1   1.5e-08     7e-08       4      33 .]     284     313 ..     283     313 .. 0.95

  Alignments for each domain:
  == domain 1  score: 29.9 bits;  conditional E-value: 1.5e-08
        ihelix_seed_hmm   4 lvalvllLlvAGheTTtnaiswalllLlrh 33 
                            lv +v +L+ AG+eTT+++++++lllLl+h
  sp|P11371|CP2C4_RABIT 284 LVIAVFDLFGAGTETTSTTLRYSLLLLLKH 313
                            67889***********************99 PP

>> sp|Q9SP06|C80B3_PAPSO  (S)-N-methylcoclaurine 3'-hydroxylase isozyme 1 (Fragment) OS=Papaver somniferum OX=3469 GN=CY
   #    score  bias  c-Evalue  i-Evalue hmmfrom  hmm to    alifrom  ali to    envfrom  env to     acc
 ---   ------ ----- --------- --------- ------- -------    ------- -------    ------- -------    ----
   1 !   29.6   0.2   1.9e-08   8.7e-08       1      33 []     272     304 ..     272     304 .. 0.96

  Alignments for each domain:
  == domain 1  score: 29.6 bits;  conditional E-value: 1.9e-08
        ihelix_seed_hmm   1 deelvalvllLlvAGheTTtnaiswalllLlrh 33 
                            d+++ al ++++ AG+eT++++i wal +L ++
  sp|Q9SP06|C80B3_PAPSO 272 DQQINALLMEIFGAGTETSASTIEWALSELTKN 304
                            7899**************************987 PP

>> sp|Q09653|C13AA_CAEEL  Putative cytochrome P450 CYP13A10 OS=Caenorhabditis elegans OX=6239 GN=cyp-13A10 PE=3 SV=3
   #    score  bias  c-Evalue  i-Evalue hmmfrom  hmm to    alifrom  ali to    envfrom  env to     acc
 ---   ------ ----- --------- --------- ------- -------    ------- -------    ------- -------    ----
   1 !   29.8   1.0   1.6e-08   7.3e-08       2      33 .]     314     345 ..     313     345 .. 0.97

  Alignments for each domain:
  == domain 1  score: 29.8 bits;  conditional E-value: 1.6e-08
        ihelix_seed_hmm   2 eelvalvllLlvAGheTTtnaiswalllLlrh 33 
                            +e+v+++l++l+AG +TT+ ++s++++lL++h
  sp|Q09653|C13AA_CAEEL 314 QEIVGQCLVFLIAGFDTTALSLSYTTFLLATH 345
                            8******************************9 PP

>> sp|Q2LCM1|CP21A_CANLU  Steroid 21-hydroxylase OS=Canis lupus OX=9612 GN=CYP21 PE=3 SV=1
   #    score  bias  c-Evalue  i-Evalue hmmfrom  hmm to    alifrom  ali to    envfrom  env to     acc
 ---   ------ ----- --------- --------- ------- -------    ------- -------    ------- -------    ----
   1 !   29.7   2.9   1.8e-08     8e-08       8      33 .]     283     308 ..     278     308 .. 0.95

  Alignments for each domain:
  == domain 1  score: 29.7 bits;  conditional E-value: 1.8e-08
        ihelix_seed_hmm   8 vllLlvAGheTTtnaiswalllLlrh 33 
                            v++L+++G+eTT++++swa+ +Ll+h
  sp|Q2LCM1|CP21A_CANLU 283 VVDLFIGGTETTATTLSWAVAFLLHH 308
                            89**********************98 PP

>> sp|Q8WNW0|CP21A_CANLF  Steroid 21-hydroxylase OS=Canis lupus familiaris OX=9615 GN=CYP21 PE=3 SV=1
   #    score  bias  c-Evalue  i-Evalue hmmfrom  hmm to    alifrom  ali to    envfrom  env to     acc
 ---   ------ ----- --------- --------- ------- -------    ------- -------    ------- -------    ----
   1 !   29.7   2.9   1.8e-08     8e-08       8      33 .]     283     308 ..     278     308 .. 0.95

  Alignments for each domain:
  == domain 1  score: 29.7 bits;  conditional E-value: 1.8e-08
        ihelix_seed_hmm   8 vllLlvAGheTTtnaiswalllLlrh 33 
                            v++L+++G+eTT++++swa+ +Ll+h
  sp|Q8WNW0|CP21A_CANLF 283 VVDLFIGGTETTATTLSWAVAFLLHH 308
                            89**********************98 PP

>> sp|P08682|CP2E1_RABIT  Cytochrome P450 2E1 OS=Oryctolagus cuniculus OX=9986 GN=CYP2E1 PE=2 SV=2
   #    score  bias  c-Evalue  i-Evalue hmmfrom  hmm to    alifrom  ali to    envfrom  env to     acc
 ---   ------ ----- --------- --------- ------- -------    ------- -------    ------- -------    ----
   1 !   30.8   1.2     8e-09   3.6e-08       2      33 .]     287     318 ..     286     318 .. 0.97

  Alignments for each domain:
  == domain 1  score: 30.8 bits;  conditional E-value: 8e-09
        ihelix_seed_hmm   2 eelvalvllLlvAGheTTtnaiswalllLlrh 33 
                            e+++ +v ++++AG+eTT+++++++ll Ll+h
  sp|P08682|CP2E1_RABIT 287 ENIAVTVADMFFAGTETTSTTLRYGLLILLKH 318
                            899***************************99 PP

>> sp|Q2LA60|CP21A_FELCA  Steroid 21-hydroxylase OS=Felis catus OX=9685 GN=CYP21 PE=3 SV=1
   #    score  bias  c-Evalue  i-Evalue hmmfrom  hmm to    alifrom  ali to    envfrom  env to     acc
 ---   ------ ----- --------- --------- ------- -------    ------- -------    ------- -------    ----
   1 !   29.7   2.9   1.8e-08     8e-08       8      33 .]     283     308 ..     278     308 .. 0.95

  Alignments for each domain:
  == domain 1  score: 29.7 bits;  conditional E-value: 1.8e-08
        ihelix_seed_hmm   8 vllLlvAGheTTtnaiswalllLlrh 33 
                            v++L+++G+eTT++++swa+ +Ll+h
  sp|Q2LA60|CP21A_FELCA 283 VVDLFIGGTETTATTLSWAVAFLLHH 308
                            89**********************98 PP

>> sp|Q2LA59|CP21A_LYNLY  Steroid 21-hydroxylase OS=Lynx lynx OX=13125 GN=CYP21 PE=3 SV=1
   #    score  bias  c-Evalue  i-Evalue hmmfrom  hmm to    alifrom  ali to    envfrom  env to     acc
 ---   ------ ----- --------- --------- ------- -------    ------- -------    ------- -------    ----
   1 !   29.7   2.9   1.8e-08     8e-08       8      33 .]     283     308 ..     278     308 .. 0.95

  Alignments for each domain:
  == domain 1  score: 29.7 bits;  conditional E-value: 1.8e-08
        ihelix_seed_hmm   8 vllLlvAGheTTtnaiswalllLlrh 33 
                            v++L+++G+eTT++++swa+ +Ll+h
  sp|Q2LA59|CP21A_LYNLY 283 VVDLFIGGTETTATTLSWAVAFLLHH 308
                            89**********************98 PP

>> sp|Q9GQM9|CP6L1_BLAGE  Cytochrome P450 6l1 OS=Blattella germanica OX=6973 GN=CYP6L1 PE=2 SV=1
   #    score  bias  c-Evalue  i-Evalue hmmfrom  hmm to    alifrom  ali to    envfrom  env to     acc
 ---   ------ ----- --------- --------- ------- -------    ------- -------    ------- -------    ----
   1 !   29.7   0.9   1.8e-08   8.3e-08       2      33 .]     286     317 ..     285     317 .. 0.96

  Alignments for each domain:
  == domain 1  score: 29.7 bits;  conditional E-value: 1.8e-08
        ihelix_seed_hmm   2 eelvalvllLlvAGheTTtnaiswalllLlrh 33 
                            +e++++++l+++AG eTT++a ++a+++L+ h
  sp|Q9GQM9|CP6L1_BLAGE 286 HEVLGQAMLFFAAGFETTSSAMAFAMYELALH 317
                            799***************************98 PP

>> sp|P11715|CP17A_RAT  Steroid 17-alpha-hydroxylase/17,20 lyase OS=Rattus norvegicus OX=10116 GN=Cyp17a1 PE=1 SV=2
   #    score  bias  c-Evalue  i-Evalue hmmfrom  hmm to    alifrom  ali to    envfrom  env to     acc
 ---   ------ ----- --------- --------- ------- -------    ------- -------    ------- -------    ----
   1 !   30.7   0.6   8.3e-09   3.8e-08       2      33 .]     289     320 ..     288     320 .. 0.94

  Alignments for each domain:
  == domain 1  score: 30.7 bits;  conditional E-value: 8.3e-09
      ihelix_seed_hmm   2 eelvalvllLlvAGheTTtnaiswalllLlrh 33 
                           +++a+v +++ AG+eTTt+++ w+l +L+++
  sp|P11715|CP17A_RAT 289 RHILATVGDIFGAGIETTTTVLKWILAFLVHN 320
                          689**************************987 PP

>> sp|Q9MZY0|CP2E1_CANLF  Cytochrome P450 2E1 OS=Canis lupus familiaris OX=9615 GN=CYP2E1 PE=2 SV=1
   #    score  bias  c-Evalue  i-Evalue hmmfrom  hmm to    alifrom  ali to    envfrom  env to     acc
 ---   ------ ----- --------- --------- ------- -------    ------- -------    ------- -------    ----
   1 !   29.8   0.6   1.7e-08   7.7e-08       2      33 .]     287     318 ..     286     318 .. 0.94

  Alignments for each domain:
  == domain 1  score: 29.8 bits;  conditional E-value: 1.7e-08
        ihelix_seed_hmm   2 eelvalvllLlvAGheTTtnaiswalllLlrh 33 
                            ++++ +v +L++AG+eTT+++++++ll L ++
  sp|Q9MZY0|CP2E1_CANLF 287 DNIAVTVADLFFAGTETTSTTLRYGLLILMKY 318
                            8999***********************99875 PP

>> sp|O18993|CP3AL_CALJA  Cytochrome P450 3A21 OS=Callithrix jacchus OX=9483 GN=CYP3A21 PE=2 SV=1
   #    score  bias  c-Evalue  i-Evalue hmmfrom  hmm to    alifrom  ali to    envfrom  env to     acc
 ---   ------ ----- --------- --------- ------- -------    ------- -------    ------- -------    ----
   1 !   29.7   0.4   1.8e-08     8e-08       2      33 .]     293     324 ..     292     324 .. 0.96

  Alignments for each domain:
  == domain 1  score: 29.7 bits;  conditional E-value: 1.8e-08
        ihelix_seed_hmm   2 eelvalvllLlvAGheTTtnaiswalllLlrh 33 
                             elva+ + +++AG eTT++++s+++++L++h
  sp|O18993|CP3AL_CALJA 293 LELVAQSIIFIFAGYETTSSTLSFIMYELATH 324
                            69*****************************9 PP

>> sp|D5E3H2|CP107_PRIM1  Cytochrome P450 CYP107DY1 OS=Priestia megaterium (strain ATCC 12872 / QMB1551) OX=545693 GN=BM
   #    score  bias  c-Evalue  i-Evalue hmmfrom  hmm to    alifrom  ali to    envfrom  env to     acc
 ---   ------ ----- --------- --------- ------- -------    ------- -------    ------- -------    ----
   1 !   30.5   2.9   9.6e-09   4.3e-08       2      33 .]     238     269 ..     237     269 .. 0.97

  Alignments for each domain:
  == domain 1  score: 30.5 bits;  conditional E-value: 9.6e-09
        ihelix_seed_hmm   2 eelvalvllLlvAGheTTtnaiswalllLlrh 33 
                            +el++++ lL++AGheTT+ +is+++l+Ll+h
  sp|D5E3H2|CP107_PRIM1 238 NELLSTIWLLITAGHETTAHLISNGVLALLKH 269
                            89****************************99 PP

>> sp|P00185|CP1A1_RAT  Cytochrome P450 1A1 OS=Rattus norvegicus OX=10116 GN=Cyp1a1 PE=1 SV=1
   #    score  bias  c-Evalue  i-Evalue hmmfrom  hmm to    alifrom  ali to    envfrom  env to     acc
 ---   ------ ----- --------- --------- ------- -------    ------- -------    ------- -------    ----
   1 !   29.5   0.2     2e-08     9e-08       1      33 []     308     340 ..     308     340 .. 0.94

  Alignments for each domain:
  == domain 1  score: 29.5 bits;  conditional E-value: 2e-08
      ihelix_seed_hmm   1 deelvalvllLlvAGheTTtnaiswalllLlrh 33 
                          d+ ++ +v +L+ AG +T t+aisw+l++L+++
  sp|P00185|CP1A1_RAT 308 DDKVITIVFDLFGAGFDTITTAISWSLMYLVTN 340
                          6778999************************98 PP

>> sp|Q93VK5|LUT5_ARATH  Protein LUTEIN DEFICIENT 5, chloroplastic OS=Arabidopsis thaliana OX=3702 GN=CYP97A3 PE=1 SV=1
   #    score  bias  c-Evalue  i-Evalue hmmfrom  hmm to    alifrom  ali to    envfrom  env to     acc
 ---   ------ ----- --------- --------- ------- -------    ------- -------    ------- -------    ----
   1 !   29.3   0.6   2.5e-08   1.1e-07       2      32 ..     365     395 ..     364     396 .. 0.93

  Alignments for each domain:
  == domain 1  score: 29.3 bits;  conditional E-value: 2.5e-08
       ihelix_seed_hmm   2 eelvalvllLlvAGheTTtnaiswalllLlr 32 
                           ++l++  +++l+AGheT++ +++w+++lL +
  sp|Q93VK5|LUT5_ARATH 365 KQLRDDLMTMLIAGHETSAAVLTWTFYLLTT 395
                           68999************************76 PP

>> sp|O23976|C76B1_HELTU  7-ethoxycoumarin O-deethylase OS=Helianthus tuberosus OX=4233 GN=CYP76B1 PE=1 SV=1
   #    score  bias  c-Evalue  i-Evalue hmmfrom  hmm to    alifrom  ali to    envfrom  env to     acc
 ---   ------ ----- --------- --------- ------- -------    ------- -------    ------- -------    ----
   1 !   30.6   0.5   8.9e-09     4e-08       2      32 ..     281     311 ..     280     312 .. 0.95

  Alignments for each domain:
  == domain 1  score: 30.6 bits;  conditional E-value: 8.9e-09
        ihelix_seed_hmm   2 eelvalvllLlvAGheTTtnaiswalllLlr 32 
                             +++al+l+L+vAG++TT+ +i wa+ +Llr
  sp|O23976|C76B1_HELTU 281 TNIKALFLDLFVAGTDTTSITIEWAMTELLR 311
                            589**************************98 PP

>> sp|P00191|CP21A_BOVIN  Steroid 21-hydroxylase OS=Bos taurus OX=9913 GN=CYP21 PE=1 SV=2
   #    score  bias  c-Evalue  i-Evalue hmmfrom  hmm to    alifrom  ali to    envfrom  env to     acc
 ---   ------ ----- --------- --------- ------- -------    ------- -------    ------- -------    ----
   1 !   30.6   2.1   8.9e-09   4.1e-08       8      33 .]     284     309 ..     279     309 .. 0.95

  Alignments for each domain:
  == domain 1  score: 30.6 bits;  conditional E-value: 8.9e-09
        ihelix_seed_hmm   8 vllLlvAGheTTtnaiswalllLlrh 33 
                            v++L+++G+eTT++++swa+ +Ll+h
  sp|P00191|CP21A_BOVIN 284 VVDLFIGGTETTASTLSWAVAFLLHH 309
                            89**********************98 PP

>> sp|O70537|CP3AV_MESAU  Cytochrome P450 3A31 OS=Mesocricetus auratus OX=10036 GN=CYP3A31 PE=2 SV=1
   #    score  bias  c-Evalue  i-Evalue hmmfrom  hmm to    alifrom  ali to    envfrom  env to     acc
 ---   ------ ----- --------- --------- ------- -------    ------- -------    ------- -------    ----
   1 !   29.7   0.5   1.7e-08   7.8e-08       3      33 .]     292     322 ..     290     322 .. 0.97

  Alignments for each domain:
  == domain 1  score: 29.7 bits;  conditional E-value: 1.7e-08
        ihelix_seed_hmm   3 elvalvllLlvAGheTTtnaiswalllLlrh 33 
                            e++a+ + +++AG +TT++++s+al+lL++h
  sp|O70537|CP3AV_MESAU 292 EIIAQSIIFIFAGYDTTSSTLSFALYLLATH 322
                            89****************************9 PP

>> sp|O17624|C13B1_CAEEL  Putative cytochrome P450 cyp-13B1 OS=Caenorhabditis elegans OX=6239 GN=cyp-13B1 PE=3 SV=3
   #    score  bias  c-Evalue  i-Evalue hmmfrom  hmm to    alifrom  ali to    envfrom  env to     acc
 ---   ------ ----- --------- --------- ------- -------    ------- -------    ------- -------    ----
   1 !   28.8   0.1   3.3e-08   1.5e-07       2      33 .]     308     339 ..     307     339 .. 0.96

  Alignments for each domain:
  == domain 1  score: 28.8 bits;  conditional E-value: 3.3e-08
        ihelix_seed_hmm   2 eelvalvllLlvAGheTTtnaiswalllLlrh 33 
                            e++++++ ++l+AG +TT+n++++a +lL++h
  sp|O17624|C13B1_CAEEL 308 EDVIGACFVFLLAGFDTTANSLAYASYLLAKH 339
                            899***************************99 PP

>> sp|P05185|CP17A_BOVIN  Steroid 17-alpha-hydroxylase/17,20 lyase OS=Bos taurus OX=9913 GN=CYP17A1 PE=2 SV=1
   #    score  bias  c-Evalue  i-Evalue hmmfrom  hmm to    alifrom  ali to    envfrom  env to     acc
 ---   ------ ----- --------- --------- ------- -------    ------- -------    ------- -------    ----
   1 !   29.2   0.6   2.5e-08   1.1e-07       5      33 .]     293     321 ..     291     321 .. 0.95

  Alignments for each domain:
  == domain 1  score: 29.2 bits;  conditional E-value: 2.5e-08
        ihelix_seed_hmm   5 valvllLlvAGheTTtnaiswalllLlrh 33 
                            +a++ +++ AG+eTTt++i w++ +Ll+h
  sp|P05185|CP17A_BOVIN 293 LATIGDIFGAGVETTTSVIKWIVAYLLHH 321
                            689************************98 PP

>> sp|O55071|CP2BJ_MOUSE  Cytochrome P450 2B19 OS=Mus musculus OX=10090 GN=Cyp2b19 PE=2 SV=1
   #    score  bias  c-Evalue  i-Evalue hmmfrom  hmm to    alifrom  ali to    envfrom  env to     acc
 ---   ------ ----- --------- --------- ------- -------    ------- -------    ------- -------    ----
   1 !   29.1   0.4   2.8e-08   1.3e-07       1      33 []     286     318 ..     286     318 .. 0.94

  Alignments for each domain:
  == domain 1  score: 29.1 bits;  conditional E-value: 2.8e-08
        ihelix_seed_hmm   1 deelvalvllLlvAGheTTtnaiswalllLlrh 33 
                            +++lv  vl+L++AG+eTT++++++++l +l++
  sp|O55071|CP2BJ_MOUSE 286 HQNLVISVLSLFFAGTETTSTTLRYSFLIMLKY 318
                            5899999***********************986 PP

>> sp|P56592|CP1A2_CANLF  Cytochrome P450 1A2 OS=Canis lupus familiaris OX=9615 GN=CYP1A2 PE=1 SV=2
   #    score  bias  c-Evalue  i-Evalue hmmfrom  hmm to    alifrom  ali to    envfrom  env to     acc
 ---   ------ ----- --------- --------- ------- -------    ------- -------    ------- -------    ----
   1 !   30.5   0.1   9.7e-09   4.4e-08       2      33 .]     301     332 ..     300     332 .. 0.95

  Alignments for each domain:
  == domain 1  score: 30.5 bits;  conditional E-value: 9.7e-09
        ihelix_seed_hmm   2 eelvalvllLlvAGheTTtnaiswalllLlrh 33 
                            e +v+l+ +++ AG +T+t+aisw+l++L+ +
  sp|P56592|CP1A2_CANLF 301 EKIVNLINDIFGAGFDTVTTAISWSLMYLVAN 332
                            679**************************976 PP

>> sp|O77810|CP1A2_CALJA  Cytochrome P450 1A2 OS=Callithrix jacchus OX=9483 GN=CYP1A2 PE=2 SV=3
   #    score  bias  c-Evalue  i-Evalue hmmfrom  hmm to    alifrom  ali to    envfrom  env to     acc
 ---   ------ ----- --------- --------- ------- -------    ------- -------    ------- -------    ----
   1 !   29.3   0.0   2.3e-08   1.1e-07       2      32 ..     305     335 ..     304     336 .. 0.95

  Alignments for each domain:
  == domain 1  score: 29.3 bits;  conditional E-value: 2.3e-08
        ihelix_seed_hmm   2 eelvalvllLlvAGheTTtnaiswalllLlr 32 
                            e +v+lv +++ AG +T t+aisw+l++L++
  sp|O77810|CP1A2_CALJA 305 EKIVNLVNDIFGAGFDTITTAISWSLMYLVT 335
                            679**************************87 PP

>> sp|P00186|CP1A2_MOUSE  Cytochrome P450 1A2 OS=Mus musculus OX=10090 GN=Cyp1a2 PE=1 SV=1
   #    score  bias  c-Evalue  i-Evalue hmmfrom  hmm to    alifrom  ali to    envfrom  env to     acc
 ---   ------ ----- --------- --------- ------- -------    ------- -------    ------- -------    ----
   1 !   29.1   0.4   2.7e-08   1.2e-07       2      32 ..     303     333 ..     302     333 .. 0.95

  Alignments for each domain:
  == domain 1  score: 29.1 bits;  conditional E-value: 2.7e-08
        ihelix_seed_hmm   2 eelvalvllLlvAGheTTtnaiswalllLlr 32 
                            e +v++v +++ AG +T+t+ai+w++llL++
  sp|P00186|CP1A2_MOUSE 303 EKIVNIVNDIFGAGFDTVTTAITWSILLLVT 333
                            789**************************86 PP

>> sp|Q87AX5|C1331_XYLFT  Putative cytochrome P450 133B1 OS=Xylella fastidiosa (strain Temecula1 / ATCC 700964) OX=18319
   #    score  bias  c-Evalue  i-Evalue hmmfrom  hmm to    alifrom  ali to    envfrom  env to     acc
 ---   ------ ----- --------- --------- ------- -------    ------- -------    ------- -------    ----
   1 !   29.4   0.4   2.2e-08   9.8e-08       1      33 []     225     257 ..     225     257 .. 0.96

  Alignments for each domain:
  == domain 1  score: 29.4 bits;  conditional E-value: 2.2e-08
        ihelix_seed_hmm   1 deelvalvllLlvAGheTTtnaiswalllLlrh 33 
                            ++e+v++v+ Ll+AG eTT+n+i++al++L rh
  sp|Q87AX5|C1331_XYLFT 225 HDEIVSNVIMLLIAGYETTSNMIGNALIALHRH 257
                            69***************************9887 PP

>> sp|P00179|CP2C5_RABIT  Cytochrome P450 2C5 OS=Oryctolagus cuniculus OX=9986 GN=CYP2C5 PE=1 SV=2
   #    score  bias  c-Evalue  i-Evalue hmmfrom  hmm to    alifrom  ali to    envfrom  env to     acc
 ---   ------ ----- --------- --------- ------- -------    ------- -------    ------- -------    ----
   1 !   29.5   1.0     2e-08   9.2e-08       2      33 .]     282     313 ..     281     313 .. 0.94

  Alignments for each domain:
  == domain 1  score: 29.5 bits;  conditional E-value: 2e-08
        ihelix_seed_hmm   2 eelvalvllLlvAGheTTtnaiswalllLlrh 33 
                            e lv +v +L+ AG+eTT+++++++lllLl+h
  sp|P00179|CP2C5_RABIT 282 ESLVIAVSDLFGAGTETTSTTLRYSLLLLLKH 313
                            66889999**********************99 PP

>> sp|Q9PGC5|C1331_XYLFA  Putative cytochrome P450 133B1 OS=Xylella fastidiosa (strain 9a5c) OX=160492 GN=cyp133B1 PE=3 
   #    score  bias  c-Evalue  i-Evalue hmmfrom  hmm to    alifrom  ali to    envfrom  env to     acc
 ---   ------ ----- --------- --------- ------- -------    ------- -------    ------- -------    ----
   1 !   29.4   0.4   2.2e-08   9.8e-08       1      33 []     225     257 ..     225     257 .. 0.96

  Alignments for each domain:
  == domain 1  score: 29.4 bits;  conditional E-value: 2.2e-08
        ihelix_seed_hmm   1 deelvalvllLlvAGheTTtnaiswalllLlrh 33 
                            ++e+v++v+ Ll+AG eTT+n+i++al++L rh
  sp|Q9PGC5|C1331_XYLFA 225 HDEIVSNVIMLLIAGYETTSNMIGNALIALHRH 257
                            69***************************9887 PP

>> sp|Q9DBG1|CP27A_MOUSE  Sterol 26-hydroxylase, mitochondrial OS=Mus musculus OX=10090 GN=Cyp27a1 PE=1 SV=1
   #    score  bias  c-Evalue  i-Evalue hmmfrom  hmm to    alifrom  ali to    envfrom  env to     acc
 ---   ------ ----- --------- --------- ------- -------    ------- -------    ------- -------    ----
   1 !   29.4   0.5   2.2e-08   9.9e-08       5      32 ..     328     355 ..     324     356 .. 0.87

  Alignments for each domain:
  == domain 1  score: 29.4 bits;  conditional E-value: 2.2e-08
        ihelix_seed_hmm   5 valvllLlvAGheTTtnaiswalllLlr 32 
                            ++++ +Ll+AG++TT+n+++wal++L++
  sp|Q9DBG1|CP27A_MOUSE 328 IGTFPELLLAGVDTTSNTLTWALYHLSK 355
                            667778********************86 PP

>> sp|Q92039|CP1A1_CHACA  Cytochrome P450 1A1 OS=Chaetodon capistratus OX=37949 GN=cyp1a1 PE=2 SV=1
   #    score  bias  c-Evalue  i-Evalue hmmfrom  hmm to    alifrom  ali to    envfrom  env to     acc
 ---   ------ ----- --------- --------- ------- -------    ------- -------    ------- -------    ----
   1 !   29.5   0.0   2.1e-08   9.5e-08       1      32 [.     309     340 ..     309     341 .. 0.95

  Alignments for each domain:
  == domain 1  score: 29.5 bits;  conditional E-value: 2.1e-08
        ihelix_seed_hmm   1 deelvalvllLlvAGheTTtnaiswalllLlr 32 
                            de +v++v +L+ AG +T+++a+sw++++L+ 
  sp|Q92039|CP1A1_CHACA 309 DEKIVGIVNDLFGAGFDTVSTALSWSVMYLVA 340
                            789***************************86 PP

>> sp|Q42600|C84A1_ARATH  Cytochrome P450 84A1 OS=Arabidopsis thaliana OX=3702 GN=CYP84A1 PE=1 SV=1
   #    score  bias  c-Evalue  i-Evalue hmmfrom  hmm to    alifrom  ali to    envfrom  env to     acc
 ---   ------ ----- --------- --------- ------- -------    ------- -------    ------- -------    ----
   1 !   29.3   0.0   2.4e-08   1.1e-07       2      32 ..     307     337 ..     306     338 .. 0.96

  Alignments for each domain:
  == domain 1  score: 29.3 bits;  conditional E-value: 2.4e-08
        ihelix_seed_hmm   2 eelvalvllLlvAGheTTtnaiswalllLlr 32 
                            ++++a++++++++G+eT+++ai wal +Llr
  sp|Q42600|C84A1_ARATH 307 DNIKAIIMDVMFGGTETVASAIEWALTELLR 337
                            79***************************98 PP

>> sp|O04164|C71A6_NEPRA  Cytochrome P450 71A6 (Fragment) OS=Nepeta racemosa OX=54731 GN=CYP71A6 PE=2 SV=1
   #    score  bias  c-Evalue  i-Evalue hmmfrom  hmm to    alifrom  ali to    envfrom  env to     acc
 ---   ------ ----- --------- --------- ------- -------    ------- -------    ------- -------    ----
   1 !   29.3   0.4   2.3e-08     1e-07       3      33 .]     300     330 ..     298     330 .. 0.93

  Alignments for each domain:
  == domain 1  score: 29.3 bits;  conditional E-value: 2.3e-08
        ihelix_seed_hmm   3 elvalvllLlvAGheTTtnaiswalllLlrh 33 
                             ++a +l++++AG++TT++a+ wal +L+++
  sp|O04164|C71A6_NEPRA 300 TIKAVILDMFLAGTDTTVTALEWALSELIKN 330
                            68999***********************987 PP

>> sp|Q9XGT9|C93B2_GERHY  Cytochrome P450 93B2 OS=Gerbera hybrida OX=18101 GN=CYP93B2 PE=1 SV=1
   #    score  bias  c-Evalue  i-Evalue hmmfrom  hmm to    alifrom  ali to    envfrom  env to     acc
 ---   ------ ----- --------- --------- ------- -------    ------- -------    ------- -------    ----
   1 !   30.4   0.4   1.1e-08     5e-08       2      33 .]     292     323 ..     291     323 .. 0.96

  Alignments for each domain:
  == domain 1  score: 30.4 bits;  conditional E-value: 1.1e-08
        ihelix_seed_hmm   2 eelvalvllLlvAGheTTtnaiswalllLlrh 33 
                            ++++al+l++l+AG++TT+ ai wal +L+++
  sp|Q9XGT9|C93B2_GERHY 292 DHIKALILDFLTAGTDTTAIAIEWALVELINN 323
                            79***************************987 PP

>> sp|A0A068Q5V6|C7150_PRUMU  Cytochrome P450 71AU50 OS=Prunus mume OX=102107 GN=CYP71AU50 PE=2 SV=1
   #    score  bias  c-Evalue  i-Evalue hmmfrom  hmm to    alifrom  ali to    envfrom  env to     acc
 ---   ------ ----- --------- --------- ------- -------    ------- -------    ------- -------    ----
   1 !   29.3   0.0   2.3e-08     1e-07       3      33 .]     285     315 ..     283     315 .. 0.97

  Alignments for each domain:
  == domain 1  score: 29.3 bits;  conditional E-value: 2.3e-08
            ihelix_seed_hmm   3 elvalvllLlvAGheTTtnaiswalllLlrh 33 
                                +++a++l++lvA ++T++++i wal +L rh
  sp|A0A068Q5V6|C7150_PRUMU 285 HIKAIMLDMLVASMDTSATTIEWALSELMRH 315
                                799***************************9 PP

>> sp|P10634|CP2DQ_RAT  Cytochrome P450 2D26 OS=Rattus norvegicus OX=10116 GN=Cyp2d26 PE=1 SV=2
   #    score  bias  c-Evalue  i-Evalue hmmfrom  hmm to    alifrom  ali to    envfrom  env to     acc
 ---   ------ ----- --------- --------- ------- -------    ------- -------    ------- -------    ----
   1 !   29.0   2.5     3e-08   1.4e-07       1      33 []     295     327 ..     295     327 .. 0.96

  Alignments for each domain:
  == domain 1  score: 29.0 bits;  conditional E-value: 3e-08
      ihelix_seed_hmm   1 deelvalvllLlvAGheTTtnaiswalllLlrh 33 
                          de+l+  v++L++AG+ TT++++swalll++ h
  sp|P10634|CP2DQ_RAT 295 DENLRLVVIDLFMAGMVTTSTTLSWALLLMILH 327
                          799***************************987 PP

>> sp|Q9UVC3|CP51_CUNEL  Lanosterol 14-alpha demethylase OS=Cunninghamella elegans OX=4853 GN=CYP51 PE=3 SV=1
   #    score  bias  c-Evalue  i-Evalue hmmfrom  hmm to    alifrom  ali to    envfrom  env to     acc
 ---   ------ ----- --------- --------- ------- -------    ------- -------    ------- -------    ----
   1 !   29.5   1.0   2.1e-08   9.6e-08       1      32 [.     284     315 ..     284     316 .. 0.95

  Alignments for each domain:
  == domain 1  score: 29.5 bits;  conditional E-value: 2.1e-08
       ihelix_seed_hmm   1 deelvalvllLlvAGheTTtnaiswalllLlr 32 
                           d++++++++++l++G++T++++++w++l+L++
  sp|Q9UVC3|CP51_CUNEL 284 DHHIAGMMIAVLFGGQHTSATTSAWTILELAN 315
                           789***************************97 PP

>> sp|P05176|CP1A1_RABIT  Cytochrome P450 1A1 OS=Oryctolagus cuniculus OX=9986 GN=CYP1A1 PE=2 SV=1
   #    score  bias  c-Evalue  i-Evalue hmmfrom  hmm to    alifrom  ali to    envfrom  env to     acc
 ---   ------ ----- --------- --------- ------- -------    ------- -------    ------- -------    ----
   1 !   29.8   0.1   1.7e-08   7.6e-08       5      32 ..     312     339 ..     308     340 .. 0.91

  Alignments for each domain:
  == domain 1  score: 29.8 bits;  conditional E-value: 1.7e-08
        ihelix_seed_hmm   5 valvllLlvAGheTTtnaiswalllLlr 32 
                            v++vl+L+ AG +T+t+aisw+l++L++
  sp|P05176|CP1A1_RABIT 312 VGIVLDLFGAGFDTVTTAISWSLMYLVT 339
                            789***********************87 PP

>> sp|P05093|CP17A_HUMAN  Steroid 17-alpha-hydroxylase/17,20 lyase OS=Homo sapiens OX=9606 GN=CYP17A1 PE=1 SV=1
   #    score  bias  c-Evalue  i-Evalue hmmfrom  hmm to    alifrom  ali to    envfrom  env to     acc
 ---   ------ ----- --------- --------- ------- -------    ------- -------    ------- -------    ----
   1 !   29.0   1.2     3e-08   1.4e-07       1      33 []     289     321 ..     289     321 .. 0.96

  Alignments for each domain:
  == domain 1  score: 29.0 bits;  conditional E-value: 3e-08
        ihelix_seed_hmm   1 deelvalvllLlvAGheTTtnaiswalllLlrh 33 
                            d++++ ++ +++ AG+eTTt++  w+l +Ll++
  sp|P05093|CP17A_HUMAN 289 DNHILTTIGDIFGAGVETTTSVVKWTLAFLLHN 321
                            789****************************87 PP

>> sp|Q59990|CP120_SYNY3  Putative cytochrome P450 120 OS=Synechocystis sp. (strain PCC 6803 / Kazusa) OX=1111708 GN=cyp
   #    score  bias  c-Evalue  i-Evalue hmmfrom  hmm to    alifrom  ali to    envfrom  env to     acc
 ---   ------ ----- --------- --------- ------- -------    ------- -------    ------- -------    ----
   1 !   29.4   0.1   2.2e-08   9.9e-08       3      30 ..     243     270 ..     241     273 .. 0.94

  Alignments for each domain:
  == domain 1  score: 29.4 bits;  conditional E-value: 2.2e-08
        ihelix_seed_hmm   3 elvalvllLlvAGheTTtnaiswalllL 30 
                            el++++llLl+AGheT t+a+s+++llL
  sp|Q59990|CP120_SYNY3 243 ELKDQILLLLFAGHETLTSALSSFCLLL 270
                            899***********************98 PP

>> sp|Q8HYN1|CP17A_PANTR  Steroid 17-alpha-hydroxylase/17,20 lyase OS=Pan troglodytes OX=9598 GN=CYP17A1 PE=2 SV=1
   #    score  bias  c-Evalue  i-Evalue hmmfrom  hmm to    alifrom  ali to    envfrom  env to     acc
 ---   ------ ----- --------- --------- ------- -------    ------- -------    ------- -------    ----
   1 !   29.0   1.2     3e-08   1.4e-07       1      33 []     289     321 ..     289     321 .. 0.96

  Alignments for each domain:
  == domain 1  score: 29.0 bits;  conditional E-value: 3e-08
        ihelix_seed_hmm   1 deelvalvllLlvAGheTTtnaiswalllLlrh 33 
                            d++++ ++ +++ AG+eTTt++  w+l +Ll++
  sp|Q8HYN1|CP17A_PANTR 289 DNHILTTIGDIFGAGVETTTSVVKWTLAFLLHN 321
                            789****************************87 PP

>> sp|O93299|CP2K3_ONCMY  Cytochrome P450 2K3 OS=Oncorhynchus mykiss OX=8022 GN=cyp2k3 PE=2 SV=1
   #    score  bias  c-Evalue  i-Evalue hmmfrom  hmm to    alifrom  ali to    envfrom  env to     acc
 ---   ------ ----- --------- --------- ------- -------    ------- -------    ------- -------    ----
   1 !   30.1   0.3   1.4e-08   6.2e-08       1      33 []     297     329 ..     297     329 .. 0.94

  Alignments for each domain:
  == domain 1  score: 30.1 bits;  conditional E-value: 1.4e-08
        ihelix_seed_hmm   1 deelvalvllLlvAGheTTtnaiswalllLlrh 33 
                            d++lv  v +L+ AG++TT+++++w+lll+ ++
  sp|O93299|CP2K3_ONCMY 297 DDNLVFSVGNLFSAGTDTTGTTLRWGLLLMTKY 329
                            799999************************875 PP

>> sp|P33273|CP255_RAT  Cytochrome P450 2C55 OS=Rattus norvegicus OX=10116 GN=Cyp2c55 PE=2 SV=2
   #    score  bias  c-Evalue  i-Evalue hmmfrom  hmm to    alifrom  ali to    envfrom  env to     acc
 ---   ------ ----- --------- --------- ------- -------    ------- -------    ------- -------    ----
   1 !   28.8   0.5   3.4e-08   1.5e-07       6      33 .]     289     316 ..     285     316 .. 0.93

  Alignments for each domain:
  == domain 1  score: 28.8 bits;  conditional E-value: 3.4e-08
      ihelix_seed_hmm   6 alvllLlvAGheTTtnaiswalllLlrh 33 
                          a+v +++vAG eTT+++++++lllLl+h
  sp|P33273|CP255_RAT 289 ATVSDVFVAGSETTSTTLRYGLLLLLKH 316
                          8999**********************99 PP

>> sp|Q92090|CP2K1_ONCMY  Cytochrome P450 2K1 OS=Oncorhynchus mykiss OX=8022 GN=cyp2k1 PE=2 SV=1
   #    score  bias  c-Evalue  i-Evalue hmmfrom  hmm to    alifrom  ali to    envfrom  env to     acc
 ---   ------ ----- --------- --------- ------- -------    ------- -------    ------- -------    ----
   1 !   30.0   0.3   1.4e-08   6.4e-08       1      33 []     297     329 ..     297     329 .. 0.94

  Alignments for each domain:
  == domain 1  score: 30.0 bits;  conditional E-value: 1.4e-08
        ihelix_seed_hmm   1 deelvalvllLlvAGheTTtnaiswalllLlrh 33 
                            d++lv  v +L+ AG++TT+++++w+lll+ ++
  sp|Q92090|CP2K1_ONCMY 297 DDNLVFSVGNLFSAGTDTTGTTLRWGLLLMTKY 329
                            799999************************875 PP

>> sp|A0A1D8QMD2|C76K7_ROSOF  Carnosic acid synthase OS=Rosmarinus officinalis OX=39367 GN=CYP76AK7 PE=1 SV=1
   #    score  bias  c-Evalue  i-Evalue hmmfrom  hmm to    alifrom  ali to    envfrom  env to     acc
 ---   ------ ----- --------- --------- ------- -------    ------- -------    ------- -------    ----
   1 !   29.0   0.0   2.9e-08   1.3e-07       2      33 .]     299     330 ..     298     330 .. 0.97

  Alignments for each domain:
  == domain 1  score: 29.0 bits;  conditional E-value: 2.9e-08
            ihelix_seed_hmm   2 eelvalvllLlvAGheTTtnaiswalllLlrh 33 
                                +e+++++++++vAG +T++ ++ wa+ +Ll h
  sp|A0A1D8QMD2|C76K7_ROSOF 299 KEIRHFCVDIIVAGSDTSAATTEWAMVELLLH 330
                                69****************************88 PP

>> sp|P05181|CP2E1_HUMAN  Cytochrome P450 2E1 OS=Homo sapiens OX=9606 GN=CYP2E1 PE=1 SV=1
   #    score  bias  c-Evalue  i-Evalue hmmfrom  hmm to    alifrom  ali to    envfrom  env to     acc
 ---   ------ ----- --------- --------- ------- -------    ------- -------    ------- -------    ----
   1 !   28.7   0.6   3.6e-08   1.6e-07       2      33 .]     287     318 ..     286     318 .. 0.92

  Alignments for each domain:
  == domain 1  score: 28.7 bits;  conditional E-value: 3.6e-08
        ihelix_seed_hmm   2 eelvalvllLlvAGheTTtnaiswalllLlrh 33 
                            + ++ +v +L++AG+eTT+++++++ll L ++
  sp|P05181|CP2E1_HUMAN 287 DGITVTVADLFFAGTETTSTTLRYGLLILMKY 318
                            78999**********************99875 PP

>> sp|A0A0S1TPC7|C76K6_SALPM  Carnosic acid synthase OS=Salvia pomifera OX=396869 GN=CYP76AK6 PE=1 SV=1
   #    score  bias  c-Evalue  i-Evalue hmmfrom  hmm to    alifrom  ali to    envfrom  env to     acc
 ---   ------ ----- --------- --------- ------- -------    ------- -------    ------- -------    ----
   1 !   28.6   0.2   3.8e-08   1.7e-07       2      33 .]     292     323 ..     291     323 .. 0.96

  Alignments for each domain:
  == domain 1  score: 28.6 bits;  conditional E-value: 3.8e-08
            ihelix_seed_hmm   2 eelvalvllLlvAGheTTtnaiswalllLlrh 33 
                                +e+++l+++L++AG +T++ ++ wa+ +Ll h
  sp|A0A0S1TPC7|C76K6_SALPM 292 NEIKHLCVDLIIAGSDTSAATTEWAMVELLLH 323
                                69****************************88 PP

>> sp|Q2XVA1|CP17A_MACFA  Steroid 17-alpha-hydroxylase/17,20 lyase OS=Macaca fascicularis OX=9541 GN=CYP17A1 PE=2 SV=1
   #    score  bias  c-Evalue  i-Evalue hmmfrom  hmm to    alifrom  ali to    envfrom  env to     acc
 ---   ------ ----- --------- --------- ------- -------    ------- -------    ------- -------    ----
   1 !   28.6   0.6   3.9e-08   1.8e-07       1      33 []     289     321 ..     289     321 .. 0.96

  Alignments for each domain:
  == domain 1  score: 28.6 bits;  conditional E-value: 3.9e-08
        ihelix_seed_hmm   1 deelvalvllLlvAGheTTtnaiswalllLlrh 33 
                            d++++ ++ +++ AG+eTTt++  w++ +Ll++
  sp|Q2XVA1|CP17A_MACFA 289 DNHILTTIGDIFGAGVETTTSVVKWIVAFLLHN 321
                            789****************************87 PP

>> sp|Q8HYM9|CP17A_MACMU  Steroid 17-alpha-hydroxylase/17,20 lyase OS=Macaca mulatta OX=9544 GN=CYP17A1 PE=2 SV=1
   #    score  bias  c-Evalue  i-Evalue hmmfrom  hmm to    alifrom  ali to    envfrom  env to     acc
 ---   ------ ----- --------- --------- ------- -------    ------- -------    ------- -------    ----
   1 !   28.6   0.6   3.9e-08   1.8e-07       1      33 []     289     321 ..     289     321 .. 0.96

  Alignments for each domain:
  == domain 1  score: 28.6 bits;  conditional E-value: 3.9e-08
        ihelix_seed_hmm   1 deelvalvllLlvAGheTTtnaiswalllLlrh 33 
                            d++++ ++ +++ AG+eTTt++  w++ +Ll++
  sp|Q8HYM9|CP17A_MACMU 289 DNHILTTIGDIFGAGVETTTSVVKWIVAFLLHN 321
                            789****************************87 PP

>> sp|Q8HYN0|CP17A_PAPCY  Steroid 17-alpha-hydroxylase/17,20 lyase OS=Papio cynocephalus OX=9556 GN=CYP17A1 PE=2 SV=1
   #    score  bias  c-Evalue  i-Evalue hmmfrom  hmm to    alifrom  ali to    envfrom  env to     acc
 ---   ------ ----- --------- --------- ------- -------    ------- -------    ------- -------    ----
   1 !   28.6   0.6   3.9e-08   1.8e-07       1      33 []     289     321 ..     289     321 .. 0.96

  Alignments for each domain:
  == domain 1  score: 28.6 bits;  conditional E-value: 3.9e-08
        ihelix_seed_hmm   1 deelvalvllLlvAGheTTtnaiswalllLlrh 33 
                            d++++ ++ +++ AG+eTTt++  w++ +Ll++
  sp|Q8HYN0|CP17A_PAPCY 289 DNHILTTIGDIFGAGVETTTSVVKWIVAFLLHN 321
                            789****************************87 PP

>> sp|Q9GLD2|CP17A_PAPHU  Steroid 17-alpha-hydroxylase/17,20 lyase OS=Papio hamadryas ursinus OX=36229 GN=CYP17A1 PE=1 S
   #    score  bias  c-Evalue  i-Evalue hmmfrom  hmm to    alifrom  ali to    envfrom  env to     acc
 ---   ------ ----- --------- --------- ------- -------    ------- -------    ------- -------    ----
   1 !   28.6   0.6   3.9e-08   1.8e-07       1      33 []     289     321 ..     289     321 .. 0.96

  Alignments for each domain:
  == domain 1  score: 28.6 bits;  conditional E-value: 3.9e-08
        ihelix_seed_hmm   1 deelvalvllLlvAGheTTtnaiswalllLlrh 33 
                            d++++ ++ +++ AG+eTTt++  w++ +Ll++
  sp|Q9GLD2|CP17A_PAPHU 289 DNHILTTIGDIFGAGVETTTSVVKWIVAFLLHN 321
                            789****************************87 PP

>> sp|A0A1D8QMD1|C76K6_SALFT  Carnosic acid synthase OS=Salvia fruticosa OX=268906 GN=CYP76AK6 PE=1 SV=1
   #    score  bias  c-Evalue  i-Evalue hmmfrom  hmm to    alifrom  ali to    envfrom  env to     acc
 ---   ------ ----- --------- --------- ------- -------    ------- -------    ------- -------    ----
   1 !   28.6   0.2   3.8e-08   1.7e-07       2      33 .]     292     323 ..     291     323 .. 0.96

  Alignments for each domain:
  == domain 1  score: 28.6 bits;  conditional E-value: 3.8e-08
            ihelix_seed_hmm   2 eelvalvllLlvAGheTTtnaiswalllLlrh 33 
                                +e+++l+++L++AG +T++ ++ wa+ +Ll h
  sp|A0A1D8QMD1|C76K6_SALFT 292 NEIKHLCVDLIIAGSDTSAATTEWAMVELLLH 323
                                69****************************88 PP

>> sp|Q8N118|CP4X1_HUMAN  Cytochrome P450 4X1 OS=Homo sapiens OX=9606 GN=CYP4X1 PE=1 SV=1
   #    score  bias  c-Evalue  i-Evalue hmmfrom  hmm to    alifrom  ali to    envfrom  env to     acc
 ---   ------ ----- --------- --------- ------- -------    ------- -------    ------- -------    ----
   1 !   28.7   0.2   3.7e-08   1.7e-07       3      33 .]     305     335 ..     303     335 .. 0.92

  Alignments for each domain:
  == domain 1  score: 28.7 bits;  conditional E-value: 3.7e-08
        ihelix_seed_hmm   3 elvalvllLlvAGheTTtnaiswalllLlrh 33 
                            ++++ v ++l+AGh+T + +isw+l++L+ +
  sp|Q8N118|CP4X1_HUMAN 305 DVHSEVSTFLLAGHDTLAASISWILYCLALN 335
                            6789999*********************987 PP

>> sp|O57525|CP17A_RANDY  Steroid 17-alpha-hydroxylase/17,20 lyase OS=Rana dybowskii OX=71582 GN=CYP17A1 PE=2 SV=1
   #    score  bias  c-Evalue  i-Evalue hmmfrom  hmm to    alifrom  ali to    envfrom  env to     acc
 ---   ------ ----- --------- --------- ------- -------    ------- -------    ------- -------    ----
   1 !   28.8   0.2   3.4e-08   1.5e-07       2      33 .]     303     334 ..     302     334 .. 0.93

  Alignments for each domain:
  == domain 1  score: 28.8 bits;  conditional E-value: 3.4e-08
        ihelix_seed_hmm   2 eelvalvllLlvAGheTTtnaiswalllLlrh 33 
                            ++++ +v +++ AG+eTT++++ wa+ +Ll++
  sp|O57525|CP17A_RANDY 303 DHILMTVGDIFGAGVETTSTVLKWAVAYLLHY 334
                            78999************************975 PP

>> sp|A0A3G9HRC2|ALT2_ALTAL  Bifunctional cytochrome P450/NADPH--P450 reductase ALT2 OS=Alternaria alternata OX=5599 GN=
   #    score  bias  c-Evalue  i-Evalue hmmfrom  hmm to    alifrom  ali to    envfrom  env to     acc
 ---   ------ ----- --------- --------- ------- -------    ------- -------    ------- -------    ----
   1 !   28.6   0.0   3.9e-08   1.7e-07       4      32 ..     264     292 ..     261     293 .. 0.91

  Alignments for each domain:
  == domain 1  score: 28.6 bits;  conditional E-value: 3.9e-08
           ihelix_seed_hmm   4 lvalvllLlvAGheTTtnaiswalllLlr 32 
                               +v++ l++++AGheTT++++s+ +++Ll+
  sp|A0A3G9HRC2|ALT2_ALTAL 264 VVDNLLTFFIAGHETTSSLLSFCMYYLLE 292
                               57899**********************96 PP

>> sp|P79402|CP242_PIG  Cytochrome P450 2C42 (Fragment) OS=Sus scrofa OX=9823 GN=CYP2C42 PE=2 SV=1
   #    score  bias  c-Evalue  i-Evalue hmmfrom  hmm to    alifrom  ali to    envfrom  env to     acc
 ---   ------ ----- --------- --------- ------- -------    ------- -------    ------- -------    ----
   1 !   28.8   0.9   3.4e-08   1.5e-07       2      33 .]     122     153 ..     121     153 .. 0.98

  Alignments for each domain:
  == domain 1  score: 28.8 bits;  conditional E-value: 3.4e-08
      ihelix_seed_hmm   2 eelvalvllLlvAGheTTtnaiswalllLlrh 33 
                          e+l+a+v +++ AG+eTT+++ +++lllLl+h
  sp|P79402|CP242_PIG 122 ENLIATVSDMFSAGTETTSTTMRYGLLLLLKH 153
                          79****************************99 PP

>> sp|Q2QUC5|C71P1_ORYSJ  Tryptamine 5-hydroxylase OS=Oryza sativa subsp. japonica OX=39947 GN=CYP71P1 PE=1 SV=1
   #    score  bias  c-Evalue  i-Evalue hmmfrom  hmm to    alifrom  ali to    envfrom  env to     acc
 ---   ------ ----- --------- --------- ------- -------    ------- -------    ------- -------    ----
   1 !   29.8   0.3   1.7e-08   7.6e-08       1      33 []     297     329 ..     297     329 .. 0.98

  Alignments for each domain:
  == domain 1  score: 29.8 bits;  conditional E-value: 1.7e-08
        ihelix_seed_hmm   1 deelvalvllLlvAGheTTtnaiswalllLlrh 33 
                            d++l+alvl+++vAG++TT  ++ w++ +L+rh
  sp|Q2QUC5|C71P1_ORYSJ 297 DDNLKALVLDMFVAGTDTTFATLEWVMTELVRH 329
                            79******************************9 PP

>> sp|Q64562|CP21A_RAT  Steroid 21-hydroxylase OS=Rattus norvegicus OX=10116 GN=Cyp21 PE=1 SV=1
   #    score  bias  c-Evalue  i-Evalue hmmfrom  hmm to    alifrom  ali to    envfrom  env to     acc
 ---   ------ ----- --------- --------- ------- -------    ------- -------    ------- -------    ----
   1 !   29.7   1.6   1.7e-08   7.8e-08       8      33 .]     283     308 ..     277     308 .. 0.94

  Alignments for each domain:
  == domain 1  score: 29.7 bits;  conditional E-value: 1.7e-08
      ihelix_seed_hmm   8 vllLlvAGheTTtnaiswalllLlrh 33 
                          v++L+v+G+eTT+ ++swa+ +Ll+h
  sp|Q64562|CP21A_RAT 283 VVDLFVGGTETTAATLSWAVAFLLHH 308
                          89**********************98 PP

>> sp|Q9VB31|C6A18_DROME  Probable cytochrome P450 6a18 OS=Drosophila melanogaster OX=7227 GN=Cyp6a18 PE=2 SV=1
   #    score  bias  c-Evalue  i-Evalue hmmfrom  hmm to    alifrom  ali to    envfrom  env to     acc
 ---   ------ ----- --------- --------- ------- -------    ------- -------    ------- -------    ----
   1 !   28.8   0.0   3.5e-08   1.6e-07       1      33 []     297     329 ..     297     329 .. 0.97

  Alignments for each domain:
  == domain 1  score: 28.8 bits;  conditional E-value: 3.5e-08
        ihelix_seed_hmm   1 deelvalvllLlvAGheTTtnaiswalllLlrh 33 
                            ++e+va++ ++++AG +T++++ ++al++L+++
  sp|Q9VB31|C6A18_DROME 297 MDEIVAQAFVFFIAGFDTSSSTMGFALYELAKN 329
                            59*****************************98 PP

>> sp|A0A3S5HYN5|PVHE_TALVA  Cytochrome P450 monooxygenase pvhE OS=Talaromyces variabilis OX=28576 GN=pvhE PE=1 SV=1
   #    score  bias  c-Evalue  i-Evalue hmmfrom  hmm to    alifrom  ali to    envfrom  env to     acc
 ---   ------ ----- --------- --------- ------- -------    ------- -------    ------- -------    ----
   1 !   28.8   0.2   3.4e-08   1.6e-07       3      33 .]     313     343 ..     312     343 .. 0.96

  Alignments for each domain:
  == domain 1  score: 28.8 bits;  conditional E-value: 3.4e-08
           ihelix_seed_hmm   3 elvalvllLlvAGheTTtnaiswalllLlrh 33 
                               +l+++++ +l+AG +TT+ ++swal++L+rh
  sp|A0A3S5HYN5|PVHE_TALVA 313 MLRDQIVGVLLAGRDTTAATLSWALYELSRH 343
                               6899**************************9 PP

>> sp|P03940|CP21A_MOUSE  Steroid 21-hydroxylase OS=Mus musculus OX=10090 GN=Cyp21 PE=2 SV=3
   #    score  bias  c-Evalue  i-Evalue hmmfrom  hmm to    alifrom  ali to    envfrom  env to     acc
 ---   ------ ----- --------- --------- ------- -------    ------- -------    ------- -------    ----
   1 !   29.7   2.9   1.7e-08   7.9e-08       8      33 .]     280     305 ..     275     305 .. 0.95

  Alignments for each domain:
  == domain 1  score: 29.7 bits;  conditional E-value: 1.7e-08
        ihelix_seed_hmm   8 vllLlvAGheTTtnaiswalllLlrh 33 
                            v++L+++G+eTT++++swa+ +Ll+h
  sp|P03940|CP21A_MOUSE 280 VVDLFIGGTETTATTLSWAVAFLLHH 305
                            89**********************98 PP

>> sp|Q9N0U7|CP17A_CAPHI  Steroid 17-alpha-hydroxylase/17,20 lyase OS=Capra hircus OX=9925 GN=CYP17A1 PE=2 SV=1
   #    score  bias  c-Evalue  i-Evalue hmmfrom  hmm to    alifrom  ali to    envfrom  env to     acc
 ---   ------ ----- --------- --------- ------- -------    ------- -------    ------- -------    ----
   1 !   28.3   0.8   4.8e-08   2.2e-07       5      33 .]     293     321 ..     291     321 .. 0.95

  Alignments for each domain:
  == domain 1  score: 28.3 bits;  conditional E-value: 4.8e-08
        ihelix_seed_hmm   5 valvllLlvAGheTTtnaiswalllLlrh 33 
                            +a++ +++ AG+eTTt++i w++ +Ll+h
  sp|Q9N0U7|CP17A_CAPHI 293 LATIADIFGAGVETTTSVIKWIVAYLLHH 321
                            589************************98 PP

>> sp|F1SYG6|CY197_POSPM  Cytochrome P450 monooxygenase 197 OS=Postia placenta (strain ATCC 44394 / Madison 698-R) OX=56
   #    score  bias  c-Evalue  i-Evalue hmmfrom  hmm to    alifrom  ali to    envfrom  env to     acc
 ---   ------ ----- --------- --------- ------- -------    ------- -------    ------- -------    ----
   1 !   29.7   0.0   1.8e-08     8e-08       1      33 []     314     346 ..     314     346 .. 0.92

  Alignments for each domain:
  == domain 1  score: 29.7 bits;  conditional E-value: 1.8e-08
        ihelix_seed_hmm   1 deelvalvllLlvAGheTTtnaiswalllLlrh 33 
                            d++++a+v ++l+AGheTT+na +w l++L  +
  sp|F1SYG6|CY197_POSPM 314 DKDVLAQVPTFLIAGHETTSNAVAWCLYALTQN 346
                            678899999********************9866 PP

>> sp|Q6GUQ4|CP2E1_MACMU  Cytochrome P450 2E1 OS=Macaca mulatta OX=9544 GN=CYP2E1 PE=2 SV=1
   #    score  bias  c-Evalue  i-Evalue hmmfrom  hmm to    alifrom  ali to    envfrom  env to     acc
 ---   ------ ----- --------- --------- ------- -------    ------- -------    ------- -------    ----
   1 !   28.7   0.6   3.6e-08   1.6e-07       2      33 .]     287     318 ..     286     318 .. 0.92

  Alignments for each domain:
  == domain 1  score: 28.7 bits;  conditional E-value: 3.6e-08
        ihelix_seed_hmm   2 eelvalvllLlvAGheTTtnaiswalllLlrh 33 
                            + ++ +v +L++AG+eTT+++++++ll L ++
  sp|Q6GUQ4|CP2E1_MACMU 287 DGITVTVADLFFAGTETTSTTLRYGLLILMKY 318
                            78999**********************99875 PP

>> sp|P33266|CP2E1_MACFA  Cytochrome P450 2E1 (Fragment) OS=Macaca fascicularis OX=9541 GN=CYP2E1 PE=2 SV=1
   #    score  bias  c-Evalue  i-Evalue hmmfrom  hmm to    alifrom  ali to    envfrom  env to     acc
 ---   ------ ----- --------- --------- ------- -------    ------- -------    ------- -------    ----
   1 !   28.9   0.6   3.2e-08   1.5e-07       2      33 .]     243     274 ..     242     274 .. 0.92

  Alignments for each domain:
  == domain 1  score: 28.9 bits;  conditional E-value: 3.2e-08
        ihelix_seed_hmm   2 eelvalvllLlvAGheTTtnaiswalllLlrh 33 
                            + ++ +v +L++AG+eTT+++++++ll L ++
  sp|P33266|CP2E1_MACFA 243 DGITVTVADLFFAGTETTSTTLRYGLLILMKY 274
                            78999**********************99875 PP

>> sp|A0A411KZY9|BUAD_ASPBU  Cytochrome P450 monooxygenase buaD OS=Aspergillus burnettii OX=2508778 GN=buaD PE=3 SV=1
   #    score  bias  c-Evalue  i-Evalue hmmfrom  hmm to    alifrom  ali to    envfrom  env to     acc
 ---   ------ ----- --------- --------- ------- -------    ------- -------    ------- -------    ----
   1 !   28.5   0.3   4.4e-08     2e-07       1      30 [.     317     346 ..     317     349 .. 0.93

  Alignments for each domain:
  == domain 1  score: 28.5 bits;  conditional E-value: 4.4e-08
           ihelix_seed_hmm   1 deelvalvllLlvAGheTTtnaiswalllL 30 
                               +ee++++++++l AGheT +  i+wa++ L
  sp|A0A411KZY9|BUAD_ASPBU 317 EEEVINQMTTILGAGHETISVGITWAIYML 346
                               69*************************966 PP

>> sp|Q29497|CP17A_SHEEP  Steroid 17-alpha-hydroxylase/17,20 lyase OS=Ovis aries OX=9940 GN=CYP17A1 PE=2 SV=2
   #    score  bias  c-Evalue  i-Evalue hmmfrom  hmm to    alifrom  ali to    envfrom  env to     acc
 ---   ------ ----- --------- --------- ------- -------    ------- -------    ------- -------    ----
   1 !   28.3   0.8   4.8e-08   2.2e-07       5      33 .]     293     321 ..     291     321 .. 0.95

  Alignments for each domain:
  == domain 1  score: 28.3 bits;  conditional E-value: 4.8e-08
        ihelix_seed_hmm   5 valvllLlvAGheTTtnaiswalllLlrh 33 
                            +a++ +++ AG+eTTt++i w++ +Ll+h
  sp|Q29497|CP17A_SHEEP 293 LATIADIFGAGVETTTSVIKWIVAYLLHH 321
                            589************************98 PP

>> sp|O46054|C4AE1_DROME  Cytochrome P450 4ae1 OS=Drosophila melanogaster OX=7227 GN=Cyp4ae1 PE=2 SV=1
   #    score  bias  c-Evalue  i-Evalue hmmfrom  hmm to    alifrom  ali to    envfrom  env to     acc
 ---   ------ ----- --------- --------- ------- -------    ------- -------    ------- -------    ----
   1 !   28.4   0.0   4.4e-08     2e-07       1      33 []     291     323 ..     291     323 .. 0.97

  Alignments for each domain:
  == domain 1  score: 28.4 bits;  conditional E-value: 4.4e-08
        ihelix_seed_hmm   1 deelvalvllLlvAGheTTtnaiswalllLlrh 33 
                            d+++++ v ++++ Gh+TTt+a s+ l+lL+rh
  sp|O46054|C4AE1_DROME 291 DKQIRDEVNTFIFEGHDTTTSAVSFCLYLLSRH 323
                            789*****************************9 PP

>> sp|A0A4D6Q415|CYP1_CROXC  Flavonoid 3'-monooxygenase CYP75B137 OS=Crocosmia x crocosmiiflora OX=1053288 GN=CYP75B137 
   #    score  bias  c-Evalue  i-Evalue hmmfrom  hmm to    alifrom  ali to    envfrom  env to     acc
 ---   ------ ----- --------- --------- ------- -------    ------- -------    ------- -------    ----
   1 !   28.2   0.5   5.1e-08   2.3e-07       3      33 .]     291     321 ..     289     321 .. 0.96

  Alignments for each domain:
  == domain 1  score: 28.2 bits;  conditional E-value: 5.1e-08
           ihelix_seed_hmm   3 elvalvllLlvAGheTTtnaiswalllLlrh 33 
                               +++al l+L++AG++T++++  w+l +L+rh
  sp|A0A4D6Q415|CYP1_CROXC 291 DIKALLLNLFTAGTDTSSSTVEWVLAELIRH 321
                               799***************************9 PP

>> sp|A0A3Q9R4N5|C76B7_ARNEU  Geranylhydroquinone 3''-hydroxylase CYP76B74 OS=Arnebia euchroma OX=373122 GN=CYP76B74 PE=
   #    score  bias  c-Evalue  i-Evalue hmmfrom  hmm to    alifrom  ali to    envfrom  env to     acc
 ---   ------ ----- --------- --------- ------- -------    ------- -------    ------- -------    ----
   1 !   29.6   0.1   1.9e-08   8.6e-08       4      33 .]     287     316 ..     285     316 .. 0.92

  Alignments for each domain:
  == domain 1  score: 29.6 bits;  conditional E-value: 1.9e-08
            ihelix_seed_hmm   4 lvalvllLlvAGheTTtnaiswalllLlrh 33 
                                +++++l+L++AG++TT++++ w++ +L+ +
  sp|A0A3Q9R4N5|C76B7_ARNEU 287 VKHTILDLFIAGTDTTSSVTEWTMAELIQN 316
                                5789***********************876 PP

>> sp|P79716|CP1A1_DICLA  Cytochrome P450 1A1 OS=Dicentrarchus labrax OX=13489 GN=cyp1a1 PE=2 SV=1
   #    score  bias  c-Evalue  i-Evalue hmmfrom  hmm to    alifrom  ali to    envfrom  env to     acc
 ---   ------ ----- --------- --------- ------- -------    ------- -------    ------- -------    ----
   1 !   28.5   0.0   4.1e-08   1.9e-07       1      32 [.     310     341 ..     310     342 .. 0.95

  Alignments for each domain:
  == domain 1  score: 28.5 bits;  conditional E-value: 4.1e-08
        ihelix_seed_hmm   1 deelvalvllLlvAGheTTtnaiswalllLlr 32 
                            de +v++v +L+ AG +T ++a+sw++++L+ 
  sp|P79716|CP1A1_DICLA 310 DEKIVGIVNDLFGAGFDTISTALSWSVMYLVA 341
                            789***************************86 PP

>> sp|P08684|CP3A4_HUMAN  Cytochrome P450 3A4 OS=Homo sapiens OX=9606 GN=CYP3A4 PE=1 SV=4
   #    score  bias  c-Evalue  i-Evalue hmmfrom  hmm to    alifrom  ali to    envfrom  env to     acc
 ---   ------ ----- --------- --------- ------- -------    ------- -------    ------- -------    ----
   1 !   28.6   0.2   3.9e-08   1.8e-07       2      33 .]     293     324 ..     292     324 .. 0.96

  Alignments for each domain:
  == domain 1  score: 28.6 bits;  conditional E-value: 3.9e-08
        ihelix_seed_hmm   2 eelvalvllLlvAGheTTtnaiswalllLlrh 33 
                             elva+ + +++AG eTT++++s+++++L++h
  sp|P08684|CP3A4_HUMAN 293 LELVAQSIIFIFAGYETTSSVLSFIMYELATH 324
                            69*****************************9 PP

>> sp|Q92116|CP1A1_STECH  Cytochrome P450 1A1 OS=Stenotomus chrysops OX=35579 GN=cyp1a1 PE=2 SV=1
   #    score  bias  c-Evalue  i-Evalue hmmfrom  hmm to    alifrom  ali to    envfrom  env to     acc
 ---   ------ ----- --------- --------- ------- -------    ------- -------    ------- -------    ----
   1 !   28.5   0.0   4.2e-08   1.9e-07       1      32 [.     309     340 ..     309     341 .. 0.95

  Alignments for each domain:
  == domain 1  score: 28.5 bits;  conditional E-value: 4.2e-08
        ihelix_seed_hmm   1 deelvalvllLlvAGheTTtnaiswalllLlr 32 
                            de +v++v +L+ AG +T ++a+sw++++L+ 
  sp|Q92116|CP1A1_STECH 309 DEKIVGIVNDLFGAGFDTISTALSWSVMYLVA 340
                            789***************************86 PP

>> sp|P49602|CP51_USTMA  Lanosterol 14-alpha demethylase OS=Ustilago maydis (strain 521 / FGSC 9021) OX=237631 GN=ERG11 
   #    score  bias  c-Evalue  i-Evalue hmmfrom  hmm to    alifrom  ali to    envfrom  env to     acc
 ---   ------ ----- --------- --------- ------- -------    ------- -------    ------- -------    ----
   1 !   27.9   0.6   6.6e-08     3e-07       3      32 ..     314     343 ..     313     344 .. 0.95

  Alignments for each domain:
  == domain 1  score: 27.9 bits;  conditional E-value: 6.6e-08
       ihelix_seed_hmm   3 elvalvllLlvAGheTTtnaiswalllLlr 32 
                           e+++++++Ll+AG++T++ ++swa+l L++
  sp|P49602|CP51_USTMA 314 EIAHMMIALLMAGQHTSSATSSWAFLRLAS 343
                           89**************************96 PP

>> sp|P48418|C75A1_PETHY  Flavonoid 3',5'-hydroxylase 1 OS=Petunia hybrida OX=4102 GN=CYP75A1 PE=1 SV=1
   #    score  bias  c-Evalue  i-Evalue hmmfrom  hmm to    alifrom  ali to    envfrom  env to     acc
 ---   ------ ----- --------- --------- ------- -------    ------- -------    ------- -------    ----
   1 !   29.5   0.9   2.1e-08   9.5e-08       3      33 .]     290     320 ..     288     320 .. 0.95

  Alignments for each domain:
  == domain 1  score: 29.5 bits;  conditional E-value: 2.1e-08
        ihelix_seed_hmm   3 elvalvllLlvAGheTTtnaiswalllLlrh 33 
                            +++al l+L++AG++T+++ai wal ++ ++
  sp|P48418|C75A1_PETHY 290 NIKALLLNLFTAGTDTSSSAIEWALAEMMKN 320
                            899*************************987 PP

>> sp|P98181|CP1A1_PAGMA  Cytochrome P450 1A1 OS=Pagrus major OX=143350 GN=cyp1a1 PE=2 SV=1
   #    score  bias  c-Evalue  i-Evalue hmmfrom  hmm to    alifrom  ali to    envfrom  env to     acc
 ---   ------ ----- --------- --------- ------- -------    ------- -------    ------- -------    ----
   1 !   28.3   0.0   4.9e-08   2.2e-07       1      32 [.     303     334 ..     303     335 .. 0.94

  Alignments for each domain:
  == domain 1  score: 28.3 bits;  conditional E-value: 4.9e-08
        ihelix_seed_hmm   1 deelvalvllLlvAGheTTtnaiswalllLlr 32 
                            d+ +v++v +L+ AG +T ++a+sw++++L+ 
  sp|P98181|CP1A1_PAGMA 303 DDKIVGIVNDLFGAGFDTISTALSWSVMYLVA 334
                            789***************************86 PP

>> sp|Q64417|CP3AE_CAVPO  Cytochrome P450 3A14 OS=Cavia porcellus OX=10141 GN=CYP3A14 PE=2 SV=2
   #    score  bias  c-Evalue  i-Evalue hmmfrom  hmm to    alifrom  ali to    envfrom  env to     acc
 ---   ------ ----- --------- --------- ------- -------    ------- -------    ------- -------    ----
   1 !   28.1   0.3   5.8e-08   2.7e-07       2      33 .]     293     324 ..     292     324 .. 0.96

  Alignments for each domain:
  == domain 1  score: 28.1 bits;  conditional E-value: 5.8e-08
        ihelix_seed_hmm   2 eelvalvllLlvAGheTTtnaiswalllLlrh 33 
                             e++a+ + +++AG eTT++++s++++ L++h
  sp|Q64417|CP3AE_CAVPO 293 VEILAQSIIFIFAGYETTSSTLSFIMYSLATH 324
                            599****************************9 PP

>> sp|L7X3S1|MSH_PAPSO  Methyltetrahydroprotoberberine 14-monooxygenase OS=Papaver somniferum OX=3469 GN=CYP82N4 PE=1 SV
   #    score  bias  c-Evalue  i-Evalue hmmfrom  hmm to    alifrom  ali to    envfrom  env to     acc
 ---   ------ ----- --------- --------- ------- -------    ------- -------    ------- -------    ----
   1 !   28.2   1.0   5.2e-08   2.4e-07       5      33 .]     318     346 ..     317     346 .. 0.96

  Alignments for each domain:
  == domain 1  score: 28.2 bits;  conditional E-value: 5.2e-08
      ihelix_seed_hmm   5 valvllLlvAGheTTtnaiswalllLlrh 33 
                          ++++l+++++G +TTt +++wa+ lLl+h
  sp|L7X3S1|MSH_PAPSO 318 KSTCLDMILGGSDTTTVTLTWAMSLLLNH 346
                          689************************99 PP

>> sp|P56655|CP238_MOUSE  Cytochrome P450 2C38 OS=Mus musculus OX=10090 GN=Cyp2c38 PE=1 SV=2
   #    score  bias  c-Evalue  i-Evalue hmmfrom  hmm to    alifrom  ali to    envfrom  env to     acc
 ---   ------ ----- --------- --------- ------- -------    ------- -------    ------- -------    ----
   1 !   28.0   1.1     6e-08   2.7e-07       2      33 .]     285     316 ..     284     316 .. 0.93

  Alignments for each domain:
  == domain 1  score: 28.0 bits;  conditional E-value: 6e-08
        ihelix_seed_hmm   2 eelvalvllLlvAGheTTtnaiswalllLlrh 33 
                            e+lv ++ +L++AG+eTT++++++alllL ++
  sp|P56655|CP238_MOUSE 285 ENLVCTINNLFAAGTETTSTTLRYALLLLMKY 316
                            788889***********************875 PP

>> sp|Q92109|CP1A3_ONCMY  Cytochrome P450 1A3 OS=Oncorhynchus mykiss OX=8022 GN=cyp1a3 PE=2 SV=2
   #    score  bias  c-Evalue  i-Evalue hmmfrom  hmm to    alifrom  ali to    envfrom  env to     acc
 ---   ------ ----- --------- --------- ------- -------    ------- -------    ------- -------    ----
   1 !   28.1   0.0   5.6e-08   2.5e-07       1      32 [.     309     340 ..     309     341 .. 0.94

  Alignments for each domain:
  == domain 1  score: 28.1 bits;  conditional E-value: 5.6e-08
        ihelix_seed_hmm   1 deelvalvllLlvAGheTTtnaiswalllLlr 32 
                            de +v++v +L+ AG +T ++a+swa+ +L+ 
  sp|Q92109|CP1A3_ONCMY 309 DEKIVGIVNDLFGAGFDTISTALSWAVVYLVA 340
                            789**************************986 PP

>> sp|B8MV61|TPEC_TALSN  Cytochrome P450 monooxygenase tpeC OS=Talaromyces stipitatus (strain ATCC 10500 / CBS 375.48 / 
   #    score  bias  c-Evalue  i-Evalue hmmfrom  hmm to    alifrom  ali to    envfrom  env to     acc
 ---   ------ ----- --------- --------- ------- -------    ------- -------    ------- -------    ----
   1 !   28.0   1.0   6.3e-08   2.9e-07       2      33 .]     297     328 ..     297     328 .. 0.97

  Alignments for each domain:
  == domain 1  score: 28.0 bits;  conditional E-value: 6.3e-08
       ihelix_seed_hmm   2 eelvalvllLlvAGheTTtnaiswalllLlrh 33 
                           +e++++ + L++AG eTT++++s +++lLl +
  sp|B8MV61|TPEC_TALSN 297 DEIHGTSMGLIFAGSETTATLLSGVTYLLLQN 328
                           79***************************987 PP

>> sp|P11372|CP2CF_RABIT  Cytochrome P450 2C15 (Fragment) OS=Oryctolagus cuniculus OX=9986 GN=CYP2C15 PE=2 SV=1
   #    score  bias  c-Evalue  i-Evalue hmmfrom  hmm to    alifrom  ali to    envfrom  env to     acc
 ---   ------ ----- --------- --------- ------- -------    ------- -------    ------- -------    ----
   1 !   28.4   2.8   4.6e-08   2.1e-07       2      33 .]     173     204 ..     172     204 .. 0.95

  Alignments for each domain:
  == domain 1  score: 28.4 bits;  conditional E-value: 4.6e-08
        ihelix_seed_hmm   2 eelvalvllLlvAGheTTtnaiswalllLlrh 33 
                            e lv +v +L+ AG+eTT++++s +lllLl+h
  sp|P11372|CP2CF_RABIT 173 ESLVTTVSDLFGAGTETTSTTLSISLLLLLKH 204
                            67899*************************99 PP

>> sp|P79383|CP2E1_PIG  Cytochrome P450 2E1 OS=Sus scrofa OX=9823 GN=CYP2E1 PE=2 SV=1
   #    score  bias  c-Evalue  i-Evalue hmmfrom  hmm to    alifrom  ali to    envfrom  env to     acc
 ---   ------ ----- --------- --------- ------- -------    ------- -------    ------- -------    ----
   1 !   28.1   0.5   5.6e-08   2.5e-07       2      33 .]     287     318 ..     286     318 .. 0.94

  Alignments for each domain:
  == domain 1  score: 28.1 bits;  conditional E-value: 5.6e-08
      ihelix_seed_hmm   2 eelvalvllLlvAGheTTtnaiswalllLlrh 33 
                          ++++ +v ++++AG+eTT+++++++ll L ++
  sp|P79383|CP2E1_PIG 287 DNIAVTVADMFFAGTETTSTTLRYGLLILMKY 318
                          8999***********************99875 PP

>> sp|O65790|C81F1_ARATH  Cytochrome P450 81F1 OS=Arabidopsis thaliana OX=3702 GN=CYP81F1 PE=2 SV=2
   #    score  bias  c-Evalue  i-Evalue hmmfrom  hmm to    alifrom  ali to    envfrom  env to     acc
 ---   ------ ----- --------- --------- ------- -------    ------- -------    ------- -------    ----
   1 !   28.1   0.8   5.8e-08   2.6e-07       4      33 .]     290     319 ..     290     319 .. 0.97

  Alignments for each domain:
  == domain 1  score: 28.1 bits;  conditional E-value: 5.8e-08
        ihelix_seed_hmm   4 lvalvllLlvAGheTTtnaiswalllLlrh 33 
                            +++l++++++AG+eT++ ++ wa+  Llr+
  sp|O65790|C81F1_ARATH 290 IKGLMMSMMLAGTETSAVTLEWAMANLLRN 319
                            689**************************8 PP

>> sp|Q92110|CP1A1_ONCMY  Cytochrome P450 1A1 OS=Oncorhynchus mykiss OX=8022 GN=cyp1a1 PE=2 SV=2
   #    score  bias  c-Evalue  i-Evalue hmmfrom  hmm to    alifrom  ali to    envfrom  env to     acc
 ---   ------ ----- --------- --------- ------- -------    ------- -------    ------- -------    ----
   1 !   28.1   0.0   5.6e-08   2.5e-07       1      32 [.     309     340 ..     309     341 .. 0.94

  Alignments for each domain:
  == domain 1  score: 28.1 bits;  conditional E-value: 5.6e-08
        ihelix_seed_hmm   1 deelvalvllLlvAGheTTtnaiswalllLlr 32 
                            de +v++v +L+ AG +T ++a+swa+ +L+ 
  sp|Q92110|CP1A1_ONCMY 309 DEKIVGIVNDLFGAGFDTISTALSWAVVYLVA 340
                            789**************************986 PP

>> sp|O77809|CP1A2_MACFA  Cytochrome P450 1A2 OS=Macaca fascicularis OX=9541 GN=CYP1A2 PE=1 SV=3
   #    score  bias  c-Evalue  i-Evalue hmmfrom  hmm to    alifrom  ali to    envfrom  env to     acc
 ---   ------ ----- --------- --------- ------- -------    ------- -------    ------- -------    ----
   1 !   28.6   0.0   4.1e-08   1.9e-07       2      32 ..     305     335 ..     304     336 .. 0.95

  Alignments for each domain:
  == domain 1  score: 28.6 bits;  conditional E-value: 4.1e-08
        ihelix_seed_hmm   2 eelvalvllLlvAGheTTtnaiswalllLlr 32 
                            e +v+lv +++ AG +T ++aisw+l++L++
  sp|O77809|CP1A2_MACFA 305 EKIVNLVNDIFGAGFDTIATAISWSLMYLVT 335
                            679**************************87 PP

>> sp|P30437|CP17A_ONCMY  Steroid 17-alpha-hydroxylase/17,20 lyase OS=Oncorhynchus mykiss OX=8022 GN=cyp17a1 PE=2 SV=1
   #    score  bias  c-Evalue  i-Evalue hmmfrom  hmm to    alifrom  ali to    envfrom  env to     acc
 ---   ------ ----- --------- --------- ------- -------    ------- -------    ------- -------    ----
   1 !   28.0   0.4   6.2e-08   2.8e-07       2      33 .]     297     328 ..     296     328 .. 0.94

  Alignments for each domain:
  == domain 1  score: 28.0 bits;  conditional E-value: 6.2e-08
        ihelix_seed_hmm   2 eelvalvllLlvAGheTTtnaiswalllLlrh 33 
                            ++l+ +v +++ AG+eTT++++ wa+ +L++h
  sp|P30437|CP17A_ONCMY 297 DHLLMTVGDIFGAGVETTSTVLKWAIAYLIHH 328
                            788889***********************988 PP

>> sp|Q0IIF9|CP2U1_BOVIN  Cytochrome P450 2U1 OS=Bos taurus OX=9913 GN=CYP2U1 PE=2 SV=1
   #    score  bias  c-Evalue  i-Evalue hmmfrom  hmm to    alifrom  ali to    envfrom  env to     acc
 ---   ------ ----- --------- --------- ------- -------    ------- -------    ------- -------    ----
   1 !   27.9   0.3   6.5e-08     3e-07       4      33 .]     342     371 ..     339     371 .. 0.90

  Alignments for each domain:
  == domain 1  score: 27.9 bits;  conditional E-value: 6.5e-08
        ihelix_seed_hmm   4 lvalvllLlvAGheTTtnaiswalllLlrh 33 
                            l +++ +L++AG++TTtn++ w ll+++ h
  sp|Q0IIF9|CP2U1_BOVIN 342 LFYIIGDLFIAGTDTTTNSLLWCLLYMSLH 371
                            567899*********************987 PP

>> sp|Q02318|CP27A_HUMAN  Sterol 26-hydroxylase, mitochondrial OS=Homo sapiens OX=9606 GN=CYP27A1 PE=1 SV=1
   #    score  bias  c-Evalue  i-Evalue hmmfrom  hmm to    alifrom  ali to    envfrom  env to     acc
 ---   ------ ----- --------- --------- ------- -------    ------- -------    ------- -------    ----
   1 !   28.1   0.2   5.9e-08   2.7e-07      11      32 ..     332     353 ..     331     354 .. 0.94

  Alignments for each domain:
  == domain 1  score: 28.1 bits;  conditional E-value: 5.9e-08
        ihelix_seed_hmm  11 LlvAGheTTtnaiswalllLlr 32 
                            Ll+AG++TT+n+++wal++L++
  sp|Q02318|CP27A_HUMAN 332 LLMAGVDTTSNTLTWALYHLSK 353
                            9*******************86 PP

>> sp|X2JE85|C7BL2_TANPA  Costunolide synthase OS=Tanacetum parthenium OX=127999 GN=CYP71BL2 PE=1 SV=1
   #    score  bias  c-Evalue  i-Evalue hmmfrom  hmm to    alifrom  ali to    envfrom  env to     acc
 ---   ------ ----- --------- --------- ------- -------    ------- -------    ------- -------    ----
   1 !   29.1   0.4   2.7e-08   1.2e-07       1      33 []     283     315 ..     283     315 .. 0.97

  Alignments for each domain:
  == domain 1  score: 29.1 bits;  conditional E-value: 2.7e-08
        ihelix_seed_hmm   1 deelvalvllLlvAGheTTtnaiswalllLlrh 33 
                            de+++a vl++l+AG++T+++++ wa+ +L r+
  sp|X2JE85|C7BL2_TANPA 283 DEHVKAVVLDMLTAGTDTSSTTLEWAMTELMRN 315
                            799***************************998 PP

>> sp|O04790|C75A7_EUSER  Flavonoid 3',5'-hydroxylase OS=Eustoma exaltatum subsp. russellianum OX=52518 GN=CYP75A7 PE=1 
   #    score  bias  c-Evalue  i-Evalue hmmfrom  hmm to    alifrom  ali to    envfrom  env to     acc
 ---   ------ ----- --------- --------- ------- -------    ------- -------    ------- -------    ----
   1 !   29.0   0.5   2.9e-08   1.3e-07       3      33 .]     294     324 ..     292     324 .. 0.96

  Alignments for each domain:
  == domain 1  score: 29.0 bits;  conditional E-value: 2.9e-08
        ihelix_seed_hmm   3 elvalvllLlvAGheTTtnaiswalllLlrh 33 
                            +++al l++++AG++T++++i wal +Ll++
  sp|O04790|C75A7_EUSER 294 NIKALLLNMFTAGTDTSSSVIEWALAELLKN 324
                            799**************************98 PP

>> sp|Q6WNQ8|C81E8_MEDTR  Cytochrome P450 81E8 OS=Medicago truncatula OX=3880 GN=CYP81E8 PE=2 SV=1
   #    score  bias  c-Evalue  i-Evalue hmmfrom  hmm to    alifrom  ali to    envfrom  env to     acc
 ---   ------ ----- --------- --------- ------- -------    ------- -------    ------- -------    ----
   1 !   28.0   0.2   6.1e-08   2.8e-07       4      33 .]     292     321 ..     289     321 .. 0.95

  Alignments for each domain:
  == domain 1  score: 28.0 bits;  conditional E-value: 6.1e-08
        ihelix_seed_hmm   4 lvalvllLlvAGheTTtnaiswalllLlrh 33 
                            +++l++++l+AG++T++ +i wa+  Ll+h
  sp|Q6WNQ8|C81E8_MEDTR 292 IKGLMVVMLLAGTDTSSVTIEWAMSNLLNH 321
                            789*************************98 PP

>> sp|Q27516|C13A8_CAEEL  Putative cytochrome P450 CYP13A8 OS=Caenorhabditis elegans OX=6239 GN=cyp-13A8 PE=3 SV=2
   #    score  bias  c-Evalue  i-Evalue hmmfrom  hmm to    alifrom  ali to    envfrom  env to     acc
 ---   ------ ----- --------- --------- ------- -------    ------- -------    ------- -------    ----
   1 !   28.3   0.1     5e-08   2.3e-07       2      33 .]     308     339 ..     307     339 .. 0.96

  Alignments for each domain:
  == domain 1  score: 28.3 bits;  conditional E-value: 5e-08
        ihelix_seed_hmm   2 eelvalvllLlvAGheTTtnaiswalllLlrh 33 
                            +e+++++ ++lvAG +TT+ ++s+++++L+ +
  sp|Q27516|C13A8_CAEEL 308 QEIISQCFVFLVAGFDTTAISLSYVTYFLALN 339
                            8****************************987 PP

>> sp|Q96418|C75A5_EUSER  Flavonoid 3',5'-hydroxylase OS=Eustoma exaltatum subsp. russellianum OX=52518 GN=CYP75A5 PE=2 
   #    score  bias  c-Evalue  i-Evalue hmmfrom  hmm to    alifrom  ali to    envfrom  env to     acc
 ---   ------ ----- --------- --------- ------- -------    ------- -------    ------- -------    ----
   1 !   29.0   0.5   2.9e-08   1.3e-07       3      33 .]     294     324 ..     292     324 .. 0.96

  Alignments for each domain:
  == domain 1  score: 29.0 bits;  conditional E-value: 2.9e-08
        ihelix_seed_hmm   3 elvalvllLlvAGheTTtnaiswalllLlrh 33 
                            +++al l++++AG++T++++i wal +Ll++
  sp|Q96418|C75A5_EUSER 294 NIKALLLNMFTAGTDTSSSVIEWALAELLKN 324
                            799**************************98 PP

>> sp|A0A2R4SBW0|CYPL8_GANLU  Ganoderic acid synthetase CYP5150L8 OS=Ganoderma lucidum OX=5315 GN=CYP5150L8 PE=1 SV=1
   #    score  bias  c-Evalue  i-Evalue hmmfrom  hmm to    alifrom  ali to    envfrom  env to     acc
 ---   ------ ----- --------- --------- ------- -------    ------- -------    ------- -------    ----
   1 !   27.9   0.8   6.7e-08     3e-07       1      33 []     312     344 ..     312     344 .. 0.98

  Alignments for each domain:
  == domain 1  score: 27.9 bits;  conditional E-value: 6.7e-08
            ihelix_seed_hmm   1 deelvalvllLlvAGheTTtnaiswalllLlrh 33 
                                deel+a++ ++++AG++TT+na+s +l+lL++h
  sp|A0A2R4SBW0|CYPL8_GANLU 312 DEELLAQMSTFILAGMDTTSNALSRILHLLAEH 344
                                89*****************************98 PP

>> sp|Q42799|C93A2_SOYBN  Cytochrome P450 93A2 OS=Glycine max OX=3847 GN=CYP93A2 PE=2 SV=1
   #    score  bias  c-Evalue  i-Evalue hmmfrom  hmm to    alifrom  ali to    envfrom  env to     acc
 ---   ------ ----- --------- --------- ------- -------    ------- -------    ------- -------    ----
   1 !   28.2   0.1   5.3e-08   2.4e-07       2      33 .]     287     318 ..     286     318 .. 0.96

  Alignments for each domain:
  == domain 1  score: 28.2 bits;  conditional E-value: 5.3e-08
        ihelix_seed_hmm   2 eelvalvllLlvAGheTTtnaiswalllLlrh 33 
                            e+++a++++++vAG++T++ +  wa+ +L+++
  sp|Q42799|C93A2_SOYBN 287 ENIKAFIMDIFVAGTDTSAATMEWAMAELINN 318
                            89***************************987 PP

>> sp|Q55AJ4|C516B_DICDI  Probable cytochrome P450 516B1 OS=Dictyostelium discoideum OX=44689 GN=cyp516B1 PE=3 SV=1
   #    score  bias  c-Evalue  i-Evalue hmmfrom  hmm to    alifrom  ali to    envfrom  env to     acc
 ---   ------ ----- --------- --------- ------- -------    ------- -------    ------- -------    ----
   1 !   27.7   0.2   7.6e-08   3.4e-07       9      33 .]     282     306 ..     275     306 .. 0.95

  Alignments for each domain:
  == domain 1  score: 27.7 bits;  conditional E-value: 7.6e-08
        ihelix_seed_hmm   9 llLlvAGheTTtnaiswalllLlrh 33 
                            ++L+vAGheT++ +++w++l+L++h
  sp|Q55AJ4|C516B_DICDI 282 TDLIVAGHETVAITLGWMILFLSNH 306
                            79*********************98 PP

>> sp|Q2XNC8|CP2D6_PANTR  Cytochrome P450 2D6 OS=Pan troglodytes OX=9598 GN=CYP2D6 PE=3 SV=1
   #    score  bias  c-Evalue  i-Evalue hmmfrom  hmm to    alifrom  ali to    envfrom  env to     acc
 ---   ------ ----- --------- --------- ------- -------    ------- -------    ------- -------    ----
   1 !   27.8   1.8   6.9e-08   3.1e-07       1      33 []     292     324 ..     292     324 .. 0.96

  Alignments for each domain:
  == domain 1  score: 27.8 bits;  conditional E-value: 6.9e-08
        ihelix_seed_hmm   1 deelvalvllLlvAGheTTtnaiswalllLlrh 33 
                            de+l+  v +L+ AG+ TT+++++w+lll++ h
  sp|Q2XNC8|CP2D6_PANTR 292 DENLRIVVADLFSAGIVTTSTTLAWGLLLMILH 324
                            79****************************987 PP

>> sp|Q5KTN2|ALT2_ALTSO  Cytochrome P450 monooxygenase alt2 OS=Alternaria solani OX=48100 GN=alt2 PE=3 SV=1
   #    score  bias  c-Evalue  i-Evalue hmmfrom  hmm to    alifrom  ali to    envfrom  env to     acc
 ---   ------ ----- --------- --------- ------- -------    ------- -------    ------- -------    ----
   1 !   27.4   0.0   9.3e-08   4.2e-07       3      33 .]     313     343 ..     312     343 .. 0.94

  Alignments for each domain:
  == domain 1  score: 27.4 bits;  conditional E-value: 9.3e-08
       ihelix_seed_hmm   3 elvalvllLlvAGheTTtnaiswalllLlrh 33 
                           e++ +vl Ll+AG +TT+++++w++++L+r+
  sp|Q5KTN2|ALT2_ALTSO 313 EVREQVLGLLAAGRDTTASLTAWVFYCLVRN 343
                           677899***********************98 PP

>> sp|P24456|CP2DA_MOUSE  Cytochrome P450 2D10 OS=Mus musculus OX=10090 GN=Cyp2d10 PE=1 SV=2
   #    score  bias  c-Evalue  i-Evalue hmmfrom  hmm to    alifrom  ali to    envfrom  env to     acc
 ---   ------ ----- --------- --------- ------- -------    ------- -------    ------- -------    ----
   1 !   27.7   3.0   7.7e-08   3.5e-07       1      33 []     295     327 ..     295     327 .. 0.95

  Alignments for each domain:
  == domain 1  score: 27.7 bits;  conditional E-value: 7.7e-08
        ihelix_seed_hmm   1 deelvalvllLlvAGheTTtnaiswalllLlrh 33 
                            de+l+  vl+L++AG+ TT++++swalll++ h
  sp|P24456|CP2DA_MOUSE 295 DENLRMVVLDLFTAGMVTTSTTLSWALLLMILH 327
                            7899999***********************987 PP

>> sp|P00181|CP2C2_RABIT  Cytochrome P450 2C2 OS=Oryctolagus cuniculus OX=9986 GN=CYP2C2 PE=1 SV=2
   #    score  bias  c-Evalue  i-Evalue hmmfrom  hmm to    alifrom  ali to    envfrom  env to     acc
 ---   ------ ----- --------- --------- ------- -------    ------- -------    ------- -------    ----
   1 !   28.0   1.5     6e-08   2.7e-07       2      33 .]     285     316 ..     284     316 .. 0.96

  Alignments for each domain:
  == domain 1  score: 28.0 bits;  conditional E-value: 6e-08
        ihelix_seed_hmm   2 eelvalvllLlvAGheTTtnaiswalllLlrh 33 
                            e+l+ +v ++++AG+eTT+++++++lllL +h
  sp|P00181|CP2C2_RABIT 285 ENLLTTVSDVFMAGTETTSTTLRYGLLLLMKH 316
                            78999************************998 PP

>> sp|Q64464|CP3AD_MOUSE  Cytochrome P450 3A13 OS=Mus musculus OX=10090 GN=Cyp3a13 PE=1 SV=1
   #    score  bias  c-Evalue  i-Evalue hmmfrom  hmm to    alifrom  ali to    envfrom  env to     acc
 ---   ------ ----- --------- --------- ------- -------    ------- -------    ------- -------    ----
   1 !   27.7   0.3   7.8e-08   3.6e-07       2      31 ..     293     322 ..     292     324 .. 0.94

  Alignments for each domain:
  == domain 1  score: 27.7 bits;  conditional E-value: 7.8e-08
        ihelix_seed_hmm   2 eelvalvllLlvAGheTTtnaiswalllLl 31 
                             e+va+ + +++AG eTT++a+s+al+lL+
  sp|Q64464|CP3AD_MOUSE 293 VEIVAQSVIFIFAGYETTSSALSFALYLLA 322
                            59***************************8 PP

>> sp|Q6JZS3|CP1A1_ORYLA  Cytochrome P450 1A1 OS=Oryzias latipes OX=8090 GN=cyp1a1 PE=3 SV=1
   #    score  bias  c-Evalue  i-Evalue hmmfrom  hmm to    alifrom  ali to    envfrom  env to     acc
 ---   ------ ----- --------- --------- ------- -------    ------- -------    ------- -------    ----
   1 !   27.4   0.0   9.4e-08   4.3e-07       1      32 [.     309     340 ..     309     341 .. 0.94

  Alignments for each domain:
  == domain 1  score: 27.4 bits;  conditional E-value: 9.4e-08
        ihelix_seed_hmm   1 deelvalvllLlvAGheTTtnaiswalllLlr 32 
                            de +v++v +L+ AG +T ++a+swa+ +L+ 
  sp|Q6JZS3|CP1A1_ORYLA 309 DEKVVGIVNDLFGAGFDTISTALSWAVGYLVA 340
                            68899*************************86 PP

>> sp|A0A087X1C5|CP2D7_HUMAN  Putative cytochrome P450 2D7 OS=Homo sapiens OX=9606 GN=CYP2D7 PE=5 SV=1
   #    score  bias  c-Evalue  i-Evalue hmmfrom  hmm to    alifrom  ali to    envfrom  env to     acc
 ---   ------ ----- --------- --------- ------- -------    ------- -------    ------- -------    ----
   1 !   27.6   2.7   7.9e-08   3.6e-07       1      33 []     292     324 ..     292     324 .. 0.96

  Alignments for each domain:
  == domain 1  score: 27.6 bits;  conditional E-value: 7.9e-08
            ihelix_seed_hmm   1 deelvalvllLlvAGheTTtnaiswalllLlrh 33 
                                de+l+  v +L++AG+ TT+++++w+lll++ h
  sp|A0A087X1C5|CP2D7_HUMAN 292 DENLRIVVGNLFLAGMVTTSTTLAWGLLLMILH 324
                                79****************************987 PP

>> sp|Q2XNC9|CP2D6_PANPA  Cytochrome P450 2D6 OS=Pan paniscus OX=9597 GN=CYP2D6 PE=3 SV=1
   #    score  bias  c-Evalue  i-Evalue hmmfrom  hmm to    alifrom  ali to    envfrom  env to     acc
 ---   ------ ----- --------- --------- ------- -------    ------- -------    ------- -------    ----
   1 !   27.7   1.9   7.6e-08   3.5e-07       1      33 []     292     324 ..     292     324 .. 0.96

  Alignments for each domain:
  == domain 1  score: 27.7 bits;  conditional E-value: 7.6e-08
        ihelix_seed_hmm   1 deelvalvllLlvAGheTTtnaiswalllLlrh 33 
                            de+l+  v +L+ AG+ TT+++++w+lll++ h
  sp|Q2XNC9|CP2D6_PANPA 292 DENLRIVVADLFSAGMVTTSTTLAWGLLLMILH 324
                            79****************************987 PP

>> sp|H2DH21|C7A29_PANGI  Cytochrome P450 CYP72A219 OS=Panax ginseng OX=4054 PE=2 SV=1
   #    score  bias  c-Evalue  i-Evalue hmmfrom  hmm to    alifrom  ali to    envfrom  env to     acc
 ---   ------ ----- --------- --------- ------- -------    ------- -------    ------- -------    ----
   1 !   27.9   0.0   6.8e-08   3.1e-07       2      33 .]     315     346 ..     314     346 .. 0.90

  Alignments for each domain:
  == domain 1  score: 27.9 bits;  conditional E-value: 6.8e-08
        ihelix_seed_hmm   2 eelvalvllLlvAGheTTtnaiswalllLlrh 33 
                            +e++  + l+++AG+eTT+n++ w+++lL+ h
  sp|H2DH21|C7A29_PANGI 315 DEVIEECKLFFFAGQETTSNLLVWTMILLSQH 346
                            567777889********************988 PP

>> sp|S0DS17|APF8_GIBF5  Cytochrome P450 monooxygenase apf8 OS=Gibberella fujikuroi (strain CBS 195.34 / IMI 58289 / NRR
   #    score  bias  c-Evalue  i-Evalue hmmfrom  hmm to    alifrom  ali to    envfrom  env to     acc
 ---   ------ ----- --------- --------- ------- -------    ------- -------    ------- -------    ----
   1 !   27.8   0.1   7.2e-08   3.3e-07       2      33 .]     145     176 ..     144     176 .. 0.97

  Alignments for each domain:
  == domain 1  score: 27.8 bits;  conditional E-value: 7.2e-08
       ihelix_seed_hmm   2 eelvalvllLlvAGheTTtnaiswalllLlrh 33 
                           +e++a + +L +AG++T++++++ +l++L+r+
  sp|S0DS17|APF8_GIBF5 145 SEIRAECATLVAAGTDTSSSTLAATLFYLSRN 176
                           79****************************98 PP

>> sp|P10635|CP2D6_HUMAN  Cytochrome P450 2D6 OS=Homo sapiens OX=9606 GN=CYP2D6 PE=1 SV=2
   #    score  bias  c-Evalue  i-Evalue hmmfrom  hmm to    alifrom  ali to    envfrom  env to     acc
 ---   ------ ----- --------- --------- ------- -------    ------- -------    ------- -------    ----
   1 !   27.7   1.9   7.6e-08   3.5e-07       1      33 []     292     324 ..     292     324 .. 0.96

  Alignments for each domain:
  == domain 1  score: 27.7 bits;  conditional E-value: 7.6e-08
        ihelix_seed_hmm   1 deelvalvllLlvAGheTTtnaiswalllLlrh 33 
                            de+l+  v +L+ AG+ TT+++++w+lll++ h
  sp|P10635|CP2D6_HUMAN 292 DENLRIVVADLFSAGMVTTSTTLAWGLLLMILH 324
                            79****************************987 PP

>> sp|Q7X7X4|C99A2_ORYSJ  Cytochrome P450 99A2 OS=Oryza sativa subsp. japonica OX=39947 GN=CYP99A2 PE=2 SV=2
   #    score  bias  c-Evalue  i-Evalue hmmfrom  hmm to    alifrom  ali to    envfrom  env to     acc
 ---   ------ ----- --------- --------- ------- -------    ------- -------    ------- -------    ----
   1 !   28.8   0.4   3.4e-08   1.6e-07       3      33 .]     317     347 ..     315     347 .. 0.96

  Alignments for each domain:
  == domain 1  score: 28.8 bits;  conditional E-value: 3.4e-08
        ihelix_seed_hmm   3 elvalvllLlvAGheTTtnaiswalllLlrh 33 
                            +++a++l+++++G+eTT++a  w++ +L r+
  sp|Q7X7X4|C99A2_ORYSJ 317 NIKAIILDMFTGGTETTSSAAEWVMSELMRN 347
                            899**************************98 PP

>> sp|P00182|CP2C3_RABIT  Cytochrome P450 2C3 OS=Oryctolagus cuniculus OX=9986 GN=CYP2C3 PE=1 SV=2
   #    score  bias  c-Evalue  i-Evalue hmmfrom  hmm to    alifrom  ali to    envfrom  env to     acc
 ---   ------ ----- --------- --------- ------- -------    ------- -------    ------- -------    ----
   1 !   27.9   1.2   6.6e-08     3e-07       2      33 .]     284     315 ..     283     315 .. 0.96

  Alignments for each domain:
  == domain 1  score: 27.9 bits;  conditional E-value: 6.6e-08
        ihelix_seed_hmm   2 eelvalvllLlvAGheTTtnaiswalllLlrh 33 
                            ++l+ ++ +++ AG++TT+n++ +alllLl+h
  sp|P00182|CP2C3_RABIT 284 DNLITTIWDVFSAGTDTTSNTLKFALLLLLKH 315
                            899***************************99 PP

>> sp|Q07217|CP11A_ONCMY  Cholesterol side-chain cleavage enzyme, mitochondrial OS=Oncorhynchus mykiss OX=8022 GN=cyp11a
   #    score  bias  c-Evalue  i-Evalue hmmfrom  hmm to    alifrom  ali to    envfrom  env to     acc
 ---   ------ ----- --------- --------- ------- -------    ------- -------    ------- -------    ----
   1 !   27.7   0.2   7.4e-08   3.4e-07       2      33 .]     312     343 ..     311     343 .. 0.97

  Alignments for each domain:
  == domain 1  score: 27.7 bits;  conditional E-value: 7.4e-08
        ihelix_seed_hmm   2 eelvalvllLlvAGheTTtnaiswalllLlrh 33 
                            e+++a v++L+++G++TT+ ++ w+l++L+rh
  sp|Q07217|CP11A_ONCMY 312 EDIKASVTELMAGGVDTTSITLLWTLYELARH 343
                            7899***************************9 PP

>> sp|O31785|PKSS_BACSU  Polyketide biosynthesis cytochrome P450 PksS OS=Bacillus subtilis (strain 168) OX=224308 GN=pks
   #    score  bias  c-Evalue  i-Evalue hmmfrom  hmm to    alifrom  ali to    envfrom  env to     acc
 ---   ------ ----- --------- --------- ------- -------    ------- -------    ------- -------    ----
   1 !   28.3   1.0   5.1e-08   2.3e-07       2      33 .]     229     260 ..     228     260 .. 0.96

  Alignments for each domain:
  == domain 1  score: 28.3 bits;  conditional E-value: 5.1e-08
       ihelix_seed_hmm   2 eelvalvllLlvAGheTTtnaiswalllLlrh 33 
                           +el ++  lL vAG eTT+n++++++l+Ll h
  sp|O31785|PKSS_BACSU 229 KELYSMLFLLVVAGLETTVNLLGSGTLALLQH 260
                           89****************************98 PP

>> sp|P33268|CP3A8_MACFA  Cytochrome P450 3A8 OS=Macaca fascicularis OX=9541 GN=CYP3A8 PE=1 SV=1
   #    score  bias  c-Evalue  i-Evalue hmmfrom  hmm to    alifrom  ali to    envfrom  env to     acc
 ---   ------ ----- --------- --------- ------- -------    ------- -------    ------- -------    ----
   1 !   27.9   0.2   6.8e-08   3.1e-07       2      33 .]     293     324 ..     292     324 .. 0.96

  Alignments for each domain:
  == domain 1  score: 27.9 bits;  conditional E-value: 6.8e-08
        ihelix_seed_hmm   2 eelvalvllLlvAGheTTtnaiswalllLlrh 33 
                             elva+ + +++AG eTT++++s+++++L++h
  sp|P33268|CP3A8_MACFA 293 LELVAQSIIFIFAGYETTSSVLSFIIYELATH 324
                            69*****************************9 PP

>> sp|O81973|C93A3_SOYBN  Cytochrome P450 93A3 OS=Glycine max OX=3847 GN=CYP93A3 PE=2 SV=1
   #    score  bias  c-Evalue  i-Evalue hmmfrom  hmm to    alifrom  ali to    envfrom  env to     acc
 ---   ------ ----- --------- --------- ------- -------    ------- -------    ------- -------    ----
   1 !   27.8   0.1   7.3e-08   3.3e-07       2      33 .]     295     326 ..     294     326 .. 0.96

  Alignments for each domain:
  == domain 1  score: 27.8 bits;  conditional E-value: 7.3e-08
        ihelix_seed_hmm   2 eelvalvllLlvAGheTTtnaiswalllLlrh 33 
                            e+++a++l++l+AG++T++ +  wa+ +L+++
  sp|O81973|C93A3_SOYBN 295 ENIKAFILDILIAGTDTSAVTMEWAMAELINN 326
                            89***************************987 PP

>> sp|A0A068Q6L2|C7317_PRUMU  Cytochrome P450 736A117 OS=Prunus mume OX=102107 GN=CYP736A117 PE=2 SV=1
   #    score  bias  c-Evalue  i-Evalue hmmfrom  hmm to    alifrom  ali to    envfrom  env to     acc
 ---   ------ ----- --------- --------- ------- -------    ------- -------    ------- -------    ----
   1 !   27.3   0.1   1.1e-07   4.8e-07       5      33 .]     311     339 ..     309     339 .. 0.95

  Alignments for each domain:
  == domain 1  score: 27.3 bits;  conditional E-value: 1.1e-07
            ihelix_seed_hmm   5 valvllLlvAGheTTtnaiswalllLlrh 33 
                                ++++l++++AG++TT +a+ wa+ +Llrh
  sp|A0A068Q6L2|C7317_PRUMU 311 KGIILDMFAAGTDTTYSALEWAMTELLRH 339
                                689*************************9 PP

>> sp|P20815|CP3A5_HUMAN  Cytochrome P450 3A5 OS=Homo sapiens OX=9606 GN=CYP3A5 PE=1 SV=1
   #    score  bias  c-Evalue  i-Evalue hmmfrom  hmm to    alifrom  ali to    envfrom  env to     acc
 ---   ------ ----- --------- --------- ------- -------    ------- -------    ------- -------    ----
   1 !   27.8   0.5   7.2e-08   3.3e-07       2      33 .]     293     324 ..     292     324 .. 0.96

  Alignments for each domain:
  == domain 1  score: 27.8 bits;  conditional E-value: 7.2e-08
        ihelix_seed_hmm   2 eelvalvllLlvAGheTTtnaiswalllLlrh 33 
                             el+a+ + +++AG eTT++++s++l++L++h
  sp|P20815|CP3A5_HUMAN 293 LELAAQSIIFIFAGYETTSSVLSFTLYELATH 324
                            699****************************9 PP

>> sp|Q92095|CP1A1_OPSTA  Cytochrome P450 1A1 OS=Opsanus tau OX=8068 GN=cyp1a1 PE=2 SV=1
   #    score  bias  c-Evalue  i-Evalue hmmfrom  hmm to    alifrom  ali to    envfrom  env to     acc
 ---   ------ ----- --------- --------- ------- -------    ------- -------    ------- -------    ----
   1 !   27.5   0.0     9e-08   4.1e-07       1      32 [.     309     340 ..     309     341 .. 0.95

  Alignments for each domain:
  == domain 1  score: 27.5 bits;  conditional E-value: 9e-08
        ihelix_seed_hmm   1 deelvalvllLlvAGheTTtnaiswalllLlr 32 
                            de +v++v +L+ AG +T+++ +sw++++L+ 
  sp|Q92095|CP1A1_OPSTA 309 DEKIVGIVNDLFGAGFDTVSTGLSWSVMYLVA 340
                            789***************************86 PP

>> sp|Q27593|CP6A8_DROME  Cytochrome P450 6a8 OS=Drosophila melanogaster OX=7227 GN=Cyp6a8 PE=2 SV=2
   #    score  bias  c-Evalue  i-Evalue hmmfrom  hmm to    alifrom  ali to    envfrom  env to     acc
 ---   ------ ----- --------- --------- ------- -------    ------- -------    ------- -------    ----
   1 !   27.5   0.1     9e-08   4.1e-07       1      33 []     297     329 ..     297     329 .. 0.97

  Alignments for each domain:
  == domain 1  score: 27.5 bits;  conditional E-value: 9e-08
        ihelix_seed_hmm   1 deelvalvllLlvAGheTTtnaiswalllLlrh 33 
                            +ee++a++ ++++AG eT++++ ++al++L+++
  sp|Q27593|CP6A8_DROME 297 MEEVLAQAFVFFIAGFETSSSTMGFALYELAKN 329
                            59*****************************98 PP

>> sp|P11707|CP3A6_RABIT  Cytochrome P450 3A6 OS=Oryctolagus cuniculus OX=9986 GN=CYP3A6 PE=2 SV=2
   #    score  bias  c-Evalue  i-Evalue hmmfrom  hmm to    alifrom  ali to    envfrom  env to     acc
 ---   ------ ----- --------- --------- ------- -------    ------- -------    ------- -------    ----
   1 !   27.6   0.8   8.1e-08   3.7e-07       2      33 .]     291     322 ..     290     322 .. 0.95

  Alignments for each domain:
  == domain 1  score: 27.6 bits;  conditional E-value: 8.1e-08
        ihelix_seed_hmm   2 eelvalvllLlvAGheTTtnaiswalllLlrh 33 
                             e+va+ + +l+AG eTT++++s++++lL++h
  sp|P11707|CP3A6_RABIT 291 IEVVAQSIIILFAGYETTSSTLSFIMHLLATH 322
                            5899***************************9 PP

>> sp|Q9CX98|CP2U1_MOUSE  Cytochrome P450 2U1 OS=Mus musculus OX=10090 GN=Cyp2u1 PE=2 SV=2
   #    score  bias  c-Evalue  i-Evalue hmmfrom  hmm to    alifrom  ali to    envfrom  env to     acc
 ---   ------ ----- --------- --------- ------- -------    ------- -------    ------- -------    ----
   1 !   27.4   0.2   9.8e-08   4.5e-07       4      33 .]     328     357 ..     325     357 .. 0.89

  Alignments for each domain:
  == domain 1  score: 27.4 bits;  conditional E-value: 9.8e-08
        ihelix_seed_hmm   4 lvalvllLlvAGheTTtnaiswalllLlrh 33 
                            l +++ +L++AG++TTtn++ w ll+++ +
  sp|Q9CX98|CP2U1_MOUSE 328 LFYIIGDLFIAGTDTTTNSLLWCLLYMSLN 357
                            567899*********************976 PP

>> sp|O65787|C71B6_ARATH  Cytochrome P450 71B6 OS=Arabidopsis thaliana OX=3702 GN=CYP71B6 PE=2 SV=1
   #    score  bias  c-Evalue  i-Evalue hmmfrom  hmm to    alifrom  ali to    envfrom  env to     acc
 ---   ------ ----- --------- --------- ------- -------    ------- -------    ------- -------    ----
   1 !   28.3   0.2     5e-08   2.3e-07       1      33 []     294     326 ..     294     326 .. 0.96

  Alignments for each domain:
  == domain 1  score: 28.3 bits;  conditional E-value: 5e-08
        ihelix_seed_hmm   1 deelvalvllLlvAGheTTtnaiswalllLlrh 33 
                            d +++a++++L+vAG++T++ ++ w++ +L+rh
  sp|O65787|C71B6_ARATH 294 DTHIRAIIMDLFVAGVDTSVITLDWTMAELSRH 326
                            569*****************************9 PP

>> sp|Q8RN03|C5C4_AMYOR  Cytochrome P450 165C4 OS=Amycolatopsis orientalis OX=31958 GN=cyp165C4 PE=1 SV=1
   #    score  bias  c-Evalue  i-Evalue hmmfrom  hmm to    alifrom  ali to    envfrom  env to     acc
 ---   ------ ----- --------- --------- ------- -------    ------- -------    ------- -------    ----
   1 !   27.7   0.1   7.4e-08   3.4e-07       1      31 [.     232     262 ..     232     264 .. 0.96

  Alignments for each domain:
  == domain 1  score: 27.7 bits;  conditional E-value: 7.4e-08
       ihelix_seed_hmm   1 deelvalvllLlvAGheTTtnaiswalllLl 31 
                           deel++l+++L+++G+eT++ +i++++l+Ll
  sp|Q8RN03|C5C4_AMYOR 232 DEELKGLCTALILGGVETVAGMIGFGVLALL 262
                           89****************************8 PP

>> sp|P00183|CPXA_PSEPU  Camphor 5-monooxygenase OS=Pseudomonas putida OX=303 GN=camC PE=1 SV=2
   #    score  bias  c-Evalue  i-Evalue hmmfrom  hmm to    alifrom  ali to    envfrom  env to     acc
 ---   ------ ----- --------- --------- ------- -------    ------- -------    ------- -------    ----
   1 !   27.7   0.0   7.9e-08   3.6e-07       2      32 ..     237     267 ..     236     268 .. 0.96

  Alignments for each domain:
  == domain 1  score: 27.7 bits;  conditional E-value: 7.9e-08
       ihelix_seed_hmm   2 eelvalvllLlvAGheTTtnaiswalllLlr 32 
                           +e+++++ lLlv+G +T++n++s+++ +L++
  sp|P00183|CPXA_PSEPU 237 DEAKRMCGLLLVGGLDTVVNFLSFSMEFLAK 267
                           89***************************97 PP

>> sp|Q9SD85|F3PH_ARATH  Flavonoid 3'-monooxygenase OS=Arabidopsis thaliana OX=3702 GN=CYP75B1 PE=1 SV=1
   #    score  bias  c-Evalue  i-Evalue hmmfrom  hmm to    alifrom  ali to    envfrom  env to     acc
 ---   ------ ----- --------- --------- ------- -------    ------- -------    ------- -------    ----
   1 !   27.0   0.4   1.3e-07     6e-07       1      33 []     289     321 ..     289     321 .. 0.97

  Alignments for each domain:
  == domain 1  score: 27.0 bits;  conditional E-value: 1.3e-07
       ihelix_seed_hmm   1 deelvalvllLlvAGheTTtnaiswalllLlrh 33 
                           d e++al l++++AG++T++++  wa+ +L+rh
  sp|Q9SD85|F3PH_ARATH 289 DTEIKALLLNMFTAGTDTSASTVDWAIAELIRH 321
                           679*****************************9 PP

>> sp|P56656|CP239_MOUSE  Cytochrome P450 2C39 OS=Mus musculus OX=10090 GN=Cyp2c39 PE=1 SV=2
   #    score  bias  c-Evalue  i-Evalue hmmfrom  hmm to    alifrom  ali to    envfrom  env to     acc
 ---   ------ ----- --------- --------- ------- -------    ------- -------    ------- -------    ----
   1 !   27.2   1.3   1.1e-07   5.1e-07       2      33 .]     285     316 ..     284     316 .. 0.91

  Alignments for each domain:
  == domain 1  score: 27.2 bits;  conditional E-value: 1.1e-07
        ihelix_seed_hmm   2 eelvalvllLlvAGheTTtnaiswalllLlrh 33 
                            e+l+ ++ +L++AG+eTT++++++alllL ++
  sp|P56656|CP239_MOUSE 285 ENLACTINNLFAAGTETTSTTLRYALLLLMKY 316
                            67777999*********************875 PP

>> sp|P24465|C71A1_PERAE  Cytochrome P450 71A1 OS=Persea americana OX=3435 GN=CYP71A1 PE=1 SV=2
   #    score  bias  c-Evalue  i-Evalue hmmfrom  hmm to    alifrom  ali to    envfrom  env to     acc
 ---   ------ ----- --------- --------- ------- -------    ------- -------    ------- -------    ----
   1 !   28.5   0.1   4.3e-08     2e-07       2      33 .]     292     323 ..     291     323 .. 0.96

  Alignments for each domain:
  == domain 1  score: 28.5 bits;  conditional E-value: 4.3e-08
        ihelix_seed_hmm   2 eelvalvllLlvAGheTTtnaiswalllLlrh 33 
                            ++l+a +l+++ +G++TT+ ++ wa+ +L++h
  sp|P24465|C71A1_PERAE 292 NNLKAVILDMFSGGTDTTAVTLEWAMAELIKH 323
                            68999************************998 PP

>> sp|Q7Z449|CP2U1_HUMAN  Cytochrome P450 2U1 OS=Homo sapiens OX=9606 GN=CYP2U1 PE=1 SV=1
   #    score  bias  c-Evalue  i-Evalue hmmfrom  hmm to    alifrom  ali to    envfrom  env to     acc
 ---   ------ ----- --------- --------- ------- -------    ------- -------    ------- -------    ----
   1 !   27.4   0.3   9.6e-08   4.4e-07       3      33 .]     341     371 ..     339     371 .. 0.89

  Alignments for each domain:
  == domain 1  score: 27.4 bits;  conditional E-value: 9.6e-08
        ihelix_seed_hmm   3 elvalvllLlvAGheTTtnaiswalllLlrh 33 
                            +l +++ +L++AG++TTtn++ w ll+++ +
  sp|Q7Z449|CP2U1_HUMAN 341 YLFYIIGDLFIAGTDTTTNSLLWCLLYMSLN 371
                            566789**********************976 PP

>> sp|Q64403|CP2DG_CAVPO  Cytochrome P450 2D16 OS=Cavia porcellus OX=10141 GN=CYP2D16 PE=1 SV=1
   #    score  bias  c-Evalue  i-Evalue hmmfrom  hmm to    alifrom  ali to    envfrom  env to     acc
 ---   ------ ----- --------- --------- ------- -------    ------- -------    ------- -------    ----
   1 !   27.4   1.7   9.5e-08   4.3e-07       1      33 []     295     327 ..     295     327 .. 0.97

  Alignments for each domain:
  == domain 1  score: 27.4 bits;  conditional E-value: 9.5e-08
        ihelix_seed_hmm   1 deelvalvllLlvAGheTTtnaiswalllLlrh 33 
                            de+l+ lv +L+ AG+ TT+ ++swalll++ h
  sp|Q64403|CP2DG_CAVPO 295 DENLRLLVSDLFGAGMVTTSVTLSWALLLMILH 327
                            79****************************987 PP

>> sp|Q4V8D1|CP2U1_RAT  Cytochrome P450 2U1 OS=Rattus norvegicus OX=10116 GN=Cyp2u1 PE=1 SV=1
   #    score  bias  c-Evalue  i-Evalue hmmfrom  hmm to    alifrom  ali to    envfrom  env to     acc
 ---   ------ ----- --------- --------- ------- -------    ------- -------    ------- -------    ----
   1 !   27.4   0.2   9.8e-08   4.5e-07       4      33 .]     328     357 ..     325     357 .. 0.89

  Alignments for each domain:
  == domain 1  score: 27.4 bits;  conditional E-value: 9.8e-08
      ihelix_seed_hmm   4 lvalvllLlvAGheTTtnaiswalllLlrh 33 
                          l +++ +L++AG++TTtn++ w ll+++ +
  sp|Q4V8D1|CP2U1_RAT 328 LFYIIGDLFIAGTDTTTNSLLWCLLYMSLN 357
                          567899*********************976 PP

>> sp|W8JMU7|CYQ32_CATRO  Cytochrome P450 81Q32 OS=Catharanthus roseus OX=4058 GN=CYP81Q32 PE=2 SV=1
   #    score  bias  c-Evalue  i-Evalue hmmfrom  hmm to    alifrom  ali to    envfrom  env to     acc
 ---   ------ ----- --------- --------- ------- -------    ------- -------    ------- -------    ----
   1 !   27.2   0.4   1.1e-07   4.9e-07       4      33 .]     289     318 ..     286     318 .. 0.95

  Alignments for each domain:
  == domain 1  score: 27.2 bits;  conditional E-value: 1.1e-07
        ihelix_seed_hmm   4 lvalvllLlvAGheTTtnaiswalllLlrh 33 
                            +++++++Ll+AG++T++ +  wa+ lLl+h
  sp|W8JMU7|CYQ32_CATRO 289 IKGIIMVLLLAGTDTSAVTVEWAMSLLLNH 318
                            7899************************99 PP

>> sp|P56594|CP2CL_CANLF  Cytochrome P450 2C21 (Fragment) OS=Canis lupus familiaris OX=9615 GN=CYP2C21 PE=2 SV=2
   #    score  bias  c-Evalue  i-Evalue hmmfrom  hmm to    alifrom  ali to    envfrom  env to     acc
 ---   ------ ----- --------- --------- ------- -------    ------- -------    ------- -------    ----
   1 !   27.2   0.8   1.1e-07     5e-07       2      33 .]     282     313 ..     281     313 .. 0.96

  Alignments for each domain:
  == domain 1  score: 27.2 bits;  conditional E-value: 1.1e-07
        ihelix_seed_hmm   2 eelvalvllLlvAGheTTtnaiswalllLlrh 33 
                            ++l+ ++ +++ AG+eTT+++++++ll Ll+h
  sp|P56594|CP2CL_CANLF 282 DNLIITIWDVFSAGTETTSTTLRYGLLVLLKH 313
                            899***************************99 PP

>> sp|A0A0E3D8M1|PC21_PENCR  Cytochrome P450 monooxygenase PC-21 OS=Penicillium crustosum OX=36656 GN=PC-21 PE=3 SV=1
   #    score  bias  c-Evalue  i-Evalue hmmfrom  hmm to    alifrom  ali to    envfrom  env to     acc
 ---   ------ ----- --------- --------- ------- -------    ------- -------    ------- -------    ----
   1 !   27.3   0.1     1e-07   4.6e-07       2      32 ..     297     327 ..     297     328 .. 0.94

  Alignments for each domain:
  == domain 1  score: 27.3 bits;  conditional E-value: 1e-07
           ihelix_seed_hmm   2 eelvalvllLlvAGheTTtnaiswalllLlr 32 
                               +el+ +v ++l+AGhe+T+++  w++l+L++
  sp|A0A0E3D8M1|PC21_PENCR 297 QELIEQVRTFLAAGHENTSSVVMWVMLALAS 327
                               589999***********************95 PP

>> sp|P14762|CPXI_PRIM2  Cytochrome P450(BM-1) OS=Priestia megaterium (strain ATCC 14581 / DSM 32 / CCUG 1817 / JCM 2506
   #    score  bias  c-Evalue  i-Evalue hmmfrom  hmm to    alifrom  ali to    envfrom  env to     acc
 ---   ------ ----- --------- --------- ------- -------    ------- -------    ------- -------    ----
   1 !   27.2   0.8   1.1e-07   4.9e-07       1      31 [.     231     261 ..     231     261 .. 0.96

  Alignments for each domain:
  == domain 1  score: 27.2 bits;  conditional E-value: 1.1e-07
       ihelix_seed_hmm   1 deelvalvllLlvAGheTTtnaiswalllLl 31 
                           dee+v++ +lLl AG+eTT+ ai+++++ +l
  sp|P14762|CPXI_PRIM2 231 DEEIVHATMLLLGAGVETTSHAIANMFYSFL 261
                           89**************************986 PP

>> sp|A0A517FNB9|C9B52_PARPY  Cholesterol 22-monohydroxylase CYP90B52 OS=Paris polyphylla OX=49666 GN=CYP90B52 PE=1 SV=1
   #    score  bias  c-Evalue  i-Evalue hmmfrom  hmm to    alifrom  ali to    envfrom  env to     acc
 ---   ------ ----- --------- --------- ------- -------    ------- -------    ------- -------    ----
   1 !   27.1   0.3   1.2e-07   5.4e-07       2      30 ..     270     298 ..     269     299 .. 0.96

  Alignments for each domain:
  == domain 1  score: 27.1 bits;  conditional E-value: 1.2e-07
            ihelix_seed_hmm   2 eelvalvllLlvAGheTTtnaiswalllL 30 
                                e++++l l+Ll+AGheT++ a++ a+++L
  sp|A0A517FNB9|C9B52_PARPY 270 EQILDLLLSLLFAGHETSSMALALAIYFL 298
                                899************************98 PP

>> sp|P20813|CP2B6_HUMAN  Cytochrome P450 2B6 OS=Homo sapiens OX=9606 GN=CYP2B6 PE=1 SV=1
   #    score  bias  c-Evalue  i-Evalue hmmfrom  hmm to    alifrom  ali to    envfrom  env to     acc
 ---   ------ ----- --------- --------- ------- -------    ------- -------    ------- -------    ----
   1 !   27.0   1.3   1.3e-07   5.9e-07       6      33 .]     290     317 ..     285     317 .. 0.87

  Alignments for each domain:
  == domain 1  score: 27.0 bits;  conditional E-value: 1.3e-07
        ihelix_seed_hmm   6 alvllLlvAGheTTtnaiswalllLlrh 33 
                             + l+L++AG+eTT++++++++ll+l++
  sp|P20813|CP2B6_HUMAN 290 LNTLSLFFAGTETTSTTLRYGFLLMLKY 317
                            55689********************986 PP

>> sp|Q9SZ46|C82C4_ARATH  Xanthotoxin 5-hydroxylase CYP82C4 OS=Arabidopsis thaliana OX=3702 GN=CYP82C4 PE=1 SV=1
   #    score  bias  c-Evalue  i-Evalue hmmfrom  hmm to    alifrom  ali to    envfrom  env to     acc
 ---   ------ ----- --------- --------- ------- -------    ------- -------    ------- -------    ----
   1 !   27.0   1.3   1.2e-07   5.6e-07       4      33 .]     311     340 ..     309     340 .. 0.96

  Alignments for each domain:
  == domain 1  score: 27.0 bits;  conditional E-value: 1.2e-07
        ihelix_seed_hmm   4 lvalvllLlvAGheTTtnaiswalllLlrh 33 
                            +++++l+L+++G +T++++++wa+ lLl++
  sp|Q9SZ46|C82C4_ARATH 311 IKSTCLALILGGSDTSASTLTWAISLLLNN 340
                            889*************************97 PP

>> sp|O49394|C82C2_ARATH  Xanthotoxin 5-hydroxylase CYP82C2 OS=Arabidopsis thaliana OX=3702 GN=CYP82C2 PE=1 SV=2
   #    score  bias  c-Evalue  i-Evalue hmmfrom  hmm to    alifrom  ali to    envfrom  env to     acc
 ---   ------ ----- --------- --------- ------- -------    ------- -------    ------- -------    ----
   1 !   27.2   0.4   1.1e-07     5e-07       4      33 .]     310     339 ..     308     339 .. 0.96

  Alignments for each domain:
  == domain 1  score: 27.2 bits;  conditional E-value: 1.1e-07
        ihelix_seed_hmm   4 lvalvllLlvAGheTTtnaiswalllLlrh 33 
                            +++++l+L+++G eT+ ++++wa+ lLl++
  sp|O49394|C82C2_ARATH 310 IKSTCLALILGGSETSPSTLTWAISLLLNN 339
                            889*************************97 PP

>> sp|Q91W64|CP270_MOUSE  Cytochrome P450 2C70 OS=Mus musculus OX=10090 GN=Cyp2c70 PE=1 SV=2
   #    score  bias  c-Evalue  i-Evalue hmmfrom  hmm to    alifrom  ali to    envfrom  env to     acc
 ---   ------ ----- --------- --------- ------- -------    ------- -------    ------- -------    ----
   1 !   27.2   0.1   1.1e-07     5e-07       2      33 .]     284     315 ..     283     315 .. 0.94

  Alignments for each domain:
  == domain 1  score: 27.2 bits;  conditional E-value: 1.1e-07
        ihelix_seed_hmm   2 eelvalvllLlvAGheTTtnaiswalllLlrh 33 
                            ++lv  + +L+ AG+eTT+++  ++lllLl++
  sp|Q91W64|CP270_MOUSE 284 DNLVVSIGDLFGAGTETTSSTVKYGLLLLLKY 315
                            789999************************86 PP

>> sp|A0A140JWT9|PTMK_PENSI  Cytochrome P450 monooxygenase ptmK OS=Penicillium simplicissimum OX=69488 GN=ptmK PE=3 SV=1
   #    score  bias  c-Evalue  i-Evalue hmmfrom  hmm to    alifrom  ali to    envfrom  env to     acc
 ---   ------ ----- --------- --------- ------- -------    ------- -------    ------- -------    ----
   1 !   27.3   0.1     1e-07   4.6e-07       2      32 ..     297     327 ..     297     328 .. 0.94

  Alignments for each domain:
  == domain 1  score: 27.3 bits;  conditional E-value: 1e-07
           ihelix_seed_hmm   2 eelvalvllLlvAGheTTtnaiswalllLlr 32 
                               +el+ +v ++l+AGhe+T+++  w++l+L++
  sp|A0A140JWT9|PTMK_PENSI 297 QELIEQVRTFLAAGHENTSSVVMWVMLALAS 327
                               589999***********************95 PP

>> sp|P63722|CP140_MYCBO  Putative cytochrome P450 140 OS=Mycobacterium bovis (strain ATCC BAA-935 / AF2122/97) OX=23341
   #    score  bias  c-Evalue  i-Evalue hmmfrom  hmm to    alifrom  ali to    envfrom  env to     acc
 ---   ------ ----- --------- --------- ------- -------    ------- -------    ------- -------    ----
   1 !   27.2   0.4   1.1e-07   5.1e-07       2      30 ..     258     286 ..     257     288 .. 0.92

  Alignments for each domain:
  == domain 1  score: 27.2 bits;  conditional E-value: 1.1e-07
        ihelix_seed_hmm   2 eelvalvllLlvAGheTTtnaiswalllL 30 
                             el+a++ l+lvAG eTT+n++++++  L
  sp|P63722|CP140_MYCBO 258 TELRAIAGLVLVAGFETTVNLLGNGIRML 286
                            59***********************9866 PP

>> sp|P9WPL8|CP140_MYCTO  Putative cytochrome P450 140 OS=Mycobacterium tuberculosis (strain CDC 1551 / Oshkosh) OX=8333
   #    score  bias  c-Evalue  i-Evalue hmmfrom  hmm to    alifrom  ali to    envfrom  env to     acc
 ---   ------ ----- --------- --------- ------- -------    ------- -------    ------- -------    ----
   1 !   27.2   0.4   1.1e-07   5.1e-07       2      30 ..     258     286 ..     257     288 .. 0.92

  Alignments for each domain:
  == domain 1  score: 27.2 bits;  conditional E-value: 1.1e-07
        ihelix_seed_hmm   2 eelvalvllLlvAGheTTtnaiswalllL 30 
                             el+a++ l+lvAG eTT+n++++++  L
  sp|P9WPL8|CP140_MYCTO 258 TELRAIAGLVLVAGFETTVNLLGNGIRML 286
                            59***********************9866 PP

>> sp|P9WPL9|CP140_MYCTU  Putative cytochrome P450 140 OS=Mycobacterium tuberculosis (strain ATCC 25618 / H37Rv) OX=8333
   #    score  bias  c-Evalue  i-Evalue hmmfrom  hmm to    alifrom  ali to    envfrom  env to     acc
 ---   ------ ----- --------- --------- ------- -------    ------- -------    ------- -------    ----
   1 !   27.2   0.4   1.1e-07   5.1e-07       2      30 ..     258     286 ..     257     288 .. 0.92

  Alignments for each domain:
  == domain 1  score: 27.2 bits;  conditional E-value: 1.1e-07
        ihelix_seed_hmm   2 eelvalvllLlvAGheTTtnaiswalllL 30 
                             el+a++ l+lvAG eTT+n++++++  L
  sp|P9WPL9|CP140_MYCTU 258 TELRAIAGLVLVAGFETTVNLLGNGIRML 286
                            59***********************9866 PP

>> sp|X2JI34|GAO_TANPA  Germacrene A hydroxylase OS=Tanacetum parthenium OX=127999 PE=1 SV=1
   #    score  bias  c-Evalue  i-Evalue hmmfrom  hmm to    alifrom  ali to    envfrom  env to     acc
 ---   ------ ----- --------- --------- ------- -------    ------- -------    ------- -------    ----
   1 !   26.6   0.0   1.7e-07   7.8e-07       2      32 ..     281     311 ..     280     312 .. 0.94

  Alignments for each domain:
  == domain 1  score: 26.6 bits;  conditional E-value: 1.7e-07
      ihelix_seed_hmm   2 eelvalvllLlvAGheTTtnaiswalllLlr 32 
                          ++++a++l+++ AG++T++ +i wa+ +L++
  sp|X2JI34|GAO_TANPA 281 DNVKAIILDMFGAGTDTSSATIEWAISELIK 311
                          8999***********************9986 PP

>> sp|Q9W683|CP1A1_CHESA  Cytochrome P450 1A1 OS=Chelon saliens OX=48192 GN=cyp1a1 PE=2 SV=1
   #    score  bias  c-Evalue  i-Evalue hmmfrom  hmm to    alifrom  ali to    envfrom  env to     acc
 ---   ------ ----- --------- --------- ------- -------    ------- -------    ------- -------    ----
   1 !   27.1   0.0   1.2e-07   5.5e-07       1      32 [.     309     340 ..     309     341 .. 0.94

  Alignments for each domain:
  == domain 1  score: 27.1 bits;  conditional E-value: 1.2e-07
        ihelix_seed_hmm   1 deelvalvllLlvAGheTTtnaiswalllLlr 32 
                            de +v++v +L+ AG +T ++a+sw++++L+ 
  sp|Q9W683|CP1A1_CHESA 309 DEKVVGIVNDLFGAGFDTISTALSWSVMYLVA 340
                            68899*************************86 PP

>> sp|Q9ZHQ1|TYLH1_STRFR  20-oxo-5-O-mycaminosyltylactone 23-monooxygenase OS=Streptomyces fradiae OX=1906 GN=tylH1 PE=1
   #    score  bias  c-Evalue  i-Evalue hmmfrom  hmm to    alifrom  ali to    envfrom  env to     acc
 ---   ------ ----- --------- --------- ------- -------    ------- -------    ------- -------    ----
   1 !   27.1   1.6   1.2e-07   5.2e-07       3      33 .]     248     278 ..     246     278 .. 0.93

  Alignments for each domain:
  == domain 1  score: 27.1 bits;  conditional E-value: 1.2e-07
        ihelix_seed_hmm   3 elvalvllLlvAGheTTtnaiswalllLlrh 33 
                            +++++++lLl+AGheTT+++ ++++l Ll h
  sp|Q9ZHQ1|TYLH1_STRFR 248 DVLDNAVLLLAAGHETTASMVTMSVLVLLQH 278
                            57899***********************998 PP

>> sp|P48635|ERYK_SACEN  Erythromycin C-12 hydroxylase OS=Saccharopolyspora erythraea (strain ATCC 11635 / DSM 40517 / J
   #    score  bias  c-Evalue  i-Evalue hmmfrom  hmm to    alifrom  ali to    envfrom  env to     acc
 ---   ------ ----- --------- --------- ------- -------    ------- -------    ------- -------    ----
   1 !   27.2   1.5   1.1e-07   4.9e-07       1      33 []     214     246 ..     214     246 .. 0.97

  Alignments for each domain:
  == domain 1  score: 27.2 bits;  conditional E-value: 1.1e-07
       ihelix_seed_hmm   1 deelvalvllLlvAGheTTtnaiswalllLlrh 33 
                           dee++++ ++Ll+AGh TTt ++++++ +L +h
  sp|P48635|ERYK_SACEN 214 DEEAANFSTALLLAGHITTTVLLGNIVRTLDEH 246
                           89****************************988 PP

>> sp|P49430|THAS_RAT  Thromboxane-A synthase OS=Rattus norvegicus OX=10116 GN=Tbxas1 PE=2 SV=1
   #    score  bias  c-Evalue  i-Evalue hmmfrom  hmm to    alifrom  ali to    envfrom  env to     acc
 ---   ------ ----- --------- --------- ------- -------    ------- -------    ------- -------    ----
   1 !   28.1   2.0   5.8e-08   2.6e-07       2      33 .]     329     360 ..     328     360 .. 0.98

  Alignments for each domain:
  == domain 1  score: 28.1 bits;  conditional E-value: 5.8e-08
     ihelix_seed_hmm   2 eelvalvllLlvAGheTTtnaiswalllLlrh 33 
                         +e+++++ l+l+AGhe Ttn++s++++lL++h
  sp|P49430|THAS_RAT 329 DEIAGQAFLFLIAGHEITTNTLSFITYLLATH 360
                         89*****************************9 PP

>> sp|P93531|C71D7_SOLCH  Cytochrome P450 71D7 OS=Solanum chacoense OX=4108 GN=CYP71D7 PE=3 SV=1
   #    score  bias  c-Evalue  i-Evalue hmmfrom  hmm to    alifrom  ali to    envfrom  env to     acc
 ---   ------ ----- --------- --------- ------- -------    ------- -------    ------- -------    ----
   1 !   28.0   0.2   6.1e-08   2.8e-07       2      33 .]     290     321 ..     289     321 .. 0.96

  Alignments for each domain:
  == domain 1  score: 28.0 bits;  conditional E-value: 6.1e-08
        ihelix_seed_hmm   2 eelvalvllLlvAGheTTtnaiswalllLlrh 33 
                            ++++a +++L++AG+eT+++++ wa+ ++l++
  sp|P93531|C71D7_SOLCH 290 DNIKAVIIDLFAAGTETSSTTTVWAMAEMLKN 321
                            79****************************98 PP

>> sp|O42457|CP1A1_SPAAU  Cytochrome P450 1A1 OS=Sparus aurata OX=8175 GN=cyp1a1 PE=2 SV=1
   #    score  bias  c-Evalue  i-Evalue hmmfrom  hmm to    alifrom  ali to    envfrom  env to     acc
 ---   ------ ----- --------- --------- ------- -------    ------- -------    ------- -------    ----
   1 !   27.1   0.0   1.2e-07   5.5e-07       1      32 [.     309     340 ..     309     341 .. 0.94

  Alignments for each domain:
  == domain 1  score: 27.1 bits;  conditional E-value: 1.2e-07
        ihelix_seed_hmm   1 deelvalvllLlvAGheTTtnaiswalllLlr 32 
                            de +v++v +L+ AG +T ++a+sw++++L+ 
  sp|O42457|CP1A1_SPAAU 309 DEKVVGIVNDLFGAGFDTISTALSWSVMYLVA 340
                            68899*************************86 PP

>> sp|Q1ZXH9|CP51_DICDI  Probable lanosterol 14-alpha demethylase OS=Dictyostelium discoideum OX=44689 GN=cyp51 PE=3 SV=
   #    score  bias  c-Evalue  i-Evalue hmmfrom  hmm to    alifrom  ali to    envfrom  env to     acc
 ---   ------ ----- --------- --------- ------- -------    ------- -------    ------- -------    ----
   1 !   26.9   0.5   1.3e-07     6e-07       1      33 []     264     296 ..     264     296 .. 0.97

  Alignments for each domain:
  == domain 1  score: 26.9 bits;  conditional E-value: 1.3e-07
       ihelix_seed_hmm   1 deelvalvllLlvAGheTTtnaiswalllLlrh 33 
                           de++v+l++ Ll+AG++T++ ++++++++Ll++
  sp|Q1ZXH9|CP51_DICDI 264 DEQIVGLMIGLLFAGQHTSSITLTYTIFYLLNN 296
                           79*****************************97 PP

>> sp|S4UX02|CYPH1_SALMI  Ferruginol synthase OS=Salvia miltiorrhiza OX=226208 GN=CYP76AH1 PE=1 SV=1
   #    score  bias  c-Evalue  i-Evalue hmmfrom  hmm to    alifrom  ali to    envfrom  env to     acc
 ---   ------ ----- --------- --------- ------- -------    ------- -------    ------- -------    ----
   1 !   28.0   1.3   6.1e-08   2.8e-07       2      33 .]     286     317 ..     285     317 .. 0.93

  Alignments for each domain:
  == domain 1  score: 28.0 bits;  conditional E-value: 6.1e-08
        ihelix_seed_hmm   2 eelvalvllLlvAGheTTtnaiswalllLlrh 33 
                            ++ ++l+l+L+v+G +T t++i wa+ +L+++
  sp|S4UX02|CYPH1_SALMI 286 HHFTHLMLDLFVGGSDTNTTSIEWAMSELVMN 317
                            57899************************987 PP

>> sp|Q972I2|CP119_SULTO  Cytochrome P450 119 OS=Sulfurisphaera tokodaii (strain DSM 16993 / JCM 10545 / NBRC 100140 / 7
   #    score  bias  c-Evalue  i-Evalue hmmfrom  hmm to    alifrom  ali to    envfrom  env to     acc
 ---   ------ ----- --------- --------- ------- -------    ------- -------    ------- -------    ----
   1 !   27.2   0.1   1.1e-07   4.9e-07       3      30 ..     199     226 ..     197     229 .. 0.87

  Alignments for each domain:
  == domain 1  score: 27.2 bits;  conditional E-value: 1.1e-07
        ihelix_seed_hmm   3 elvalvllLlvAGheTTtnaiswalllL 30 
                            e+ ++++lL++AG+eTTtn+i++a+  +
  sp|Q972I2|CP119_SULTO 199 EKEGYFILLMIAGNETTTNLIGNAIEDF 226
                            667899******************9765 PP

>> sp|Q54SV9|C515B_DICDI  Probable cytochrome P450 515B1 OS=Dictyostelium discoideum OX=44689 GN=cyp515B1 PE=2 SV=1
   #    score  bias  c-Evalue  i-Evalue hmmfrom  hmm to    alifrom  ali to    envfrom  env to     acc
 ---   ------ ----- --------- --------- ------- -------    ------- -------    ------- -------    ----
   1 !   26.6   0.1   1.7e-07   7.8e-07       6      33 .]     285     312 ..     281     312 .. 0.93

  Alignments for each domain:
  == domain 1  score: 26.6 bits;  conditional E-value: 1.7e-07
        ihelix_seed_hmm   6 alvllLlvAGheTTtnaiswalllLlrh 33 
                            ++vl+Llv+G++ T++a+ w++l+L++h
  sp|Q54SV9|C515B_DICDI 285 YIVLDLLVGGTDSTSSALEWMILFLSNH 312
                            689***********************98 PP

>> sp|Q54D38|C520A_DICDI  Probable cytochrome P450 520A1 OS=Dictyostelium discoideum OX=44689 GN=cyp520A1 PE=3 SV=1
   #    score  bias  c-Evalue  i-Evalue hmmfrom  hmm to    alifrom  ali to    envfrom  env to     acc
 ---   ------ ----- --------- --------- ------- -------    ------- -------    ------- -------    ----
   1 !   27.9   0.3   6.5e-08     3e-07       4      33 .]     297     326 ..     295     326 .. 0.96

  Alignments for each domain:
  == domain 1  score: 27.9 bits;  conditional E-value: 6.5e-08
        ihelix_seed_hmm   4 lvalvllLlvAGheTTtnaiswalllLlrh 33 
                            +++l++++lvA+++T+++++ w++l+++++
  sp|Q54D38|C520A_DICDI 297 IIQLCIDMLVAATDTSASTLEWFMLFMINN 326
                            799************************987 PP

>> sp|P23295|NOR_FUSOX  NADP nitrous oxide-forming nitric oxide reductase OS=Fusarium oxysporum OX=5507 GN=CYP55A1 PE=1 
   #    score  bias  c-Evalue  i-Evalue hmmfrom  hmm to    alifrom  ali to    envfrom  env to     acc
 ---   ------ ----- --------- --------- ------- -------    ------- -------    ------- -------    ----
   1 !   27.0   0.6   1.3e-07     6e-07       2      33 .]     227     258 ..     226     258 .. 0.95

  Alignments for each domain:
  == domain 1  score: 27.0 bits;  conditional E-value: 1.3e-07
      ihelix_seed_hmm   2 eelvalvllLlvAGheTTtnaiswalllLlrh 33 
                          +++v+++ lLlvAG++T++n+i+ ++ +L+ h
  sp|P23295|NOR_FUSOX 227 SDAVQIAFLLLVAGNATMVNMIALGVATLAQH 258
                          5899**************************98 PP

>> sp|P24457|CP2DB_MOUSE  Cytochrome P450 2D11 OS=Mus musculus OX=10090 GN=Cyp2d11 PE=2 SV=2
   #    score  bias  c-Evalue  i-Evalue hmmfrom  hmm to    alifrom  ali to    envfrom  env to     acc
 ---   ------ ----- --------- --------- ------- -------    ------- -------    ------- -------    ----
   1 !   26.7   2.3   1.6e-07   7.4e-07       1      33 []     295     327 ..     295     327 .. 0.94

  Alignments for each domain:
  == domain 1  score: 26.7 bits;  conditional E-value: 1.6e-07
        ihelix_seed_hmm   1 deelvalvllLlvAGheTTtnaiswalllLlrh 33 
                            de+l+  v +L++AG+ TT++++swalll++ h
  sp|P24457|CP2DB_MOUSE 295 DENLRMVVGDLFTAGMVTTSTTLSWALLLMILH 327
                            7899999***********************987 PP

>> sp|P24455|CP2A9_MESAU  Cytochrome P450 2A9 OS=Mesocricetus auratus OX=10036 GN=CYP2A9 PE=2 SV=2
   #    score  bias  c-Evalue  i-Evalue hmmfrom  hmm to    alifrom  ali to    envfrom  env to     acc
 ---   ------ ----- --------- --------- ------- -------    ------- -------    ------- -------    ----
   1 !   25.8   0.1     3e-07   1.4e-06       3      33 .]     289     319 ..     287     319 .. 0.91

  Alignments for each domain:
  == domain 1  score: 25.8 bits;  conditional E-value: 3e-07
        ihelix_seed_hmm   3 elvalvllLlvAGheTTtnaiswalllLlrh 33 
                            +lv + l+L++AG eT++++i++++llL ++
  sp|P24455|CP2A9_MESAU 289 NLVMTSLNLFFAGSETVSSTIRYGFLLLMKY 319
                            678899**********************875 PP

>> sp|Q9VS79|CP4D8_DROME  Cytochrome P450 4d8 OS=Drosophila melanogaster OX=7227 GN=Cyp4d8 PE=2 SV=2
   #    score  bias  c-Evalue  i-Evalue hmmfrom  hmm to    alifrom  ali to    envfrom  env to     acc
 ---   ------ ----- --------- --------- ------- -------    ------- -------    ------- -------    ----
   1 !   26.7   0.0   1.6e-07   7.2e-07       2      33 .]     255     286 ..     254     286 .. 0.97

  Alignments for each domain:
  == domain 1  score: 26.7 bits;  conditional E-value: 1.6e-07
        ihelix_seed_hmm   2 eelvalvllLlvAGheTTtnaiswalllLlrh 33 
                            +e++  v ++++ Gh+TTt+a+s+ l++L+rh
  sp|Q9VS79|CP4D8_DROME 255 DEIREEVDTFMFEGHDTTTSALSFCLHELSRH 286
                            89999**************************9 PP

>> sp|Q42602|C89A2_ARATH  Cytochrome P450 89A2 OS=Arabidopsis thaliana OX=3702 GN=CYP89A2 PE=2 SV=2
   #    score  bias  c-Evalue  i-Evalue hmmfrom  hmm to    alifrom  ali to    envfrom  env to     acc
 ---   ------ ----- --------- --------- ------- -------    ------- -------    ------- -------    ----
   1 !   25.8   0.1     3e-07   1.4e-06       2      33 .]     294     325 ..     293     325 .. 0.93

  Alignments for each domain:
  == domain 1  score: 25.8 bits;  conditional E-value: 3e-07
        ihelix_seed_hmm   2 eelvalvllLlvAGheTTtnaiswalllLlrh 33 
                            e++ +l+ ++l+AG++TT++a+ w++  L+++
  sp|Q42602|C89A2_ARATH 294 EDIMNLCSEFLTAGTDTTATALQWIMANLVKY 325
                            88999************************986 PP

>> sp|Q6A152|CP4X1_MOUSE  Cytochrome P450 4X1 OS=Mus musculus OX=10090 GN=Cyp4x1 PE=1 SV=1
   #    score  bias  c-Evalue  i-Evalue hmmfrom  hmm to    alifrom  ali to    envfrom  env to     acc
 ---   ------ ----- --------- --------- ------- -------    ------- -------    ------- -------    ----
   1 !   27.8   0.1   7.2e-08   3.3e-07       3      33 .]     303     333 ..     301     333 .. 0.94

  Alignments for each domain:
  == domain 1  score: 27.8 bits;  conditional E-value: 7.2e-08
        ihelix_seed_hmm   3 elvalvllLlvAGheTTtnaiswalllLlrh 33 
                            +l+a v ++++AGh++++ +isw l++L+ +
  sp|Q6A152|CP4X1_MOUSE 303 DLRAEVNTFMWAGHDASAASISWLLYCLALN 333
                            799*************************987 PP

>> sp|H2DH17|C7A22_PANGI  Cytochrome P450 CYP749A22 OS=Panax ginseng OX=4054 PE=2 SV=1
   #    score  bias  c-Evalue  i-Evalue hmmfrom  hmm to    alifrom  ali to    envfrom  env to     acc
 ---   ------ ----- --------- --------- ------- -------    ------- -------    ------- -------    ----
   1 !   26.4   0.1   1.9e-07   8.9e-07       2      30 ..     321     349 ..     320     349 .. 0.91

  Alignments for each domain:
  == domain 1  score: 26.4 bits;  conditional E-value: 1.9e-07
        ihelix_seed_hmm   2 eelvalvllLlvAGheTTtnaiswalllL 30 
                            +++v+ + +++vAG+eTTt++++w+++lL
  sp|H2DH17|C7A22_PANGI 321 QDVVDECKTFYVAGQETTTTLLAWVIFLL 349
                            578888999******************98 PP

>> sp|A0A0C5Q4Y6|C76H2_ROSOF  Ferruginol synthase 1 OS=Rosmarinus officinalis OX=39367 GN=CYP76AH22 PE=1 SV=1
   #    score  bias  c-Evalue  i-Evalue hmmfrom  hmm to    alifrom  ali to    envfrom  env to     acc
 ---   ------ ----- --------- --------- ------- -------    ------- -------    ------- -------    ----
   1 !   27.7   1.8   7.8e-08   3.5e-07       2      33 .]     286     317 ..     285     317 .. 0.96

  Alignments for each domain:
  == domain 1  score: 27.7 bits;  conditional E-value: 7.8e-08
            ihelix_seed_hmm   2 eelvalvllLlvAGheTTtnaiswalllLlrh 33 
                                ++l++l+l+L+v+G eT+t+ i w++++Ll +
  sp|A0A0C5Q4Y6|C76H2_ROSOF 286 DHLTHLMLDLFVGGSETSTTEIEWIMWELLAN 317
                                89***************************987 PP

>> sp|Q9D816|CP255_MOUSE  Cytochrome P450 2C55 OS=Mus musculus OX=10090 GN=Cyp2c55 PE=1 SV=1
   #    score  bias  c-Evalue  i-Evalue hmmfrom  hmm to    alifrom  ali to    envfrom  env to     acc
 ---   ------ ----- --------- --------- ------- -------    ------- -------    ------- -------    ----
   1 !   26.5   1.1   1.9e-07   8.5e-07       5      33 .]     288     316 ..     285     316 .. 0.94

  Alignments for each domain:
  == domain 1  score: 26.5 bits;  conditional E-value: 1.9e-07
        ihelix_seed_hmm   5 valvllLlvAGheTTtnaiswalllLlrh 33 
                             a+v++++vAG+eTT  +++++lllLl+h
  sp|Q9D816|CP255_MOUSE 288 MATVTDIFVAGTETTNITLRYGLLLLLKH 316
                            589************************99 PP

>> sp|Q9VWR5|CP306_DROME  Cytochrome P450 306a1 OS=Drosophila melanogaster OX=7227 GN=phtm PE=1 SV=1
   #    score  bias  c-Evalue  i-Evalue hmmfrom  hmm to    alifrom  ali to    envfrom  env to     acc
 ---   ------ ----- --------- --------- ------- -------    ------- -------    ------- -------    ----
   1 !   26.6   0.1   1.8e-07     8e-07       1      32 [.     357     388 ..     357     389 .. 0.97

  Alignments for each domain:
  == domain 1  score: 26.6 bits;  conditional E-value: 1.8e-07
        ihelix_seed_hmm   1 deelvalvllLlvAGheTTtnaiswalllLlr 32 
                            d++l++l  +L+ AG++T+  +++w+ll+L+r
  sp|Q9VWR5|CP306_DROME 357 DDQLRHLLADLFGAGVDTSLATLRWFLLYLAR 388
                            799****************************8 PP

>> sp|Q9Y6A2|CP46A_HUMAN  Cholesterol 24-hydroxylase OS=Homo sapiens OX=9606 GN=CYP46A1 PE=1 SV=1
   #    score  bias  c-Evalue  i-Evalue hmmfrom  hmm to    alifrom  ali to    envfrom  env to     acc
 ---   ------ ----- --------- --------- ------- -------    ------- -------    ------- -------    ----
   1 !   26.1   0.1   2.4e-07   1.1e-06       1      32 [.     289     320 ..     289     321 .. 0.96

  Alignments for each domain:
  == domain 1  score: 26.1 bits;  conditional E-value: 2.4e-07
        ihelix_seed_hmm   1 deelvalvllLlvAGheTTtnaiswalllLlr 32 
                            de l+++++++++AGheT++n +++++++L+r
  sp|Q9Y6A2|CP46A_HUMAN 289 DEGLLDNFVTFFIAGHETSANHLAFTVMELSR 320
                            7899**************************97 PP

>> sp|Q9FXW4|C80B2_COPJA  Probable (S)-N-methylcoclaurine 3'-hydroxylase isozyme 2 OS=Coptis japonica OX=3442 GN=CYP80B2
   #    score  bias  c-Evalue  i-Evalue hmmfrom  hmm to    alifrom  ali to    envfrom  env to     acc
 ---   ------ ----- --------- --------- ------- -------    ------- -------    ------- -------    ----
   1 !   26.2   0.1   2.2e-07     1e-06       1      31 [.     276     306 ..     276     308 .. 0.91

  Alignments for each domain:
  == domain 1  score: 26.2 bits;  conditional E-value: 2.2e-07
        ihelix_seed_hmm   1 deelvalvllLlvAGheTTtnaiswalllLl 31 
                            d+ + al ++L+ AG+eT++++i wa+ +L 
  sp|Q9FXW4|C80B2_COPJA 276 DQKINALLMELFGAGTETSASTIEWAITELT 306
                            67899*********************98886 PP

>> sp|X2EVQ5|T9025_TANPA  Cytochrome P450 Tp9025 OS=Tanacetum parthenium OX=127999 PE=2 SV=1
   #    score  bias  c-Evalue  i-Evalue hmmfrom  hmm to    alifrom  ali to    envfrom  env to     acc
 ---   ------ ----- --------- --------- ------- -------    ------- -------    ------- -------    ----
   1 !   26.5   0.1   1.8e-07   8.3e-07       1      33 []     281     313 ..     281     313 .. 0.97

  Alignments for each domain:
  == domain 1  score: 26.5 bits;  conditional E-value: 1.8e-07
        ihelix_seed_hmm   1 deelvalvllLlvAGheTTtnaiswalllLlrh 33 
                            d++++a++++++v+G++T++ +i wa+ +L r+
  sp|X2EVQ5|T9025_TANPA 281 DNNIKAIFVNMFVGGTDTSVATIEWAMTELMRN 313
                            789***************************998 PP

>> sp|Q2UPC4|ACLL_ASPOR  Cytochrome P450 monooxygenase aclL OS=Aspergillus oryzae (strain ATCC 42149 / RIB 40) OX=510516
   #    score  bias  c-Evalue  i-Evalue hmmfrom  hmm to    alifrom  ali to    envfrom  env to     acc
 ---   ------ ----- --------- --------- ------- -------    ------- -------    ------- -------    ----
   1 !   26.4   0.3   1.9e-07   8.8e-07       2      33 .]     282     313 ..     282     313 .. 0.97

  Alignments for each domain:
  == domain 1  score: 26.4 bits;  conditional E-value: 1.9e-07
       ihelix_seed_hmm   2 eelvalvllLlvAGheTTtnaiswalllLlrh 33 
                           ee+ a++  L++AG eTT++a+s +l++Ll++
  sp|Q2UPC4|ACLL_ASPOR 282 EEIEANAQILIMAGSETTASALSGTLFYLLKN 313
                           7999**************************98 PP

>> sp|Q9QYG5|CP2DK_MESAU  Cytochrome P450 2D20 OS=Mesocricetus auratus OX=10036 GN=CYP2D20 PE=2 SV=1
   #    score  bias  c-Evalue  i-Evalue hmmfrom  hmm to    alifrom  ali to    envfrom  env to     acc
 ---   ------ ----- --------- --------- ------- -------    ------- -------    ------- -------    ----
   1 !   27.6   3.1   8.5e-08   3.8e-07       1      33 []     295     327 ..     295     327 .. 0.96

  Alignments for each domain:
  == domain 1  score: 27.6 bits;  conditional E-value: 8.5e-08
        ihelix_seed_hmm   1 deelvalvllLlvAGheTTtnaiswalllLlrh 33 
                            de+l+  v +L++AG+ TT++++swalll++ h
  sp|Q9QYG5|CP2DK_MESAU 295 DENLHVVVADLFIAGMVTTSTTLSWALLLMILH 327
                            7999**************************987 PP

>> sp|Q964Q7|CP6D3_MUSDO  Cytochrome P450 6d3 OS=Musca domestica OX=7370 GN=CYP6D3 PE=2 SV=1
   #    score  bias  c-Evalue  i-Evalue hmmfrom  hmm to    alifrom  ali to    envfrom  env to     acc
 ---   ------ ----- --------- --------- ------- -------    ------- -------    ------- -------    ----
   1 !   26.4   0.3     2e-07   9.1e-07       2      33 .]     306     337 ..     305     337 .. 0.96

  Alignments for each domain:
  == domain 1  score: 26.4 bits;  conditional E-value: 2e-07
        ihelix_seed_hmm   2 eelvalvllLlvAGheTTtnaiswalllLlrh 33 
                            ++++++  l+++AG eTT++++s+++++L+++
  sp|Q964Q7|CP6D3_MUSDO 306 DMIASNSFLFYIAGSETTASSTSFTIYELAMN 337
                            78999*************************97 PP

>> sp|P51538|CP3A9_RAT  Cytochrome P450 3A9 OS=Rattus norvegicus OX=10116 GN=Cyp3a9 PE=2 SV=2
   #    score  bias  c-Evalue  i-Evalue hmmfrom  hmm to    alifrom  ali to    envfrom  env to     acc
 ---   ------ ----- --------- --------- ------- -------    ------- -------    ------- -------    ----
   1 !   26.4   0.2   1.9e-07   8.8e-07       2      31 ..     293     322 ..     292     324 .. 0.94

  Alignments for each domain:
  == domain 1  score: 26.4 bits;  conditional E-value: 1.9e-07
      ihelix_seed_hmm   2 eelvalvllLlvAGheTTtnaiswalllLl 31 
                           e+va+ + +++AG eTT++a+s++l+lL+
  sp|P51538|CP3A9_RAT 293 VEIVAQSVIFIFAGYETTSSALSFVLYLLA 322
                          59***************************8 PP

>> sp|P37120|C75A2_SOLME  Flavonoid 3',5'-hydroxylase OS=Solanum melongena OX=4111 GN=CYP75A2 PE=2 SV=1
   #    score  bias  c-Evalue  i-Evalue hmmfrom  hmm to    alifrom  ali to    envfrom  env to     acc
 ---   ------ ----- --------- --------- ------- -------    ------- -------    ------- -------    ----
   1 !   25.6   0.5   3.5e-07   1.6e-06       3      33 .]     293     323 ..     292     323 .. 0.94

  Alignments for each domain:
  == domain 1  score: 25.6 bits;  conditional E-value: 3.5e-07
        ihelix_seed_hmm   3 elvalvllLlvAGheTTtnaiswalllLlrh 33 
                            +++al l+L++AG++T++++i wal ++ ++
  sp|P37120|C75A2_SOLME 293 NIKALLLNLFTAGTDTSSSVIEWALTEMMKN 323
                            799**********************999886 PP

>> sp|C9K1X6|COTB3_STRMJ  Cyclooctat-9-en-7-ol 5-monooxygenase OS=Streptomyces melanosporofaciens OX=67327 GN=cotB3 PE=1
   #    score  bias  c-Evalue  i-Evalue hmmfrom  hmm to    alifrom  ali to    envfrom  env to     acc
 ---   ------ ----- --------- --------- ------- -------    ------- -------    ------- -------    ----
   1 !   26.4   0.6     2e-07   8.9e-07       3      30 ..     261     288 ..     259     291 .. 0.94

  Alignments for each domain:
  == domain 1  score: 26.4 bits;  conditional E-value: 2e-07
        ihelix_seed_hmm   3 elvalvllLlvAGheTTtnaiswalllL 30 
                            e++++v+++lvAG eTT+++++++++lL
  sp|C9K1X6|COTB3_STRMJ 261 EVLDQVVTFLVAGSETTASTLAFVFHLL 288
                            7899**********************99 PP

>> sp|P93530|C71D6_SOLCH  Cytochrome P450 71D6 OS=Solanum chacoense OX=4108 GN=CYP71D6 PE=2 SV=1
   #    score  bias  c-Evalue  i-Evalue hmmfrom  hmm to    alifrom  ali to    envfrom  env to     acc
 ---   ------ ----- --------- --------- ------- -------    ------- -------    ------- -------    ----
   1 !   26.5   0.1   1.8e-07   8.3e-07       2      33 .]     291     322 ..     290     322 .. 0.97

  Alignments for each domain:
  == domain 1  score: 26.5 bits;  conditional E-value: 1.8e-07
        ihelix_seed_hmm   2 eelvalvllLlvAGheTTtnaiswalllLlrh 33 
                            ++++a+++++++AG+eT+++++ wa+ ++l++
  sp|P93530|C71D6_SOLCH 291 DNIKAIIIDMFAAGTETSSTTTVWAMVEMLKN 322
                            79****************************98 PP

>> sp|P59954|CP132_MYCBO  Putative cytochrome P450 132 OS=Mycobacterium bovis (strain ATCC BAA-935 / AF2122/97) OX=23341
   #    score  bias  c-Evalue  i-Evalue hmmfrom  hmm to    alifrom  ali to    envfrom  env to     acc
 ---   ------ ----- --------- --------- ------- -------    ------- -------    ------- -------    ----
   1 !   25.9   0.3   2.9e-07   1.3e-06       4      33 .]     264     293 ..     262     293 .. 0.92

  Alignments for each domain:
  == domain 1  score: 25.9 bits;  conditional E-value: 2.9e-07
        ihelix_seed_hmm   4 lvalvllLlvAGheTTtnaiswalllLlrh 33 
                            +++ +l++++AGheTT+na sw+ +l++ +
  sp|P59954|CP132_MYCBO 264 VRDEALTFMLAGHETTANAMSWFWYLMALN 293
                            67899********************99976 PP

>> sp|P9WPN2|CP132_MYCTO  Putative cytochrome P450 132 OS=Mycobacterium tuberculosis (strain CDC 1551 / Oshkosh) OX=8333
   #    score  bias  c-Evalue  i-Evalue hmmfrom  hmm to    alifrom  ali to    envfrom  env to     acc
 ---   ------ ----- --------- --------- ------- -------    ------- -------    ------- -------    ----
   1 !   25.9   0.3   2.9e-07   1.3e-06       4      33 .]     264     293 ..     262     293 .. 0.92

  Alignments for each domain:
  == domain 1  score: 25.9 bits;  conditional E-value: 2.9e-07
        ihelix_seed_hmm   4 lvalvllLlvAGheTTtnaiswalllLlrh 33 
                            +++ +l++++AGheTT+na sw+ +l++ +
  sp|P9WPN2|CP132_MYCTO 264 VRDEALTFMLAGHETTANAMSWFWYLMALN 293
                            67899********************99976 PP

>> sp|P9WPN3|CP132_MYCTU  Putative cytochrome P450 132 OS=Mycobacterium tuberculosis (strain ATCC 25618 / H37Rv) OX=8333
   #    score  bias  c-Evalue  i-Evalue hmmfrom  hmm to    alifrom  ali to    envfrom  env to     acc
 ---   ------ ----- --------- --------- ------- -------    ------- -------    ------- -------    ----
   1 !   25.9   0.3   2.9e-07   1.3e-06       4      33 .]     264     293 ..     262     293 .. 0.92

  Alignments for each domain:
  == domain 1  score: 25.9 bits;  conditional E-value: 2.9e-07
        ihelix_seed_hmm   4 lvalvllLlvAGheTTtnaiswalllLlrh 33 
                            +++ +l++++AGheTT+na sw+ +l++ +
  sp|P9WPN3|CP132_MYCTU 264 VRDEALTFMLAGHETTANAMSWFWYLMALN 293
                            67899********************99976 PP

>> sp|E1B2Z9|C7AV8_CICIN  Cytochrome P450 71AV8 OS=Cichorium intybus OX=13427 GN=CYP71AV8 PE=2 SV=1
   #    score  bias  c-Evalue  i-Evalue hmmfrom  hmm to    alifrom  ali to    envfrom  env to     acc
 ---   ------ ----- --------- --------- ------- -------    ------- -------    ------- -------    ----
   1 !   26.2   0.0   2.2e-07     1e-06       2      32 ..     281     311 ..     280     312 .. 0.94

  Alignments for each domain:
  == domain 1  score: 26.2 bits;  conditional E-value: 2.2e-07
        ihelix_seed_hmm   2 eelvalvllLlvAGheTTtnaiswalllLlr 32 
                            ++++a +l+++ AG++T++ +i wa+ +L+r
  sp|E1B2Z9|C7AV8_CICIN 281 DNVKAVILDMFGAGTDTSSATIEWAISELIR 311
                            7999*************************98 PP

>> sp|Q9V770|C6A17_DROME  Probable cytochrome P450 6a17 OS=Drosophila melanogaster OX=7227 GN=Cyp6a17 PE=2 SV=1
   #    score  bias  c-Evalue  i-Evalue hmmfrom  hmm to    alifrom  ali to    envfrom  env to     acc
 ---   ------ ----- --------- --------- ------- -------    ------- -------    ------- -------    ----
   1 !   26.3   0.4   2.2e-07   9.8e-07       2      33 .]     292     323 ..     292     323 .. 0.97

  Alignments for each domain:
  == domain 1  score: 26.3 bits;  conditional E-value: 2.2e-07
        ihelix_seed_hmm   2 eelvalvllLlvAGheTTtnaiswalllLlrh 33 
                            +el+a++  ++vAG eT++++ ++al++L+r+
  sp|Q9V770|C6A17_DROME 292 NELLAQAFIFFVAGFETSSTTMGFALYELARN 323
                            599****************************8 PP

>> sp|A0A1D8QMG4|C76K8_ROSOF  Carnosic acid synthase OS=Rosmarinus officinalis OX=39367 GN=CYP76AK8 PE=1 SV=1
   #    score  bias  c-Evalue  i-Evalue hmmfrom  hmm to    alifrom  ali to    envfrom  env to     acc
 ---   ------ ----- --------- --------- ------- -------    ------- -------    ------- -------    ----
   1 !   27.4   0.1   9.4e-08   4.3e-07       2      33 .]     296     327 ..     295     327 .. 0.97

  Alignments for each domain:
  == domain 1  score: 27.4 bits;  conditional E-value: 9.4e-08
            ihelix_seed_hmm   2 eelvalvllLlvAGheTTtnaiswalllLlrh 33 
                                +e+++++++L++AG +T++ ++ wa+ +Ll h
  sp|A0A1D8QMG4|C76K8_ROSOF 296 KEIKHMFVDLIIAGSDTSAATTEWAMVELLLH 327
                                69****************************88 PP

>> sp|Q01361|CP2DE_BOVIN  Cytochrome P450 2D14 OS=Bos taurus OX=9913 GN=CYP2D14 PE=2 SV=2
   #    score  bias  c-Evalue  i-Evalue hmmfrom  hmm to    alifrom  ali to    envfrom  env to     acc
 ---   ------ ----- --------- --------- ------- -------    ------- -------    ------- -------    ----
   1 !   26.3   2.7   2.2e-07   9.9e-07       1      33 []     295     327 ..     295     327 .. 0.96

  Alignments for each domain:
  == domain 1  score: 26.3 bits;  conditional E-value: 2.2e-07
        ihelix_seed_hmm   1 deelvalvllLlvAGheTTtnaiswalllLlrh 33 
                            de+l+  v +L+ AG+ TT+++++walll++ h
  sp|Q01361|CP2DE_BOVIN 295 DENLRLVVADLFSAGMVTTSTTLAWALLLMILH 327
                            799***************************987 PP

>> sp|Q27589|CP4D2_DROME  Cytochrome P450 4d2 OS=Drosophila melanogaster OX=7227 GN=Cyp4d2 PE=2 SV=2
   #    score  bias  c-Evalue  i-Evalue hmmfrom  hmm to    alifrom  ali to    envfrom  env to     acc
 ---   ------ ----- --------- --------- ------- -------    ------- -------    ------- -------    ----
   1 !   25.7   0.0   3.3e-07   1.5e-06       1      33 []     298     330 ..     298     330 .. 0.97

  Alignments for each domain:
  == domain 1  score: 25.7 bits;  conditional E-value: 3.3e-07
        ihelix_seed_hmm   1 deelvalvllLlvAGheTTtnaiswalllLlrh 33 
                            de+++  v ++++ Gh+TTt+ais+ l++ +rh
  sp|Q27589|CP4D2_DROME 298 DEDIREEVDTFMFEGHDTTTSAISFCLYEISRH 330
                            79999**************************99 PP

>> sp|P27786|CP17A_MOUSE  Steroid 17-alpha-hydroxylase/17,20 lyase OS=Mus musculus OX=10090 GN=Cyp17a1 PE=1 SV=1
   #    score  bias  c-Evalue  i-Evalue hmmfrom  hmm to    alifrom  ali to    envfrom  env to     acc
 ---   ------ ----- --------- --------- ------- -------    ------- -------    ------- -------    ----
   1 !   27.4   0.3   9.8e-08   4.4e-07       1      33 []     288     320 ..     288     320 .. 0.96

  Alignments for each domain:
  == domain 1  score: 27.4 bits;  conditional E-value: 9.8e-08
        ihelix_seed_hmm   1 deelvalvllLlvAGheTTtnaiswalllLlrh 33 
                            d++++ +v +++ AG+eTT++++ w+l +L+++
  sp|P27786|CP17A_MOUSE 288 DKHILVTVGDIFGAGIETTSSVLNWILAFLVHN 320
                            7899**************************987 PP

>> sp|I1RJR2|CP51A_GIBZE  Sterol 14-alpha demethylase CYP51A OS=Gibberella zeae (strain ATCC MYA-4620 / CBS 123657 / FGS
   #    score  bias  c-Evalue  i-Evalue hmmfrom  hmm to    alifrom  ali to    envfrom  env to     acc
 ---   ------ ----- --------- --------- ------- -------    ------- -------    ------- -------    ----
   1 !   26.3   0.1   2.1e-07   9.5e-07       1      32 [.     278     309 ..     278     310 .. 0.96

  Alignments for each domain:
  == domain 1  score: 26.3 bits;  conditional E-value: 2.1e-07
        ihelix_seed_hmm   1 deelvalvllLlvAGheTTtnaiswalllLlr 32 
                            d+e+++++++Ll+AG++ +++a+sw++l+L++
  sp|I1RJR2|CP51A_GIBZE 278 DKEIAHMMITLLMAGQHSSSSASSWIVLHLAS 309
                            79****************************95 PP

>> sp|Q9V774|C6A21_DROME  Probable cytochrome P450 6a21 OS=Drosophila melanogaster OX=7227 GN=Cyp6a21 PE=2 SV=1
   #    score  bias  c-Evalue  i-Evalue hmmfrom  hmm to    alifrom  ali to    envfrom  env to     acc
 ---   ------ ----- --------- --------- ------- -------    ------- -------    ------- -------    ----
   1 !   26.4   0.3     2e-07     9e-07       2      33 .]     296     327 ..     295     327 .. 0.97

  Alignments for each domain:
  == domain 1  score: 26.4 bits;  conditional E-value: 2e-07
        ihelix_seed_hmm   2 eelvalvllLlvAGheTTtnaiswalllLlrh 33 
                            ee++a++ ++++AG eT++++ ++al++L+ +
  sp|Q9V774|C6A21_DROME 296 EEIAAQAFVFFAAGFETSSTTMGFALYELAQN 327
                            8****************************987 PP

>> sp|F8S1I0|C7BL2_LACSA  Costunolide synthase OS=Lactuca sativa OX=4236 GN=CYP71BL2 PE=1 SV=1
   #    score  bias  c-Evalue  i-Evalue hmmfrom  hmm to    alifrom  ali to    envfrom  env to     acc
 ---   ------ ----- --------- --------- ------- -------    ------- -------    ------- -------    ----
   1 !   27.3   0.3     1e-07   4.6e-07       1      33 []     281     313 ..     281     313 .. 0.97

  Alignments for each domain:
  == domain 1  score: 27.3 bits;  conditional E-value: 1e-07
        ihelix_seed_hmm   1 deelvalvllLlvAGheTTtnaiswalllLlrh 33 
                            de+++a vl++l+AG++T++ ++ wa+ +L r+
  sp|F8S1I0|C7BL2_LACSA 281 DEHVKAVVLDMLTAGTDTSSATLEWAMTELMRN 313
                            799***************************998 PP

>> sp|G3GBK0|C7BL3_CICIN  Costunolide synthase OS=Cichorium intybus OX=13427 GN=CYP71BL3 PE=1 SV=1
   #    score  bias  c-Evalue  i-Evalue hmmfrom  hmm to    alifrom  ali to    envfrom  env to     acc
 ---   ------ ----- --------- --------- ------- -------    ------- -------    ------- -------    ----
   1 !   27.3   0.3     1e-07   4.6e-07       1      33 []     281     313 ..     281     313 .. 0.97

  Alignments for each domain:
  == domain 1  score: 27.3 bits;  conditional E-value: 1e-07
        ihelix_seed_hmm   1 deelvalvllLlvAGheTTtnaiswalllLlrh 33 
                            de+++a vl++l+AG++T++ ++ wa+ +L r+
  sp|G3GBK0|C7BL3_CICIN 281 DEHVKAVVLDMLTAGTDTSSATLEWAMTELMRN 313
                            799***************************998 PP

>> sp|Q8K4D6|CP4X1_RAT  Cytochrome P450 4X1 OS=Rattus norvegicus OX=10116 GN=Cyp4x1 PE=2 SV=1
   #    score  bias  c-Evalue  i-Evalue hmmfrom  hmm to    alifrom  ali to    envfrom  env to     acc
 ---   ------ ----- --------- --------- ------- -------    ------- -------    ------- -------    ----
   1 !   27.3   0.1     1e-07   4.7e-07       3      33 .]     303     333 ..     301     333 .. 0.94

  Alignments for each domain:
  == domain 1  score: 27.3 bits;  conditional E-value: 1e-07
      ihelix_seed_hmm   3 elvalvllLlvAGheTTtnaiswalllLlrh 33 
                          +l++ v ++++AGh++++ +isw l++L+ +
  sp|Q8K4D6|CP4X1_RAT 303 DLRSEVNTFMWAGHDASAASISWLLYCLALN 333
                          7999************************987 PP

>> sp|P18327|CPXF_STRGO  Cytochrome P450-SU2 OS=Streptomyces griseolus OX=1909 GN=cyp105B1 PE=1 SV=2
   #    score  bias  c-Evalue  i-Evalue hmmfrom  hmm to    alifrom  ali to    envfrom  env to     acc
 ---   ------ ----- --------- --------- ------- -------    ------- -------    ------- -------    ----
   1 !   26.0   1.3   2.6e-07   1.2e-06       9      33 .]     236     260 ..     227     260 .. 0.87

  Alignments for each domain:
  == domain 1  score: 26.0 bits;  conditional E-value: 2.6e-07
       ihelix_seed_hmm   9 llLlvAGheTTtnaiswalllLlrh 33 
                            lLlvAGheTT+n+++ ++l Llr+
  sp|P18327|CPXF_STRGO 236 RLLLVAGHETTANMTALSTLVLLRN 260
                           58**********************8 PP

>> sp|Q64680|CP2D4_RAT  Cytochrome P450 2D4 OS=Rattus norvegicus OX=10116 GN=Cyp2d4 PE=2 SV=1
   #    score  bias  c-Evalue  i-Evalue hmmfrom  hmm to    alifrom  ali to    envfrom  env to     acc
 ---   ------ ----- --------- --------- ------- -------    ------- -------    ------- -------    ----
   1 !   26.2   1.4   2.3e-07   1.1e-06       1      31 [.     295     325 ..     295     327 .. 0.95

  Alignments for each domain:
  == domain 1  score: 26.2 bits;  conditional E-value: 2.3e-07
      ihelix_seed_hmm   1 deelvalvllLlvAGheTTtnaiswalllLl 31 
                          de+l+  v +L++AG+ TT+++++wall+++
  sp|Q64680|CP2D4_RAT 295 DENLRVVVADLFMAGMVTTSTTLTWALLFMI 325
                          7999*************************96 PP

>> sp|Q5KQT7|CP1A1_FELCA  Cytochrome P450 1A1 OS=Felis catus OX=9685 GN=CYP1A1 PE=2 SV=1
   #    score  bias  c-Evalue  i-Evalue hmmfrom  hmm to    alifrom  ali to    envfrom  env to     acc
 ---   ------ ----- --------- --------- ------- -------    ------- -------    ------- -------    ----
   1 !   25.9   0.0   2.7e-07   1.2e-06       1      32 [.     309     340 ..     309     341 .. 0.95

  Alignments for each domain:
  == domain 1  score: 25.9 bits;  conditional E-value: 2.7e-07
        ihelix_seed_hmm   1 deelvalvllLlvAGheTTtnaiswalllLlr 32 
                            de +v+ v +L+ AG +T+t+aisw l++L++
  sp|Q5KQT7|CP1A1_FELCA 309 DEKIVNVVSDLFGAGFDTVTTAISWCLMYLVT 340
                            789***************************87 PP

>> sp|B8QHP1|CP52M_STABO  Cytochrome P450 52-M1 OS=Starmerella bombicola OX=75736 GN=cyp52M1 PE=1 SV=1
   #    score  bias  c-Evalue  i-Evalue hmmfrom  hmm to    alifrom  ali to    envfrom  env to     acc
 ---   ------ ----- --------- --------- ------- -------    ------- -------    ------- -------    ----
   1 !   25.8   0.2     3e-07   1.4e-06       4      33 .]     326     355 ..     325     355 .. 0.97

  Alignments for each domain:
  == domain 1  score: 25.8 bits;  conditional E-value: 3e-07
        ihelix_seed_hmm   4 lvalvllLlvAGheTTtnaiswalllLlrh 33 
                            +++++ ++l+AG +TT+ ++s+a+++L+r+
  sp|B8QHP1|CP52M_STABO 326 IRDQIFNILIAGRDTTAATLSFAIHFLARN 355
                            899**************************8 PP

>> sp|B9WZX1|FTMC_ASPFM  Tryprostatin B 6-hydroxylase OS=Aspergillus fumigatus OX=746128 GN=ftmP450-1 PE=1 SV=1
   #    score  bias  c-Evalue  i-Evalue hmmfrom  hmm to    alifrom  ali to    envfrom  env to     acc
 ---   ------ ----- --------- --------- ------- -------    ------- -------    ------- -------    ----
   1 !   27.2   0.5   1.1e-07   5.2e-07       4      33 .]     352     381 ..     349     381 .. 0.92

  Alignments for each domain:
  == domain 1  score: 27.2 bits;  conditional E-value: 1.1e-07
       ihelix_seed_hmm   4 lvalvllLlvAGheTTtnaiswalllLlrh 33 
                           l + ++l+++AG +TT++++++++++L+rh
  sp|B9WZX1|FTMC_ASPFM 352 LMGDAMLIITAGSDTTATSLTSIVYELARH 381
                           55789************************9 PP

>> sp|Q4WAW5|FTMC_ASPFU  Tryprostatin B 6-hydroxylase OS=Aspergillus fumigatus (strain ATCC MYA-4609 / CBS 101355 / FGSC
   #    score  bias  c-Evalue  i-Evalue hmmfrom  hmm to    alifrom  ali to    envfrom  env to     acc
 ---   ------ ----- --------- --------- ------- -------    ------- -------    ------- -------    ----
   1 !   27.2   0.5   1.1e-07   5.2e-07       4      33 .]     352     381 ..     349     381 .. 0.92

  Alignments for each domain:
  == domain 1  score: 27.2 bits;  conditional E-value: 1.1e-07
       ihelix_seed_hmm   4 lvalvllLlvAGheTTtnaiswalllLlrh 33 
                           l + ++l+++AG +TT++++++++++L+rh
  sp|Q4WAW5|FTMC_ASPFU 352 LMGDAMLIITAGSDTTATSLTSIVYELARH 381
                           55789************************9 PP

>> sp|O64899|C80B1_ESCCA  (S)-N-methylcoclaurine 3'-hydroxylase isozyme 1 (Fragment) OS=Eschscholzia californica OX=3467
   #    score  bias  c-Evalue  i-Evalue hmmfrom  hmm to    alifrom  ali to    envfrom  env to     acc
 ---   ------ ----- --------- --------- ------- -------    ------- -------    ------- -------    ----
   1 !   27.1   0.2   1.1e-07   5.2e-07       3      33 .]     280     310 ..     278     310 .. 0.93

  Alignments for each domain:
  == domain 1  score: 27.1 bits;  conditional E-value: 1.1e-07
        ihelix_seed_hmm   3 elvalvllLlvAGheTTtnaiswalllLlrh 33 
                            ++ al ++L+ AG+eT++++i wa+ +L ++
  sp|O64899|C80B1_ESCCA 280 QINALLMELFGAGTETSASTIEWAMTELTKN 310
                            5889*********************999887 PP

>> sp|O64900|C80B2_ESCCA  (S)-N-methylcoclaurine 3'-hydroxylase isozyme 2 OS=Eschscholzia californica OX=3467 GN=CYP80B2
   #    score  bias  c-Evalue  i-Evalue hmmfrom  hmm to    alifrom  ali to    envfrom  env to     acc
 ---   ------ ----- --------- --------- ------- -------    ------- -------    ------- -------    ----
   1 !   27.1   0.2   1.1e-07   5.2e-07       3      33 .]     281     311 ..     279     311 .. 0.93

  Alignments for each domain:
  == domain 1  score: 27.1 bits;  conditional E-value: 1.1e-07
        ihelix_seed_hmm   3 elvalvllLlvAGheTTtnaiswalllLlrh 33 
                            ++ al ++L+ AG+eT++++i wa+ +L ++
  sp|O64900|C80B2_ESCCA 281 QINALLMELFGAGTETSASTIEWAMTELTKN 311
                            5889*********************999887 PP

>> sp|A0A1Z3GBS4|CYPH3_ISORU  Ferruginol synthase OS=Isodon rubescens OX=587669 GN=CYP76AH30 PE=1 SV=1
   #    score  bias  c-Evalue  i-Evalue hmmfrom  hmm to    alifrom  ali to    envfrom  env to     acc
 ---   ------ ----- --------- --------- ------- -------    ------- -------    ------- -------    ----
   1 !   27.1   1.2   1.2e-07   5.3e-07       2      31 ..     285     314 ..     284     316 .. 0.94

  Alignments for each domain:
  == domain 1  score: 27.1 bits;  conditional E-value: 1.2e-07
            ihelix_seed_hmm   2 eelvalvllLlvAGheTTtnaiswalllLl 31 
                                ++l++l+l+L+v+G eT t+++ w++ +L+
  sp|A0A1Z3GBS4|CYPH3_ISORU 285 DHLTHLMLDLFVGGSETNTTSLEWIMSELV 314
                                89************************9996 PP

>> sp|A6YIH8|C7D55_HYOMU  Premnaspirodiene oxygenase OS=Hyoscyamus muticus OX=35626 GN=CYP71D55 PE=1 SV=1
   #    score  bias  c-Evalue  i-Evalue hmmfrom  hmm to    alifrom  ali to    envfrom  env to     acc
 ---   ------ ----- --------- --------- ------- -------    ------- -------    ------- -------    ----
   1 !   26.9   0.1   1.4e-07   6.3e-07       2      33 .]     289     320 ..     288     320 .. 0.96

  Alignments for each domain:
  == domain 1  score: 26.9 bits;  conditional E-value: 1.4e-07
        ihelix_seed_hmm   2 eelvalvllLlvAGheTTtnaiswalllLlrh 33 
                            ++++a++ ++++AG+eT+++++ wa+  + r+
  sp|A6YIH8|C7D55_HYOMU 289 DNIKAIIFDMFAAGTETSSSTLVWAMVQMMRN 320
                            79***************************998 PP

>> sp|Q2QYH7|C14C2_ORYSJ  Cytochrome P450 714C2 OS=Oryza sativa subsp. japonica OX=39947 GN=CYP714C2 PE=2 SV=1
   #    score  bias  c-Evalue  i-Evalue hmmfrom  hmm to    alifrom  ali to    envfrom  env to     acc
 ---   ------ ----- --------- --------- ------- -------    ------- -------    ------- -------    ----
   1 !   26.0   0.1   2.7e-07   1.2e-06       4      33 .]     322     351 ..     320     351 .. 0.92

  Alignments for each domain:
  == domain 1  score: 26.0 bits;  conditional E-value: 2.7e-07
        ihelix_seed_hmm   4 lvalvllLlvAGheTTtnaiswalllLlrh 33 
                            +v+++ ++++AGheTT+++ +w l+lL++h
  sp|Q2QYH7|C14C2_ORYSJ 322 IVDNCKNIYFAGHETTSTTAAWCLMLLASH 351
                            67778899********************98 PP

>> sp|P14263|CP51_CANTR  Lanosterol 14-alpha demethylase OS=Candida tropicalis OX=5482 GN=ERG11 PE=3 SV=2
   #    score  bias  c-Evalue  i-Evalue hmmfrom  hmm to    alifrom  ali to    envfrom  env to     acc
 ---   ------ ----- --------- --------- ------- -------    ------- -------    ------- -------    ----
   1 !   26.1   0.4   2.4e-07   1.1e-06       1      32 [.     294     325 ..     294     326 .. 0.96

  Alignments for each domain:
  == domain 1  score: 26.1 bits;  conditional E-value: 2.4e-07
       ihelix_seed_hmm   1 deelvalvllLlvAGheTTtnaiswalllLlr 32 
                           d+e+++l + +l++G++T++++++w+ll+L++
  sp|P14263|CP51_CANTR 294 DQEIANLLIGVLMGGQHTSASTSAWFLLHLAE 325
                           79****************************95 PP

>> sp|O42231|CP1A1_CHEAU  Cytochrome P450 1A1 OS=Chelon auratus OX=48191 GN=cyp1a1 PE=2 SV=1
   #    score  bias  c-Evalue  i-Evalue hmmfrom  hmm to    alifrom  ali to    envfrom  env to     acc
 ---   ------ ----- --------- --------- ------- -------    ------- -------    ------- -------    ----
   1 !   26.0   0.0   2.6e-07   1.2e-06       1      32 [.     309     340 ..     309     341 .. 0.94

  Alignments for each domain:
  == domain 1  score: 26.0 bits;  conditional E-value: 2.6e-07
        ihelix_seed_hmm   1 deelvalvllLlvAGheTTtnaiswalllLlr 32 
                            de +v++v +L+ AG +T ++a+sw++++L+ 
  sp|O42231|CP1A1_CHEAU 309 DEKVVGIVNDLFGAGLDTISTALSWSVMYLVA 340
                            68899*************************86 PP

>> sp|Q6N8N2|CYPA2_RHOPA  Cytochrome p450 CYP199A2 OS=Rhodopseudomonas palustris (strain ATCC BAA-98 / CGA009) OX=258594
   #    score  bias  c-Evalue  i-Evalue hmmfrom  hmm to    alifrom  ali to    envfrom  env to     acc
 ---   ------ ----- --------- --------- ------- -------    ------- -------    ------- -------    ----
   1 !   25.9   0.0   2.9e-07   1.3e-06       2      32 ..     239     269 ..     239     270 .. 0.93

  Alignments for each domain:
  == domain 1  score: 25.9 bits;  conditional E-value: 2.9e-07
        ihelix_seed_hmm   2 eelvalvllLlvAGheTTtnaiswalllLlr 32 
                            ee+  lv +Ll AG +TT+n i+ a+++L+r
  sp|Q6N8N2|CYPA2_RHOPA 239 EEAPLLVRSLLSAGLDTTVNGIAAAVYCLAR 269
                            67888999**********************9 PP

>> sp|P56593|CP2AC_MOUSE  Cytochrome P450 2A12 OS=Mus musculus OX=10090 GN=Cyp2a12 PE=1 SV=2
   #    score  bias  c-Evalue  i-Evalue hmmfrom  hmm to    alifrom  ali to    envfrom  env to     acc
 ---   ------ ----- --------- --------- ------- -------    ------- -------    ------- -------    ----
   1 !   27.0   0.2   1.3e-07   5.8e-07       2      33 .]     287     318 ..     286     318 .. 0.94

  Alignments for each domain:
  == domain 1  score: 27.0 bits;  conditional E-value: 1.3e-07
        ihelix_seed_hmm   2 eelvalvllLlvAGheTTtnaiswalllLlrh 33 
                            ++lv + l+L++AG eT+++++++++llL +h
  sp|P56593|CP2AC_MOUSE 287 KNLVMTSLNLFFAGSETVSSTLRYGFLLLMKH 318
                            6888899**********************998 PP

>> sp|P24463|CP3AC_CANLF  Cytochrome P450 3A12 OS=Canis lupus familiaris OX=9615 GN=CYP3A12 PE=2 SV=1
   #    score  bias  c-Evalue  i-Evalue hmmfrom  hmm to    alifrom  ali to    envfrom  env to     acc
 ---   ------ ----- --------- --------- ------- -------    ------- -------    ------- -------    ----
   1 !   25.9   0.5   2.8e-07   1.3e-06       2      33 .]     293     324 ..     292     324 .. 0.96

  Alignments for each domain:
  == domain 1  score: 25.9 bits;  conditional E-value: 2.8e-07
        ihelix_seed_hmm   2 eelvalvllLlvAGheTTtnaiswalllLlrh 33 
                             elva+ + +++AG eTT++++s+ +++L++h
  sp|P24463|CP3AC_CANLF 293 LELVAQSIIFIFAGYETTSTSLSFLMYELATH 324
                            69*****************************9 PP

>> sp|Q9LHA1|C8D11_ARATH  Cytochrome P450 81D11 OS=Arabidopsis thaliana OX=3702 GN=CYP81D11 PE=2 SV=1
   #    score  bias  c-Evalue  i-Evalue hmmfrom  hmm to    alifrom  ali to    envfrom  env to     acc
 ---   ------ ----- --------- --------- ------- -------    ------- -------    ------- -------    ----
   1 !   25.4   0.8     4e-07   1.8e-06       4      33 .]     298     327 ..     298     327 .. 0.96

  Alignments for each domain:
  == domain 1  score: 25.4 bits;  conditional E-value: 4e-07
        ihelix_seed_hmm   4 lvalvllLlvAGheTTtnaiswalllLlrh 33 
                            +++++l++++AG++T++ ++ wa+  Ll+h
  sp|Q9LHA1|C8D11_ARATH 298 IKGIILVMILAGTDTSAGTLEWAMSNLLNH 327
                            6789************************98 PP

>> sp|Q1JPY5|CYP51_DANRE  Lanosterol 14-alpha demethylase OS=Danio rerio OX=7955 GN=cyp51 PE=1 SV=1
   #    score  bias  c-Evalue  i-Evalue hmmfrom  hmm to    alifrom  ali to    envfrom  env to     acc
 ---   ------ ----- --------- --------- ------- -------    ------- -------    ------- -------    ----
   1 !   25.7   0.3   3.4e-07   1.5e-06       1      32 [.     290     321 ..     290     322 .. 0.96

  Alignments for each domain:
  == domain 1  score: 25.7 bits;  conditional E-value: 3.4e-07
        ihelix_seed_hmm   1 deelvalvllLlvAGheTTtnaiswalllLlr 32 
                            d+e++++ + Ll+AG++T++++++w+ ++L+r
  sp|Q1JPY5|CYP51_DANRE 290 DDEIAGMLIGLLLAGQHTSSTTSAWMGFFLAR 321
                            79************************999998 PP

>> sp|D5JBX1|GAO_BARSP  Germacrene A hydroxylase OS=Barnadesia spinosa OX=171760 GN=GAO PE=1 SV=1
   #    score  bias  c-Evalue  i-Evalue hmmfrom  hmm to    alifrom  ali to    envfrom  env to     acc
 ---   ------ ----- --------- --------- ------- -------    ------- -------    ------- -------    ----
   1 !   26.2   0.0   2.2e-07     1e-06       2      32 ..     281     311 ..     280     312 .. 0.94

  Alignments for each domain:
  == domain 1  score: 26.2 bits;  conditional E-value: 2.2e-07
      ihelix_seed_hmm   2 eelvalvllLlvAGheTTtnaiswalllLlr 32 
                          ++++a +l+++ AG++T++ +i wa+ +L+r
  sp|D5JBX1|GAO_BARSP 281 DNVKAVILDMFGAGTDTSSATIEWAISELIR 311
                          7999*************************98 PP

>> sp|I7CT85|C7A53_PANGI  Protopanaxadiol 6-hydroxylase OS=Panax ginseng OX=4054 GN=CYP716A53v2 PE=1 SV=1
   #    score  bias  c-Evalue  i-Evalue hmmfrom  hmm to    alifrom  ali to    envfrom  env to     acc
 ---   ------ ----- --------- --------- ------- -------    ------- -------    ------- -------    ----
   1 !   25.4   0.1   4.2e-07   1.9e-06       3      33 .]     268     298 ..     267     298 .. 0.93

  Alignments for each domain:
  == domain 1  score: 25.4 bits;  conditional E-value: 4.2e-07
        ihelix_seed_hmm   3 elvalvllLlvAGheTTtnaiswalllLlrh 33 
                            ++++ vl+Ll+A h+TT++a ++++++L+ h
  sp|I7CT85|C7A53_PANGI 268 DIADVVLNLLIASHDTTSSAMGSVVYFLADH 298
                            58899***********************965 PP

>> sp|P10610|CP2G1_RAT  Cytochrome P450 2G1 OS=Rattus norvegicus OX=10116 GN=Cyp2g1 PE=2 SV=1
   #    score  bias  c-Evalue  i-Evalue hmmfrom  hmm to    alifrom  ali to    envfrom  env to     acc
 ---   ------ ----- --------- --------- ------- -------    ------- -------    ------- -------    ----
   1 !   25.7   0.7   3.2e-07   1.4e-06       2      33 .]     289     320 ..     288     320 .. 0.92

  Alignments for each domain:
  == domain 1  score: 25.7 bits;  conditional E-value: 3.2e-07
      ihelix_seed_hmm   2 eelvalvllLlvAGheTTtnaiswalllLlrh 33 
                          ++lv + l+L++AG+eT+++++++++llL ++
  sp|P10610|CP2G1_RAT 289 KNLVLTTLNLFFAGTETVSSTLRYGFLLLMKY 320
                          6889999**********************875 PP

>> sp|Q64654|CP51A_RAT  Lanosterol 14-alpha demethylase OS=Rattus norvegicus OX=10116 GN=Cyp51a1 PE=1 SV=1
   #    score  bias  c-Evalue  i-Evalue hmmfrom  hmm to    alifrom  ali to    envfrom  env to     acc
 ---   ------ ----- --------- --------- ------- -------    ------- -------    ------- -------    ----
   1 !   25.7   0.3   3.4e-07   1.5e-06       1      32 [.     298     329 ..     298     330 .. 0.96

  Alignments for each domain:
  == domain 1  score: 25.7 bits;  conditional E-value: 3.4e-07
      ihelix_seed_hmm   1 deelvalvllLlvAGheTTtnaiswalllLlr 32 
                          d+e++++ + Ll+AG++T++++++w+ ++L+r
  sp|Q64654|CP51A_RAT 298 DDEIAGMLIGLLLAGQHTSSTTSAWMGFFLAR 329
                          79************************999998 PP

>> sp|I3V6B7|C82X1_PAPSO  (13S,14R)-13-O-acetyl-1-hydroxy-N-methylcanadine 8-hydroxylase CYP82X1 OS=Papaver somniferum O
   #    score  bias  c-Evalue  i-Evalue hmmfrom  hmm to    alifrom  ali to    envfrom  env to     acc
 ---   ------ ----- --------- --------- ------- -------    ------- -------    ------- -------    ----
   1 !   25.5   0.4   3.8e-07   1.7e-06       4      33 .]     330     359 ..     329     359 .. 0.96

  Alignments for each domain:
  == domain 1  score: 25.5 bits;  conditional E-value: 3.8e-07
        ihelix_seed_hmm   4 lvalvllLlvAGheTTtnaiswalllLlrh 33 
                            +++++l++  +G eTT+++++wal lLl+h
  sp|I3V6B7|C82X1_PAPSO 330 IKSMILEIVSGGSETTSSTLTWALCLLLNH 359
                            689*************************98 PP

>> sp|P00176|CP2B1_RAT  Cytochrome P450 2B1 OS=Rattus norvegicus OX=10116 GN=Cyp2b1 PE=1 SV=1
   #    score  bias  c-Evalue  i-Evalue hmmfrom  hmm to    alifrom  ali to    envfrom  env to     acc
 ---   ------ ----- --------- --------- ------- -------    ------- -------    ------- -------    ----
   1 !   25.4   0.7   4.2e-07   1.9e-06       6      33 .]     290     317 ..     285     317 .. 0.87

  Alignments for each domain:
  == domain 1  score: 25.4 bits;  conditional E-value: 4.2e-07
      ihelix_seed_hmm   6 alvllLlvAGheTTtnaiswalllLlrh 33 
                             l+L++AG+eT+++++++++ll+l++
  sp|P00176|CP2B1_RAT 290 ISLLSLFFAGTETSSTTLRYGFLLMLKY 317
                          56799********************986 PP

>> sp|O49396|C82C3_ARATH  Cytochrome P450 82C3 OS=Arabidopsis thaliana OX=3702 GN=CYP82C3 PE=2 SV=3
   #    score  bias  c-Evalue  i-Evalue hmmfrom  hmm to    alifrom  ali to    envfrom  env to     acc
 ---   ------ ----- --------- --------- ------- -------    ------- -------    ------- -------    ----
   1 !   25.2   0.6   4.8e-07   2.2e-06       4      33 .]     299     328 ..     299     328 .. 0.94

  Alignments for each domain:
  == domain 1  score: 25.2 bits;  conditional E-value: 4.8e-07
        ihelix_seed_hmm   4 lvalvllLlvAGheTTtnaiswalllLlrh 33 
                            ++ ++l+L+++G eT+ ++++wa+ lLl++
  sp|O49396|C82C3_ARATH 299 IKTTCLALILGGSETSPSTLTWAISLLLNN 328
                            5679************************97 PP

>> sp|P33272|CP2BC_RAT  Cytochrome P450 2B12 OS=Rattus norvegicus OX=10116 GN=Cyp2b12 PE=2 SV=1
   #    score  bias  c-Evalue  i-Evalue hmmfrom  hmm to    alifrom  ali to    envfrom  env to     acc
 ---   ------ ----- --------- --------- ------- -------    ------- -------    ------- -------    ----
   1 !   25.4   0.5   4.1e-07   1.8e-06       1      33 []     286     318 ..     286     318 .. 0.93

  Alignments for each domain:
  == domain 1  score: 25.4 bits;  conditional E-value: 4.1e-07
      ihelix_seed_hmm   1 deelvalvllLlvAGheTTtnaiswalllLlrh 33 
                          +++lv  vl+L++AG+eTT+++++ ++l +l++
  sp|P33272|CP2BC_RAT 286 HQNLVISVLSLFFAGTETTSTTLRCTFLIMLKY 318
                          5899999*********************99986 PP

>> sp|I1H7R8|C90B1_BRADI  Steroid (22S)-hydroxylase OS=Brachypodium distachyon OX=15368 GN=CYP90B1 PE=1 SV=1
   #    score  bias  c-Evalue  i-Evalue hmmfrom  hmm to    alifrom  ali to    envfrom  env to     acc
 ---   ------ ----- --------- --------- ------- -------    ------- -------    ------- -------    ----
   1 !   25.1   0.7     5e-07   2.3e-06       2      30 ..     290     318 ..     289     318 .. 0.96

  Alignments for each domain:
  == domain 1  score: 25.1 bits;  conditional E-value: 5e-07
        ihelix_seed_hmm   2 eelvalvllLlvAGheTTtnaiswalllL 30 
                            e++++l l+Ll+AGheT++ a++ a+++L
  sp|I1H7R8|C90B1_BRADI 290 EQILDLLLSLLFAGHETSSMALALAIFFL 318
                            899************************98 PP

>> sp|Q9GJX5|CP4AL_PIG  Taurochenodeoxycholic 6 alpha-hydroxylase OS=Sus scrofa OX=9823 GN=CYP4A21 PE=1 SV=1
   #    score  bias  c-Evalue  i-Evalue hmmfrom  hmm to    alifrom  ali to    envfrom  env to     acc
 ---   ------ ----- --------- --------- ------- -------    ------- -------    ------- -------    ----
   1 !   26.6   0.1   1.7e-07   7.5e-07       2      33 .]     303     334 ..     302     334 .. 0.94

  Alignments for each domain:
  == domain 1  score: 26.6 bits;  conditional E-value: 1.7e-07
      ihelix_seed_hmm   2 eelvalvllLlvAGheTTtnaiswalllLlrh 33 
                           +++a v ++++AGh+ T++ isw+l++L+++
  sp|Q9GJX5|CP4AL_PIG 303 TDVRAEVDTFMAAGHDSTASGISWVLYALASN 334
                          68999*************************87 PP

>> sp|A0A125QZE2|C76K1_SALMI  11-hydroxysugiol 20-monooxygenase OS=Salvia miltiorrhiza OX=226208 GN=CYP76AK1 PE=1 SV=1
   #    score  bias  c-Evalue  i-Evalue hmmfrom  hmm to    alifrom  ali to    envfrom  env to     acc
 ---   ------ ----- --------- --------- ------- -------    ------- -------    ------- -------    ----
   1 !   25.3   0.0   4.4e-07     2e-06       2      33 .]     295     326 ..     294     326 .. 0.97

  Alignments for each domain:
  == domain 1  score: 25.3 bits;  conditional E-value: 4.4e-07
            ihelix_seed_hmm   2 eelvalvllLlvAGheTTtnaiswalllLlrh 33 
                                +e++++++++++AG +T++ +  w++ +Ll h
  sp|A0A125QZE2|C76K1_SALMI 295 KEIKHFFVDIIIAGSDTSAATAEWGMVELLLH 326
                                69****************************88 PP

>> sp|Q6XQ14|C71E7_MANES  2-methylbutanal oxime monooxygenase OS=Manihot esculenta OX=3983 GN=CYP71E7 PE=1 SV=1
   #    score  bias  c-Evalue  i-Evalue hmmfrom  hmm to    alifrom  ali to    envfrom  env to     acc
 ---   ------ ----- --------- --------- ------- -------    ------- -------    ------- -------    ----
   1 !   25.5   0.0   3.9e-07   1.8e-06       2      33 .]     299     330 ..     298     330 .. 0.95

  Alignments for each domain:
  == domain 1  score: 25.5 bits;  conditional E-value: 3.9e-07
        ihelix_seed_hmm   2 eelvalvllLlvAGheTTtnaiswalllLlrh 33 
                            ++++a+ ++++v+G++T++ +i+wa+ +Ll++
  sp|Q6XQ14|C71E7_MANES 299 DHVKAILMNVFVGGIDTSAVTITWAFSELLKN 330
                            78999*************************98 PP

>> sp|P0DO40|CP180_ORIMA  Cytochrome P450 71D180 OS=Origanum majorana OX=268884 GN=CYP71D180 PE=1 SV=1
   #    score  bias  c-Evalue  i-Evalue hmmfrom  hmm to    alifrom  ali to    envfrom  env to     acc
 ---   ------ ----- --------- --------- ------- -------    ------- -------    ------- -------    ----
   1 !   25.6   0.0   3.5e-07   1.6e-06       3      33 .]     286     316 ..     284     316 .. 0.94

  Alignments for each domain:
  == domain 1  score: 25.6 bits;  conditional E-value: 3.5e-07
        ihelix_seed_hmm   3 elvalvllLlvAGheTTtnaiswalllLlrh 33 
                             +++++ +++ AG+eT++++i wal +L ++
  sp|P0DO40|CP180_ORIMA 286 GIKGFIFDVFSAGTETSATTIQWALSELMKN 316
                            6899************************987 PP

>> sp|P0DO39|CP180_ORIVU  Cytochrome P450 71D180 OS=Origanum vulgare OX=39352 GN=CYP71D180 PE=1 SV=1
   #    score  bias  c-Evalue  i-Evalue hmmfrom  hmm to    alifrom  ali to    envfrom  env to     acc
 ---   ------ ----- --------- --------- ------- -------    ------- -------    ------- -------    ----
   1 !   25.6   0.0   3.5e-07   1.6e-06       3      33 .]     286     316 ..     284     316 .. 0.94

  Alignments for each domain:
  == domain 1  score: 25.6 bits;  conditional E-value: 3.5e-07
        ihelix_seed_hmm   3 elvalvllLlvAGheTTtnaiswalllLlrh 33 
                             +++++ +++ AG+eT++++i wal +L ++
  sp|P0DO39|CP180_ORIVU 286 GIKGFIFDVFSAGTETSATTIQWALSELMKN 316
                            6899************************987 PP

>> sp|P0DO38|CP180_THYVU  Cytochrome P450 71D180 OS=Thymus vulgaris OX=49992 GN=CYP71D180 PE=1 SV=1
   #    score  bias  c-Evalue  i-Evalue hmmfrom  hmm to    alifrom  ali to    envfrom  env to     acc
 ---   ------ ----- --------- --------- ------- -------    ------- -------    ------- -------    ----
   1 !   25.6   0.0   3.5e-07   1.6e-06       3      33 .]     286     316 ..     284     316 .. 0.94

  Alignments for each domain:
  == domain 1  score: 25.6 bits;  conditional E-value: 3.5e-07
        ihelix_seed_hmm   3 elvalvllLlvAGheTTtnaiswalllLlrh 33 
                             +++++ +++ AG+eT++++i wal +L ++
  sp|P0DO38|CP180_THYVU 286 GIKGFIFDVFSAGTETSATTIQWALSELMKN 316
                            6899************************987 PP

>> sp|B8AJL3|C90B2_ORYSI  Steroid (22S)-hydroxylase OS=Oryza sativa subsp. indica OX=39946 GN=CYP90B2 PE=3 SV=1
   #    score  bias  c-Evalue  i-Evalue hmmfrom  hmm to    alifrom  ali to    envfrom  env to     acc
 ---   ------ ----- --------- --------- ------- -------    ------- -------    ------- -------    ----
   1 !   25.1   0.7   4.9e-07   2.2e-06       2      30 ..     293     321 ..     292     321 .. 0.96

  Alignments for each domain:
  == domain 1  score: 25.1 bits;  conditional E-value: 4.9e-07
        ihelix_seed_hmm   2 eelvalvllLlvAGheTTtnaiswalllL 30 
                            e++++l l+Ll+AGheT++ a++ a+++L
  sp|B8AJL3|C90B2_ORYSI 293 EQILDLLLSLLFAGHETSSMALALAIFFL 321
                            899************************98 PP

>> sp|Q5CCK3|C90B2_ORYSJ  Steroid (22S)-hydroxylase OS=Oryza sativa subsp. japonica OX=39947 GN=CYP90B2 PE=1 SV=1
   #    score  bias  c-Evalue  i-Evalue hmmfrom  hmm to    alifrom  ali to    envfrom  env to     acc
 ---   ------ ----- --------- --------- ------- -------    ------- -------    ------- -------    ----
   1 !   25.1   0.7   4.9e-07   2.2e-06       2      30 ..     293     321 ..     292     321 .. 0.96

  Alignments for each domain:
  == domain 1  score: 25.1 bits;  conditional E-value: 4.9e-07
        ihelix_seed_hmm   2 eelvalvllLlvAGheTTtnaiswalllL 30 
                            e++++l l+Ll+AGheT++ a++ a+++L
  sp|Q5CCK3|C90B2_ORYSJ 293 EQILDLLLSLLFAGHETSSMALALAIFFL 321
                            899************************98 PP

>> sp|Q27606|CP4E2_DROME  Cytochrome P450 4e2 OS=Drosophila melanogaster OX=7227 GN=Cyp4e2 PE=2 SV=2
   #    score  bias  c-Evalue  i-Evalue hmmfrom  hmm to    alifrom  ali to    envfrom  env to     acc
 ---   ------ ----- --------- --------- ------- -------    ------- -------    ------- -------    ----
   1 !   25.4   0.0     4e-07   1.8e-06       3      33 .]     296     326 ..     294     326 .. 0.91

  Alignments for each domain:
  == domain 1  score: 25.4 bits;  conditional E-value: 4e-07
        ihelix_seed_hmm   3 elvalvllLlvAGheTTtnaiswalllLlrh 33 
                            el   v ++++ Gh+TTt+  s+a++lL+rh
  sp|Q27606|CP4E2_DROME 296 ELYEEVSTFMFEGHDTTTSGVSFAVYLLSRH 326
                            66777889**********************9 PP

>> sp|P20812|CP2A3_RAT  Cytochrome P450 2A3 OS=Rattus norvegicus OX=10116 GN=Cyp2a3 PE=2 SV=1
   #    score  bias  c-Evalue  i-Evalue hmmfrom  hmm to    alifrom  ali to    envfrom  env to     acc
 ---   ------ ----- --------- --------- ------- -------    ------- -------    ------- -------    ----
   1 !   26.5   1.5   1.8e-07   8.1e-07       2      33 .]     289     320 ..     288     320 .. 0.94

  Alignments for each domain:
  == domain 1  score: 26.5 bits;  conditional E-value: 1.8e-07
      ihelix_seed_hmm   2 eelvalvllLlvAGheTTtnaiswalllLlrh 33 
                          ++lv + l+L++AG+eT+++++++++llL +h
  sp|P20812|CP2A3_RAT 289 KNLVLTTLNLFFAGTETVSTTLRYGFLLLMKH 320
                          7899999**********************998 PP

>> sp|P20852|CP2A5_MOUSE  Cytochrome P450 2A5 OS=Mus musculus OX=10090 GN=Cyp2a5 PE=2 SV=1
   #    score  bias  c-Evalue  i-Evalue hmmfrom  hmm to    alifrom  ali to    envfrom  env to     acc
 ---   ------ ----- --------- --------- ------- -------    ------- -------    ------- -------    ----
   1 !   26.5   1.5   1.8e-07   8.1e-07       2      33 .]     289     320 ..     288     320 .. 0.94

  Alignments for each domain:
  == domain 1  score: 26.5 bits;  conditional E-value: 1.8e-07
        ihelix_seed_hmm   2 eelvalvllLlvAGheTTtnaiswalllLlrh 33 
                            ++lv + l+L++AG+eT+++++++++llL +h
  sp|P20852|CP2A5_MOUSE 289 KNLVLTTLNLFFAGTETVSTTLRYGFLLLMKH 320
                            7899999**********************998 PP

>> sp|P70085|CP17A_ORYLA  Steroid 17-alpha-hydroxylase/17,20 lyase OS=Oryzias latipes OX=8090 GN=cyp17a1 PE=2 SV=1
   #    score  bias  c-Evalue  i-Evalue hmmfrom  hmm to    alifrom  ali to    envfrom  env to     acc
 ---   ------ ----- --------- --------- ------- -------    ------- -------    ------- -------    ----
   1 !   25.4   0.5   4.2e-07   1.9e-06       1      32 [.     298     329 ..     298     330 .. 0.92

  Alignments for each domain:
  == domain 1  score: 25.4 bits;  conditional E-value: 4.2e-07
        ihelix_seed_hmm   1 deelvalvllLlvAGheTTtnaiswalllLlr 32 
                            d++l+ +v +++ AG+eTTt+++ wa+ +L++
  sp|P70085|CP17A_ORYLA 298 DDHLLMTVGDIFGAGVETTTTVLKWAITYLIH 329
                            789999*********************99976 PP

>> sp|Q64459|CP3AB_MOUSE  Cytochrome P450 3A11 OS=Mus musculus OX=10090 GN=Cyp3a11 PE=1 SV=1
   #    score  bias  c-Evalue  i-Evalue hmmfrom  hmm to    alifrom  ali to    envfrom  env to     acc
 ---   ------ ----- --------- --------- ------- -------    ------- -------    ------- -------    ----
   1 !   25.6   1.1   3.6e-07   1.6e-06       3      33 .]     295     325 ..     293     325 .. 0.97

  Alignments for each domain:
  == domain 1  score: 25.6 bits;  conditional E-value: 3.6e-07
        ihelix_seed_hmm   3 elvalvllLlvAGheTTtnaiswalllLlrh 33 
                            e++a+ + +++AG eTT++++s++l+ L++h
  sp|Q64459|CP3AB_MOUSE 295 EITAQSIIFIFAGYETTSSTLSFTLHSLATH 325
                            899***************************9 PP

>> sp|Q05421|CP2E1_MOUSE  Cytochrome P450 2E1 OS=Mus musculus OX=10090 GN=Cyp2e1 PE=1 SV=1
   #    score  bias  c-Evalue  i-Evalue hmmfrom  hmm to    alifrom  ali to    envfrom  env to     acc
 ---   ------ ----- --------- --------- ------- -------    ------- -------    ------- -------    ----
   1 !   25.5   0.7   3.8e-07   1.7e-06       2      33 .]     287     318 ..     286     318 .. 0.88

  Alignments for each domain:
  == domain 1  score: 25.5 bits;  conditional E-value: 3.8e-07
        ihelix_seed_hmm   2 eelvalvllLlvAGheTTtnaiswalllLlrh 33 
                            e++  +  +L++AG+eTT+++++++ll L ++
  sp|Q05421|CP2E1_MOUSE 287 ENISVTLADLFFAGTETTSTTLRYGLLILMKY 318
                            56666889*******************99875 PP

>> sp|P51581|CP2E1_MESAU  Cytochrome P450 2E1 OS=Mesocricetus auratus OX=10036 GN=CYP2E1 PE=2 SV=1
   #    score  bias  c-Evalue  i-Evalue hmmfrom  hmm to    alifrom  ali to    envfrom  env to     acc
 ---   ------ ----- --------- --------- ------- -------    ------- -------    ------- -------    ----
   1 !   25.5   0.7   3.8e-07   1.7e-06       2      33 .]     287     318 ..     286     318 .. 0.88

  Alignments for each domain:
  == domain 1  score: 25.5 bits;  conditional E-value: 3.8e-07
        ihelix_seed_hmm   2 eelvalvllLlvAGheTTtnaiswalllLlrh 33 
                            e++  +  +L++AG+eTT+++++++ll L ++
  sp|P51581|CP2E1_MESAU 287 ENISVTLADLFFAGTETTSTTLRYGLLILMKY 318
                            56666889*******************99875 PP

>> sp|A0A0D1DT62|CYP2_USTMA  Cytochrome P450 monooxygenase cayp2 OS=Ustilago maydis (strain 521 / FGSC 9021) OX=237631 G
   #    score  bias  c-Evalue  i-Evalue hmmfrom  hmm to    alifrom  ali to    envfrom  env to     acc
 ---   ------ ----- --------- --------- ------- -------    ------- -------    ------- -------    ----
   1 !   25.2   0.0   4.6e-07   2.1e-06       3      33 .]     319     349 ..     317     349 .. 0.95

  Alignments for each domain:
  == domain 1  score: 25.2 bits;  conditional E-value: 4.6e-07
           ihelix_seed_hmm   3 elvalvllLlvAGheTTtnaiswalllLlrh 33 
                               ++++++++Ll+AG eTT+n+i+++l +Ll++
  sp|A0A0D1DT62|CYP2_USTMA 319 HVRDQCVELLIAGGETTSNTITYILKALLEN 349
                               6899************************987 PP

>> sp|Q9VCW1|CP6D4_DROME  Probable cytochrome P450 6d4 OS=Drosophila melanogaster OX=7227 GN=Cyp6d4 PE=2 SV=1
   #    score  bias  c-Evalue  i-Evalue hmmfrom  hmm to    alifrom  ali to    envfrom  env to     acc
 ---   ------ ----- --------- --------- ------- -------    ------- -------    ------- -------    ----
   1 !   25.0   0.3   5.3e-07   2.4e-06       2      32 ..     306     336 ..     305     337 .. 0.93

  Alignments for each domain:
  == domain 1  score: 25.0 bits;  conditional E-value: 5.3e-07
        ihelix_seed_hmm   2 eelvalvllLlvAGheTTtnaiswalllLlr 32 
                            e ++a++  +++AG+eTT+++ ++++++L+ 
  sp|Q9VCW1|CP6D4_DROME 306 EAITAQAFIFYIAGQETTGSTAAFTIYELAQ 336
                            6799*************************97 PP

>> sp|Q6WNQ9|C81E9_MEDTR  Isoflavone 3'-hydroxylase (Fragment) OS=Medicago truncatula OX=3880 GN=CYP81E9 PE=1 SV=1
   #    score  bias  c-Evalue  i-Evalue hmmfrom  hmm to    alifrom  ali to    envfrom  env to     acc
 ---   ------ ----- --------- --------- ------- -------    ------- -------    ------- -------    ----
   1 !   23.9   0.2   1.2e-06   5.7e-06       4      33 .]     295     324 ..     292     324 .. 0.95

  Alignments for each domain:
  == domain 1  score: 23.9 bits;  conditional E-value: 1.2e-06
        ihelix_seed_hmm   4 lvalvllLlvAGheTTtnaiswalllLlrh 33 
                            +++l+  +l+AG++T++ +i w++ +Ll+h
  sp|Q6WNQ9|C81E9_MEDTR 295 IKGLIQGMLLAGTDTSAVTIEWVMSELLNH 324
                            78999***********************98 PP

>> sp|P0DO41|CP181_ORIVU  Cytochrome P450 71D181 OS=Origanum vulgare OX=39352 GN=CYP71D181 PE=1 SV=1
   #    score  bias  c-Evalue  i-Evalue hmmfrom  hmm to    alifrom  ali to    envfrom  env to     acc
 ---   ------ ----- --------- --------- ------- -------    ------- -------    ------- -------    ----
   1 !   25.6   0.0   3.6e-07   1.6e-06       3      33 .]     286     316 ..     284     316 .. 0.94

  Alignments for each domain:
  == domain 1  score: 25.6 bits;  conditional E-value: 3.6e-07
        ihelix_seed_hmm   3 elvalvllLlvAGheTTtnaiswalllLlrh 33 
                             +++++ +++ AG+eT++++i wal +L ++
  sp|P0DO41|CP181_ORIVU 286 GIKGFIFDVFSAGTETSATTIQWALSELMKN 316
                            6899************************987 PP

>> sp|Q64583|CP2BF_RAT  Cytochrome P450 2B15 OS=Rattus norvegicus OX=10116 GN=Cyp2b15 PE=3 SV=2
   #    score  bias  c-Evalue  i-Evalue hmmfrom  hmm to    alifrom  ali to    envfrom  env to     acc
 ---   ------ ----- --------- --------- ------- -------    ------- -------    ------- -------    ----
   1 !   24.9   0.5     6e-07   2.7e-06       1      33 []     286     318 ..     286     318 .. 0.94

  Alignments for each domain:
  == domain 1  score: 24.9 bits;  conditional E-value: 6e-07
      ihelix_seed_hmm   1 deelvalvllLlvAGheTTtnaiswalllLlrh 33 
                          +++lv  vl+L++ G+eTT++++++++l +l++
  sp|Q64583|CP2BF_RAT 286 HQNLVISVLSLFFTGTETTSTTLRYSFLIMLKY 318
                          5899999***********************986 PP

>> sp|P0DO42|CP181_THYVU  Cytochrome P450 71D181 OS=Thymus vulgaris OX=49992 GN=CYP71D181 PE=1 SV=1
   #    score  bias  c-Evalue  i-Evalue hmmfrom  hmm to    alifrom  ali to    envfrom  env to     acc
 ---   ------ ----- --------- --------- ------- -------    ------- -------    ------- -------    ----
   1 !   25.6   0.0   3.6e-07   1.6e-06       3      33 .]     286     316 ..     284     316 .. 0.94

  Alignments for each domain:
  == domain 1  score: 25.6 bits;  conditional E-value: 3.6e-07
        ihelix_seed_hmm   3 elvalvllLlvAGheTTtnaiswalllLlrh 33 
                             +++++ +++ AG+eT++++i wal +L ++
  sp|P0DO42|CP181_THYVU 286 GIKGFIFDVFSAGTETSATTIQWALSELMKN 316
                            6899************************987 PP

>> sp|A0A0C5QRZ2|C76H2_SALFT  Ferruginol synthase OS=Salvia fruticosa OX=268906 GN=CYP76AH24 PE=1 SV=1
   #    score  bias  c-Evalue  i-Evalue hmmfrom  hmm to    alifrom  ali to    envfrom  env to     acc
 ---   ------ ----- --------- --------- ------- -------    ------- -------    ------- -------    ----
   1 !   26.3   1.9   2.1e-07   9.3e-07       2      31 ..     285     314 ..     284     316 .. 0.95

  Alignments for each domain:
  == domain 1  score: 26.3 bits;  conditional E-value: 2.1e-07
            ihelix_seed_hmm   2 eelvalvllLlvAGheTTtnaiswalllLl 31 
                                e+l++l+l+L+v+G eT+t+ i w++++Ll
  sp|A0A0C5QRZ2|C76H2_SALFT 285 EHLTHLMLDLFVGGSETSTTEIEWIMWELL 314
                                89***************************9 PP

>> sp|E9QY26|CP51B_ASPFU  Sterol 14-alpha demethylase cyp51B OS=Aspergillus fumigatus (strain ATCC MYA-4609 / CBS 101355
   #    score  bias  c-Evalue  i-Evalue hmmfrom  hmm to    alifrom  ali to    envfrom  env to     acc
 ---   ------ ----- --------- --------- ------- -------    ------- -------    ------- -------    ----
   1 !   25.0   0.2   5.6e-07   2.5e-06       1      32 [.     294     325 ..     294     326 .. 0.97

  Alignments for each domain:
  == domain 1  score: 25.0 bits;  conditional E-value: 5.6e-07
        ihelix_seed_hmm   1 deelvalvllLlvAGheTTtnaiswalllLlr 32 
                            dee+++++++Ll+AG++ ++++ sw++l L++
  sp|E9QY26|CP51B_ASPFU 294 DEEIAHMMIALLMAGQHSSSSTASWIVLRLAT 325
                            89****************************98 PP

>> sp|Q00441|CPXJ_SACEN  6-deoxyerythronolide B hydroxylase OS=Saccharopolyspora erythraea (strain ATCC 11635 / DSM 4051
   #    score  bias  c-Evalue  i-Evalue hmmfrom  hmm to    alifrom  ali to    envfrom  env to     acc
 ---   ------ ----- --------- --------- ------- -------    ------- -------    ------- -------    ----
   1 !   26.3   2.3   2.2e-07   9.8e-07       2      33 .]     229     260 ..     228     260 .. 0.97

  Alignments for each domain:
  == domain 1  score: 26.3 bits;  conditional E-value: 2.2e-07
       ihelix_seed_hmm   2 eelvalvllLlvAGheTTtnaiswalllLlrh 33 
                           +el++++l+Ll+AG e+++++i+ +++lLl+h
  sp|Q00441|CPXJ_SACEN 229 DELTSIALVLLLAGFEASVSLIGIGTYLLLTH 260
                           8******************************9 PP

>> sp|O81974|C71D8_SOYBN  Cytochrome P450 71D8 OS=Glycine max OX=3847 GN=CYP71D8 PE=2 SV=1
   #    score  bias  c-Evalue  i-Evalue hmmfrom  hmm to    alifrom  ali to    envfrom  env to     acc
 ---   ------ ----- --------- --------- ------- -------    ------- -------    ------- -------    ----
   1 !   25.0   0.1   5.6e-07   2.5e-06       2      33 .]     294     325 ..     293     325 .. 0.94

  Alignments for each domain:
  == domain 1  score: 25.0 bits;  conditional E-value: 5.6e-07
        ihelix_seed_hmm   2 eelvalvllLlvAGheTTtnaiswalllLlrh 33 
                            e+++a + ++++AG++T+++++ wa+ ++ ++
  sp|O81974|C71D8_SOYBN 294 ENIKAVIWNIFAAGTDTSASTLEWAMSEMMKN 325
                            899999***********************987 PP

>> sp|P79102|CP3AS_BOVIN  Cytochrome P450 3A28 OS=Bos taurus OX=9913 GN=CYP3A28 PE=2 SV=1
   #    score  bias  c-Evalue  i-Evalue hmmfrom  hmm to    alifrom  ali to    envfrom  env to     acc
 ---   ------ ----- --------- --------- ------- -------    ------- -------    ------- -------    ----
   1 !   25.2   0.3   4.7e-07   2.1e-06       2      33 .]     293     324 ..     292     324 .. 0.96

  Alignments for each domain:
  == domain 1  score: 25.2 bits;  conditional E-value: 4.7e-07
        ihelix_seed_hmm   2 eelvalvllLlvAGheTTtnaiswalllLlrh 33 
                             elva+ + ++++G eTT++++s+++++L +h
  sp|P79102|CP3AS_BOVIN 293 IELVAQSTIFIFGGYETTSSTLSFIIYELTTH 324
                            69****************************98 PP

>> sp|Q9VXY0|CP4S3_DROME  Probable cytochrome P450 4s3 OS=Drosophila melanogaster OX=7227 GN=Cyp4s3 PE=3 SV=1
   #    score  bias  c-Evalue  i-Evalue hmmfrom  hmm to    alifrom  ali to    envfrom  env to     acc
 ---   ------ ----- --------- --------- ------- -------    ------- -------    ------- -------    ----
   1 !   25.2   0.0   4.6e-07   2.1e-06       2      33 .]     295     326 ..     294     326 .. 0.92

  Alignments for each domain:
  == domain 1  score: 25.2 bits;  conditional E-value: 4.6e-07
        ihelix_seed_hmm   2 eelvalvllLlvAGheTTtnaiswalllLlrh 33 
                             +++  v ++++ Gh+TT++ai++al lL+++
  sp|Q9VXY0|CP4S3_DROME 295 TDIREEVDTFMFEGHDTTSSAIAFALSLLSKN 326
                            57888899*********************997 PP

>> sp|Q3LFT9|CP1A2_BALAC  Cytochrome P450 1A2 OS=Balaenoptera acutorostrata OX=9767 GN=CYP1A2 PE=2 SV=3
   #    score  bias  c-Evalue  i-Evalue hmmfrom  hmm to    alifrom  ali to    envfrom  env to     acc
 ---   ------ ----- --------- --------- ------- -------    ------- -------    ------- -------    ----
   1 !   24.9   0.1   5.8e-07   2.6e-06       5      33 .]     308     336 ..     306     336 .. 0.96

  Alignments for each domain:
  == domain 1  score: 24.9 bits;  conditional E-value: 5.8e-07
        ihelix_seed_hmm   5 valvllLlvAGheTTtnaiswalllLlrh 33 
                            v+lv ++++AG +  t+aisw+ll+L+++
  sp|Q3LFT9|CP1A2_BALAC 308 VNLVNDIFAAGFDPITTAISWSLLYLVTN 336
                            689************************98 PP

>> sp|Q0WTF4|C81F3_ARATH  Cytochrome P450 81F3 OS=Arabidopsis thaliana OX=3702 GN=CYP81F3 PE=2 SV=1
   #    score  bias  c-Evalue  i-Evalue hmmfrom  hmm to    alifrom  ali to    envfrom  env to     acc
 ---   ------ ----- --------- --------- ------- -------    ------- -------    ------- -------    ----
   1 !   25.2   0.8   4.7e-07   2.2e-06       3      33 .]     284     314 ..     282     314 .. 0.95

  Alignments for each domain:
  == domain 1  score: 25.2 bits;  conditional E-value: 4.7e-07
        ihelix_seed_hmm   3 elvalvllLlvAGheTTtnaiswalllLlrh 33 
                             +++l+l +++AG++T++ ++ wa+  Ll+h
  sp|Q0WTF4|C81F3_ARATH 284 TIKGLMLGMMIAGTDTSAVTLEWAMSSLLNH 314
                            5899*************************98 PP

>> sp|Q4WNT5|CP51A_ASPFU  Sterol 14-alpha demethylase cyp51A OS=Aspergillus fumigatus (strain ATCC MYA-4609 / CBS 101355
   #    score  bias  c-Evalue  i-Evalue hmmfrom  hmm to    alifrom  ali to    envfrom  env to     acc
 ---   ------ ----- --------- --------- ------- -------    ------- -------    ------- -------    ----
   1 ?    2.5   0.0       7.2        33       3      21 ..      66      84 ..      65      85 .. 0.87
   2 !   20.9   0.1   1.1e-05     5e-05       1      31 [.     280     310 ..     280     311 .. 0.96

  Alignments for each domain:
  == domain 1  score: 2.5 bits;  conditional E-value: 7.2
        ihelix_seed_hmm  3 elvalvllLlvAGheTTtn 21
                           e+ + + ++++ G+ TT++
  sp|Q4WNT5|CP51A_ASPFU 66 EKYGDIFTFILLGQKTTVY 84
                           6678899**********97 PP

  == domain 2  score: 20.9 bits;  conditional E-value: 1.1e-05
        ihelix_seed_hmm   1 deelvalvllLlvAGheTTtnaiswalllLl 31 
                            d+e+++++++Ll+AG++ +++ ++w++l L+
  sp|Q4WNT5|CP51A_ASPFU 280 DKEIAHMMITLLMAGQHSSSSISAWIMLRLA 310
                            79***************************98 PP

>> sp|Q06069|CPXM_PRIMG  Cytochrome P450(MEG) OS=Priestia megaterium OX=1404 GN=cyp106A2 PE=1 SV=1
   #    score  bias  c-Evalue  i-Evalue hmmfrom  hmm to    alifrom  ali to    envfrom  env to     acc
 ---   ------ ----- --------- --------- ------- -------    ------- -------    ------- -------    ----
   1 !   25.1   0.4   5.1e-07   2.3e-06       1      31 [.     230     260 ..     230     260 .. 0.97

  Alignments for each domain:
  == domain 1  score: 25.1 bits;  conditional E-value: 5.1e-07
       ihelix_seed_hmm   1 deelvalvllLlvAGheTTtnaiswalllLl 31 
                           d+e+v++ +l+l AG+eTT+ +++++++ Ll
  sp|Q06069|CPXM_PRIMG 230 DDEVVRTTMLILGAGVETTSHLLANSFYSLL 260
                           79**************************997 PP

>> sp|Q0JF01|C99A3_ORYSJ  9-beta-pimara-7,15-diene oxidase OS=Oryza sativa subsp. japonica OX=39947 GN=CYP99A3 PE=1 SV=1
   #    score  bias  c-Evalue  i-Evalue hmmfrom  hmm to    alifrom  ali to    envfrom  env to     acc
 ---   ------ ----- --------- --------- ------- -------    ------- -------    ------- -------    ----
   1 !   24.7   0.5   6.6e-07     3e-06       3      33 .]     287     317 ..     285     317 .. 0.94

  Alignments for each domain:
  == domain 1  score: 24.7 bits;  conditional E-value: 6.6e-07
        ihelix_seed_hmm   3 elvalvllLlvAGheTTtnaiswalllLlrh 33 
                            +++a++l+++++G+eTT++++ w + +L r+
  sp|Q0JF01|C99A3_ORYSJ 287 HVKAIILDMFTGGTETTSSTTEWLMSELMRN 317
                            6889************************998 PP

>> sp|O64636|C76C1_ARATH  Cytochrome P450 76C1 OS=Arabidopsis thaliana OX=3702 GN=CYP76C1 PE=2 SV=1
   #    score  bias  c-Evalue  i-Evalue hmmfrom  hmm to    alifrom  ali to    envfrom  env to     acc
 ---   ------ ----- --------- --------- ------- -------    ------- -------    ------- -------    ----
   1 !   26.1   0.3   2.5e-07   1.1e-06       3      33 .]     300     330 ..     299     330 .. 0.94

  Alignments for each domain:
  == domain 1  score: 26.1 bits;  conditional E-value: 2.5e-07
        ihelix_seed_hmm   3 elvalvllLlvAGheTTtnaiswalllLlrh 33 
                            ++ +l l++++AG++T+++++ wa+ +Ll++
  sp|O64636|C76C1_ARATH 300 DIEHLLLDMFTAGTDTSSSTLEWAMTELLKN 330
                            678999***********************98 PP

>> sp|Q29478|CP2CV_CAPHE  Cytochrome P450 2C31 (Fragment) OS=Capra hircus aegagrus OX=9923 GN=CYP2C31 PE=2 SV=1
   #    score  bias  c-Evalue  i-Evalue hmmfrom  hmm to    alifrom  ali to    envfrom  env to     acc
 ---   ------ ----- --------- --------- ------- -------    ------- -------    ------- -------    ----
   1 !   25.0   1.3   5.4e-07   2.5e-06       2      33 .]      79     110 ..      78     110 .. 0.96

  Alignments for each domain:
  == domain 1  score: 25.0 bits;  conditional E-value: 5.4e-07
        ihelix_seed_hmm   2 eelvalvllLlvAGheTTtnaiswalllLlrh 33 
                            ++l+ +v +++ AG+eTT+ +++++lllLl+h
  sp|Q29478|CP2CV_CAPHE  79 DNLITTVWDVFSAGTETTSLTLRYGLLLLLKH 110
                            899***************************99 PP

>> sp|P93149|C93B1_GLYEC  (2S)-flavanone 2-hydroxylase OS=Glycyrrhiza echinata OX=46348 GN=CYP93B1 PE=1 SV=2
   #    score  bias  c-Evalue  i-Evalue hmmfrom  hmm to    alifrom  ali to    envfrom  env to     acc
 ---   ------ ----- --------- --------- ------- -------    ------- -------    ------- -------    ----
   1 !   24.7   0.1   6.8e-07   3.1e-06       3      32 ..     293     322 ..     292     323 .. 0.94

  Alignments for each domain:
  == domain 1  score: 24.7 bits;  conditional E-value: 6.8e-07
        ihelix_seed_hmm   3 elvalvllLlvAGheTTtnaiswalllLlr 32 
                            +++al++++++AG++TT+ ++ wal +L++
  sp|P93149|C93B1_GLYEC 293 HIKALIMDFFTAGTDTTAISTEWALVELVK 322
                            699***********************9986 PP

>> sp|A0A0S1TP26|C76H2_SALPM  Ferruginol synthase (Fragment) OS=Salvia pomifera OX=396869 GN=CYP76AH24 PE=1 SV=1
   #    score  bias  c-Evalue  i-Evalue hmmfrom  hmm to    alifrom  ali to    envfrom  env to     acc
 ---   ------ ----- --------- --------- ------- -------    ------- -------    ------- -------    ----
   1 !   26.0   1.5   2.6e-07   1.2e-06       2      31 ..     246     275 ..     245     277 .. 0.95

  Alignments for each domain:
  == domain 1  score: 26.0 bits;  conditional E-value: 2.6e-07
            ihelix_seed_hmm   2 eelvalvllLlvAGheTTtnaiswalllLl 31 
                                e+l++l+l+L+v+G eT+t+ i w++++L+
  sp|A0A0S1TP26|C76H2_SALPM 246 EHLTHLMLDLFVGGSETSTTEIEWIMWELV 275
                                89**************************97 PP

>> sp|P20814|CP2CD_RAT  Cytochrome P450 2C13, male-specific OS=Rattus norvegicus OX=10116 GN=Cyp2c13 PE=1 SV=1
   #    score  bias  c-Evalue  i-Evalue hmmfrom  hmm to    alifrom  ali to    envfrom  env to     acc
 ---   ------ ----- --------- --------- ------- -------    ------- -------    ------- -------    ----
   1 !   24.6   0.7   7.1e-07   3.2e-06       2      33 .]     285     316 ..     284     316 .. 0.95

  Alignments for each domain:
  == domain 1  score: 24.6 bits;  conditional E-value: 7.1e-07
      ihelix_seed_hmm   2 eelvalvllLlvAGheTTtnaiswalllLlrh 33 
                          e+l+ +v++L++AG+eT++++ ++alllL ++
  sp|P20814|CP2CD_RAT 285 EHLAIMVTDLFFAGIETVSSTMRFALLLLMKY 316
                          899**************************875 PP

>> sp|A0A0Y0GRS3|C76H3_SALMI  Sugiol synthase OS=Salvia miltiorrhiza OX=226208 GN=CYP76AH3 PE=1 SV=1
   #    score  bias  c-Evalue  i-Evalue hmmfrom  hmm to    alifrom  ali to    envfrom  env to     acc
 ---   ------ ----- --------- --------- ------- -------    ------- -------    ------- -------    ----
   1 !   26.0   0.9   2.6e-07   1.2e-06       2      33 .]     286     317 ..     285     317 .. 0.96

  Alignments for each domain:
  == domain 1  score: 26.0 bits;  conditional E-value: 2.6e-07
            ihelix_seed_hmm   2 eelvalvllLlvAGheTTtnaiswalllLlrh 33 
                                ++l++l+l+L+v+G eT+t+ i w++ +L+ h
  sp|A0A0Y0GRS3|C76H3_SALMI 286 DHLLHLMLDLFVGGSETSTTEIEWIMEELVAH 317
                                89***************************988 PP

>> sp|H2KYS3|DAF9_CAEEL  3-ketosteroid oxygenase OS=Caenorhabditis elegans OX=6239 GN=daf-9 PE=1 SV=1
   #    score  bias  c-Evalue  i-Evalue hmmfrom  hmm to    alifrom  ali to    envfrom  env to     acc
 ---   ------ ----- --------- --------- ------- -------    ------- -------    ------- -------    ----
   1 !   25.0   0.6   5.6e-07   2.6e-06       4      33 .]     364     393 ..     361     393 .. 0.93

  Alignments for each domain:
  == domain 1  score: 25.0 bits;  conditional E-value: 5.6e-07
       ihelix_seed_hmm   4 lvalvllLlvAGheTTtnaiswalllLlrh 33 
                           ++ ++ ++ ++G+eTT+++++w++++Ll++
  sp|H2KYS3|DAF9_CAEEL 364 IILTCGDMWTGGMETTVTTLRWGIIYLLNN 393
                           8889************************97 PP

>> sp|Q9V4T5|CP4E1_DROME  Probable cytochrome P450 4e1 OS=Drosophila melanogaster OX=7227 GN=Cyp4e1 PE=2 SV=1
   #    score  bias  c-Evalue  i-Evalue hmmfrom  hmm to    alifrom  ali to    envfrom  env to     acc
 ---   ------ ----- --------- --------- ------- -------    ------- -------    ------- -------    ----
   1 !   25.1   0.0   5.2e-07   2.3e-06       2      33 .]     295     326 ..     294     326 .. 0.91

  Alignments for each domain:
  == domain 1  score: 25.1 bits;  conditional E-value: 5.2e-07
        ihelix_seed_hmm   2 eelvalvllLlvAGheTTtnaiswalllLlrh 33 
                            +el   v ++++ Gh+TTt+  ++a++lL+rh
  sp|Q9V4T5|CP4E1_DROME 295 QELYEEVSTFMFEGHDTTTSGVGFAVYLLSRH 326
                            567777889**********************9 PP

>> sp|O13317|TRI11_FUSSP  Trichothecene C-15 hydroxylase OS=Fusarium sporotrichioides OX=5514 GN=TRI11 PE=2 SV=1
   #    score  bias  c-Evalue  i-Evalue hmmfrom  hmm to    alifrom  ali to    envfrom  env to     acc
 ---   ------ ----- --------- --------- ------- -------    ------- -------    ------- -------    ----
   1 !   24.8   0.9   6.3e-07   2.8e-06       2      32 ..     285     315 ..     285     316 .. 0.92

  Alignments for each domain:
  == domain 1  score: 24.8 bits;  conditional E-value: 6.3e-07
        ihelix_seed_hmm   2 eelvalvllLlvAGheTTtnaiswalllLlr 32 
                            +el++++ +L+vAG eTT++++s a+++L  
  sp|O13317|TRI11_FUSSP 285 NELASNASVLIVAGSETTATLLSAAVYFLCA 315
                            59999***********************965 PP

>> sp|D5JBW9|GAO_SAUCO  Germacrene A hydroxylase OS=Saussurea costus OX=324593 GN=GAO PE=1 SV=1
   #    score  bias  c-Evalue  i-Evalue hmmfrom  hmm to    alifrom  ali to    envfrom  env to     acc
 ---   ------ ----- --------- --------- ------- -------    ------- -------    ------- -------    ----
   1 !   24.7   0.0   6.8e-07   3.1e-06       2      32 ..     281     311 ..     280     312 .. 0.95

  Alignments for each domain:
  == domain 1  score: 24.7 bits;  conditional E-value: 6.8e-07
      ihelix_seed_hmm   2 eelvalvllLlvAGheTTtnaiswalllLlr 32 
                          ++++a++l+++ AG++T++ +  wa+ +L+r
  sp|D5JBW9|GAO_SAUCO 281 DNVKAIILDMFGAGTDTSSATVEWAISELIR 311
                          8999*************************98 PP

>> sp|B8NFL5|CP51B_ASPFN  Sterol 14-alpha demethylase OS=Aspergillus flavus (strain ATCC 200026 / FGSC A1120 / IAM 13836
   #    score  bias  c-Evalue  i-Evalue hmmfrom  hmm to    alifrom  ali to    envfrom  env to     acc
 ---   ------ ----- --------- --------- ------- -------    ------- -------    ------- -------    ----
   1 !   24.6   0.8   7.2e-07   3.3e-06       1      31 [.     261     291 ..     261     293 .. 0.96

  Alignments for each domain:
  == domain 1  score: 24.6 bits;  conditional E-value: 7.2e-07
        ihelix_seed_hmm   1 deelvalvllLlvAGheTTtnaiswalllLl 31 
                            dee+++++++Ll+AG++ ++++ +w++l+L+
  sp|B8NFL5|CP51B_ASPFN 261 DEEIAHMMIALLMAGQHSSSSTAAWIVLHLA 291
                            89****************************9 PP

>> sp|Q9VL92|CP4E3_DROME  Cytochrome P450 4e3 OS=Drosophila melanogaster OX=7227 GN=Cyp4e3 PE=2 SV=1
   #    score  bias  c-Evalue  i-Evalue hmmfrom  hmm to    alifrom  ali to    envfrom  env to     acc
 ---   ------ ----- --------- --------- ------- -------    ------- -------    ------- -------    ----
   1 !   24.7   0.0   6.7e-07     3e-06       3      33 .]     296     326 ..     294     326 .. 0.92

  Alignments for each domain:
  == domain 1  score: 24.7 bits;  conditional E-value: 6.7e-07
        ihelix_seed_hmm   3 elvalvllLlvAGheTTtnaiswalllLlrh 33 
                            e+   v ++++ Gh+TTt+  s++++lL+rh
  sp|Q9VL92|CP4E3_DROME 296 EIYEEVSTFMFEGHDTTTSGVSFSVYLLSRH 326
                            77777889**********************9 PP

>> sp|P24453|CP1A2_MESAU  Cytochrome P450 1A2 OS=Mesocricetus auratus OX=10036 GN=CYP1A2 PE=1 SV=4
   #    score  bias  c-Evalue  i-Evalue hmmfrom  hmm to    alifrom  ali to    envfrom  env to     acc
 ---   ------ ----- --------- --------- ------- -------    ------- -------    ------- -------    ----
   1 !   24.7   0.5     7e-07   3.2e-06       2      32 ..     303     333 ..     302     333 .. 0.94

  Alignments for each domain:
  == domain 1  score: 24.7 bits;  conditional E-value: 7e-07
        ihelix_seed_hmm   2 eelvalvllLlvAGheTTtnaiswalllLlr 32 
                            e +v++v +L+ AG +T+t+ai+ ++llL++
  sp|P24453|CP1A2_MESAU 303 EKIVNIVNDLFGAGFDTVTTAITLSILLLVT 333
                            679**************************86 PP

>> sp|P12939|CP2DA_RAT  Cytochrome P450 2D10 OS=Rattus norvegicus OX=10116 GN=Cyp2d10 PE=1 SV=1
   #    score  bias  c-Evalue  i-Evalue hmmfrom  hmm to    alifrom  ali to    envfrom  env to     acc
 ---   ------ ----- --------- --------- ------- -------    ------- -------    ------- -------    ----
   1 !   24.9   3.0   6.1e-07   2.8e-06       1      32 [.     295     326 ..     295     327 .. 0.93

  Alignments for each domain:
  == domain 1  score: 24.9 bits;  conditional E-value: 6.1e-07
      ihelix_seed_hmm   1 deelvalvllLlvAGheTTtnaiswalllLlr 32 
                          de+l+  v++L++AG+ TT+++++walll++ 
  sp|P12939|CP2DA_RAT 295 DENLRMVVVDLFTAGMVTTATTLTWALLLMIL 326
                          7899999**********************975 PP

>> sp|P11711|CP2A1_RAT  Cytochrome P450 2A1 OS=Rattus norvegicus OX=10116 GN=Cyp2a1 PE=1 SV=2
   #    score  bias  c-Evalue  i-Evalue hmmfrom  hmm to    alifrom  ali to    envfrom  env to     acc
 ---   ------ ----- --------- --------- ------- -------    ------- -------    ------- -------    ----
   1 !   24.6   0.4   7.4e-07   3.3e-06       3      33 .]     288     318 ..     286     318 .. 0.90

  Alignments for each domain:
  == domain 1  score: 24.6 bits;  conditional E-value: 7.4e-07
      ihelix_seed_hmm   3 elvalvllLlvAGheTTtnaiswalllLlrh 33 
                          +lv + l+L++AG eT+++++++++llL +h
  sp|P11711|CP2A1_RAT 288 NLVMTTLSLFFAGSETVSSTLRYGFLLLMKH 318
                          6677779*********************998 PP

>> sp|P10633|CP2D1_RAT  Cytochrome P450 2D1 OS=Rattus norvegicus OX=10116 GN=Cyp2d1 PE=2 SV=1
   #    score  bias  c-Evalue  i-Evalue hmmfrom  hmm to    alifrom  ali to    envfrom  env to     acc
 ---   ------ ----- --------- --------- ------- -------    ------- -------    ------- -------    ----
   1 !   24.9   3.0   6.1e-07   2.8e-06       1      32 [.     295     326 ..     295     327 .. 0.93

  Alignments for each domain:
  == domain 1  score: 24.9 bits;  conditional E-value: 6.1e-07
      ihelix_seed_hmm   1 deelvalvllLlvAGheTTtnaiswalllLlr 32 
                          de+l+  v++L++AG+ TT+++++walll++ 
  sp|P10633|CP2D1_RAT 295 DENLRMVVVDLFTAGMVTTATTLTWALLLMIL 326
                          7899999**********************975 PP

>> sp|P05182|CP2E1_RAT  Cytochrome P450 2E1 OS=Rattus norvegicus OX=10116 GN=Cyp2e1 PE=1 SV=4
   #    score  bias  c-Evalue  i-Evalue hmmfrom  hmm to    alifrom  ali to    envfrom  env to     acc
 ---   ------ ----- --------- --------- ------- -------    ------- -------    ------- -------    ----
   1 !   24.8   0.6   6.2e-07   2.8e-06       7      33 .]     292     318 ..     286     318 .. 0.88

  Alignments for each domain:
  == domain 1  score: 24.8 bits;  conditional E-value: 6.2e-07
      ihelix_seed_hmm   7 lvllLlvAGheTTtnaiswalllLlrh 33 
                          +  +L++AG+eTT+++++++ll L ++
  sp|P05182|CP2E1_RAT 292 TLADLFFAGTETTSTTLRYGLLILMKY 318
                          6789******************99875 PP

>> sp|P48416|CP10_LYMST  Cytochrome P450 10 OS=Lymnaea stagnalis OX=6523 GN=CYP10 PE=2 SV=1
   #    score  bias  c-Evalue  i-Evalue hmmfrom  hmm to    alifrom  ali to    envfrom  env to     acc
 ---   ------ ----- --------- --------- ------- -------    ------- -------    ------- -------    ----
   1 !   24.7   0.2   6.7e-07   3.1e-06       2      33 .]     339     370 ..     338     370 .. 0.96

  Alignments for each domain:
  == domain 1  score: 24.7 bits;  conditional E-value: 6.7e-07
       ihelix_seed_hmm   2 eelvalvllLlvAGheTTtnaiswalllLlrh 33 
                           +e+++l+++L++A++eTT++a+ w l+ L+++
  sp|P48416|CP10_LYMST 339 KEVTGLIVDLMLAAVETTSSATVWCLYNLAKN 370
                           799***************************98 PP

>> sp|A0A386KZI3|DABD_PSEMU  N-geranyl-L-glutamate oxidase OS=Pseudo-nitzschia multiseries OX=37319 GN=dabD PE=1 SV=1
   #    score  bias  c-Evalue  i-Evalue hmmfrom  hmm to    alifrom  ali to    envfrom  env to     acc
 ---   ------ ----- --------- --------- ------- -------    ------- -------    ------- -------    ----
   1 !   24.6   0.2   7.5e-07   3.4e-06       1      32 [.     352     383 ..     352     384 .. 0.94

  Alignments for each domain:
  == domain 1  score: 24.6 bits;  conditional E-value: 7.5e-07
           ihelix_seed_hmm   1 deelvalvllLlvAGheTTtnaiswalllLlr 32 
                               d el++ v ++lvAGheTT++   w+l+ L++
  sp|A0A386KZI3|DABD_PSEMU 352 DTELRDEVKTFLVAGHETTSTWAHWSLYVLAT 383
                               579999************************98 PP

>> sp|Q12585|CP52T_CANMA  Cytochrome P450 52D1 OS=Candida maltosa OX=5479 GN=CYP52D1 PE=2 SV=1
   #    score  bias  c-Evalue  i-Evalue hmmfrom  hmm to    alifrom  ali to    envfrom  env to     acc
 ---   ------ ----- --------- --------- ------- -------    ------- -------    ------- -------    ----
   1 !   24.5   0.1   7.7e-07   3.5e-06       4      33 .]     286     315 ..     285     315 .. 0.95

  Alignments for each domain:
  == domain 1  score: 24.5 bits;  conditional E-value: 7.7e-07
        ihelix_seed_hmm   4 lvalvllLlvAGheTTtnaiswalllLlrh 33 
                            l++++l++l+AG +TT++++s+a+++L+ +
  sp|Q12585|CP52T_CANMA 286 LRDQCLNILLAGRDTTASLLSFAFFELALN 315
                            6899***********************987 PP

>> sp|P79152|CP3AJ_CAPHE  Cytochrome P450 3A19 (Fragment) OS=Capra hircus aegagrus OX=9923 GN=CYP3A19 PE=2 SV=1
   #    score  bias  c-Evalue  i-Evalue hmmfrom  hmm to    alifrom  ali to    envfrom  env to     acc
 ---   ------ ----- --------- --------- ------- -------    ------- -------    ------- -------    ----
   1 !   25.1   0.5   4.9e-07   2.2e-06       3      33 .]       5      35 ..       3      35 .. 0.95

  Alignments for each domain:
  == domain 1  score: 25.1 bits;  conditional E-value: 4.9e-07
        ihelix_seed_hmm  3 elvalvllLlvAGheTTtnaiswalllLlrh 33
                           elva+ + ++++G eTT++++s+++++L++h
  sp|P79152|CP3AJ_CAPHE  5 ELVAQTTIFIFGGYETTSTSLSFIIYELATH 35
                           89999999**********************9 PP

>> sp|Q92045|CP11A_HYPAM  Cholesterol side-chain cleavage enzyme, mitochondrial (Fragment) OS=Hypanus americanus OX=2484
   #    score  bias  c-Evalue  i-Evalue hmmfrom  hmm to    alifrom  ali to    envfrom  env to     acc
 ---   ------ ----- --------- --------- ------- -------    ------- -------    ------- -------    ----
   1 !   24.8   0.0   6.4e-07   2.9e-06       2      33 .]     315     346 ..     315     346 .. 0.97

  Alignments for each domain:
  == domain 1  score: 24.8 bits;  conditional E-value: 6.4e-07
        ihelix_seed_hmm   2 eelvalvllLlvAGheTTtnaiswalllLlrh 33 
                            e+++a +++++ ++++TT+++  w++++L++h
  sp|Q92045|CP11A_HYPAM 315 EDIRASIIDVMSGAIDTTSTTVHWMMYELAKH 346
                            799***************************99 PP

>> sp|P15392|CP2A4_MOUSE  Cytochrome P450 2A4 OS=Mus musculus OX=10090 GN=Cyp2a4 PE=2 SV=3
   #    score  bias  c-Evalue  i-Evalue hmmfrom  hmm to    alifrom  ali to    envfrom  env to     acc
 ---   ------ ----- --------- --------- ------- -------    ------- -------    ------- -------    ----
   1 !   25.6   1.0   3.5e-07   1.6e-06       2      33 .]     289     320 ..     288     320 .. 0.93

  Alignments for each domain:
  == domain 1  score: 25.6 bits;  conditional E-value: 3.5e-07
        ihelix_seed_hmm   2 eelvalvllLlvAGheTTtnaiswalllLlrh 33 
                            ++lv + l+L++AG+eT+++++++++llL ++
  sp|P15392|CP2A4_MOUSE 289 KNLVLTTLNLFFAGTETVSTTLRYGFLLLMKY 320
                            7899999**********************875 PP

>> sp|P05179|CP2C7_RAT  Cytochrome P450 2C7 OS=Rattus norvegicus OX=10116 GN=Cyp2c7 PE=1 SV=2
   #    score  bias  c-Evalue  i-Evalue hmmfrom  hmm to    alifrom  ali to    envfrom  env to     acc
 ---   ------ ----- --------- --------- ------- -------    ------- -------    ------- -------    ----
   1 !   24.5   0.3   8.1e-07   3.7e-06       2      33 .]     285     316 ..     284     316 .. 0.89

  Alignments for each domain:
  == domain 1  score: 24.5 bits;  conditional E-value: 8.1e-07
      ihelix_seed_hmm   2 eelvalvllLlvAGheTTtnaiswalllLlrh 33 
                          e+l+  +++L+ AG+eT+++++++alllL ++
  sp|P05179|CP2C7_RAT 285 ENLTCSIMDLIGAGTETMSTTLRYALLLLMKY 316
                          6666679**********************875 PP

>> sp|L7WME9|NOTG_ASPVE  Cytochrome P450 monooxygenase notG' OS=Aspergillus versicolor OX=46472 GN=notG' PE=1 SV=1
   #    score  bias  c-Evalue  i-Evalue hmmfrom  hmm to    alifrom  ali to    envfrom  env to     acc
 ---   ------ ----- --------- --------- ------- -------    ------- -------    ------- -------    ----
   1 !   24.1   0.7     1e-06   4.8e-06       7      33 .]     340     366 ..     337     366 .. 0.94

  Alignments for each domain:
  == domain 1  score: 24.1 bits;  conditional E-value: 1e-06
       ihelix_seed_hmm   7 lvllLlvAGheTTtnaiswalllLlrh 33 
                            ++l+ +AG +TT++a+++++++L+rh
  sp|L7WME9|NOTG_ASPVE 340 DAMLVVTAGSDTTATALTSVVYELARH 366
                           6899**********************9 PP

>> sp|Q9V769|C6A22_DROME  Cytochrome P450 6a22 OS=Drosophila melanogaster OX=7227 GN=Cyp6a22 PE=2 SV=1
   #    score  bias  c-Evalue  i-Evalue hmmfrom  hmm to    alifrom  ali to    envfrom  env to     acc
 ---   ------ ----- --------- --------- ------- -------    ------- -------    ------- -------    ----
   1 !   24.2   0.1     1e-06   4.6e-06       2      32 ..     286     316 ..     285     317 .. 0.93

  Alignments for each domain:
  == domain 1  score: 24.2 bits;  conditional E-value: 1e-06
        ihelix_seed_hmm   2 eelvalvllLlvAGheTTtnaiswalllLlr 32 
                            ee +a++  +++AG +T+++++++al++L++
  sp|Q9V769|C6A22_DROME 286 EEMAAQAFIFFAAGFDTSASTLGFALYELAK 316
                            67789999*********************96 PP

>> sp|Q4R8S6|CP51A_MACFA  Lanosterol 14-alpha demethylase OS=Macaca fascicularis OX=9541 GN=CYP51A1 PE=2 SV=3
   #    score  bias  c-Evalue  i-Evalue hmmfrom  hmm to    alifrom  ali to    envfrom  env to     acc
 ---   ------ ----- --------- --------- ------- -------    ------- -------    ------- -------    ----
   1 !   24.1   0.3     1e-06   4.7e-06       1      32 [.     304     335 ..     304     336 .. 0.96

  Alignments for each domain:
  == domain 1  score: 24.1 bits;  conditional E-value: 1e-06
        ihelix_seed_hmm   1 deelvalvllLlvAGheTTtnaiswalllLlr 32 
                            d+e++++ + Ll+AG++T++++++w+ ++L+r
  sp|Q4R8S6|CP51A_MACFA 304 DDEVAGMLIGLLLAGQHTSSTTSAWMGFFLAR 335
                            79************************999998 PP

>> sp|P55544|CPXP_SINFN  Cytochrome P450 BJ-1 homolog OS=Sinorhizobium fredii (strain NBRC 101917 / NGR234) OX=394 GN=cy
   #    score  bias  c-Evalue  i-Evalue hmmfrom  hmm to    alifrom  ali to    envfrom  env to     acc
 ---   ------ ----- --------- --------- ------- -------    ------- -------    ------- -------    ----
   1 !   24.4   0.3   8.6e-07   3.9e-06       1      33 []     223     255 ..     223     255 .. 0.98

  Alignments for each domain:
  == domain 1  score: 24.4 bits;  conditional E-value: 8.6e-07
       ihelix_seed_hmm   1 deelvalvllLlvAGheTTtnaiswalllLlrh 33 
                           +ee+++l+  +lvAGhe T+  i ++ll++lrh
  sp|P55544|CPXP_SINFN 223 EEEAIGLAAGMLVAGHESTVAQIEFGLLAMLRH 255
                           69******************************9 PP

>> sp|Q9QYG6|CP2DR_MESAU  Cytochrome P450 2D27 OS=Mesocricetus auratus OX=10036 GN=CYP2D27 PE=1 SV=1
   #    score  bias  c-Evalue  i-Evalue hmmfrom  hmm to    alifrom  ali to    envfrom  env to     acc
 ---   ------ ----- --------- --------- ------- -------    ------- -------    ------- -------    ----
   1 !   25.6   1.9   3.6e-07   1.7e-06       1      33 []     295     327 ..     295     327 .. 0.94

  Alignments for each domain:
  == domain 1  score: 25.6 bits;  conditional E-value: 3.6e-07
        ihelix_seed_hmm   1 deelvalvllLlvAGheTTtnaiswalllLlrh 33 
                            de+l+  v ++++AG+ TT++++swalll++ h
  sp|Q9QYG6|CP2DR_MESAU 295 DENLRMVVADMFIAGMVTTSTTLSWALLLMILH 327
                            78899999**********************987 PP

>> sp|Q54LT7|C519E_DICDI  Probable cytochrome P450 519E1 OS=Dictyostelium discoideum OX=44689 GN=cyp519E1 PE=3 SV=1
   #    score  bias  c-Evalue  i-Evalue hmmfrom  hmm to    alifrom  ali to    envfrom  env to     acc
 ---   ------ ----- --------- --------- ------- -------    ------- -------    ------- -------    ----
   1 !   24.4   0.1   8.4e-07   3.8e-06       2      33 .]     280     311 ..     279     311 .. 0.94

  Alignments for each domain:
  == domain 1  score: 24.4 bits;  conditional E-value: 8.4e-07
        ihelix_seed_hmm   2 eelvalvllLlvAGheTTtnaiswalllLlrh 33 
                            +++++  +++l+AG +T ++++ w++++L+++
  sp|Q54LT7|C519E_DICDI 280 DMVIHVSTDFLLAGSDTNASTLEWFCIFLANN 311
                            7889999***********************97 PP

>> sp|Q9FI39|THAD_ARATH  Cytochrome P450 705A5 OS=Arabidopsis thaliana OX=3702 GN=CYP705A5 PE=2 SV=1
   #    score  bias  c-Evalue  i-Evalue hmmfrom  hmm to    alifrom  ali to    envfrom  env to     acc
 ---   ------ ----- --------- --------- ------- -------    ------- -------    ------- -------    ----
   1 !   24.4   0.0   8.8e-07     4e-06       2      33 .]     300     331 ..     299     331 .. 0.93

  Alignments for each domain:
  == domain 1  score: 24.4 bits;  conditional E-value: 8.8e-07
       ihelix_seed_hmm   2 eelvalvllLlvAGheTTtnaiswalllLlrh 33 
                           +++++l+++L+ AG+e+++n+i w++ + +++
  sp|Q9FI39|THAD_ARATH 300 DQIKSLFVDLFSAGTEASANTIQWTMAEIIKN 331
                           789***********************998876 PP

>> sp|Q9NGX9|CP302_DROME  Cytochrome P450 302a1, mitochondrial OS=Drosophila melanogaster OX=7227 GN=dib PE=2 SV=2
   #    score  bias  c-Evalue  i-Evalue hmmfrom  hmm to    alifrom  ali to    envfrom  env to     acc
 ---   ------ ----- --------- --------- ------- -------    ------- -------    ------- -------    ----
   1 !   24.5   0.1   7.7e-07   3.5e-06       2      33 .]     284     315 ..     283     315 .. 0.95

  Alignments for each domain:
  == domain 1  score: 24.5 bits;  conditional E-value: 7.7e-07
        ihelix_seed_hmm   2 eelvalvllLlvAGheTTtnaiswalllLlrh 33 
                            +++v+++ +Ll+AG++TT++a+++ l++ +r+
  sp|Q9NGX9|CP302_DROME 284 SDVVGTAADLLLAGIDTTSYASAFLLYHIARN 315
                            5799**************************98 PP

>> sp|Q5RE72|CP51A_PONAB  Lanosterol 14-alpha demethylase OS=Pongo abelii OX=9601 GN=CYP51A1 PE=2 SV=3
   #    score  bias  c-Evalue  i-Evalue hmmfrom  hmm to    alifrom  ali to    envfrom  env to     acc
 ---   ------ ----- --------- --------- ------- -------    ------- -------    ------- -------    ----
   1 !   24.1   0.3     1e-06   4.7e-06       1      32 [.     304     335 ..     304     336 .. 0.96

  Alignments for each domain:
  == domain 1  score: 24.1 bits;  conditional E-value: 1e-06
        ihelix_seed_hmm   1 deelvalvllLlvAGheTTtnaiswalllLlr 32 
                            d+e++++ + Ll+AG++T++++++w+ ++L+r
  sp|Q5RE72|CP51A_PONAB 304 DDEVAGMLIGLLLAGQHTSSTTSAWMGFFLAR 335
                            79************************999998 PP

>> sp|A0A455R5H4|ASCE_ACREG  Bifunctional cytochrome P450/NADPH--P450 reductase ascE OS=Acremonium egyptiacum OX=749675 
   #    score  bias  c-Evalue  i-Evalue hmmfrom  hmm to    alifrom  ali to    envfrom  env to     acc
 ---   ------ ----- --------- --------- ------- -------    ------- -------    ------- -------    ----
   1 !   25.5   0.5   3.9e-07   1.8e-06       5      32 ..     258     285 ..     254     286 .. 0.91

  Alignments for each domain:
  == domain 1  score: 25.5 bits;  conditional E-value: 3.9e-07
           ihelix_seed_hmm   5 valvllLlvAGheTTtnaiswalllLlr 32 
                               +++ +++l+AGheTT+ ++s+ +++Ll+
  sp|A0A455R5H4|ASCE_ACREG 258 INNLIVFLIAGHETTSGLLSFLFYYLLT 285
                               68899*********************98 PP

>> sp|Q05047|SLS1_CATRO  Secologanin synthase 1 OS=Catharanthus roseus OX=4058 GN=SLS1 PE=1 SV=1
   #    score  bias  c-Evalue  i-Evalue hmmfrom  hmm to    alifrom  ali to    envfrom  env to     acc
 ---   ------ ----- --------- --------- ------- -------    ------- -------    ------- -------    ----
   1 !   23.8   0.0   1.3e-06   5.8e-06      10      33 .]     328     351 ..     320     351 .. 0.90

  Alignments for each domain:
  == domain 1  score: 23.8 bits;  conditional E-value: 1.3e-06
       ihelix_seed_hmm  10 lLlvAGheTTtnaiswalllLlrh 33 
                           l+++AG+eTT+ +++w+++lL++h
  sp|Q05047|SLS1_CATRO 328 LFYFAGQETTGVLLTWTTILLSKH 351
                           89********************99 PP

>> sp|P24462|CP3A7_HUMAN  Cytochrome P450 3A7 OS=Homo sapiens OX=9606 GN=CYP3A7 PE=1 SV=3
   #    score  bias  c-Evalue  i-Evalue hmmfrom  hmm to    alifrom  ali to    envfrom  env to     acc
 ---   ------ ----- --------- --------- ------- -------    ------- -------    ------- -------    ----
   1 !   24.4   0.2   8.4e-07   3.8e-06       3      33 .]     294     324 ..     292     324 .. 0.92

  Alignments for each domain:
  == domain 1  score: 24.4 bits;  conditional E-value: 8.4e-07
        ihelix_seed_hmm   3 elvalvllLlvAGheTTtnaiswalllLlrh 33 
                            el a+ + +++AG eTT++++s+++++L++h
  sp|P24462|CP3A7_HUMAN 294 ELMAQSIIFIFAGYETTSSVLSFIIYELATH 324
                            67788899**********************9 PP

>> sp|Q29488|CP2DH_MACFA  Cytochrome P450 2D17 OS=Macaca fascicularis OX=9541 GN=CYP2D17 PE=2 SV=1
   #    score  bias  c-Evalue  i-Evalue hmmfrom  hmm to    alifrom  ali to    envfrom  env to     acc
 ---   ------ ----- --------- --------- ------- -------    ------- -------    ------- -------    ----
   1 !   24.3   2.2   9.3e-07   4.2e-06       2      33 .]     293     324 ..     292     324 .. 0.92

  Alignments for each domain:
  == domain 1  score: 24.3 bits;  conditional E-value: 9.3e-07
        ihelix_seed_hmm   2 eelvalvllLlvAGheTTtnaiswalllLlrh 33 
                            e+l+  v +L+ AG+ TT+++++w+lll++ h
  sp|Q29488|CP2DH_MACFA 293 ENLRMVVADLFSAGMVTTSTTLAWGLLLMILH 324
                            78888899*********************987 PP

>> sp|Q16850|CP51A_HUMAN  Lanosterol 14-alpha demethylase OS=Homo sapiens OX=9606 GN=CYP51A1 PE=1 SV=4
   #    score  bias  c-Evalue  i-Evalue hmmfrom  hmm to    alifrom  ali to    envfrom  env to     acc
 ---   ------ ----- --------- --------- ------- -------    ------- -------    ------- -------    ----
   1 !   24.1   0.3     1e-06   4.7e-06       1      32 [.     304     335 ..     304     336 .. 0.96

  Alignments for each domain:
  == domain 1  score: 24.1 bits;  conditional E-value: 1e-06
        ihelix_seed_hmm   1 deelvalvllLlvAGheTTtnaiswalllLlr 32 
                            d+e++++ + Ll+AG++T++++++w+ ++L+r
  sp|Q16850|CP51A_HUMAN 304 DDEVAGMLIGLLLAGQHTSSTTSAWMGFFLAR 335
                            79************************999998 PP

>> sp|Q4PJW3|CP51A_BOVIN  Lanosterol 14-alpha demethylase OS=Bos taurus OX=9913 GN=CYP51A1 PE=2 SV=1
   #    score  bias  c-Evalue  i-Evalue hmmfrom  hmm to    alifrom  ali to    envfrom  env to     acc
 ---   ------ ----- --------- --------- ------- -------    ------- -------    ------- -------    ----
   1 !   24.1   0.3     1e-06   4.6e-06       1      32 [.     297     328 ..     297     329 .. 0.96

  Alignments for each domain:
  == domain 1  score: 24.1 bits;  conditional E-value: 1e-06
        ihelix_seed_hmm   1 deelvalvllLlvAGheTTtnaiswalllLlr 32 
                            d+e++++ + Ll+AG++T++++++w+ ++L+r
  sp|Q4PJW3|CP51A_BOVIN 297 DDEVAGMLIGLLLAGQHTSSTTSAWMGFFLAR 328
                            79************************999998 PP

>> sp|P58045|C71AE_ARATH  Cytochrome P450 71A14 OS=Arabidopsis thaliana OX=3702 GN=CYP71A14 PE=2 SV=1
   #    score  bias  c-Evalue  i-Evalue hmmfrom  hmm to    alifrom  ali to    envfrom  env to     acc
 ---   ------ ----- --------- --------- ------- -------    ------- -------    ------- -------    ----
   1 !   24.0   0.2   1.2e-06   5.3e-06       2      33 .]     287     318 ..     286     318 .. 0.95

  Alignments for each domain:
  == domain 1  score: 24.0 bits;  conditional E-value: 1.2e-06
        ihelix_seed_hmm   2 eelvalvllLlvAGheTTtnaiswalllLlrh 33 
                            ++++ l+l++++AG+eTT  ++ w++ +L+rh
  sp|P58045|C71AE_ARATH 287 SDIKFLILDMFLAGTETTYALLEWIMTELIRH 318
                            57999**************************9 PP

>> sp|P23296|CPXG_STRSQ  Cytochrome P450 105C1 OS=Streptomyces sp OX=1931 GN=cyp105C1 PE=3 SV=1
   #    score  bias  c-Evalue  i-Evalue hmmfrom  hmm to    alifrom  ali to    envfrom  env to     acc
 ---   ------ ----- --------- --------- ------- -------    ------- -------    ------- -------    ----
   1 !   24.3   2.1     9e-07   4.1e-06       1      33 []     206     238 ..     206     238 .. 0.97

  Alignments for each domain:
  == domain 1  score: 24.3 bits;  conditional E-value: 9e-07
       ihelix_seed_hmm   1 deelvalvllLlvAGheTTtnaiswalllLlrh 33 
                           deel++++ lLlvAGh TT+  i+ + +lLl+h
  sp|P23296|CPXG_STRSQ 206 DEELASIAFLLLVAGHGTTAHQIALGAFLLLEH 238
                           89*****************************98 PP

>> sp|Q9Y757|CP52L_DEBHN  Cytochrome P450 52A12 OS=Debaryomyces hansenii OX=4959 GN=CYP52A12 PE=2 SV=2
   #    score  bias  c-Evalue  i-Evalue hmmfrom  hmm to    alifrom  ali to    envfrom  env to     acc
 ---   ------ ----- --------- --------- ------- -------    ------- -------    ------- -------    ----
   1 !   24.0   0.1   1.1e-06     5e-06       4      33 .]     306     335 ..     306     335 .. 0.95

  Alignments for each domain:
  == domain 1  score: 24.0 bits;  conditional E-value: 1.1e-06
        ihelix_seed_hmm   4 lvalvllLlvAGheTTtnaiswalllLlrh 33 
                            l+++ l++l+AG +TT+ ++s+++++L+r+
  sp|Q9Y757|CP52L_DEBHN 306 LRDQLLNILLAGRDTTAGLLSFTFYELARN 335
                            68899************************8 PP

>> sp|Q43067|TCMO_PEA  Trans-cinnamate 4-monooxygenase OS=Pisum sativum OX=3888 GN=CYP73A9 PE=2 SV=2
   #    score  bias  c-Evalue  i-Evalue hmmfrom  hmm to    alifrom  ali to    envfrom  env to     acc
 ---   ------ ----- --------- --------- ------- -------    ------- -------    ------- -------    ----
   1 !   24.2   0.2     1e-06   4.6e-06       1      33 []     293     325 ..     293     325 .. 0.97

  Alignments for each domain:
  == domain 1  score: 24.2 bits;  conditional E-value: 1e-06
     ihelix_seed_hmm   1 deelvalvllLlvAGheTTtnaiswalllLlrh 33 
                         d++++++v ++ vA++eTT ++i w++ +L++h
  sp|Q43067|TCMO_PEA 293 DDNVLYIVENINVAAIETTLWSIEWGIAELVNH 325
                         7999***************************98 PP

>> sp|P33006|CPXL_PSESP  Cytochrome P450-terp OS=Pseudomonas sp OX=306 GN=cyp108 PE=1 SV=1
   #    score  bias  c-Evalue  i-Evalue hmmfrom  hmm to    alifrom  ali to    envfrom  env to     acc
 ---   ------ ----- --------- --------- ------- -------    ------- -------    ------- -------    ----
   1 !   24.1   0.0     1e-06   4.7e-06       1      33 []     254     286 ..     254     286 .. 0.96

  Alignments for each domain:
  == domain 1  score: 24.1 bits;  conditional E-value: 1e-06
       ihelix_seed_hmm   1 deelvalvllLlvAGheTTtnaiswalllLlrh 33 
                           d+++ a+ +++ +AGh+TT+++++ a++ L+r+
  sp|P33006|CPXL_PSESP 254 DKYINAYYVAIATAGHDTTSSSSGGAIIGLSRN 286
                           68999**************************98 PP

>> sp|P00180|CP2C1_RABIT  Cytochrome P450 2C1 OS=Oryctolagus cuniculus OX=9986 GN=CYP2C1 PE=1 SV=2
   #    score  bias  c-Evalue  i-Evalue hmmfrom  hmm to    alifrom  ali to    envfrom  env to     acc
 ---   ------ ----- --------- --------- ------- -------    ------- -------    ------- -------    ----
   1 !   24.0   1.3   1.1e-06   5.2e-06       7      33 .]     290     316 ..     285     316 .. 0.89

  Alignments for each domain:
  == domain 1  score: 24.0 bits;  conditional E-value: 1.1e-06
        ihelix_seed_hmm   7 lvllLlvAGheTTtnaiswalllLlrh 33 
                            +  +++ AG+eTT+++++++lllL +h
  sp|P00180|CP2C1_RABIT 290 TLSDVFGAGTETTSTTLRYGLLLLMKH 316
                            66789*******************998 PP

>> sp|O46420|CP51A_PIG  Lanosterol 14-alpha demethylase OS=Sus scrofa OX=9823 GN=CYP51A1 PE=2 SV=1
   #    score  bias  c-Evalue  i-Evalue hmmfrom  hmm to    alifrom  ali to    envfrom  env to     acc
 ---   ------ ----- --------- --------- ------- -------    ------- -------    ------- -------    ----
   1 !   24.1   0.3     1e-06   4.6e-06       1      32 [.     298     329 ..     298     330 .. 0.96

  Alignments for each domain:
  == domain 1  score: 24.1 bits;  conditional E-value: 1e-06
      ihelix_seed_hmm   1 deelvalvllLlvAGheTTtnaiswalllLlr 32 
                          d+e++++ + Ll+AG++T++++++w+ ++L+r
  sp|O46420|CP51A_PIG 298 DDEVAGMLIGLLLAGQHTSSTTSAWMGFFLAR 329
                          79************************999998 PP

>> sp|W8JWW3|CA225_CATRO  Cytochrome P450 72A225 OS=Catharanthus roseus OX=4058 GN=CYP72A225 PE=2 SV=1
   #    score  bias  c-Evalue  i-Evalue hmmfrom  hmm to    alifrom  ali to    envfrom  env to     acc
 ---   ------ ----- --------- --------- ------- -------    ------- -------    ------- -------    ----
   1 !   24.2   0.0     1e-06   4.6e-06       3      33 .]     337     367 ..     336     367 .. 0.90

  Alignments for each domain:
  == domain 1  score: 24.2 bits;  conditional E-value: 1e-06
        ihelix_seed_hmm   3 elvalvllLlvAGheTTtnaiswalllLlrh 33 
                            e++  + l+++AG+eTT+ ++ w+lllL++h
  sp|W8JWW3|CA225_CATRO 337 EVIEECKLFYFAGQETTAVLLVWTLLLLSKH 367
                            66667779*********************99 PP

>> sp|Q9VA27|CP4C3_DROME  Cytochrome P450 4c3 OS=Drosophila melanogaster OX=7227 GN=Cyp4c3 PE=2 SV=1
   #    score  bias  c-Evalue  i-Evalue hmmfrom  hmm to    alifrom  ali to    envfrom  env to     acc
 ---   ------ ----- --------- --------- ------- -------    ------- -------    ------- -------    ----
   1 !   25.3   0.1   4.5e-07   2.1e-06       2      30 ..     330     358 ..     329     358 .. 0.94

  Alignments for each domain:
  == domain 1  score: 25.3 bits;  conditional E-value: 4.5e-07
        ihelix_seed_hmm   2 eelvalvllLlvAGheTTtnaiswalllL 30 
                            e+++  v ++++ Gh+TT+ aisw+l+lL
  sp|Q9VA27|CP4C3_DROME 330 EDIREEVDTFMFEGHDTTSAAISWTLFLL 358
                            7899999********************98 PP

>> sp|P10614|CP51_YEAST  Lanosterol 14-alpha demethylase CYP51 OS=Saccharomyces cerevisiae (strain ATCC 204508 / S288c) 
   #    score  bias  c-Evalue  i-Evalue hmmfrom  hmm to    alifrom  ali to    envfrom  env to     acc
 ---   ------ ----- --------- --------- ------- -------    ------- -------    ------- -------    ----
   1 !   24.4   0.4   8.7e-07     4e-06       1      32 [.     301     332 ..     301     333 .. 0.96

  Alignments for each domain:
  == domain 1  score: 24.4 bits;  conditional E-value: 8.7e-07
       ihelix_seed_hmm   1 deelvalvllLlvAGheTTtnaiswalllLlr 32 
                           d+e+++l + +l++G++T++ +++w+ll+L++
  sp|P10614|CP51_YEAST 301 DQEIANLLIGVLMGGQHTSAATSAWILLHLAE 332
                           79****************************96 PP

>> sp|Q27518|C13A2_CAEEL  Putative cytochrome P450 CYP13A2 OS=Caenorhabditis elegans OX=6239 GN=cyp-13A2 PE=3 SV=1
   #    score  bias  c-Evalue  i-Evalue hmmfrom  hmm to    alifrom  ali to    envfrom  env to     acc
 ---   ------ ----- --------- --------- ------- -------    ------- -------    ------- -------    ----
   1 !   23.7   0.1   1.4e-06   6.5e-06       2      31 ..     311     340 ..     310     342 .. 0.96

  Alignments for each domain:
  == domain 1  score: 23.7 bits;  conditional E-value: 1.4e-06
        ihelix_seed_hmm   2 eelvalvllLlvAGheTTtnaiswalllLl 31 
                            +e+v+++ l+l++G +TT+ ++s++++lL+
  sp|Q27518|C13A2_CAEEL 311 DEVVGQCFLFLIGGFDTTALSLSYVTYLLA 340
                            89***************************8 PP

>> sp|Q64410|CP17A_CAVPO  Steroid 17-alpha-hydroxylase/17,20 lyase OS=Cavia porcellus OX=10141 GN=CYP17A1 PE=1 SV=1
   #    score  bias  c-Evalue  i-Evalue hmmfrom  hmm to    alifrom  ali to    envfrom  env to     acc
 ---   ------ ----- --------- --------- ------- -------    ------- -------    ------- -------    ----
   1 !   23.6   0.3   1.5e-06   6.7e-06       1      33 []     289     321 ..     289     321 .. 0.96

  Alignments for each domain:
  == domain 1  score: 23.6 bits;  conditional E-value: 1.5e-06
        ihelix_seed_hmm   1 deelvalvllLlvAGheTTtnaiswalllLlrh 33 
                            d++++ +  +++ AG+eT++++  w++ +Ll++
  sp|Q64410|CP17A_CAVPO 289 DKHILTTLGDIFGAGVETSSSVVLWVIAFLLHN 321
                            789****************************87 PP

>> sp|Q9LVD6|C81F2_ARATH  Cytochrome P450 81F2 OS=Arabidopsis thaliana OX=3702 GN=CYP81F2 PE=2 SV=1
   #    score  bias  c-Evalue  i-Evalue hmmfrom  hmm to    alifrom  ali to    envfrom  env to     acc
 ---   ------ ----- --------- --------- ------- -------    ------- -------    ------- -------    ----
   1 !   24.0   0.3   1.1e-06     5e-06       4      32 ..     285     313 ..     285     314 .. 0.95

  Alignments for each domain:
  == domain 1  score: 24.0 bits;  conditional E-value: 1.1e-06
        ihelix_seed_hmm   4 lvalvllLlvAGheTTtnaiswalllLlr 32 
                            +++l+l++++AG++T++ ++ wa+  Ll+
  sp|Q9LVD6|C81F2_ARATH 285 IKGLMLSMMLAGTDTAAVTLEWAMANLLK 313
                            689************************97 PP

>> sp|Q42797|TCMO_SOYBN  Trans-cinnamate 4-monooxygenase OS=Glycine max OX=3847 GN=CYP73A11 PE=2 SV=1
   #    score  bias  c-Evalue  i-Evalue hmmfrom  hmm to    alifrom  ali to    envfrom  env to     acc
 ---   ------ ----- --------- --------- ------- -------    ------- -------    ------- -------    ----
   1 !   23.4   0.2   1.8e-06   8.3e-06       2      33 .]     295     326 ..     294     326 .. 0.95

  Alignments for each domain:
  == domain 1  score: 23.4 bits;  conditional E-value: 1.8e-06
       ihelix_seed_hmm   2 eelvalvllLlvAGheTTtnaiswalllLlrh 33 
                           ++++++v ++ vA++eTT ++i w++ +L++h
  sp|Q42797|TCMO_SOYBN 295 DNVLYIVENINVAAIETTLWSIEWGIAELVNH 326
                           89999*************************98 PP

>> sp|P05180|CP2H1_CHICK  Cytochrome P450 2H1 OS=Gallus gallus OX=9031 GN=CYP2H1 PE=2 SV=1
   #    score  bias  c-Evalue  i-Evalue hmmfrom  hmm to    alifrom  ali to    envfrom  env to     acc
 ---   ------ ----- --------- --------- ------- -------    ------- -------    ------- -------    ----
   1 !   24.3   2.3     9e-07   4.1e-06       2      33 .]     286     317 ..     285     317 .. 0.94

  Alignments for each domain:
  == domain 1  score: 24.3 bits;  conditional E-value: 9e-07
        ihelix_seed_hmm   2 eelvalvllLlvAGheTTtnaiswalllLlrh 33 
                            e l+++ l+L++AG+ TT+++++++ll Ll+h
  sp|P05180|CP2H1_CHICK 286 ESLTRTTLDLFLAGTGTTSTTLRYGLLILLKH 317
                            5688999***********************99 PP

>> sp|O46658|CP2DP_PIG  Vitamin D(3) 25-hydroxylase OS=Sus scrofa OX=9823 GN=CYP2D25 PE=1 SV=3
   #    score  bias  c-Evalue  i-Evalue hmmfrom  hmm to    alifrom  ali to    envfrom  env to     acc
 ---   ------ ----- --------- --------- ------- -------    ------- -------    ------- -------    ----
   1 !   23.5   3.8   1.6e-06   7.2e-06       1      33 []     295     327 ..     295     327 .. 0.96

  Alignments for each domain:
  == domain 1  score: 23.5 bits;  conditional E-value: 1.6e-06
      ihelix_seed_hmm   1 deelvalvllLlvAGheTTtnaiswalllLlrh 33 
                          de+l+  v  L+ AG+ TT+++++walll++ h
  sp|O46658|CP2DP_PIG 295 DENLRLVVAHLFSAGMITTSTTLAWALLLMILH 327
                          7999**************************987 PP

>> sp|Q43068|C82A1_PEA  Cytochrome P450 82A1 (Fragment) OS=Pisum sativum OX=3888 GN=CYP82A1 PE=2 SV=2
   #    score  bias  c-Evalue  i-Evalue hmmfrom  hmm to    alifrom  ali to    envfrom  env to     acc
 ---   ------ ----- --------- --------- ------- -------    ------- -------    ------- -------    ----
   1 !   23.5   1.1   1.6e-06   7.3e-06       4      33 .]     330     359 ..     330     359 .. 0.94

  Alignments for each domain:
  == domain 1  score: 23.5 bits;  conditional E-value: 1.6e-06
      ihelix_seed_hmm   4 lvalvllLlvAGheTTtnaiswalllLlrh 33 
                          ++a+ l+L+++G +TT+ +++wa+ lLl+h
  sp|Q43068|C82A1_PEA 330 IKATTLELILGGSDTTAGTLTWAMCLLLKH 359
                          578889**********************99 PP

>> sp|P37124|C77A2_SOLME  Cytochrome P450 77A2 OS=Solanum melongena OX=4111 GN=CYP77A2 PE=2 SV=1
   #    score  bias  c-Evalue  i-Evalue hmmfrom  hmm to    alifrom  ali to    envfrom  env to     acc
 ---   ------ ----- --------- --------- ------- -------    ------- -------    ------- -------    ----
   1 !   22.3   0.1   3.9e-06   1.8e-05       3      33 .]     304     334 ..     303     334 .. 0.94

  Alignments for each domain:
  == domain 1  score: 22.3 bits;  conditional E-value: 3.9e-06
        ihelix_seed_hmm   3 elvalvllLlvAGheTTtnaiswalllLlrh 33 
                            elv l+ ++l +G++TT++ai wa+  L+++
  sp|P37124|C77A2_SOLME 304 ELVTLCSEFLNGGTDTTATAIEWAIGRLIEN 334
                            89999*********************99987 PP

>> sp|P20678|CP2H2_CHICK  Cytochrome P450 2H2 OS=Gallus gallus OX=9031 GN=CYP2H2 PE=1 SV=1
   #    score  bias  c-Evalue  i-Evalue hmmfrom  hmm to    alifrom  ali to    envfrom  env to     acc
 ---   ------ ----- --------- --------- ------- -------    ------- -------    ------- -------    ----
   1 !   24.3   2.3     9e-07   4.1e-06       2      33 .]     286     317 ..     285     317 .. 0.94

  Alignments for each domain:
  == domain 1  score: 24.3 bits;  conditional E-value: 9e-07
        ihelix_seed_hmm   2 eelvalvllLlvAGheTTtnaiswalllLlrh 33 
                            e l+++ l+L++AG+ TT+++++++ll Ll+h
  sp|P20678|CP2H2_CHICK 286 ESLTRTTLDLFLAGTGTTSTTLRYGLLILLKH 317
                            5688999***********************99 PP

>> sp|Q50EK4|C75A1_PINTA  Cytochrome P450 750A1 OS=Pinus taeda OX=3352 GN=CYP750A1 PE=2 SV=1
   #    score  bias  c-Evalue  i-Evalue hmmfrom  hmm to    alifrom  ali to    envfrom  env to     acc
 ---   ------ ----- --------- --------- ------- -------    ------- -------    ------- -------    ----
   1 !   24.9   0.1   5.9e-07   2.7e-06      10      33 .]     316     339 ..     308     339 .. 0.94

  Alignments for each domain:
  == domain 1  score: 24.9 bits;  conditional E-value: 5.9e-07
        ihelix_seed_hmm  10 lLlvAGheTTtnaiswalllLlrh 33 
                            +L+ AG+eT++n++ wa+ +Llrh
  sp|Q50EK4|C75A1_PINTA 316 ELFSAGMETSANVLEWAMSELLRH 339
                            69*********************9 PP

>> sp|D5JBW8|GAO_CICIN  Germacrene A hydroxylase OS=Cichorium intybus OX=13427 PE=1 SV=1
   #    score  bias  c-Evalue  i-Evalue hmmfrom  hmm to    alifrom  ali to    envfrom  env to     acc
 ---   ------ ----- --------- --------- ------- -------    ------- -------    ------- -------    ----
   1 !   24.7   0.0   6.8e-07   3.1e-06       2      32 ..     281     311 ..     280     312 .. 0.95

  Alignments for each domain:
  == domain 1  score: 24.7 bits;  conditional E-value: 6.8e-07
      ihelix_seed_hmm   2 eelvalvllLlvAGheTTtnaiswalllLlr 32 
                          ++++a++l+++ AG++T++ +  wa+ +L+r
  sp|D5JBW8|GAO_CICIN 281 DNVKAIILDMFGAGTDTSSATVEWAISELIR 311
                          8999*************************98 PP

>> sp|Q6ZWL3|CP4V2_HUMAN  Cytochrome P450 4V2 OS=Homo sapiens OX=9606 GN=CYP4V2 PE=1 SV=2
   #    score  bias  c-Evalue  i-Evalue hmmfrom  hmm to    alifrom  ali to    envfrom  env to     acc
 ---   ------ ----- --------- --------- ------- -------    ------- -------    ------- -------    ----
   1 !   23.8   0.0   1.3e-06   6.1e-06       1      30 [.     316     345 ..     316     348 .. 0.94

  Alignments for each domain:
  == domain 1  score: 23.8 bits;  conditional E-value: 1.3e-06
        ihelix_seed_hmm   1 deelvalvllLlvAGheTTtnaiswalllL 30 
                            +e+++  v ++++ Gh+TT+ ai w+l+lL
  sp|Q6ZWL3|CP4V2_HUMAN 316 HEDIREEVDTFMFEGHDTTAAAINWSLYLL 345
                            6899999*********************99 PP

>> sp|U5NDT8|SLS2_CATRO  Secologanin synthase 2 OS=Catharanthus roseus OX=4058 GN=SLS2 PE=1 SV=1
   #    score  bias  c-Evalue  i-Evalue hmmfrom  hmm to    alifrom  ali to    envfrom  env to     acc
 ---   ------ ----- --------- --------- ------- -------    ------- -------    ------- -------    ----
   1 !   23.8   0.0   1.3e-06   5.8e-06      10      33 .]     328     351 ..     320     351 .. 0.90

  Alignments for each domain:
  == domain 1  score: 23.8 bits;  conditional E-value: 1.3e-06
       ihelix_seed_hmm  10 lLlvAGheTTtnaiswalllLlrh 33 
                           l+++AG+eTT+ +++w+++lL++h
  sp|U5NDT8|SLS2_CATRO 328 LFYFAGQETTGVLLTWTTILLSKH 351
                           89********************99 PP

>> sp|Q9WVK8|CP46A_MOUSE  Cholesterol 24-hydroxylase OS=Mus musculus OX=10090 GN=Cyp46a1 PE=1 SV=1
   #    score  bias  c-Evalue  i-Evalue hmmfrom  hmm to    alifrom  ali to    envfrom  env to     acc
 ---   ------ ----- --------- --------- ------- -------    ------- -------    ------- -------    ----
   1 !   23.8   0.1   1.3e-06   5.9e-06       4      32 ..     292     320 ..     289     321 .. 0.92

  Alignments for each domain:
  == domain 1  score: 23.8 bits;  conditional E-value: 1.3e-06
        ihelix_seed_hmm   4 lvalvllLlvAGheTTtnaiswalllLlr 32 
                            l+++++++++AGheT++n +++++++L+r
  sp|Q9WVK8|CP46A_MOUSE 292 LLDNFVTFFIAGHETSANHLAFTVMELSR 320
                            78899**********************97 PP

>> sp|Q9LZ31|C77A4_ARATH  Cytochrome P450 77A4 OS=Arabidopsis thaliana OX=3702 GN=CYP77A4 PE=2 SV=1
   #    score  bias  c-Evalue  i-Evalue hmmfrom  hmm to    alifrom  ali to    envfrom  env to     acc
 ---   ------ ----- --------- --------- ------- -------    ------- -------    ------- -------    ----
   1 !   23.7   0.3   1.4e-06   6.4e-06       2      33 .]     302     333 ..     301     333 .. 0.95

  Alignments for each domain:
  == domain 1  score: 23.7 bits;  conditional E-value: 1.4e-06
        ihelix_seed_hmm   2 eelvalvllLlvAGheTTtnaiswalllLlrh 33 
                            eelv l+ ++l +G++TT++ai w++  L+ +
  sp|Q9LZ31|C77A4_ARATH 302 EELVTLCSEFLNGGTDTTGTAIEWGIAQLIAN 333
                            89**************************9876 PP

>> sp|Q09J78|ABAH2_ORYSI  Abscisic acid 8'-hydroxylase 2 OS=Oryza sativa subsp. indica OX=39946 GN=CYP707A6 PE=2 SV=1
   #    score  bias  c-Evalue  i-Evalue hmmfrom  hmm to    alifrom  ali to    envfrom  env to     acc
 ---   ------ ----- --------- --------- ------- -------    ------- -------    ------- -------    ----
   1 !   23.8   0.0   1.3e-06   5.9e-06       1      30 [.     287     316 ..     287     317 .. 0.96

  Alignments for each domain:
  == domain 1  score: 23.8 bits;  conditional E-value: 1.3e-06
        ihelix_seed_hmm   1 deelvalvllLlvAGheTTtnaiswalllL 30 
                            d++++++v+ +l+A+++TT+++++w+l +L
  sp|Q09J78|ABAH2_ORYSI 287 DDQIADNVVGVLFAAQDTTASVLTWILKYL 316
                            799***********************9887 PP

>> sp|P22680|CP7A1_HUMAN  Cytochrome P450 7A1 OS=Homo sapiens OX=9606 GN=CYP7A1 PE=1 SV=2
   #    score  bias  c-Evalue  i-Evalue hmmfrom  hmm to    alifrom  ali to    envfrom  env to     acc
 ---   ------ ----- --------- --------- ------- -------    ------- -------    ------- -------    ----
   1 !   23.8   0.0   1.3e-06   5.8e-06       2      33 .]     273     304 ..     272     304 .. 0.95

  Alignments for each domain:
  == domain 1  score: 23.8 bits;  conditional E-value: 1.3e-06
        ihelix_seed_hmm   2 eelvalvllLlvAGheTTtnaiswalllLlrh 33 
                             e+++++l++l+A +++T +a++w+l+ ++r+
  sp|P22680|CP7A1_HUMAN 273 LEKAKTHLVVLWASQANTIPATFWSLFQMIRN 304
                            58999*************************98 PP

>> sp|Q9ZAU3|DOXA_STRPE  Cytochrome P-450 monooxygenase DoxA OS=Streptomyces peucetius OX=1950 GN=doxA PE=1 SV=1
   #    score  bias  c-Evalue  i-Evalue hmmfrom  hmm to    alifrom  ali to    envfrom  env to     acc
 ---   ------ ----- --------- --------- ------- -------    ------- -------    ------- -------    ----
   1 !   24.0   0.2   1.2e-06   5.3e-06       1      25 [.     241     265 ..     241     269 .. 0.92

  Alignments for each domain:
  == domain 1  score: 24.0 bits;  conditional E-value: 1.2e-06
       ihelix_seed_hmm   1 deelvalvllLlvAGheTTtnaisw 25 
                           d++lv++++ L++AGh+TT++++++
  sp|Q9ZAU3|DOXA_STRPE 241 DDQLVYMITGLIFAGHDTTGSFLGF 265
                           799*******************997 PP

>> sp|Q6ZDE3|ABAH2_ORYSJ  Abscisic acid 8'-hydroxylase 2 OS=Oryza sativa subsp. japonica OX=39947 GN=CYP707A6 PE=2 SV=1
   #    score  bias  c-Evalue  i-Evalue hmmfrom  hmm to    alifrom  ali to    envfrom  env to     acc
 ---   ------ ----- --------- --------- ------- -------    ------- -------    ------- -------    ----
   1 !   23.8   0.0   1.3e-06     6e-06       1      30 [.     291     320 ..     291     321 .. 0.96

  Alignments for each domain:
  == domain 1  score: 23.8 bits;  conditional E-value: 1.3e-06
        ihelix_seed_hmm   1 deelvalvllLlvAGheTTtnaiswalllL 30 
                            d++++++v+ +l+A+++TT+++++w+l +L
  sp|Q6ZDE3|ABAH2_ORYSJ 291 DDQIADNVVGVLFAAQDTTASVLTWILKYL 320
                            799***********************9887 PP

>> sp|U5NE19|7DLH_CATRO  7-deoxyloganic acid hydroxylase OS=Catharanthus roseus OX=4058 GN=7DLH PE=1 SV=1
   #    score  bias  c-Evalue  i-Evalue hmmfrom  hmm to    alifrom  ali to    envfrom  env to     acc
 ---   ------ ----- --------- --------- ------- -------    ------- -------    ------- -------    ----
   1 !   23.9   0.0   1.2e-06   5.6e-06       3      32 ..     320     349 ..     320     350 .. 0.95

  Alignments for each domain:
  == domain 1  score: 23.9 bits;  conditional E-value: 1.2e-06
       ihelix_seed_hmm   3 elvalvllLlvAGheTTtnaiswalllLlr 32 
                           e+++ + l+++AG++TT++++ w++ lL+r
  sp|U5NE19|7DLH_CATRO 320 EIIGECKLFYFAGQDTTSTLLVWTMVLLSR 349
                           7999999*********************98 PP

>> sp|A1DA60|FTMC_NEOFI  Tryprostatin B 6-hydroxylase OS=Neosartorya fischeri (strain ATCC 1020 / DSM 3700 / CBS 544.65 
   #    score  bias  c-Evalue  i-Evalue hmmfrom  hmm to    alifrom  ali to    envfrom  env to     acc
 ---   ------ ----- --------- --------- ------- -------    ------- -------    ------- -------    ----
   1 !   25.0   0.2   5.5e-07   2.5e-06       4      32 ..     341     369 ..     338     370 .. 0.90

  Alignments for each domain:
  == domain 1  score: 25.0 bits;  conditional E-value: 5.5e-07
       ihelix_seed_hmm   4 lvalvllLlvAGheTTtnaiswalllLlr 32 
                           l + ++l+++AG +TT++++++++++L+r
  sp|A1DA60|FTMC_NEOFI 341 LMGDAMLIITAGSDTTATSLTSIVYELAR 369
                           55789***********************9 PP

>> sp|Q27698|CP6D1_MUSDO  Cytochrome P450 6d1 OS=Musca domestica OX=7370 GN=CYP6D1 PE=1 SV=1
   #    score  bias  c-Evalue  i-Evalue hmmfrom  hmm to    alifrom  ali to    envfrom  env to     acc
 ---   ------ ----- --------- --------- ------- -------    ------- -------    ------- -------    ----
   1 !   23.9   0.7   1.3e-06   5.7e-06       2      33 .]     306     337 ..     305     337 .. 0.95

  Alignments for each domain:
  == domain 1  score: 23.9 bits;  conditional E-value: 1.3e-06
        ihelix_seed_hmm   2 eelvalvllLlvAGheTTtnaiswalllLlrh 33 
                            ++++++  l+++AG eTT+ ++s+++++L+++
  sp|Q27698|CP6D1_MUSDO 306 DMIASNSFLFYIAGSETTAATTSFTIYELAMY 337
                            78999************************986 PP

>> sp|D5J9U8|GAO_LACSA  Germacrene A hydroxylase OS=Lactuca sativa OX=4236 GN=GAO1 PE=1 SV=1
   #    score  bias  c-Evalue  i-Evalue hmmfrom  hmm to    alifrom  ali to    envfrom  env to     acc
 ---   ------ ----- --------- --------- ------- -------    ------- -------    ------- -------    ----
   1 !   24.7   0.0   6.8e-07   3.1e-06       2      32 ..     281     311 ..     280     312 .. 0.95

  Alignments for each domain:
  == domain 1  score: 24.7 bits;  conditional E-value: 6.8e-07
      ihelix_seed_hmm   2 eelvalvllLlvAGheTTtnaiswalllLlr 32 
                          ++++a++l+++ AG++T++ +  wa+ +L+r
  sp|D5J9U8|GAO_LACSA 281 DNVKAIILDMFGAGTDTSSATVEWAISELIR 311
                          8999*************************98 PP

>> sp|Q94FM7|C71DK_TOBAC  5-epiaristolochene 1,3-dihydroxylase OS=Nicotiana tabacum OX=4097 GN=CYP71D20 PE=1 SV=2
   #    score  bias  c-Evalue  i-Evalue hmmfrom  hmm to    alifrom  ali to    envfrom  env to     acc
 ---   ------ ----- --------- --------- ------- -------    ------- -------    ------- -------    ----
   1 !   24.9   0.1   5.8e-07   2.6e-06       2      33 .]     291     322 ..     290     322 .. 0.96

  Alignments for each domain:
  == domain 1  score: 24.9 bits;  conditional E-value: 5.8e-07
        ihelix_seed_hmm   2 eelvalvllLlvAGheTTtnaiswalllLlrh 33 
                            ++++a ++++++AG+eT+++++ wa+ ++ ++
  sp|Q94FM7|C71DK_TOBAC 291 DNIKAVIVDMFAAGTETSSTTTVWAMAEMMKN 322
                            79***************************987 PP

>> sp|Q94IP1|TCMO_SORBI  Trans-cinnamate 4-monooxygenase OS=Sorghum bicolor OX=4558 GN=CYP73A33 PE=1 SV=1
   #    score  bias  c-Evalue  i-Evalue hmmfrom  hmm to    alifrom  ali to    envfrom  env to     acc
 ---   ------ ----- --------- --------- ------- -------    ------- -------    ------- -------    ----
   1 !   23.5   0.3   1.6e-06   7.4e-06       1      33 []     289     321 ..     289     321 .. 0.96

  Alignments for each domain:
  == domain 1  score: 23.5 bits;  conditional E-value: 1.6e-06
       ihelix_seed_hmm   1 deelvalvllLlvAGheTTtnaiswalllLlrh 33 
                           +++++++v ++ vA++eTT ++i w++ +L++h
  sp|Q94IP1|TCMO_SORBI 289 HDNVLYIVENINVAAIETTLWSIEWGIAELVNH 321
                           68999**************************98 PP

>> sp|Q6Z5I7|C76M6_ORYSJ  Oryzalexin E synthase OS=Oryza sativa subsp. japonica OX=39947 GN=CYP76M6 PE=1 SV=1
   #    score  bias  c-Evalue  i-Evalue hmmfrom  hmm to    alifrom  ali to    envfrom  env to     acc
 ---   ------ ----- --------- --------- ------- -------    ------- -------    ------- -------    ----
   1 !   24.9   1.1   5.8e-07   2.7e-06       3      33 .]     295     325 ..     295     325 .. 0.96

  Alignments for each domain:
  == domain 1  score: 24.9 bits;  conditional E-value: 5.8e-07
        ihelix_seed_hmm   3 elvalvllLlvAGheTTtnaiswalllLlrh 33 
                            ++++l  ++++AG +T+t++  wa+ +Llr+
  sp|Q6Z5I7|C76M6_ORYSJ 295 HITYLLFDVFAAGADTMTTTVEWAMAELLRN 325
                            68999*************************8 PP

>> sp|P10613|CP51_CANAL  Lanosterol 14-alpha demethylase OS=Candida albicans (strain SC5314 / ATCC MYA-2876) OX=237561 G
   #    score  bias  c-Evalue  i-Evalue hmmfrom  hmm to    alifrom  ali to    envfrom  env to     acc
 ---   ------ ----- --------- --------- ------- -------    ------- -------    ------- -------    ----
   1 !   23.8   0.6   1.3e-06     6e-06       1      30 [.     294     323 ..     294     323 .. 0.97

  Alignments for each domain:
  == domain 1  score: 23.8 bits;  conditional E-value: 1.3e-06
       ihelix_seed_hmm   1 deelvalvllLlvAGheTTtnaiswalllL 30 
                           d+e+++l + +l++G++T++++++w+ll+L
  sp|P10613|CP51_CANAL 294 DQEIANLLIGILMGGQHTSASTSAWFLLHL 323
                           79**************************98 PP

>> sp|A0A3Q9FEJ4|ASTA_TALWO  Cytochrome P450 monooxygenase astA OS=Talaromyces wortmannii OX=28567 GN=astA PE=1 SV=1
   #    score  bias  c-Evalue  i-Evalue hmmfrom  hmm to    alifrom  ali to    envfrom  env to     acc
 ---   ------ ----- --------- --------- ------- -------    ------- -------    ------- -------    ----
   1 !   21.8   0.2   5.6e-06   2.6e-05       4      33 .]     283     312 ..     280     312 .. 0.90

  Alignments for each domain:
  == domain 1  score: 21.8 bits;  conditional E-value: 5.6e-06
           ihelix_seed_hmm   4 lvalvllLlvAGheTTtnaiswalllLlrh 33 
                               l  ++ +L+vAG eTT++++s  +++Llr+
  sp|A0A3Q9FEJ4|ASTA_TALWO 283 LEINASTLIVAGSETTATLLSGCTYYLLRN 312
                               5566789**********************8 PP

>> sp|A2RRT9|CP4V2_RAT  Cytochrome P450 4V2 OS=Rattus norvegicus OX=10116 GN=Cyp4v2 PE=2 SV=1
   #    score  bias  c-Evalue  i-Evalue hmmfrom  hmm to    alifrom  ali to    envfrom  env to     acc
 ---   ------ ----- --------- --------- ------- -------    ------- -------    ------- -------    ----
   1 !   23.8   0.0   1.3e-06   6.1e-06       1      30 [.     316     345 ..     316     348 .. 0.94

  Alignments for each domain:
  == domain 1  score: 23.8 bits;  conditional E-value: 1.3e-06
      ihelix_seed_hmm   1 deelvalvllLlvAGheTTtnaiswalllL 30 
                          +e+++  v ++++ Gh+TT+ ai w+l+lL
  sp|A2RRT9|CP4V2_RAT 316 HEDIREEVDTFMFEGHDTTAAAINWSLYLL 345
                          6899999*********************99 PP

>> sp|Q59971|DOXA_STRS5  Cytochrome P-450 monooxygenase DoxA OS=Streptomyces sp. (strain C5) OX=45212 GN=doxA PE=1 SV=1
   #    score  bias  c-Evalue  i-Evalue hmmfrom  hmm to    alifrom  ali to    envfrom  env to     acc
 ---   ------ ----- --------- --------- ------- -------    ------- -------    ------- -------    ----
   1 !   23.9   0.2   1.2e-06   5.4e-06       1      25 [.     248     272 ..     248     276 .. 0.92

  Alignments for each domain:
  == domain 1  score: 23.9 bits;  conditional E-value: 1.2e-06
       ihelix_seed_hmm   1 deelvalvllLlvAGheTTtnaisw 25 
                           d++lv++++ L++AGh+TT++++++
  sp|Q59971|DOXA_STRS5 248 DDQLVYMITGLIFAGHDTTGSFLGF 272
                           799*******************997 PP

>> sp|Q64481|CP3AG_MOUSE  Cytochrome P450 3A16 OS=Mus musculus OX=10090 GN=Cyp3a16 PE=2 SV=2
   #    score  bias  c-Evalue  i-Evalue hmmfrom  hmm to    alifrom  ali to    envfrom  env to     acc
 ---   ------ ----- --------- --------- ------- -------    ------- -------    ------- -------    ----
   1 !   23.8   0.4   1.3e-06   5.8e-06       3      33 .]     295     325 ..     293     325 .. 0.96

  Alignments for each domain:
  == domain 1  score: 23.8 bits;  conditional E-value: 1.3e-06
        ihelix_seed_hmm   3 elvalvllLlvAGheTTtnaiswalllLlrh 33 
                            e++a+ + +++AG eTT++ +s++++ L++h
  sp|Q64481|CP3AG_MOUSE 295 EITAQSIIFIFAGYETTSSILSFTVYSLATH 325
                            99****************************9 PP

>> sp|Q9V674|CP6G1_DROME  Cytochrome P450 6g1 OS=Drosophila melanogaster OX=7227 GN=Cyp6g1 PE=2 SV=1
   #    score  bias  c-Evalue  i-Evalue hmmfrom  hmm to    alifrom  ali to    envfrom  env to     acc
 ---   ------ ----- --------- --------- ------- -------    ------- -------    ------- -------    ----
   1 !   23.7   0.1   1.4e-06   6.4e-06       4      33 .]     302     331 ..     300     331 .. 0.96

  Alignments for each domain:
  == domain 1  score: 23.7 bits;  conditional E-value: 1.4e-06
        ihelix_seed_hmm   4 lvalvllLlvAGheTTtnaiswalllLlrh 33 
                            lva++ ++++AG eT++++ s+al+++++h
  sp|Q9V674|CP6G1_DROME 302 LVAQAGVFFTAGFETSSSTMSFALYEMAKH 331
                            6899************************99 PP

>> sp|Q5RCN6|CP4V2_PONAB  Cytochrome P450 4V2 OS=Pongo abelii OX=9601 GN=CYP4V2 PE=2 SV=1
   #    score  bias  c-Evalue  i-Evalue hmmfrom  hmm to    alifrom  ali to    envfrom  env to     acc
 ---   ------ ----- --------- --------- ------- -------    ------- -------    ------- -------    ----
   1 !   23.4   0.1   1.7e-06   7.8e-06       1      30 [.     316     345 ..     316     345 .. 0.96

  Alignments for each domain:
  == domain 1  score: 23.4 bits;  conditional E-value: 1.7e-06
        ihelix_seed_hmm   1 deelvalvllLlvAGheTTtnaiswalllL 30 
                            +e+++  v ++++ Gh+TT+ ai w+l+lL
  sp|Q5RCN6|CP4V2_PONAB 316 HEDIREEVDTFMFEGHDTTAAAINWSLYLL 345
                            6899999*********************98 PP

>> sp|Q12586|CP52I_CANMA  Cytochrome P450 52A9 OS=Candida maltosa OX=5479 GN=CYP52A9 PE=1 SV=1
   #    score  bias  c-Evalue  i-Evalue hmmfrom  hmm to    alifrom  ali to    envfrom  env to     acc
 ---   ------ ----- --------- --------- ------- -------    ------- -------    ------- -------    ----
   1 !   23.4   0.1   1.7e-06   7.9e-06       4      33 .]     307     336 ..     307     336 .. 0.95

  Alignments for each domain:
  == domain 1  score: 23.4 bits;  conditional E-value: 1.7e-06
        ihelix_seed_hmm   4 lvalvllLlvAGheTTtnaiswalllLlrh 33 
                            l+++ l++l+AG +TT+ ++s+al++L+r+
  sp|Q12586|CP52I_CANMA 307 LRDQSLNILLAGRDTTAGLLSFALFELARN 336
                            67899************************8 PP

>> sp|O81970|C71A9_SOYBN  Cytochrome P450 71A9 OS=Glycine max OX=3847 GN=CYP71A9 PE=2 SV=1
   #    score  bias  c-Evalue  i-Evalue hmmfrom  hmm to    alifrom  ali to    envfrom  env to     acc
 ---   ------ ----- --------- --------- ------- -------    ------- -------    ------- -------    ----
   1 !   23.6   0.0   1.5e-06   6.8e-06       1      33 []     288     320 ..     288     320 .. 0.97

  Alignments for each domain:
  == domain 1  score: 23.6 bits;  conditional E-value: 1.5e-06
        ihelix_seed_hmm   1 deelvalvllLlvAGheTTtnaiswalllLlrh 33 
                            d+++++  ++++vAG++T++ +i w++ +L+r+
  sp|O81970|C71A9_SOYBN 288 DDQIKGVLVDIFVAGTDTASATIIWIMSELIRN 320
                            799****************************98 PP

>> sp|Q16696|CP2AD_HUMAN  Cytochrome P450 2A13 OS=Homo sapiens OX=9606 GN=CYP2A13 PE=1 SV=3
   #    score  bias  c-Evalue  i-Evalue hmmfrom  hmm to    alifrom  ali to    envfrom  env to     acc
 ---   ------ ----- --------- --------- ------- -------    ------- -------    ------- -------    ----
   1 !   24.8   1.6   6.5e-07   2.9e-06       3      33 .]     290     320 ..     288     320 .. 0.90

  Alignments for each domain:
  == domain 1  score: 24.8 bits;  conditional E-value: 6.5e-07
        ihelix_seed_hmm   3 elvalvllLlvAGheTTtnaiswalllLlrh 33 
                            +lv + l+L++AG+eT+++++++++llL +h
  sp|Q16696|CP2AD_HUMAN 290 NLVMTTLNLFFAGTETVSTTLRYGFLLLMKH 320
                            56667799********************998 PP

>> sp|D5JBX0|GAO_HELAN  Germacrene A hydroxylase OS=Helianthus annuus OX=4232 GN=GAO PE=1 SV=1
   #    score  bias  c-Evalue  i-Evalue hmmfrom  hmm to    alifrom  ali to    envfrom  env to     acc
 ---   ------ ----- --------- --------- ------- -------    ------- -------    ------- -------    ----
   1 !   24.7   0.0   6.8e-07   3.1e-06       2      32 ..     281     311 ..     280     312 .. 0.95

  Alignments for each domain:
  == domain 1  score: 24.7 bits;  conditional E-value: 6.8e-07
      ihelix_seed_hmm   2 eelvalvllLlvAGheTTtnaiswalllLlr 32 
                          ++++a++l+++ AG++T++ +  wa+ +L+r
  sp|D5JBX0|GAO_HELAN 281 DNVKAIILDMFGAGTDTSSATVEWAISELIR 311
                          8999*************************98 PP

>> sp|P30608|CP52F_CANTR  Cytochrome P450 52A6 OS=Candida tropicalis OX=5482 GN=CYP52A6 PE=2 SV=1
   #    score  bias  c-Evalue  i-Evalue hmmfrom  hmm to    alifrom  ali to    envfrom  env to     acc
 ---   ------ ----- --------- --------- ------- -------    ------- -------    ------- -------    ----
   1 !   23.4   0.1   1.8e-06   8.2e-06       7      33 .]     314     340 ..     311     340 .. 0.94

  Alignments for each domain:
  == domain 1  score: 23.4 bits;  conditional E-value: 1.8e-06
        ihelix_seed_hmm   7 lvllLlvAGheTTtnaiswalllLlrh 33 
                            + l+++vAG +TT+ ++s+a+++L+rh
  sp|P30608|CP52F_CANTR 314 QLLNIMVAGRDTTAGLLSFAMFELARH 340
                            6799**********************9 PP

>> sp|P12790|CP2B9_MOUSE  Cytochrome P450 2B9 OS=Mus musculus OX=10090 GN=Cyp2b9 PE=1 SV=2
   #    score  bias  c-Evalue  i-Evalue hmmfrom  hmm to    alifrom  ali to    envfrom  env to     acc
 ---   ------ ----- --------- --------- ------- -------    ------- -------    ------- -------    ----
   1 !   23.3   1.0   1.9e-06   8.8e-06       8      33 .]     292     317 ..     286     317 .. 0.95

  Alignments for each domain:
  == domain 1  score: 23.3 bits;  conditional E-value: 1.9e-06
        ihelix_seed_hmm   8 vllLlvAGheTTtnaiswalllLlrh 33 
                            vl+L++AG+eTT+ ++ +++ll+l++
  sp|P12790|CP2B9_MOUSE 292 VLSLFFAGTETTSATLHYGVLLMLKY 317
                            89*********************986 PP

>> sp|I1RBR4|CP51B_GIBZE  Sterol 14-alpha demethylase CYP51A OS=Gibberella zeae (strain ATCC MYA-4620 / CBS 123657 / FGS
   #    score  bias  c-Evalue  i-Evalue hmmfrom  hmm to    alifrom  ali to    envfrom  env to     acc
 ---   ------ ----- --------- --------- ------- -------    ------- -------    ------- -------    ----
   1 !   23.2   0.1     2e-06   9.1e-06       1      32 [.     295     326 ..     295     327 .. 0.95

  Alignments for each domain:
  == domain 1  score: 23.2 bits;  conditional E-value: 2e-06
        ihelix_seed_hmm   1 deelvalvllLlvAGheTTtnaiswalllLlr 32 
                            d+e+++++++Ll+AG++ +++++sw++l L+ 
  sp|I1RBR4|CP51B_GIBZE 295 DHEVAHMMIALLMAGQHSSSSTSSWIMLRLAQ 326
                            789***************************96 PP

>> sp|P13527|CP6A1_MUSDO  Cytochrome P450 6A1 OS=Musca domestica OX=7370 GN=CYP6A1 PE=2 SV=1
   #    score  bias  c-Evalue  i-Evalue hmmfrom  hmm to    alifrom  ali to    envfrom  env to     acc
 ---   ------ ----- --------- --------- ------- -------    ------- -------    ------- -------    ----
   1 !   23.7   0.1   1.4e-06   6.6e-06       2      33 .]     293     324 ..     293     324 .. 0.96

  Alignments for each domain:
  == domain 1  score: 23.7 bits;  conditional E-value: 1.4e-06
        ihelix_seed_hmm   2 eelvalvllLlvAGheTTtnaiswalllLlrh 33 
                            +el+a+v +++++G eT++++ ++al++L+ +
  sp|P13527|CP6A1_MUSDO 293 NELAAQVFVFFLGGFETSSSTMGFALYELAQN 324
                            599**************************987 PP

>> sp|A0A481WNM6|TRAB_PENCR  Cytochrome P450 monooxygenase traB OS=Penicillium crustosum OX=36656 GN=traB PE=3 SV=1
   #    score  bias  c-Evalue  i-Evalue hmmfrom  hmm to    alifrom  ali to    envfrom  env to     acc
 ---   ------ ----- --------- --------- ------- -------    ------- -------    ------- -------    ----
   1 !   23.5   1.5   1.6e-06   7.3e-06       1      33 []     298     330 ..     298     330 .. 0.98

  Alignments for each domain:
  == domain 1  score: 23.5 bits;  conditional E-value: 1.6e-06
           ihelix_seed_hmm   1 deelvalvllLlvAGheTTtnaiswalllLlrh 33 
                               dee+ +++ lLl AG eTT++++s +++lLl++
  sp|A0A481WNM6|TRAB_PENCR 298 DEEINSNAFLLLNAGSETTATLLSAVTFLLLKN 330
                               89*****************************98 PP

>> sp|E3W9C4|C71A1_ZINZE  Alpha-humulene 10-hydroxylase OS=Zingiber zerumbet OX=311405 GN=CYP71BA1 PE=1 SV=1
   #    score  bias  c-Evalue  i-Evalue hmmfrom  hmm to    alifrom  ali to    envfrom  env to     acc
 ---   ------ ----- --------- --------- ------- -------    ------- -------    ------- -------    ----
   1 !   23.2   0.0   2.1e-06   9.4e-06       5      33 .]     303     331 ..     301     331 .. 0.94

  Alignments for each domain:
  == domain 1  score: 23.2 bits;  conditional E-value: 2.1e-06
        ihelix_seed_hmm   5 valvllLlvAGheTTtnaiswalllLlrh 33 
                            +a+v+++++AG+eT++++i w++ +L+++
  sp|E3W9C4|C71A1_ZINZE 303 KAIVMEIFLAGTETSSSVIDWVMSELIKN 331
                            789***********************987 PP

>> sp|W8JIS5|IO_CATRO  Iridoid oxidase OS=Catharanthus roseus OX=4058 GN=IO PE=1 SV=1
   #    score  bias  c-Evalue  i-Evalue hmmfrom  hmm to    alifrom  ali to    envfrom  env to     acc
 ---   ------ ----- --------- --------- ------- -------    ------- -------    ------- -------    ----
   1 !   23.5   0.1   1.7e-06   7.5e-06       3      33 .]     305     335 ..     303     335 .. 0.91

  Alignments for each domain:
  == domain 1  score: 23.5 bits;  conditional E-value: 1.7e-06
     ihelix_seed_hmm   3 elvalvllLlvAGheTTtnaiswalllLlrh 33 
                         ++   ++++++AG eTT+ +i w++ +Llr+
  sp|W8JIS5|IO_CATRO 305 HVNIVIMEMFFAGSETTSISIEWGFTELLRN 335
                         666779************************8 PP

>> sp|Q5W6F1|TCMO_ORYSJ  Trans-cinnamate 4-monooxygenase OS=Oryza sativa subsp. japonica OX=39947 GN=C4HL PE=2 SV=1
   #    score  bias  c-Evalue  i-Evalue hmmfrom  hmm to    alifrom  ali to    envfrom  env to     acc
 ---   ------ ----- --------- --------- ------- -------    ------- -------    ------- -------    ----
   1 !   23.5   0.3   1.6e-06   7.4e-06       1      33 []     289     321 ..     289     321 .. 0.96

  Alignments for each domain:
  == domain 1  score: 23.5 bits;  conditional E-value: 1.6e-06
       ihelix_seed_hmm   1 deelvalvllLlvAGheTTtnaiswalllLlrh 33 
                           +++++++v ++ vA++eTT ++i w++ +L++h
  sp|Q5W6F1|TCMO_ORYSJ 289 HDNVLYIVENINVAAIETTLWSIEWGIAELVNH 321
                           68999**************************98 PP

>> sp|E9Q5K4|CP2CN_MOUSE  Cytochrome P450 2C44 OS=Mus musculus OX=10090 GN=Cyp2c23 PE=1 SV=1
   #    score  bias  c-Evalue  i-Evalue hmmfrom  hmm to    alifrom  ali to    envfrom  env to     acc
 ---   ------ ----- --------- --------- ------- -------    ------- -------    ------- -------    ----
   1 !   23.6   2.0   1.5e-06     7e-06      10      33 .]     297     320 ..     296     320 .. 0.96

  Alignments for each domain:
  == domain 1  score: 23.6 bits;  conditional E-value: 1.5e-06
        ihelix_seed_hmm  10 lLlvAGheTTtnaiswalllLlrh 33 
                            +L++AG+eTT+++++++lllL++h
  sp|E9Q5K4|CP2CN_MOUSE 297 NLFTAGTETTSTTLRFGLLLLVKH 320
                            69********************99 PP

>> sp|F2Z9C1|P6H_ESCCA  Protopine 6-monooxygenase OS=Eschscholzia californica OX=3467 GN=CYP82N2v2 PE=1 SV=1
   #    score  bias  c-Evalue  i-Evalue hmmfrom  hmm to    alifrom  ali to    envfrom  env to     acc
 ---   ------ ----- --------- --------- ------- -------    ------- -------    ------- -------    ----
   1 !   23.6   1.3   1.6e-06   7.1e-06       4      33 .]     312     341 ..     311     341 .. 0.95

  Alignments for each domain:
  == domain 1  score: 23.6 bits;  conditional E-value: 1.6e-06
      ihelix_seed_hmm   4 lvalvllLlvAGheTTtnaiswalllLlrh 33 
                          ++a++l+++++G++TT+ +++w++ lL ++
  sp|F2Z9C1|P6H_ESCCA 312 IKATCLAMIMGGTDTTAVSLTWIISLLMNN 341
                          789************************987 PP

>> sp|P24461|CP2G1_RABIT  Cytochrome P450 2G1 OS=Oryctolagus cuniculus OX=9986 GN=CYP2G1 PE=1 SV=1
   #    score  bias  c-Evalue  i-Evalue hmmfrom  hmm to    alifrom  ali to    envfrom  env to     acc
 ---   ------ ----- --------- --------- ------- -------    ------- -------    ------- -------    ----
   1 !   23.8   0.8   1.3e-06   5.8e-06       2      33 .]     289     320 ..     288     320 .. 0.93

  Alignments for each domain:
  == domain 1  score: 23.8 bits;  conditional E-value: 1.3e-06
        ihelix_seed_hmm   2 eelvalvllLlvAGheTTtnaiswalllLlrh 33 
                            ++lv + l+L++AG+eT+++++++++ll  +h
  sp|P24461|CP2G1_RABIT 289 KNLVLTTLNLFFAGTETVSSTLRYGFLLIMKH 320
                            6889999*********************9988 PP

>> sp|Q29496|CP3AO_SHEEP  Cytochrome P450 3A24 OS=Ovis aries OX=9940 GN=CYP3A24 PE=2 SV=1
   #    score  bias  c-Evalue  i-Evalue hmmfrom  hmm to    alifrom  ali to    envfrom  env to     acc
 ---   ------ ----- --------- --------- ------- -------    ------- -------    ------- -------    ----
   1 !   23.6   0.4   1.6e-06   7.1e-06       1      33 []     292     324 ..     292     324 .. 0.96

  Alignments for each domain:
  == domain 1  score: 23.6 bits;  conditional E-value: 1.6e-06
        ihelix_seed_hmm   1 deelvalvllLlvAGheTTtnaiswalllLlrh 33 
                            d+el a+ + +++AG eTT+n++s+ l+ L++h
  sp|Q29496|CP3AO_SHEEP 292 DQELMAQSVIFIFAGYETTSNTLSFLLYILATH 324
                            6899999*************************9 PP

>> sp|Q12599|NOR2_FUSLI  Cytochrome P450 55A3 OS=Fusarium lichenicola OX=42744 GN=CYP55A3 PE=3 SV=1
   #    score  bias  c-Evalue  i-Evalue hmmfrom  hmm to    alifrom  ali to    envfrom  env to     acc
 ---   ------ ----- --------- --------- ------- -------    ------- -------    ------- -------    ----
   1 !   23.7   0.3   1.4e-06   6.4e-06       2      33 .]     232     263 ..     231     263 .. 0.93

  Alignments for each domain:
  == domain 1  score: 23.7 bits;  conditional E-value: 1.4e-06
       ihelix_seed_hmm   2 eelvalvllLlvAGheTTtnaiswalllLlrh 33 
                           +++v+++ lLlvAG++T++n+i+ ++ +L  +
  sp|Q12599|NOR2_FUSLI 232 SDAVQIAFLLLVAGNATMVNMIALGVVTLMQN 263
                           5899***********************99876 PP

>> sp|C9K202|CPAH_ASPOZ  Cytochrome P450 monooxygenase cpaH OS=Aspergillus oryzae OX=5062 GN=cpaH PE=2 SV=1
   #    score  bias  c-Evalue  i-Evalue hmmfrom  hmm to    alifrom  ali to    envfrom  env to     acc
 ---   ------ ----- --------- --------- ------- -------    ------- -------    ------- -------    ----
   1 !   23.6   0.5   1.5e-06     7e-06       6      33 .]     305     332 ..     302     332 .. 0.89

  Alignments for each domain:
  == domain 1  score: 23.6 bits;  conditional E-value: 1.5e-06
       ihelix_seed_hmm   6 alvllLlvAGheTTtnaiswalllLlrh 33 
                           +++ +L++AG eTT++a+s +l++L  +
  sp|C9K202|CPAH_ASPOZ 305 GNCSTLIIAGSETTATALSATLYFLTQN 332
                           67899********************876 PP

>> sp|P48522|TCMO_CATRO  Trans-cinnamate 4-monooxygenase OS=Catharanthus roseus OX=4058 GN=CYP73A4 PE=2 SV=1
   #    score  bias  c-Evalue  i-Evalue hmmfrom  hmm to    alifrom  ali to    envfrom  env to     acc
 ---   ------ ----- --------- --------- ------- -------    ------- -------    ------- -------    ----
   1 !   23.4   0.2   1.8e-06   8.2e-06       2      33 .]     294     325 ..     293     325 .. 0.95

  Alignments for each domain:
  == domain 1  score: 23.4 bits;  conditional E-value: 1.8e-06
       ihelix_seed_hmm   2 eelvalvllLlvAGheTTtnaiswalllLlrh 33 
                           ++++++v ++ vA++eTT ++i w++ +L++h
  sp|P48522|TCMO_CATRO 294 DNVLYIVENINVAAIETTLWSIEWGIAELVNH 325
                           89999*************************98 PP

>> sp|E1ACQ2|NOTG_ASPSM  Cytochrome P450 monooxygenase notG OS=Aspergillus sp. (strain MF297-2) OX=877550 GN=notG PE=1 S
   #    score  bias  c-Evalue  i-Evalue hmmfrom  hmm to    alifrom  ali to    envfrom  env to     acc
 ---   ------ ----- --------- --------- ------- -------    ------- -------    ------- -------    ----
   1 !   23.3   0.5   1.9e-06   8.8e-06       8      33 .]     340     365 ..     336     365 .. 0.93

  Alignments for each domain:
  == domain 1  score: 23.3 bits;  conditional E-value: 1.9e-06
       ihelix_seed_hmm   8 vllLlvAGheTTtnaiswalllLlrh 33 
                            +l+ +AG +TT++a+++++++L+rh
  sp|E1ACQ2|NOTG_ASPSM 340 SMLVVTAGSDTTATALTSVVYELARH 365
                           68999********************9 PP

>> sp|Q12581|CP52X_CANMA  Cytochrome P450 52A5 OS=Candida maltosa OX=5479 GN=CYP52A5 PE=1 SV=1
   #    score  bias  c-Evalue  i-Evalue hmmfrom  hmm to    alifrom  ali to    envfrom  env to     acc
 ---   ------ ----- --------- --------- ------- -------    ------- -------    ------- -------    ----
   1 !   23.5   0.1   1.7e-06   7.7e-06       4      33 .]     312     341 ..     311     341 .. 0.96

  Alignments for each domain:
  == domain 1  score: 23.5 bits;  conditional E-value: 1.7e-06
        ihelix_seed_hmm   4 lvalvllLlvAGheTTtnaiswalllLlrh 33 
                            l+++ l++lvAG +TT+ ++s+++++L+r+
  sp|Q12581|CP52X_CANMA 312 LRDQLLNILVAGRDTTAGLLSFVFFELARN 341
                            68899************************8 PP

>> sp|F1B282|C4H1_PETHY  Trans-cinnamate 4-monooxygenase C4H1 OS=Petunia hybrida OX=4102 GN=C4H1 PE=2 SV=1
   #    score  bias  c-Evalue  i-Evalue hmmfrom  hmm to    alifrom  ali to    envfrom  env to     acc
 ---   ------ ----- --------- --------- ------- -------    ------- -------    ------- -------    ----
   1 !   23.4   0.2   1.8e-06   8.3e-06       2      33 .]     295     326 ..     294     326 .. 0.95

  Alignments for each domain:
  == domain 1  score: 23.4 bits;  conditional E-value: 1.8e-06
       ihelix_seed_hmm   2 eelvalvllLlvAGheTTtnaiswalllLlrh 33 
                           ++++++v ++ vA++eTT ++i w++ +L++h
  sp|F1B282|C4H1_PETHY 295 DNVLYIVENINVAAIETTLWSIEWGIAELVNH 326
                           89999*************************98 PP

>> sp|P79760|CP1A4_CHICK  Cytochrome P450 1A4 OS=Gallus gallus OX=9031 GN=CYP1A4 PE=2 SV=1
   #    score  bias  c-Evalue  i-Evalue hmmfrom  hmm to    alifrom  ali to    envfrom  env to     acc
 ---   ------ ----- --------- --------- ------- -------    ------- -------    ------- -------    ----
   1 !   22.7   0.1   2.9e-06   1.3e-05       1      28 [.     315     342 ..     315     343 .. 0.93

  Alignments for each domain:
  == domain 1  score: 22.7 bits;  conditional E-value: 2.9e-06
        ihelix_seed_hmm   1 deelvalvllLlvAGheTTtnaiswall 28 
                            de ++++v +L+ AG +T+t+a+sw ++
  sp|P79760|CP1A4_CHICK 315 DESIISIVNDLFGAGFDTVTTALSWCMM 342
                            789**********************775 PP

>> sp|P37115|TCMO_VIGRR  Trans-cinnamate 4-monooxygenase OS=Vigna radiata var. radiata OX=3916 GN=CYP73A2 PE=1 SV=1
   #    score  bias  c-Evalue  i-Evalue hmmfrom  hmm to    alifrom  ali to    envfrom  env to     acc
 ---   ------ ----- --------- --------- ------- -------    ------- -------    ------- -------    ----
   1 !   23.4   0.2   1.8e-06   8.2e-06       2      33 .]     294     325 ..     293     325 .. 0.95

  Alignments for each domain:
  == domain 1  score: 23.4 bits;  conditional E-value: 1.8e-06
       ihelix_seed_hmm   2 eelvalvllLlvAGheTTtnaiswalllLlrh 33 
                           ++++++v ++ vA++eTT ++i w++ +L++h
  sp|P37115|TCMO_VIGRR 294 DNVLYIVENINVAAIETTLWSIEWGIAELVNH 325
                           89999*************************98 PP

>> sp|Q9DBW0|CP4V2_MOUSE  Cytochrome P450 4V2 OS=Mus musculus OX=10090 GN=Cyp4v2 PE=1 SV=1
   #    score  bias  c-Evalue  i-Evalue hmmfrom  hmm to    alifrom  ali to    envfrom  env to     acc
 ---   ------ ----- --------- --------- ------- -------    ------- -------    ------- -------    ----
   1 !   23.2   0.0     2e-06   9.1e-06       2      30 ..     317     345 ..     316     348 .. 0.92

  Alignments for each domain:
  == domain 1  score: 23.2 bits;  conditional E-value: 2e-06
        ihelix_seed_hmm   2 eelvalvllLlvAGheTTtnaiswalllL 30 
                            e+++  v ++++ Gh+TT+ ai w+l+lL
  sp|Q9DBW0|CP4V2_MOUSE 317 EDIREEVDTFMFEGHDTTAAAINWSLYLL 345
                            7889999*********************9 PP

>> sp|A0A517FNC4|72A61_PARPY  Cytochrome P450 CYP72A616 OS=Paris polyphylla OX=49666 GN=CYP72A616 PE=1 SV=1
   #    score  bias  c-Evalue  i-Evalue hmmfrom  hmm to    alifrom  ali to    envfrom  env to     acc
 ---   ------ ----- --------- --------- ------- -------    ------- -------    ------- -------    ----
   1 !   23.2   0.2   2.1e-06   9.5e-06       4      30 ..     317     343 ..     314     346 .. 0.85

  Alignments for each domain:
  == domain 1  score: 23.2 bits;  conditional E-value: 2.1e-06
            ihelix_seed_hmm   4 lvalvllLlvAGheTTtnaiswalllL 30 
                                ++  + l+++AG+eTT+ +++w+++lL
  sp|A0A517FNC4|72A61_PARPY 317 VIEECKLFYFAGQETTSVLLTWTMILL 343
                                55667799*****************99 PP

>> sp|O24312|TCMO_POPTM  Trans-cinnamate 4-monooxygenase OS=Populus tremuloides OX=3693 GN=CYP73A13 PE=2 SV=1
   #    score  bias  c-Evalue  i-Evalue hmmfrom  hmm to    alifrom  ali to    envfrom  env to     acc
 ---   ------ ----- --------- --------- ------- -------    ------- -------    ------- -------    ----
   1 !   23.4   0.2   1.8e-06   8.2e-06       2      33 .]     294     325 ..     293     325 .. 0.95

  Alignments for each domain:
  == domain 1  score: 23.4 bits;  conditional E-value: 1.8e-06
       ihelix_seed_hmm   2 eelvalvllLlvAGheTTtnaiswalllLlrh 33 
                           ++++++v ++ vA++eTT ++i w++ +L++h
  sp|O24312|TCMO_POPTM 294 DNVLYIVENINVAAIETTLWSIEWGIAELVNH 325
                           89999*************************98 PP

>> sp|Q96423|TCMO_GLYEC  Trans-cinnamate 4-monooxygenase OS=Glycyrrhiza echinata OX=46348 GN=CYP73A14 PE=2 SV=1
   #    score  bias  c-Evalue  i-Evalue hmmfrom  hmm to    alifrom  ali to    envfrom  env to     acc
 ---   ------ ----- --------- --------- ------- -------    ------- -------    ------- -------    ----
   1 !   23.4   0.2   1.8e-06   8.2e-06       2      33 .]     294     325 ..     293     325 .. 0.95

  Alignments for each domain:
  == domain 1  score: 23.4 bits;  conditional E-value: 1.8e-06
       ihelix_seed_hmm   2 eelvalvllLlvAGheTTtnaiswalllLlrh 33 
                           ++++++v ++ vA++eTT ++i w++ +L++h
  sp|Q96423|TCMO_GLYEC 294 DNVLYIVENINVAAIETTLWSIEWGIAELVNH 325
                           89999*************************98 PP

>> sp|Q04468|TCMO_HELTU  Trans-cinnamate 4-monooxygenase OS=Helianthus tuberosus OX=4233 GN=CYP73A1 PE=1 SV=1
   #    score  bias  c-Evalue  i-Evalue hmmfrom  hmm to    alifrom  ali to    envfrom  env to     acc
 ---   ------ ----- --------- --------- ------- -------    ------- -------    ------- -------    ----
   1 !   23.4   0.2   1.8e-06   8.2e-06       2      33 .]     294     325 ..     293     325 .. 0.95

  Alignments for each domain:
  == domain 1  score: 23.4 bits;  conditional E-value: 1.8e-06
       ihelix_seed_hmm   2 eelvalvllLlvAGheTTtnaiswalllLlrh 33 
                           ++++++v ++ vA++eTT ++i w++ +L++h
  sp|Q04468|TCMO_HELTU 294 DNVLYIVENINVAAIETTLWSIEWGIAELVNH 325
                           89999*************************98 PP

>> sp|Q9VVR9|C12C1_DROME  Probable cytochrome P450 12c1, mitochondrial OS=Drosophila melanogaster OX=7227 GN=Cyp12c1 PE=
   #    score  bias  c-Evalue  i-Evalue hmmfrom  hmm to    alifrom  ali to    envfrom  env to     acc
 ---   ------ ----- --------- --------- ------- -------    ------- -------    ------- -------    ----
   1 !   23.3   0.4     2e-06   8.9e-06       5      33 .]     314     342 ..     313     342 .. 0.94

  Alignments for each domain:
  == domain 1  score: 23.3 bits;  conditional E-value: 2e-06
        ihelix_seed_hmm   5 valvllLlvAGheTTtnaiswalllLlrh 33 
                            v +++++l++G++TT++ais +ll L+++
  sp|Q9VVR9|C12C1_DROME 314 VVMAMDMLMGGVDTTSTAISGILLNLAKN 342
                            5689***********************98 PP

>> sp|Q43054|TCMO_POPKI  Trans-cinnamate 4-monooxygenase OS=Populus kitakamiensis OX=34292 GN=CYP73A16 PE=2 SV=1
   #    score  bias  c-Evalue  i-Evalue hmmfrom  hmm to    alifrom  ali to    envfrom  env to     acc
 ---   ------ ----- --------- --------- ------- -------    ------- -------    ------- -------    ----
   1 !   23.4   0.2   1.8e-06   8.2e-06       2      33 .]     294     325 ..     293     325 .. 0.95

  Alignments for each domain:
  == domain 1  score: 23.4 bits;  conditional E-value: 1.8e-06
       ihelix_seed_hmm   2 eelvalvllLlvAGheTTtnaiswalllLlrh 33 
                           ++++++v ++ vA++eTT ++i w++ +L++h
  sp|Q43054|TCMO_POPKI 294 DNVLYIVENINVAAIETTLWSIEWGIAELVNH 325
                           89999*************************98 PP

>> sp|P92994|TCMO_ARATH  Trans-cinnamate 4-monooxygenase OS=Arabidopsis thaliana OX=3702 GN=CYP73A5 PE=1 SV=1
   #    score  bias  c-Evalue  i-Evalue hmmfrom  hmm to    alifrom  ali to    envfrom  env to     acc
 ---   ------ ----- --------- --------- ------- -------    ------- -------    ------- -------    ----
   1 !   23.4   0.2   1.8e-06   8.2e-06       2      33 .]     294     325 ..     293     325 .. 0.95

  Alignments for each domain:
  == domain 1  score: 23.4 bits;  conditional E-value: 1.8e-06
       ihelix_seed_hmm   2 eelvalvllLlvAGheTTtnaiswalllLlrh 33 
                           ++++++v ++ vA++eTT ++i w++ +L++h
  sp|P92994|TCMO_ARATH 294 DNVLYIVENINVAAIETTLWSIEWGIAELVNH 325
                           89999*************************98 PP

>> sp|Q9AR74|TCMO_RUTGR  Trans-cinnamate 4-monooxygenase OS=Ruta graveolens OX=37565 GN=CYP73A2 PE=2 SV=1
   #    score  bias  c-Evalue  i-Evalue hmmfrom  hmm to    alifrom  ali to    envfrom  env to     acc
 ---   ------ ----- --------- --------- ------- -------    ------- -------    ------- -------    ----
   1 !   23.4   0.2   1.8e-06   8.3e-06       2      33 .]     294     325 ..     293     325 .. 0.95

  Alignments for each domain:
  == domain 1  score: 23.4 bits;  conditional E-value: 1.8e-06
       ihelix_seed_hmm   2 eelvalvllLlvAGheTTtnaiswalllLlrh 33 
                           ++++++v ++ vA++eTT ++i w++ +L++h
  sp|Q9AR74|TCMO_RUTGR 294 DNVLYIVENINVAAIETTLWSIEWGIAELVNH 325
                           89999*************************98 PP

>> sp|Q43240|TCMO_ZINEL  Trans-cinnamate 4-monooxygenase OS=Zinnia elegans OX=34245 GN=CYP73A12 PE=2 SV=1
   #    score  bias  c-Evalue  i-Evalue hmmfrom  hmm to    alifrom  ali to    envfrom  env to     acc
 ---   ------ ----- --------- --------- ------- -------    ------- -------    ------- -------    ----
   1 !   23.3   0.3   1.9e-06   8.4e-06       2      33 .]     294     325 ..     293     325 .. 0.95

  Alignments for each domain:
  == domain 1  score: 23.3 bits;  conditional E-value: 1.9e-06
       ihelix_seed_hmm   2 eelvalvllLlvAGheTTtnaiswalllLlrh 33 
                           ++++++v ++ vA++eTT ++i wa+ +L++h
  sp|Q43240|TCMO_ZINEL 294 DNVLYIVENINVAAIETTLWSIEWAIAELVNH 325
                           89999*************************98 PP

>> sp|Q6YTF5|C76M5_ORYSJ  Cytochrome P450 76M5 OS=Oryza sativa subsp. japonica OX=39947 GN=CYP76M5 PE=1 SV=1
   #    score  bias  c-Evalue  i-Evalue hmmfrom  hmm to    alifrom  ali to    envfrom  env to     acc
 ---   ------ ----- --------- --------- ------- -------    ------- -------    ------- -------    ----
   1 !   22.8   0.1   2.7e-06   1.2e-05       2      33 .]     292     323 ..     291     323 .. 0.94

  Alignments for each domain:
  == domain 1  score: 22.8 bits;  conditional E-value: 2.7e-06
        ihelix_seed_hmm   2 eelvalvllLlvAGheTTtnaiswalllLlrh 33 
                            ++++ +  +++ AG +T++ ++ wa+ +Llr+
  sp|Q6YTF5|C76M5_ORYSJ 292 DHVTIMLFEVFGAGSDTMSVSLEWAMAELLRN 323
                            67889999***********************8 PP

>> sp|Q54EM5|C519D_DICDI  Probable cytochrome P450 519D1 OS=Dictyostelium discoideum OX=44689 GN=cyp519D1 PE=3 SV=1
   #    score  bias  c-Evalue  i-Evalue hmmfrom  hmm to    alifrom  ali to    envfrom  env to     acc
 ---   ------ ----- --------- --------- ------- -------    ------- -------    ------- -------    ----
   1 !   23.0   0.0   2.3e-06   1.1e-05       4      33 .]     283     312 ..     280     312 .. 0.93

  Alignments for each domain:
  == domain 1  score: 23.0 bits;  conditional E-value: 2.3e-06
        ihelix_seed_hmm   4 lvalvllLlvAGheTTtnaiswalllLlrh 33 
                            ++++++++l+AG +T++ +i w+l + +++
  sp|Q54EM5|C519D_DICDI 283 IIQTCIDFLIAGSDTVGVTIEWFLVYISNN 312
                            89**********************998876 PP

>> sp|Q00714|STCS_EMENI  Cytochrome P450 monooxygenase stcS OS=Emericella nidulans (strain FGSC A4 / ATCC 38163 / CBS 11
   #    score  bias  c-Evalue  i-Evalue hmmfrom  hmm to    alifrom  ali to    envfrom  env to     acc
 ---   ------ ----- --------- --------- ------- -------    ------- -------    ------- -------    ----
   1 !   23.0   0.0   2.3e-06   1.1e-05       9      33 .]     263     287 ..     258     287 .. 0.93

  Alignments for each domain:
  == domain 1  score: 23.0 bits;  conditional E-value: 2.3e-06
       ihelix_seed_hmm   9 llLlvAGheTTtnaiswalllLlrh 33 
                            ++l+AG +TT++++ +a++lL+rh
  sp|Q00714|STCS_EMENI 263 RVFLFAGRDTTSSTLLYAFYLLSRH 287
                           589*********************9 PP

>> sp|A0A1D6HSP4|C92C5_MAIZE  Dimethylnonatriene synthase OS=Zea mays OX=4577 GN=CYP92C5 PE=1 SV=1
   #    score  bias  c-Evalue  i-Evalue hmmfrom  hmm to    alifrom  ali to    envfrom  env to     acc
 ---   ------ ----- --------- --------- ------- -------    ------- -------    ------- -------    ----
   1 !   22.6   0.0   3.1e-06   1.4e-05       2      33 .]     310     341 ..     309     341 .. 0.95

  Alignments for each domain:
  == domain 1  score: 22.6 bits;  conditional E-value: 3.1e-06
            ihelix_seed_hmm   2 eelvalvllLlvAGheTTtnaiswalllLlrh 33 
                                + ++al+ +++++G+e ++ +i wa+ +Llrh
  sp|A0A1D6HSP4|C92C5_MAIZE 310 DGVKALIQDIIAGGTESSAVTIEWAMAELLRH 341
                                56899**************************9 PP

>> sp|Q9STK7|C71AQ_ARATH  Cytochrome P450 71A26 OS=Arabidopsis thaliana OX=3702 GN=CYP71A26 PE=3 SV=1
   #    score  bias  c-Evalue  i-Evalue hmmfrom  hmm to    alifrom  ali to    envfrom  env to     acc
 ---   ------ ----- --------- --------- ------- -------    ------- -------    ------- -------    ----
   1 !   23.1   0.2   2.3e-06     1e-05       4      33 .]     281     310 ..     280     310 .. 0.97

  Alignments for each domain:
  == domain 1  score: 23.1 bits;  conditional E-value: 2.3e-06
        ihelix_seed_hmm   4 lvalvllLlvAGheTTtnaiswalllLlrh 33 
                            ++a+v++++v+G++T++++  wa+ +Llrh
  sp|Q9STK7|C71AQ_ARATH 281 IKAIVMNVFVGGTDTSSTLMEWAMTELLRH 310
                            7899*************************9 PP

>> sp|Q9LJY7|C75AK_ARATH  Cytochrome P450 705A20 OS=Arabidopsis thaliana OX=3702 GN=CYP705A20 PE=2 SV=1
   #    score  bias  c-Evalue  i-Evalue hmmfrom  hmm to    alifrom  ali to    envfrom  env to     acc
 ---   ------ ----- --------- --------- ------- -------    ------- -------    ------- -------    ----
   1 !   23.2   0.1   2.1e-06   9.5e-06       2      33 .]     296     327 ..     295     327 .. 0.95

  Alignments for each domain:
  == domain 1  score: 23.2 bits;  conditional E-value: 2.1e-06
        ihelix_seed_hmm   2 eelvalvllLlvAGheTTtnaiswalllLlrh 33 
                            +++++l+++Ll++G++T++ +i w++ +L+++
  sp|Q9LJY7|C75AK_ARATH 296 NHIKSLFVELLLGGTDTSAQTIQWTMAELINN 327
                            689**************************987 PP

>> sp|A0A2H5AIX7|TCMO_NARPS  Trans-cinnamate 4-monooxygenase OS=Narcissus pseudonarcissus OX=39639 GN=C4H PE=2 SV=1
   #    score  bias  c-Evalue  i-Evalue hmmfrom  hmm to    alifrom  ali to    envfrom  env to     acc
 ---   ------ ----- --------- --------- ------- -------    ------- -------    ------- -------    ----
   1 !   23.4   0.2   1.8e-06   8.2e-06       2      33 .]     294     325 ..     293     325 .. 0.95

  Alignments for each domain:
  == domain 1  score: 23.4 bits;  conditional E-value: 1.8e-06
           ihelix_seed_hmm   2 eelvalvllLlvAGheTTtnaiswalllLlrh 33 
                               ++++++v ++ vA++eTT ++i w++ +L++h
  sp|A0A2H5AIX7|TCMO_NARPS 294 DNVLYIVENINVAAIETTLWSIEWGIAELVNH 325
                               89999*************************98 PP

>> sp|O81928|TCMO_CICAR  Trans-cinnamate 4-monooxygenase OS=Cicer arietinum OX=3827 GN=CYP73A19 PE=2 SV=2
   #    score  bias  c-Evalue  i-Evalue hmmfrom  hmm to    alifrom  ali to    envfrom  env to     acc
 ---   ------ ----- --------- --------- ------- -------    ------- -------    ------- -------    ----
   1 !   24.2   0.2     1e-06   4.6e-06       1      33 []     292     324 ..     292     324 .. 0.97

  Alignments for each domain:
  == domain 1  score: 24.2 bits;  conditional E-value: 1e-06
       ihelix_seed_hmm   1 deelvalvllLlvAGheTTtnaiswalllLlrh 33 
                           d++++++v ++ vA++eTT ++i w++ +L++h
  sp|O81928|TCMO_CICAR 292 DDNVLYIVENINVAAIETTLWSIEWGIAELVNH 324
                           7999***************************98 PP

>> sp|P37114|TCMO_MEDSA  Trans-cinnamate 4-monooxygenase OS=Medicago sativa OX=3879 GN=CYP73A3 PE=2 SV=1
   #    score  bias  c-Evalue  i-Evalue hmmfrom  hmm to    alifrom  ali to    envfrom  env to     acc
 ---   ------ ----- --------- --------- ------- -------    ------- -------    ------- -------    ----
   1 !   24.2   0.2     1e-06   4.6e-06       1      33 []     294     326 ..     294     326 .. 0.97

  Alignments for each domain:
  == domain 1  score: 24.2 bits;  conditional E-value: 1e-06
       ihelix_seed_hmm   1 deelvalvllLlvAGheTTtnaiswalllLlrh 33 
                           d++++++v ++ vA++eTT ++i w++ +L++h
  sp|P37114|TCMO_MEDSA 294 DDNVLYIVENINVAAIETTLWSIEWGIAELVNH 326
                           7999***************************98 PP

>> sp|Q9V771|C6A23_DROME  Probable cytochrome P450 6a23 OS=Drosophila melanogaster OX=7227 GN=Cyp6a23 PE=2 SV=2
   #    score  bias  c-Evalue  i-Evalue hmmfrom  hmm to    alifrom  ali to    envfrom  env to     acc
 ---   ------ ----- --------- --------- ------- -------    ------- -------    ------- -------    ----
   1 !   22.9   0.6   2.6e-06   1.2e-05       2      31 ..     293     322 ..     293     324 .. 0.95

  Alignments for each domain:
  == domain 1  score: 22.9 bits;  conditional E-value: 2.6e-06
        ihelix_seed_hmm   2 eelvalvllLlvAGheTTtnaiswalllLl 31 
                            +e++a++  ++vAG eT++++ ++al++L+
  sp|Q9V771|C6A23_DROME 293 NEILAQAFIFFVAGFETSSTTMGFALYELA 322
                            59***************************8 PP

>> sp|Q02315|CP51_PICKU  Lanosterol 14-alpha demethylase (Fragment) OS=Pichia kudriavzevii OX=4909 GN=CYP51 PE=3 SV=1
   #    score  bias  c-Evalue  i-Evalue hmmfrom  hmm to    alifrom  ali to    envfrom  env to     acc
 ---   ------ ----- --------- --------- ------- -------    ------- -------    ------- -------    ----
   1 !   22.9   0.9   2.5e-06   1.1e-05       1      30 [.     234     263 ..     234     263 .. 0.98

  Alignments for each domain:
  == domain 1  score: 22.9 bits;  conditional E-value: 2.5e-06
       ihelix_seed_hmm   1 deelvalvllLlvAGheTTtnaiswalllL 30 
                           deel++l++ +l++G++T++ +++w+ll+L
  sp|Q02315|CP51_PICKU 234 DEELAHLMIGVLMGGQHTSSATSAWFLLHL 263
                           89**************************98 PP

>> sp|Q9FVS9|C96AF_ARATH  Alkane hydroxylase MAH1 OS=Arabidopsis thaliana OX=3702 GN=CYP96A15 PE=2 SV=1
   #    score  bias  c-Evalue  i-Evalue hmmfrom  hmm to    alifrom  ali to    envfrom  env to     acc
 ---   ------ ----- --------- --------- ------- -------    ------- -------    ------- -------    ----
   1 !   23.3   0.0   1.9e-06   8.7e-06       4      33 .]     299     328 ..     296     328 .. 0.94

  Alignments for each domain:
  == domain 1  score: 23.3 bits;  conditional E-value: 1.9e-06
        ihelix_seed_hmm   4 lvalvllLlvAGheTTtnaiswalllLlrh 33 
                            +++ + +L +AG +TT+++++w+++lL++h
  sp|Q9FVS9|C96AF_ARATH 299 IRDVIFSLVLAGRDTTSSVLTWFFWLLSKH 328
                            788999**********************99 PP

>> sp|O22307|C71DB_LOTJA  Cytochrome P450 71D11 (Fragment) OS=Lotus japonicus OX=34305 GN=CYP71D11 PE=2 SV=1
   #    score  bias  c-Evalue  i-Evalue hmmfrom  hmm to    alifrom  ali to    envfrom  env to     acc
 ---   ------ ----- --------- --------- ------- -------    ------- -------    ------- -------    ----
   1 !   23.1   0.0   2.2e-06   9.9e-06       3      32 ..     278     307 ..     277     308 .. 0.93

  Alignments for each domain:
  == domain 1  score: 23.1 bits;  conditional E-value: 2.2e-06
        ihelix_seed_hmm   3 elvalvllLlvAGheTTtnaiswalllLlr 32 
                            +++a+  ++++AG eT++++i w++ ++ +
  sp|O22307|C71DB_LOTJA 278 NIKAILFDIFIAGSETSATTINWTMAEMMK 307
                            79999*********************9975 PP

>> sp|O48957|C99A1_SORBI  Cytochrome P450 CYP99A1 (Fragment) OS=Sorghum bicolor OX=4558 GN=CYP99A1 PE=2 SV=1
   #    score  bias  c-Evalue  i-Evalue hmmfrom  hmm to    alifrom  ali to    envfrom  env to     acc
 ---   ------ ----- --------- --------- ------- -------    ------- -------    ------- -------    ----
   1 !   23.0   0.2   2.4e-06   1.1e-05       4      32 ..     296     324 ..     293     325 .. 0.93

  Alignments for each domain:
  == domain 1  score: 23.0 bits;  conditional E-value: 2.4e-06
        ihelix_seed_hmm   4 lvalvllLlvAGheTTtnaiswalllLlr 32 
                            ++a+  ++l++G+eTT++a  w++ +L r
  sp|O48957|C99A1_SORBI 296 IKAILFDMLAGGTETTSSAAEWIMSELMR 324
                            789999********************987 PP

>> sp|F1SY85|CY091_POSPM  Cytochrome P450 monooxygenase 91 OS=Postia placenta (strain ATCC 44394 / Madison 698-R) OX=561
   #    score  bias  c-Evalue  i-Evalue hmmfrom  hmm to    alifrom  ali to    envfrom  env to     acc
 ---   ------ ----- --------- --------- ------- -------    ------- -------    ------- -------    ----
   1 !   23.1   1.2   2.2e-06     1e-05       2      33 .]     311     342 ..     310     342 .. 0.96

  Alignments for each domain:
  == domain 1  score: 23.1 bits;  conditional E-value: 2.2e-06
        ihelix_seed_hmm   2 eelvalvllLlvAGheTTtnaiswalllLlrh 33 
                            +el++++ ++++AG++TT+ a++ +l lL++h
  sp|F1SY85|CY091_POSPM 311 NELLGQMSTFIFAGMDTTSGALAHTLQLLAEH 342
                            89***************************998 PP

>> sp|W8JIT4|CYPD2_CATRO  Cytochrome P450 71D2 OS=Catharanthus roseus OX=4058 GN=CYP71D2 PE=2 SV=1
   #    score  bias  c-Evalue  i-Evalue hmmfrom  hmm to    alifrom  ali to    envfrom  env to     acc
 ---   ------ ----- --------- --------- ------- -------    ------- -------    ------- -------    ----
   1 !   22.7   0.1     3e-06   1.4e-05       2      33 .]     297     328 ..     296     328 .. 0.94

  Alignments for each domain:
  == domain 1  score: 22.7 bits;  conditional E-value: 3e-06
        ihelix_seed_hmm   2 eelvalvllLlvAGheTTtnaiswalllLlrh 33 
                            ++++al+ +++ AG+eT++ +  wa+ +L ++
  sp|W8JIT4|CYPD2_CATRO 297 NNVKALIFDMFSAGTETSSATVEWAMTELMKN 328
                            7899**********************999987 PP

>> sp|Q9C788|C70B1_ARATH  Cytochrome P450 704B1 OS=Arabidopsis thaliana OX=3702 GN=CYP704B1 PE=1 SV=1
   #    score  bias  c-Evalue  i-Evalue hmmfrom  hmm to    alifrom  ali to    envfrom  env to     acc
 ---   ------ ----- --------- --------- ------- -------    ------- -------    ------- -------    ----
   1 !   22.9   0.2   2.5e-06   1.1e-05       2      28 ..     292     318 ..     291     323 .. 0.90

  Alignments for each domain:
  == domain 1  score: 22.9 bits;  conditional E-value: 2.5e-06
        ihelix_seed_hmm   2 eelvalvllLlvAGheTTtnaiswall 28 
                            + l+++vl++ +AG +TT+++++wa++
  sp|Q9C788|C70B1_ARATH 292 KSLRDIVLNFVIAGRDTTATTLTWAIY 318
                            5699**********************9 PP

>> sp|A0A517FNC5|C90G4_PARPY  Cholesterol 16,22-dihydroxylase CYP90G4 OS=Paris polyphylla OX=49666 GN=CYP90G4 PE=1 SV=1
   #    score  bias  c-Evalue  i-Evalue hmmfrom  hmm to    alifrom  ali to    envfrom  env to     acc
 ---   ------ ----- --------- --------- ------- -------    ------- -------    ------- -------    ----
   1 !   22.7   0.8   2.8e-06   1.3e-05       4      30 ..     279     305 ..     276     306 .. 0.90

  Alignments for each domain:
  == domain 1  score: 22.7 bits;  conditional E-value: 2.8e-06
            ihelix_seed_hmm   4 lvalvllLlvAGheTTtnaiswalllL 30 
                                  +l l Ll++GheT+++ai+ ++++L
  sp|A0A517FNC5|C90G4_PARPY 279 FGDLLLGLLFGGHETSATAITLVIYFL 305
                                5678999******************99 PP

>> sp|I1TEM1|T3O_CATRO  Tabersonine 3-oxygenase OS=Catharanthus roseus OX=4058 GN=CYP71D1V2 PE=1 SV=1
   #    score  bias  c-Evalue  i-Evalue hmmfrom  hmm to    alifrom  ali to    envfrom  env to     acc
 ---   ------ ----- --------- --------- ------- -------    ------- -------    ------- -------    ----
   1 !   22.7   0.1   2.9e-06   1.3e-05       2      33 .]     297     328 ..     296     328 .. 0.96

  Alignments for each domain:
  == domain 1  score: 22.7 bits;  conditional E-value: 2.9e-06
      ihelix_seed_hmm   2 eelvalvllLlvAGheTTtnaiswalllLlrh 33 
                          ++++al  +++++G+eT+++a  wa+ ++ r+
  sp|I1TEM1|T3O_CATRO 297 NNIKALLFDIIAGGTETSSTAVDWAMSEMMRN 328
                          689**************************998 PP

>> sp|B3FWR7|HPM1_HYPSB  Cytochrome P450 monooxygenase hmp1 OS=Hypomyces subiculosus OX=193393 GN=hpm1 PE=1 SV=1
   #    score  bias  c-Evalue  i-Evalue hmmfrom  hmm to    alifrom  ali to    envfrom  env to     acc
 ---   ------ ----- --------- --------- ------- -------    ------- -------    ------- -------    ----
   1 !   22.5   0.3   3.4e-06   1.5e-05       1      33 []     294     326 ..     294     326 .. 0.96

  Alignments for each domain:
  == domain 1  score: 22.5 bits;  conditional E-value: 3.4e-06
       ihelix_seed_hmm   1 deelvalvllLlvAGheTTtnaiswalllLlrh 33 
                           d e+++++++L+++G eT ++a+s ++++L ++
  sp|B3FWR7|HPM1_HYPSB 294 DTEITSNCTALILGGAETISSALSGTTYYLTKN 326
                           679***************************987 PP

>> sp|Q759W0|CP51_EREGS  Lanosterol 14-alpha demethylase OS=Eremothecium gossypii (strain ATCC 10895 / CBS 109.51 / FGSC
   #    score  bias  c-Evalue  i-Evalue hmmfrom  hmm to    alifrom  ali to    envfrom  env to     acc
 ---   ------ ----- --------- --------- ------- -------    ------- -------    ------- -------    ----
   1 !   22.9   0.3   2.6e-06   1.2e-05       1      32 [.     299     330 ..     299     331 .. 0.95

  Alignments for each domain:
  == domain 1  score: 22.9 bits;  conditional E-value: 2.6e-06
       ihelix_seed_hmm   1 deelvalvllLlvAGheTTtnaiswalllLlr 32 
                           d+++++l + +l++G++T++ +++w+ll+L++
  sp|Q759W0|CP51_EREGS 299 DQQIANLLIGVLMGGQHTSAATSAWVLLHLAE 330
                           789***************************97 PP

>> sp|P24458|CP52E_CANMA  Cytochrome P450 52A3-B OS=Candida maltosa OX=5479 GN=CYP52A3-B PE=1 SV=1
   #    score  bias  c-Evalue  i-Evalue hmmfrom  hmm to    alifrom  ali to    envfrom  env to     acc
 ---   ------ ----- --------- --------- ------- -------    ------- -------    ------- -------    ----
   1 !   22.6   0.1   3.3e-06   1.5e-05       7      33 .]     313     339 ..     310     339 .. 0.94

  Alignments for each domain:
  == domain 1  score: 22.6 bits;  conditional E-value: 3.3e-06
        ihelix_seed_hmm   7 lvllLlvAGheTTtnaiswalllLlrh 33 
                            + l+++vAG +TT+ ++s+a+++L+r+
  sp|P24458|CP52E_CANMA 313 QLLNIMVAGRDTTAGLLSFAMFELARN 339
                            6799**********************8 PP

>> sp|P82712|CCD1P_DROME  Probable cytochrome P450 12d1 proximal, mitochondrial OS=Drosophila melanogaster OX=7227 GN=Cy
   #    score  bias  c-Evalue  i-Evalue hmmfrom  hmm to    alifrom  ali to    envfrom  env to     acc
 ---   ------ ----- --------- --------- ------- -------    ------- -------    ------- -------    ----
   1 !   22.8   0.4   2.7e-06   1.2e-05       5      33 .]     316     344 ..     315     344 .. 0.94

  Alignments for each domain:
  == domain 1  score: 22.8 bits;  conditional E-value: 2.7e-06
        ihelix_seed_hmm   5 valvllLlvAGheTTtnaiswalllLlrh 33 
                            v + l++l+AG+++T++++s +ll+L++h
  sp|P82712|CCD1P_DROME 316 VIMSLDILFAGVDATATLLSAVLLCLSKH 344
                            6789***********************99 PP

>> sp|Q7KR10|CCD1D_DROME  Probable cytochrome P450 12d1 distal, mitochondrial OS=Drosophila melanogaster OX=7227 GN=Cyp1
   #    score  bias  c-Evalue  i-Evalue hmmfrom  hmm to    alifrom  ali to    envfrom  env to     acc
 ---   ------ ----- --------- --------- ------- -------    ------- -------    ------- -------    ----
   1 !   22.8   0.4   2.7e-06   1.2e-05       5      33 .]     316     344 ..     315     344 .. 0.94

  Alignments for each domain:
  == domain 1  score: 22.8 bits;  conditional E-value: 2.7e-06
        ihelix_seed_hmm   5 valvllLlvAGheTTtnaiswalllLlrh 33 
                            v + l++l+AG+++T++++s +ll+L++h
  sp|Q7KR10|CCD1D_DROME 316 VIMSLDILFAGVDATATLLSAVLLCLSKH 344
                            6789***********************99 PP

>> sp|Q0JFI2|C93G1_ORYSJ  Cytochrome P450 93G1 OS=Oryza sativa subsp. japonica OX=39947 GN=CYP93G1 PE=1 SV=1
   #    score  bias  c-Evalue  i-Evalue hmmfrom  hmm to    alifrom  ali to    envfrom  env to     acc
 ---   ------ ----- --------- --------- ------- -------    ------- -------    ------- -------    ----
   1 !   22.3   0.0   3.8e-06   1.7e-05       2      33 .]     300     331 ..     299     331 .. 0.97

  Alignments for each domain:
  == domain 1  score: 22.3 bits;  conditional E-value: 3.8e-06
        ihelix_seed_hmm   2 eelvalvllLlvAGheTTtnaiswalllLlrh 33 
                            ++++a+++++ +AG +T++ +  w++ +L +h
  sp|Q0JFI2|C93G1_ORYSJ 300 DNIKAFIIDVVTAGSDTSAAMVEWMVAELMNH 331
                            79***************************998 PP

>> sp|Q43033|TCMO_PETCR  Trans-cinnamate 4-monooxygenase OS=Petroselinum crispum OX=4043 GN=CYP73A10 PE=2 SV=1
   #    score  bias  c-Evalue  i-Evalue hmmfrom  hmm to    alifrom  ali to    envfrom  env to     acc
 ---   ------ ----- --------- --------- ------- -------    ------- -------    ------- -------    ----
   1 !   22.6   0.1   3.1e-06   1.4e-05       2      33 .]     295     326 ..     294     326 .. 0.95

  Alignments for each domain:
  == domain 1  score: 22.6 bits;  conditional E-value: 3.1e-06
       ihelix_seed_hmm   2 eelvalvllLlvAGheTTtnaiswalllLlrh 33 
                           ++++++v ++ vA++eTT ++i w++ +L+++
  sp|Q43033|TCMO_PETCR 295 DNVLYIVENINVAAIETTLWSIEWGIAELVNN 326
                           89999************************987 PP

>> sp|P16496|CP52C_CANMA  Cytochrome P450 52A3-A OS=Candida maltosa OX=5479 GN=CYP52A3-A PE=1 SV=3
   #    score  bias  c-Evalue  i-Evalue hmmfrom  hmm to    alifrom  ali to    envfrom  env to     acc
 ---   ------ ----- --------- --------- ------- -------    ------- -------    ------- -------    ----
   1 !   22.6   0.1   3.3e-06   1.5e-05       7      33 .]     313     339 ..     310     339 .. 0.94

  Alignments for each domain:
  == domain 1  score: 22.6 bits;  conditional E-value: 3.3e-06
        ihelix_seed_hmm   7 lvllLlvAGheTTtnaiswalllLlrh 33 
                            + l+++vAG +TT+ ++s+a+++L+r+
  sp|P16496|CP52C_CANMA 313 QLLNIMVAGRDTTAGLLSFAMFELARN 339
                            6799**********************8 PP

>> sp|B8QHP5|CP52N_STABO  Cytochrome P450 52-N1 OS=Starmerella bombicola OX=75736 GN=cyp52N1 PE=1 SV=1
   #    score  bias  c-Evalue  i-Evalue hmmfrom  hmm to    alifrom  ali to    envfrom  env to     acc
 ---   ------ ----- --------- --------- ------- -------    ------- -------    ------- -------    ----
   1 !   20.6   0.1   1.3e-05     6e-05       4      33 .]     307     336 ..     306     336 .. 0.94

  Alignments for each domain:
  == domain 1  score: 20.6 bits;  conditional E-value: 1.3e-05
        ihelix_seed_hmm   4 lvalvllLlvAGheTTtnaiswalllLlrh 33 
                            l+++  ++l+AG +TT+ ++s+a+++L ++
  sp|B8QHP5|CP52N_STABO 307 LRDQLFNILIAGRDTTAATLSYAFHYLTKN 336
                            688999*********************987 PP

>> sp|P98183|C71DC_CATRO  Tabersonine 16-hydroxylase 1 OS=Catharanthus roseus OX=4058 GN=CYP71D12 PE=1 SV=2
   #    score  bias  c-Evalue  i-Evalue hmmfrom  hmm to    alifrom  ali to    envfrom  env to     acc
 ---   ------ ----- --------- --------- ------- -------    ------- -------    ------- -------    ----
   1 !   22.7   0.0   2.9e-06   1.3e-05       1      33 []     295     327 ..     295     327 .. 0.95

  Alignments for each domain:
  == domain 1  score: 22.7 bits;  conditional E-value: 2.9e-06
        ihelix_seed_hmm   1 deelvalvllLlvAGheTTtnaiswalllLlrh 33 
                            d++++a++ +++ AG+eT++++  wa+ +++++
  sp|P98183|C71DC_CATRO 295 DKNIKAIIFNIFSAGTETSSTTVDWAMCEMIKN 327
                            799************************999887 PP

>> sp|Q2XV99|CP11A_MACFA  Cholesterol side-chain cleavage enzyme, mitochondrial OS=Macaca fascicularis OX=9541 GN=CYP11A
   #    score  bias  c-Evalue  i-Evalue hmmfrom  hmm to    alifrom  ali to    envfrom  env to     acc
 ---   ------ ----- --------- --------- ------- -------    ------- -------    ------- -------    ----
   1 !   22.6   0.0   3.2e-06   1.5e-05       2      33 .]     314     345 ..     314     345 .. 0.97

  Alignments for each domain:
  == domain 1  score: 22.6 bits;  conditional E-value: 3.2e-06
        ihelix_seed_hmm   2 eelvalvllLlvAGheTTtnaiswalllLlrh 33 
                            e+++a+v+++l++G++TT+ ++ w l++++r+
  sp|Q2XV99|CP11A_MACFA 314 EDIKANVTEMLAGGVDTTSMTLQWHLYEMARN 345
                            789****************************8 PP

>> sp|P98188|C94A2_VICSA  Cytochrome P450 94A2 OS=Vicia sativa OX=3908 GN=CYP94A2 PE=2 SV=1
   #    score  bias  c-Evalue  i-Evalue hmmfrom  hmm to    alifrom  ali to    envfrom  env to     acc
 ---   ------ ----- --------- --------- ------- -------    ------- -------    ------- -------    ----
   1 !   23.6   0.5   1.5e-06   6.7e-06       5      33 .]     304     332 ..     303     332 .. 0.95

  Alignments for each domain:
  == domain 1  score: 23.6 bits;  conditional E-value: 1.5e-06
        ihelix_seed_hmm   5 valvllLlvAGheTTtnaiswalllLlrh 33 
                            +++v+++++AG +TT+ a++w+++lL++h
  sp|P98188|C94A2_VICSA 304 TDMVISIILAGRDTTSAALTWFFWLLSKH 332
                            689************************99 PP

>> sp|O48923|C71DA_SOYBN  Cytochrome P450 71D10 OS=Glycine max OX=3847 GN=CYP71D10 PE=2 SV=1
   #    score  bias  c-Evalue  i-Evalue hmmfrom  hmm to    alifrom  ali to    envfrom  env to     acc
 ---   ------ ----- --------- --------- ------- -------    ------- -------    ------- -------    ----
   1 !   22.6   0.0   3.2e-06   1.4e-05       1      33 []     299     331 ..     299     331 .. 0.98

  Alignments for each domain:
  == domain 1  score: 22.6 bits;  conditional E-value: 3.2e-06
        ihelix_seed_hmm   1 deelvalvllLlvAGheTTtnaiswalllLlrh 33 
                            d++++a + +++++G eT++++  w++ +L+r+
  sp|O48923|C71DA_SOYBN 299 DDNIKAVIQDIFIGGGETSSSVVEWGMSELIRN 331
                            79*****************************98 PP

>> sp|P05108|CP11A_HUMAN  Cholesterol side-chain cleavage enzyme, mitochondrial OS=Homo sapiens OX=9606 GN=CYP11A1 PE=1 
   #    score  bias  c-Evalue  i-Evalue hmmfrom  hmm to    alifrom  ali to    envfrom  env to     acc
 ---   ------ ----- --------- --------- ------- -------    ------- -------    ------- -------    ----
   1 !   22.6   0.0   3.2e-06   1.5e-05       2      33 .]     314     345 ..     314     345 .. 0.97

  Alignments for each domain:
  == domain 1  score: 22.6 bits;  conditional E-value: 3.2e-06
        ihelix_seed_hmm   2 eelvalvllLlvAGheTTtnaiswalllLlrh 33 
                            e+++a+v+++l++G++TT+ ++ w l++++r+
  sp|P05108|CP11A_HUMAN 314 EDIKANVTEMLAGGVDTTSMTLQWHLYEMARN 345
                            789****************************8 PP

>> sp|Q54SK0|C508B_DICDI  Probable cytochrome P450 508B1 OS=Dictyostelium discoideum OX=44689 GN=cyp508B1 PE=3 SV=1
   #    score  bias  c-Evalue  i-Evalue hmmfrom  hmm to    alifrom  ali to    envfrom  env to     acc
 ---   ------ ----- --------- --------- ------- -------    ------- -------    ------- -------    ----
   1 !   22.6   0.1   3.1e-06   1.4e-05       4      33 .]     286     315 ..     284     315 .. 0.94

  Alignments for each domain:
  == domain 1  score: 22.6 bits;  conditional E-value: 3.1e-06
        ihelix_seed_hmm   4 lvalvllLlvAGheTTtnaiswalllLlrh 33 
                            ++++ l++++AG++TT+ +i w++l + +h
  sp|Q54SK0|C508B_DICDI 286 ILQTSLDMFLAGNDTTAASIIWFVLRMQEH 315
                            899**********************99887 PP

>> sp|Q9VRI9|CP6T1_DROME  Probable cytochrome P450 6t1 OS=Drosophila melanogaster OX=7227 GN=Cyp6t1 PE=2 SV=1
   #    score  bias  c-Evalue  i-Evalue hmmfrom  hmm to    alifrom  ali to    envfrom  env to     acc
 ---   ------ ----- --------- --------- ------- -------    ------- -------    ------- -------    ----
   1 !   22.3   0.5     4e-06   1.8e-05      11      33 .]     322     344 ..     315     344 .. 0.91

  Alignments for each domain:
  == domain 1  score: 22.3 bits;  conditional E-value: 4e-06
        ihelix_seed_hmm  11 LlvAGheTTtnaiswalllLlrh 33 
                            Ll+AG +T++++i++al++L+++
  sp|Q9VRI9|CP6T1_DROME 322 LLLAGFDTSSSTITFALYELAKN 344
                            9********************98 PP

>> sp|Q64505|CP7A1_MOUSE  Cytochrome P450 7A1 OS=Mus musculus OX=10090 GN=Cyp7a1 PE=2 SV=2
   #    score  bias  c-Evalue  i-Evalue hmmfrom  hmm to    alifrom  ali to    envfrom  env to     acc
 ---   ------ ----- --------- --------- ------- -------    ------- -------    ------- -------    ----
   1 !   22.2   0.0   4.3e-06     2e-05       3      32 ..     274     303 ..     272     304 .. 0.94

  Alignments for each domain:
  == domain 1  score: 22.2 bits;  conditional E-value: 4.3e-06
        ihelix_seed_hmm   3 elvalvllLlvAGheTTtnaiswalllLlr 32 
                            e+++++l++l+A +++T +a++w+l+ ++r
  sp|Q64505|CP7A1_MOUSE 274 EKAKTHLVILWASQANTIPATFWSLFQMIR 303
                            7899***********************987 PP

>> sp|Q33DY0|C81Q1_SESIN  (+)-piperitol/(+)-sesamin synthase CYP81Q1 OS=Sesamum indicum OX=4182 GN=CYP81Q1 PE=1 SV=1
   #    score  bias  c-Evalue  i-Evalue hmmfrom  hmm to    alifrom  ali to    envfrom  env to     acc
 ---   ------ ----- --------- --------- ------- -------    ------- -------    ------- -------    ----
   1 !   22.4   1.4   3.7e-06   1.7e-05       4      33 .]     294     323 ..     291     323 .. 0.95

  Alignments for each domain:
  == domain 1  score: 22.4 bits;  conditional E-value: 3.7e-06
        ihelix_seed_hmm   4 lvalvllLlvAGheTTtnaiswalllLlrh 33 
                            +++l+++L++AG+++++ ++ wa+ lLl+h
  sp|Q33DY0|C81Q1_SESIN 294 ITGLIVALIIAGTDASVVTTEWAMSLLLNH 323
                            899*************************99 PP

>> sp|Q1ZXL2|C518B_DICDI  Probable cytochrome P450 518B1 OS=Dictyostelium discoideum OX=44689 GN=cyp518B1 PE=3 SV=1
   #    score  bias  c-Evalue  i-Evalue hmmfrom  hmm to    alifrom  ali to    envfrom  env to     acc
 ---   ------ ----- --------- --------- ------- -------    ------- -------    ------- -------    ----
   1 !   22.6   0.2   3.1e-06   1.4e-05       2      33 .]     283     314 ..     282     314 .. 0.92

  Alignments for each domain:
  == domain 1  score: 22.6 bits;  conditional E-value: 3.1e-06
        ihelix_seed_hmm   2 eelvalvllLlvAGheTTtnaiswalllLlrh 33 
                            +  va++++Ll+AG++T ++++ w+l +L+++
  sp|Q1ZXL2|C518B_DICDI 283 KSFVAIAIELLAAGTDTNSSTSEWFLTYLVNN 314
                            66799***********************9987 PP

>> sp|A9QNE7|ABAH1_SOLLC  Abscisic acid 8'-hydroxylase CYP707A1 OS=Solanum lycopersicum OX=4081 GN=CYP707A1 PE=2 SV=1
   #    score  bias  c-Evalue  i-Evalue hmmfrom  hmm to    alifrom  ali to    envfrom  env to     acc
 ---   ------ ----- --------- --------- ------- -------    ------- -------    ------- -------    ----
   1 !   22.4   0.1   3.6e-06   1.6e-05       1      30 [.     272     301 ..     272     302 .. 0.94

  Alignments for each domain:
  == domain 1  score: 22.4 bits;  conditional E-value: 3.6e-06
        ihelix_seed_hmm   1 deelvalvllLlvAGheTTtnaiswalllL 30 
                            +++++++++ +l+A+++TT+++++w++ +L
  sp|A9QNE7|ABAH1_SOLLC 272 EDQIADNIIGVLFAAQDTTASVLTWIIKYL 301
                            5899**********************9887 PP

>> sp|Q6QNI4|C71AJ_AMMMJ  Psoralen synthase OS=Ammi majus OX=48026 GN=CYP71AJ1 PE=1 SV=1
   #    score  bias  c-Evalue  i-Evalue hmmfrom  hmm to    alifrom  ali to    envfrom  env to     acc
 ---   ------ ----- --------- --------- ------- -------    ------- -------    ------- -------    ----
   1 !   22.3   0.1   3.9e-06   1.8e-05       4      33 .]     287     316 ..     285     316 .. 0.93

  Alignments for each domain:
  == domain 1  score: 22.3 bits;  conditional E-value: 3.9e-06
        ihelix_seed_hmm   4 lvalvllLlvAGheTTtnaiswalllLlrh 33 
                            +++l+ ++l AG+eT ++a+ w+l +L+++
  sp|Q6QNI4|C71AJ_AMMMJ 287 IKSLIWDMLGAGTETISTALEWTLAALIKN 316
                            6788899********************987 PP

>> sp|P51542|CP7A1_RABIT  Cytochrome P450 7A1 OS=Oryctolagus cuniculus OX=9986 GN=CYP7A1 PE=1 SV=1
   #    score  bias  c-Evalue  i-Evalue hmmfrom  hmm to    alifrom  ali to    envfrom  env to     acc
 ---   ------ ----- --------- --------- ------- -------    ------- -------    ------- -------    ----
   1 !   22.2   0.1   4.2e-06   1.9e-05       3      32 ..     271     300 ..     270     301 .. 0.94

  Alignments for each domain:
  == domain 1  score: 22.2 bits;  conditional E-value: 4.2e-06
        ihelix_seed_hmm   3 elvalvllLlvAGheTTtnaiswalllLlr 32 
                            e+++++l++l+A +++T +a++w+l+++ r
  sp|P51542|CP7A1_RABIT 271 EKAKTHLAILWASQANTIPATFWSLFHMMR 300
                            6789************************87 PP

>> sp|A0A084API1|SAT11_STACB  Cytochrome P450 monooxygenase SAT11 OS=Stachybotrys chartarum (strain CBS 109288 / IBT 771
   #    score  bias  c-Evalue  i-Evalue hmmfrom  hmm to    alifrom  ali to    envfrom  env to     acc
 ---   ------ ----- --------- --------- ------- -------    ------- -------    ------- -------    ----
   1 !   22.3   1.4     4e-06   1.8e-05      10      33 .]     310     333 ..     306     333 .. 0.96

  Alignments for each domain:
  == domain 1  score: 22.3 bits;  conditional E-value: 4e-06
            ihelix_seed_hmm  10 lLlvAGheTTtnaiswalllLlrh 33 
                                ++l+AG+eTT+ +++ ++++Ll++
  sp|A0A084API1|SAT11_STACB 310 VFLFAGTETTSRTLAVTMFYLLTN 333
                                89********************98 PP

>> sp|C0SJS4|C71AJ_APIGR  Psoralen synthase (Fragment) OS=Apium graveolens OX=4045 GN=CYP71AJ2 PE=1 SV=1
   #    score  bias  c-Evalue  i-Evalue hmmfrom  hmm to    alifrom  ali to    envfrom  env to     acc
 ---   ------ ----- --------- --------- ------- -------    ------- -------    ------- -------    ----
   1 !   22.4   0.1   3.7e-06   1.7e-05       4      33 .]     280     309 ..     278     309 .. 0.93

  Alignments for each domain:
  == domain 1  score: 22.4 bits;  conditional E-value: 3.7e-06
        ihelix_seed_hmm   4 lvalvllLlvAGheTTtnaiswalllLlrh 33 
                            +++l+ ++l AG+eT ++a+ w+l +L+++
  sp|C0SJS4|C71AJ_APIGR 280 IKSLIWDMLGAGTETISTALEWTLAALIKN 309
                            6788899********************987 PP

>> sp|Q27594|CP6A9_DROME  Cytochrome P450 6a9 OS=Drosophila melanogaster OX=7227 GN=Cyp6a9 PE=2 SV=3
   #    score  bias  c-Evalue  i-Evalue hmmfrom  hmm to    alifrom  ali to    envfrom  env to     acc
 ---   ------ ----- --------- --------- ------- -------    ------- -------    ------- -------    ----
   1 !   22.4   0.2   3.5e-06   1.6e-05       2      33 .]     296     327 ..     295     327 .. 0.94

  Alignments for each domain:
  == domain 1  score: 22.4 bits;  conditional E-value: 3.5e-06
        ihelix_seed_hmm   2 eelvalvllLlvAGheTTtnaiswalllLlrh 33 
                            ee +a++ +++ AG eT++++ ++al++L+ h
  sp|Q27594|CP6A9_DROME 296 EEMAAQAFVFFGAGFETSSTTMGFALYELAQH 327
                            677899************************98 PP

>> sp|O48928|C77A3_SOYBN  Cytochrome P450 77A3 OS=Glycine max OX=3847 GN=CYP77A3 PE=2 SV=1
   #    score  bias  c-Evalue  i-Evalue hmmfrom  hmm to    alifrom  ali to    envfrom  env to     acc
 ---   ------ ----- --------- --------- ------- -------    ------- -------    ------- -------    ----
   1 !   22.1   0.2   4.6e-06   2.1e-05       2      33 .]     298     329 ..     297     329 .. 0.94

  Alignments for each domain:
  == domain 1  score: 22.1 bits;  conditional E-value: 4.6e-06
        ihelix_seed_hmm   2 eelvalvllLlvAGheTTtnaiswalllLlrh 33 
                             elv+l+ ++l +G++TT++a  w++  L+ +
  sp|O48928|C77A3_SOYBN 298 AELVSLCSEFLNGGTDTTATAVEWGIAQLIAN 329
                            69**************************9876 PP

>> sp|F1B283|C4H2_PETHY  Trans-cinnamate 4-monooxygenase C4H2 OS=Petunia hybrida OX=4102 GN=C4H2 PE=2 SV=1
   #    score  bias  c-Evalue  i-Evalue hmmfrom  hmm to    alifrom  ali to    envfrom  env to     acc
 ---   ------ ----- --------- --------- ------- -------    ------- -------    ------- -------    ----
   1 !   23.4   0.2   1.8e-06   8.2e-06       2      33 .]     294     325 ..     293     325 .. 0.95

  Alignments for each domain:
  == domain 1  score: 23.4 bits;  conditional E-value: 1.8e-06
       ihelix_seed_hmm   2 eelvalvllLlvAGheTTtnaiswalllLlrh 33 
                           ++++++v ++ vA++eTT ++i w++ +L++h
  sp|F1B283|C4H2_PETHY 294 DNVLYIVENINVAAIETTLWSIEWGIAELVNH 325
                           89999*************************98 PP

>> sp|Q8VQF6|CINA_CITBR  1,8-cineole 2-endo-monooxygenase OS=Citrobacter braakii OX=57706 GN=cinA PE=1 SV=1
   #    score  bias  c-Evalue  i-Evalue hmmfrom  hmm to    alifrom  ali to    envfrom  env to     acc
 ---   ------ ----- --------- --------- ------- -------    ------- -------    ------- -------    ----
   1 !   21.8   0.1   5.8e-06   2.6e-05       1      32 [.     225     256 ..     225     257 .. 0.95

  Alignments for each domain:
  == domain 1  score: 21.8 bits;  conditional E-value: 5.8e-06
       ihelix_seed_hmm   1 deelvalvllLlvAGheTTtnaiswalllLlr 32 
                           +++l+++++ Ll++G+++T+ ++s++++ L++
  sp|Q8VQF6|CINA_CITBR 225 EDDLIGFFTILLLGGIDNTARFLSSVFWRLAW 256
                           589***************************97 PP

>> sp|P58046|C71AF_ARATH  Cytochrome P450 71A15 OS=Arabidopsis thaliana OX=3702 GN=CYP71A15 PE=3 SV=1
   #    score  bias  c-Evalue  i-Evalue hmmfrom  hmm to    alifrom  ali to    envfrom  env to     acc
 ---   ------ ----- --------- --------- ------- -------    ------- -------    ------- -------    ----
   1 !   21.8   0.3   5.6e-06   2.6e-05       3      33 .]     287     317 ..     285     317 .. 0.95

  Alignments for each domain:
  == domain 1  score: 21.8 bits;  conditional E-value: 5.6e-06
        ihelix_seed_hmm   3 elvalvllLlvAGheTTtnaiswalllLlrh 33 
                            +++ ++l+++++G+ TT +++ w++ +L+rh
  sp|P58046|C71AF_ARATH 287 DIKFIILDIFLGGTTTTNSLLEWTMTELIRH 317
                            78999*************************9 PP

>> sp|Q9V9L1|CP6W1_DROME  Probable cytochrome P450 6w1 OS=Drosophila melanogaster OX=7227 GN=Cyp6w1 PE=2 SV=1
   #    score  bias  c-Evalue  i-Evalue hmmfrom  hmm to    alifrom  ali to    envfrom  env to     acc
 ---   ------ ----- --------- --------- ------- -------    ------- -------    ------- -------    ----
   1 !   21.7   0.3     6e-06   2.7e-05       2      33 .]     293     324 ..     292     324 .. 0.96

  Alignments for each domain:
  == domain 1  score: 21.7 bits;  conditional E-value: 6e-06
        ihelix_seed_hmm   2 eelvalvllLlvAGheTTtnaiswalllLlrh 33 
                            ++lva++ ++++AG eT++++ +++l++L+++
  sp|Q9V9L1|CP6W1_DROME 293 DYLVAQAAVFQTAGFETSASTMTMTLYELAKN 324
                            789***************************98 PP

>> sp|A7VMU4|AMT3_ALTAL  Cytochrome P450 monooxygenase AMT3 OS=Alternaria alternata OX=5599 GN=AMT3 PE=2 SV=2
   #    score  bias  c-Evalue  i-Evalue hmmfrom  hmm to    alifrom  ali to    envfrom  env to     acc
 ---   ------ ----- --------- --------- ------- -------    ------- -------    ------- -------    ----
   1 !   22.1   0.9   4.6e-06   2.1e-05       2      33 .]     284     315 ..     283     315 .. 0.95

  Alignments for each domain:
  == domain 1  score: 22.1 bits;  conditional E-value: 4.6e-06
       ihelix_seed_hmm   2 eelvalvllLlvAGheTTtnaiswalllLlrh 33 
                           e+++a++ l++vAG+eTT +a+s  ++lLl h
  sp|A7VMU4|AMT3_ALTAL 284 EDKHANASLFMVAGTETTITALSGLVFLLLQH 315
                           68999************************998 PP

>> sp|X2EW55|C71B1_TANPA  3-beta-hydroxylase OS=Tanacetum parthenium OX=127999 GN=CYP71CB1 PE=1 SV=1
   #    score  bias  c-Evalue  i-Evalue hmmfrom  hmm to    alifrom  ali to    envfrom  env to     acc
 ---   ------ ----- --------- --------- ------- -------    ------- -------    ------- -------    ----
   1 !   21.8   0.1   5.5e-06   2.5e-05       2      25 ..     288     311 ..     287     315 .. 0.94

  Alignments for each domain:
  == domain 1  score: 21.8 bits;  conditional E-value: 5.5e-06
        ihelix_seed_hmm   2 eelvalvllLlvAGheTTtnaisw 25 
                            + l+al+ ++++AG++TT++ai w
  sp|X2EW55|C71B1_TANPA 288 DTLKALMQEMFIAGTDTTSTAIEW 311
                            6799*******************9 PP

>> sp|Q0S7M1|CP125_RHOJR  Steroid C26-monooxygenase OS=Rhodococcus jostii (strain RHA1) OX=101510 GN=cyp125 PE=1 SV=1
   #    score  bias  c-Evalue  i-Evalue hmmfrom  hmm to    alifrom  ali to    envfrom  env to     acc
 ---   ------ ----- --------- --------- ------- -------    ------- -------    ------- -------    ----
   1 !   22.8   0.4   2.6e-06   1.2e-05       3      32 ..     292     321 ..     291     322 .. 0.88

  Alignments for each domain:
  == domain 1  score: 22.8 bits;  conditional E-value: 2.6e-06
        ihelix_seed_hmm   3 elvalvllLlvAGheTTtnaiswalllLlr 32 
                            e   +v+lL vAG+eTT nai+ +++++l 
  sp|Q0S7M1|CP125_RHOJR 292 EFGFFVILLAVAGNETTRNAITHGMMAFLD 321
                            556689********************9985 PP

>> sp|Q64406|CP3AF_CAVPO  Cytochrome P450 3A15 OS=Cavia porcellus OX=10141 GN=CYP3A15 PE=2 SV=1
   #    score  bias  c-Evalue  i-Evalue hmmfrom  hmm to    alifrom  ali to    envfrom  env to     acc
 ---   ------ ----- --------- --------- ------- -------    ------- -------    ------- -------    ----
   1 !   22.0   0.1   4.7e-06   2.2e-05       2      33 .]     293     324 ..     292     324 .. 0.96

  Alignments for each domain:
  == domain 1  score: 22.0 bits;  conditional E-value: 4.7e-06
        ihelix_seed_hmm   2 eelvalvllLlvAGheTTtnaiswalllLlrh 33 
                             e++a+ + +++AG eT+++++s +++ L++h
  sp|Q64406|CP3AF_CAVPO 293 VEILAQSIIFIFAGYETSSSTLSCIMYSLATH 324
                            599****************************9 PP

>> sp|P63710|CP125_MYCBO  Steroid C26-monooxygenase OS=Mycobacterium bovis (strain ATCC BAA-935 / AF2122/97) OX=233413 G
   #    score  bias  c-Evalue  i-Evalue hmmfrom  hmm to    alifrom  ali to    envfrom  env to     acc
 ---   ------ ----- --------- --------- ------- -------    ------- -------    ------- -------    ----
   1 !   22.3   0.1   3.8e-06   1.7e-05       1      33 []     255     287 ..     255     287 .. 0.92

  Alignments for each domain:
  == domain 1  score: 22.3 bits;  conditional E-value: 3.8e-06
        ihelix_seed_hmm   1 deelvalvllLlvAGheTTtnaiswalllLlrh 33 
                            d+e   +v+ L vAG+eTT n+i+ +++++++h
  sp|P63710|CP125_MYCBO 255 DDEFGFFVVMLAVAGNETTRNSITQGMMAFAEH 287
                            5777788999*********************98 PP

>> sp|P9WPP0|CP125_MYCTO  Steroid C26-monooxygenase OS=Mycobacterium tuberculosis (strain CDC 1551 / Oshkosh) OX=83331 G
   #    score  bias  c-Evalue  i-Evalue hmmfrom  hmm to    alifrom  ali to    envfrom  env to     acc
 ---   ------ ----- --------- --------- ------- -------    ------- -------    ------- -------    ----
   1 !   22.3   0.1   3.8e-06   1.7e-05       1      33 []     255     287 ..     255     287 .. 0.92

  Alignments for each domain:
  == domain 1  score: 22.3 bits;  conditional E-value: 3.8e-06
        ihelix_seed_hmm   1 deelvalvllLlvAGheTTtnaiswalllLlrh 33 
                            d+e   +v+ L vAG+eTT n+i+ +++++++h
  sp|P9WPP0|CP125_MYCTO 255 DDEFGFFVVMLAVAGNETTRNSITQGMMAFAEH 287
                            5777788999*********************98 PP

>> sp|P9WPP1|CP125_MYCTU  Steroid C26-monooxygenase OS=Mycobacterium tuberculosis (strain ATCC 25618 / H37Rv) OX=83332 G
   #    score  bias  c-Evalue  i-Evalue hmmfrom  hmm to    alifrom  ali to    envfrom  env to     acc
 ---   ------ ----- --------- --------- ------- -------    ------- -------    ------- -------    ----
   1 !   22.3   0.1   3.8e-06   1.7e-05       1      33 []     255     287 ..     255     287 .. 0.92

  Alignments for each domain:
  == domain 1  score: 22.3 bits;  conditional E-value: 3.8e-06
        ihelix_seed_hmm   1 deelvalvllLlvAGheTTtnaiswalllLlrh 33 
                            d+e   +v+ L vAG+eTT n+i+ +++++++h
  sp|P9WPP1|CP125_MYCTU 255 DDEFGFFVVMLAVAGNETTRNSITQGMMAFAEH 287
                            5777788999*********************98 PP

>> sp|Q54ZM4|C518A_DICDI  Probable cytochrome P450 518A1 OS=Dictyostelium discoideum OX=44689 GN=cyp518A1 PE=3 SV=1
   #    score  bias  c-Evalue  i-Evalue hmmfrom  hmm to    alifrom  ali to    envfrom  env to     acc
 ---   ------ ----- --------- --------- ------- -------    ------- -------    ------- -------    ----
   1 !   23.2   0.2     2e-06   9.1e-06       4      33 .]     290     319 ..     287     319 .. 0.93

  Alignments for each domain:
  == domain 1  score: 23.2 bits;  conditional E-value: 2e-06
        ihelix_seed_hmm   4 lvalvllLlvAGheTTtnaiswalllLlrh 33 
                            ++ +v +L++AG+eT +++  w++l+++++
  sp|Q54ZM4|C518A_DICDI 290 IIPMVNELILAGTETNSSTAEWFILTMVNN 319
                            8899***********************987 PP

>> sp|Q1ZXG6|C5131_DICDI  Probable cytochrome P450 513A1 OS=Dictyostelium discoideum OX=44689 GN=cyp513A1 PE=3 SV=1
   #    score  bias  c-Evalue  i-Evalue hmmfrom  hmm to    alifrom  ali to    envfrom  env to     acc
 ---   ------ ----- --------- --------- ------- -------    ------- -------    ------- -------    ----
   1 !   21.6   0.0   6.4e-06   2.9e-05       4      33 .]     289     318 ..     287     318 .. 0.93

  Alignments for each domain:
  == domain 1  score: 21.6 bits;  conditional E-value: 6.4e-06
        ihelix_seed_hmm   4 lvalvllLlvAGheTTtnaiswalllLlrh 33 
                            +v+++++L++AG +T++n+i + ll+L+++
  sp|Q1ZXG6|C5131_DICDI 289 VVSTCIDLQTAGADTSANTILYCLLELINN 318
                            799************************987 PP

>> sp|P24470|CP2CN_RAT  Cytochrome P450 2C23 OS=Rattus norvegicus OX=10116 GN=Cyp2c23 PE=1 SV=2
   #    score  bias  c-Evalue  i-Evalue hmmfrom  hmm to    alifrom  ali to    envfrom  env to     acc
 ---   ------ ----- --------- --------- ------- -------    ------- -------    ------- -------    ----
   1 !   22.0   1.5     5e-06   2.3e-05      10      33 .]     297     320 ..     296     320 .. 0.94

  Alignments for each domain:
  == domain 1  score: 22.0 bits;  conditional E-value: 5e-06
      ihelix_seed_hmm  10 lLlvAGheTTtnaiswalllLlrh 33 
                          +L++AG+eTT+++++++lllL ++
  sp|P24470|CP2CN_RAT 297 NLFTAGTETTSTTLRFGLLLLMKY 320
                          69*******************875 PP

>> sp|P63708|CP123_MYCBO  Putative cytochrome P450 123 OS=Mycobacterium bovis (strain ATCC BAA-935 / AF2122/97) OX=23341
   #    score  bias  c-Evalue  i-Evalue hmmfrom  hmm to    alifrom  ali to    envfrom  env to     acc
 ---   ------ ----- --------- --------- ------- -------    ------- -------    ------- -------    ----
   1 !   22.0   0.2   4.9e-06   2.2e-05       1      28 [.     226     253 ..     226     253 .. 0.96

  Alignments for each domain:
  == domain 1  score: 22.0 bits;  conditional E-value: 4.9e-06
        ihelix_seed_hmm   1 deelvalvllLlvAGheTTtnaiswall 28 
                            d+e+ a+  l+ +AG+eTTt ++++a++
  sp|P63708|CP123_MYCBO 226 DQEIMAFLFLMVIAGNETTTKLLANAVY 253
                            78999*********************98 PP

>> sp|P9WPP4|CP123_MYCTO  Putative cytochrome P450 123 OS=Mycobacterium tuberculosis (strain CDC 1551 / Oshkosh) OX=8333
   #    score  bias  c-Evalue  i-Evalue hmmfrom  hmm to    alifrom  ali to    envfrom  env to     acc
 ---   ------ ----- --------- --------- ------- -------    ------- -------    ------- -------    ----
   1 !   22.0   0.2   4.9e-06   2.2e-05       1      28 [.     226     253 ..     226     253 .. 0.96

  Alignments for each domain:
  == domain 1  score: 22.0 bits;  conditional E-value: 4.9e-06
        ihelix_seed_hmm   1 deelvalvllLlvAGheTTtnaiswall 28 
                            d+e+ a+  l+ +AG+eTTt ++++a++
  sp|P9WPP4|CP123_MYCTO 226 DQEIMAFLFLMVIAGNETTTKLLANAVY 253
                            78999*********************98 PP

>> sp|P9WPP5|CP123_MYCTU  Putative cytochrome P450 123 OS=Mycobacterium tuberculosis (strain ATCC 25618 / H37Rv) OX=8333
   #    score  bias  c-Evalue  i-Evalue hmmfrom  hmm to    alifrom  ali to    envfrom  env to     acc
 ---   ------ ----- --------- --------- ------- -------    ------- -------    ------- -------    ----
   1 !   22.0   0.2   4.9e-06   2.2e-05       1      28 [.     226     253 ..     226     253 .. 0.96

  Alignments for each domain:
  == domain 1  score: 22.0 bits;  conditional E-value: 4.9e-06
        ihelix_seed_hmm   1 deelvalvllLlvAGheTTtnaiswall 28 
                            d+e+ a+  l+ +AG+eTTt ++++a++
  sp|P9WPP5|CP123_MYCTU 226 DQEIMAFLFLMVIAGNETTTKLLANAVY 253
                            78999*********************98 PP

>> sp|P18125|CP7A1_RAT  Cytochrome P450 7A1 OS=Rattus norvegicus OX=10116 GN=Cyp7a1 PE=1 SV=1
   #    score  bias  c-Evalue  i-Evalue hmmfrom  hmm to    alifrom  ali to    envfrom  env to     acc
 ---   ------ ----- --------- --------- ------- -------    ------- -------    ------- -------    ----
   1 !   21.7   0.0   6.3e-06   2.8e-05       3      32 ..     274     303 ..     272     304 .. 0.94

  Alignments for each domain:
  == domain 1  score: 21.7 bits;  conditional E-value: 6.3e-06
      ihelix_seed_hmm   3 elvalvllLlvAGheTTtnaiswalllLlr 32 
                          e+++++l++l+A +++T +a++w+l+ ++r
  sp|P18125|CP7A1_RAT 274 EKAKTHLAILWASQANTIPATFWSLFQMIR 303
                          7899***********************987 PP

>> sp|Q9VYQ7|CP311_DROME  Probable cytochrome P450 311a1 OS=Drosophila melanogaster OX=7227 GN=Cyp311a1 PE=2 SV=1
   #    score  bias  c-Evalue  i-Evalue hmmfrom  hmm to    alifrom  ali to    envfrom  env to     acc
 ---   ------ ----- --------- --------- ------- -------    ------- -------    ------- -------    ----
   1 !   21.8   0.0   5.7e-06   2.6e-05       3      32 ..     282     311 ..     280     312 .. 0.95

  Alignments for each domain:
  == domain 1  score: 21.8 bits;  conditional E-value: 5.7e-06
        ihelix_seed_hmm   3 elvalvllLlvAGheTTtnaiswalllLlr 32 
                            e+++ + ++ +AG++TTt a s++l++L++
  sp|Q9VYQ7|CP311_DROME 282 EIRDEINTFVFAGVDTTTAAMSFVLYALAK 311
                            99**************************97 PP

>> sp|E9RHV4|CYP1_USTMD  Cytochrome P450 monooxygenase cyp1 (Fragment) OS=Ustilago maydis OX=5270 GN=cyp1 PE=2 SV=1
   #    score  bias  c-Evalue  i-Evalue hmmfrom  hmm to    alifrom  ali to    envfrom  env to     acc
 ---   ------ ----- --------- --------- ------- -------    ------- -------    ------- -------    ----
   1 !   22.3   0.1   3.9e-06   1.8e-05       2      32 ..     226     256 ..     225     257 .. 0.93

  Alignments for each domain:
  == domain 1  score: 22.3 bits;  conditional E-value: 3.9e-06
       ihelix_seed_hmm   2 eelvalvllLlvAGheTTtnaiswalllLlr 32 
                           ++l++++l+L++AG +TT+ a+sw+ +++l+
  sp|E9RHV4|CYP1_USTMD 226 QQLKDTILNLMIAGRDTTAEALSWMSWHMLT 256
                           6899*********************999987 PP

>> sp|A0A517FND1|82J17_TRIFG  Cytochrome P450 CYP82J17 OS=Trigonella foenum-graecum OX=78534 GN=CYP82J17 PE=1 SV=1
   #    score  bias  c-Evalue  i-Evalue hmmfrom  hmm to    alifrom  ali to    envfrom  env to     acc
 ---   ------ ----- --------- --------- ------- -------    ------- -------    ------- -------    ----
   1 !   22.1   2.1   4.7e-06   2.1e-05       4      33 .]     311     340 ..     310     340 .. 0.96

  Alignments for each domain:
  == domain 1  score: 22.1 bits;  conditional E-value: 4.7e-06
            ihelix_seed_hmm   4 lvalvllLlvAGheTTtnaiswalllLlrh 33 
                                ++a++++L++AG +TT+++ +w+l lLl++
  sp|A0A517FND1|82J17_TRIFG 311 IKANIVNLMIAGSDTTSTTMTWILVLLLNN 340
                                6899************************97 PP

>> sp|A2Z212|ABAH3_ORYSI  Abscisic acid 8'-hydroxylase 3 OS=Oryza sativa subsp. indica OX=39946 GN=CYP707A7 PE=3 SV=1
   #    score  bias  c-Evalue  i-Evalue hmmfrom  hmm to    alifrom  ali to    envfrom  env to     acc
 ---   ------ ----- --------- --------- ------- -------    ------- -------    ------- -------    ----
   1 !   22.0   0.0   4.9e-06   2.2e-05       1      30 [.     276     305 ..     276     307 .. 0.95

  Alignments for each domain:
  == domain 1  score: 22.0 bits;  conditional E-value: 4.9e-06
        ihelix_seed_hmm   1 deelvalvllLlvAGheTTtnaiswalllL 30 
                            de+++++++ +l+A+++TT+++++w++ +L
  sp|A2Z212|ABAH3_ORYSI 276 DEQVADNIIGVLFAAQDTTASVLTWIVKYL 305
                            79999*********************9887 PP

>> sp|Q0J185|ABAH3_ORYSJ  Abscisic acid 8'-hydroxylase 3 OS=Oryza sativa subsp. japonica OX=39947 GN=CYP707A7 PE=2 SV=1
   #    score  bias  c-Evalue  i-Evalue hmmfrom  hmm to    alifrom  ali to    envfrom  env to     acc
 ---   ------ ----- --------- --------- ------- -------    ------- -------    ------- -------    ----
   1 !   22.0   0.0   4.9e-06   2.2e-05       1      30 [.     276     305 ..     276     307 .. 0.95

  Alignments for each domain:
  == domain 1  score: 22.0 bits;  conditional E-value: 4.9e-06
        ihelix_seed_hmm   1 deelvalvllLlvAGheTTtnaiswalllL 30 
                            de+++++++ +l+A+++TT+++++w++ +L
  sp|Q0J185|ABAH3_ORYSJ 276 DEQVADNIIGVLFAAQDTTASVLTWIVKYL 305
                            79999*********************9887 PP

>> sp|P11510|CP2CC_RAT  Cytochrome P450 2C12, female-specific OS=Rattus norvegicus OX=10116 GN=Cyp2c12 PE=2 SV=1
   #    score  bias  c-Evalue  i-Evalue hmmfrom  hmm to    alifrom  ali to    envfrom  env to     acc
 ---   ------ ----- --------- --------- ------- -------    ------- -------    ------- -------    ----
   1 !   21.7   1.1   6.2e-06   2.8e-05       2      33 .]     285     316 ..     284     316 .. 0.95

  Alignments for each domain:
  == domain 1  score: 21.7 bits;  conditional E-value: 6.2e-06
      ihelix_seed_hmm   2 eelvalvllLlvAGheTTtnaiswalllLlrh 33 
                          e+l+ lv++L+++G+eT++ ++++alllL ++
  sp|P11510|CP2CC_RAT 285 EHLAILVTNLFIGGTETSSLTLRFALLLLMKY 316
                          7999*************************875 PP

>> sp|Q6WKZ1|C71DI_MENGR  Cytochrome P450 71D18 OS=Mentha gracilis OX=241069 GN=CYP71D18 PE=1 SV=1
   #    score  bias  c-Evalue  i-Evalue hmmfrom  hmm to    alifrom  ali to    envfrom  env to     acc
 ---   ------ ----- --------- --------- ------- -------    ------- -------    ------- -------    ----
   1 !   21.6   0.1   6.8e-06   3.1e-05       5      33 .]     289     317 ..     288     317 .. 0.88

  Alignments for each domain:
  == domain 1  score: 21.6 bits;  conditional E-value: 6.8e-06
        ihelix_seed_hmm   5 valvllLlvAGheTTtnaiswalllLlrh 33 
                            ++++ + + AG eT++++iswal +L r+
  sp|Q6WKZ1|C71DI_MENGR 289 KGFIFDTFSAGAETSSTTISWALSELMRN 317
                            566777799******************98 PP

>> sp|Q9XHE8|C71DI_MENSP  Cytochrome P450 71D18 OS=Mentha spicata OX=29719 GN=CYP71D18 PE=1 SV=1
   #    score  bias  c-Evalue  i-Evalue hmmfrom  hmm to    alifrom  ali to    envfrom  env to     acc
 ---   ------ ----- --------- --------- ------- -------    ------- -------    ------- -------    ----
   1 !   21.6   0.1   6.8e-06   3.1e-05       5      33 .]     289     317 ..     288     317 .. 0.88

  Alignments for each domain:
  == domain 1  score: 21.6 bits;  conditional E-value: 6.8e-06
        ihelix_seed_hmm   5 valvllLlvAGheTTtnaiswalllLlrh 33 
                            ++++ + + AG eT++++iswal +L r+
  sp|Q9XHE8|C71DI_MENSP 289 KGFIFDTFSAGAETSSTTISWALSELMRN 317
                            566777799******************98 PP

>> sp|Q4WR17|HELB1_ASPFU  Cytochrome P450 monooxygenase helB1 OS=Aspergillus fumigatus (strain ATCC MYA-4609 / CBS 10135
   #    score  bias  c-Evalue  i-Evalue hmmfrom  hmm to    alifrom  ali to    envfrom  env to     acc
 ---   ------ ----- --------- --------- ------- -------    ------- -------    ------- -------    ----
   1 !   21.8   0.6   5.8e-06   2.7e-05      11      32 ..     357     378 ..     349     379 .. 0.90

  Alignments for each domain:
  == domain 1  score: 21.8 bits;  conditional E-value: 5.8e-06
        ihelix_seed_hmm  11 LlvAGheTTtnaiswalllLlr 32 
                            +++AG eTT++ai w+++lLl 
  sp|Q4WR17|HELB1_ASPFU 357 MMLAGSETTSSAIMWTFHLLLL 378
                            689*****************96 PP

>> sp|P19100|CP17A_PIG  Steroid 17-alpha-hydroxylase/17,20 lyase OS=Sus scrofa OX=9823 GN=CYP17A1 PE=2 SV=3
   #    score  bias  c-Evalue  i-Evalue hmmfrom  hmm to    alifrom  ali to    envfrom  env to     acc
 ---   ------ ----- --------- --------- ------- -------    ------- -------    ------- -------    ----
   1 !   21.8   0.1   5.5e-06   2.5e-05       5      33 .]     293     321 ..     289     321 .. 0.92

  Alignments for each domain:
  == domain 1  score: 21.8 bits;  conditional E-value: 5.5e-06
      ihelix_seed_hmm   5 valvllLlvAGheTTtnaiswalllLlrh 33 
                          +a+v +++ AG+eT++++  w++ +Ll++
  sp|P19100|CP17A_PIG 293 LATVADIFGAGVETSASVVKWIVAFLLHY 321
                          799***********************975 PP

>> sp|Q9EPT4|CP11A_MESAU  Cholesterol side-chain cleavage enzyme, mitochondrial OS=Mesocricetus auratus OX=10036 GN=CYP1
   #    score  bias  c-Evalue  i-Evalue hmmfrom  hmm to    alifrom  ali to    envfrom  env to     acc
 ---   ------ ----- --------- --------- ------- -------    ------- -------    ------- -------    ----
   1 !   22.0   0.1     5e-06   2.3e-05       3      33 .]     311     341 ..     310     341 .. 0.93

  Alignments for each domain:
  == domain 1  score: 22.0 bits;  conditional E-value: 5e-06
        ihelix_seed_hmm   3 elvalvllLlvAGheTTtnaiswalllLlrh 33 
                            ++ a+++++l++G++TT+ ++ w+l++++++
  sp|Q9EPT4|CP11A_MESAU 311 NIQANITEMLAGGVDTTSMTLQWSLYEMAHN 341
                            67789***********************987 PP

>> sp|B8NUK6|CP51C_ASPFN  Sterol 14-alpha demethylase OS=Aspergillus flavus (strain ATCC 200026 / FGSC A1120 / IAM 13836
   #    score  bias  c-Evalue  i-Evalue hmmfrom  hmm to    alifrom  ali to    envfrom  env to     acc
 ---   ------ ----- --------- --------- ------- -------    ------- -------    ------- -------    ----
   1 !   20.0   0.1   2.1e-05   9.4e-05       1      31 [.     279     309 ..     279     310 .. 0.96

  Alignments for each domain:
  == domain 1  score: 20.0 bits;  conditional E-value: 2.1e-05
        ihelix_seed_hmm   1 deelvalvllLlvAGheTTtnaiswalllLl 31 
                            d+e+++++++Ll+AG++ +++ +sw++l L+
  sp|B8NUK6|CP51C_ASPFN 279 DKEIAHIMITLLMAGQHSSSSISSWIMLRLA 309
                            79***************************98 PP

>> sp|P20853|CP2A7_HUMAN  Cytochrome P450 2A7 OS=Homo sapiens OX=9606 GN=CYP2A7 PE=2 SV=2
   #    score  bias  c-Evalue  i-Evalue hmmfrom  hmm to    alifrom  ali to    envfrom  env to     acc
 ---   ------ ----- --------- --------- ------- -------    ------- -------    ------- -------    ----
   1 !   22.9   1.1   2.6e-06   1.2e-05       9      33 .]     296     320 ..     295     320 .. 0.96

  Alignments for each domain:
  == domain 1  score: 22.9 bits;  conditional E-value: 2.6e-06
        ihelix_seed_hmm   9 llLlvAGheTTtnaiswalllLlrh 33 
                            l+L++AG+eT+++++++++llL +h
  sp|P20853|CP2A7_HUMAN 296 LNLFIAGTETVSTTLRYGFLLLMKH 320
                            78********************998 PP

>> sp|P46634|CP7A1_CRIGR  Cholesterol 7-alpha-monooxygenase OS=Cricetulus griseus OX=10029 GN=CYP7A1 PE=3 SV=1
   #    score  bias  c-Evalue  i-Evalue hmmfrom  hmm to    alifrom  ali to    envfrom  env to     acc
 ---   ------ ----- --------- --------- ------- -------    ------- -------    ------- -------    ----
   1 !   21.7   0.0   6.3e-06   2.9e-05       3      32 ..     274     303 ..     272     304 .. 0.94

  Alignments for each domain:
  == domain 1  score: 21.7 bits;  conditional E-value: 6.3e-06
        ihelix_seed_hmm   3 elvalvllLlvAGheTTtnaiswalllLlr 32 
                            e+++++l++l+A +++T +a++w+l+ ++r
  sp|P46634|CP7A1_CRIGR 274 EKAKTHLAILWASQANTIPATFWSLFQMIR 303
                            7899***********************987 PP

>> sp|Q54CS3|C508C_DICDI  Probable cytochrome P450 508C1 OS=Dictyostelium discoideum OX=44689 GN=cyp508C1 PE=3 SV=1
   #    score  bias  c-Evalue  i-Evalue hmmfrom  hmm to    alifrom  ali to    envfrom  env to     acc
 ---   ------ ----- --------- --------- ------- -------    ------- -------    ------- -------    ----
   1 !   21.6   0.4   6.6e-06     3e-05       4      29 ..     286     311 ..     284     314 .. 0.86

  Alignments for each domain:
  == domain 1  score: 21.6 bits;  conditional E-value: 6.6e-06
        ihelix_seed_hmm   4 lvalvllLlvAGheTTtnaiswalll 29 
                            +++  l++++AG++TT+n++ w+++ 
  sp|Q54CS3|C508C_DICDI 286 ITQVTLDMFMAGTDTTANTLEWIIIK 311
                            6666799***************9975 PP

>> sp|P63712|CP126_MYCBO  Putative cytochrome P450 126 OS=Mycobacterium bovis (strain ATCC BAA-935 / AF2122/97) OX=23341
   #    score  bias  c-Evalue  i-Evalue hmmfrom  hmm to    alifrom  ali to    envfrom  env to     acc
 ---   ------ ----- --------- --------- ------- -------    ------- -------    ------- -------    ----
   1 !   21.8   0.6   5.8e-06   2.6e-05       3      33 .]     242     272 ..     240     272 .. 0.89

  Alignments for each domain:
  == domain 1  score: 21.8 bits;  conditional E-value: 5.8e-06
        ihelix_seed_hmm   3 elvalvllLlvAGheTTtnaiswalllLlrh 33 
                            el  ++ lL+ AG eTT n+i+ +ll+L+++
  sp|P63712|CP126_MYCBO 242 ELYLFFHLLFSAGAETTRNSIAGGLLALAEN 272
                            66677789*********************97 PP

>> sp|P9WPN8|CP126_MYCTO  Putative cytochrome P450 126 OS=Mycobacterium tuberculosis (strain CDC 1551 / Oshkosh) OX=8333
   #    score  bias  c-Evalue  i-Evalue hmmfrom  hmm to    alifrom  ali to    envfrom  env to     acc
 ---   ------ ----- --------- --------- ------- -------    ------- -------    ------- -------    ----
   1 !   21.8   0.6   5.8e-06   2.6e-05       3      33 .]     242     272 ..     240     272 .. 0.89

  Alignments for each domain:
  == domain 1  score: 21.8 bits;  conditional E-value: 5.8e-06
        ihelix_seed_hmm   3 elvalvllLlvAGheTTtnaiswalllLlrh 33 
                            el  ++ lL+ AG eTT n+i+ +ll+L+++
  sp|P9WPN8|CP126_MYCTO 242 ELYLFFHLLFSAGAETTRNSIAGGLLALAEN 272
                            66677789*********************97 PP

>> sp|P9WPN9|CP126_MYCTU  Putative cytochrome P450 126 OS=Mycobacterium tuberculosis (strain ATCC 25618 / H37Rv) OX=8333
   #    score  bias  c-Evalue  i-Evalue hmmfrom  hmm to    alifrom  ali to    envfrom  env to     acc
 ---   ------ ----- --------- --------- ------- -------    ------- -------    ------- -------    ----
   1 !   21.8   0.6   5.8e-06   2.6e-05       3      33 .]     242     272 ..     240     272 .. 0.89

  Alignments for each domain:
  == domain 1  score: 21.8 bits;  conditional E-value: 5.8e-06
        ihelix_seed_hmm   3 elvalvllLlvAGheTTtnaiswalllLlrh 33 
                            el  ++ lL+ AG eTT n+i+ +ll+L+++
  sp|P9WPN9|CP126_MYCTU 242 ELYLFFHLLFSAGAETTRNSIAGGLLALAEN 272
                            66677789*********************97 PP

>> sp|A0A2Z5TMB8|HIMC_ASPJA  Cytochrome P450 monooxygenase himC OS=Aspergillus japonicus OX=34381 GN=himC PE=3 SV=1
   #    score  bias  c-Evalue  i-Evalue hmmfrom  hmm to    alifrom  ali to    envfrom  env to     acc
 ---   ------ ----- --------- --------- ------- -------    ------- -------    ------- -------    ----
   1 !   21.7   0.0   6.1e-06   2.8e-05       3      33 .]     348     378 ..     346     378 .. 0.95

  Alignments for each domain:
  == domain 1  score: 21.7 bits;  conditional E-value: 6.1e-06
           ihelix_seed_hmm   3 elvalvllLlvAGheTTtnaiswalllLlrh 33 
                                +++  l++l+AG +TT++++++ ++ L+rh
  sp|A0A2Z5TMB8|HIMC_ASPJA 348 RIRDELLNILIAGRDTTASLLGSLFYVLARH 378
                               689999************************9 PP

>> sp|P11509|CP2A6_HUMAN  Cytochrome P450 2A6 OS=Homo sapiens OX=9606 GN=CYP2A6 PE=1 SV=4
   #    score  bias  c-Evalue  i-Evalue hmmfrom  hmm to    alifrom  ali to    envfrom  env to     acc
 ---   ------ ----- --------- --------- ------- -------    ------- -------    ------- -------    ----
   1 !   22.8   1.2   2.7e-06   1.2e-05       3      33 .]     290     320 ..     288     320 .. 0.90

  Alignments for each domain:
  == domain 1  score: 22.8 bits;  conditional E-value: 2.7e-06
        ihelix_seed_hmm   3 elvalvllLlvAGheTTtnaiswalllLlrh 33 
                            +lv + l+L+++G+eT+++++++++llL +h
  sp|P11509|CP2A6_HUMAN 290 NLVMTTLNLFIGGTETVSTTLRYGFLLLMKH 320
                            56667799********************998 PP

>> sp|G0KYB2|TRI4_TRIAR  Cytochrome P450 monooxygenase TRI4 OS=Trichoderma arundinaceum OX=490622 GN=TRI4 PE=1 SV=1
   #    score  bias  c-Evalue  i-Evalue hmmfrom  hmm to    alifrom  ali to    envfrom  env to     acc
 ---   ------ ----- --------- --------- ------- -------    ------- -------    ------- -------    ----
   1 !   21.6   2.1   6.6e-06     3e-05      10      33 .]     307     330 ..     306     330 .. 0.95

  Alignments for each domain:
  == domain 1  score: 21.6 bits;  conditional E-value: 6.6e-06
       ihelix_seed_hmm  10 lLlvAGheTTtnaiswalllLlrh 33 
                           ++l+AG+eTT+ +++ ++++Ll++
  sp|G0KYB2|TRI4_TRIAR 307 VFLFAGTETTSRTLGITMFYLLSN 330
                           89********************87 PP

>> sp|O34926|CYPX_BACSU  Pulcherriminic acid synthase OS=Bacillus subtilis (strain 168) OX=224308 GN=cypX PE=1 SV=1
   #    score  bias  c-Evalue  i-Evalue hmmfrom  hmm to    alifrom  ali to    envfrom  env to     acc
 ---   ------ ----- --------- --------- ------- -------    ------- -------    ------- -------    ----
   1 !   21.9   0.1   5.3e-06   2.4e-05       1      33 []     220     252 ..     220     252 .. 0.97

  Alignments for each domain:
  == domain 1  score: 21.9 bits;  conditional E-value: 5.3e-06
       ihelix_seed_hmm   1 deelvalvllLlvAGheTTtnaiswalllLlrh 33 
                           d++++al+l++l+A++e +  +++ ++++Ll++
  sp|O34926|CYPX_BACSU 220 DKDILALILNVLLAATEPADKTLALMIYHLLNN 252
                           789****************************97 PP

>> sp|Q8K0C4|CP51A_MOUSE  Lanosterol 14-alpha demethylase OS=Mus musculus OX=10090 GN=Cyp51a1 PE=1 SV=1
   #    score  bias  c-Evalue  i-Evalue hmmfrom  hmm to    alifrom  ali to    envfrom  env to     acc
 ---   ------ ----- --------- --------- ------- -------    ------- -------    ------- -------    ----
   1 !   21.6   0.2   6.4e-06   2.9e-05       1      32 [.     298     329 ..     298     330 .. 0.94

  Alignments for each domain:
  == domain 1  score: 21.6 bits;  conditional E-value: 6.4e-06
        ihelix_seed_hmm   1 deelvalvllLlvAGheTTtnaiswalllLlr 32 
                            dee+ ++ + Ll+AG++T++++++w+ ++L++
  sp|Q8K0C4|CP51A_MOUSE 298 DEEISGMLIGLLLAGQHTSSTTSAWMGFFLAK 329
                            799***********************999886 PP

>> sp|O81971|C71D9_SOYBN  Cytochrome P450 71D9 OS=Glycine max OX=3847 GN=CYP71D9 PE=2 SV=1
   #    score  bias  c-Evalue  i-Evalue hmmfrom  hmm to    alifrom  ali to    envfrom  env to     acc
 ---   ------ ----- --------- --------- ------- -------    ------- -------    ------- -------    ----
   1 !   21.4   0.0   7.4e-06   3.3e-05       1      33 []     285     317 ..     285     317 .. 0.94

  Alignments for each domain:
  == domain 1  score: 21.4 bits;  conditional E-value: 7.4e-06
        ihelix_seed_hmm   1 deelvalvllLlvAGheTTtnaiswalllLlrh 33 
                            de ++a + +++ +G +T++ +i+wa+ +++++
  sp|O81971|C71D9_SOYBN 285 DESIKAVIWDIFGGGSDTSSATITWAMAEMIKN 317
                            688999999*********************987 PP

>> sp|A0A0D1DMJ7|CYP1_USTMA  Cytochrome P450 monooxygenase cyp1 OS=Ustilago maydis (strain 521 / FGSC 9021) OX=237631 GN
   #    score  bias  c-Evalue  i-Evalue hmmfrom  hmm to    alifrom  ali to    envfrom  env to     acc
 ---   ------ ----- --------- --------- ------- -------    ------- -------    ------- -------    ----
   1 !   21.7   0.1   6.3e-06   2.9e-05       2      32 ..     412     442 ..     411     443 .. 0.93

  Alignments for each domain:
  == domain 1  score: 21.7 bits;  conditional E-value: 6.3e-06
           ihelix_seed_hmm   2 eelvalvllLlvAGheTTtnaiswalllLlr 32 
                               ++l++++l+L++AG +TT+ a+sw+ +++l+
  sp|A0A0D1DMJ7|CYP1_USTMA 412 QQLKDTILNLMIAGRDTTAEALSWMSWHMLT 442
                               6899*********************999987 PP

>> sp|Q6XVG2|CP254_MOUSE  Cytochrome P450 2C54 OS=Mus musculus OX=10090 GN=Cyp2c54 PE=1 SV=1
   #    score  bias  c-Evalue  i-Evalue hmmfrom  hmm to    alifrom  ali to    envfrom  env to     acc
 ---   ------ ----- --------- --------- ------- -------    ------- -------    ------- -------    ----
   1 !   21.6   0.8   6.7e-06   3.1e-05       2      33 .]     285     316 ..     285     316 .. 0.96

  Alignments for each domain:
  == domain 1  score: 21.6 bits;  conditional E-value: 6.7e-06
        ihelix_seed_hmm   2 eelvalvllLlvAGheTTtnaiswalllLlrh 33 
                            e+l+ +v++L+++G+e +++++++alllLl++
  sp|Q6XVG2|CP254_MOUSE 285 EHLAITVTDLFIGGTESMSTTLRYALLLLLKY 316
                            78999*************************86 PP

>> sp|O49340|C71AC_ARATH  Cytochrome P450 71A12 OS=Arabidopsis thaliana OX=3702 GN=CYP71A12 PE=1 SV=1
   #    score  bias  c-Evalue  i-Evalue hmmfrom  hmm to    alifrom  ali to    envfrom  env to     acc
 ---   ------ ----- --------- --------- ------- -------    ------- -------    ------- -------    ----
   1 !   21.3   0.0     8e-06   3.6e-05       2      33 .]     286     317 ..     285     317 .. 0.96

  Alignments for each domain:
  == domain 1  score: 21.3 bits;  conditional E-value: 8e-06
        ihelix_seed_hmm   2 eelvalvllLlvAGheTTtnaiswalllLlrh 33 
                            ++++ ++l+++++G+ T+++++ w++ +L+r+
  sp|O49340|C71AC_ARATH 286 DDIKFMILDMFIGGTSTSSTLLEWIMTELIRN 317
                            78999************************998 PP

>> sp|Q92113|CP17A_SQUAC  Steroid 17-alpha-hydroxylase/17,20 lyase OS=Squalus acanthias OX=7797 GN=CYP17A1 PE=2 SV=1
   #    score  bias  c-Evalue  i-Evalue hmmfrom  hmm to    alifrom  ali to    envfrom  env to     acc
 ---   ------ ----- --------- --------- ------- -------    ------- -------    ------- -------    ----
   1 !   21.6   0.3   6.7e-06   3.1e-05       5      33 .]     296     324 ..     292     324 .. 0.89

  Alignments for each domain:
  == domain 1  score: 21.6 bits;  conditional E-value: 6.7e-06
        ihelix_seed_hmm   5 valvllLlvAGheTTtnaiswalllLlrh 33 
                            v +v +++ AG+eT+++a +w++++L++h
  sp|Q92113|CP17A_SQUAC 296 VMTVADIFGAGVETSSTAFAWMIIYLIHH 324
                            56899*********************988 PP

>> sp|P33269|CP4D1_DROME  Cytochrome P450 4d1 OS=Drosophila melanogaster OX=7227 GN=Cyp4d1 PE=2 SV=2
   #    score  bias  c-Evalue  i-Evalue hmmfrom  hmm to    alifrom  ali to    envfrom  env to     acc
 ---   ------ ----- --------- --------- ------- -------    ------- -------    ------- -------    ----
   1 !   21.6   0.0   6.8e-06   3.1e-05       4      33 .]     306     335 ..     304     335 .. 0.92

  Alignments for each domain:
  == domain 1  score: 21.6 bits;  conditional E-value: 6.8e-06
        ihelix_seed_hmm   4 lvalvllLlvAGheTTtnaiswalllLlrh 33 
                            ++  v ++++ Gh+TT++a+ ++++  ++h
  sp|P33269|CP4D1_DROME 306 IREEVDTFMFEGHDTTSSALMFFFYNIATH 335
                            6667899*********************99 PP

>> sp|P30607|CP52B_CANTR  Cytochrome P450 52A2 OS=Candida tropicalis OX=5482 GN=CYP52A2 PE=1 SV=1
   #    score  bias  c-Evalue  i-Evalue hmmfrom  hmm to    alifrom  ali to    envfrom  env to     acc
 ---   ------ ----- --------- --------- ------- -------    ------- -------    ------- -------    ----
   1 !   21.6   0.1   6.8e-06   3.1e-05       4      32 ..     308     336 ..     307     337 .. 0.95

  Alignments for each domain:
  == domain 1  score: 21.6 bits;  conditional E-value: 6.8e-06
        ihelix_seed_hmm   4 lvalvllLlvAGheTTtnaiswalllLlr 32 
                            l+++ l++lvAG +TT+ ++s+++++L+r
  sp|P30607|CP52B_CANTR 308 LRDQLLNILVAGRDTTAGLLSFVFFELAR 336
                            68899***********************8 PP

>> sp|Q9V773|C6A20_DROME  Probable cytochrome P450 6a20 OS=Drosophila melanogaster OX=7227 GN=Cyp6a20 PE=2 SV=2
   #    score  bias  c-Evalue  i-Evalue hmmfrom  hmm to    alifrom  ali to    envfrom  env to     acc
 ---   ------ ----- --------- --------- ------- -------    ------- -------    ------- -------    ----
   1 !   21.5   0.4   6.9e-06   3.2e-05       2      31 ..     293     322 ..     293     324 .. 0.95

  Alignments for each domain:
  == domain 1  score: 21.5 bits;  conditional E-value: 6.9e-06
        ihelix_seed_hmm   2 eelvalvllLlvAGheTTtnaiswalllLl 31 
                            +e++a++  +++AG eT++++ ++al++L+
  sp|Q9V773|C6A20_DROME 293 NEIAAQAFIFFLAGFETSSTTMGFALYELA 322
                            59***************************8 PP

>> sp|Q9FF18|C7351_ARATH  Cytokinin hydroxylase OS=Arabidopsis thaliana OX=3702 GN=CYP735A1 PE=1 SV=1
   #    score  bias  c-Evalue  i-Evalue hmmfrom  hmm to    alifrom  ali to    envfrom  env to     acc
 ---   ------ ----- --------- --------- ------- -------    ------- -------    ------- -------    ----
   1 !   21.7   0.8   6.2e-06   2.8e-05      10      31 ..     324     345 ..     319     347 .. 0.92

  Alignments for each domain:
  == domain 1  score: 21.7 bits;  conditional E-value: 6.2e-06
        ihelix_seed_hmm  10 lLlvAGheTTtnaiswalllLl 31 
                            ++++AGheTT+ +++w+++lL+
  sp|Q9FF18|C7351_ARATH 324 TFFFAGHETTALLLTWTTMLLA 345
                            79*******************8 PP

>> sp|Q947B7|MFS_MENPI  (+)-menthofuran synthase OS=Mentha piperita OX=34256 PE=1 SV=1
   #    score  bias  c-Evalue  i-Evalue hmmfrom  hmm to    alifrom  ali to    envfrom  env to     acc
 ---   ------ ----- --------- --------- ------- -------    ------- -------    ------- -------    ----
   1 !   20.8   0.1   1.2e-05   5.4e-05       4      33 .]     285     314 ..     282     314 .. 0.93

  Alignments for each domain:
  == domain 1  score: 20.8 bits;  conditional E-value: 1.2e-05
      ihelix_seed_hmm   4 lvalvllLlvAGheTTtnaiswalllLlrh 33 
                          ++al+ ++  AG++TT  a+ w++ +L+++
  sp|Q947B7|MFS_MENPI 285 IKALIFDMVSAGTDTTFAALEWTMAELIKN 314
                          899************************987 PP

>> sp|F1SY77|CY081_POSPM  Cytochrome P450 monooxygenase 81 OS=Postia placenta (strain ATCC 44394 / Madison 698-R) OX=561
   #    score  bias  c-Evalue  i-Evalue hmmfrom  hmm to    alifrom  ali to    envfrom  env to     acc
 ---   ------ ----- --------- --------- ------- -------    ------- -------    ------- -------    ----
   1 !   21.1   0.5   9.5e-06   4.3e-05       1      24 [.     312     335 ..     312     342 .. 0.91

  Alignments for each domain:
  == domain 1  score: 21.1 bits;  conditional E-value: 9.5e-06
        ihelix_seed_hmm   1 deelvalvllLlvAGheTTtnais 24 
                            +eelva++ ++l+A+++TT+n+++
  sp|F1SY77|CY081_POSPM 312 EEELVAQMSTFLFAATDTTSNTLA 335
                            69********************98 PP

>> sp|W8JCE8|CYBT1_CATRO  Cytochrome P450 71BT1 OS=Catharanthus roseus OX=4058 GN=CYP71BT1 PE=2 SV=1
   #    score  bias  c-Evalue  i-Evalue hmmfrom  hmm to    alifrom  ali to    envfrom  env to     acc
 ---   ------ ----- --------- --------- ------- -------    ------- -------    ------- -------    ----
   1 !   21.6   0.2   6.6e-06     3e-05       1      28 [.     295     322 ..     295     323 .. 0.95

  Alignments for each domain:
  == domain 1  score: 21.6 bits;  conditional E-value: 6.6e-06
        ihelix_seed_hmm   1 deelvalvllLlvAGheTTtnaiswall 28 
                            d++++a +l+++ AG +TT+ ++ wal 
  sp|W8JCE8|CYBT1_CATRO 295 DDNIKAVILDIFGAGGDTTAATLEWALA 322
                            79************************96 PP

>> sp|Q9Y758|CP52M_DEBHN  Cytochrome P450 52A13 OS=Debaryomyces hansenii OX=4959 GN=CYP52A13 PE=2 SV=1
   #    score  bias  c-Evalue  i-Evalue hmmfrom  hmm to    alifrom  ali to    envfrom  env to     acc
 ---   ------ ----- --------- --------- ------- -------    ------- -------    ------- -------    ----
   1 !   21.5   0.2     7e-06   3.2e-05       7      33 .]     310     336 ..     307     336 .. 0.94

  Alignments for each domain:
  == domain 1  score: 21.5 bits;  conditional E-value: 7e-06
        ihelix_seed_hmm   7 lvllLlvAGheTTtnaiswalllLlrh 33 
                            + l++l+AG +TT+ ++s+++++L+rh
  sp|Q9Y758|CP52M_DEBHN 310 QLLNILLAGRDTTAGLLSFTFFELARH 336
                            6799**********************9 PP

>> sp|P50859|CP51_CANGA  Lanosterol 14-alpha demethylase OS=Candida glabrata (strain ATCC 2001 / BCRC 20586 / JCM 3761 /
   #    score  bias  c-Evalue  i-Evalue hmmfrom  hmm to    alifrom  ali to    envfrom  env to     acc
 ---   ------ ----- --------- --------- ------- -------    ------- -------    ------- -------    ----
   1 !   21.7   0.2   6.3e-06   2.8e-05       1      32 [.     302     333 ..     302     334 .. 0.96

  Alignments for each domain:
  == domain 1  score: 21.7 bits;  conditional E-value: 6.3e-06
       ihelix_seed_hmm   1 deelvalvllLlvAGheTTtnaiswalllLlr 32 
                           d+e+++l + +l++G++T++ +++w ll+L++
  sp|P50859|CP51_CANGA 302 DQEIANLLIGVLMGGQHTSAATSAWCLLHLAE 333
                           79****************************96 PP

>> sp|P37123|C77A1_SOLME  Cytochrome P450 77A1 (Fragment) OS=Solanum melongena OX=4111 GN=CYP77A1 PE=2 SV=1
   #    score  bias  c-Evalue  i-Evalue hmmfrom  hmm to    alifrom  ali to    envfrom  env to     acc
 ---   ------ ----- --------- --------- ------- -------    ------- -------    ------- -------    ----
   1 !   21.0   0.3     1e-05   4.5e-05       3      33 .]     291     321 ..     290     321 .. 0.94

  Alignments for each domain:
  == domain 1  score: 21.0 bits;  conditional E-value: 1e-05
        ihelix_seed_hmm   3 elvalvllLlvAGheTTtnaiswalllLlrh 33 
                            elv l+ ++l +G++TT++a+ w++  L ++
  sp|P37123|C77A1_SOLME 291 ELVTLCSEFLNGGTDTTATALEWGIGRLMEN 321
                            89999*********************99876 PP

>> sp|O16805|CP4D1_DROSI  Cytochrome P450 4d1 OS=Drosophila simulans OX=7240 GN=Cyp4d1 PE=3 SV=1
   #    score  bias  c-Evalue  i-Evalue hmmfrom  hmm to    alifrom  ali to    envfrom  env to     acc
 ---   ------ ----- --------- --------- ------- -------    ------- -------    ------- -------    ----
   1 !   21.6   0.0   6.8e-06   3.1e-05       4      33 .]     306     335 ..     304     335 .. 0.92

  Alignments for each domain:
  == domain 1  score: 21.6 bits;  conditional E-value: 6.8e-06
        ihelix_seed_hmm   4 lvalvllLlvAGheTTtnaiswalllLlrh 33 
                            ++  v ++++ Gh+TT++a+ ++++  ++h
  sp|O16805|CP4D1_DROSI 306 IREEVDTFMFEGHDTTSSALMFFFYNIATH 335
                            6667899*********************99 PP

>> sp|Q9LTM0|C71BN_ARATH  Cytochrome P450 71B23 OS=Arabidopsis thaliana OX=3702 GN=CYP71B23 PE=2 SV=1
   #    score  bias  c-Evalue  i-Evalue hmmfrom  hmm to    alifrom  ali to    envfrom  env to     acc
 ---   ------ ----- --------- --------- ------- -------    ------- -------    ------- -------    ----
   1 !   21.4   0.5   7.5e-06   3.4e-05       2      33 .]     291     322 ..     290     322 .. 0.96

  Alignments for each domain:
  == domain 1  score: 21.4 bits;  conditional E-value: 7.5e-06
        ihelix_seed_hmm   2 eelvalvllLlvAGheTTtnaiswalllLlrh 33 
                            +++++++ ++++AG+ T++++i wa+ +L+r+
  sp|Q9LTM0|C71BN_ARATH 291 DHIKGIISDIFLAGVNTSATTILWAMTELIRN 322
                            89***************************998 PP

>> sp|Q9ZW95|C7352_ARATH  Cytokinin hydroxylase OS=Arabidopsis thaliana OX=3702 GN=CYP735A2 PE=1 SV=1
   #    score  bias  c-Evalue  i-Evalue hmmfrom  hmm to    alifrom  ali to    envfrom  env to     acc
 ---   ------ ----- --------- --------- ------- -------    ------- -------    ------- -------    ----
   1 !   21.4   1.2   7.4e-06   3.4e-05       8      33 .]     316     341 ..     310     341 .. 0.88

  Alignments for each domain:
  == domain 1  score: 21.4 bits;  conditional E-value: 7.4e-06
        ihelix_seed_hmm   8 vllLlvAGheTTtnaiswalllLlrh 33 
                            + ++++ GheTT+ +++w+l+lL+++
  sp|Q9ZW95|C7352_ARATH 316 CKTFFFTGHETTSLLLTWTLMLLAHN 341
                            5689********************87 PP

>> sp|G4XV71|C93C2_GLYUR  2-hydroxyisoflavanone synthase OS=Glycyrrhiza uralensis OX=74613 GN=CYP93C2 PE=2 SV=2
   #    score  bias  c-Evalue  i-Evalue hmmfrom  hmm to    alifrom  ali to    envfrom  env to     acc
 ---   ------ ----- --------- --------- ------- -------    ------- -------    ------- -------    ----
   1 !   21.2   0.0   8.5e-06   3.9e-05       2      33 .]     294     325 ..     293     325 .. 0.95

  Alignments for each domain:
  == domain 1  score: 21.2 bits;  conditional E-value: 8.5e-06
        ihelix_seed_hmm   2 eelvalvllLlvAGheTTtnaiswalllLlrh 33 
                            e++++lv++++ AG++ T+ a+ wal +L+++
  sp|G4XV71|C93C2_GLYUR 294 EQIKGLVVDFFSAGTDSTAVATEWALSELINN 325
                            89***************************987 PP

>> sp|Q09736|CP51_SCHPO  Lanosterol 14-alpha demethylase erg11 OS=Schizosaccharomyces pombe (strain 972 / ATCC 24843) OX
   #    score  bias  c-Evalue  i-Evalue hmmfrom  hmm to    alifrom  ali to    envfrom  env to     acc
 ---   ------ ----- --------- --------- ------- -------    ------- -------    ------- -------    ----
   1 !   21.5   2.3   7.1e-06   3.2e-05       2      30 ..     276     304 ..     275     304 .. 0.95

  Alignments for each domain:
  == domain 1  score: 21.5 bits;  conditional E-value: 7.1e-06
       ihelix_seed_hmm   2 eelvalvllLlvAGheTTtnaiswalllL 30 
                           +e+++++++Ll+AG++T++ +i w+l lL
  sp|Q09736|CP51_SCHPO 276 HEIAGMMIALLMAGQHTSAATIVWVLALL 304
                           79************************998 PP

>> sp|O49342|C71AD_ARATH  Indoleacetaldoxime dehydratase OS=Arabidopsis thaliana OX=3702 GN=CYP71A13 PE=1 SV=1
   #    score  bias  c-Evalue  i-Evalue hmmfrom  hmm to    alifrom  ali to    envfrom  env to     acc
 ---   ------ ----- --------- --------- ------- -------    ------- -------    ------- -------    ----
   1 !   22.2   0.2   4.2e-06   1.9e-05       2      32 ..     286     316 ..     285     317 .. 0.93

  Alignments for each domain:
  == domain 1  score: 22.2 bits;  conditional E-value: 4.2e-06
        ihelix_seed_hmm   2 eelvalvllLlvAGheTTtnaiswalllLlr 32 
                            ++++ ++l+++++G+ TT++++ w++ +L+r
  sp|O49342|C71AD_ARATH 286 NDIKFMILDMFIGGTSTTSTLLEWTMTELIR 316
                            57999*********************99987 PP

>> sp|Q9SWR5|C93C1_SOYBN  2-hydroxyisoflavanone synthase OS=Glycine max OX=3847 GN=IFS2 PE=2 SV=1
   #    score  bias  c-Evalue  i-Evalue hmmfrom  hmm to    alifrom  ali to    envfrom  env to     acc
 ---   ------ ----- --------- --------- ------- -------    ------- -------    ------- -------    ----
   1 !   22.4   0.0   3.6e-06   1.6e-05       2      33 .]     292     323 ..     291     323 .. 0.96

  Alignments for each domain:
  == domain 1  score: 22.4 bits;  conditional E-value: 3.6e-06
        ihelix_seed_hmm   2 eelvalvllLlvAGheTTtnaiswalllLlrh 33 
                            +++++lv++++ AG++ T+ a+ wal +L+++
  sp|Q9SWR5|C93C1_SOYBN 292 DHIKGLVVDFFSAGTDSTAVATEWALAELINN 323
                            89***************************987 PP

>> sp|A0A1W5T1Y6|POXM_PENOX  Cytochrome P450 monooxygenase poxM OS=Penicillium oxalicum OX=69781 GN=poxM PE=1 SV=1
   #    score  bias  c-Evalue  i-Evalue hmmfrom  hmm to    alifrom  ali to    envfrom  env to     acc
 ---   ------ ----- --------- --------- ------- -------    ------- -------    ------- -------    ----
   1 !   20.8   1.8   1.2e-05   5.4e-05       2      31 ..     298     327 ..     297     329 .. 0.90

  Alignments for each domain:
  == domain 1  score: 20.8 bits;  conditional E-value: 1.2e-05
           ihelix_seed_hmm   2 eelvalvllLlvAGheTTtnaiswalllLl 31 
                               +el + + +L+vAG +TT+++++ ++++L+
  sp|A0A1W5T1Y6|POXM_PENOX 298 NELSGEAATLIVAGSDTTATTLAATMFYLS 327
                               57778899********************97 PP

>> sp|S7ZK63|POXM_PENO1  Cytochrome P450 monooxygenase poxM OS=Penicillium oxalicum (strain 114-2 / CGMCC 5302) OX=93338
   #    score  bias  c-Evalue  i-Evalue hmmfrom  hmm to    alifrom  ali to    envfrom  env to     acc
 ---   ------ ----- --------- --------- ------- -------    ------- -------    ------- -------    ----
   1 !   20.8   1.8   1.2e-05   5.4e-05       2      31 ..     298     327 ..     297     329 .. 0.90

  Alignments for each domain:
  == domain 1  score: 20.8 bits;  conditional E-value: 1.2e-05
       ihelix_seed_hmm   2 eelvalvllLlvAGheTTtnaiswalllLl 31 
                           +el + + +L+vAG +TT+++++ ++++L+
  sp|S7ZK63|POXM_PENO1 298 NELSGEAATLIVAGSDTTATTLAATMFYLS 327
                           57778899********************97 PP

>> sp|I1S163|FSL4_GIBZE  Cytochrome P450 monooxygenase FSL4 OS=Gibberella zeae (strain ATCC MYA-4620 / CBS 123657 / FGSC
   #    score  bias  c-Evalue  i-Evalue hmmfrom  hmm to    alifrom  ali to    envfrom  env to     acc
 ---   ------ ----- --------- --------- ------- -------    ------- -------    ------- -------    ----
   1 !   22.4   0.1   3.7e-06   1.7e-05       1      30 [.     336     365 ..     336     366 .. 0.96

  Alignments for each domain:
  == domain 1  score: 22.4 bits;  conditional E-value: 3.7e-06
       ihelix_seed_hmm   1 deelvalvllLlvAGheTTtnaiswalllL 30 
                           d++lv+ v+++lvAGhe T++a  wa+++L
  sp|I1S163|FSL4_GIBZE 336 DDQLVDHVMAFLVAGHESTATAFEWAMYEL 365
                           7899999*********************98 PP

>> sp|P04800|CP3A1_RAT  Cytochrome P450 3A1 OS=Rattus norvegicus OX=10116 GN=Cyp3a1 PE=1 SV=1
   #    score  bias  c-Evalue  i-Evalue hmmfrom  hmm to    alifrom  ali to    envfrom  env to     acc
 ---   ------ ----- --------- --------- ------- -------    ------- -------    ------- -------    ----
   1 !   21.5   0.1   7.2e-06   3.3e-05       3      33 .]     295     325 ..     293     325 .. 0.97

  Alignments for each domain:
  == domain 1  score: 21.5 bits;  conditional E-value: 7.2e-06
      ihelix_seed_hmm   3 elvalvllLlvAGheTTtnaiswalllLlrh 33 
                          e++a+ + +++AG e T++++s++l+ L++h
  sp|P04800|CP3A1_RAT 295 EITAQSIIFIFAGYEPTSSTLSFVLHSLATH 325
                          899***************************9 PP

>> sp|F1SY68|CY067_POSPM  Cytochrome P450 monooxygenase 67 OS=Postia placenta (strain ATCC 44394 / Madison 698-R) OX=561
   #    score  bias  c-Evalue  i-Evalue hmmfrom  hmm to    alifrom  ali to    envfrom  env to     acc
 ---   ------ ----- --------- --------- ------- -------    ------- -------    ------- -------    ----
   1 !   21.3   2.9     8e-06   3.7e-05       2      33 .]     295     326 ..     294     326 .. 0.95

  Alignments for each domain:
  == domain 1  score: 21.3 bits;  conditional E-value: 8e-06
        ihelix_seed_hmm   2 eelvalvllLlvAGheTTtnaiswalllLlrh 33 
                            ++++++++lL++AG++TT +++  ++l+++ h
  sp|F1SY68|CY067_POSPM 295 DNIKGAATLLFIAGTDTTITSLLTFFLAMVLH 326
                            79**************************9987 PP

>> sp|Q2MJ19|C7A68_MEDTR  Cytochrome P450 72A68 OS=Medicago truncatula OX=3880 GN=CYP72A68 PE=1 SV=1
   #    score  bias  c-Evalue  i-Evalue hmmfrom  hmm to    alifrom  ali to    envfrom  env to     acc
 ---   ------ ----- --------- --------- ------- -------    ------- -------    ------- -------    ----
   1 !   21.4   0.0   7.3e-06   3.3e-05       2      33 .]     316     347 ..     315     347 .. 0.96

  Alignments for each domain:
  == domain 1  score: 21.4 bits;  conditional E-value: 7.3e-06
        ihelix_seed_hmm   2 eelvalvllLlvAGheTTtnaiswalllLlrh 33 
                            ee+v+ + l+ vAG+eTT+ ++ w++ lL+r+
  sp|Q2MJ19|C7A68_MEDTR 316 EEVVGECRLFHVAGQETTSDLLVWTMVLLSRY 347
                            89****************************97 PP

>> sp|Q9V5L3|C49A1_DROME  Probable cytochrome P450 49a1 OS=Drosophila melanogaster OX=7227 GN=Cyp49a1 PE=2 SV=3
   #    score  bias  c-Evalue  i-Evalue hmmfrom  hmm to    alifrom  ali to    envfrom  env to     acc
 ---   ------ ----- --------- --------- ------- -------    ------- -------    ------- -------    ----
   1 !   22.3   0.2   3.9e-06   1.8e-05       6      33 .]     381     408 ..     379     408 .. 0.94

  Alignments for each domain:
  == domain 1  score: 22.3 bits;  conditional E-value: 3.9e-06
        ihelix_seed_hmm   6 alvllLlvAGheTTtnaiswalllLlrh 33 
                             l+l+L+++G++TT+ a s++++ L+++
  sp|Q9V5L3|C49A1_DROME 381 ILALDLFLVGVDTTSVAASSTIYQLAKN 408
                            689***********************98 PP

>> sp|P0DO36|CP179_THYVU  Cytochrome P450 71D179 OS=Thymus vulgaris OX=49992 GN=CYP71D179 PE=1 SV=1
   #    score  bias  c-Evalue  i-Evalue hmmfrom  hmm to    alifrom  ali to    envfrom  env to     acc
 ---   ------ ----- --------- --------- ------- -------    ------- -------    ------- -------    ----
   1 !   21.3   0.0   8.2e-06   3.7e-05       3      33 .]     286     316 ..     284     316 .. 0.93

  Alignments for each domain:
  == domain 1  score: 21.3 bits;  conditional E-value: 8.2e-06
        ihelix_seed_hmm   3 elvalvllLlvAGheTTtnaiswalllLlrh 33 
                             +++++ +++ AG++T++ +i wal +L r+
  sp|P0DO36|CP179_THYVU 286 GIKGFIYDVFSAGTDTSAATILWALSELMRY 316
                            6889999*********************996 PP

>> sp|Q078T0|PHACB_EMEND  3-hydroxyphenylacetate 6-hydroxylase OS=Emericella nidulans OX=162425 GN=phacB PE=1 SV=1
   #    score  bias  c-Evalue  i-Evalue hmmfrom  hmm to    alifrom  ali to    envfrom  env to     acc
 ---   ------ ----- --------- --------- ------- -------    ------- -------    ------- -------    ----
   1 !   21.1   1.1   9.2e-06   4.2e-05       2      32 ..     303     333 ..     302     334 .. 0.95

  Alignments for each domain:
  == domain 1  score: 21.1 bits;  conditional E-value: 9.2e-06
        ihelix_seed_hmm   2 eelvalvllLlvAGheTTtnaiswalllLlr 32 
                            eel+++ l++l +G +T+t++ +w++ lL+ 
  sp|Q078T0|PHACB_EMEND 303 EELTSISLTMLSGGLDTVTTLVAWSISLLAQ 333
                            9****************************95 PP

>> sp|H2DH20|C7D13_PANGI  Cytochrome P450 CYP71D313 OS=Panax ginseng OX=4054 PE=2 SV=1
   #    score  bias  c-Evalue  i-Evalue hmmfrom  hmm to    alifrom  ali to    envfrom  env to     acc
 ---   ------ ----- --------- --------- ------- -------    ------- -------    ------- -------    ----
   1 !   20.9   0.0   1.1e-05   4.8e-05       3      33 .]     291     321 ..     289     321 .. 0.90

  Alignments for each domain:
  == domain 1  score: 20.9 bits;  conditional E-value: 1.1e-05
        ihelix_seed_hmm   3 elvalvllLlvAGheTTtnaiswalllLlrh 33 
                            ++ +++ ++l+AG++T+++a+ wa+ +L+r+
  sp|H2DH20|C7D13_PANGI 291 NIQGIICDMLTAGTDTASTALDWAMSELVRY 321
                            66778889********************997 PP

>> sp|O18992|CP2DJ_CALJA  Cytochrome P450 2D19 OS=Callithrix jacchus OX=9483 GN=CYP2D19 PE=2 SV=1
   #    score  bias  c-Evalue  i-Evalue hmmfrom  hmm to    alifrom  ali to    envfrom  env to     acc
 ---   ------ ----- --------- --------- ------- -------    ------- -------    ------- -------    ----
   1 !   21.1   2.8   9.7e-06   4.4e-05       1      33 []     292     324 ..     292     324 .. 0.96

  Alignments for each domain:
  == domain 1  score: 21.1 bits;  conditional E-value: 9.7e-06
        ihelix_seed_hmm   1 deelvalvllLlvAGheTTtnaiswalllLlrh 33 
                            de+l+  v +L+ AG+ TT+ +++w+lll++ h
  sp|O18992|CP2DJ_CALJA 292 DENLHLVVADLFSAGMVTTSITLAWGLLLMILH 324
                            799***************************987 PP

>> sp|Q1T7C2|C7111_SOLLC  Cytochrome P450 710A11 OS=Solanum lycopersicum OX=4081 GN=CYP710A11 PE=1 SV=1
   #    score  bias  c-Evalue  i-Evalue hmmfrom  hmm to    alifrom  ali to    envfrom  env to     acc
 ---   ------ ----- --------- --------- ------- -------    ------- -------    ------- -------    ----
   1 !   21.1   0.1   9.4e-06   4.3e-05       2      33 .]     294     325 ..     293     325 .. 0.94

  Alignments for each domain:
  == domain 1  score: 21.1 bits;  conditional E-value: 9.4e-06
        ihelix_seed_hmm   2 eelvalvllLlvAGheTTtnaiswalllLlrh 33 
                            +el ++  ++l+A+++++t+a+ wa+ lL +h
  sp|Q1T7C2|C7111_SOLLC 294 KELGGYLFDFLFAAQDASTSALLWAIVLLDSH 325
                            689999***********************987 PP

>> sp|Q4WZ68|EASK_ASPFU  Cytochrome P450 monooxygenase easK OS=Aspergillus fumigatus (strain ATCC MYA-4609 / CBS 101355 
   #    score  bias  c-Evalue  i-Evalue hmmfrom  hmm to    alifrom  ali to    envfrom  env to     acc
 ---   ------ ----- --------- --------- ------- -------    ------- -------    ------- -------    ----
   1 !   21.0   0.5     1e-05   4.6e-05      12      33 .]     200     221 ..     199     221 .. 0.97

  Alignments for each domain:
  == domain 1  score: 21.0 bits;  conditional E-value: 1e-05
       ihelix_seed_hmm  12 lvAGheTTtnaiswalllLlrh 33 
                           ++AG++TT++++++++++L++h
  sp|Q4WZ68|EASK_ASPFU 200 IFAGTDTTGTSLTFFMYYLIKH 221
                           69******************98 PP

>> sp|P0DO35|CP178_ORIVU  Cytochrome P450 71D178 OS=Origanum vulgare OX=39352 GN=CYP71D178 PE=1 SV=1
   #    score  bias  c-Evalue  i-Evalue hmmfrom  hmm to    alifrom  ali to    envfrom  env to     acc
 ---   ------ ----- --------- --------- ------- -------    ------- -------    ------- -------    ----
   1 !   22.1   0.1   4.6e-06   2.1e-05       3      33 .]     286     316 ..     284     316 .. 0.94

  Alignments for each domain:
  == domain 1  score: 22.1 bits;  conditional E-value: 4.6e-06
        ihelix_seed_hmm   3 elvalvllLlvAGheTTtnaiswalllLlrh 33 
                             +++++ +++ AG++T++ +i wal +L r+
  sp|P0DO35|CP178_ORIVU 286 GIKGFIYDVFSAGTDTSAATILWALSELMRN 316
                            6889999**********************98 PP

>> sp|Q50EK1|C16B1_PICSI  Cytochrome P450 716B1 OS=Picea sitchensis OX=3332 GN=CYP716B1 PE=2 SV=1
   #    score  bias  c-Evalue  i-Evalue hmmfrom  hmm to    alifrom  ali to    envfrom  env to     acc
 ---   ------ ----- --------- --------- ------- -------    ------- -------    ------- -------    ----
   1 !   20.4   0.2   1.6e-05   7.1e-05       1      33 []     291     323 ..     291     323 .. 0.93

  Alignments for each domain:
  == domain 1  score: 20.4 bits;  conditional E-value: 1.6e-05
        ihelix_seed_hmm   1 deelvalvllLlvAGheTTtnaiswalllLlrh 33 
                            d+e+ +++llLl AGh+T++++++  l +L+++
  sp|Q50EK1|C16B1_PICSI 291 DNEIQDNILLLLYAGHDTSSSTLTVLLKFLAEN 323
                            78999*******************999999987 PP

>> sp|B4FVP3|C71Z8_MAIZE  Zealexin A1 synthase OS=Zea mays OX=4577 GN=CYP71Z18 PE=1 SV=1
   #    score  bias  c-Evalue  i-Evalue hmmfrom  hmm to    alifrom  ali to    envfrom  env to     acc
 ---   ------ ----- --------- --------- ------- -------    ------- -------    ------- -------    ----
   1 !   20.5   0.3   1.4e-05   6.5e-05       6      33 .]     293     320 ..     291     320 .. 0.94

  Alignments for each domain:
  == domain 1  score: 20.5 bits;  conditional E-value: 1.4e-05
        ihelix_seed_hmm   6 alvllLlvAGheTTtnaiswalllLlrh 33 
                            al+ +L+ AG +T++++++w + +L+r+
  sp|B4FVP3|C71Z8_MAIZE 293 ALMFDLFGAGSDTSSTTLTWCMTELVRY 320
                            799*******************999986 PP

>> sp|P0DO37|CP179_ORIVU  Cytochrome P450 71D179 OS=Origanum vulgare OX=39352 GN=CYP71D179 PE=1 SV=1
   #    score  bias  c-Evalue  i-Evalue hmmfrom  hmm to    alifrom  ali to    envfrom  env to     acc
 ---   ------ ----- --------- --------- ------- -------    ------- -------    ------- -------    ----
   1 !   21.1   0.1   9.6e-06   4.4e-05       3      33 .]     286     316 ..     284     316 .. 0.93

  Alignments for each domain:
  == domain 1  score: 21.1 bits;  conditional E-value: 9.6e-06
        ihelix_seed_hmm   3 elvalvllLlvAGheTTtnaiswalllLlrh 33 
                             +++++ +++ AG++T++ +i wal +L r+
  sp|P0DO37|CP179_ORIVU 286 GIKGFIYDVFSAGTDTSAATILWALSELTRY 316
                            6889999*********************996 PP

>> sp|Q9V8M2|C12B2_DROME  Probable cytochrome P450 12b2, mitochondrial OS=Drosophila melanogaster OX=7227 GN=Cyp12b2 PE=
   #    score  bias  c-Evalue  i-Evalue hmmfrom  hmm to    alifrom  ali to    envfrom  env to     acc
 ---   ------ ----- --------- --------- ------- -------    ------- -------    ------- -------    ----
   1 !   21.1   0.5   9.7e-06   4.4e-05       5      33 .]     322     350 ..     320     350 .. 0.95

  Alignments for each domain:
  == domain 1  score: 21.1 bits;  conditional E-value: 9.7e-06
        ihelix_seed_hmm   5 valvllLlvAGheTTtnaiswalllLlrh 33 
                            v +v+++l+AG++TT++a   +l++L+r+
  sp|Q9V8M2|C12B2_DROME 322 VTMVMDMLMAGIDTTSSACLTILYHLARN 350
                            679*************************8 PP

>> sp|Q1ZXF5|C5084_DICDI  Probable cytochrome P450 508A4 OS=Dictyostelium discoideum OX=44689 GN=cyp508A4 PE=3 SV=1
   #    score  bias  c-Evalue  i-Evalue hmmfrom  hmm to    alifrom  ali to    envfrom  env to     acc
 ---   ------ ----- --------- --------- ------- -------    ------- -------    ------- -------    ----
   1 !   22.1   0.9   4.7e-06   2.1e-05       3      32 ..     284     313 ..     283     314 .. 0.91

  Alignments for each domain:
  == domain 1  score: 22.1 bits;  conditional E-value: 4.7e-06
        ihelix_seed_hmm   3 elvalvllLlvAGheTTtnaiswalllLlr 32 
                            +++++vl++++AG++T+++++ + +l +++
  sp|Q1ZXF5|C5084_DICDI 284 NIASTVLDFFFAGTDTSSTTLEYLFLMMAN 313
                            799******************998888776 PP

>> sp|Q50EK0|C16B2_PICSI  Cytochrome P450 716B2 OS=Picea sitchensis OX=3332 GN=CYP716B2 PE=2 SV=1
   #    score  bias  c-Evalue  i-Evalue hmmfrom  hmm to    alifrom  ali to    envfrom  env to     acc
 ---   ------ ----- --------- --------- ------- -------    ------- -------    ------- -------    ----
   1 !   20.4   0.2   1.6e-05   7.1e-05       1      33 []     291     323 ..     291     323 .. 0.93

  Alignments for each domain:
  == domain 1  score: 20.4 bits;  conditional E-value: 1.6e-05
        ihelix_seed_hmm   1 deelvalvllLlvAGheTTtnaiswalllLlrh 33 
                            d+e+ +++llLl AGh+T++++++  l +L+++
  sp|Q50EK0|C16B2_PICSI 291 DNEIQDNILLLLYAGHDTSSSTLTVLLKFLAEN 323
                            78999*******************999999987 PP

>> sp|F1RE08|PTGIS_DANRE  Prostacyclin synthase OS=Danio rerio OX=7955 GN=ptgis PE=1 SV=1
   #    score  bias  c-Evalue  i-Evalue hmmfrom  hmm to    alifrom  ali to    envfrom  env to     acc
 ---   ------ ----- --------- --------- ------- -------    ------- -------    ------- -------    ----
   1 !   20.9   0.1   1.1e-05     5e-05       2      33 .]     261     292 ..     260     292 .. 0.97

  Alignments for each domain:
  == domain 1  score: 20.9 bits;  conditional E-value: 1.1e-05
        ihelix_seed_hmm   2 eelvalvllLlvAGheTTtnaiswalllLlrh 33 
                            e++++++ll+l++ + ++++a +w++ +Ll+h
  sp|F1RE08|PTGIS_DANRE 261 EMQRRAMLLQLWVTQGNAGPAAFWVMGYLLTH 292
                            899****************************9 PP

>> sp|B0Y566|AFUMB_ASPFC  Cytochrome P450 monooxygenase afumB OS=Aspergillus fumigatus (strain CBS 144.89 / FGSC A1163 /
   #    score  bias  c-Evalue  i-Evalue hmmfrom  hmm to    alifrom  ali to    envfrom  env to     acc
 ---   ------ ----- --------- --------- ------- -------    ------- -------    ------- -------    ----
   1 !   20.6   0.5   1.3e-05     6e-05       4      33 .]     303     332 ..     301     332 .. 0.95

  Alignments for each domain:
  == domain 1  score: 20.6 bits;  conditional E-value: 1.3e-05
        ihelix_seed_hmm   4 lvalvllLlvAGheTTtnaiswalllLlrh 33 
                            ++++v+++l+AG++ +++++s +++lL+rh
  sp|B0Y566|AFUMB_ASPFC 303 VRDAVVTILIAGTDSVASMLSTTFYLLARH 332
                            6899*************************9 PP

>> sp|O81117|C94A1_VICSA  Cytochrome P450 94A1 OS=Vicia sativa OX=3908 GN=CYP94A1 PE=2 SV=2
   #    score  bias  c-Evalue  i-Evalue hmmfrom  hmm to    alifrom  ali to    envfrom  env to     acc
 ---   ------ ----- --------- --------- ------- -------    ------- -------    ------- -------    ----
   1 !   19.9   0.2   2.3e-05    0.0001       5      31 ..     306     332 ..     303     334 .. 0.91

  Alignments for each domain:
  == domain 1  score: 19.9 bits;  conditional E-value: 2.3e-05
        ihelix_seed_hmm   5 valvllLlvAGheTTtnaiswalllLl 31 
                            +++v+++++AG +TT+ a++w+++lL 
  sp|O81117|C94A1_VICSA 306 ADIVISFILAGKDTTSAALTWFFWLLW 332
                            6789*********************95 PP

>> sp|F1SYC2|CY136_POSPM  Cytochrome P450 monooxygenase 136 OS=Postia placenta (strain ATCC 44394 / Madison 698-R) OX=56
   #    score  bias  c-Evalue  i-Evalue hmmfrom  hmm to    alifrom  ali to    envfrom  env to     acc
 ---   ------ ----- --------- --------- ------- -------    ------- -------    ------- -------    ----
   1 !   20.9   3.8   1.1e-05   5.1e-05       2      33 .]     295     326 ..     294     326 .. 0.95

  Alignments for each domain:
  == domain 1  score: 20.9 bits;  conditional E-value: 1.1e-05
        ihelix_seed_hmm   2 eelvalvllLlvAGheTTtnaiswalllLlrh 33 
                            ++++++++lL++AG++TT +++  ++l+++ h
  sp|F1SYC2|CY136_POSPM 295 DNIKGAATLLFIAGTDTTITTLLTFFLAMVLH 326
                            79**************************9987 PP

>> sp|Q00616|NOR1_FUSLI  Cytochrome P450 55A2 OS=Fusarium lichenicola OX=42744 GN=CYP55A2 PE=3 SV=1
   #    score  bias  c-Evalue  i-Evalue hmmfrom  hmm to    alifrom  ali to    envfrom  env to     acc
 ---   ------ ----- --------- --------- ------- -------    ------- -------    ------- -------    ----
   1 !   20.6   1.2   1.3e-05     6e-05       3      30 ..     228     255 ..     227     258 .. 0.91

  Alignments for each domain:
  == domain 1  score: 20.6 bits;  conditional E-value: 1.3e-05
       ihelix_seed_hmm   3 elvalvllLlvAGheTTtnaiswalllL 30 
                           ++v+++ lLlvAG++T++n+i+ ++ +L
  sp|Q00616|NOR1_FUSLI 228 DAVQIAFLLLVAGNATMVNMIALGVVTL 255
                           57999********************998 PP

>> sp|A0R4Y3|CP125_MYCS2  Steroid C26-monooxygenase OS=Mycolicibacterium smegmatis (strain ATCC 700084 / mc(2)155) OX=24
   #    score  bias  c-Evalue  i-Evalue hmmfrom  hmm to    alifrom  ali to    envfrom  env to     acc
 ---   ------ ----- --------- --------- ------- -------    ------- -------    ------- -------    ----
   1 !   21.4   0.1   7.7e-06   3.5e-05       1      33 []     238     270 ..     238     270 .. 0.90

  Alignments for each domain:
  == domain 1  score: 21.4 bits;  conditional E-value: 7.7e-06
        ihelix_seed_hmm   1 deelvalvllLlvAGheTTtnaiswalllLlrh 33 
                            d+e   +v+ L vAG+eTT n+i+ ++++++ +
  sp|A0R4Y3|CP125_MYCS2 238 DDEFGFFVVMLAVAGNETTRNSITHGMIAFAQN 270
                            5777788999*******************9986 PP

>> sp|Q9VFP1|CP6D5_DROME  Probable cytochrome P450 6d5 OS=Drosophila melanogaster OX=7227 GN=Cyp6d5 PE=2 SV=1
   #    score  bias  c-Evalue  i-Evalue hmmfrom  hmm to    alifrom  ali to    envfrom  env to     acc
 ---   ------ ----- --------- --------- ------- -------    ------- -------    ------- -------    ----
   1 !   20.8   0.4   1.2e-05   5.4e-05       4      33 .]     304     333 ..     302     333 .. 0.92

  Alignments for each domain:
  == domain 1  score: 20.8 bits;  conditional E-value: 1.2e-05
        ihelix_seed_hmm   4 lvalvllLlvAGheTTtnaiswalllLlrh 33 
                            ++++  l++vAG eTT++++s++l++L  +
  sp|Q9VFP1|CP6D5_DROME 304 IAGQLFLFYVAGYETTASTTSFTLYELTQN 333
                            678899*********************876 PP

>> sp|Q9V4U9|C6A13_DROME  Probable cytochrome P450 6a13 OS=Drosophila melanogaster OX=7227 GN=Cyp6a13 PE=2 SV=1
   #    score  bias  c-Evalue  i-Evalue hmmfrom  hmm to    alifrom  ali to    envfrom  env to     acc
 ---   ------ ----- --------- --------- ------- -------    ------- -------    ------- -------    ----
   1 !   20.7   0.2   1.2e-05   5.6e-05       2      33 .]     283     314 ..     283     314 .. 0.96

  Alignments for each domain:
  == domain 1  score: 20.7 bits;  conditional E-value: 1.2e-05
        ihelix_seed_hmm   2 eelvalvllLlvAGheTTtnaiswalllLlrh 33 
                            e+++a++l++++AG +T++++ s+ l++L+ +
  sp|Q9V4U9|C6A13_DROME 283 EQIAAQALVFFLAGFDTSSTTMSFCLYELALN 314
                            689**************************986 PP

>> sp|Q05556|CP2AB_RABIT  Cytochrome P450 2A11 OS=Oryctolagus cuniculus OX=9986 GN=CYP2A11 PE=1 SV=1
   #    score  bias  c-Evalue  i-Evalue hmmfrom  hmm to    alifrom  ali to    envfrom  env to     acc
 ---   ------ ----- --------- --------- ------- -------    ------- -------    ------- -------    ----
   1 !   21.9   1.3   5.2e-06   2.4e-05       2      33 .]     289     320 ..     288     320 .. 0.94

  Alignments for each domain:
  == domain 1  score: 21.9 bits;  conditional E-value: 5.2e-06
        ihelix_seed_hmm   2 eelvalvllLlvAGheTTtnaiswalllLlrh 33 
                            ++lv + l+L++AG+eT++++ ++++llL +h
  sp|Q05556|CP2AB_RABIT 289 KNLVLTTLNLFFAGTETVSTTMRYGFLLLMKH 320
                            7899999**********************998 PP

>> sp|Q9UNU6|CP8B1_HUMAN  7-alpha-hydroxycholest-4-en-3-one 12-alpha-hydroxylase OS=Homo sapiens OX=9606 GN=CYP8B1 PE=1 
   #    score  bias  c-Evalue  i-Evalue hmmfrom  hmm to    alifrom  ali to    envfrom  env to     acc
 ---   ------ ----- --------- --------- ------- -------    ------- -------    ------- -------    ----
   1 !   20.1   0.2     2e-05     9e-05      11      33 .]     279     301 ..     278     301 .. 0.97

  Alignments for each domain:
  == domain 1  score: 20.1 bits;  conditional E-value: 2e-05
        ihelix_seed_hmm  11 LlvAGheTTtnaiswalllLlrh 33 
                            +l+A + +T+++++wall+Ll+h
  sp|Q9UNU6|CP8B1_HUMAN 279 MLWASQGNTGPTSFWALLYLLKH 301
                            69*******************99 PP

>> sp|O75881|CP7B1_HUMAN  Cytochrome P450 7B1 OS=Homo sapiens OX=9606 GN=CYP7B1 PE=1 SV=2
   #    score  bias  c-Evalue  i-Evalue hmmfrom  hmm to    alifrom  ali to    envfrom  env to     acc
 ---   ------ ----- --------- --------- ------- -------    ------- -------    ------- -------    ----
   1 !   21.9   0.3   5.2e-06   2.4e-05       3      33 .]     281     311 ..     279     311 .. 0.90

  Alignments for each domain:
  == domain 1  score: 21.9 bits;  conditional E-value: 5.2e-06
        ihelix_seed_hmm   3 elvalvllLlvAGheTTtnaiswalllLlrh 33 
                            e+ a +l +l+A +++T ++ +wa+++Llrh
  sp|O75881|CP7B1_HUMAN 281 EIGAHHLGFLWASVANTIPTMFWAMYYLLRH 311
                            66666899**********************9 PP

>> sp|Q9LIP6|C71BV_ARATH  Cytochrome P450 71B34 OS=Arabidopsis thaliana OX=3702 GN=CYP71B34 PE=2 SV=1
   #    score  bias  c-Evalue  i-Evalue hmmfrom  hmm to    alifrom  ali to    envfrom  env to     acc
 ---   ------ ----- --------- --------- ------- -------    ------- -------    ------- -------    ----
   1 !   20.6   0.3   1.3e-05   6.1e-05       2      33 .]     289     320 ..     288     320 .. 0.96

  Alignments for each domain:
  == domain 1  score: 20.6 bits;  conditional E-value: 1.3e-05
        ihelix_seed_hmm   2 eelvalvllLlvAGheTTtnaiswalllLlrh 33 
                            ++++a+ +++l+AG++T++ + +wa+ +L+++
  sp|Q9LIP6|C71BV_ARATH 289 NHIKAILMDVLLAGMDTSAITMTWAMAELAKN 320
                            6899**************************98 PP

>> sp|P0DO22|V19H_CATRO  (+)-vincadifformine 19-hydroxylase OS=Catharanthus roseus OX=4058 GN=V19H PE=1 SV=1
   #    score  bias  c-Evalue  i-Evalue hmmfrom  hmm to    alifrom  ali to    envfrom  env to     acc
 ---   ------ ----- --------- --------- ------- -------    ------- -------    ------- -------    ----
   1 !   20.8   0.0   1.2e-05   5.2e-05       2      33 .]     298     329 ..     297     329 .. 0.95

  Alignments for each domain:
  == domain 1  score: 20.8 bits;  conditional E-value: 1.2e-05
       ihelix_seed_hmm   2 eelvalvllLlvAGheTTtnaiswalllLlrh 33 
                           ++++al  +++ +G +T++++i wa+ ++ ++
  sp|P0DO22|V19H_CATRO 298 NNIKALLFDIISGGSDTSSTTIDWAMSEMMKN 329
                           689**************************987 PP

>> sp|Q5AUZ9|ATNE_EMENI  Cytochrome P450 monooxygenase atnE OS=Emericella nidulans (strain FGSC A4 / ATCC 38163 / CBS 11
   #    score  bias  c-Evalue  i-Evalue hmmfrom  hmm to    alifrom  ali to    envfrom  env to     acc
 ---   ------ ----- --------- --------- ------- -------    ------- -------    ------- -------    ----
   1 !   20.8   0.1   1.2e-05   5.4e-05       8      33 .]     305     330 ..     299     330 .. 0.86

  Alignments for each domain:
  == domain 1  score: 20.8 bits;  conditional E-value: 1.2e-05
       ihelix_seed_hmm   8 vllLlvAGheTTtnaiswalllLlrh 33 
                             +L vAG++TT++a++ ++++L +h
  sp|Q5AUZ9|ATNE_EMENI 305 SATLVVAGTDTTSTALAASIYYLCNH 330
                           6799******************9766 PP

>> sp|B8N2C8|CP51A_ASPFN  Sterol 14-alpha demethylase OS=Aspergillus flavus (strain ATCC 200026 / FGSC A1120 / IAM 13836
   #    score  bias  c-Evalue  i-Evalue hmmfrom  hmm to    alifrom  ali to    envfrom  env to     acc
 ---   ------ ----- --------- --------- ------- -------    ------- -------    ------- -------    ----
   1 !   21.5   0.1   7.2e-06   3.3e-05       1      31 [.     282     312 ..     282     314 .. 0.96

  Alignments for each domain:
  == domain 1  score: 21.5 bits;  conditional E-value: 7.2e-06
        ihelix_seed_hmm   1 deelvalvllLlvAGheTTtnaiswalllLl 31 
                            d+e+++++++Ll+AG++ +++ +sw++l L+
  sp|B8N2C8|CP51A_ASPFN 282 DKEIAHMMITLLMAGQHSSSSISSWIMLRLA 312
                            79****************************8 PP

>> sp|P43492|THCB_RHOER  Cytochrome P450 116 OS=Rhodococcus erythropolis OX=1833 GN=thcB PE=1 SV=2
   #    score  bias  c-Evalue  i-Evalue hmmfrom  hmm to    alifrom  ali to    envfrom  env to     acc
 ---   ------ ----- --------- --------- ------- -------    ------- -------    ------- -------    ----
   1 !   20.3   1.5   1.7e-05   7.8e-05      13      33 .]     263     283 ..     262     283 .. 0.95

  Alignments for each domain:
  == domain 1  score: 20.3 bits;  conditional E-value: 1.7e-05
       ihelix_seed_hmm  13 vAGheTTtnaiswalllLlrh 33 
                           +A+heTTtna+++a+ +Ll++
  sp|P43492|THCB_RHOER 263 FAAHETTTNATGNAFRTLLEN 283
                           8******************97 PP

>> sp|E9Q816|CP2W1_MOUSE  Cytochrome P450 2W1 OS=Mus musculus OX=10090 GN=Cyp2w1 PE=2 SV=1
   #    score  bias  c-Evalue  i-Evalue hmmfrom  hmm to    alifrom  ali to    envfrom  env to     acc
 ---   ------ ----- --------- --------- ------- -------    ------- -------    ------- -------    ----
   1 !   21.7   0.6     6e-06   2.7e-05       9      33 .]     294     318 ..     288     318 .. 0.93

  Alignments for each domain:
  == domain 1  score: 21.7 bits;  conditional E-value: 6e-06
        ihelix_seed_hmm   9 llLlvAGheTTtnaiswalllLlrh 33 
                            l++ +AG+eTT+ ++ wa++l+++h
  sp|E9Q816|CP2W1_MOUSE 294 LDMVMAGTETTAATLQWAVFLMVKH 318
                            78999******************98 PP

>> sp|Q9QUJ1|CP2DS_MESAU  Cytochrome P450 2D28 OS=Mesocricetus auratus OX=10036 GN=CYP2D28A PE=2 SV=1
   #    score  bias  c-Evalue  i-Evalue hmmfrom  hmm to    alifrom  ali to    envfrom  env to     acc
 ---   ------ ----- --------- --------- ------- -------    ------- -------    ------- -------    ----
   1 !   20.6   0.3   1.3e-05   6.1e-05       1      32 [.     295     326 ..     295     327 .. 0.90

  Alignments for each domain:
  == domain 1  score: 20.6 bits;  conditional E-value: 1.3e-05
        ihelix_seed_hmm   1 deelvalvllLlvAGheTTtnaiswalllLlr 32 
                            d++l+  v +L++AG+  T++++swall+++ 
  sp|Q9QUJ1|CP2DS_MESAU 295 DQNLRMVVNDLFIAGTVSTSTTLSWALLFMIQ 326
                            677888899********************975 PP

>> sp|P30610|CP52H_CANTR  Cytochrome P450 52A8 OS=Candida tropicalis OX=5482 GN=CYP52A8 PE=2 SV=1
   #    score  bias  c-Evalue  i-Evalue hmmfrom  hmm to    alifrom  ali to    envfrom  env to     acc
 ---   ------ ----- --------- --------- ------- -------    ------- -------    ------- -------    ----
   1 !   20.5   0.0   1.5e-05   6.7e-05       4      33 .]     303     332 ..     303     332 .. 0.95

  Alignments for each domain:
  == domain 1  score: 20.5 bits;  conditional E-value: 1.5e-05
        ihelix_seed_hmm   4 lvalvllLlvAGheTTtnaiswalllLlrh 33 
                            l+++ l++l+AG +T++ ++s+a+++L+r+
  sp|P30610|CP52H_CANTR 303 LRDQSLNILLAGRDTSAGLLSFAVFELARN 332
                            67899************************8 PP

>> sp|A0A1L9WQP6|ACRD_ASPA1  Cytochrome P450 monooxygenase acrD OS=Aspergillus aculeatus (strain ATCC 16872 / CBS 172.66
   #    score  bias  c-Evalue  i-Evalue hmmfrom  hmm to    alifrom  ali to    envfrom  env to     acc
 ---   ------ ----- --------- --------- ------- -------    ------- -------    ------- -------    ----
   1 !   20.4   0.1   1.5e-05     7e-05       7      33 .]     298     324 ..     293     324 .. 0.91

  Alignments for each domain:
  == domain 1  score: 20.4 bits;  conditional E-value: 1.5e-05
           ihelix_seed_hmm   7 lvllLlvAGheTTtnaiswalllLlrh 33 
                                 ++Ll+AG eTT+na  ++l++Llrh
  sp|A0A1L9WQP6|ACRD_ASPA1 298 ESVVLLIAGSETTANAELFTLIHLLRH 324
                               6789**********************9 PP

>> sp|O09158|CP3AP_MOUSE  Cytochrome P450 3A25 OS=Mus musculus OX=10090 GN=Cyp3a25 PE=1 SV=1
   #    score  bias  c-Evalue  i-Evalue hmmfrom  hmm to    alifrom  ali to    envfrom  env to     acc
 ---   ------ ----- --------- --------- ------- -------    ------- -------    ------- -------    ----
   1 !   20.7   0.2   1.3e-05   5.8e-05       3      33 .]     294     324 ..     292     324 .. 0.93

  Alignments for each domain:
  == domain 1  score: 20.7 bits;  conditional E-value: 1.3e-05
        ihelix_seed_hmm   3 elvalvllLlvAGheTTtnaiswalllLlrh 33 
                            e +a+++ ++++G ++T+++is ++++L++h
  sp|O09158|CP3AP_MOUSE 294 EMAAQAVIFIFGGYDATSTSISLIMYELATH 324
                            567899************************9 PP

>> sp|Q9SAE3|C71BS_ARATH  Cytochrome P450 71B28 OS=Arabidopsis thaliana OX=3702 GN=CYP71B28 PE=2 SV=1
   #    score  bias  c-Evalue  i-Evalue hmmfrom  hmm to    alifrom  ali to    envfrom  env to     acc
 ---   ------ ----- --------- --------- ------- -------    ------- -------    ------- -------    ----
   1 !   20.5   0.4   1.5e-05   6.7e-05       2      33 .]     288     319 ..     287     319 .. 0.96

  Alignments for each domain:
  == domain 1  score: 20.5 bits;  conditional E-value: 1.5e-05
        ihelix_seed_hmm   2 eelvalvllLlvAGheTTtnaiswalllLlrh 33 
                            ++l++++ ++++AG+ T+++++ wa+ +L+r+
  sp|Q9SAE3|C71BS_ARATH 288 DHLKGMISDIFLAGVGTSSTTLIWAMTELIRN 319
                            899**************************998 PP

>> sp|B8NWW3|LNBC_ASPFN  Cytochrome P450 monooxygenase lnbC OS=Aspergillus flavus (strain ATCC 200026 / FGSC A1120 / IAM
   #    score  bias  c-Evalue  i-Evalue hmmfrom  hmm to    alifrom  ali to    envfrom  env to     acc
 ---   ------ ----- --------- --------- ------- -------    ------- -------    ------- -------    ----
   1 !   20.5   0.1   1.5e-05   6.9e-05       3      33 .]     295     325 ..     294     325 .. 0.88

  Alignments for each domain:
  == domain 1  score: 20.5 bits;  conditional E-value: 1.5e-05
       ihelix_seed_hmm   3 elvalvllLlvAGheTTtnaiswalllLlrh 33 
                           el ++v  +++AG eTT+++is++l++L+++
  sp|B8NWW3|LNBC_ASPFN 295 ELFDNVNIVITAGGETTASTISSSLYYLVHN 325
                           5667788899******************987 PP

>> sp|Q92104|CP11B_AQUCT  Cytochrome P450 11B, mitochondrial OS=Aquarana catesbeiana OX=8400 GN=CYP11B PE=2 SV=1
   #    score  bias  c-Evalue  i-Evalue hmmfrom  hmm to    alifrom  ali to    envfrom  env to     acc
 ---   ------ ----- --------- --------- ------- -------    ------- -------    ------- -------    ----
   1 !   20.0   0.1   2.1e-05   9.7e-05       2      33 .]     319     350 ..     318     350 .. 0.95

  Alignments for each domain:
  == domain 1  score: 20.0 bits;  conditional E-value: 2.1e-05
        ihelix_seed_hmm   2 eelvalvllLlvAGheTTtnaiswalllLlrh 33 
                            + ++a++++L+++G++TT+  + ++l++L+r+
  sp|Q92104|CP11B_AQUCT 319 DSIKANITELMAGGVDTTAMPLLFTLFELARN 350
                            6799***************************8 PP

>> sp|A0A159AKG3|CP182_THYVU  Cytochrome P450 71D182 OS=Thymus vulgaris OX=49992 GN=CYP71D182 PE=1 SV=2
   #    score  bias  c-Evalue  i-Evalue hmmfrom  hmm to    alifrom  ali to    envfrom  env to     acc
 ---   ------ ----- --------- --------- ------- -------    ------- -------    ------- -------    ----
   1 !   20.5   0.0   1.5e-05   6.7e-05       3      33 .]     286     316 ..     284     316 .. 0.93

  Alignments for each domain:
  == domain 1  score: 20.5 bits;  conditional E-value: 1.5e-05
            ihelix_seed_hmm   3 elvalvllLlvAGheTTtnaiswalllLlrh 33 
                                 +++++ +++ AG++T++ +i wal +L r+
  sp|A0A159AKG3|CP182_THYVU 286 GIKGFIYDVFSAGTDTSGATILWALSELMRY 316
                                6889999*********************996 PP

>> sp|G1XTZ9|AR278_ARTOA  Cytochrome P450 monooxygenase AOL_s00215g278 OS=Arthrobotrys oligospora (strain ATCC 24927 / C
   #    score  bias  c-Evalue  i-Evalue hmmfrom  hmm to    alifrom  ali to    envfrom  env to     acc
 ---   ------ ----- --------- --------- ------- -------    ------- -------    ------- -------    ----
   1 !   20.4   0.5   1.6e-05   7.1e-05      10      33 .]     345     368 ..     341     368 .. 0.93

  Alignments for each domain:
  == domain 1  score: 20.4 bits;  conditional E-value: 1.6e-05
        ihelix_seed_hmm  10 lLlvAGheTTtnaiswalllLlrh 33 
                             +l+AGheT++ ++ +al+l+++h
  sp|G1XTZ9|AR278_ARTOA 345 IFLLAGHETSARSLEYALFLFAMH 368
                            59********************98 PP

>> sp|Q9LUC8|C7A13_ARATH  Cytochrome P450 72A13 OS=Arabidopsis thaliana OX=3702 GN=CYP72A13 PE=2 SV=1
   #    score  bias  c-Evalue  i-Evalue hmmfrom  hmm to    alifrom  ali to    envfrom  env to     acc
 ---   ------ ----- --------- --------- ------- -------    ------- -------    ------- -------    ----
   1 !   20.6   0.1   1.4e-05   6.2e-05       9      33 .]     317     341 ..     309     341 .. 0.88

  Alignments for each domain:
  == domain 1  score: 20.6 bits;  conditional E-value: 1.4e-05
        ihelix_seed_hmm   9 llLlvAGheTTtnaiswalllLlrh 33 
                             l+++AG+eTTt ++ w++ lL+ h
  sp|Q9LUC8|C7A13_ARATH 317 KLFYFAGQETTTVLLVWTMVLLSQH 341
                            589*******************988 PP

>> sp|Q9W130|CP9C1_DROME  Cytochrome P450 9c1 OS=Drosophila melanogaster OX=7227 GN=Cyp9c1 PE=2 SV=1
   #    score  bias  c-Evalue  i-Evalue hmmfrom  hmm to    alifrom  ali to    envfrom  env to     acc
 ---   ------ ----- --------- --------- ------- -------    ------- -------    ------- -------    ----
   1 !   20.1   0.0     2e-05   8.9e-05       1      33 []     306     338 ..     306     338 .. 0.94

  Alignments for each domain:
  == domain 1  score: 20.1 bits;  conditional E-value: 2e-05
        ihelix_seed_hmm   1 deelvalvllLlvAGheTTtnaiswalllLlrh 33 
                            d++l+a++ll++ AG eT+++ +s++ ++L ++
  sp|Q9W130|CP9C1_DROME 306 DDDLLAQCLLFFSAGFETVATCLSFTSYELMMN 338
                            799**********************99999876 PP

>> sp|Q27514|C13A5_CAEEL  Putative cytochrome P450 CYP13A5 OS=Caenorhabditis elegans OX=6239 GN=cyp-13A5 PE=3 SV=1
   #    score  bias  c-Evalue  i-Evalue hmmfrom  hmm to    alifrom  ali to    envfrom  env to     acc
 ---   ------ ----- --------- --------- ------- -------    ------- -------    ------- -------    ----
   1 !   19.7   0.1   2.7e-05   0.00012       2      33 .]     314     345 ..     314     345 .. 0.98

  Alignments for each domain:
  == domain 1  score: 19.7 bits;  conditional E-value: 2.7e-05
        ihelix_seed_hmm   2 eelvalvllLlvAGheTTtnaiswalllLlrh 33 
                            +e++++  ++l+AG +TT+ ++s++ +lL+rh
  sp|Q27514|C13A5_CAEEL 314 DEIIGQLFVFLLAGYDTTALSLSYSSYLLARH 345
                            79*****************************9 PP

>> sp|C0SJS3|ANGS_PASSA  Angelicin synthase (Fragment) OS=Pastinaca sativa OX=4041 GN=CYP71AJ4 PE=1 SV=1
   #    score  bias  c-Evalue  i-Evalue hmmfrom  hmm to    alifrom  ali to    envfrom  env to     acc
 ---   ------ ----- --------- --------- ------- -------    ------- -------    ------- -------    ----
   1 !   20.2   0.1   1.8e-05     8e-05       4      33 .]     283     312 ..     280     312 .. 0.88

  Alignments for each domain:
  == domain 1  score: 20.2 bits;  conditional E-value: 1.8e-05
       ihelix_seed_hmm   4 lvalvllLlvAGheTTtnaiswalllLlrh 33 
                           ++a+v +++++G+eTT++++ w++ + +++
  sp|C0SJS3|ANGS_PASSA 283 IKAIVWDMILGGTETTSTTLEWIVAAIIKN 312
                           6788889*****************988776 PP

>> sp|Q8RN04|C5B3_AMYOR  Cytochrome P450 165B3 OS=Amycolatopsis orientalis OX=31958 GN=cyp165B3 PE=1 SV=1
   #    score  bias  c-Evalue  i-Evalue hmmfrom  hmm to    alifrom  ali to    envfrom  env to     acc
 ---   ------ ----- --------- --------- ------- -------    ------- -------    ------- -------    ----
   1 !   19.8   0.0   2.5e-05   0.00011       1      33 []     223     255 ..     223     255 .. 0.99

  Alignments for each domain:
  == domain 1  score: 19.8 bits;  conditional E-value: 2.5e-05
       ihelix_seed_hmm   1 deelvalvllLlvAGheTTtnaiswalllLlrh 33 
                           deel+++++ +++AG ++ + +i+ ++l++lrh
  sp|Q8RN04|C5B3_AMYOR 223 DEELRGFCVQVMLAGDDNISGMIGLGVLAMLRH 255
                           89******************************9 PP

>> sp|P04167|CP2B2_RAT  Cytochrome P450 2B2 OS=Rattus norvegicus OX=10116 GN=Cyp2b2 PE=1 SV=2
   #    score  bias  c-Evalue  i-Evalue hmmfrom  hmm to    alifrom  ali to    envfrom  env to     acc
 ---   ------ ----- --------- --------- ------- -------    ------- -------    ------- -------    ----
   1 !   20.0   0.7   2.2e-05   9.8e-05       6      33 .]     290     317 ..     285     317 .. 0.87

  Alignments for each domain:
  == domain 1  score: 20.0 bits;  conditional E-value: 2.2e-05
      ihelix_seed_hmm   6 alvllLlvAGheTTtnaiswalllLlrh 33 
                             l+L++AG+eT ++++++++ll+l++
  sp|P04167|CP2B2_RAT 290 ISLLSLFFAGTETGSTTLRYGFLLMLKY 317
                          56799********************986 PP

>> sp|C0SJS2|C71AJ_PASSA  Psoralen synthase (Fragment) OS=Pastinaca sativa OX=4041 GN=CYP71AJ3 PE=1 SV=1
   #    score  bias  c-Evalue  i-Evalue hmmfrom  hmm to    alifrom  ali to    envfrom  env to     acc
 ---   ------ ----- --------- --------- ------- -------    ------- -------    ------- -------    ----
   1 !   20.2   0.1   1.8e-05   8.2e-05       4      32 ..     276     304 ..     274     305 .. 0.91

  Alignments for each domain:
  == domain 1  score: 20.2 bits;  conditional E-value: 1.8e-05
        ihelix_seed_hmm   4 lvalvllLlvAGheTTtnaiswalllLlr 32 
                            +++l+ ++l AG+eT ++a+ w++ +L++
  sp|C0SJS2|C71AJ_PASSA 276 IKSLIWDMLGAGTETIATALEWTIGALIK 304
                            6788899******************9975 PP

>> sp|A0A6S6AA17|G430_FUSSX  Cytochrome P450 monooxygenase g430 OS=Fusarium sp OX=29916 GN=g430 PE=2 SV=1
   #    score  bias  c-Evalue  i-Evalue hmmfrom  hmm to    alifrom  ali to    envfrom  env to     acc
 ---   ------ ----- --------- --------- ------- -------    ------- -------    ------- -------    ----
   1 !   20.2   0.2   1.8e-05   8.3e-05       3      32 ..     314     343 ..     313     344 .. 0.96

  Alignments for each domain:
  == domain 1  score: 20.2 bits;  conditional E-value: 1.8e-05
           ihelix_seed_hmm   3 elvalvllLlvAGheTTtnaiswalllLlr 32 
                               el++  l +l+AG +TT++ ++w+++ L+r
  sp|A0A6S6AA17|G430_FUSSX 314 ELRSELLHVLLAGRDTTASHLGWVFHNLAR 343
                               8999*************************8 PP

>> sp|B5BSX1|BAMO_GLYUR  Beta-amyrin 11-oxidase OS=Glycyrrhiza uralensis OX=74613 GN=CYP88D6 PE=1 SV=1
   #    score  bias  c-Evalue  i-Evalue hmmfrom  hmm to    alifrom  ali to    envfrom  env to     acc
 ---   ------ ----- --------- --------- ------- -------    ------- -------    ------- -------    ----
   1 !   21.3   0.5   8.1e-06   3.7e-05       1      33 []     288     320 ..     288     320 .. 0.93

  Alignments for each domain:
  == domain 1  score: 21.3 bits;  conditional E-value: 8.1e-06
       ihelix_seed_hmm   1 deelvalvllLlvAGheTTtnaiswalllLlrh 33 
                           de++ +l + Ll+AGhe T++++ w++ +L  h
  sp|B5BSX1|BAMO_GLYUR 288 DEDISDLLIGLLFAGHESTATSLMWSITYLTQH 320
                           68899999*******************999877 PP

>> sp|H1A988|C7254_GLYUR  11-oxo-beta-amyrin 30-oxidase OS=Glycyrrhiza uralensis OX=74613 GN=CYP72A154 PE=1 SV=1
   #    score  bias  c-Evalue  i-Evalue hmmfrom  hmm to    alifrom  ali to    envfrom  env to     acc
 ---   ------ ----- --------- --------- ------- -------    ------- -------    ------- -------    ----
   1 !   20.2   0.1   1.8e-05   8.3e-05      10      30 ..     329     349 ..     322     352 .. 0.91

  Alignments for each domain:
  == domain 1  score: 20.2 bits;  conditional E-value: 1.8e-05
        ihelix_seed_hmm  10 lLlvAGheTTtnaiswalllL 30 
                            l+++AG+eTT+ +++w++ lL
  sp|H1A988|C7254_GLYUR 329 LFYLAGQETTAALLAWTMVLL 349
                            799***************998 PP

>> sp|P11714|CP2D9_MOUSE  Cytochrome P450 2D9 OS=Mus musculus OX=10090 GN=Cyp2d9 PE=1 SV=2
   #    score  bias  c-Evalue  i-Evalue hmmfrom  hmm to    alifrom  ali to    envfrom  env to     acc
 ---   ------ ----- --------- --------- ------- -------    ------- -------    ------- -------    ----
   1 !   20.3   2.3   1.7e-05   7.6e-05       1      33 []     295     327 ..     295     327 .. 0.91

  Alignments for each domain:
  == domain 1  score: 20.3 bits;  conditional E-value: 1.7e-05
        ihelix_seed_hmm   1 deelvalvllLlvAGheTTtnaiswalllLlrh 33 
                            de+l+  v +L+ AG+ TT++++swal+l++ h
  sp|P11714|CP2D9_MOUSE 295 DENLLMVVRDLFGAGMLTTSTTLSWALMLMILH 327
                            677888899*********************987 PP

>> sp|Q54F47|C513C_DICDI  Probable cytochrome P450 513C1 OS=Dictyostelium discoideum OX=44689 GN=cyp513C1 PE=3 SV=1
   #    score  bias  c-Evalue  i-Evalue hmmfrom  hmm to    alifrom  ali to    envfrom  env to     acc
 ---   ------ ----- --------- --------- ------- -------    ------- -------    ------- -------    ----
   1 !   20.2   0.1   1.8e-05     8e-05       4      33 .]     296     325 ..     293     325 .. 0.94

  Alignments for each domain:
  == domain 1  score: 20.2 bits;  conditional E-value: 1.8e-05
        ihelix_seed_hmm   4 lvalvllLlvAGheTTtnaiswalllLlrh 33 
                            l+++++++l+AG++T++ ++s+a+ +L+++
  sp|Q54F47|C513C_DICDI 296 LISICIDVLIAGTDTVGQTLSFAIVALVNN 325
                            899************************987 PP

>> sp|A0A1L9WVI3|ANEF_ASPA1  Cytochrome P450 monooxygenase aneF OS=Aspergillus aculeatus (strain ATCC 16872 / CBS 172.66
   #    score  bias  c-Evalue  i-Evalue hmmfrom  hmm to    alifrom  ali to    envfrom  env to     acc
 ---   ------ ----- --------- --------- ------- -------    ------- -------    ------- -------    ----
   1 !   19.9   0.6   2.2e-05    0.0001       2      33 .]     286     317 ..     285     317 .. 0.95

  Alignments for each domain:
  == domain 1  score: 19.9 bits;  conditional E-value: 2.2e-05
           ihelix_seed_hmm   2 eelvalvllLlvAGheTTtnaiswalllLlrh 33 
                               +el++++ l+ +AG++TT+ a+++a+++ l++
  sp|A0A1L9WVI3|ANEF_ASPA1 286 SELIDQAFLFAIAGTDTTSMATTFAVFHILNN 317
                               79**************************9987 PP

>> sp|P12791|CP2BA_MOUSE  Cytochrome P450 2B10 OS=Mus musculus OX=10090 GN=Cyp2b10 PE=1 SV=1
   #    score  bias  c-Evalue  i-Evalue hmmfrom  hmm to    alifrom  ali to    envfrom  env to     acc
 ---   ------ ----- --------- --------- ------- -------    ------- -------    ------- -------    ----
   1 !   19.7   0.7   2.6e-05   0.00012       8      33 .]     292     317 ..     286     317 .. 0.95

  Alignments for each domain:
  == domain 1  score: 19.7 bits;  conditional E-value: 2.6e-05
        ihelix_seed_hmm   8 vllLlvAGheTTtnaiswalllLlrh 33 
                            vl+L+++G+eT+++++ +++ll+l++
  sp|P12791|CP2BA_MOUSE 292 VLSLFFVGTETSSTTLHYGFLLMLKY 317
                            79*********************986 PP

>> sp|Q59203|CPXP_BRADU  Cytochrome P450 BJ-1 OS=Bradyrhizobium diazoefficiens (strain JCM 10833 / BCRC 13528 / IAM 1362
   #    score  bias  c-Evalue  i-Evalue hmmfrom  hmm to    alifrom  ali to    envfrom  env to     acc
 ---   ------ ----- --------- --------- ------- -------    ------- -------    ------- -------    ----
   1 !   20.2   0.2   1.9e-05   8.4e-05       1      33 []     224     256 ..     224     256 .. 0.96

  Alignments for each domain:
  == domain 1  score: 20.2 bits;  conditional E-value: 1.9e-05
       ihelix_seed_hmm   1 deelvalvllLlvAGheTTtnaiswalllLlrh 33 
                           +ee+v+l+  +lvAGhe T+  i ++ll++ rh
  sp|Q59203|CPXP_BRADU 224 EEEAVGLAAGMLVAGHESTVAQIEFGLLAMFRH 256
                           69***************************9888 PP

>> sp|Q1ZXC4|C5142_DICDI  Probable cytochrome P450 514A2 OS=Dictyostelium discoideum OX=44689 GN=cyp514A2 PE=3 SV=1
   #    score  bias  c-Evalue  i-Evalue hmmfrom  hmm to    alifrom  ali to    envfrom  env to     acc
 ---   ------ ----- --------- --------- ------- -------    ------- -------    ------- -------    ----
   1 !   20.1   0.1     2e-05   9.1e-05       5      33 .]     299     327 ..     296     327 .. 0.90

  Alignments for each domain:
  == domain 1  score: 20.1 bits;  conditional E-value: 2e-05
        ihelix_seed_hmm   5 valvllLlvAGheTTtnaiswalllLlrh 33 
                            +  ++++++A ++TT+n+is+++  L +h
  sp|Q1ZXC4|C5142_DICDI 299 LLSIVDIIIASVDTTSNSISFIIARLTNH 327
                            55689*********************988 PP

>> sp|O64638|C76C3_ARATH  Cytochrome P450 76C3 OS=Arabidopsis thaliana OX=3702 GN=CYP76C3 PE=2 SV=2
   #    score  bias  c-Evalue  i-Evalue hmmfrom  hmm to    alifrom  ali to    envfrom  env to     acc
 ---   ------ ----- --------- --------- ------- -------    ------- -------    ------- -------    ----
   1 !   19.4   0.1   3.4e-05   0.00015       2      30 ..     301     329 ..     300     332 .. 0.91

  Alignments for each domain:
  == domain 1  score: 19.4 bits;  conditional E-value: 3.4e-05
        ihelix_seed_hmm   2 eelvalvllLlvAGheTTtnaiswalllL 30 
                            ++l++l l+++vAG++T +++  wa+ +L
  sp|O64638|C76C3_ARATH 301 NDLKHLLLDVFVAGTDTNSSTMEWAMTEL 329
                            6899*********************9777 PP

>> sp|F1SYH4|CY212_POSPM  Cytochrome P450 monooxygenase 212 OS=Postia placenta (strain ATCC 44394 / Madison 698-R) OX=56
   #    score  bias  c-Evalue  i-Evalue hmmfrom  hmm to    alifrom  ali to    envfrom  env to     acc
 ---   ------ ----- --------- --------- ------- -------    ------- -------    ------- -------    ----
   1 !   20.2   1.0   1.8e-05     8e-05       2      33 .]     315     346 ..     314     346 .. 0.94

  Alignments for each domain:
  == domain 1  score: 20.2 bits;  conditional E-value: 1.8e-05
        ihelix_seed_hmm   2 eelvalvllLlvAGheTTtnaiswalllLlrh 33 
                            +el+a++ lL +A+++TT+n+++ +l lL++h
  sp|F1SYH4|CY212_POSPM 315 SELIAQMSLLVFAATDTTSNTLARILQLLAEH 346
                            89*********************999999987 PP

>> sp|P33270|CP6A2_DROME  Cytochrome P450 6a2 OS=Drosophila melanogaster OX=7227 GN=Cyp6a2 PE=2 SV=2
   #    score  bias  c-Evalue  i-Evalue hmmfrom  hmm to    alifrom  ali to    envfrom  env to     acc
 ---   ------ ----- --------- --------- ------- -------    ------- -------    ------- -------    ----
   1 !   20.1   0.0     2e-05   8.9e-05       3      33 .]     299     329 ..     299     329 .. 0.96

  Alignments for each domain:
  == domain 1  score: 20.1 bits;  conditional E-value: 2e-05
        ihelix_seed_hmm   3 elvalvllLlvAGheTTtnaiswalllLlrh 33 
                            el+a+v +++vAG eT++++ s+ l++L+ +
  sp|P33270|CP6A2_DROME 299 ELAAQVFVFYVAGFETSSSTMSYCLYELAQN 329
                            799*************************987 PP

>> sp|W6Q4S4|ORF11_PENRF  Cytochrome P450 monooxygenase ORF11 OS=Penicillium roqueforti (strain FM164) OX=1365484 GN=ORF
   #    score  bias  c-Evalue  i-Evalue hmmfrom  hmm to    alifrom  ali to    envfrom  env to     acc
 ---   ------ ----- --------- --------- ------- -------    ------- -------    ------- -------    ----
   1 !   19.8   0.0   2.4e-05   0.00011       4      33 .]     301     330 ..     298     330 .. 0.87

  Alignments for each domain:
  == domain 1  score: 19.8 bits;  conditional E-value: 2.4e-05
        ihelix_seed_hmm   4 lvalvllLlvAGheTTtnaiswalllLlrh 33 
                            ++a + ++ +AG eTT++++s ++++L ++
  sp|W6Q4S4|ORF11_PENRF 301 IAAHASDFVIAGSETTATTLSCIVYYLTKN 330
                            55667799*******************987 PP

>> sp|Q9SAB6|C71AI_ARATH  Cytochrome P450 71A18 OS=Arabidopsis thaliana OX=3702 GN=CYP71A18 PE=3 SV=2
   #    score  bias  c-Evalue  i-Evalue hmmfrom  hmm to    alifrom  ali to    envfrom  env to     acc
 ---   ------ ----- --------- --------- ------- -------    ------- -------    ------- -------    ----
   1 !   19.7   0.0   2.7e-05   0.00012       2      33 .]     286     317 ..     285     317 .. 0.95

  Alignments for each domain:
  == domain 1  score: 19.7 bits;  conditional E-value: 2.7e-05
        ihelix_seed_hmm   2 eelvalvllLlvAGheTTtnaiswalllLlrh 33 
                            ++++ ++l+++++G+ T+++++ w++ +L+r+
  sp|Q9SAB6|C71AI_ARATH 286 NDIKFMILDMFIGGISTSSTLLEWIMTELIRN 317
                            57999************************998 PP

>> sp|Q5KQH7|C14D1_ORYSJ  Cytochrome P450 714D1 OS=Oryza sativa subsp. japonica OX=39947 GN=CYP714D1 PE=1 SV=1
   #    score  bias  c-Evalue  i-Evalue hmmfrom  hmm to    alifrom  ali to    envfrom  env to     acc
 ---   ------ ----- --------- --------- ------- -------    ------- -------    ------- -------    ----
   1 !   19.7   0.0   2.6e-05   0.00012       5      33 .]     350     378 ..     346     378 .. 0.90

  Alignments for each domain:
  == domain 1  score: 19.7 bits;  conditional E-value: 2.6e-05
        ihelix_seed_hmm   5 valvllLlvAGheTTtnaiswalllLlrh 33 
                            v+++ ++++AGheT++ + +w l+lL+ h
  sp|Q5KQH7|C14D1_ORYSJ 350 VDNCKNIYFAGHETSAVTATWCLMLLAAH 378
                            56677899*******************98 PP

>> sp|Q9CA61|C98A8_ARATH  Cytochrome P450 98A8 OS=Arabidopsis thaliana OX=3702 GN=CYP98A8 PE=1 SV=1
   #    score  bias  c-Evalue  i-Evalue hmmfrom  hmm to    alifrom  ali to    envfrom  env to     acc
 ---   ------ ----- --------- --------- ------- -------    ------- -------    ------- -------    ----
   1 !   20.0   0.2   2.1e-05   9.4e-05       4      32 ..     282     310 ..     279     311 .. 0.86

  Alignments for each domain:
  == domain 1  score: 20.0 bits;  conditional E-value: 2.1e-05
        ihelix_seed_hmm   4 lvalvllLlvAGheTTtnaiswalllLlr 32 
                            + +lv ++l+AG +TT+ +i wa+ ++++
  sp|Q9CA61|C98A8_ARATH 282 VGGLVWNMLTAGADTTAVVIEWAMAEMIK 310
                            56778899******************986 PP

>> sp|A0A1D6GQ67|C71Z6_MAIZE  Dolabradiene monooxygenase OS=Zea mays OX=4577 GN=CYP71Z16 PE=1 SV=1
   #    score  bias  c-Evalue  i-Evalue hmmfrom  hmm to    alifrom  ali to    envfrom  env to     acc
 ---   ------ ----- --------- --------- ------- -------    ------- -------    ------- -------    ----
   1 !   19.7   0.2   2.6e-05   0.00012       6      33 .]     294     321 ..     290     321 .. 0.93

  Alignments for each domain:
  == domain 1  score: 19.7 bits;  conditional E-value: 2.6e-05
            ihelix_seed_hmm   6 alvllLlvAGheTTtnaiswalllLlrh 33 
                                al+ +L+ AG +T++++++w + +++r+
  sp|A0A1D6GQ67|C71Z6_MAIZE 294 ALMFDLFGAGSDTSSTTLTWCMTEMIRY 321
                                799*****************99999886 PP

>> sp|W8JIS9|CYC13_CATRO  Cytochrome P450 81C13 OS=Catharanthus roseus OX=4058 GN=CYP81C13 PE=2 SV=1
   #    score  bias  c-Evalue  i-Evalue hmmfrom  hmm to    alifrom  ali to    envfrom  env to     acc
 ---   ------ ----- --------- --------- ------- -------    ------- -------    ------- -------    ----
   1 !   21.1   0.2   9.6e-06   4.4e-05       4      33 .]     296     325 ..     293     325 .. 0.89

  Alignments for each domain:
  == domain 1  score: 21.1 bits;  conditional E-value: 9.6e-06
        ihelix_seed_hmm   4 lvalvllLlvAGheTTtnaiswalllLlrh 33 
                            +++  l ++vAG+eT++  i wa+ lLl++
  sp|W8JIS9|CYC13_CATRO 296 IKSVLLIMFVAGTETSAVIIEWAMSLLLSN 325
                            56677899*******************987 PP

>> sp|Q9UW95|AFLL_ASPPU  Versicolorin B desaturase OS=Aspergillus parasiticus (strain ATCC 56775 / NRRL 5862 / SRRC 143 
   #    score  bias  c-Evalue  i-Evalue hmmfrom  hmm to    alifrom  ali to    envfrom  env to     acc
 ---   ------ ----- --------- --------- ------- -------    ------- -------    ------- -------    ----
   1 !   19.9   0.4   2.3e-05    0.0001       6      30 ..     289     313 ..     286     314 .. 0.91

  Alignments for each domain:
  == domain 1  score: 19.9 bits;  conditional E-value: 2.3e-05
       ihelix_seed_hmm   6 alvllLlvAGheTTtnaiswalllL 30 
                           +++ ++ vAG eTT++a+s a++lL
  sp|Q9UW95|AFLL_ASPPU 289 NNAAVMVVAGSETTASALSGAMYLL 313
                           678899*****************98 PP

>> sp|Q64409|CP3AH_CAVPO  Cytochrome P450 3A17 OS=Cavia porcellus OX=10141 GN=CYP3A17 PE=2 SV=1
   #    score  bias  c-Evalue  i-Evalue hmmfrom  hmm to    alifrom  ali to    envfrom  env to     acc
 ---   ------ ----- --------- --------- ------- -------    ------- -------    ------- -------    ----
   1 !   19.8   0.1   2.5e-05   0.00011       3      33 .]     294     324 ..     292     324 .. 0.94

  Alignments for each domain:
  == domain 1  score: 19.8 bits;  conditional E-value: 2.5e-05
        ihelix_seed_hmm   3 elvalvllLlvAGheTTtnaiswalllLlrh 33 
                            e++a+ + ++vAG eTT++++ ++++ L++h
  sp|Q64409|CP3AH_CAVPO 294 EILAQSIFFIVAGYETTSSTLCFIMYSLATH 324
                            89999999**********************9 PP

>> sp|Q96514|C71B7_ARATH  Cytochrome P450 71B7 OS=Arabidopsis thaliana OX=3702 GN=CYP71B7 PE=1 SV=1
   #    score  bias  c-Evalue  i-Evalue hmmfrom  hmm to    alifrom  ali to    envfrom  env to     acc
 ---   ------ ----- --------- --------- ------- -------    ------- -------    ------- -------    ----
   1 !   19.7   0.2   2.6e-05   0.00012       2      33 .]     294     325 ..     293     325 .. 0.96

  Alignments for each domain:
  == domain 1  score: 19.7 bits;  conditional E-value: 2.6e-05
        ihelix_seed_hmm   2 eelvalvllLlvAGheTTtnaiswalllLlrh 33 
                            ++l++++ ++++AG+ T++ ++ wa+ +L+r+
  sp|Q96514|C71B7_ARATH 294 DHLKGIISDIFLAGVNTSAVTLNWAMAELIRN 325
                            899***************************98 PP

>> sp|Q9FH76|ABAH3_ARATH  Abscisic acid 8'-hydroxylase 3 OS=Arabidopsis thaliana OX=3702 GN=CYP707A3 PE=1 SV=1
   #    score  bias  c-Evalue  i-Evalue hmmfrom  hmm to    alifrom  ali to    envfrom  env to     acc
 ---   ------ ----- --------- --------- ------- -------    ------- -------    ------- -------    ----
   1 !   19.9   0.0   2.3e-05    0.0001       1      31 [.     262     292 ..     262     294 .. 0.95

  Alignments for each domain:
  == domain 1  score: 19.9 bits;  conditional E-value: 2.3e-05
        ihelix_seed_hmm   1 deelvalvllLlvAGheTTtnaiswalllLl 31 
                            de+++++++ +++A+ +TT+++++w+l +L+
  sp|Q9FH76|ABAH3_ARATH 262 DEQIADNIIGVIFAARDTTASVLTWILKYLA 292
                            799**************************98 PP

>> sp|A0A098CZ12|GRA8_GIBZE  Cytochrome P450 monooxygenase FGSG_15680 OS=Gibberella zeae (strain ATCC MYA-4620 / CBS 123
   #    score  bias  c-Evalue  i-Evalue hmmfrom  hmm to    alifrom  ali to    envfrom  env to     acc
 ---   ------ ----- --------- --------- ------- -------    ------- -------    ------- -------    ----
   1 !   20.1   0.5   1.9e-05   8.8e-05       2      32 ..     201     231 ..     200     232 .. 0.90

  Alignments for each domain:
  == domain 1  score: 20.1 bits;  conditional E-value: 1.9e-05
           ihelix_seed_hmm   2 eelvalvllLlvAGheTTtnaiswalllLlr 32 
                               +e++a   +L+vAG++T+++a++ +l++L  
  sp|A0A098CZ12|GRA8_GIBZE 201 NEVAAESSTLIVAGTDTSSTALAATLFYLTQ 231
                               68888899********************975 PP

>> sp|Q93Z79|C14A1_ARATH  Cytochrome P450 714A1 OS=Arabidopsis thaliana OX=3702 GN=CYP714A1 PE=2 SV=1
   #    score  bias  c-Evalue  i-Evalue hmmfrom  hmm to    alifrom  ali to    envfrom  env to     acc
 ---   ------ ----- --------- --------- ------- -------    ------- -------    ------- -------    ----
   1 !   19.6   0.0   2.8e-05   0.00013       6      33 .]     334     361 ..     332     361 .. 0.88

  Alignments for each domain:
  == domain 1  score: 19.6 bits;  conditional E-value: 2.8e-05
        ihelix_seed_hmm   6 alvllLlvAGheTTtnaiswalllLlrh 33 
                            +++ ++++AGheT++ a sw l+lL+ +
  sp|Q93Z79|C14A1_ARATH 334 DNCKSIYFAGHETSAVAVSWCLMLLALN 361
                            5666899******************986 PP

>> sp|O35074|PTGIS_MOUSE  Prostacyclin synthase OS=Mus musculus OX=10090 GN=Ptgis PE=1 SV=1
   #    score  bias  c-Evalue  i-Evalue hmmfrom  hmm to    alifrom  ali to    envfrom  env to     acc
 ---   ------ ----- --------- --------- ------- -------    ------- -------    ------- -------    ----
   1 !   17.2   0.1   0.00016   0.00073       2      33 .]     272     303 ..     271     303 .. 0.95

  Alignments for each domain:
  == domain 1  score: 17.2 bits;  conditional E-value: 0.00016
        ihelix_seed_hmm   2 eelvalvllLlvAGheTTtnaiswalllLlrh 33 
                            e+++++ +l+l+A + +++++ +w ll+Ll++
  sp|O35074|PTGIS_MOUSE 272 EMQARALVLQLWATQGNMGPTAFWLLLFLLKN 303
                            889999************************98 PP

>> sp|Q9SZU1|C81F4_ARATH  Cytochrome P450 81F4 OS=Arabidopsis thaliana OX=3702 GN=CYP81F4 PE=1 SV=1
   #    score  bias  c-Evalue  i-Evalue hmmfrom  hmm to    alifrom  ali to    envfrom  env to     acc
 ---   ------ ----- --------- --------- ------- -------    ------- -------    ------- -------    ----
   1 !   19.7   0.7   2.6e-05   0.00012       4      33 .]     287     316 ..     287     316 .. 0.96

  Alignments for each domain:
  == domain 1  score: 19.7 bits;  conditional E-value: 2.6e-05
        ihelix_seed_hmm   4 lvalvllLlvAGheTTtnaiswalllLlrh 33 
                            +++l+l ++vA  eT++ +i wa+  Ll+h
  sp|Q9SZU1|C81F4_ARATH 287 IKGLMLGIMVASSETSALTIEWAMASLLNH 316
                            689*************************98 PP

>> sp|G3JUI6|MILC_CORMM  Cytochrome P450 monooxygenase milC OS=Cordyceps militaris (strain CM01) OX=983644 GN=milC PE=1 
   #    score  bias  c-Evalue  i-Evalue hmmfrom  hmm to    alifrom  ali to    envfrom  env to     acc
 ---   ------ ----- --------- --------- ------- -------    ------- -------    ------- -------    ----
   1 !   19.3   0.1   3.5e-05   0.00016       4      33 .]     314     343 ..     312     343 .. 0.89

  Alignments for each domain:
  == domain 1  score: 19.3 bits;  conditional E-value: 3.5e-05
       ihelix_seed_hmm   4 lvalvllLlvAGheTTtnaiswalllLlrh 33 
                           l+++ + Ll+AG++T+t+++s+al +L rh
  sp|G3JUI6|MILC_CORMM 314 LRDILVQLLFAGIDTSTSMLSFALVELGRH 343
                           5778889*****************999666 PP

>> sp|P10612|CP11A_PIG  Cholesterol side-chain cleavage enzyme, mitochondrial OS=Sus scrofa OX=9823 GN=CYP11A1 PE=1 SV=1
   #    score  bias  c-Evalue  i-Evalue hmmfrom  hmm to    alifrom  ali to    envfrom  env to     acc
 ---   ------ ----- --------- --------- ------- -------    ------- -------    ------- -------    ----
   1 !   20.0   0.0   2.2e-05   9.9e-05       2      32 ..     313     343 ..     312     344 .. 0.95

  Alignments for each domain:
  == domain 1  score: 20.0 bits;  conditional E-value: 2.2e-05
      ihelix_seed_hmm   2 eelvalvllLlvAGheTTtnaiswalllLlr 32 
                          e+++a+v+++l++G++TT+ ++ w l++++r
  sp|P10612|CP11A_PIG 313 EDVKANVTEMLAGGVDTTSMTLQWHLYEMAR 343
                          8999*************************98 PP

>> sp|Q1ZXL7|C5083_DICDI  Probable cytochrome P450 508A3 OS=Dictyostelium discoideum OX=44689 GN=cyp508A3-1 PE=3 SV=1
   #    score  bias  c-Evalue  i-Evalue hmmfrom  hmm to    alifrom  ali to    envfrom  env to     acc
 ---   ------ ----- --------- --------- ------- -------    ------- -------    ------- -------    ----
   1 !   19.8   0.7   2.4e-05   0.00011       4      32 ..     280     308 ..     278     309 .. 0.92

  Alignments for each domain:
  == domain 1  score: 19.8 bits;  conditional E-value: 2.4e-05
        ihelix_seed_hmm   4 lvalvllLlvAGheTTtnaiswalllLlr 32 
                            ++a++ +L++AG++T++ ++ ++++ L++
  sp|Q1ZXL7|C5083_DICDI 280 IIATINDLFLAGTDTSSASLEYMVMMLVN 308
                            89**********************98876 PP

>> sp|Q12612|TRI4_FUSSP  Cytochrome P450 monooxygenase TRI4 OS=Fusarium sporotrichioides OX=5514 GN=TRI4 PE=1 SV=2
   #    score  bias  c-Evalue  i-Evalue hmmfrom  hmm to    alifrom  ali to    envfrom  env to     acc
 ---   ------ ----- --------- --------- ------- -------    ------- -------    ------- -------    ----
   1 !   20.8   3.5   1.2e-05   5.3e-05      10      33 .]     310     333 ..     309     333 .. 0.96

  Alignments for each domain:
  == domain 1  score: 20.8 bits;  conditional E-value: 1.2e-05
       ihelix_seed_hmm  10 lLlvAGheTTtnaiswalllLlrh 33 
                           ++l+AG+eTT+ +++ ++++Ll+h
  sp|Q12612|TRI4_FUSSP 310 VILFAGTETTSRTLAITFFYLLTH 333
                           79*********************9 PP

>> sp|B9X287|C7346_ORYSJ  Cytochrome P450 734A6 OS=Oryza sativa subsp. japonica OX=39947 GN=CYP734A6 PE=2 SV=1
   #    score  bias  c-Evalue  i-Evalue hmmfrom  hmm to    alifrom  ali to    envfrom  env to     acc
 ---   ------ ----- --------- --------- ------- -------    ------- -------    ------- -------    ----
   1 !   19.0   0.1   4.2e-05   0.00019       4      33 .]     324     353 ..     321     353 .. 0.88

  Alignments for each domain:
  == domain 1  score: 19.0 bits;  conditional E-value: 4.2e-05
        ihelix_seed_hmm   4 lvalvllLlvAGheTTtnaiswalllLlrh 33 
                            +v  + ++++AG  TT+n+++wa+  L++h
  sp|B9X287|C7346_ORYSJ 324 IVEECKTFFFAGKQTTSNLLTWAIVVLAMH 353
                            6666779*********************98 PP

>> sp|Q964R0|CP6K1_BLAGE  Cytochrome P450 6k1 OS=Blattella germanica OX=6973 GN=CYP6K1 PE=2 SV=1
   #    score  bias  c-Evalue  i-Evalue hmmfrom  hmm to    alifrom  ali to    envfrom  env to     acc
 ---   ------ ----- --------- --------- ------- -------    ------- -------    ------- -------    ----
   1 !   19.6   0.5   2.8e-05   0.00013       3      31 ..     313     341 ..     311     342 .. 0.88

  Alignments for each domain:
  == domain 1  score: 19.6 bits;  conditional E-value: 2.8e-05
        ihelix_seed_hmm   3 elvalvllLlvAGheTTtnaiswalllLl 31 
                            +lv++  l+++AG eT ++++s++l++L+
  sp|Q964R0|CP6K1_BLAGE 313 NLVSQPALFFTAGFETNATTLSFTLYELS 341
                            66777789*******************97 PP

>> sp|F4JW83|C84A4_ARATH  Cytochrome P450 84A4 OS=Arabidopsis thaliana OX=3702 GN=CYP84A4 PE=1 SV=1
   #    score  bias  c-Evalue  i-Evalue hmmfrom  hmm to    alifrom  ali to    envfrom  env to     acc
 ---   ------ ----- --------- --------- ------- -------    ------- -------    ------- -------    ----
   1 !   19.6   0.1   2.8e-05   0.00013       2      32 ..     295     325 ..     294     326 .. 0.92

  Alignments for each domain:
  == domain 1  score: 19.6 bits;  conditional E-value: 2.8e-05
        ihelix_seed_hmm   2 eelvalvllLlvAGheTTtnaiswalllLlr 32 
                            +++++++++++++G+eT++ ai w+l + lr
  sp|F4JW83|C84A4_ARATH 295 DNIKGIIMDVMFGGTETVALAIEWVLTEILR 325
                            89***********************977776 PP

>> sp|Q62969|PTGIS_RAT  Prostacyclin synthase OS=Rattus norvegicus OX=10116 GN=Ptgis PE=2 SV=1
   #    score  bias  c-Evalue  i-Evalue hmmfrom  hmm to    alifrom  ali to    envfrom  env to     acc
 ---   ------ ----- --------- --------- ------- -------    ------- -------    ------- -------    ----
   1 !   17.0   0.1   0.00019   0.00084       2      33 .]     272     303 ..     271     303 .. 0.95

  Alignments for each domain:
  == domain 1  score: 17.0 bits;  conditional E-value: 0.00019
      ihelix_seed_hmm   2 eelvalvllLlvAGheTTtnaiswalllLlrh 33 
                          ++++++ +l+l+A + +++++ +w ll+Ll++
  sp|Q62969|PTGIS_RAT 272 DMQARALVLQLWATQGNMGPTAFWLLLFLLKN 303
                          789999************************98 PP

>> sp|H1A981|C7263_MEDTR  11-oxo-beta-amyrin 30-oxidase OS=Medicago truncatula OX=3880 GN=CYP72A63 PE=1 SV=1
   #    score  bias  c-Evalue  i-Evalue hmmfrom  hmm to    alifrom  ali to    envfrom  env to     acc
 ---   ------ ----- --------- --------- ------- -------    ------- -------    ------- -------    ----
   1 !   19.6   0.0   2.8e-05   0.00013       2      30 ..     322     350 ..     321     353 .. 0.89

  Alignments for each domain:
  == domain 1  score: 19.6 bits;  conditional E-value: 2.8e-05
        ihelix_seed_hmm   2 eelvalvllLlvAGheTTtnaiswalllL 30 
                            +++++ + l+++AG+eTT++++ w++ lL
  sp|H1A981|C7263_MEDTR 322 QDVIDECKLFYLAGQETTSSLLVWTMVLL 350
                            678888999*****************998 PP

>> sp|Q556M5|C5081_DICDI  Probable cytochrome P450 508A1 OS=Dictyostelium discoideum OX=44689 GN=cyp508A1-1 PE=3 SV=1
   #    score  bias  c-Evalue  i-Evalue hmmfrom  hmm to    alifrom  ali to    envfrom  env to     acc
 ---   ------ ----- --------- --------- ------- -------    ------- -------    ------- -------    ----
   1 !   19.8   1.0   2.4e-05   0.00011       4      32 ..     284     312 ..     282     313 .. 0.91

  Alignments for each domain:
  == domain 1  score: 19.8 bits;  conditional E-value: 2.4e-05
        ihelix_seed_hmm   4 lvalvllLlvAGheTTtnaiswalllLlr 32 
                            ++a++ ++++AG++T+++a+ +++l L +
  sp|Q556M5|C5081_DICDI 284 ILATINDFFLAGVDTSSTALESMVLMLTN 312
                            899*********************98865 PP

>> sp|Q7YRB2|CP8B1_PIG  5-beta-cholestane-3-alpha,7-alpha-diol 12-alpha-hydroxylase OS=Sus scrofa OX=9823 GN=CYP8B1 PE=1
   #    score  bias  c-Evalue  i-Evalue hmmfrom  hmm to    alifrom  ali to    envfrom  env to     acc
 ---   ------ ----- --------- --------- ------- -------    ------- -------    ------- -------    ----
   1 !   19.4   0.7   3.4e-05   0.00015      11      33 .]     279     301 ..     278     301 .. 0.97

  Alignments for each domain:
  == domain 1  score: 19.4 bits;  conditional E-value: 3.4e-05
      ihelix_seed_hmm  11 LlvAGheTTtnaiswalllLlrh 33 
                          +l+A + +T+++++wall+Ll+h
  sp|Q7YRB2|CP8B1_PIG 279 MLWASQGNTGPTTFWALLFLLKH 301
                          69*******************99 PP

>> sp|Q9HB55|CP343_HUMAN  Cytochrome P450 3A43 OS=Homo sapiens OX=9606 GN=CYP3A43 PE=1 SV=1
   #    score  bias  c-Evalue  i-Evalue hmmfrom  hmm to    alifrom  ali to    envfrom  env to     acc
 ---   ------ ----- --------- --------- ------- -------    ------- -------    ------- -------    ----
   1 !   19.6   0.2   2.8e-05   0.00013       2      33 .]     293     324 ..     292     324 .. 0.96

  Alignments for each domain:
  == domain 1  score: 19.6 bits;  conditional E-value: 2.8e-05
        ihelix_seed_hmm   2 eelvalvllLlvAGheTTtnaiswalllLlrh 33 
                             elva+ + +++A+ +TT++++ +++++L++h
  sp|Q9HB55|CP343_HUMAN 293 LELVAQSIIIIFAAYDTTSTTLPFIMYELATH 324
                            69*****************************9 PP

>> sp|F1SYI1|CY219_POSPM  Cytochrome P450 monooxygenase 219 OS=Postia placenta (strain ATCC 44394 / Madison 698-R) OX=56
   #    score  bias  c-Evalue  i-Evalue hmmfrom  hmm to    alifrom  ali to    envfrom  env to     acc
 ---   ------ ----- --------- --------- ------- -------    ------- -------    ------- -------    ----
   1 !   19.3   1.0   3.6e-05   0.00016       5      33 .]     319     347 ..     315     347 .. 0.92

  Alignments for each domain:
  == domain 1  score: 19.3 bits;  conditional E-value: 3.6e-05
        ihelix_seed_hmm   5 valvllLlvAGheTTtnaiswalllLlrh 33 
                            va++ lL +A+++TT+n+++ +l lL++h
  sp|F1SYI1|CY219_POSPM 319 VAQMSLLVFAATDTTSNTLAHILQLLAEH 347
                            78999*********************998 PP

>> sp|P79153|CP11A_CAPHI  Cholesterol side-chain cleavage enzyme, mitochondrial OS=Capra hircus OX=9925 GN=CYP11A1 PE=2 
   #    score  bias  c-Evalue  i-Evalue hmmfrom  hmm to    alifrom  ali to    envfrom  env to     acc
 ---   ------ ----- --------- --------- ------- -------    ------- -------    ------- -------    ----
   1 !   19.7   0.1   2.7e-05   0.00012       2      32 ..     313     343 ..     312     344 .. 0.95

  Alignments for each domain:
  == domain 1  score: 19.7 bits;  conditional E-value: 2.7e-05
        ihelix_seed_hmm   2 eelvalvllLlvAGheTTtnaiswalllLlr 32 
                            e+++a+++++l++G++TT+ ++ w l++++r
  sp|P79153|CP11A_CAPHI 313 EDVKANITEMLAGGVDTTSMTLQWHLYEMAR 343
                            7899*************************98 PP

>> sp|F1SY74|CY075_POSPM  Cytochrome P450 monooxygenase 75 OS=Postia placenta (strain ATCC 44394 / Madison 698-R) OX=561
   #    score  bias  c-Evalue  i-Evalue hmmfrom  hmm to    alifrom  ali to    envfrom  env to     acc
 ---   ------ ----- --------- --------- ------- -------    ------- -------    ------- -------    ----
   1 !   19.6   0.1   2.7e-05   0.00012       4      30 ..     368     394 ..     368     397 .. 0.93

  Alignments for each domain:
  == domain 1  score: 19.6 bits;  conditional E-value: 2.7e-05
        ihelix_seed_hmm   4 lvalvllLlvAGheTTtnaiswalllL 30 
                            l++ vl++l+AG +TT+ ++++++++L
  sp|F1SY74|CY075_POSPM 368 LHDEVLNILIAGRDTTAGTLTFVVYFL 394
                            6789**********************9 PP

>> sp|P79202|CP11A_SHEEP  Cholesterol side-chain cleavage enzyme, mitochondrial OS=Ovis aries OX=9940 GN=CYP11A1 PE=1 SV
   #    score  bias  c-Evalue  i-Evalue hmmfrom  hmm to    alifrom  ali to    envfrom  env to     acc
 ---   ------ ----- --------- --------- ------- -------    ------- -------    ------- -------    ----
   1 !   19.7   0.1   2.7e-05   0.00012       2      32 ..     313     343 ..     312     344 .. 0.95

  Alignments for each domain:
  == domain 1  score: 19.7 bits;  conditional E-value: 2.7e-05
        ihelix_seed_hmm   2 eelvalvllLlvAGheTTtnaiswalllLlr 32 
                            e+++a+++++l++G++TT+ ++ w l++++r
  sp|P79202|CP11A_SHEEP 313 EDVKANITEMLAGGVDTTSMTLQWHLYEMAR 343
                            7899*************************98 PP

>> sp|Q964T2|CP9E2_BLAGE  Cytochrome P450 9e2 OS=Blattella germanica OX=6973 GN=CYP9E2 PE=2 SV=1
   #    score  bias  c-Evalue  i-Evalue hmmfrom  hmm to    alifrom  ali to    envfrom  env to     acc
 ---   ------ ----- --------- --------- ------- -------    ------- -------    ------- -------    ----
   1 !   19.6   0.6   2.8e-05   0.00013       1      33 []     321     353 ..     321     353 .. 0.94

  Alignments for each domain:
  == domain 1  score: 19.6 bits;  conditional E-value: 2.8e-05
        ihelix_seed_hmm   1 deelvalvllLlvAGheTTtnaiswalllLlrh 33 
                            d++l+a+++l+++AG +T+++++ ++ +lL+++
  sp|Q964T2|CP9E2_BLAGE 321 DDDLTAQAVLFFFAGFDTASTLLCFMSHLLATN 353
                            799********************9999999987 PP

>> sp|Q9DBX6|CP2S1_MOUSE  Cytochrome P450 2S1 OS=Mus musculus OX=10090 GN=Cyp2s1 PE=1 SV=1
   #    score  bias  c-Evalue  i-Evalue hmmfrom  hmm to    alifrom  ali to    envfrom  env to     acc
 ---   ------ ----- --------- --------- ------- -------    ------- -------    ------- -------    ----
   1 !   20.6   1.4   1.4e-05   6.3e-05       2      33 .]     291     322 ..     290     322 .. 0.91

  Alignments for each domain:
  == domain 1  score: 20.6 bits;  conditional E-value: 1.4e-05
        ihelix_seed_hmm   2 eelvalvllLlvAGheTTtnaiswalllLlrh 33 
                            ++l+ +v+ Ll+AG++T + +i++alllLlr+
  sp|Q9DBX6|CP2S1_MOUSE 291 KNLLMTVTYLLFAGTMTIGATIRYALLLLLRY 322
                            577778999*********************97 PP

>> sp|Q05555|CP2AA_RABIT  Cytochrome P450 2A10 OS=Oryctolagus cuniculus OX=9986 GN=CYP2A10 PE=1 SV=1
   #    score  bias  c-Evalue  i-Evalue hmmfrom  hmm to    alifrom  ali to    envfrom  env to     acc
 ---   ------ ----- --------- --------- ------- -------    ------- -------    ------- -------    ----
   1 !   20.6   1.1   1.4e-05   6.3e-05       3      33 .]     290     320 ..     288     320 .. 0.90

  Alignments for each domain:
  == domain 1  score: 20.6 bits;  conditional E-value: 1.4e-05
        ihelix_seed_hmm   3 elvalvllLlvAGheTTtnaiswalllLlrh 33 
                            +lv + l+L++AG+eT++++ ++++llL +h
  sp|Q05555|CP2AA_RABIT 290 NLVMTTLNLFFAGTETVSTTMRYGFLLLMKH 320
                            6677789*********************998 PP

>> sp|Q9V4T3|C4AD1_DROME  Probable cytochrome P450 4ad1 OS=Drosophila melanogaster OX=7227 GN=Cyp4ad1 PE=2 SV=1
   #    score  bias  c-Evalue  i-Evalue hmmfrom  hmm to    alifrom  ali to    envfrom  env to     acc
 ---   ------ ----- --------- --------- ------- -------    ------- -------    ------- -------    ----
   1 !   19.6   0.0   2.8e-05   0.00013       3      33 .]     294     324 ..     292     324 .. 0.94

  Alignments for each domain:
  == domain 1  score: 19.6 bits;  conditional E-value: 2.8e-05
        ihelix_seed_hmm   3 elvalvllLlvAGheTTtnaiswalllLlrh 33 
                            e++  v ++++ Gh+  + ais++l++L+rh
  sp|Q9V4T3|C4AD1_DROME 294 EIIEEVSTFIFTGHDPIAAAISFTLYTLSRH 324
                            7888999***********************9 PP

>> sp|W7L9E5|FUM2_GIBM7  Cytochrome P450 monooxygenase FUM2 OS=Gibberella moniliformis (strain M3125 / FGSC 7600) OX=334
   #    score  bias  c-Evalue  i-Evalue hmmfrom  hmm to    alifrom  ali to    envfrom  env to     acc
 ---   ------ ----- --------- --------- ------- -------    ------- -------    ------- -------    ----
   1 !   19.6   0.5   2.8e-05   0.00013       5      33 .]     265     293 ..     262     293 .. 0.91

  Alignments for each domain:
  == domain 1  score: 19.6 bits;  conditional E-value: 2.8e-05
       ihelix_seed_hmm   5 valvllLlvAGheTTtnaiswalllLlrh 33 
                           +a++  +++AG+eTT++++s  ++lLl++
  sp|W7L9E5|FUM2_GIBM7 265 HANADIFMIAGTETTATLLSGLTYLLLKN 293
                           5677889********************98 PP

>> sp|B8NJH2|LEPH_ASPFN  Cytochrome P450 monooxygenase lepH OS=Aspergillus flavus (strain ATCC 200026 / FGSC A1120 / IAM
   #    score  bias  c-Evalue  i-Evalue hmmfrom  hmm to    alifrom  ali to    envfrom  env to     acc
 ---   ------ ----- --------- --------- ------- -------    ------- -------    ------- -------    ----
   1 !   19.6   0.0   2.7e-05   0.00012       2      33 .]     301     332 ..     300     332 .. 0.95

  Alignments for each domain:
  == domain 1  score: 19.6 bits;  conditional E-value: 2.7e-05
       ihelix_seed_hmm   2 eelvalvllLlvAGheTTtnaiswalllLlrh 33 
                           e l+++++++++  ++TT+ +is+a+++L+rh
  sp|B8NJH2|LEPH_ASPFN 301 EALRGQIMAVFIPSNDTTSILISNAIYALARH 332
                           6799***************************9 PP

>> sp|Q33DX9|C81Q2_SESRA  (+)-piperitol/(+)-sesamin synthase CYP81Q2 OS=Sesamum radiatum OX=300843 GN=CYP81Q2 PE=1 SV=1
   #    score  bias  c-Evalue  i-Evalue hmmfrom  hmm to    alifrom  ali to    envfrom  env to     acc
 ---   ------ ----- --------- --------- ------- -------    ------- -------    ------- -------    ----
   1 !   19.4   1.2   3.3e-05   0.00015       4      33 .]     294     323 ..     291     323 .. 0.94

  Alignments for each domain:
  == domain 1  score: 19.4 bits;  conditional E-value: 3.3e-05
        ihelix_seed_hmm   4 lvalvllLlvAGheTTtnaiswalllLlrh 33 
                            +++l+++L++AG+++++ ++ wa+ l l+h
  sp|Q33DX9|C81Q2_SESRA 294 ITGLIVALIIAGTDASVVTTEWAMSLILNH 323
                            899***********************9998 PP

>> sp|P24454|CP2A8_MESAU  Cytochrome P450 2A8 OS=Mesocricetus auratus OX=10036 GN=CYP2A8 PE=1 SV=1
   #    score  bias  c-Evalue  i-Evalue hmmfrom  hmm to    alifrom  ali to    envfrom  env to     acc
 ---   ------ ----- --------- --------- ------- -------    ------- -------    ------- -------    ----
   1 !   20.4   1.6   1.5e-05   6.9e-05       9      33 .]     296     320 ..     289     320 .. 0.90

  Alignments for each domain:
  == domain 1  score: 20.4 bits;  conditional E-value: 1.5e-05
        ihelix_seed_hmm   9 llLlvAGheTTtnaiswalllLlrh 33 
                            l+L++AG+eT+++++++++llL ++
  sp|P24454|CP2A8_MESAU 296 LNLFFAGTETVSTTTRYGFLLLMKY 320
                            89********************875 PP

>> sp|O02766|CP8B1_RABIT  7-alpha-hydroxycholest-4-en-3-one 12-alpha-hydroxylase OS=Oryctolagus cuniculus OX=9986 GN=CYP
   #    score  bias  c-Evalue  i-Evalue hmmfrom  hmm to    alifrom  ali to    envfrom  env to     acc
 ---   ------ ----- --------- --------- ------- -------    ------- -------    ------- -------    ----
   1 !   19.0   0.1   4.4e-05    0.0002      11      33 .]     278     300 ..     277     300 .. 0.97

  Alignments for each domain:
  == domain 1  score: 19.0 bits;  conditional E-value: 4.4e-05
        ihelix_seed_hmm  11 LlvAGheTTtnaiswalllLlrh 33 
                            +l+A + +T++a++wal++Ll+h
  sp|O02766|CP8B1_RABIT 278 MLWASQGNTGPASFWALIYLLKH 300
                            69*******************99 PP

>> sp|O48786|C734A_ARATH  Cytochrome P450 734A1 OS=Arabidopsis thaliana OX=3702 GN=CYP734A1 PE=2 SV=1
   #    score  bias  c-Evalue  i-Evalue hmmfrom  hmm to    alifrom  ali to    envfrom  env to     acc
 ---   ------ ----- --------- --------- ------- -------    ------- -------    ------- -------    ----
   1 !   19.5   0.0   3.1e-05   0.00014       4      33 .]     314     343 ..     311     343 .. 0.88

  Alignments for each domain:
  == domain 1  score: 19.5 bits;  conditional E-value: 3.1e-05
        ihelix_seed_hmm   4 lvalvllLlvAGheTTtnaiswalllLlrh 33 
                            +v  + ++++AG  TT+n+++w+++lL++h
  sp|O48786|C734A_ARATH 314 IVEECKSFFFAGKQTTSNLLTWTTILLSMH 343
                            6666778********************998 PP

>> sp|Q9LUC5|C7A15_ARATH  Cytochrome P450 72A15 OS=Arabidopsis thaliana OX=3702 GN=CYP72A15 PE=2 SV=1
   #    score  bias  c-Evalue  i-Evalue hmmfrom  hmm to    alifrom  ali to    envfrom  env to     acc
 ---   ------ ----- --------- --------- ------- -------    ------- -------    ------- -------    ----
   1 !   19.5   0.0   3.1e-05   0.00014      10      33 .]     318     341 ..     310     341 .. 0.93

  Alignments for each domain:
  == domain 1  score: 19.5 bits;  conditional E-value: 3.1e-05
        ihelix_seed_hmm  10 lLlvAGheTTtnaiswalllLlrh 33 
                            l+++AG+eTT+ ++ w++ lL+ h
  sp|Q9LUC5|C7A15_ARATH 318 LFYFAGQETTSVLLVWTMVLLSQH 341
                            799******************988 PP

>> sp|P16141|CP52D_CANMA  Cytochrome P450 52A4 OS=Candida maltosa OX=5479 GN=CYP52A4 PE=1 SV=4
   #    score  bias  c-Evalue  i-Evalue hmmfrom  hmm to    alifrom  ali to    envfrom  env to     acc
 ---   ------ ----- --------- --------- ------- -------    ------- -------    ------- -------    ----
   1 !   19.1   0.1   4.2e-05   0.00019       4      33 .]     324     353 ..     324     353 .. 0.95

  Alignments for each domain:
  == domain 1  score: 19.1 bits;  conditional E-value: 4.2e-05
        ihelix_seed_hmm   4 lvalvllLlvAGheTTtnaiswalllLlrh 33 
                            l+++ l++lvAG +TT+ ++s+ +++L+r+
  sp|P16141|CP52D_CANMA 324 LRDQLLNILVAGRDTTAGLLSFLFFELSRN 353
                            68899***********************98 PP

>> sp|Q9FMY1|C86B1_ARATH  Cytochrome P450 86B1 OS=Arabidopsis thaliana OX=3702 GN=CYP86B1 PE=2 SV=1
   #    score  bias  c-Evalue  i-Evalue hmmfrom  hmm to    alifrom  ali to    envfrom  env to     acc
 ---   ------ ----- --------- --------- ------- -------    ------- -------    ------- -------    ----
   1 !   19.2   0.0   3.8e-05   0.00017       4      30 ..     326     352 ..     323     355 .. 0.93

  Alignments for each domain:
  == domain 1  score: 19.2 bits;  conditional E-value: 3.8e-05
        ihelix_seed_hmm   4 lvalvllLlvAGheTTtnaiswalllL 30 
                            l+++++++++AG +T++ a+sw+++lL
  sp|Q9FMY1|C86B1_ARATH 326 LRDICVNFILAGRDTSSVALSWFFWLL 352
                            7899*********************99 PP

>> sp|Q54E98|C520B_DICDI  Putative cytochrome P450 520B1 OS=Dictyostelium discoideum OX=44689 GN=cyp520B1 PE=5 SV=1
   #    score  bias  c-Evalue  i-Evalue hmmfrom  hmm to    alifrom  ali to    envfrom  env to     acc
 ---   ------ ----- --------- --------- ------- -------    ------- -------    ------- -------    ----
   1 !   19.2   0.2   3.8e-05   0.00017       4      29 ..     261     286 ..     260     286 .. 0.93

  Alignments for each domain:
  == domain 1  score: 19.2 bits;  conditional E-value: 3.8e-05
        ihelix_seed_hmm   4 lvalvllLlvAGheTTtnaiswalll 29 
                            l+++++++ vAG++T++n++ w++l+
  sp|Q54E98|C520B_DICDI 261 LLQICIDIVVAGTDTVANLLQWFVLF 286
                            5789*******************986 PP

>> sp|Q9LJY5|C05AK_ARATH  Cytochrome P450 705A22 OS=Arabidopsis thaliana OX=3702 GN=CYP705A22 PE=2 SV=1
   #    score  bias  c-Evalue  i-Evalue hmmfrom  hmm to    alifrom  ali to    envfrom  env to     acc
 ---   ------ ----- --------- --------- ------- -------    ------- -------    ------- -------    ----
   1 !   18.8   0.0     5e-05   0.00023       2      33 .]     299     330 ..     298     330 .. 0.92

  Alignments for each domain:
  == domain 1  score: 18.8 bits;  conditional E-value: 5e-05
        ihelix_seed_hmm   2 eelvalvllLlvAGheTTtnaiswalllLlrh 33 
                            ++++a++++L++++++T++ +i w++ +  ++
  sp|Q9LJY5|C05AK_ARATH 299 NHIKAFFVDLFIGATDTSVQTIQWTMAEIMNN 330
                            689***********************998765 PP

>> sp|Q27517|C13A3_CAEEL  Putative cytochrome P450 CYP13A3 OS=Caenorhabditis elegans OX=6239 GN=cyp-13A3 PE=3 SV=1
   #    score  bias  c-Evalue  i-Evalue hmmfrom  hmm to    alifrom  ali to    envfrom  env to     acc
 ---   ------ ----- --------- --------- ------- -------    ------- -------    ------- -------    ----
   1 !   19.7   0.1   2.7e-05   0.00012       2      33 .]     314     345 ..     314     345 .. 0.98

  Alignments for each domain:
  == domain 1  score: 19.7 bits;  conditional E-value: 2.7e-05
        ihelix_seed_hmm   2 eelvalvllLlvAGheTTtnaiswalllLlrh 33 
                            +e++++  ++l+AG +TT+ ++s++ +lL+rh
  sp|Q27517|C13A3_CAEEL 314 DEIIGQLFVFLLAGYDTTALSLSYSSYLLARH 345
                            79*****************************9 PP

>> sp|P56657|CP240_MOUSE  Cytochrome P450 2C40 OS=Mus musculus OX=10090 GN=Cyp2c40 PE=1 SV=2
   #    score  bias  c-Evalue  i-Evalue hmmfrom  hmm to    alifrom  ali to    envfrom  env to     acc
 ---   ------ ----- --------- --------- ------- -------    ------- -------    ------- -------    ----
   1 !   19.3   1.8   3.5e-05   0.00016       2      33 .]     285     316 ..     284     316 .. 0.96

  Alignments for each domain:
  == domain 1  score: 19.3 bits;  conditional E-value: 3.5e-05
        ihelix_seed_hmm   2 eelvalvllLlvAGheTTtnaiswalllLlrh 33 
                            e+l+ lv++L ++G+eT +++ ++alllL +h
  sp|P56657|CP240_MOUSE 285 EHLATLVTDLVFGGTETLSSTMRFALLLLMKH 316
                            78999************************998 PP

>> sp|Q9LJK2|ABAH4_ARATH  Abscisic acid 8'-hydroxylase 4 OS=Arabidopsis thaliana OX=3702 GN=CYP707A4 PE=2 SV=2
   #    score  bias  c-Evalue  i-Evalue hmmfrom  hmm to    alifrom  ali to    envfrom  env to     acc
 ---   ------ ----- --------- --------- ------- -------    ------- -------    ------- -------    ----
   1 !   19.3   0.0   3.6e-05   0.00016       2      30 ..     266     294 ..     265     295 .. 0.94

  Alignments for each domain:
  == domain 1  score: 19.3 bits;  conditional E-value: 3.6e-05
        ihelix_seed_hmm   2 eelvalvllLlvAGheTTtnaiswalllL 30 
                            e+++++++ +l+A+++TT++ ++w+l +L
  sp|Q9LJK2|ABAH4_ARATH 266 EQIADNIIGVLFAAQDTTASCLTWILKYL 294
                            7899*********************9887 PP

>> sp|Q98T91|C340_ORYLA  Cytochrome P450 3A40 OS=Oryzias latipes OX=8090 GN=cyp3a40 PE=2 SV=1
   #    score  bias  c-Evalue  i-Evalue hmmfrom  hmm to    alifrom  ali to    envfrom  env to     acc
 ---   ------ ----- --------- --------- ------- -------    ------- -------    ------- -------    ----
   1 !   20.2   0.5   1.8e-05   8.1e-05       1      33 []     293     325 ..     293     325 .. 0.94

  Alignments for each domain:
  == domain 1  score: 20.2 bits;  conditional E-value: 1.8e-05
       ihelix_seed_hmm   1 deelvalvllLlvAGheTTtnaiswalllLlrh 33 
                           d+e++++++ +++AG eTT++++++  + L+++
  sp|Q98T91|C340_ORYLA 293 DHEILSQAMIFIFAGYETTSSSLTFLAYNLATN 325
                           78**********************999999887 PP

>> sp|O64697|C7101_ARATH  Cytochrome P450 710A1 OS=Arabidopsis thaliana OX=3702 GN=CYP710A1 PE=1 SV=1
   #    score  bias  c-Evalue  i-Evalue hmmfrom  hmm to    alifrom  ali to    envfrom  env to     acc
 ---   ------ ----- --------- --------- ------- -------    ------- -------    ------- -------    ----
   1 !   20.2   0.3   1.8e-05   8.2e-05       1      30 [.     282     311 ..     282     313 .. 0.94

  Alignments for each domain:
  == domain 1  score: 20.2 bits;  conditional E-value: 1.8e-05
        ihelix_seed_hmm   1 deelvalvllLlvAGheTTtnaiswalllL 30 
                            dee+ +l  ++l+A+++++t+++ wa+ lL
  sp|O64697|C7101_ARATH 282 DEEIGGLLFDFLFAAQDASTSSLLWAVTLL 311
                            89************************9887 PP

>> sp|O48922|C98A2_SOYBN  Cytochrome P450 98A2 OS=Glycine max OX=3847 GN=CYP98A2 PE=2 SV=1
   #    score  bias  c-Evalue  i-Evalue hmmfrom  hmm to    alifrom  ali to    envfrom  env to     acc
 ---   ------ ----- --------- --------- ------- -------    ------- -------    ------- -------    ----
   1 !   20.2   0.4   1.8e-05   8.3e-05       2      33 .]     288     319 ..     287     319 .. 0.95

  Alignments for each domain:
  == domain 1  score: 20.2 bits;  conditional E-value: 1.8e-05
        ihelix_seed_hmm   2 eelvalvllLlvAGheTTtnaiswalllLlrh 33 
                            + +++l  ++++AG++TT+ +  wa+ +L+r+
  sp|O48922|C98A2_SOYBN 288 DTIIGLLWDMITAGMDTTAISVEWAMAELIRN 319
                            78999999**********************98 PP

>> sp|P0DKI2|C76AN_BETVU  Inactive cytochrome P450 76AD1 OS=Beta vulgaris OX=161934 GN=CYP76AD1 PE=3 SV=1
   #    score  bias  c-Evalue  i-Evalue hmmfrom  hmm to    alifrom  ali to    envfrom  env to     acc
 ---   ------ ----- --------- --------- ------- -------    ------- -------    ------- -------    ----
   1 !   20.2   0.1   1.9e-05   8.5e-05       3      33 .]     289     319 ..     288     319 .. 0.96

  Alignments for each domain:
  == domain 1  score: 20.2 bits;  conditional E-value: 1.9e-05
        ihelix_seed_hmm   3 elvalvllLlvAGheTTtnaiswalllLlrh 33 
                            e+ +l ++++ AG++TT+++  w++ +L+r+
  sp|P0DKI2|C76AN_BETVU 289 EINHLLVDIFDAGTDTTSSTFEWVMAELIRN 319
                            78999************************98 PP

>> sp|P10615|CP52A_CANTR  Cytochrome P450 52A1 OS=Candida tropicalis OX=5482 GN=CYP52A1 PE=1 SV=3
   #    score  bias  c-Evalue  i-Evalue hmmfrom  hmm to    alifrom  ali to    envfrom  env to     acc
 ---   ------ ----- --------- --------- ------- -------    ------- -------    ------- -------    ----
   1 !   19.1   0.1   4.2e-05   0.00019       4      33 .]     326     355 ..     326     355 .. 0.95

  Alignments for each domain:
  == domain 1  score: 19.1 bits;  conditional E-value: 4.2e-05
        ihelix_seed_hmm   4 lvalvllLlvAGheTTtnaiswalllLlrh 33 
                            l+++ l++lvAG +TT+ ++s+ +++L+r+
  sp|P10615|CP52A_CANTR 326 LRDQLLNILVAGRDTTAGLLSFLFFELSRN 355
                            68899***********************98 PP

>> sp|Q55BU9|C5133_DICDI  Probable cytochrome P450 513A3 OS=Dictyostelium discoideum OX=44689 GN=cyp513A3 PE=3 SV=1
   #    score  bias  c-Evalue  i-Evalue hmmfrom  hmm to    alifrom  ali to    envfrom  env to     acc
 ---   ------ ----- --------- --------- ------- -------    ------- -------    ------- -------    ----
   1 !   18.8   0.2     5e-05   0.00023       6      33 .]     285     312 ..     284     312 .. 0.95

  Alignments for each domain:
  == domain 1  score: 18.8 bits;  conditional E-value: 5e-05
        ihelix_seed_hmm   6 alvllLlvAGheTTtnaiswalllLlrh 33 
                            +++++++ AG++T++n++ +al++L+++
  sp|Q55BU9|C5133_DICDI 285 HTCIDIISAGTDTSANTLVMALIELINN 312
                            589**********************987 PP

>> sp|Q6Z6D6|C7342_ORYSJ  Cytochrome P450 734A2 OS=Oryza sativa subsp. japonica OX=39947 GN=CYP734A2 PE=2 SV=1
   #    score  bias  c-Evalue  i-Evalue hmmfrom  hmm to    alifrom  ali to    envfrom  env to     acc
 ---   ------ ----- --------- --------- ------- -------    ------- -------    ------- -------    ----
   1 !   18.9   0.6   4.6e-05   0.00021      10      33 .]     351     374 ..     348     374 .. 0.95

  Alignments for each domain:
  == domain 1  score: 18.9 bits;  conditional E-value: 4.6e-05
        ihelix_seed_hmm  10 lLlvAGheTTtnaiswalllLlrh 33 
                            ++++AG  TTtn+++wa+ lL++h
  sp|Q6Z6D6|C7342_ORYSJ 351 TFFFAGKQTTTNLLTWATVLLAMH 374
                            79********************98 PP

>> sp|Q9LIP5|C71BW_ARATH  Cytochrome P450 71B35 OS=Arabidopsis thaliana OX=3702 GN=CYP71B35 PE=2 SV=1
   #    score  bias  c-Evalue  i-Evalue hmmfrom  hmm to    alifrom  ali to    envfrom  env to     acc
 ---   ------ ----- --------- --------- ------- -------    ------- -------    ------- -------    ----
   1 !   18.8   0.6     5e-05   0.00023       2      33 .]     288     319 ..     287     319 .. 0.96

  Alignments for each domain:
  == domain 1  score: 18.8 bits;  conditional E-value: 5e-05
        ihelix_seed_hmm   2 eelvalvllLlvAGheTTtnaiswalllLlrh 33 
                            ++++a+ l++l+AG++T++ + +wa+ +L+r+
  sp|Q9LIP5|C71BW_ARATH 288 NHIKAILLDVLLAGIDTSAITMTWAMTELARN 319
                            6899***************************8 PP

>> sp|Q9ZUX1|C94C1_ARATH  Cytochrome P450 94C1 OS=Arabidopsis thaliana OX=3702 GN=CYP94C1 PE=1 SV=1
   #    score  bias  c-Evalue  i-Evalue hmmfrom  hmm to    alifrom  ali to    envfrom  env to     acc
 ---   ------ ----- --------- --------- ------- -------    ------- -------    ------- -------    ----
   1 !   19.0   0.1   4.4e-05    0.0002       1      33 []     282     314 ..     282     314 .. 0.98

  Alignments for each domain:
  == domain 1  score: 19.0 bits;  conditional E-value: 4.4e-05
        ihelix_seed_hmm   1 deelvalvllLlvAGheTTtnaiswalllLlrh 33 
                            de+l+++v+++l+AG +T++  ++ +++lL rh
  sp|Q9ZUX1|C94C1_ARATH 282 DEYLRDIVVSFLLAGRDTVAAGLTGFFWLLTRH 314
                            799*****************************9 PP

>> sp|Q86A22|C515A_DICDI  Probable cytochrome P450 515A1 OS=Dictyostelium discoideum OX=44689 GN=cyp515A1 PE=3 SV=1
   #    score  bias  c-Evalue  i-Evalue hmmfrom  hmm to    alifrom  ali to    envfrom  env to     acc
 ---   ------ ----- --------- --------- ------- -------    ------- -------    ------- -------    ----
   1 !   19.1   0.1     4e-05   0.00018       4      32 ..     299     327 ..     297     328 .. 0.91

  Alignments for each domain:
  == domain 1  score: 19.1 bits;  conditional E-value: 4e-05
        ihelix_seed_hmm   4 lvalvllLlvAGheTTtnaiswalllLlr 32 
                            l +++ +++vAG+ TT+++  w+ll+L +
  sp|Q86A22|C515A_DICDI 299 LPYICFDIIVAGIVTTSTTMDWMLLYLTN 327
                            67899**********************86 PP

>> sp|O14442|CP51_UNCNE  Eburicol 14-alpha-demethylase OS=Uncinula necator OX=52586 GN=CYP51 PE=2 SV=2
   #    score  bias  c-Evalue  i-Evalue hmmfrom  hmm to    alifrom  ali to    envfrom  env to     acc
 ---   ------ ----- --------- --------- ------- -------    ------- -------    ------- -------    ----
   1 !   20.1   0.2     2e-05   9.2e-05       1      31 [.     295     325 ..     295     327 .. 0.92

  Alignments for each domain:
  == domain 1  score: 20.1 bits;  conditional E-value: 2e-05
       ihelix_seed_hmm   1 deelvalvllLlvAGheTTtnaiswalllLl 31 
                           d e+++++++Ll+AG++ +++++sw++l L+
  sp|O14442|CP51_UNCNE 295 DREIAHMMIALLMAGQHSSSSTSSWIMLWLA 325
                           579************************9877 PP

>> sp|O49858|C82A3_SOYBN  Cytochrome P450 82A3 OS=Glycine max OX=3847 GN=CYP82A3 PE=2 SV=1
   #    score  bias  c-Evalue  i-Evalue hmmfrom  hmm to    alifrom  ali to    envfrom  env to     acc
 ---   ------ ----- --------- --------- ------- -------    ------- -------    ------- -------    ----
   1 !   18.7   1.6   5.5e-05   0.00025       6      33 .]     315     342 ..     314     342 .. 0.96

  Alignments for each domain:
  == domain 1  score: 18.7 bits;  conditional E-value: 5.5e-05
        ihelix_seed_hmm   6 alvllLlvAGheTTtnaiswalllLlrh 33 
                            a+ l+L+++G++ T+ +++wal lLlr+
  sp|O49858|C82A3_SOYBN 315 ATSLELILGGTDSTAVTLTWALSLLLRN 342
                            789************************8 PP

>> sp|S0ARX1|FSDH_FUSHE  Cytochrome P450 monooxygenase fsdH OS=Fusarium heterosporum OX=42747 GN=fsdH PE=3 SV=1
   #    score  bias  c-Evalue  i-Evalue hmmfrom  hmm to    alifrom  ali to    envfrom  env to     acc
 ---   ------ ----- --------- --------- ------- -------    ------- -------    ------- -------    ----
   1 !   18.7   0.0   5.6e-05   0.00025       2      32 ..     318     348 ..     317     349 .. 0.93

  Alignments for each domain:
  == domain 1  score: 18.7 bits;  conditional E-value: 5.6e-05
       ihelix_seed_hmm   2 eelvalvllLlvAGheTTtnaiswalllLlr 32 
                           e l++  l+Ll+AG +TT+++i++ l+ L++
  sp|S0ARX1|FSDH_FUSHE 318 EKLRDELLSLLLAGRDTTASLIGSLLFSLAK 348
                           6789999*********************996 PP

>> sp|Q53215|Y4VG_SINFN  Probable cytochrome P450 127A1 OS=Sinorhizobium fredii (strain NBRC 101917 / NGR234) OX=394 GN=
   #    score  bias  c-Evalue  i-Evalue hmmfrom  hmm to    alifrom  ali to    envfrom  env to     acc
 ---   ------ ----- --------- --------- ------- -------    ------- -------    ------- -------    ----
   1 !   18.9   0.0   4.6e-05   0.00021       1      33 []     242     274 ..     242     274 .. 0.95

  Alignments for each domain:
  == domain 1  score: 18.9 bits;  conditional E-value: 4.6e-05
       ihelix_seed_hmm   1 deelvalvllLlvAGheTTtnaiswalllLlrh 33 
                           +ee++++ +l+lvAG +T++ ai++ + +L+r+
  sp|Q53215|Y4VG_SINFN 242 EEEVRGIGVLFLVAGLDTVAAAIGFDMAYLARN 274
                           58999999***********************98 PP

>> sp|P29981|CP4C1_BLADI  Cytochrome P450 4C1 OS=Blaberus discoidalis OX=6981 GN=CYP4C1 PE=2 SV=1
   #    score  bias  c-Evalue  i-Evalue hmmfrom  hmm to    alifrom  ali to    envfrom  env to     acc
 ---   ------ ----- --------- --------- ------- -------    ------- -------    ------- -------    ----
   1 !   18.7   0.0   5.6e-05   0.00026       2      30 ..     302     330 ..     301     333 .. 0.90

  Alignments for each domain:
  == domain 1  score: 18.7 bits;  conditional E-value: 5.6e-05
        ihelix_seed_hmm   2 eelvalvllLlvAGheTTtnaiswalllL 30 
                             +++  v ++++ Gh+TT+  i wal+lL
  sp|P29981|CP4C1_BLADI 302 TDIREEVDTFMFEGHDTTSAGICWALFLL 330
                            57888899*******************99 PP

>> sp|Q64581|CP3AI_RAT  Cytochrome P450 3A18 OS=Rattus norvegicus OX=10116 GN=Cyp3a18 PE=2 SV=1
   #    score  bias  c-Evalue  i-Evalue hmmfrom  hmm to    alifrom  ali to    envfrom  env to     acc
 ---   ------ ----- --------- --------- ------- -------    ------- -------    ------- -------    ----
   1 !   19.0   0.1   4.5e-05    0.0002       3      32 ..     294     323 ..     292     324 .. 0.91

  Alignments for each domain:
  == domain 1  score: 19.0 bits;  conditional E-value: 4.5e-05
      ihelix_seed_hmm   3 elvalvllLlvAGheTTtnaiswalllLlr 32 
                          e +a+++ ++++G ++T+++is+++++L++
  sp|Q64581|CP3AI_RAT 294 EMAAQAIIFIFGGYDATSTSISFIMYELAT 323
                          5678999*********************98 PP



Internal pipeline statistics summary:
-------------------------------------
Query model(s):                            1  (33 nodes)
Target sequences:                       3706  (2183327 residues searched)
Passed MSV filter:                      1603  (0.432542); expected 74.1 (0.02)
Passed bias filter:                     1592  (0.429574); expected 74.1 (0.02)
Passed Vit filter:                      1424  (0.384242); expected 3.7 (0.001)
Passed Fwd filter:                      1220  (0.329196); expected 0.0 (1e-05)
Initial search space (Z):               3706  [actual number of targets]
Domain search space  (domZ):             816  [number of targets reported over threshold]
# CPU time: 0.21u 0.00s 00:00:00.21 Elapsed: 00:00:00.11
# Mc/sec: 622.68
//
# Alignment of 816 hits satisfying inclusion thresholds saved to: ../output/hmm_search_1/uniprot/p450_reviewed/3//ihelixhits_e_0p0001_z__T_.aln
[ok]
