# hmmsearch :: search profile(s) against a sequence database
# HMMER 3.3.2 (Nov 2020); http://hmmer.org/
# Copyright (C) 2020 Howard Hughes Medical Institute.
# Freely distributed under the BSD open source license.
# - - - - - - - - - - - - - - - - - - - - - - - - - - - - - - - - - - - -
# query HMM file:                  ../output/hmm_round_1/ihelix_seed_hmm.hmm
# target sequence database:        ../input/databases/uniprot/p450_reviewed.fasta
# MSA of all hits saved to file:   ../output/hmm_search_1/uniprot/p450_reviewed/4//ihelixhits_e_0p0001_z_700000_T_.aln
# sequence reporting threshold:    E-value <= 0.0001
# sequence search space set to:    700000
# - - - - - - - - - - - - - - - - - - - - - - - - - - - - - - - - - - - -

Query:       ihelix_seed_hmm  [M=33]
Scores for complete sequences (score includes all domains):
   --- full sequence ---   --- best 1 domain ---    -#dom-
    E-value  score  bias    E-value  score  bias    exp  N  Sequence                  Description
    ------- ------ -----    ------- ------ -----   ---- --  --------                  -----------
    1.2e-10   45.8   2.9    7.4e-10   43.3   2.9    2.2  1  sp|C4B644|CPVDH_PSEAH      Vitamin D(3) 25-hydroxylase OS=Pse
    5.6e-10   43.7   0.5    5.3e-09   40.6   0.2    2.6  1  sp|P29980|CPXN_NOSS1       Probable cytochrome P450 110 OS=No
      2e-09   42.0   0.2    4.6e-09   40.8   0.2    1.7  1  sp|O08336|CYPB_BACSU       Bifunctional cytochrome P450/NADPH
    2.2e-09   41.8   0.3    4.8e-09   40.7   0.3    1.6  1  sp|P53554|BIOI_BACSU       Biotin biosynthesis cytochrome P45
    2.7e-09   41.5   0.1      7e-09   40.2   0.1    1.8  1  sp|P51870|CP4F5_RAT        Cytochrome P450 4F5 OS=Rattus norv
    3.7e-09   41.1   0.2    2.9e-08   38.3   0.1    2.3  1  sp|P27632|CPXM_BACSH       Cytochrome P450 109 OS=Bacillus sp
    9.1e-09   39.9   0.0    2.6e-08   38.4   0.0    1.8  1  sp|Q9HCS2|CP4FC_HUMAN      Cytochrome P450 4F12 OS=Homo sapie
    9.7e-09   39.8   0.0    2.5e-08   38.5   0.0    1.8  1  sp|P98187|CP4F8_HUMAN      Cytochrome P450 4F8 OS=Homo sapien
      1e-08   39.7   0.1    2.3e-08   38.6   0.1    1.6  1  sp|P14779|CPXB_PRIM2       Bifunctional cytochrome P450/NADPH
    1.9e-08   38.8   0.1    5.2e-08   37.5   0.1    1.8  1  sp|P51871|CP4F6_RAT        Cytochrome P450 4F6 OS=Rattus norv
    1.9e-08   38.8   0.8    5.1e-08   37.5   0.3    2.0  1  sp|O34374|YJIB_BACSU       Putative cytochrome P450 YjiB OS=B
      2e-08   38.8   0.5    4.6e-08   37.6   0.5    1.7  1  sp|G9MLG2|CYPP1_HYPVG      Self-sufficient cytochrome P450 mo
      2e-08   38.8   0.1      4e-08   37.8   0.1    1.5  1  sp|Q81BF4|C102_BACCR       Bifunctional cytochrome P450/NADPH
    2.5e-08   38.5   1.8    5.6e-08   37.4   1.8    1.6  1  sp|O87605|PIKC_STRVZ       Cytochrome P450 monooxygenase PikC
    2.6e-08   38.4   0.4    7.7e-08   36.9   0.0    2.0  1  sp|Q3MID2|CP4F3_RAT        Cytochrome P450 4F3 OS=Rattus norv
    2.8e-08   38.3   1.2    5.5e-08   37.4   1.2    1.5  1  sp|O08469|CPXY_BACSU       Cytochrome P450 OS=Bacillus subtil
    2.9e-08   38.3   1.3    6.2e-08   37.2   1.3    1.6  1  sp|P10632|CP2C8_HUMAN      Cytochrome P450 2C8 OS=Homo sapien
      3e-08   38.2   0.0      3e-08   38.2   0.0    2.2  1  sp|Q99N16|CP4F3_MOUSE      Cytochrome P450 4F3 OS=Mus musculu
      3e-08   38.2   1.3    6.2e-08   37.2   1.3    1.6  1  sp|P33262|CP2CK_MACFA      Cytochrome P450 2C20 OS=Macaca fas
    3.1e-08   38.2   0.9    9.9e-08   36.6   0.9    2.0  1  sp|I7ZK32|CYPC3_ASPO3      Self-sufficient cytochrome P450 mo
    3.6e-08   38.0   0.2    7.1e-08   37.1   0.2    1.5  1  sp|O08394|CYPD_BACSU       Bifunctional cytochrome P450/NADPH
    3.8e-08   37.9   0.9    8.7e-08   36.8   0.9    1.7  1  sp|Q4G0S4|C27C1_HUMAN      Cytochrome P450 27C1 OS=Homo sapie
    3.9e-08   37.9   0.2    1.1e-07   36.4   0.2    1.9  1  sp|P63716|C135B_MYCBO      Putative cytochrome P450 135B1 OS=
    3.9e-08   37.9   0.2    1.1e-07   36.4   0.2    1.9  1  sp|P9WPM8|C135B_MYCTO      Putative cytochrome P450 135B1 OS=
    3.9e-08   37.9   0.2    1.1e-07   36.4   0.2    1.9  1  sp|P9WPM9|C135B_MYCTU      Putative cytochrome P450 135B1 OS=
    4.7e-08   37.6   0.3    4.7e-08   37.6   0.3    2.1  1  sp|Q9Y8G7|C505_FUSOX       Bifunctional cytochrome P450/NADPH
    4.7e-08   37.6   0.2      1e-07   36.6   0.2    1.6  1  sp|O35132|CP27B_RAT        25-hydroxyvitamin D-1 alpha hydrox
    5.4e-08   37.4   0.1    1.4e-07   36.1   0.1    1.8  1  sp|R0IGL9|CYPU2_EXST2      Self-sufficient cytochrome P450 mo
    5.8e-08   37.3   0.2    1.5e-07   36.0   0.2    1.8  1  sp|P56590|CP1A1_CANLF      Cytochrome P450 1A1 OS=Canis lupus
      6e-08   37.3   1.2    1.7e-07   35.9   1.2    1.8  1  sp|A8WGA0|C27C1_DANRE      Cytochrome P450 27C1 OS=Danio reri
    6.1e-08   37.3   4.7    1.4e-07   36.1   4.7    1.6  1  sp|Q825I8|CYP28_STRAW      Pentalenic acid synthase OS=Strept
      7e-08   37.1   0.0      2e-07   35.6   0.0    1.8  1  sp|P78329|CP4F2_HUMAN      Cytochrome P450 4F2 OS=Homo sapien
    7.3e-08   37.0   2.2    2.5e-07   35.3   0.6    2.5  1  sp|A0A0C3HJL3|CYAG1_OIDMZ  Self-sufficient cytochrome P450 mo
    7.7e-08   36.9   0.4    2.1e-07   35.5   0.0    2.0  1  sp|Q9EP75|CP4FE_MOUSE      Leukotriene-B4 omega-hydroxylase 3
    7.9e-08   36.9   1.7    1.9e-07   35.7   0.3    2.4  1  sp|W7LC91|FUM15_GIBM7      Cytochrome P450 monooxygenase FUM1
      8e-08   36.9   0.1      2e-07   35.6   0.1    1.7  1  sp|P20817|CP4AE_RAT        Cytochrome P450 4A14 OS=Rattus nor
    8.1e-08   36.9   0.0      2e-07   35.6   0.0    1.7  1  sp|Q08477|CP4F3_HUMAN      Cytochrome P450 4F3 OS=Homo sapien
    8.1e-08   36.9   0.4    1.8e-07   35.8   0.4    1.6  1  sp|O15528|CP27B_HUMAN      25-hydroxyvitamin D-1 alpha hydrox
    8.4e-08   36.8   0.1      2e-07   35.6   0.1    1.7  1  sp|P20816|CP4A2_RAT        Cytochrome P450 4A2 OS=Rattus norv
    8.4e-08   36.8   0.2    1.9e-07   35.7   0.2    1.6  1  sp|O35084|CP27B_MOUSE      25-hydroxyvitamin D-1 alpha hydrox
    9.2e-08   36.7   0.7    2.1e-07   35.5   0.0    2.0  1  sp|P51869|CP4F4_RAT        Cytochrome P450 4F4 OS=Rattus norv
    9.3e-08   36.7   0.1    2.4e-07   35.4   0.1    1.8  1  sp|O35728|CP4AE_MOUSE      Cytochrome P450 4A14 OS=Mus muscul
    9.4e-08   36.7   1.0    2.3e-07   35.5   1.0    1.7  1  sp|Q9ASR3|C7091_ARATH      Cytochrome P450 709B1 OS=Arabidops
      1e-07   36.6   0.2    2.8e-07   35.2   0.2    1.8  1  sp|Q6TBX7|LUT1_ARATH       Carotene epsilon-monooxygenase, ch
    1.1e-07   36.5   0.1    3.5e-07   34.8   0.1    2.0  1  sp|Q02928|CP4AB_HUMAN      Cytochrome P450 4A11 OS=Homo sapie
    1.1e-07   36.4   0.2    2.7e-07   35.2   0.2    1.7  1  sp|A2QLV1|CYPE1_ASPNC      Self-sufficient cytochrome P450 mo
    1.2e-07   36.3   0.1    3.5e-07   34.8   0.1    1.9  1  sp|Q5TCH4|CP4AM_HUMAN      Cytochrome P450 4A22 OS=Homo sapie
    1.3e-07   36.3   1.2    2.9e-07   35.1   1.2    1.7  1  sp|A0A3G9HB50|ALT8_ALTAL   Cytochrome P450 monooxygenase ALT8
    1.3e-07   36.2   2.0    2.5e-07   35.3   2.0    1.5  1  sp|P26911|CPXH_STRGR       Cytochrome P450-SOY OS=Streptomyce
    1.4e-07   36.1   0.0    3.6e-07   34.8   0.0    1.7  1  sp|Q8N1L4|CP4Z2_HUMAN      Putative inactive cytochrome P450 
    1.4e-07   36.1   0.1    4.5e-07   34.5   0.1    1.9  1  sp|P14581|CP4A7_RABIT      Cytochrome P450 4A7 OS=Oryctolagus
    1.4e-07   36.1   0.4      5e-07   34.4   0.4    2.0  1  sp|Q6R7M4|C15A1_DIPPU      Methyl farnesoate epoxidase OS=Dip
    1.6e-07   35.9   0.7    4.2e-07   34.6   0.7    1.8  1  sp|P24460|CP2BB_CANLF      Cytochrome P450 2B11 OS=Canis lupu
    1.7e-07   35.9   1.5      2e-07   35.6   0.0    2.0  1  sp|Q9HBI6|CP4FB_HUMAN      Cytochrome P450 4F11 OS=Homo sapie
    1.8e-07   35.8   0.0    1.8e-07   35.8   0.0    2.2  1  sp|Q8VWZ7|C76B6_CATRO      Geraniol 8-hydroxylase OS=Catharan
    1.8e-07   35.8   0.1      4e-07   34.7   0.1    1.6  1  sp|Q6GUR1|CP1A1_MACMU      Cytochrome P450 1A1 OS=Macaca mula
    1.8e-07   35.8   0.1      4e-07   34.7   0.1    1.6  1  sp|P33616|CP1A1_MACFA      Cytochrome P450 1A1 OS=Macaca fasc
    1.9e-07   35.7   1.1    2.8e-07   35.1   0.1    1.9  1  sp|P04798|CP1A1_HUMAN      Cytochrome P450 1A1 OS=Homo sapien
      2e-07   35.6   1.7      2e-07   35.6   1.7    2.0  1  sp|W8JMV1|CYT24_CATRO      Cytochrome P450 76T24 OS=Catharant
      2e-07   35.6   1.3    5.7e-07   34.2   1.3    1.8  1  sp|P00178|CP2B4_RABIT      Cytochrome P450 2B4 OS=Oryctolagus
    2.1e-07   35.6   0.0    5.6e-07   34.2   0.0    1.8  1  sp|Q9GLL1|CP4F_SHEEP       Prostaglandin E2 omega-hydroxylase
    2.2e-07   35.5   2.0    4.9e-07   34.4   2.0    1.6  1  sp|P9WPN0|C135A_MYCTO      Putative cytochrome P450 135A1 OS=
    2.2e-07   35.5   2.0    4.9e-07   34.4   2.0    1.6  1  sp|P9WPN1|C135A_MYCTU      Putative cytochrome P450 135A1 OS=
    2.3e-07   35.4   0.1      6e-07   34.1   0.1    1.8  1  sp|P63718|CP138_MYCBO      Putative cytochrome P450 138 OS=My
    2.3e-07   35.4   0.1      6e-07   34.1   0.1    1.8  1  sp|P9WPM2|CP138_MYCTO      Putative cytochrome P450 138 OS=My
    2.3e-07   35.4   0.1      6e-07   34.1   0.1    1.8  1  sp|P9WPM3|CP138_MYCTU      Putative cytochrome P450 138 OS=My
    2.3e-07   35.4   0.0    8.2e-07   33.7   0.0    2.0  1  sp|P24464|CP4AC_RAT        Cytochrome P450 4A12 OS=Rattus nor
    2.6e-07   35.3   2.2    6.2e-07   34.1   2.2    1.7  1  sp|P18326|CPXE_STRGO       Vitamin D3 dihydroxylase OS=Strept
    2.8e-07   35.2   0.2    6.3e-07   34.1   0.2    1.7  1  sp|G7XMT1|CYPE5_ASPKW      Self-sufficient cytochrome P450 mo
    2.8e-07   35.2   0.0    7.3e-07   33.9   0.0    1.7  1  sp|Q86W10|CP4Z1_HUMAN      Cytochrome P450 4Z1 OS=Homo sapien
    2.8e-07   35.2   0.2    6.3e-07   34.1   0.2    1.6  1  sp|A0A100IM63|CYPE5_ASPNG  Self-sufficient cytochrome P450 mo
      3e-07   35.1   1.4      3e-07   35.1   1.4    1.8  1  sp|Q5IZM4|CP51_MYCVP       Sterol 14alpha-demethylase OS=Myco
      3e-07   35.1   0.4    9.5e-07   33.5   0.4    1.9  1  sp|O48921|C97B2_SOYBN      Cytochrome P450 97B2, chloroplasti
    3.2e-07   35.0   1.3    6.7e-07   34.0   1.3    1.6  1  sp|P0DOX0|C27C1_AQUCT      Cytochrome P450 27C1 OS=Aquarana c
    3.3e-07   34.9   0.1    3.3e-07   34.9   0.1    2.8  1  sp|D1MI46|C76BA_SWEMU      Geraniol 8-hydroxylase OS=Swertia 
    3.5e-07   34.9   0.0    8.2e-07   33.7   0.0    1.7  1  sp|A2A974|CP4CB_MOUSE      Cytochrome P450 4A12B OS=Mus muscu
    3.6e-07   34.8   1.1    4.8e-07   34.4   0.1    1.8  1  sp|Q06367|CP1A1_CAVPO      Cytochrome P450 1A1 OS=Cavia porce
    3.6e-07   34.8   0.6    8.5e-07   33.6   0.6    1.7  1  sp|A0A0G4P2K0|CYPE4_PENC3  Self-sufficient cytochrome P450 mo
    3.6e-07   34.8   0.0    8.2e-07   33.7   0.0    1.6  1  sp|Q91WL5|CP4CA_MOUSE      Cytochrome P450 4A12A OS=Mus muscu
    3.7e-07   34.8   0.4      9e-07   33.6   0.4    1.7  1  sp|Q43078|C97B1_PEA        Cytochrome P450 97B1, chloroplasti
    3.7e-07   34.8   1.4    7.2e-07   33.9   1.4    1.5  1  sp|Q83WF5|MYCCI_MICGR      Mycinamicin VIII C21 methyl hydrox
      4e-07   34.7   1.8    8.3e-07   33.7   1.8    1.6  1  sp|P08683|CP2CB_RAT        Cytochrome P450 2C11 OS=Rattus nor
    4.2e-07   34.6   0.1    8.5e-07   33.6   0.1    1.5  1  sp|Q2UNA2|C505_ASPOR       Bifunctional cytochrome P450/NADPH
    4.2e-07   34.6   0.7    1.2e-06   33.1   0.7    1.9  1  sp|Q8LM92|C75B4_ORYSJ      Flavonoid 3'-monooxygenase CYP75B4
    4.5e-07   34.5   0.1    4.5e-07   34.5   0.1    2.1  1  sp|P14580|CP4A6_RABIT      Cytochrome P450 4A6 OS=Oryctolagus
    4.7e-07   34.5   0.9      1e-06   33.4   0.9    1.6  1  sp|O54749|CP2J5_MOUSE      Cytochrome P450 2J5 OS=Mus musculu
    4.9e-07   34.4   1.4    1.2e-06   33.2   1.4    1.7  1  sp|Q64458|CP2CT_MOUSE      Cytochrome P450 2C29 OS=Mus muscul
    5.1e-07   34.4   2.0    1.5e-06   32.9   2.0    1.8  1  sp|P12789|CP2B5_RABIT      Cytochrome P450 2B5 OS=Oryctolagus
    5.3e-07   34.3   0.7    1.3e-06   33.0   0.7    1.7  1  sp|A0A101MN42|CYPE4_PENFR  Self-sufficient cytochrome P450 mo
    5.4e-07   34.3   0.4    1.3e-06   33.1   0.4    1.7  1  sp|Q0D1W9|CYPE3_ASPTN      Self-sufficient cytochrome P450 mo
    5.5e-07   34.2   0.2    5.5e-07   34.2   0.2    1.9  1  sp|P56591|CP1A1_SHEEP      Cytochrome P450 1A1 OS=Ovis aries 
    5.6e-07   34.2   0.2    5.6e-07   34.2   0.2    1.8  1  sp|Q27712|CP2L1_PANAR      Cytochrome P450 2L1 OS=Panulirus a
    5.7e-07   34.2   0.1    1.4e-06   32.9   0.1    1.7  1  sp|Q3LFU0|CP1A1_BALAC      Cytochrome P450 1A1 OS=Balaenopter
    5.8e-07   34.2   0.2    1.2e-06   33.2   0.2    1.6  1  sp|P19225|CP270_RAT        Cytochrome P450 2C70 OS=Rattus nor
    5.8e-07   34.2   1.1    1.1e-06   33.3   1.1    1.4  1  sp|P33271|CPXK_SACEN       Cytochrome P450 107B1 OS=Saccharop
    5.9e-07   34.2   1.2    4.5e-06   31.4   1.1    2.4  1  sp|P36423|THAS_MOUSE       Thromboxane-A synthase OS=Mus musc
    6.3e-07   34.1   0.0    1.3e-06   33.0   0.0    1.6  1  sp|P15129|CP4B1_RAT        Cytochrome P450 4B1 OS=Rattus norv
    6.7e-07   34.0   0.1    1.5e-06   32.9   0.1    1.7  1  sp|Q00557|CP1A1_MESAU      Cytochrome P450 1A1 OS=Mesocricetu
    6.7e-07   34.0   0.2    1.3e-06   33.1   0.2    1.5  1  sp|Q5VRI5|C93G2_ORYSJ      Cytochrome P450 93G2 OS=Oryza sati
    7.2e-07   33.9   0.2    2.2e-06   32.4   0.2    1.9  1  sp|Q9SBQ9|F3PH_PETHY       Flavonoid 3'-monooxygenase OS=Petu
    7.7e-07   33.8   2.4    1.7e-06   32.7   2.4    1.6  1  sp|P33264|CP2CR_MESAU      Cytochrome P450 2C27 OS=Mesocricet
    7.8e-07   33.8   1.0    1.7e-06   32.7   1.0    1.5  1  sp|P11712|CP2C9_HUMAN      Cytochrome P450 2C9 OS=Homo sapien
    7.9e-07   33.7   0.1      2e-06   32.5   0.1    1.7  1  sp|Q55080|CP119_SULAC      Cytochrome P450 119 OS=Sulfolobus 
      8e-07   33.7   1.0    1.7e-06   32.7   1.0    1.6  1  sp|P33260|CP2CI_HUMAN      Cytochrome P450 2C18 OS=Homo sapie
    8.6e-07   33.6   0.9    1.7e-06   32.7   0.9    1.5  1  sp|Q7KWN2|C525A_DICDI      Probable cytochrome P450 525A1 OS=
    8.7e-07   33.6   0.9    2.5e-06   32.1   0.9    1.9  1  sp|Q7G602|C75B3_ORYSJ      Flavonoid 3'-monooxygenase CYP75B3
    8.7e-07   33.6   0.4    2.1e-06   32.4   0.4    1.7  1  sp|A0A0A2J1Z6|CYPE4_PENEN  Self-sufficient cytochrome P450 mo
    8.9e-07   33.6   0.0    8.9e-07   33.6   0.0    1.9  1  sp|Q6NT55|CP4FN_HUMAN      Ultra-long-chain fatty acid omega-
    9.1e-07   33.6   0.0    2.4e-06   32.2   0.0    1.8  1  sp|A0A0N9HT29|C71BE_SINHE  Desmethyl-deoxy-podophyllotoxin sy
    9.8e-07   33.5   0.1    3.8e-06   31.6   0.1    2.1  1  sp|A0A5B8YU73|GME63_PESMI  Cytochrome P450 monooxygenase GME1
      1e-06   33.4   0.0    2.2e-06   32.3   0.0    1.6  1  sp|Q42798|C93A1_SOYBN      3,9-dihydroxypterocarpan 6A-monoox
      1e-06   33.4   0.2    2.7e-06   32.1   0.2    1.8  1  sp|Q5KQT6|CP1A2_FELCA      Cytochrome P450 1A2 OS=Felis catus
    1.1e-06   33.3   0.1    3.6e-06   31.7   0.1    2.0  1  sp|P14579|CP4A5_RABIT      Cytochrome P450 4A5 OS=Oryctolagus
    1.1e-06   33.3   0.0    3.7e-06   31.6   0.0    2.0  1  sp|P08516|CP4AA_RAT        Cytochrome P450 4A10 OS=Rattus nor
    1.1e-06   33.3   0.8      3e-06   31.9   0.8    1.8  1  sp|P0A513|CP51_MYCBO       Sterol 14alpha-demethylase OS=Myco
    1.1e-06   33.3   0.8      3e-06   31.9   0.8    1.8  1  sp|P9WPP8|CP51_MYCTO       Sterol 14alpha-demethylase OS=Myco
    1.1e-06   33.3   0.8      3e-06   31.9   0.8    1.8  1  sp|P9WPP9|CP51_MYCTU       Sterol 14alpha-demethylase OS=Myco
    1.1e-06   33.3   1.3    1.8e-06   32.6   0.3    1.9  1  sp|O23365|C97B3_ARATH      Cytochrome P450 97B3, chloroplasti
    1.1e-06   33.2   0.2    2.6e-06   32.1   0.2    1.6  1  sp|P00184|CP1A1_MOUSE      Cytochrome P450 1A1 OS=Mus musculu
    1.1e-06   33.2   2.5    2.3e-06   32.3   2.5    1.5  1  sp|P33261|CP2CJ_HUMAN      Cytochrome P450 2C19 OS=Homo sapie
    1.1e-06   33.2   0.0    2.5e-06   32.2   0.0    1.6  1  sp|P15128|CP4B1_RABIT      Cytochrome P450 4B1 OS=Oryctolagus
    1.1e-06   33.2   0.6    3.6e-06   31.7   0.6    1.9  1  sp|Q9GMC8|CP17A_FELCA      Steroid 17-alpha-hydroxylase/17,20
    1.2e-06   33.2   1.0    2.4e-06   32.2   1.0    1.6  1  sp|O62671|CP241_CANLF      Cytochrome P450 2C41 OS=Canis lupu
    1.2e-06   33.2   0.4    3.6e-06   31.7   0.1    2.1  1  sp|P10611|CP4A4_RABIT      Cytochrome P450 4A4 OS=Oryctolagus
    1.2e-06   33.2   0.7    2.5e-06   32.2   0.7    1.6  1  sp|Q27520|C13A1_CAEEL      Putative cytochrome P450 CYP13A1 O
    1.2e-06   33.2   0.0    3.1e-06   31.9   0.0    1.8  1  sp|A0A5A4DV62|C9B27_PARPY  Cholesterol 22-hydroxylase CYP90B2
    1.2e-06   33.1   0.4      4e-06   31.5   0.0    2.1  1  sp|P33274|CP4F1_RAT        Cytochrome P450 4F1 OS=Rattus norv
    1.3e-06   33.1   2.0    3.2e-06   31.8   2.0    1.7  1  sp|P56654|CP237_MOUSE      Cytochrome P450 2C37 OS=Mus muscul
    1.3e-06   33.1   0.7      3e-06   31.9   0.7    1.7  1  sp|C9K1X7|COTB4_STRMJ      Cyclooctatin synthase OS=Streptomy
    1.3e-06   33.1   1.0    3.3e-06   31.8   1.0    1.8  1  sp|Q82IY3|PTLI_STRAW       Pentalenene oxygenase OS=Streptomy
    1.4e-06   33.0   1.7      4e-06   31.5   1.7    1.9  1  sp|P9WPM4|CP137_MYCTO      Putative cytochrome P450 137 OS=My
    1.4e-06   33.0   1.7      4e-06   31.5   1.7    1.9  1  sp|P9WPM5|CP137_MYCTU      Putative cytochrome P450 137 OS=My
    1.4e-06   33.0   0.0    3.7e-06   31.6   0.0    1.8  1  sp|O88833|CP4AA_MOUSE      Cytochrome P450 4A10 OS=Mus muscul
    1.5e-06   32.9   0.0    3.4e-06   31.7   0.0    1.7  1  sp|P13584|CP4B1_HUMAN      Cytochrome P450 4B1 OS=Homo sapien
    1.6e-06   32.8   0.5    1.6e-06   32.8   0.5    2.1  1  sp|Q6VVW9|CP2R1_MOUSE      Vitamin D 25-hydroxylase OS=Mus mu
    1.6e-06   32.8   0.5    1.6e-06   32.8   0.5    2.0  1  sp|Q6VVX0|CP2R1_HUMAN      Vitamin D 25-hydroxylase OS=Homo s
    1.6e-06   32.8   0.0    3.4e-06   31.7   0.0    1.6  1  sp|Q64462|CP4B1_MOUSE      Cytochrome P450 4B1 OS=Mus musculu
    1.6e-06   32.8   0.3    3.3e-06   31.8   0.3    1.6  1  sp|P37122|C76A2_SOLME      Cytochrome P450 76A2 OS=Solanum me
    1.6e-06   32.8   0.5    4.3e-06   31.4   0.5    1.8  1  sp|O64637|C76C2_ARATH      Cytochrome P450 76C2 OS=Arabidopsi
    1.6e-06   32.8   0.3    3.4e-06   31.8   0.3    1.5  1  sp|P63720|CP139_MYCBO      Putative cytochrome P450 139 OS=My
    1.6e-06   32.8   0.3    3.4e-06   31.8   0.3    1.5  1  sp|P9WPM0|CP139_MYCTO      Putative cytochrome P450 139 OS=My
    1.6e-06   32.8   0.3    3.4e-06   31.8   0.3    1.5  1  sp|P9WPM1|CP139_MYCTU      Putative cytochrome P450 139 OS=My
    1.7e-06   32.7   0.0    3.6e-06   31.7   0.0    1.6  1  sp|Q54NY3|C554A_DICDI      Probable cytochrome P450 554A1 OS=
    1.7e-06   32.7   1.9    3.4e-06   31.7   1.9    1.6  1  sp|P15123|CP2CG_RABIT      Cytochrome P450 2C16 OS=Oryctolagu
    1.7e-06   32.7   0.7    4.4e-06   31.4   0.7    1.8  1  sp|P51590|CP2J3_RAT        Cytochrome P450 2J3 OS=Rattus norv
    1.7e-06   32.7   2.4    3.4e-06   31.7   2.4    1.5  1  sp|Q91X77|CY250_MOUSE      Cytochrome P450 2C50 OS=Mus muscul
    1.8e-06   32.7   0.0    5.3e-06   31.1   0.0    1.9  1  sp|Q64391|CP1A2_CAVPO      Cytochrome P450 1A2 OS=Cavia porce
    1.8e-06   32.7   1.3    4.2e-06   31.5   1.3    1.7  1  sp|P15540|CP21A_PIG        Steroid 21-hydroxylase OS=Sus scro
    1.9e-06   32.6   0.2    9.3e-06   30.4   0.2    2.3  1  sp|P79761|CP1A5_CHICK      Cytochrome P450 1A5 OS=Gallus gall
    1.9e-06   32.5   0.2    6.8e-06   30.8   0.0    2.1  1  sp|Q92148|CP1A1_MICTO      Cytochrome P450 1A1 OS=Microgadus 
    1.9e-06   32.5   0.1    4.5e-06   31.4   0.1    1.7  1  sp|Q07973|CP24A_HUMAN      1,25-dihydroxyvitamin D(3) 24-hydr
    1.9e-06   32.5   0.5    4.9e-06   31.2   0.5    1.8  1  sp|O64989|C90B1_ARATH      Steroid (22S)-hydroxylase OS=Arabi
      2e-06   32.5   0.0    4.5e-06   31.4   0.0    1.6  1  sp|F1SYB6|CY128_POSPM      Cytochrome P450 monooxygenase 128 
      2e-06   32.5   0.3      4e-06   31.5   0.3    1.5  1  sp|Q9JMA7|CP341_MOUSE      Cytochrome P450 3A41 OS=Mus muscul
      2e-06   32.5   4.6      2e-06   32.5   4.6    2.0  1  sp|Q59831|CPS2_STRCC       Cytochrome P450 105A3 OS=Streptomy
    2.1e-06   32.4   0.1    2.1e-06   32.4   0.1    2.0  1  sp|Q8SPK0|CP4AP_PIG        Cytochrome P450 4A25 OS=Sus scrofa
    2.1e-06   32.4   0.1    2.1e-06   32.4   0.1    2.1  1  sp|Q8SPK1|CP4AO_PIG        Cytochrome P450 4A24 OS=Sus scrofa
    2.1e-06   32.4   2.5    4.7e-06   31.3   2.5    1.6  1  sp|P33263|CP2CQ_MESAU      Cytochrome P450 2C26 OS=Mesocricet
    2.2e-06   32.3   0.1    4.5e-06   31.4   0.1    1.6  1  sp|Q09128|CP24A_RAT        1,25-dihydroxyvitamin D(3) 24-hydr
    2.2e-06   32.3   0.7    5.3e-06   31.2   0.7    1.7  1  sp|A0A517FNC6|C9B51_TRIFG  Cholesterol 22-monohydroxylase CYP
    2.3e-06   32.3   0.4    5.1e-06   31.2   0.4    1.6  1  sp|Q87AV9|C1332_XYLFT      Putative cytochrome P450 133B2 OS=
    2.3e-06   32.3   0.1    4.5e-06   31.4   0.1    1.5  1  sp|Q64441|CP24A_MOUSE      1,25-dihydroxyvitamin D(3) 24-hydr
    2.3e-06   32.3   0.5    4.9e-06   31.3   0.5    1.6  1  sp|P55540|CPXU_SINFN       Cytochrome P450 BJ-4 homolog OS=Si
    2.3e-06   32.3   0.4    5.1e-06   31.2   0.4    1.6  1  sp|Q9PGE6|C1332_XYLFA      Putative cytochrome P450 133B2 OS=
    2.3e-06   32.3   0.2    6.1e-06   31.0   0.2    1.8  1  sp|Q9HGE0|FUM6_GIBM7       Bifunctional cytochrome P450/NADPH
    2.5e-06   32.2   1.0    6.8e-06   30.8   1.0    1.8  1  sp|Q9QXF7|CP2J4_RAT        Cytochrome P450 2J4 OS=Rattus norv
    2.5e-06   32.2   0.1    5.1e-06   31.2   0.1    1.6  1  sp|P9WPP2|CP124_MYCTO      Methyl-branched lipid omega-hydrox
    2.5e-06   32.2   0.0    6.9e-06   30.8   0.0    1.8  1  sp|O42430|CP1A1_LIMLI      Cytochrome P450 1A1 OS=Limanda lim
    2.5e-06   32.2   0.0    6.9e-06   30.8   0.0    1.8  1  sp|Q9YH64|CP1A1_PLAFE      Cytochrome P450 1A1 OS=Platichthys
    2.6e-06   32.1   0.1    5.1e-06   31.2   0.1    1.5  1  sp|P0A517|CP124_MYCBO      Methyl-branched lipid omega-hydrox
    2.6e-06   32.1   0.1    5.1e-06   31.2   0.1    1.5  1  sp|P9WPP3|CP124_MYCTU      Methyl-branched lipid omega-hydrox
    2.6e-06   32.1   0.0    6.9e-06   30.8   0.0    1.8  1  sp|Q92100|CP1A1_PLEPL      Cytochrome P450 1A1 OS=Pleuronecte
    2.6e-06   32.1   0.1    7.7e-06   30.6   0.1    1.9  1  sp|Q42716|C71A8_MENPI      Cytochrome P450 71A8 OS=Mentha pip
    2.6e-06   32.1   3.0    6.4e-06   30.9   3.0    1.7  1  sp|Q08078|CP2CP_MESAU      Cytochrome P450 2C25 OS=Mesocricet
    2.7e-06   32.1   0.7    5.7e-06   31.0   0.7    1.6  1  sp|P37121|C76A1_SOLME      Cytochrome P450 76A1 (Fragment) OS
    2.8e-06   32.0   0.1    1.2e-05   30.0   0.1    2.2  1  sp|Q95328|CP17A_HORSE      Steroid 17-alpha-hydroxylase/17,20
      3e-06   31.9   1.0    6.8e-06   30.8   1.0    1.7  1  sp|O54750|CP2J6_MOUSE      Cytochrome P450 2J6 OS=Mus musculu
      3e-06   31.9   1.0    6.9e-06   30.8   1.0    1.7  1  sp|P51589|CP2J2_HUMAN      Cytochrome P450 2J2 OS=Homo sapien
      3e-06   31.9   0.0    6.8e-06   30.8   0.0    1.6  1  sp|A0A0S1TQ04|C71BE_SALPM  Salviol synthase OS=Salvia pomifer
    3.4e-06   31.7   0.4    7.7e-06   30.6   0.4    1.6  1  sp|Q27515|C13A6_CAEEL      Putative cytochrome P450 CYP13A6 O
    3.5e-06   31.7   0.0    7.8e-06   30.6   0.0    1.6  1  sp|O46051|C4D14_DROME      Probable cytochrome P450 4d14 OS=D
    3.5e-06   31.7   1.7    8.6e-06   30.5   1.7    1.7  1  sp|P70687|CP17A_MESAU      Steroid 17-alpha-hydroxylase/17,20
    3.5e-06   31.7   1.1      8e-06   30.6   1.1    1.6  1  sp|A0A4D6Q414|CYP2_CROXC   Flavonoid 3',5'-hydroxylase CYP75B
    3.7e-06   31.6   1.9    5.2e-06   31.2   0.5    2.1  1  sp|P12394|CP17A_CHICK      Steroid 17-alpha-hydroxylase/17,20
    3.7e-06   31.6   0.5    3.7e-06   31.6   0.5    2.3  1  sp|F4IK45|C70B2_ARATH      Cytochrome P450 709B2 OS=Arabidops
    3.8e-06   31.6   0.4    9.3e-06   30.4   0.4    1.7  1  sp|O64635|C76C4_ARATH      Cytochrome P450 76C4 OS=Arabidopsi
    3.8e-06   31.6   0.2    9.6e-06   30.3   0.2    1.8  1  sp|P04799|CP1A2_RAT        Cytochrome P450 1A2 OS=Rattus norv
    3.8e-06   31.6   1.4    1.3e-05   30.0   0.4    2.2  1  sp|O04773|C75A6_CAMME      Flavonoid 3',5'-hydroxylase OS=Cam
    3.8e-06   31.6   0.1    1.1e-05   30.1   0.1    1.8  1  sp|F1SYH0|CY205_POSPM      Cytochrome P450 monooxygenase 205 
    3.9e-06   31.6   0.3    7.3e-06   30.7   0.3    1.5  1  sp|P05183|CP3A2_RAT        Cytochrome P450 3A2 OS=Rattus norv
    3.9e-06   31.5   0.5    1.3e-05   29.9   0.5    2.0  1  sp|Q96581|C75A4_GENTR      Flavonoid 3',5'-hydroxylase OS=Gen
      4e-06   31.5   3.0    9.2e-06   30.4   3.0    1.6  1  sp|P08686|CP21A_HUMAN      Steroid 21-hydroxylase OS=Homo sap
    4.1e-06   31.5   0.1      1e-05   30.3   0.1    1.7  1  sp|P00187|CP1A2_RABIT      Cytochrome P450 1A2 OS=Oryctolagus
    4.2e-06   31.5   0.1    1.1e-05   30.1   0.1    1.7  1  sp|F1SYE5|CY169_POSPM      Cytochrome P450 monooxygenase 169 
    4.6e-06   31.3   0.5    4.6e-06   31.3   0.5    2.2  1  sp|O93297|CP2K4_ONCMY      Cytochrome P450 2K4 OS=Oncorhynchu
    4.9e-06   31.3   0.4    1.1e-05   30.1   0.4    1.7  1  sp|Q91Z85|CP17A_PERLE      Steroid 17-alpha-hydroxylase/17,20
    4.9e-06   31.2   0.1    8.3e-06   30.5   0.1    1.4  1  sp|Q01741|CP1A2_CHICK      Cytochrome P450 1A2 (Fragment) OS=
      5e-06   31.2   1.7    1.1e-05   30.2   1.7    1.6  1  sp|P17666|CP2CE_RABIT      Cytochrome P450 2C14 OS=Oryctolagu
      5e-06   31.2   0.2    1.1e-05   30.1   0.2    1.7  1  sp|P17178|CP27A_RAT        Sterol 26-hydroxylase, mitochondri
    5.2e-06   31.2   0.2    1.3e-05   29.9   0.2    1.7  1  sp|Q59205|CPXU_BRADU       Cytochrome P450 BJ-4 OS=Bradyrhizo
    5.3e-06   31.2   1.3    1.4e-05   29.8   1.3    1.8  1  sp|Q8CIM7|CP2DQ_MOUSE      Cytochrome P450 2D26 OS=Mus muscul
    5.3e-06   31.1   1.3    1.3e-05   29.9   1.3    1.7  1  sp|P05178|CP2C6_RAT        Cytochrome P450 2C6 OS=Rattus norv
    5.4e-06   31.1   0.8      1e-05   30.3   0.0    1.9  1  sp|P05177|CP1A2_HUMAN      Cytochrome P450 1A2 OS=Homo sapien
    5.4e-06   31.1   0.9    1.8e-05   29.5   0.9    2.0  1  sp|P48419|C75A3_PETHY      Flavonoid 3',5'-hydroxylase 2 OS=P
    5.4e-06   31.1   0.8      1e-05   30.3   0.0    1.9  1  sp|Q5RBQ1|CP1A2_PONAB      Cytochrome P450 1A2 OS=Pongo abeli
    5.5e-06   31.1   0.5    1.4e-05   29.8   0.5    1.7  1  sp|F1Q8C3|CP2K6_DANRE      Cytochrome P450 2K6 OS=Danio rerio
    5.6e-06   31.1   0.4    1.2e-05   30.0   0.4    1.6  1  sp|I3V6B1|C80BX_PAPSO      (S)-N-methylcoclaurine 3'-hydroxyl
    5.6e-06   31.1   0.8    1.2e-05   30.1   0.0    2.0  1  sp|Q1PS23|AMO_ARTAN        Amorpha-4,11-diene 12-monooxygenas
    5.8e-06   31.0   1.1    1.6e-05   29.6   1.1    1.8  1  sp|P33265|CP2CS_MESAU      Cytochrome P450 2C28 OS=Mesocricet
    5.9e-06   31.0   2.1    1.4e-05   29.8   2.1    1.7  1  sp|P46373|FAS1_RHOFA       Cytochrome P450 FAS1 OS=Rhodococcu
    5.9e-06   31.0   1.1    1.2e-05   30.1   1.1    1.5  1  sp|Q9KIZ4|C167_SORCE       Epothilone C/D epoxidase OS=Sorang
    5.9e-06   31.0   1.0    1.3e-05   29.9   1.0    1.6  1  sp|O18963|CP2E1_BOVIN      Cytochrome P450 2E1 OS=Bos taurus 
      6e-06   31.0   0.0    1.4e-05   29.8   0.0    1.6  1  sp|F1SYH7|CY215_POSPM      Cytochrome P450 monooxygenase 215 
      6e-06   31.0   0.1    1.6e-05   29.7   0.1    1.8  1  sp|G5EJN7|CYPD6_PHACH      Self-sufficient cytochrome P450 mo
    6.2e-06   30.9   0.4    1.4e-05   29.8   0.4    1.6  1  sp|P17177|CP27A_RABIT      Sterol 26-hydroxylase, mitochondri
    6.2e-06   30.9   0.4    1.3e-05   29.9   0.4    1.6  1  sp|H2DH19|C7D31_PANGI      Cytochrome P450 CYP71D312 OS=Panax
    6.3e-06   30.9   0.3    1.6e-05   29.6   0.3    1.7  1  sp|Q9GMC7|CP17A_BISBI      Steroid 17-alpha-hydroxylase/17,20
    6.4e-06   30.9   0.5    1.2e-05   30.0   0.5    1.5  1  sp|O73853|CP17A_ICTPU      Steroid 17-alpha-hydroxylase/17,20
    6.7e-06   30.8   1.1    1.3e-05   29.9   1.1    1.5  1  sp|P11371|CP2C4_RABIT      Cytochrome P450 2C4 OS=Oryctolagus
    6.8e-06   30.8   0.2    1.6e-05   29.6   0.2    1.7  1  sp|Q9SP06|C80B3_PAPSO      (S)-N-methylcoclaurine 3'-hydroxyl
    6.8e-06   30.8   1.0    1.4e-05   29.8   1.0    1.6  1  sp|Q09653|C13AA_CAEEL      Putative cytochrome P450 CYP13A10 
    6.8e-06   30.8   2.9    1.5e-05   29.7   2.9    1.6  1  sp|Q2LCM1|CP21A_CANLU      Steroid 21-hydroxylase OS=Canis lu
    6.8e-06   30.8   2.9    1.5e-05   29.7   2.9    1.6  1  sp|Q8WNW0|CP21A_CANLF      Steroid 21-hydroxylase OS=Canis lu
    6.8e-06   30.8   1.2    6.8e-06   30.8   1.2    2.4  2  sp|P08682|CP2E1_RABIT      Cytochrome P450 2E1 OS=Oryctolagus
    6.9e-06   30.8   2.9    1.5e-05   29.7   2.9    1.6  1  sp|Q2LA60|CP21A_FELCA      Steroid 21-hydroxylase OS=Felis ca
    6.9e-06   30.8   2.9    1.5e-05   29.7   2.9    1.6  1  sp|Q2LA59|CP21A_LYNLY      Steroid 21-hydroxylase OS=Lynx lyn
    6.9e-06   30.8   0.9    1.6e-05   29.7   0.9    1.7  1  sp|Q9GQM9|CP6L1_BLAGE      Cytochrome P450 6l1 OS=Blattella g
    7.1e-06   30.7   0.6    7.1e-06   30.7   0.6    1.9  1  sp|P11715|CP17A_RAT        Steroid 17-alpha-hydroxylase/17,20
    7.2e-06   30.7   0.6    1.5e-05   29.8   0.6    1.6  1  sp|Q9MZY0|CP2E1_CANLF      Cytochrome P450 2E1 OS=Canis lupus
    7.3e-06   30.7   0.4    1.5e-05   29.7   0.4    1.6  1  sp|O18993|CP3AL_CALJA      Cytochrome P450 3A21 OS=Callithrix
    7.5e-06   30.7   4.0    8.2e-06   30.5   2.9    1.7  1  sp|D5E3H2|CP107_PRIM1      Cytochrome P450 CYP107DY1 OS=Pries
    7.6e-06   30.7   0.2    1.7e-05   29.5   0.2    1.6  1  sp|P00185|CP1A1_RAT        Cytochrome P450 1A1 OS=Rattus norv
    7.6e-06   30.6   0.6    2.1e-05   29.3   0.6    1.8  1  sp|Q93VK5|LUT5_ARATH       Protein LUTEIN DEFICIENT 5, chloro
    7.6e-06   30.6   0.5    7.6e-06   30.6   0.5    2.2  1  sp|O23976|C76B1_HELTU      7-ethoxycoumarin O-deethylase OS=H
    7.7e-06   30.6   2.1    7.7e-06   30.6   2.1    1.9  1  sp|P00191|CP21A_BOVIN      Steroid 21-hydroxylase OS=Bos taur
    7.8e-06   30.6   0.5    1.5e-05   29.7   0.5    1.5  1  sp|O70537|CP3AV_MESAU      Cytochrome P450 3A31 OS=Mesocricet
    7.8e-06   30.6   0.7    2.9e-05   28.8   0.1    2.3  1  sp|O17624|C13B1_CAEEL      Putative cytochrome P450 cyp-13B1 
    7.9e-06   30.6   0.6    2.1e-05   29.2   0.6    1.7  1  sp|P05185|CP17A_BOVIN      Steroid 17-alpha-hydroxylase/17,20
    8.1e-06   30.6   0.4    2.4e-05   29.1   0.4    1.9  1  sp|O55071|CP2BJ_MOUSE      Cytochrome P450 2B19 OS=Mus muscul
    8.3e-06   30.5   2.6    8.3e-06   30.5   0.1    2.2  1  sp|P56592|CP1A2_CANLF      Cytochrome P450 1A2 OS=Canis lupus
    8.3e-06   30.5   0.0      2e-05   29.3   0.0    1.7  1  sp|O77810|CP1A2_CALJA      Cytochrome P450 1A2 OS=Callithrix 
    8.3e-06   30.5   0.4    2.3e-05   29.1   0.4    1.8  1  sp|P00186|CP1A2_MOUSE      Cytochrome P450 1A2 OS=Mus musculu
    8.4e-06   30.5   0.4    1.8e-05   29.4   0.4    1.6  1  sp|Q87AX5|C1331_XYLFT      Putative cytochrome P450 133B1 OS=
    8.5e-06   30.5   1.0    1.7e-05   29.5   1.0    1.6  1  sp|P00179|CP2C5_RABIT      Cytochrome P450 2C5 OS=Oryctolagus
    8.6e-06   30.5   0.4    1.8e-05   29.4   0.4    1.6  1  sp|Q9PGC5|C1331_XYLFA      Putative cytochrome P450 133B1 OS=
    8.6e-06   30.5   0.5    1.9e-05   29.4   0.5    1.6  1  sp|Q9DBG1|CP27A_MOUSE      Sterol 26-hydroxylase, mitochondri
    8.9e-06   30.4   0.0    1.8e-05   29.5   0.0    1.5  1  sp|Q92039|CP1A1_CHACA      Cytochrome P450 1A1 OS=Chaetodon c
    9.1e-06   30.4   0.0      2e-05   29.3   0.0    1.7  1  sp|Q42600|C84A1_ARATH      Cytochrome P450 84A1 OS=Arabidopsi
    9.1e-06   30.4   0.4      2e-05   29.3   0.4    1.6  1  sp|O04164|C71A6_NEPRA      Cytochrome P450 71A6 (Fragment) OS
    9.2e-06   30.4   2.1    9.4e-06   30.4   0.4    2.0  1  sp|Q9XGT9|C93B2_GERHY      Cytochrome P450 93B2 OS=Gerbera hy
    9.3e-06   30.4   0.0      2e-05   29.3   0.0    1.6  1  sp|A0A068Q5V6|C7150_PRUMU  Cytochrome P450 71AU50 OS=Prunus m
    9.6e-06   30.3   2.5    2.6e-05   29.0   2.5    1.8  1  sp|P10634|CP2DQ_RAT        Cytochrome P450 2D26 OS=Rattus nor
    9.6e-06   30.3   1.0    1.8e-05   29.5   1.0    1.5  1  sp|Q9UVC3|CP51_CUNEL       Lanosterol 14-alpha demethylase OS
    9.7e-06   30.3   1.2    1.4e-05   29.8   0.1    1.9  1  sp|P05176|CP1A1_RABIT      Cytochrome P450 1A1 OS=Oryctolagus
      1e-05   30.3   1.2    2.6e-05   29.0   1.2    1.8  1  sp|P05093|CP17A_HUMAN      Steroid 17-alpha-hydroxylase/17,20
      1e-05   30.3   0.1    1.9e-05   29.4   0.1    1.5  1  sp|Q59990|CP120_SYNY3      Putative cytochrome P450 120 OS=Sy
      1e-05   30.3   1.2    2.6e-05   29.0   1.2    1.8  1  sp|Q8HYN1|CP17A_PANTR      Steroid 17-alpha-hydroxylase/17,20
    1.2e-05   30.1   0.3    1.2e-05   30.1   0.3    2.2  1  sp|O93299|CP2K3_ONCMY      Cytochrome P450 2K3 OS=Oncorhynchu
    1.2e-05   30.0   0.5    2.9e-05   28.8   0.5    1.7  1  sp|P33273|CP255_RAT        Cytochrome P450 2C55 OS=Rattus nor
    1.2e-05   30.0   0.3    1.2e-05   30.0   0.3    2.2  1  sp|Q92090|CP2K1_ONCMY      Cytochrome P450 2K1 OS=Oncorhynchu
    1.2e-05   30.0   0.0    2.5e-05   29.0   0.0    1.6  1  sp|A0A1D8QMD2|C76K7_ROSOF  Carnosic acid synthase OS=Rosmarin
    1.3e-05   30.0   0.6    3.1e-05   28.7   0.6    1.7  1  sp|P05181|CP2E1_HUMAN      Cytochrome P450 2E1 OS=Homo sapien
    1.3e-05   29.9   0.2    3.3e-05   28.6   0.2    1.8  1  sp|A0A0S1TPC7|C76K6_SALPM  Carnosic acid synthase OS=Salvia p
    1.3e-05   29.9   0.6    3.3e-05   28.6   0.6    1.8  1  sp|Q2XVA1|CP17A_MACFA      Steroid 17-alpha-hydroxylase/17,20
    1.3e-05   29.9   0.6    3.3e-05   28.6   0.6    1.8  1  sp|Q8HYM9|CP17A_MACMU      Steroid 17-alpha-hydroxylase/17,20
    1.3e-05   29.9   0.6    3.3e-05   28.6   0.6    1.8  1  sp|Q8HYN0|CP17A_PAPCY      Steroid 17-alpha-hydroxylase/17,20
    1.3e-05   29.9   0.6    3.3e-05   28.6   0.6    1.8  1  sp|Q9GLD2|CP17A_PAPHU      Steroid 17-alpha-hydroxylase/17,20
    1.3e-05   29.9   0.2    3.3e-05   28.6   0.2    1.7  1  sp|A0A1D8QMD1|C76K6_SALFT  Carnosic acid synthase OS=Salvia f
    1.3e-05   29.9   0.2    3.2e-05   28.7   0.2    1.7  1  sp|Q8N118|CP4X1_HUMAN      Cytochrome P450 4X1 OS=Homo sapien
    1.4e-05   29.9   0.2    2.9e-05   28.8   0.2    1.6  1  sp|O57525|CP17A_RANDY      Steroid 17-alpha-hydroxylase/17,20
    1.4e-05   29.8   0.0    3.3e-05   28.6   0.0    1.7  1  sp|A0A3G9HRC2|ALT2_ALTAL   Bifunctional cytochrome P450/NADPH
    1.4e-05   29.8   0.9    2.9e-05   28.8   0.9    1.5  1  sp|P79402|CP242_PIG        Cytochrome P450 2C42 (Fragment) OS
    1.4e-05   29.8   0.3    1.4e-05   29.8   0.3    1.9  1  sp|Q2QUC5|C71P1_ORYSJ      Tryptamine 5-hydroxylase OS=Oryza 
    1.5e-05   29.7   1.6    1.5e-05   29.7   1.6    2.3  1  sp|Q64562|CP21A_RAT        Steroid 21-hydroxylase OS=Rattus n
    1.5e-05   29.7   0.0      3e-05   28.8   0.0    1.5  1  sp|Q9VB31|C6A18_DROME      Probable cytochrome P450 6a18 OS=D
    1.5e-05   29.7   0.2    2.9e-05   28.8   0.2    1.5  1  sp|A0A3S5HYN5|PVHE_TALVA   Cytochrome P450 monooxygenase pvhE
    1.5e-05   29.7   2.9    1.5e-05   29.7   2.9    2.2  1  sp|P03940|CP21A_MOUSE      Steroid 21-hydroxylase OS=Mus musc
    1.5e-05   29.7   0.8    4.2e-05   28.3   0.8    1.7  1  sp|Q9N0U7|CP17A_CAPHI      Steroid 17-alpha-hydroxylase/17,20
    1.5e-05   29.7   0.0    1.5e-05   29.7   0.0    2.3  1  sp|F1SYG6|CY197_POSPM      Cytochrome P450 monooxygenase 197 
    1.5e-05   29.7   0.6    3.1e-05   28.7   0.6    1.5  1  sp|Q6GUQ4|CP2E1_MACMU      Cytochrome P450 2E1 OS=Macaca mula
    1.5e-05   29.7   0.6    2.7e-05   28.9   0.6    1.4  1  sp|P33266|CP2E1_MACFA      Cytochrome P450 2E1 (Fragment) OS=
    1.5e-05   29.7   0.3    3.7e-05   28.5   0.3    1.7  1  sp|A0A411KZY9|BUAD_ASPBU   Cytochrome P450 monooxygenase buaD
    1.6e-05   29.7   0.8    4.2e-05   28.3   0.8    1.7  1  sp|Q29497|CP17A_SHEEP      Steroid 17-alpha-hydroxylase/17,20
    1.6e-05   29.6   0.0    3.8e-05   28.4   0.0    1.7  1  sp|O46054|C4AE1_DROME      Cytochrome P450 4ae1 OS=Drosophila
    1.6e-05   29.6   0.5    4.4e-05   28.2   0.5    1.8  1  sp|A0A4D6Q415|CYP1_CROXC   Flavonoid 3'-monooxygenase CYP75B1
    1.6e-05   29.6   0.1    1.6e-05   29.6   0.1    1.8  1  sp|A0A3Q9R4N5|C76B7_ARNEU  Geranylhydroquinone 3''-hydroxylas
    1.7e-05   29.6   0.0    3.6e-05   28.5   0.0    1.6  1  sp|P79716|CP1A1_DICLA      Cytochrome P450 1A1 OS=Dicentrarch
    1.7e-05   29.6   0.2    3.3e-05   28.6   0.2    1.5  1  sp|P08684|CP3A4_HUMAN      Cytochrome P450 3A4 OS=Homo sapien
    1.7e-05   29.6   0.0    3.6e-05   28.5   0.0    1.6  1  sp|Q92116|CP1A1_STECH      Cytochrome P450 1A1 OS=Stenotomus 
    1.8e-05   29.5   0.6    5.6e-05   27.9   0.6    1.9  1  sp|P49602|CP51_USTMA       Lanosterol 14-alpha demethylase OS
    1.8e-05   29.5   0.9    1.8e-05   29.5   0.9    2.3  1  sp|P48418|C75A1_PETHY      Flavonoid 3',5'-hydroxylase 1 OS=P
    1.8e-05   29.4   0.0    4.2e-05   28.3   0.0    1.7  1  sp|P98181|CP1A1_PAGMA      Cytochrome P450 1A1 OS=Pagrus majo
    1.9e-05   29.4   0.3      5e-05   28.1   0.3    1.8  1  sp|Q64417|CP3AE_CAVPO      Cytochrome P450 3A14 OS=Cavia porc
      2e-05   29.3   1.0    4.5e-05   28.2   1.0    1.6  1  sp|L7X3S1|MSH_PAPSO        Methyltetrahydroprotoberberine 14-
      2e-05   29.3   1.1    5.1e-05   28.0   1.1    1.7  1  sp|P56655|CP238_MOUSE      Cytochrome P450 2C38 OS=Mus muscul
    2.1e-05   29.3   0.0    4.8e-05   28.1   0.0    1.7  1  sp|Q92109|CP1A3_ONCMY      Cytochrome P450 1A3 OS=Oncorhynchu
    2.1e-05   29.2   1.0    5.4e-05   28.0   1.0    1.7  1  sp|B8MV61|TPEC_TALSN       Cytochrome P450 monooxygenase tpeC
    2.2e-05   29.2   2.8      4e-05   28.4   2.8    1.5  1  sp|P11372|CP2CF_RABIT      Cytochrome P450 2C15 (Fragment) OS
    2.2e-05   29.2   0.5    4.8e-05   28.1   0.5    1.6  1  sp|P79383|CP2E1_PIG        Cytochrome P450 2E1 OS=Sus scrofa 
    2.2e-05   29.2   0.8      5e-05   28.1   0.8    1.6  1  sp|O65790|C81F1_ARATH      Cytochrome P450 81F1 OS=Arabidopsi
    2.2e-05   29.2   0.0    4.8e-05   28.1   0.0    1.6  1  sp|Q92110|CP1A1_ONCMY      Cytochrome P450 1A1 OS=Oncorhynchu
    2.3e-05   29.2   1.1    3.5e-05   28.6   0.0    1.9  1  sp|O77809|CP1A2_MACFA      Cytochrome P450 1A2 OS=Macaca fasc
    2.3e-05   29.1   0.4    5.3e-05   28.0   0.4    1.7  1  sp|P30437|CP17A_ONCMY      Steroid 17-alpha-hydroxylase/17,20
    2.3e-05   29.1   0.3    5.6e-05   27.9   0.3    1.7  1  sp|Q0IIF9|CP2U1_BOVIN      Cytochrome P450 2U1 OS=Bos taurus 
    2.3e-05   29.1   0.2    5.1e-05   28.1   0.2    1.5  1  sp|Q02318|CP27A_HUMAN      Sterol 26-hydroxylase, mitochondri
    2.3e-05   29.1   0.4    2.3e-05   29.1   0.4    2.0  1  sp|X2JE85|C7BL2_TANPA      Costunolide synthase OS=Tanacetum 
    2.3e-05   29.1   2.8    2.5e-05   29.0   0.5    2.4  1  sp|O04790|C75A7_EUSER      Flavonoid 3',5'-hydroxylase OS=Eus
    2.4e-05   29.1   0.2    5.2e-05   28.0   0.2    1.6  1  sp|Q6WNQ8|C81E8_MEDTR      Cytochrome P450 81E8 OS=Medicago t
    2.4e-05   29.1   0.1    4.3e-05   28.3   0.1    1.5  1  sp|Q27516|C13A8_CAEEL      Putative cytochrome P450 CYP13A8 O
    2.4e-05   29.1   2.8    2.5e-05   29.0   0.5    2.4  1  sp|Q96418|C75A5_EUSER      Flavonoid 3',5'-hydroxylase OS=Eus
    2.5e-05   29.0   0.8    5.7e-05   27.9   0.8    1.7  1  sp|A0A2R4SBW0|CYPL8_GANLU  Ganoderic acid synthetase CYP5150L
    2.5e-05   29.0   0.1    4.6e-05   28.2   0.1    1.5  1  sp|Q42799|C93A2_SOYBN      Cytochrome P450 93A2 OS=Glycine ma
    2.5e-05   29.0   0.2    6.5e-05   27.7   0.2    1.7  1  sp|Q55AJ4|C516B_DICDI      Probable cytochrome P450 516B1 OS=
    2.6e-05   29.0   1.8    5.9e-05   27.8   1.8    1.7  1  sp|Q2XNC8|CP2D6_PANTR      Cytochrome P450 2D6 OS=Pan troglod
    2.7e-05   28.9   0.0      8e-05   27.4   0.0    1.8  1  sp|Q5KTN2|ALT2_ALTSO       Cytochrome P450 monooxygenase alt2
    2.7e-05   28.9   3.0    6.6e-05   27.7   3.0    1.7  1  sp|P24456|CP2DA_MOUSE      Cytochrome P450 2D10 OS=Mus muscul
    2.7e-05   28.9   1.5    5.2e-05   28.0   1.5    1.5  1  sp|P00181|CP2C2_RABIT      Cytochrome P450 2C2 OS=Oryctolagus
    2.8e-05   28.9   0.3    6.7e-05   27.7   0.3    1.7  1  sp|Q64464|CP3AD_MOUSE      Cytochrome P450 3A13 OS=Mus muscul
    2.8e-05   28.9   0.0      8e-05   27.4   0.0    1.8  1  sp|Q6JZS3|CP1A1_ORYLA      Cytochrome P450 1A1 OS=Oryzias lat
    2.9e-05   28.8   2.7    6.8e-05   27.6   2.7    1.7  1  sp|A0A087X1C5|CP2D7_HUMAN  Putative cytochrome P450 2D7 OS=Ho
    2.9e-05   28.8   1.9    6.6e-05   27.7   1.9    1.7  1  sp|Q2XNC9|CP2D6_PANPA      Cytochrome P450 2D6 OS=Pan paniscu
    2.9e-05   28.8   0.0    5.8e-05   27.9   0.0    1.6  1  sp|H2DH21|C7A29_PANGI      Cytochrome P450 CYP72A219 OS=Panax
    2.9e-05   28.8   0.1    6.1e-05   27.8   0.1    1.6  1  sp|S0DS17|APF8_GIBF5       Cytochrome P450 monooxygenase apf8
    2.9e-05   28.8   1.9    6.6e-05   27.7   1.9    1.7  1  sp|P10635|CP2D6_HUMAN      Cytochrome P450 2D6 OS=Homo sapien
      3e-05   28.8   0.4      3e-05   28.8   0.4    2.1  1  sp|Q7X7X4|C99A2_ORYSJ      Cytochrome P450 99A2 OS=Oryza sati
      3e-05   28.8   1.2    5.6e-05   27.9   1.2    1.5  1  sp|P00182|CP2C3_RABIT      Cytochrome P450 2C3 OS=Oryctolagus
      3e-05   28.8   0.2    6.3e-05   27.7   0.2    1.6  1  sp|Q07217|CP11A_ONCMY      Cholesterol side-chain cleavage en
      3e-05   28.8   2.0    4.4e-05   28.3   1.0    1.8  1  sp|O31785|PKSS_BACSU       Polyketide biosynthesis cytochrome
      3e-05   28.8   0.2    5.8e-05   27.9   0.2    1.5  1  sp|P33268|CP3A8_MACFA      Cytochrome P450 3A8 OS=Macaca fasc
      3e-05   28.8   0.1    6.3e-05   27.8   0.1    1.6  1  sp|O81973|C93A3_SOYBN      Cytochrome P450 93A3 OS=Glycine ma
      3e-05   28.8   0.1    9.1e-05   27.3   0.1    1.9  1  sp|A0A068Q6L2|C7317_PRUMU  Cytochrome P450 736A117 OS=Prunus 
      3e-05   28.8   0.5    6.2e-05   27.8   0.5    1.6  1  sp|P20815|CP3A5_HUMAN      Cytochrome P450 3A5 OS=Homo sapien
    3.4e-05   28.6   0.0    7.7e-05   27.5   0.0    1.7  1  sp|Q92095|CP1A1_OPSTA      Cytochrome P450 1A1 OS=Opsanus tau
    3.4e-05   28.6   0.1    7.7e-05   27.5   0.1    1.7  1  sp|Q27593|CP6A8_DROME      Cytochrome P450 6a8 OS=Drosophila 
    3.5e-05   28.6   0.8      7e-05   27.6   0.8    1.5  1  sp|P11707|CP3A6_RABIT      Cytochrome P450 3A6 OS=Oryctolagus
    3.5e-05   28.6   0.2    8.4e-05   27.4   0.2    1.7  1  sp|Q9CX98|CP2U1_MOUSE      Cytochrome P450 2U1 OS=Mus musculu
    3.5e-05   28.6   1.4    4.3e-05   28.3   0.2    1.9  1  sp|O65787|C71B6_ARATH      Cytochrome P450 71B6 OS=Arabidopsi
    3.6e-05   28.5   0.1    6.4e-05   27.7   0.1    1.4  1  sp|Q8RN03|C5C4_AMYOR       Cytochrome P450 165C4 OS=Amycolato
    3.6e-05   28.5   0.0    6.8e-05   27.7   0.0    1.5  1  sp|P00183|CPXA_PSEPU       Camphor 5-monooxygenase OS=Pseudom
    3.7e-05   28.5   0.4    0.00011   27.0   0.4    1.9  1  sp|Q9SD85|F3PH_ARATH       Flavonoid 3'-monooxygenase OS=Arab
    3.7e-05   28.5   1.3    9.7e-05   27.2   1.3    1.8  1  sp|P56656|CP239_MOUSE      Cytochrome P450 2C39 OS=Mus muscul
    3.7e-05   28.5   0.1    3.7e-05   28.5   0.1    2.7  1  sp|P24465|C71A1_PERAE      Cytochrome P450 71A1 OS=Persea ame
    3.7e-05   28.5   0.3    8.2e-05   27.4   0.3    1.6  1  sp|Q7Z449|CP2U1_HUMAN      Cytochrome P450 2U1 OS=Homo sapien
    3.7e-05   28.5   1.7    8.2e-05   27.4   1.7    1.6  1  sp|Q64403|CP2DG_CAVPO      Cytochrome P450 2D16 OS=Cavia porc
    3.8e-05   28.4   0.2    8.4e-05   27.4   0.2    1.6  1  sp|Q4V8D1|CP2U1_RAT        Cytochrome P450 2U1 OS=Rattus norv
    3.8e-05   28.4   0.4    9.2e-05   27.2   0.4    1.7  1  sp|W8JMU7|CYQ32_CATRO      Cytochrome P450 81Q32 OS=Catharant
    3.9e-05   28.4   0.8    9.4e-05   27.2   0.8    1.7  1  sp|P56594|CP2CL_CANLF      Cytochrome P450 2C21 (Fragment) OS
    3.9e-05   28.4   0.7    8.6e-05   27.3   0.1    1.9  1  sp|A0A0E3D8M1|PC21_PENCR   Cytochrome P450 monooxygenase PC-2
      4e-05   28.4   0.8    9.2e-05   27.2   0.8    1.6  1  sp|P14762|CPXI_PRIM2       Cytochrome P450(BM-1) OS=Priestia 
      4e-05   28.4   0.3     0.0001   27.1   0.3    1.7  1  sp|A0A517FNB9|C9B52_PARPY  Cholesterol 22-monohydroxylase CYP
    4.2e-05   28.3   1.3    0.00011   27.0   1.3    1.8  1  sp|P20813|CP2B6_HUMAN      Cytochrome P450 2B6 OS=Homo sapien
    4.5e-05   28.2   1.3    0.00011   27.0   1.3    1.6  1  sp|Q9SZ46|C82C4_ARATH      Xanthotoxin 5-hydroxylase CYP82C4 
    4.5e-05   28.2   0.4    9.5e-05   27.2   0.4    1.6  1  sp|O49394|C82C2_ARATH      Xanthotoxin 5-hydroxylase CYP82C2 
    4.6e-05   28.2   0.1    9.4e-05   27.2   0.1    1.6  1  sp|Q91W64|CP270_MOUSE      Cytochrome P450 2C70 OS=Mus muscul
    4.8e-05   28.1   1.2    8.6e-05   27.3   0.1    2.1  1  sp|A0A140JWT9|PTMK_PENSI   Cytochrome P450 monooxygenase ptmK
    4.8e-05   28.1   0.4    9.6e-05   27.2   0.4    1.5  1  sp|P63722|CP140_MYCBO      Putative cytochrome P450 140 OS=My
    4.8e-05   28.1   0.4    9.6e-05   27.2   0.4    1.5  1  sp|P9WPL8|CP140_MYCTO      Putative cytochrome P450 140 OS=My
    4.8e-05   28.1   0.4    9.6e-05   27.2   0.4    1.5  1  sp|P9WPL9|CP140_MYCTU      Putative cytochrome P450 140 OS=My
    4.8e-05   28.1   0.0    0.00015   26.6   0.0    1.9  1  sp|X2JI34|GAO_TANPA        Germacrene A hydroxylase OS=Tanace
    4.9e-05   28.1   0.0     0.0001   27.1   0.0    1.6  1  sp|Q9W683|CP1A1_CHESA      Cytochrome P450 1A1 OS=Chelon sali
    4.9e-05   28.1   1.6    9.9e-05   27.1   1.6    1.6  1  sp|Q9ZHQ1|TYLH1_STRFR      20-oxo-5-O-mycaminosyltylactone 23
    4.9e-05   28.1   1.5    9.2e-05   27.2   1.5    1.5  1  sp|P48635|ERYK_SACEN       Erythromycin C-12 hydroxylase OS=S
    4.9e-05   28.1   2.0    4.9e-05   28.1   2.0    2.7  1  sp|P49430|THAS_RAT         Thromboxane-A synthase OS=Rattus n
    5.2e-05   28.0   0.2    5.2e-05   28.0   0.2    1.9  1  sp|P93531|C71D7_SOLCH      Cytochrome P450 71D7 OS=Solanum ch
    5.2e-05   28.0   0.0     0.0001   27.1   0.0    1.5  1  sp|O42457|CP1A1_SPAAU      Cytochrome P450 1A1 OS=Sparus aura
    5.2e-05   28.0   0.5    0.00011   26.9   0.5    1.6  1  sp|Q1ZXH9|CP51_DICDI       Probable lanosterol 14-alpha demet
    5.2e-05   28.0   1.3    5.2e-05   28.0   1.3    2.1  1  sp|S4UX02|CYPH1_SALMI      Ferruginol synthase OS=Salvia milt
    5.3e-05   28.0   0.1    9.3e-05   27.2   0.1    1.4  1  sp|Q972I2|CP119_SULTO      Cytochrome P450 119 OS=Sulfurispha
    5.4e-05   28.0   0.1    0.00015   26.6   0.1    1.8  1  sp|Q54SV9|C515B_DICDI      Probable cytochrome P450 515B1 OS=
    5.6e-05   27.9   0.3    5.6e-05   27.9   0.3    2.3  1  sp|Q54D38|C520A_DICDI      Probable cytochrome P450 520A1 OS=
    5.7e-05   27.9   0.6    0.00011   27.0   0.6    1.5  1  sp|P23295|NOR_FUSOX        NADP nitrous oxide-forming nitric 
    5.7e-05   27.9   2.3    0.00014   26.7   2.3    1.7  1  sp|P24457|CP2DB_MOUSE      Cytochrome P450 2D11 OS=Mus muscul
    5.8e-05   27.9   0.3    0.00026   25.8   0.1    2.2  1  sp|P24455|CP2A9_MESAU      Cytochrome P450 2A9 OS=Mesocricetu
    5.9e-05   27.8   0.0    0.00014   26.7   0.0    1.7  1  sp|Q9VS79|CP4D8_DROME      Cytochrome P450 4d8 OS=Drosophila 
    6.1e-05   27.8   0.1    0.00026   25.8   0.1    2.2  1  sp|Q42602|C89A2_ARATH      Cytochrome P450 89A2 OS=Arabidopsi
    6.2e-05   27.8   0.1    6.2e-05   27.8   0.1    2.0  1  sp|Q6A152|CP4X1_MOUSE      Cytochrome P450 4X1 OS=Mus musculu
    6.3e-05   27.8   0.1    0.00017   26.4   0.1    1.7  1  sp|H2DH17|C7A22_PANGI      Cytochrome P450 CYP749A22 OS=Panax
    6.7e-05   27.7   1.8    6.7e-05   27.7   1.8    1.8  1  sp|A0A0C5Q4Y6|C76H2_ROSOF  Ferruginol synthase 1 OS=Rosmarinu
    6.8e-05   27.7   1.1    0.00016   26.5   1.1    1.6  1  sp|Q9D816|CP255_MOUSE      Cytochrome P450 2C55 OS=Mus muscul
      7e-05   27.6   0.4    0.00015   26.6   0.1    1.7  1  sp|Q9VWR5|CP306_DROME      Cytochrome P450 306a1 OS=Drosophil
      7e-05   27.6   0.8    0.00021   26.1   0.1    2.2  1  sp|Q9Y6A2|CP46A_HUMAN      Cholesterol 24-hydroxylase OS=Homo
    7.2e-05   27.6   0.1    0.00019   26.2   0.1    1.8  1  sp|Q9FXW4|C80B2_COPJA      Probable (S)-N-methylcoclaurine 3'
    7.2e-05   27.6   0.1    0.00016   26.5   0.1    1.6  1  sp|X2EVQ5|T9025_TANPA      Cytochrome P450 Tp9025 OS=Tanacetu
    7.3e-05   27.6   0.3    0.00017   26.4   0.3    1.6  1  sp|Q2UPC4|ACLL_ASPOR       Cytochrome P450 monooxygenase aclL
    7.3e-05   27.6   3.1    7.3e-05   27.6   3.1    1.7  1  sp|Q9QYG5|CP2DK_MESAU      Cytochrome P450 2D20 OS=Mesocricet
    7.3e-05   27.5   0.3    0.00017   26.4   0.3    1.7  1  sp|Q964Q7|CP6D3_MUSDO      Cytochrome P450 6d3 OS=Musca domes
    7.4e-05   27.5   0.2    0.00017   26.4   0.2    1.6  1  sp|P51538|CP3A9_RAT        Cytochrome P450 3A9 OS=Rattus norv
    7.5e-05   27.5   0.5     0.0003   25.6   0.5    2.1  1  sp|P37120|C75A2_SOLME      Flavonoid 3',5'-hydroxylase OS=Sol
    7.7e-05   27.5   0.6    0.00017   26.4   0.6    1.6  1  sp|C9K1X6|COTB3_STRMJ      Cyclooctat-9-en-7-ol 5-monooxygena
    7.8e-05   27.5   0.1    0.00016   26.5   0.1    1.5  1  sp|P93530|C71D6_SOLCH      Cytochrome P450 71D6 OS=Solanum ch
    7.8e-05   27.5   1.5    0.00025   25.9   0.3    2.4  1  sp|P59954|CP132_MYCBO      Putative cytochrome P450 132 OS=My
    7.8e-05   27.5   1.5    0.00025   25.9   0.3    2.4  1  sp|P9WPN2|CP132_MYCTO      Putative cytochrome P450 132 OS=My
    7.9e-05   27.4   1.5    0.00025   25.9   0.3    2.4  1  sp|P9WPN3|CP132_MYCTU      Putative cytochrome P450 132 OS=My
      8e-05   27.4   0.0    0.00019   26.2   0.0    1.7  1  sp|E1B2Z9|C7AV8_CICIN      Cytochrome P450 71AV8 OS=Cichorium
    8.1e-05   27.4   0.4    0.00019   26.3   0.4    1.6  1  sp|Q9V770|C6A17_DROME      Probable cytochrome P450 6a17 OS=D
    8.1e-05   27.4   0.1    8.1e-05   27.4   0.1    1.8  1  sp|A0A1D8QMG4|C76K8_ROSOF  Carnosic acid synthase OS=Rosmarin
    8.3e-05   27.4   2.7    0.00019   26.3   2.7    1.6  1  sp|Q01361|CP2DE_BOVIN      Cytochrome P450 2D14 OS=Bos taurus
    8.3e-05   27.4   0.3    0.00028   25.7   0.0    2.1  1  sp|Q27589|CP4D2_DROME      Cytochrome P450 4d2 OS=Drosophila 
    8.4e-05   27.4   0.3    8.4e-05   27.4   0.3    1.9  1  sp|P27786|CP17A_MOUSE      Steroid 17-alpha-hydroxylase/17,20
    8.6e-05   27.3   0.1    0.00018   26.3   0.1    1.6  1  sp|I1RJR2|CP51A_GIBZE      Sterol 14-alpha demethylase CYP51A
    8.6e-05   27.3   0.3    0.00017   26.4   0.3    1.5  1  sp|Q9V774|C6A21_DROME      Probable cytochrome P450 6a21 OS=D
    8.7e-05   27.3   0.3    8.7e-05   27.3   0.3    2.3  1  sp|F8S1I0|C7BL2_LACSA      Costunolide synthase OS=Lactuca sa
    8.7e-05   27.3   0.3    8.7e-05   27.3   0.3    2.1  1  sp|G3GBK0|C7BL3_CICIN      Costunolide synthase OS=Cichorium 
    8.8e-05   27.3   0.1    8.8e-05   27.3   0.1    2.0  1  sp|Q8K4D6|CP4X1_RAT        Cytochrome P450 4X1 OS=Rattus norv
    9.2e-05   27.2   1.3    0.00022   26.0   1.3    1.7  1  sp|P18327|CPXF_STRGO       Cytochrome P450-SU2 OS=Streptomyce
    9.3e-05   27.2   1.4     0.0002   26.2   1.4    1.6  1  sp|Q64680|CP2D4_RAT        Cytochrome P450 2D4 OS=Rattus norv
    9.4e-05   27.2   0.0    0.00024   25.9   0.0    1.7  1  sp|Q5KQT7|CP1A1_FELCA      Cytochrome P450 1A1 OS=Felis catus
    9.5e-05   27.2   0.2    0.00026   25.8   0.2    1.7  1  sp|B8QHP1|CP52M_STABO      Cytochrome P450 52-M1 OS=Starmerel
    9.7e-05   27.2   0.5    9.7e-05   27.2   0.5    1.9  1  sp|B9WZX1|FTMC_ASPFM       Tryprostatin B 6-hydroxylase OS=As
    9.7e-05   27.2   0.5    9.7e-05   27.2   0.5    1.9  1  sp|Q4WAW5|FTMC_ASPFU       Tryprostatin B 6-hydroxylase OS=As
    9.8e-05   27.1   0.2    9.8e-05   27.1   0.2    2.8  1  sp|O64899|C80B1_ESCCA      (S)-N-methylcoclaurine 3'-hydroxyl
    9.9e-05   27.1   0.2    9.9e-05   27.1   0.2    2.7  1  sp|O64900|C80B2_ESCCA      (S)-N-methylcoclaurine 3'-hydroxyl
     0.0001   27.1   1.2     0.0001   27.1   1.2    2.2  1  sp|A0A1Z3GBS4|CYPH3_ISORU  Ferruginol synthase OS=Isodon rube


Domain annotation for each sequence (and alignments):
>> sp|C4B644|CPVDH_PSEAH  Vitamin D(3) 25-hydroxylase OS=Pseudonocardia autotrophica OX=2074 GN=vdh PE=1 SV=1
   #    score  bias  c-Evalue  i-Evalue hmmfrom  hmm to    alifrom  ali to    envfrom  env to     acc
 ---   ------ ----- --------- --------- ------- -------    ------- -------    ------- -------    ----
   1 !   43.3   2.9   4.4e-13   7.4e-10       2      33 .]     224     255 ..     223     255 .. 0.98

  Alignments for each domain:
  == domain 1  score: 43.3 bits;  conditional E-value: 4.4e-13
        ihelix_seed_hmm   2 eelvalvllLlvAGheTTtnaiswalllLlrh 33 
                            eelva+++lLl+AGheTT+n+i++++l+Ll+h
  sp|C4B644|CPVDH_PSEAH 224 EELVAMAMLLLIAGHETTVNLIGNGVLALLTH 255
                            8******************************9 PP

>> sp|P29980|CPXN_NOSS1  Probable cytochrome P450 110 OS=Nostoc sp. (strain PCC 7120 / SAG 25.82 / UTEX 2576) OX=103690 
   #    score  bias  c-Evalue  i-Evalue hmmfrom  hmm to    alifrom  ali to    envfrom  env to     acc
 ---   ------ ----- --------- --------- ------- -------    ------- -------    ------- -------    ----
   1 !   40.6   0.2   3.1e-12   5.3e-09       1      33 []     248     280 ..     248     280 .. 0.97

  Alignments for each domain:
  == domain 1  score: 40.6 bits;  conditional E-value: 3.1e-12
       ihelix_seed_hmm   1 deelvalvllLlvAGheTTtnaiswalllLlrh 33 
                           deel++  l++l+AGheTT+++i+wa++  l++
  sp|P29980|CPXN_NOSS1 248 DEELKDELLTILFAGHETTATTIAWAFYQILKN 280
                           89***************************9987 PP

>> sp|O08336|CYPB_BACSU  Bifunctional cytochrome P450/NADPH--P450 reductase 2 OS=Bacillus subtilis (strain 168) OX=22430
   #    score  bias  c-Evalue  i-Evalue hmmfrom  hmm to    alifrom  ali to    envfrom  env to     acc
 ---   ------ ----- --------- --------- ------- -------    ------- -------    ------- -------    ----
   1 !   40.8   0.2   2.7e-12   4.6e-09       1      33 []     254     286 ..     254     286 .. 0.98

  Alignments for each domain:
  == domain 1  score: 40.8 bits;  conditional E-value: 2.7e-12
       ihelix_seed_hmm   1 deelvalvllLlvAGheTTtnaiswalllLlrh 33 
                           de+++++++++l+AGheTT+ ++s+a+++Ll+h
  sp|O08336|CYPB_BACSU 254 DENIRYQIITFLIAGHETTSGLLSFAIYCLLTH 286
                           79******************************9 PP

>> sp|P53554|BIOI_BACSU  Biotin biosynthesis cytochrome P450 OS=Bacillus subtilis (strain 168) OX=224308 GN=bioI PE=1 SV
   #    score  bias  c-Evalue  i-Evalue hmmfrom  hmm to    alifrom  ali to    envfrom  env to     acc
 ---   ------ ----- --------- --------- ------- -------    ------- -------    ------- -------    ----
   1 !   40.7   0.3   2.8e-12   4.8e-09       1      33 []     222     254 ..     222     254 .. 0.97

  Alignments for each domain:
  == domain 1  score: 40.7 bits;  conditional E-value: 2.8e-12
       ihelix_seed_hmm   1 deelvalvllLlvAGheTTtnaiswalllLlrh 33 
                           +ee++++++lL +AGheTT+n+is+++l+Ll h
  sp|P53554|BIOI_BACSU 222 EEEAASTCILLAIAGHETTVNLISNSVLCLLQH 254
                           69*****************************98 PP

>> sp|P51870|CP4F5_RAT  Cytochrome P450 4F5 OS=Rattus norvegicus OX=10116 GN=Cyp4f5 PE=2 SV=1
   #    score  bias  c-Evalue  i-Evalue hmmfrom  hmm to    alifrom  ali to    envfrom  env to     acc
 ---   ------ ----- --------- --------- ------- -------    ------- -------    ------- -------    ----
   1 !   40.2   0.1   4.1e-12     7e-09       1      33 []     317     349 ..     317     349 .. 0.98

  Alignments for each domain:
  == domain 1  score: 40.2 bits;  conditional E-value: 4.1e-12
      ihelix_seed_hmm   1 deelvalvllLlvAGheTTtnaiswalllLlrh 33 
                          de+++a + +++++Gh+TT++a+sw+l+ L+rh
  sp|P51870|CP4F5_RAT 317 DEDIRAEADTFMFGGHDTTASALSWILYNLARH 349
                          79******************************9 PP

>> sp|P27632|CPXM_BACSH  Cytochrome P450 109 OS=Bacillus spizizenii (strain ATCC 23059 / NRRL B-14472 / W23) OX=655816 G
   #    score  bias  c-Evalue  i-Evalue hmmfrom  hmm to    alifrom  ali to    envfrom  env to     acc
 ---   ------ ----- --------- --------- ------- -------    ------- -------    ------- -------    ----
   1 !   38.3   0.1   1.7e-11   2.9e-08       1      31 [.     228     258 ..     228     260 .. 0.94

  Alignments for each domain:
  == domain 1  score: 38.3 bits;  conditional E-value: 1.7e-11
       ihelix_seed_hmm   1 deelvalvllLlvAGheTTtnaiswalllLl 31 
                           +e+l+++++lLlvAG+eTTtn+i++a+ +L 
  sp|P27632|CPXM_BACSH 228 EEQLIGFCILLLVAGNETTTNLIANAVRYLT 258
                           589**************************96 PP

>> sp|Q9HCS2|CP4FC_HUMAN  Cytochrome P450 4F12 OS=Homo sapiens OX=9606 GN=CYP4F12 PE=1 SV=3
   #    score  bias  c-Evalue  i-Evalue hmmfrom  hmm to    alifrom  ali to    envfrom  env to     acc
 ---   ------ ----- --------- --------- ------- -------    ------- -------    ------- -------    ----
   1 !   38.4   0.0   1.5e-11   2.6e-08       1      33 []     315     347 ..     315     347 .. 0.98

  Alignments for each domain:
  == domain 1  score: 38.4 bits;  conditional E-value: 1.5e-11
        ihelix_seed_hmm   1 deelvalvllLlvAGheTTtnaiswalllLlrh 33 
                            de+++a + +++++Gh+TT++ +sw+l+ L+rh
  sp|Q9HCS2|CP4FC_HUMAN 315 DEDIRAEADTFMFGGHDTTASGLSWVLYNLARH 347
                            79******************************9 PP

>> sp|P98187|CP4F8_HUMAN  Cytochrome P450 4F8 OS=Homo sapiens OX=9606 GN=CYP4F8 PE=1 SV=1
   #    score  bias  c-Evalue  i-Evalue hmmfrom  hmm to    alifrom  ali to    envfrom  env to     acc
 ---   ------ ----- --------- --------- ------- -------    ------- -------    ------- -------    ----
   1 !   38.5   0.0   1.5e-11   2.5e-08       1      33 []     315     347 ..     315     347 .. 0.98

  Alignments for each domain:
  == domain 1  score: 38.5 bits;  conditional E-value: 1.5e-11
        ihelix_seed_hmm   1 deelvalvllLlvAGheTTtnaiswalllLlrh 33 
                            de+++a + +++++Gh+TT++ +sw+l+ L+rh
  sp|P98187|CP4F8_HUMAN 315 DEDIRAEADTFMFGGHDTTASGLSWVLYNLARH 347
                            79******************************9 PP

>> sp|P14779|CPXB_PRIM2  Bifunctional cytochrome P450/NADPH--P450 reductase OS=Priestia megaterium (strain ATCC 14581 / 
   #    score  bias  c-Evalue  i-Evalue hmmfrom  hmm to    alifrom  ali to    envfrom  env to     acc
 ---   ------ ----- --------- --------- ------- -------    ------- -------    ------- -------    ----
   1 !   38.6   0.1   1.3e-11   2.3e-08       1      33 []     252     284 ..     252     284 .. 0.97

  Alignments for each domain:
  == domain 1  score: 38.6 bits;  conditional E-value: 1.3e-11
       ihelix_seed_hmm   1 deelvalvllLlvAGheTTtnaiswalllLlrh 33 
                           de+++++++++l+AGheTT+ ++s+al++L+++
  sp|P14779|CPXB_PRIM2 252 DENIRYQIITFLIAGHETTSGLLSFALYFLVKN 284
                           79****************************997 PP

>> sp|P51871|CP4F6_RAT  Cytochrome P450 4F6 OS=Rattus norvegicus OX=10116 GN=Cyp4f6 PE=2 SV=1
   #    score  bias  c-Evalue  i-Evalue hmmfrom  hmm to    alifrom  ali to    envfrom  env to     acc
 ---   ------ ----- --------- --------- ------- -------    ------- -------    ------- -------    ----
   1 !   37.5   0.1   3.1e-11   5.2e-08       3      33 .]     317     347 ..     315     347 .. 0.96

  Alignments for each domain:
  == domain 1  score: 37.5 bits;  conditional E-value: 3.1e-11
      ihelix_seed_hmm   3 elvalvllLlvAGheTTtnaiswalllLlrh 33 
                          +++a + +++++Gh+TT++a+sw+l+ L+rh
  sp|P51871|CP4F6_RAT 317 DIRAEADTFMFGGHDTTASALSWILYNLARH 347
                          799***************************9 PP

>> sp|O34374|YJIB_BACSU  Putative cytochrome P450 YjiB OS=Bacillus subtilis (strain 168) OX=224308 GN=yjiB PE=1 SV=1
   #    score  bias  c-Evalue  i-Evalue hmmfrom  hmm to    alifrom  ali to    envfrom  env to     acc
 ---   ------ ----- --------- --------- ------- -------    ------- -------    ------- -------    ----
   1 !   37.5   0.3     3e-11   5.1e-08       2      31 ..     227     256 ..     226     258 .. 0.94

  Alignments for each domain:
  == domain 1  score: 37.5 bits;  conditional E-value: 3e-11
       ihelix_seed_hmm   2 eelvalvllLlvAGheTTtnaiswalllLl 31 
                           eel+ +++lLlvAG+eTTtn+is+a++  l
  sp|O34374|YJIB_BACSU 227 EELIPFCTLLLVAGNETTTNLISNAMYSIL 256
                           89*************************887 PP

>> sp|G9MLG2|CYPP1_HYPVG  Self-sufficient cytochrome P450 monooxygenase CYP505P1 OS=Hypocrea virens (strain Gv29-8 / FGS
   #    score  bias  c-Evalue  i-Evalue hmmfrom  hmm to    alifrom  ali to    envfrom  env to     acc
 ---   ------ ----- --------- --------- ------- -------    ------- -------    ------- -------    ----
   1 !   37.6   0.5   2.7e-11   4.6e-08       1      33 []     260     292 ..     260     292 .. 0.96

  Alignments for each domain:
  == domain 1  score: 37.6 bits;  conditional E-value: 2.7e-11
        ihelix_seed_hmm   1 deelvalvllLlvAGheTTtnaiswalllLlrh 33 
                            d+ +++++l++l+AGheTT+ ++s+a+++Ll +
  sp|G9MLG2|CYPP1_HYPVG 260 DDSIIDNMLTFLIAGHETTSGLLSFAMYYLLAN 292
                            789***************************987 PP

>> sp|Q81BF4|C102_BACCR  Bifunctional cytochrome P450/NADPH--P450 reductase OS=Bacillus cereus (strain ATCC 14579 / DSM 
   #    score  bias  c-Evalue  i-Evalue hmmfrom  hmm to    alifrom  ali to    envfrom  env to     acc
 ---   ------ ----- --------- --------- ------- -------    ------- -------    ------- -------    ----
   1 !   37.8   0.1   2.4e-11     4e-08       1      33 []     255     287 ..     255     287 .. 0.98

  Alignments for each domain:
  == domain 1  score: 37.8 bits;  conditional E-value: 2.4e-11
       ihelix_seed_hmm   1 deelvalvllLlvAGheTTtnaiswalllLlrh 33 
                           de+++ +++++l+AGheTT+ ++s+a+++Ll++
  sp|Q81BF4|C102_BACCR 255 DENIRFQIITFLIAGHETTSGLLSFAIYFLLKN 287
                           79*****************************98 PP

>> sp|O87605|PIKC_STRVZ  Cytochrome P450 monooxygenase PikC OS=Streptomyces venezuelae OX=54571 GN=pikC PE=1 SV=1
   #    score  bias  c-Evalue  i-Evalue hmmfrom  hmm to    alifrom  ali to    envfrom  env to     acc
 ---   ------ ----- --------- --------- ------- -------    ------- -------    ------- -------    ----
   1 !   37.4   1.8   3.3e-11   5.6e-08       2      33 .]     231     262 ..     230     262 .. 0.97

  Alignments for each domain:
  == domain 1  score: 37.4 bits;  conditional E-value: 3.3e-11
       ihelix_seed_hmm   2 eelvalvllLlvAGheTTtnaiswalllLlrh 33 
                           eel++++  LlvAGheTT+n+i++++++Ll+h
  sp|O87605|PIKC_STRVZ 231 EELLGMAHILLVAGHETTVNLIANGMYALLSH 262
                           89****************************98 PP

>> sp|Q3MID2|CP4F3_RAT  Cytochrome P450 4F3 OS=Rattus norvegicus OX=10116 GN=Cyp4f3 PE=2 SV=1
   #    score  bias  c-Evalue  i-Evalue hmmfrom  hmm to    alifrom  ali to    envfrom  env to     acc
 ---   ------ ----- --------- --------- ------- -------    ------- -------    ------- -------    ----
   1 !   36.9   0.0   4.6e-11   7.7e-08       1      33 []     315     347 ..     315     347 .. 0.98

  Alignments for each domain:
  == domain 1  score: 36.9 bits;  conditional E-value: 4.6e-11
      ihelix_seed_hmm   1 deelvalvllLlvAGheTTtnaiswalllLlrh 33 
                          de+++a + +++++Gh+TT++ +sw+l+ L++h
  sp|Q3MID2|CP4F3_RAT 315 DEDIRAEADTFMFGGHDTTASGLSWILYNLAKH 347
                          79*****************************99 PP

>> sp|O08469|CPXY_BACSU  Cytochrome P450 OS=Bacillus subtilis (strain 168) OX=224308 GN=cypA PE=3 SV=1
   #    score  bias  c-Evalue  i-Evalue hmmfrom  hmm to    alifrom  ali to    envfrom  env to     acc
 ---   ------ ----- --------- --------- ------- -------    ------- -------    ------- -------    ----
   1 !   37.4   1.2   3.3e-11   5.5e-08       2      31 ..     236     265 ..     235     267 .. 0.95

  Alignments for each domain:
  == domain 1  score: 37.4 bits;  conditional E-value: 3.3e-11
       ihelix_seed_hmm   2 eelvalvllLlvAGheTTtnaiswalllLl 31 
                           eel ++++lL+vAGheTT+n+i++++++L 
  sp|O08469|CPXY_BACSU 236 EELYSMIMLLIVAGHETTVNLITNMTYALM 265
                           9**************************995 PP

>> sp|P10632|CP2C8_HUMAN  Cytochrome P450 2C8 OS=Homo sapiens OX=9606 GN=CYP2C8 PE=1 SV=2
   #    score  bias  c-Evalue  i-Evalue hmmfrom  hmm to    alifrom  ali to    envfrom  env to     acc
 ---   ------ ----- --------- --------- ------- -------    ------- -------    ------- -------    ----
   1 !   37.2   1.3   3.6e-11   6.2e-08       2      33 .]     285     316 ..     284     316 .. 0.98

  Alignments for each domain:
  == domain 1  score: 37.2 bits;  conditional E-value: 3.6e-11
        ihelix_seed_hmm   2 eelvalvllLlvAGheTTtnaiswalllLlrh 33 
                            e+lv++v +L+vAG+eTT+++++++lllLl+h
  sp|P10632|CP2C8_HUMAN 285 ENLVGTVADLFVAGTETTSTTLRYGLLLLLKH 316
                            79****************************99 PP

>> sp|Q99N16|CP4F3_MOUSE  Cytochrome P450 4F3 OS=Mus musculus OX=10090 GN=Cyp4f3 PE=1 SV=2
   #    score  bias  c-Evalue  i-Evalue hmmfrom  hmm to    alifrom  ali to    envfrom  env to     acc
 ---   ------ ----- --------- --------- ------- -------    ------- -------    ------- -------    ----
   1 !   38.2   0.0   1.7e-11     3e-08       1      33 []     315     347 ..     315     347 .. 0.98

  Alignments for each domain:
  == domain 1  score: 38.2 bits;  conditional E-value: 1.7e-11
        ihelix_seed_hmm   1 deelvalvllLlvAGheTTtnaiswalllLlrh 33 
                            de+++a + +++++Gh+TT++ +sw+l+ L+rh
  sp|Q99N16|CP4F3_MOUSE 315 DEDIRAEADTFMFGGHDTTASGLSWILYNLARH 347
                            79******************************9 PP

>> sp|P33262|CP2CK_MACFA  Cytochrome P450 2C20 OS=Macaca fascicularis OX=9541 GN=CYP2C20 PE=2 SV=1
   #    score  bias  c-Evalue  i-Evalue hmmfrom  hmm to    alifrom  ali to    envfrom  env to     acc
 ---   ------ ----- --------- --------- ------- -------    ------- -------    ------- -------    ----
   1 !   37.2   1.3   3.6e-11   6.2e-08       2      33 .]     285     316 ..     284     316 .. 0.98

  Alignments for each domain:
  == domain 1  score: 37.2 bits;  conditional E-value: 3.6e-11
        ihelix_seed_hmm   2 eelvalvllLlvAGheTTtnaiswalllLlrh 33 
                            e+lv++v +L+vAG+eTT+++++++lllLl+h
  sp|P33262|CP2CK_MACFA 285 ENLVGTVADLFVAGTETTSTTLRYGLLLLLKH 316
                            79****************************99 PP

>> sp|I7ZK32|CYPC3_ASPO3  Self-sufficient cytochrome P450 monooxygenase CYP505C3 OS=Aspergillus oryzae (strain 3.042) OX
   #    score  bias  c-Evalue  i-Evalue hmmfrom  hmm to    alifrom  ali to    envfrom  env to     acc
 ---   ------ ----- --------- --------- ------- -------    ------- -------    ------- -------    ----
   1 !   36.6   0.9   5.8e-11   9.9e-08       1      32 [.     261     292 ..     261     293 .. 0.96

  Alignments for each domain:
  == domain 1  score: 36.6 bits;  conditional E-value: 5.8e-11
        ihelix_seed_hmm   1 deelvalvllLlvAGheTTtnaiswalllLlr 32 
                            de +++++l++lvAGheTT+ ++s+a+++Ll+
  sp|I7ZK32|CYPC3_ASPO3 261 DESIIDNILTFLVAGHETTSGLLSFAVYYLLT 292
                            789***************************97 PP

>> sp|O08394|CYPD_BACSU  Bifunctional cytochrome P450/NADPH--P450 reductase 1 OS=Bacillus subtilis (strain 168) OX=22430
   #    score  bias  c-Evalue  i-Evalue hmmfrom  hmm to    alifrom  ali to    envfrom  env to     acc
 ---   ------ ----- --------- --------- ------- -------    ------- -------    ------- -------    ----
   1 !   37.1   0.2   4.2e-11   7.1e-08       1      33 []     254     286 ..     254     286 .. 0.98

  Alignments for each domain:
  == domain 1  score: 37.1 bits;  conditional E-value: 4.2e-11
       ihelix_seed_hmm   1 deelvalvllLlvAGheTTtnaiswalllLlrh 33 
                           de+++ +++++l+AGheTT+ ++s+a+++Ll+h
  sp|O08394|CYPD_BACSU 254 DENIRFQIITFLIAGHETTSGLLSFATYFLLKH 286
                           79*****************************99 PP

>> sp|Q4G0S4|C27C1_HUMAN  Cytochrome P450 27C1 OS=Homo sapiens OX=9606 GN=CYP27C1 PE=1 SV=3
   #    score  bias  c-Evalue  i-Evalue hmmfrom  hmm to    alifrom  ali to    envfrom  env to     acc
 ---   ------ ----- --------- --------- ------- -------    ------- -------    ------- -------    ----
   1 !   36.8   0.9   5.1e-11   8.7e-08       2      33 .]     338     369 ..     337     369 .. 0.97

  Alignments for each domain:
  == domain 1  score: 36.8 bits;  conditional E-value: 5.1e-11
        ihelix_seed_hmm   2 eelvalvllLlvAGheTTtnaiswalllLlrh 33 
                            +e+ a+v+++l+AG++TT++++sw+++lL+rh
  sp|Q4G0S4|C27C1_HUMAN 338 QEIYANVTEMLLAGVDTTSFTLSWTVYLLARH 369
                            79*****************************9 PP

>> sp|P63716|C135B_MYCBO  Putative cytochrome P450 135B1 OS=Mycobacterium bovis (strain ATCC BAA-935 / AF2122/97) OX=233
   #    score  bias  c-Evalue  i-Evalue hmmfrom  hmm to    alifrom  ali to    envfrom  env to     acc
 ---   ------ ----- --------- --------- ------- -------    ------- -------    ------- -------    ----
   1 !   36.4   0.2   6.5e-11   1.1e-07       3      33 .]     250     280 ..     248     280 .. 0.96

  Alignments for each domain:
  == domain 1  score: 36.4 bits;  conditional E-value: 6.5e-11
        ihelix_seed_hmm   3 elvalvllLlvAGheTTtnaiswalllLlrh 33 
                            el+++ ++LlvAGh+TT++ +swal  L rh
  sp|P63716|C135B_MYCBO 250 ELRDQLITLLVAGHDTTATGLSWALERLTRH 280
                            99***************************99 PP

>> sp|P9WPM8|C135B_MYCTO  Putative cytochrome P450 135B1 OS=Mycobacterium tuberculosis (strain CDC 1551 / Oshkosh) OX=83
   #    score  bias  c-Evalue  i-Evalue hmmfrom  hmm to    alifrom  ali to    envfrom  env to     acc
 ---   ------ ----- --------- --------- ------- -------    ------- -------    ------- -------    ----
   1 !   36.4   0.2   6.5e-11   1.1e-07       3      33 .]     250     280 ..     248     280 .. 0.96

  Alignments for each domain:
  == domain 1  score: 36.4 bits;  conditional E-value: 6.5e-11
        ihelix_seed_hmm   3 elvalvllLlvAGheTTtnaiswalllLlrh 33 
                            el+++ ++LlvAGh+TT++ +swal  L rh
  sp|P9WPM8|C135B_MYCTO 250 ELRDQLITLLVAGHDTTATGLSWALERLTRH 280
                            99***************************99 PP

>> sp|P9WPM9|C135B_MYCTU  Putative cytochrome P450 135B1 OS=Mycobacterium tuberculosis (strain ATCC 25618 / H37Rv) OX=83
   #    score  bias  c-Evalue  i-Evalue hmmfrom  hmm to    alifrom  ali to    envfrom  env to     acc
 ---   ------ ----- --------- --------- ------- -------    ------- -------    ------- -------    ----
   1 !   36.4   0.2   6.5e-11   1.1e-07       3      33 .]     250     280 ..     248     280 .. 0.96

  Alignments for each domain:
  == domain 1  score: 36.4 bits;  conditional E-value: 6.5e-11
        ihelix_seed_hmm   3 elvalvllLlvAGheTTtnaiswalllLlrh 33 
                            el+++ ++LlvAGh+TT++ +swal  L rh
  sp|P9WPM9|C135B_MYCTU 250 ELRDQLITLLVAGHDTTATGLSWALERLTRH 280
                            99***************************99 PP

>> sp|Q9Y8G7|C505_FUSOX  Bifunctional cytochrome P450/NADPH--P450 reductase OS=Fusarium oxysporum OX=5507 GN=CYP505 PE=1
   #    score  bias  c-Evalue  i-Evalue hmmfrom  hmm to    alifrom  ali to    envfrom  env to     acc
 ---   ------ ----- --------- --------- ------- -------    ------- -------    ------- -------    ----
   1 !   37.6   0.3   2.7e-11   4.7e-08       1      33 []     253     285 ..     253     285 .. 0.98

  Alignments for each domain:
  == domain 1  score: 37.6 bits;  conditional E-value: 2.7e-11
       ihelix_seed_hmm   1 deelvalvllLlvAGheTTtnaiswalllLlrh 33 
                           de+++++ +++l+AGheTT+ ++s+a++ Ll++
  sp|Q9Y8G7|C505_FUSOX 253 DENITNQLITFLIAGHETTSGTLSFAMYQLLKN 285
                           79*****************************98 PP

>> sp|O35132|CP27B_RAT  25-hydroxyvitamin D-1 alpha hydroxylase, mitochondrial OS=Rattus norvegicus OX=10116 GN=Cyp27b1 
   #    score  bias  c-Evalue  i-Evalue hmmfrom  hmm to    alifrom  ali to    envfrom  env to     acc
 ---   ------ ----- --------- --------- ------- -------    ------- -------    ------- -------    ----
   1 !   36.6   0.2   5.9e-11     1e-07       3      33 .]     299     329 ..     297     329 .. 0.96

  Alignments for each domain:
  == domain 1  score: 36.6 bits;  conditional E-value: 5.9e-11
      ihelix_seed_hmm   3 elvalvllLlvAGheTTtnaiswalllLlrh 33 
                           +v++v++Ll+AG++T++n++swal++L+rh
  sp|O35132|CP27B_RAT 299 SIVGNVTELLLAGVDTVSNTLSWALYELSRH 329
                          699***************************9 PP

>> sp|R0IGL9|CYPU2_EXST2  Self-sufficient cytochrome P450 monooxygenase CYP505U2 OS=Exserohilum turcicum (strain 28A) OX
   #    score  bias  c-Evalue  i-Evalue hmmfrom  hmm to    alifrom  ali to    envfrom  env to     acc
 ---   ------ ----- --------- --------- ------- -------    ------- -------    ------- -------    ----
   1 !   36.1   0.1   8.5e-11   1.4e-07       1      33 []     257     289 ..     257     289 .. 0.95

  Alignments for each domain:
  == domain 1  score: 36.1 bits;  conditional E-value: 8.5e-11
        ihelix_seed_hmm   1 deelvalvllLlvAGheTTtnaiswalllLlrh 33 
                            d+ ++++++++lvAGheTT+ ++s+a++++l++
  sp|R0IGL9|CYPU2_EXST2 257 DSSIIDNMITFLVAGHETTSGLLSFAFYYMLKN 289
                            5779***************************98 PP

>> sp|P56590|CP1A1_CANLF  Cytochrome P450 1A1 OS=Canis lupus familiaris OX=9615 GN=CYP1A1 PE=2 SV=1
   #    score  bias  c-Evalue  i-Evalue hmmfrom  hmm to    alifrom  ali to    envfrom  env to     acc
 ---   ------ ----- --------- --------- ------- -------    ------- -------    ------- -------    ----
   1 !   36.0   0.2     9e-11   1.5e-07       1      33 []     308     340 ..     308     340 .. 0.97

  Alignments for each domain:
  == domain 1  score: 36.0 bits;  conditional E-value: 9e-11
        ihelix_seed_hmm   1 deelvalvllLlvAGheTTtnaiswalllLlrh 33 
                            de +v+ vl+L+ AG +T+t+aisw+ll+L+++
  sp|P56590|CP1A1_CANLF 308 DEKIVNVVLDLFGAGFDTVTTAISWSLLYLVTN 340
                            789****************************98 PP

>> sp|A8WGA0|C27C1_DANRE  Cytochrome P450 27C1 OS=Danio rerio OX=7955 GN=cyp27c1 PE=1 SV=2
   #    score  bias  c-Evalue  i-Evalue hmmfrom  hmm to    alifrom  ali to    envfrom  env to     acc
 ---   ------ ----- --------- --------- ------- -------    ------- -------    ------- -------    ----
   1 !   35.9   1.2   9.9e-11   1.7e-07       2      33 .]     337     368 ..     336     368 .. 0.98

  Alignments for each domain:
  == domain 1  score: 35.9 bits;  conditional E-value: 9.9e-11
        ihelix_seed_hmm   2 eelvalvllLlvAGheTTtnaiswalllLlrh 33 
                            ee+ a+++++l+AG++TT++++sw+++lL+rh
  sp|A8WGA0|C27C1_DANRE 337 EEIYANMTEMLLAGVDTTSFTLSWSTYLLARH 368
                            8******************************9 PP

>> sp|Q825I8|CYP28_STRAW  Pentalenic acid synthase OS=Streptomyces avermitilis (strain ATCC 31267 / DSM 46492 / JCM 5070
   #    score  bias  c-Evalue  i-Evalue hmmfrom  hmm to    alifrom  ali to    envfrom  env to     acc
 ---   ------ ----- --------- --------- ------- -------    ------- -------    ------- -------    ----
   1 !   36.1   4.7   8.2e-11   1.4e-07       3      33 .]     230     260 ..     229     260 .. 0.98

  Alignments for each domain:
  == domain 1  score: 36.1 bits;  conditional E-value: 8.2e-11
        ihelix_seed_hmm   3 elvalvllLlvAGheTTtnaiswalllLlrh 33 
                            elv+l++lLl+AGheTT+n+is ++++Llrh
  sp|Q825I8|CYP28_STRAW 230 ELVSLATLLLIAGHETTANMISLGTFTLLRH 260
                            89****************************9 PP

>> sp|P78329|CP4F2_HUMAN  Cytochrome P450 4F2 OS=Homo sapiens OX=9606 GN=CYP4F2 PE=1 SV=1
   #    score  bias  c-Evalue  i-Evalue hmmfrom  hmm to    alifrom  ali to    envfrom  env to     acc
 ---   ------ ----- --------- --------- ------- -------    ------- -------    ------- -------    ----
   1 !   35.6   0.0   1.2e-10     2e-07       1      33 []     315     347 ..     315     347 .. 0.98

  Alignments for each domain:
  == domain 1  score: 35.6 bits;  conditional E-value: 1.2e-10
        ihelix_seed_hmm   1 deelvalvllLlvAGheTTtnaiswalllLlrh 33 
                            de+++a + ++++ Gh+TT++ +sw+l++L++h
  sp|P78329|CP4F2_HUMAN 315 DEDIRAEADTFMFEGHDTTASGLSWVLYHLAKH 347
                            79*****************************99 PP

>> sp|A0A0C3HJL3|CYAG1_OIDMZ  Self-sufficient cytochrome P450 monooxygenase CYP505AG1 OS=Oidiodendron maius (strain Zn) 
   #    score  bias  c-Evalue  i-Evalue hmmfrom  hmm to    alifrom  ali to    envfrom  env to     acc
 ---   ------ ----- --------- --------- ------- -------    ------- -------    ------- -------    ----
   1 !   35.3   0.6   1.5e-10   2.5e-07       1      33 []     258     290 ..     258     290 .. 0.97

  Alignments for each domain:
  == domain 1  score: 35.3 bits;  conditional E-value: 1.5e-10
            ihelix_seed_hmm   1 deelvalvllLlvAGheTTtnaiswalllLlrh 33 
                                de ++++ +++lvAGheTT+ a+s+++++Ll++
  sp|A0A0C3HJL3|CYAG1_OIDMZ 258 DESIINNLITFLVAGHETTSGALSFVFYYLLTN 290
                                789****************************98 PP

>> sp|Q9EP75|CP4FE_MOUSE  Leukotriene-B4 omega-hydroxylase 3 OS=Mus musculus OX=10090 GN=Cyp4f14 PE=1 SV=1
   #    score  bias  c-Evalue  i-Evalue hmmfrom  hmm to    alifrom  ali to    envfrom  env to     acc
 ---   ------ ----- --------- --------- ------- -------    ------- -------    ------- -------    ----
   1 !   35.5   0.0   1.3e-10   2.1e-07       1      33 []     315     347 ..     315     347 .. 0.98

  Alignments for each domain:
  == domain 1  score: 35.5 bits;  conditional E-value: 1.3e-10
        ihelix_seed_hmm   1 deelvalvllLlvAGheTTtnaiswalllLlrh 33 
                            de+++a + ++++ Gh+TT++ +sw+l+ L+rh
  sp|Q9EP75|CP4FE_MOUSE 315 DEDIRAEADTFMFEGHDTTASGLSWILYNLARH 347
                            79******************************9 PP

>> sp|W7LC91|FUM15_GIBM7  Cytochrome P450 monooxygenase FUM15 OS=Gibberella moniliformis (strain M3125 / FGSC 7600) OX=3
   #    score  bias  c-Evalue  i-Evalue hmmfrom  hmm to    alifrom  ali to    envfrom  env to     acc
 ---   ------ ----- --------- --------- ------- -------    ------- -------    ------- -------    ----
   1 !   35.7   0.3   1.1e-10   1.9e-07       1      30 [.     339     368 ..     339     370 .. 0.96

  Alignments for each domain:
  == domain 1  score: 35.7 bits;  conditional E-value: 1.1e-10
        ihelix_seed_hmm   1 deelvalvllLlvAGheTTtnaiswalllL 30 
                            de+l+++ +++l+AGheTT++a++wa++ L
  sp|W7LC91|FUM15_GIBM7 339 DEQLIDQLMTFLAAGHETTATALTWAIYIL 368
                            799************************987 PP

>> sp|P20817|CP4AE_RAT  Cytochrome P450 4A14 OS=Rattus norvegicus OX=10116 GN=Cyp4a14 PE=1 SV=2
   #    score  bias  c-Evalue  i-Evalue hmmfrom  hmm to    alifrom  ali to    envfrom  env to     acc
 ---   ------ ----- --------- --------- ------- -------    ------- -------    ------- -------    ----
   1 !   35.6   0.1   1.2e-10     2e-07       1      33 []     305     337 ..     305     337 .. 0.98

  Alignments for each domain:
  == domain 1  score: 35.6 bits;  conditional E-value: 1.2e-10
      ihelix_seed_hmm   1 deelvalvllLlvAGheTTtnaiswalllLlrh 33 
                          de+l+a v ++++ Gh+TT++ isw++++L++h
  sp|P20817|CP4AE_RAT 305 DEDLRAEVDTFMFEGHDTTASGISWVFYALATH 337
                          79******************************9 PP

>> sp|Q08477|CP4F3_HUMAN  Cytochrome P450 4F3 OS=Homo sapiens OX=9606 GN=CYP4F3 PE=1 SV=2
   #    score  bias  c-Evalue  i-Evalue hmmfrom  hmm to    alifrom  ali to    envfrom  env to     acc
 ---   ------ ----- --------- --------- ------- -------    ------- -------    ------- -------    ----
   1 !   35.6   0.0   1.2e-10     2e-07       1      33 []     315     347 ..     315     347 .. 0.98

  Alignments for each domain:
  == domain 1  score: 35.6 bits;  conditional E-value: 1.2e-10
        ihelix_seed_hmm   1 deelvalvllLlvAGheTTtnaiswalllLlrh 33 
                            de+++a + ++++ Gh+TT++ +sw+l++L++h
  sp|Q08477|CP4F3_HUMAN 315 DEDIRAEADTFMFEGHDTTASGLSWVLYHLAKH 347
                            79*****************************99 PP

>> sp|O15528|CP27B_HUMAN  25-hydroxyvitamin D-1 alpha hydroxylase, mitochondrial OS=Homo sapiens OX=9606 GN=CYP27B1 PE=1
   #    score  bias  c-Evalue  i-Evalue hmmfrom  hmm to    alifrom  ali to    envfrom  env to     acc
 ---   ------ ----- --------- --------- ------- -------    ------- -------    ------- -------    ----
   1 !   35.8   0.4   1.1e-10   1.8e-07       3      33 .]     306     336 ..     304     336 .. 0.95

  Alignments for each domain:
  == domain 1  score: 35.8 bits;  conditional E-value: 1.1e-10
        ihelix_seed_hmm   3 elvalvllLlvAGheTTtnaiswalllLlrh 33 
                             ++++v++Ll+AG++T++n++swal++L+rh
  sp|O15528|CP27B_HUMAN 306 SILGNVTELLLAGVDTVSNTLSWALYELSRH 336
                            6899**************************9 PP

>> sp|P20816|CP4A2_RAT  Cytochrome P450 4A2 OS=Rattus norvegicus OX=10116 GN=Cyp4a2 PE=1 SV=2
   #    score  bias  c-Evalue  i-Evalue hmmfrom  hmm to    alifrom  ali to    envfrom  env to     acc
 ---   ------ ----- --------- --------- ------- -------    ------- -------    ------- -------    ----
   1 !   35.6   0.1   1.2e-10     2e-07       1      33 []     302     334 ..     302     334 .. 0.98

  Alignments for each domain:
  == domain 1  score: 35.6 bits;  conditional E-value: 1.2e-10
      ihelix_seed_hmm   1 deelvalvllLlvAGheTTtnaiswalllLlrh 33 
                          de+l+a v ++++ Gh+TT++ isw++++L++h
  sp|P20816|CP4A2_RAT 302 DEDLRAEVDTFMFEGHDTTASGISWVFYALATH 334
                          79******************************9 PP

>> sp|O35084|CP27B_MOUSE  25-hydroxyvitamin D-1 alpha hydroxylase, mitochondrial OS=Mus musculus OX=10090 GN=Cyp27b1 PE=
   #    score  bias  c-Evalue  i-Evalue hmmfrom  hmm to    alifrom  ali to    envfrom  env to     acc
 ---   ------ ----- --------- --------- ------- -------    ------- -------    ------- -------    ----
   1 !   35.7   0.2   1.1e-10   1.9e-07       3      33 .]     306     336 ..     304     336 .. 0.96

  Alignments for each domain:
  == domain 1  score: 35.7 bits;  conditional E-value: 1.1e-10
        ihelix_seed_hmm   3 elvalvllLlvAGheTTtnaiswalllLlrh 33 
                             +v++v++Ll+AG++T++n++sw+l++L+rh
  sp|O35084|CP27B_MOUSE 306 SIVGNVTELLLAGVDTVSNTLSWTLYELSRH 336
                            699***************************9 PP

>> sp|P51869|CP4F4_RAT  Cytochrome P450 4F4 OS=Rattus norvegicus OX=10116 GN=Cyp4f4 PE=1 SV=1
   #    score  bias  c-Evalue  i-Evalue hmmfrom  hmm to    alifrom  ali to    envfrom  env to     acc
 ---   ------ ----- --------- --------- ------- -------    ------- -------    ------- -------    ----
   1 !   35.5   0.0   1.3e-10   2.1e-07       1      33 []     315     347 ..     315     347 .. 0.98

  Alignments for each domain:
  == domain 1  score: 35.5 bits;  conditional E-value: 1.3e-10
      ihelix_seed_hmm   1 deelvalvllLlvAGheTTtnaiswalllLlrh 33 
                          de+++a + ++++ Gh+TT++ +sw+l+ L+rh
  sp|P51869|CP4F4_RAT 315 DEDIRAEADTFMFEGHDTTASGLSWILYNLARH 347
                          79******************************9 PP

>> sp|O35728|CP4AE_MOUSE  Cytochrome P450 4A14 OS=Mus musculus OX=10090 GN=Cyp4a14 PE=1 SV=1
   #    score  bias  c-Evalue  i-Evalue hmmfrom  hmm to    alifrom  ali to    envfrom  env to     acc
 ---   ------ ----- --------- --------- ------- -------    ------- -------    ------- -------    ----
   1 !   35.4   0.1   1.4e-10   2.4e-07       1      33 []     305     337 ..     305     337 .. 0.98

  Alignments for each domain:
  == domain 1  score: 35.4 bits;  conditional E-value: 1.4e-10
        ihelix_seed_hmm   1 deelvalvllLlvAGheTTtnaiswalllLlrh 33 
                            de+l+a v ++++ Gh+TT++ isw++++L++h
  sp|O35728|CP4AE_MOUSE 305 DEDLRAEVDTFMFEGHDTTASGISWIFYALATH 337
                            79******************************9 PP

>> sp|Q9ASR3|C7091_ARATH  Cytochrome P450 709B1 OS=Arabidopsis thaliana OX=3702 GN=CYP709B1 PE=2 SV=1
   #    score  bias  c-Evalue  i-Evalue hmmfrom  hmm to    alifrom  ali to    envfrom  env to     acc
 ---   ------ ----- --------- --------- ------- -------    ------- -------    ------- -------    ----
   1 !   35.5   1.0   1.3e-10   2.3e-07       2      33 .]     313     344 ..     312     344 .. 0.97

  Alignments for each domain:
  == domain 1  score: 35.5 bits;  conditional E-value: 1.3e-10
        ihelix_seed_hmm   2 eelvalvllLlvAGheTTtnaiswalllLlrh 33 
                            ee+++ + +++++GheTT+n+++w+++lL+ h
  sp|Q9ASR3|C7091_ARATH 313 EEIIHECRTFFFGGHETTSNLLAWTTMLLSLH 344
                            8****************************987 PP

>> sp|Q6TBX7|LUT1_ARATH  Carotene epsilon-monooxygenase, chloroplastic OS=Arabidopsis thaliana OX=3702 GN=CYP97C1 PE=1 S
   #    score  bias  c-Evalue  i-Evalue hmmfrom  hmm to    alifrom  ali to    envfrom  env to     acc
 ---   ------ ----- --------- --------- ------- -------    ------- -------    ------- -------    ----
   1 !   35.2   0.2   1.6e-10   2.8e-07       3      33 .]     336     366 ..     334     366 .. 0.94

  Alignments for each domain:
  == domain 1  score: 35.2 bits;  conditional E-value: 1.6e-10
       ihelix_seed_hmm   3 elvalvllLlvAGheTTtnaiswalllLlrh 33 
                           +l++  l++lvAGheTT+++++w+l+lL+++
  sp|Q6TBX7|LUT1_ARATH 336 QLRDDLLSMLVAGHETTGSVLTWTLYLLSKN 366
                           588999**********************998 PP

>> sp|Q02928|CP4AB_HUMAN  Cytochrome P450 4A11 OS=Homo sapiens OX=9606 GN=CYP4A11 PE=1 SV=1
   #    score  bias  c-Evalue  i-Evalue hmmfrom  hmm to    alifrom  ali to    envfrom  env to     acc
 ---   ------ ----- --------- --------- ------- -------    ------- -------    ------- -------    ----
   1 !   34.8   0.1   2.1e-10   3.5e-07       1      33 []     308     340 ..     308     340 .. 0.97

  Alignments for each domain:
  == domain 1  score: 34.8 bits;  conditional E-value: 2.1e-10
        ihelix_seed_hmm   1 deelvalvllLlvAGheTTtnaiswalllLlrh 33 
                            d++l+a v ++++ Gh+TT++ isw+l++L++h
  sp|Q02928|CP4AB_HUMAN 308 DKDLRAEVDTFMFEGHDTTASGISWILYALATH 340
                            789*****************************9 PP

>> sp|A2QLV1|CYPE1_ASPNC  Self-sufficient cytochrome P450 monooxygenase CYP505E1 OS=Aspergillus niger (strain ATCC MYA-4
   #    score  bias  c-Evalue  i-Evalue hmmfrom  hmm to    alifrom  ali to    envfrom  env to     acc
 ---   ------ ----- --------- --------- ------- -------    ------- -------    ------- -------    ----
   1 !   35.2   0.2   1.6e-10   2.7e-07       1      33 []     282     314 ..     282     314 .. 0.96

  Alignments for each domain:
  == domain 1  score: 35.2 bits;  conditional E-value: 1.6e-10
        ihelix_seed_hmm   1 deelvalvllLlvAGheTTtnaiswalllLlrh 33 
                            de ++++v+++lvAGheTT+ ++s+++++L+ h
  sp|A2QLV1|CYPE1_ASPNC 282 DESIIDNVITFLVAGHETTSGLLSFTFYYLVQH 314
                            789***************************988 PP

>> sp|Q5TCH4|CP4AM_HUMAN  Cytochrome P450 4A22 OS=Homo sapiens OX=9606 GN=CYP4A22 PE=1 SV=1
   #    score  bias  c-Evalue  i-Evalue hmmfrom  hmm to    alifrom  ali to    envfrom  env to     acc
 ---   ------ ----- --------- --------- ------- -------    ------- -------    ------- -------    ----
   1 !   34.8   0.1   2.1e-10   3.5e-07       1      33 []     308     340 ..     308     340 .. 0.97

  Alignments for each domain:
  == domain 1  score: 34.8 bits;  conditional E-value: 2.1e-10
        ihelix_seed_hmm   1 deelvalvllLlvAGheTTtnaiswalllLlrh 33 
                            d++l+a v ++++ Gh+TT++ isw+l++L++h
  sp|Q5TCH4|CP4AM_HUMAN 308 DKDLRAEVDTFMFEGHDTTASGISWILYALATH 340
                            789*****************************9 PP

>> sp|A0A3G9HB50|ALT8_ALTAL  Cytochrome P450 monooxygenase ALT8 OS=Alternaria alternata OX=5599 GN=ALT8 PE=3 SV=1
   #    score  bias  c-Evalue  i-Evalue hmmfrom  hmm to    alifrom  ali to    envfrom  env to     acc
 ---   ------ ----- --------- --------- ------- -------    ------- -------    ------- -------    ----
   1 !   35.1   1.2   1.7e-10   2.9e-07       1      30 [.     348     377 ..     348     380 .. 0.92

  Alignments for each domain:
  == domain 1  score: 35.1 bits;  conditional E-value: 1.7e-10
           ihelix_seed_hmm   1 deelvalvllLlvAGheTTtnaiswalllL 30 
                               de lv++++++l+AGheTT++a++wa++ +
  sp|A0A3G9HB50|ALT8_ALTAL 348 DEALVDQIMTFLAAGHETTATALTWAIYIM 377
                               7889***********************987 PP

>> sp|P26911|CPXH_STRGR  Cytochrome P450-SOY OS=Streptomyces griseus OX=1911 GN=cyp105D1 PE=3 SV=1
   #    score  bias  c-Evalue  i-Evalue hmmfrom  hmm to    alifrom  ali to    envfrom  env to     acc
 ---   ------ ----- --------- --------- ------- -------    ------- -------    ------- -------    ----
   1 !   35.3   2.0   1.5e-10   2.5e-07       2      33 .]     239     270 ..     238     270 .. 0.97

  Alignments for each domain:
  == domain 1  score: 35.3 bits;  conditional E-value: 1.5e-10
       ihelix_seed_hmm   2 eelvalvllLlvAGheTTtnaiswalllLlrh 33 
                           e+lva+++ Ll+AGheTT+n+is ++++Ll+h
  sp|P26911|CPXH_STRGR 239 EQLVAFAVILLIAGHETTANMISLGTFTLLSH 270
                           799***************************98 PP

>> sp|Q8N1L4|CP4Z2_HUMAN  Putative inactive cytochrome P450 family member 4Z2 OS=Homo sapiens OX=9606 GN=CYP4Z2P PE=5 SV
   #    score  bias  c-Evalue  i-Evalue hmmfrom  hmm to    alifrom  ali to    envfrom  env to     acc
 ---   ------ ----- --------- --------- ------- -------    ------- -------    ------- -------    ----
   1 !   34.8   0.0   2.1e-10   3.6e-07      10      33 .]     310     333 ..     303     333 .. 0.91

  Alignments for each domain:
  == domain 1  score: 34.8 bits;  conditional E-value: 2.1e-10
        ihelix_seed_hmm  10 lLlvAGheTTtnaiswalllLlrh 33 
                            ++++AGh+TTt+aisw++++L+++
  sp|Q8N1L4|CP4Z2_HUMAN 310 TFMFAGHDTTTTAISWIFYCLAKY 333
                            89********************86 PP

>> sp|P14581|CP4A7_RABIT  Cytochrome P450 4A7 OS=Oryctolagus cuniculus OX=9986 GN=CYP4A7 PE=1 SV=1
   #    score  bias  c-Evalue  i-Evalue hmmfrom  hmm to    alifrom  ali to    envfrom  env to     acc
 ---   ------ ----- --------- --------- ------- -------    ------- -------    ------- -------    ----
   1 !   34.5   0.1   2.6e-10   4.5e-07       1      33 []     309     341 ..     309     341 .. 0.97

  Alignments for each domain:
  == domain 1  score: 34.5 bits;  conditional E-value: 2.6e-10
        ihelix_seed_hmm   1 deelvalvllLlvAGheTTtnaiswalllLlrh 33 
                            d++l+a v ++++ Gh+TT++ isw++++L++h
  sp|P14581|CP4A7_RABIT 309 DQDLRAEVDTFMFEGHDTTASGISWIFYALATH 341
                            789*****************************9 PP

>> sp|Q6R7M4|C15A1_DIPPU  Methyl farnesoate epoxidase OS=Diploptera punctata OX=6984 GN=CYP15A1 PE=1 SV=1
   #    score  bias  c-Evalue  i-Evalue hmmfrom  hmm to    alifrom  ali to    envfrom  env to     acc
 ---   ------ ----- --------- --------- ------- -------    ------- -------    ------- -------    ----
   1 !   34.4   0.4   2.9e-10     5e-07       3      32 ..     289     318 ..     287     319 .. 0.93

  Alignments for each domain:
  == domain 1  score: 34.4 bits;  conditional E-value: 2.9e-10
        ihelix_seed_hmm   3 elvalvllLlvAGheTTtnaiswalllLlr 32 
                            +lv+l+l+L++AG eTT+n++++a+l++l 
  sp|Q6R7M4|C15A1_DIPPU 289 QLVSLCLDLFMAGSETTSNTLGFAVLYMLL 318
                            79**************************96 PP

>> sp|P24460|CP2BB_CANLF  Cytochrome P450 2B11 OS=Canis lupus familiaris OX=9615 GN=CYP2B11 PE=2 SV=1
   #    score  bias  c-Evalue  i-Evalue hmmfrom  hmm to    alifrom  ali to    envfrom  env to     acc
 ---   ------ ----- --------- --------- ------- -------    ------- -------    ------- -------    ----
   1 !   34.6   0.7   2.5e-10   4.2e-07       3      33 .]     287     317 ..     285     317 .. 0.94

  Alignments for each domain:
  == domain 1  score: 34.6 bits;  conditional E-value: 2.5e-10
        ihelix_seed_hmm   3 elvalvllLlvAGheTTtnaiswalllLlrh 33 
                            +l++++l+L++AG+eTT++++++++ll+l++
  sp|P24460|CP2BB_CANLF 287 NLIDTALSLFFAGTETTSTTLRYGFLLMLKY 317
                            89**************************986 PP

>> sp|Q9HBI6|CP4FB_HUMAN  Cytochrome P450 4F11 OS=Homo sapiens OX=9606 GN=CYP4F11 PE=1 SV=3
   #    score  bias  c-Evalue  i-Evalue hmmfrom  hmm to    alifrom  ali to    envfrom  env to     acc
 ---   ------ ----- --------- --------- ------- -------    ------- -------    ------- -------    ----
   1 !   35.6   0.0   1.2e-10     2e-07       1      33 []     315     347 ..     315     347 .. 0.98

  Alignments for each domain:
  == domain 1  score: 35.6 bits;  conditional E-value: 1.2e-10
        ihelix_seed_hmm   1 deelvalvllLlvAGheTTtnaiswalllLlrh 33 
                            de+++a + ++++ Gh+TT++ +sw+l++L++h
  sp|Q9HBI6|CP4FB_HUMAN 315 DEDIRAEADTFMFEGHDTTASGLSWVLYHLAKH 347
                            79*****************************99 PP

>> sp|Q8VWZ7|C76B6_CATRO  Geraniol 8-hydroxylase OS=Catharanthus roseus OX=4058 GN=CYP76B6 PE=1 SV=1
   #    score  bias  c-Evalue  i-Evalue hmmfrom  hmm to    alifrom  ali to    envfrom  env to     acc
 ---   ------ ----- --------- --------- ------- -------    ------- -------    ------- -------    ----
   1 !   35.8   0.0   1.1e-10   1.8e-07       3      33 .]     286     316 ..     284     316 .. 0.94

  Alignments for each domain:
  == domain 1  score: 35.8 bits;  conditional E-value: 1.1e-10
        ihelix_seed_hmm   3 elvalvllLlvAGheTTtnaiswalllLlrh 33 
                            ++ +++l+L+vAG++TT++++ wa+ ++l++
  sp|Q8VWZ7|C76B6_CATRO 286 HIERMCLDLFVAGTDTTSSTLEWAMSEMLKN 316
                            6789*************************98 PP

>> sp|Q6GUR1|CP1A1_MACMU  Cytochrome P450 1A1 OS=Macaca mulatta OX=9544 GN=CYP1A1 PE=2 SV=1
   #    score  bias  c-Evalue  i-Evalue hmmfrom  hmm to    alifrom  ali to    envfrom  env to     acc
 ---   ------ ----- --------- --------- ------- -------    ------- -------    ------- -------    ----
   1 !   34.7   0.1   2.4e-10     4e-07       1      33 []     304     336 ..     304     336 .. 0.97

  Alignments for each domain:
  == domain 1  score: 34.7 bits;  conditional E-value: 2.4e-10
        ihelix_seed_hmm   1 deelvalvllLlvAGheTTtnaiswalllLlrh 33 
                            de +v+ vl+L+ AG +T+t+aisw+l++L+++
  sp|Q6GUR1|CP1A1_MACMU 304 DEKIVNVVLDLFGAGFDTVTTAISWSLMYLVTN 336
                            789****************************98 PP

>> sp|P33616|CP1A1_MACFA  Cytochrome P450 1A1 OS=Macaca fascicularis OX=9541 GN=CYP1A1 PE=2 SV=1
   #    score  bias  c-Evalue  i-Evalue hmmfrom  hmm to    alifrom  ali to    envfrom  env to     acc
 ---   ------ ----- --------- --------- ------- -------    ------- -------    ------- -------    ----
   1 !   34.7   0.1   2.4e-10     4e-07       1      33 []     304     336 ..     304     336 .. 0.97

  Alignments for each domain:
  == domain 1  score: 34.7 bits;  conditional E-value: 2.4e-10
        ihelix_seed_hmm   1 deelvalvllLlvAGheTTtnaiswalllLlrh 33 
                            de +v+ vl+L+ AG +T+t+aisw+l++L+++
  sp|P33616|CP1A1_MACFA 304 DEKIVNVVLDLFGAGFDTVTTAISWSLMYLVTN 336
                            789****************************98 PP

>> sp|P04798|CP1A1_HUMAN  Cytochrome P450 1A1 OS=Homo sapiens OX=9606 GN=CYP1A1 PE=1 SV=1
   #    score  bias  c-Evalue  i-Evalue hmmfrom  hmm to    alifrom  ali to    envfrom  env to     acc
 ---   ------ ----- --------- --------- ------- -------    ------- -------    ------- -------    ----
   1 !   35.1   0.1   1.7e-10   2.8e-07       1      33 []     304     336 ..     304     336 .. 0.96

  Alignments for each domain:
  == domain 1  score: 35.1 bits;  conditional E-value: 1.7e-10
        ihelix_seed_hmm   1 deelvalvllLlvAGheTTtnaiswalllLlrh 33 
                            de ++++vl+L+ AG +T+t+aisw+l++L+++
  sp|P04798|CP1A1_HUMAN 304 DEKIINIVLDLFGAGFDTVTTAISWSLMYLVMN 336
                            789***************************987 PP

>> sp|W8JMV1|CYT24_CATRO  Cytochrome P450 76T24 OS=Catharanthus roseus OX=4058 GN=CYP76T24 PE=2 SV=1
   #    score  bias  c-Evalue  i-Evalue hmmfrom  hmm to    alifrom  ali to    envfrom  env to     acc
 ---   ------ ----- --------- --------- ------- -------    ------- -------    ------- -------    ----
   1 !   35.6   1.7   1.2e-10     2e-07       2      33 .]     291     322 ..     290     322 .. 0.97

  Alignments for each domain:
  == domain 1  score: 35.6 bits;  conditional E-value: 1.2e-10
        ihelix_seed_hmm   2 eelvalvllLlvAGheTTtnaiswalllLlrh 33 
                            +el+++ l+L+++G+eTT++++ wa+ +Llr+
  sp|W8JMV1|CYT24_CATRO 291 NELKHMLLDLFLGGTETTSTTLEWAMAELLRN 322
                            79*****************************8 PP

>> sp|P00178|CP2B4_RABIT  Cytochrome P450 2B4 OS=Oryctolagus cuniculus OX=9986 GN=CYP2B4 PE=1 SV=1
   #    score  bias  c-Evalue  i-Evalue hmmfrom  hmm to    alifrom  ali to    envfrom  env to     acc
 ---   ------ ----- --------- --------- ------- -------    ------- -------    ------- -------    ----
   1 !   34.2   1.3   3.4e-10   5.7e-07       1      33 []     285     317 ..     285     317 .. 0.95

  Alignments for each domain:
  == domain 1  score: 34.2 bits;  conditional E-value: 3.4e-10
        ihelix_seed_hmm   1 deelvalvllLlvAGheTTtnaiswalllLlrh 33 
                            +++l+ +vl+L++AG+eTT++++++++ll+l++
  sp|P00178|CP2B4_RABIT 285 HQNLILTVLSLFFAGTETTSTTLRYGFLLMLKY 317
                            689***************************986 PP

>> sp|Q9GLL1|CP4F_SHEEP  Prostaglandin E2 omega-hydroxylase CYP4F21 OS=Ovis aries OX=9940 GN=CYP4F21 PE=1 SV=1
   #    score  bias  c-Evalue  i-Evalue hmmfrom  hmm to    alifrom  ali to    envfrom  env to     acc
 ---   ------ ----- --------- --------- ------- -------    ------- -------    ------- -------    ----
   1 !   34.2   0.0   3.3e-10   5.6e-07       1      33 []     319     351 ..     319     351 .. 0.98

  Alignments for each domain:
  == domain 1  score: 34.2 bits;  conditional E-value: 3.3e-10
       ihelix_seed_hmm   1 deelvalvllLlvAGheTTtnaiswalllLlrh 33 
                           de+++a + ++++ Gh+TT++ +sw+l+ L++h
  sp|Q9GLL1|CP4F_SHEEP 319 DEDIRAEADTFMFEGHDTTASGLSWILYNLAKH 351
                           79*****************************99 PP

>> sp|P9WPN0|C135A_MYCTO  Putative cytochrome P450 135A1 OS=Mycobacterium tuberculosis (strain CDC 1551 / Oshkosh) OX=83
   #    score  bias  c-Evalue  i-Evalue hmmfrom  hmm to    alifrom  ali to    envfrom  env to     acc
 ---   ------ ----- --------- --------- ------- -------    ------- -------    ------- -------    ----
   1 !   34.4   2.0   2.9e-10   4.9e-07       2      31 ..     250     279 ..     249     280 .. 0.94

  Alignments for each domain:
  == domain 1  score: 34.4 bits;  conditional E-value: 2.9e-10
        ihelix_seed_hmm   2 eelvalvllLlvAGheTTtnaiswalllLl 31 
                             el+++ ++Ll+AGheTT+ a+sw+l++L+
  sp|P9WPN0|C135A_MYCTO 250 AELRDQLITLLLAGHETTAAALSWTLWELA 279
                            69***************************8 PP

>> sp|P9WPN1|C135A_MYCTU  Putative cytochrome P450 135A1 OS=Mycobacterium tuberculosis (strain ATCC 25618 / H37Rv) OX=83
   #    score  bias  c-Evalue  i-Evalue hmmfrom  hmm to    alifrom  ali to    envfrom  env to     acc
 ---   ------ ----- --------- --------- ------- -------    ------- -------    ------- -------    ----
   1 !   34.4   2.0   2.9e-10   4.9e-07       2      31 ..     250     279 ..     249     280 .. 0.94

  Alignments for each domain:
  == domain 1  score: 34.4 bits;  conditional E-value: 2.9e-10
        ihelix_seed_hmm   2 eelvalvllLlvAGheTTtnaiswalllLl 31 
                             el+++ ++Ll+AGheTT+ a+sw+l++L+
  sp|P9WPN1|C135A_MYCTU 250 AELRDQLITLLLAGHETTAAALSWTLWELA 279
                            69***************************8 PP

>> sp|P63718|CP138_MYCBO  Putative cytochrome P450 138 OS=Mycobacterium bovis (strain ATCC BAA-935 / AF2122/97) OX=23341
   #    score  bias  c-Evalue  i-Evalue hmmfrom  hmm to    alifrom  ali to    envfrom  env to     acc
 ---   ------ ----- --------- --------- ------- -------    ------- -------    ------- -------    ----
   1 !   34.1   0.1   3.5e-10     6e-07       3      33 .]     255     285 ..     253     285 .. 0.92

  Alignments for each domain:
  == domain 1  score: 34.1 bits;  conditional E-value: 3.5e-10
        ihelix_seed_hmm   3 elvalvllLlvAGheTTtnaiswalllLlrh 33 
                            ++ +  l+Ll+AGheTT+ +++wa+  L+rh
  sp|P63718|CP138_MYCBO 255 DIGDELLTLLAAGHETTAATLGWAFERLSRH 285
                            677789************************9 PP

>> sp|P9WPM2|CP138_MYCTO  Putative cytochrome P450 138 OS=Mycobacterium tuberculosis (strain CDC 1551 / Oshkosh) OX=8333
   #    score  bias  c-Evalue  i-Evalue hmmfrom  hmm to    alifrom  ali to    envfrom  env to     acc
 ---   ------ ----- --------- --------- ------- -------    ------- -------    ------- -------    ----
   1 !   34.1   0.1   3.5e-10     6e-07       3      33 .]     255     285 ..     253     285 .. 0.92

  Alignments for each domain:
  == domain 1  score: 34.1 bits;  conditional E-value: 3.5e-10
        ihelix_seed_hmm   3 elvalvllLlvAGheTTtnaiswalllLlrh 33 
                            ++ +  l+Ll+AGheTT+ +++wa+  L+rh
  sp|P9WPM2|CP138_MYCTO 255 DIGDELLTLLAAGHETTAATLGWAFERLSRH 285
                            677789************************9 PP

>> sp|P9WPM3|CP138_MYCTU  Putative cytochrome P450 138 OS=Mycobacterium tuberculosis (strain ATCC 25618 / H37Rv) OX=8333
   #    score  bias  c-Evalue  i-Evalue hmmfrom  hmm to    alifrom  ali to    envfrom  env to     acc
 ---   ------ ----- --------- --------- ------- -------    ------- -------    ------- -------    ----
   1 !   34.1   0.1   3.5e-10     6e-07       3      33 .]     255     285 ..     253     285 .. 0.92

  Alignments for each domain:
  == domain 1  score: 34.1 bits;  conditional E-value: 3.5e-10
        ihelix_seed_hmm   3 elvalvllLlvAGheTTtnaiswalllLlrh 33 
                            ++ +  l+Ll+AGheTT+ +++wa+  L+rh
  sp|P9WPM3|CP138_MYCTU 255 DIGDELLTLLAAGHETTAATLGWAFERLSRH 285
                            677789************************9 PP

>> sp|P24464|CP4AC_RAT  Cytochrome P450 4A12 OS=Rattus norvegicus OX=10116 GN=Cyp4a12 PE=1 SV=2
   #    score  bias  c-Evalue  i-Evalue hmmfrom  hmm to    alifrom  ali to    envfrom  env to     acc
 ---   ------ ----- --------- --------- ------- -------    ------- -------    ------- -------    ----
   1 !   33.7   0.0   4.8e-10   8.2e-07       1      33 []     306     338 ..     306     338 .. 0.97

  Alignments for each domain:
  == domain 1  score: 33.7 bits;  conditional E-value: 4.8e-10
      ihelix_seed_hmm   1 deelvalvllLlvAGheTTtnaiswalllLlrh 33 
                          d++l+a v ++++ Gh+TT++ isw++++L+++
  sp|P24464|CP4AC_RAT 306 DKDLRAEVDTFMFEGHDTTASGISWIFYALATN 338
                          789****************************98 PP

>> sp|P18326|CPXE_STRGO  Vitamin D3 dihydroxylase OS=Streptomyces griseolus OX=1909 GN=cyp105A1 PE=1 SV=2
   #    score  bias  c-Evalue  i-Evalue hmmfrom  hmm to    alifrom  ali to    envfrom  env to     acc
 ---   ------ ----- --------- --------- ------- -------    ------- -------    ------- -------    ----
   1 !   34.1   2.2   3.7e-10   6.2e-07       2      33 .]     232     263 ..     231     263 .. 0.95

  Alignments for each domain:
  == domain 1  score: 34.1 bits;  conditional E-value: 3.7e-10
       ihelix_seed_hmm   2 eelvalvllLlvAGheTTtnaiswalllLlrh 33 
                           eel+++++lLl+AGheTT++++s ++++Ll h
  sp|P18326|CPXE_STRGO 232 EELISTAMLLLIAGHETTASMTSLSVITLLDH 263
                           8****************************965 PP

>> sp|G7XMT1|CYPE5_ASPKW  Self-sufficient cytochrome P450 monooxygenase CYP505E5 OS=Aspergillus kawachii (strain NBRC 43
   #    score  bias  c-Evalue  i-Evalue hmmfrom  hmm to    alifrom  ali to    envfrom  env to     acc
 ---   ------ ----- --------- --------- ------- -------    ------- -------    ------- -------    ----
   1 !   34.1   0.2   3.7e-10   6.3e-07       1      33 []     254     286 ..     254     286 .. 0.96

  Alignments for each domain:
  == domain 1  score: 34.1 bits;  conditional E-value: 3.7e-10
        ihelix_seed_hmm   1 deelvalvllLlvAGheTTtnaiswalllLlrh 33 
                            d+ ++++v+++l+AGheTT+ ++s+++++L+ h
  sp|G7XMT1|CYPE5_ASPKW 254 DDSIIDNVITFLIAGHETTSGLLSFTFYFLIQH 286
                            789***************************987 PP

>> sp|Q86W10|CP4Z1_HUMAN  Cytochrome P450 4Z1 OS=Homo sapiens OX=9606 GN=CYP4Z1 PE=1 SV=1
   #    score  bias  c-Evalue  i-Evalue hmmfrom  hmm to    alifrom  ali to    envfrom  env to     acc
 ---   ------ ----- --------- --------- ------- -------    ------- -------    ------- -------    ----
   1 !   33.9   0.0   4.3e-10   7.3e-07      10      33 .]     310     333 ..     303     333 .. 0.91

  Alignments for each domain:
  == domain 1  score: 33.9 bits;  conditional E-value: 4.3e-10
        ihelix_seed_hmm  10 lLlvAGheTTtnaiswalllLlrh 33 
                            ++++AGh+TT++aisw+l++L+++
  sp|Q86W10|CP4Z1_HUMAN 310 TFMFAGHDTTSSAISWILYCLAKY 333
                            89********************86 PP

>> sp|A0A100IM63|CYPE5_ASPNG  Self-sufficient cytochrome P450 monooxygenase CYP505E5 OS=Aspergillus niger OX=5061 GN=CYP
   #    score  bias  c-Evalue  i-Evalue hmmfrom  hmm to    alifrom  ali to    envfrom  env to     acc
 ---   ------ ----- --------- --------- ------- -------    ------- -------    ------- -------    ----
   1 !   34.1   0.2   3.7e-10   6.3e-07       1      33 []     254     286 ..     254     286 .. 0.96

  Alignments for each domain:
  == domain 1  score: 34.1 bits;  conditional E-value: 3.7e-10
            ihelix_seed_hmm   1 deelvalvllLlvAGheTTtnaiswalllLlrh 33 
                                d+ ++++v+++l+AGheTT+ ++s+++++L+ h
  sp|A0A100IM63|CYPE5_ASPNG 254 DDSIIDNVITFLIAGHETTSGLLSFTFYFLIQH 286
                                789***************************987 PP

>> sp|Q5IZM4|CP51_MYCVP  Sterol 14alpha-demethylase OS=Mycolicibacterium vanbaalenii (strain DSM 7251 / JCM 13017 / BCRC
   #    score  bias  c-Evalue  i-Evalue hmmfrom  hmm to    alifrom  ali to    envfrom  env to     acc
 ---   ------ ----- --------- --------- ------- -------    ------- -------    ------- -------    ----
   1 !   35.1   1.4   1.8e-10     3e-07       2      33 .]     245     276 ..     244     276 .. 0.97

  Alignments for each domain:
  == domain 1  score: 35.1 bits;  conditional E-value: 1.8e-10
       ihelix_seed_hmm   2 eelvalvllLlvAGheTTtnaiswalllLlrh 33 
                           +e+++++++L++AGh+T++ ++sw+l++Llrh
  sp|Q5IZM4|CP51_MYCVP 245 NEITGMFISLMFAGHHTSSGTSSWTLIELLRH 276
                           79*****************************9 PP

>> sp|O48921|C97B2_SOYBN  Cytochrome P450 97B2, chloroplastic OS=Glycine max OX=3847 GN=CYP97B2 PE=2 SV=1
   #    score  bias  c-Evalue  i-Evalue hmmfrom  hmm to    alifrom  ali to    envfrom  env to     acc
 ---   ------ ----- --------- --------- ------- -------    ------- -------    ------- -------    ----
   1 !   33.5   0.4   5.6e-10   9.5e-07       2      33 .]     341     372 ..     340     372 .. 0.93

  Alignments for each domain:
  == domain 1  score: 33.5 bits;  conditional E-value: 5.6e-10
        ihelix_seed_hmm   2 eelvalvllLlvAGheTTtnaiswalllLlrh 33 
                             +l++  +++l+AGheTT+ +++wa++lL+ +
  sp|O48921|C97B2_SOYBN 341 RQLRDDLMTMLIAGHETTAAVLTWAVFLLAQN 372
                            579999***********************987 PP

>> sp|P0DOX0|C27C1_AQUCT  Cytochrome P450 27C1 OS=Aquarana catesbeiana OX=8400 GN=cyp27c1 PE=1 SV=1
   #    score  bias  c-Evalue  i-Evalue hmmfrom  hmm to    alifrom  ali to    envfrom  env to     acc
 ---   ------ ----- --------- --------- ------- -------    ------- -------    ------- -------    ----
   1 !   34.0   1.3     4e-10   6.7e-07       2      33 .]     333     364 ..     332     364 .. 0.97

  Alignments for each domain:
  == domain 1  score: 34.0 bits;  conditional E-value: 4e-10
        ihelix_seed_hmm   2 eelvalvllLlvAGheTTtnaiswalllLlrh 33 
                            eel a+++++l+AG++TT++++swa++lL+++
  sp|P0DOX0|C27C1_AQUCT 333 EELYANMTEMLLAGVDTTSFTLSWATYLLAKN 364
                            8*****************************98 PP

>> sp|D1MI46|C76BA_SWEMU  Geraniol 8-hydroxylase OS=Swertia mussotii OX=137888 GN=CYP76B10 PE=1 SV=1
   #    score  bias  c-Evalue  i-Evalue hmmfrom  hmm to    alifrom  ali to    envfrom  env to     acc
 ---   ------ ----- --------- --------- ------- -------    ------- -------    ------- -------    ----
   1 !   34.9   0.1     2e-10   3.3e-07       4      33 .]     289     318 ..     287     318 .. 0.93

  Alignments for each domain:
  == domain 1  score: 34.9 bits;  conditional E-value: 2e-10
        ihelix_seed_hmm   4 lvalvllLlvAGheTTtnaiswalllLlrh 33 
                            + +++l+L+vAG++TT++++ wa+ ++l++
  sp|D1MI46|C76BA_SWEMU 289 IQRMCLDLFVAGTDTTSSTLEWAMSEMLKN 318
                            6689************************98 PP

>> sp|A2A974|CP4CB_MOUSE  Cytochrome P450 4A12B OS=Mus musculus OX=10090 GN=Cyp4a12b PE=1 SV=1
   #    score  bias  c-Evalue  i-Evalue hmmfrom  hmm to    alifrom  ali to    envfrom  env to     acc
 ---   ------ ----- --------- --------- ------- -------    ------- -------    ------- -------    ----
   1 !   33.7   0.0   4.8e-10   8.2e-07       1      33 []     306     338 ..     306     338 .. 0.97

  Alignments for each domain:
  == domain 1  score: 33.7 bits;  conditional E-value: 4.8e-10
        ihelix_seed_hmm   1 deelvalvllLlvAGheTTtnaiswalllLlrh 33 
                            d++l+a v ++++ Gh+TT++ isw++++L+++
  sp|A2A974|CP4CB_MOUSE 306 DKDLRAEVDTFMFEGHDTTASGISWIFYALATN 338
                            789****************************98 PP

>> sp|Q06367|CP1A1_CAVPO  Cytochrome P450 1A1 OS=Cavia porcellus OX=10141 GN=CYP1A1 PE=1 SV=1
   #    score  bias  c-Evalue  i-Evalue hmmfrom  hmm to    alifrom  ali to    envfrom  env to     acc
 ---   ------ ----- --------- --------- ------- -------    ------- -------    ------- -------    ----
   1 !   34.4   0.1   2.8e-10   4.8e-07       1      33 []     300     332 ..     300     332 .. 0.95

  Alignments for each domain:
  == domain 1  score: 34.4 bits;  conditional E-value: 2.8e-10
        ihelix_seed_hmm   1 deelvalvllLlvAGheTTtnaiswalllLlrh 33 
                            d+ ++++vl+L+ AG +T t+aisw+ll+L+++
  sp|Q06367|CP1A1_CAVPO 300 DQKIIGIVLDLFGAGFDTITTAISWSLLYLVMN 332
                            6789**************************987 PP

>> sp|A0A0G4P2K0|CYPE4_PENC3  Self-sufficient cytochrome P450 monooxygenase CYP505E4 OS=Penicillium camemberti (strain F
   #    score  bias  c-Evalue  i-Evalue hmmfrom  hmm to    alifrom  ali to    envfrom  env to     acc
 ---   ------ ----- --------- --------- ------- -------    ------- -------    ------- -------    ----
   1 !   33.6   0.6     5e-10   8.5e-07       4      33 .]     257     286 ..     254     286 .. 0.94

  Alignments for each domain:
  == domain 1  score: 33.6 bits;  conditional E-value: 5e-10
            ihelix_seed_hmm   4 lvalvllLlvAGheTTtnaiswalllLlrh 33 
                                ++++++++lvAGheTT+ ++s+++++Ll h
  sp|A0A0G4P2K0|CYPE4_PENC3 257 IISNIITFLVAGHETTSGLLSFTFYYLLQH 286
                                899*************************98 PP

>> sp|Q91WL5|CP4CA_MOUSE  Cytochrome P450 4A12A OS=Mus musculus OX=10090 GN=Cyp4a12a PE=1 SV=2
   #    score  bias  c-Evalue  i-Evalue hmmfrom  hmm to    alifrom  ali to    envfrom  env to     acc
 ---   ------ ----- --------- --------- ------- -------    ------- -------    ------- -------    ----
   1 !   33.7   0.0   4.8e-10   8.2e-07       1      33 []     306     338 ..     306     338 .. 0.97

  Alignments for each domain:
  == domain 1  score: 33.7 bits;  conditional E-value: 4.8e-10
        ihelix_seed_hmm   1 deelvalvllLlvAGheTTtnaiswalllLlrh 33 
                            d++l+a v ++++ Gh+TT++ isw++++L+++
  sp|Q91WL5|CP4CA_MOUSE 306 DKDLRAEVDTFMFEGHDTTASGISWIFYALATN 338
                            789****************************98 PP

>> sp|Q43078|C97B1_PEA  Cytochrome P450 97B1, chloroplastic OS=Pisum sativum OX=3888 GN=CYP97B1 PE=2 SV=1
   #    score  bias  c-Evalue  i-Evalue hmmfrom  hmm to    alifrom  ali to    envfrom  env to     acc
 ---   ------ ----- --------- --------- ------- -------    ------- -------    ------- -------    ----
   1 !   33.6   0.4   5.3e-10     9e-07       2      33 .]     350     381 ..     349     381 .. 0.93

  Alignments for each domain:
  == domain 1  score: 33.6 bits;  conditional E-value: 5.3e-10
      ihelix_seed_hmm   2 eelvalvllLlvAGheTTtnaiswalllLlrh 33 
                           +l++  +++l+AGheTT+ +++wa++lL+ +
  sp|Q43078|C97B1_PEA 350 RQLRDDLMTMLIAGHETTAAVLTWAVFLLAQN 381
                          579999***********************987 PP

>> sp|Q83WF5|MYCCI_MICGR  Mycinamicin VIII C21 methyl hydroxylase OS=Micromonospora griseorubida OX=28040 GN=mycCI PE=1 
   #    score  bias  c-Evalue  i-Evalue hmmfrom  hmm to    alifrom  ali to    envfrom  env to     acc
 ---   ------ ----- --------- --------- ------- -------    ------- -------    ------- -------    ----
   1 !   33.9   1.4   4.2e-10   7.2e-07       1      33 []     214     246 ..     214     246 .. 0.98

  Alignments for each domain:
  == domain 1  score: 33.9 bits;  conditional E-value: 4.2e-10
        ihelix_seed_hmm   1 deelvalvllLlvAGheTTtnaiswalllLlrh 33 
                            ++elv++++lLl+AGheT++n  + ++l+Llrh
  sp|Q83WF5|MYCCI_MICGR 214 HQELVNNAVLLLAAGHETSANQVTLSVLTLLRH 246
                            68******************************9 PP

>> sp|P08683|CP2CB_RAT  Cytochrome P450 2C11 OS=Rattus norvegicus OX=10116 GN=Cyp2c11 PE=1 SV=1
   #    score  bias  c-Evalue  i-Evalue hmmfrom  hmm to    alifrom  ali to    envfrom  env to     acc
 ---   ------ ----- --------- --------- ------- -------    ------- -------    ------- -------    ----
   1 !   33.7   1.8   4.9e-10   8.3e-07       2      33 .]     285     316 ..     284     316 .. 0.96

  Alignments for each domain:
  == domain 1  score: 33.7 bits;  conditional E-value: 4.9e-10
      ihelix_seed_hmm   2 eelvalvllLlvAGheTTtnaiswalllLlrh 33 
                          e lva+v++++ AG+eTT+++++++lllLl+h
  sp|P08683|CP2CB_RAT 285 ESLVATVTDMFGAGTETTSTTLRYGLLLLLKH 316
                          679***************************99 PP

>> sp|Q2UNA2|C505_ASPOR  Bifunctional cytochrome P450/NADPH--P450 reductase OS=Aspergillus oryzae (strain ATCC 42149 / R
   #    score  bias  c-Evalue  i-Evalue hmmfrom  hmm to    alifrom  ali to    envfrom  env to     acc
 ---   ------ ----- --------- --------- ------- -------    ------- -------    ------- -------    ----
   1 !   33.6   0.1     5e-10   8.5e-07       3      33 .]     259     289 ..     258     289 .. 0.95

  Alignments for each domain:
  == domain 1  score: 33.6 bits;  conditional E-value: 5e-10
       ihelix_seed_hmm   3 elvalvllLlvAGheTTtnaiswalllLlrh 33 
                            ++++++++l+AGheTT+ ++s+a++ +l++
  sp|Q2UNA2|C505_ASPOR 259 SIIDNMITFLIAGHETTSGSLSFAFYNMLKN 289
                           699**************************98 PP

>> sp|Q8LM92|C75B4_ORYSJ  Flavonoid 3'-monooxygenase CYP75B4 OS=Oryza sativa subsp. japonica OX=39947 GN=CYP75B4 PE=2 SV
   #    score  bias  c-Evalue  i-Evalue hmmfrom  hmm to    alifrom  ali to    envfrom  env to     acc
 ---   ------ ----- --------- --------- ------- -------    ------- -------    ------- -------    ----
   1 !   33.1   0.7   7.3e-10   1.2e-06       1      33 []     313     345 ..     313     345 .. 0.97

  Alignments for each domain:
  == domain 1  score: 33.1 bits;  conditional E-value: 7.3e-10
        ihelix_seed_hmm   1 deelvalvllLlvAGheTTtnaiswalllLlrh 33 
                            d e++al+l+L+vAG++TT++   w++ +L+rh
  sp|Q8LM92|C75B4_ORYSJ 313 DTEIKALILNLFVAGTDTTSTIVEWTMAELIRH 345
                            679*****************************9 PP

>> sp|P14580|CP4A6_RABIT  Cytochrome P450 4A6 OS=Oryctolagus cuniculus OX=9986 GN=CYP4A6 PE=1 SV=1
   #    score  bias  c-Evalue  i-Evalue hmmfrom  hmm to    alifrom  ali to    envfrom  env to     acc
 ---   ------ ----- --------- --------- ------- -------    ------- -------    ------- -------    ----
   1 !   34.5   0.1   2.6e-10   4.5e-07       1      33 []     308     340 ..     308     340 .. 0.97

  Alignments for each domain:
  == domain 1  score: 34.5 bits;  conditional E-value: 2.6e-10
        ihelix_seed_hmm   1 deelvalvllLlvAGheTTtnaiswalllLlrh 33 
                            d++l+a v ++++ Gh+TT++ isw++++L++h
  sp|P14580|CP4A6_RABIT 308 DQDLRAEVDTFMFEGHDTTASGISWIFYALATH 340
                            789*****************************9 PP

>> sp|O54749|CP2J5_MOUSE  Cytochrome P450 2J5 OS=Mus musculus OX=10090 GN=Cyp2j5 PE=1 SV=1
   #    score  bias  c-Evalue  i-Evalue hmmfrom  hmm to    alifrom  ali to    envfrom  env to     acc
 ---   ------ ----- --------- --------- ------- -------    ------- -------    ------- -------    ----
   1 !   33.4   0.9   6.1e-10     1e-06       1      32 [.     297     328 ..     297     329 .. 0.95

  Alignments for each domain:
  == domain 1  score: 33.4 bits;  conditional E-value: 6.1e-10
        ihelix_seed_hmm   1 deelvalvllLlvAGheTTtnaiswalllLlr 32 
                            +e+l+++ l+L+++G+eTT+++++wall++++
  sp|O54749|CP2J5_MOUSE 297 EENLISTTLDLFLGGTETTSSTLRWALLYMSS 328
                            599***************************87 PP

>> sp|Q64458|CP2CT_MOUSE  Cytochrome P450 2C29 OS=Mus musculus OX=10090 GN=Cyp2c29 PE=1 SV=2
   #    score  bias  c-Evalue  i-Evalue hmmfrom  hmm to    alifrom  ali to    envfrom  env to     acc
 ---   ------ ----- --------- --------- ------- -------    ------- -------    ------- -------    ----
   1 !   33.2   1.4   6.9e-10   1.2e-06       2      33 .]     285     316 ..     284     316 .. 0.96

  Alignments for each domain:
  == domain 1  score: 33.2 bits;  conditional E-value: 6.9e-10
        ihelix_seed_hmm   2 eelvalvllLlvAGheTTtnaiswalllLlrh 33 
                            e+l++++ +L+ AG+eTT++++++alllLl++
  sp|Q64458|CP2CT_MOUSE 285 ENLASTINDLFGAGTETTSTTLRYALLLLLKY 316
                            89****************************86 PP

>> sp|P12789|CP2B5_RABIT  Cytochrome P450 2B5 OS=Oryctolagus cuniculus OX=9986 GN=CYP2B5 PE=2 SV=1
   #    score  bias  c-Evalue  i-Evalue hmmfrom  hmm to    alifrom  ali to    envfrom  env to     acc
 ---   ------ ----- --------- --------- ------- -------    ------- -------    ------- -------    ----
   1 !   32.9   2.0   8.6e-10   1.5e-06       3      33 .]     287     317 ..     285     317 .. 0.94

  Alignments for each domain:
  == domain 1  score: 32.9 bits;  conditional E-value: 8.6e-10
        ihelix_seed_hmm   3 elvalvllLlvAGheTTtnaiswalllLlrh 33 
                            +l+ +vl+L++AG+eTT++++++++ll+l++
  sp|P12789|CP2B5_RABIT 287 NLILTVLTLFFAGTETTSTTLRYGFLLMLKY 317
                            8999************************986 PP

>> sp|A0A101MN42|CYPE4_PENFR  Self-sufficient cytochrome P450 monooxygenase CYP505E4 OS=Penicillium freii OX=48697 GN=CY
   #    score  bias  c-Evalue  i-Evalue hmmfrom  hmm to    alifrom  ali to    envfrom  env to     acc
 ---   ------ ----- --------- --------- ------- -------    ------- -------    ------- -------    ----
   1 !   33.0   0.7   7.8e-10   1.3e-06       4      33 .]     257     286 ..     254     286 .. 0.94

  Alignments for each domain:
  == domain 1  score: 33.0 bits;  conditional E-value: 7.8e-10
            ihelix_seed_hmm   4 lvalvllLlvAGheTTtnaiswalllLlrh 33 
                                ++++++++l+AGheTT+ ++s+++++Ll h
  sp|A0A101MN42|CYPE4_PENFR 257 IISNIITFLIAGHETTSGLLSFTFYYLLQH 286
                                899*************************98 PP

>> sp|Q0D1W9|CYPE3_ASPTN  Self-sufficient cytochrome P450 monooxygenase CYP505E3 OS=Aspergillus terreus (strain NIH 2624
   #    score  bias  c-Evalue  i-Evalue hmmfrom  hmm to    alifrom  ali to    envfrom  env to     acc
 ---   ------ ----- --------- --------- ------- -------    ------- -------    ------- -------    ----
   1 !   33.1   0.4   7.7e-10   1.3e-06       4      33 .]     258     287 ..     255     287 .. 0.94

  Alignments for each domain:
  == domain 1  score: 33.1 bits;  conditional E-value: 7.7e-10
        ihelix_seed_hmm   4 lvalvllLlvAGheTTtnaiswalllLlrh 33 
                            ++++v+++l+AGheTT+ ++s+++++Ll +
  sp|Q0D1W9|CYPE3_ASPTN 258 IINNVITFLIAGHETTSGLLSFTFYYLLQN 287
                            89*************************987 PP

>> sp|P56591|CP1A1_SHEEP  Cytochrome P450 1A1 OS=Ovis aries OX=9940 GN=CYP1A1 PE=2 SV=1
   #    score  bias  c-Evalue  i-Evalue hmmfrom  hmm to    alifrom  ali to    envfrom  env to     acc
 ---   ------ ----- --------- --------- ------- -------    ------- -------    ------- -------    ----
   1 !   34.2   0.2   3.3e-10   5.5e-07       1      32 [.     311     342 ..     311     343 .. 0.96

  Alignments for each domain:
  == domain 1  score: 34.2 bits;  conditional E-value: 3.3e-10
        ihelix_seed_hmm   1 deelvalvllLlvAGheTTtnaiswalllLlr 32 
                            de +++ v++L+ AG +T+t+aisw+ll+L++
  sp|P56591|CP1A1_SHEEP 311 DEKIINVVMDLFGAGFDTVTTAISWSLLYLVT 342
                            789***************************87 PP

>> sp|Q27712|CP2L1_PANAR  Cytochrome P450 2L1 OS=Panulirus argus OX=6737 GN=CYP2L1 PE=1 SV=1
   #    score  bias  c-Evalue  i-Evalue hmmfrom  hmm to    alifrom  ali to    envfrom  env to     acc
 ---   ------ ----- --------- --------- ------- -------    ------- -------    ------- -------    ----
   1 !   34.2   0.2   3.3e-10   5.6e-07       2      33 .]     286     317 ..     285     317 .. 0.93

  Alignments for each domain:
  == domain 1  score: 34.2 bits;  conditional E-value: 3.3e-10
        ihelix_seed_hmm   2 eelvalvllLlvAGheTTtnaiswalllLlrh 33 
                            e ++a +++L+ AG+eTT+++i+w++l+L ++
  sp|Q27712|CP2L1_PANAR 286 ETVRAVIMDLFGAGTETTSTMIRWTILYLMKY 317
                            578999***********************875 PP

>> sp|Q3LFU0|CP1A1_BALAC  Cytochrome P450 1A1 OS=Balaenoptera acutorostrata OX=9767 GN=CYP1A1 PE=2 SV=1
   #    score  bias  c-Evalue  i-Evalue hmmfrom  hmm to    alifrom  ali to    envfrom  env to     acc
 ---   ------ ----- --------- --------- ------- -------    ------- -------    ------- -------    ----
   1 !   32.9   0.1   8.4e-10   1.4e-06       1      32 [.     308     339 ..     308     340 .. 0.96

  Alignments for each domain:
  == domain 1  score: 32.9 bits;  conditional E-value: 8.4e-10
        ihelix_seed_hmm   1 deelvalvllLlvAGheTTtnaiswalllLlr 32 
                            de +v+ v++L+ AG +T+t+aisw+l++L++
  sp|Q3LFU0|CP1A1_BALAC 308 DEKIVNVVMDLFGAGFDTVTTAISWSLMYLVT 339
                            789***************************87 PP

>> sp|P19225|CP270_RAT  Cytochrome P450 2C70 OS=Rattus norvegicus OX=10116 GN=Cyp2c70 PE=2 SV=1
   #    score  bias  c-Evalue  i-Evalue hmmfrom  hmm to    alifrom  ali to    envfrom  env to     acc
 ---   ------ ----- --------- --------- ------- -------    ------- -------    ------- -------    ----
   1 !   33.2   0.2   7.1e-10   1.2e-06       2      33 .]     284     315 ..     283     315 .. 0.95

  Alignments for each domain:
  == domain 1  score: 33.2 bits;  conditional E-value: 7.1e-10
      ihelix_seed_hmm   2 eelvalvllLlvAGheTTtnaiswalllLlrh 33 
                          ++l+ ++ +L+ AG+eTT+++i ++lllLl++
  sp|P19225|CP270_RAT 284 DNLIVTIGDLFGAGTETTSSTIKYGLLLLLKY 315
                          89****************************86 PP

>> sp|P33271|CPXK_SACEN  Cytochrome P450 107B1 OS=Saccharopolyspora erythraea (strain ATCC 11635 / DSM 40517 / JCM 4748 
   #    score  bias  c-Evalue  i-Evalue hmmfrom  hmm to    alifrom  ali to    envfrom  env to     acc
 ---   ------ ----- --------- --------- ------- -------    ------- -------    ------- -------    ----
   1 !   33.3   1.1   6.6e-10   1.1e-06       3      31 ..     230     258 ..     229     260 .. 0.96

  Alignments for each domain:
  == domain 1  score: 33.3 bits;  conditional E-value: 6.6e-10
       ihelix_seed_hmm   3 elvalvllLlvAGheTTtnaiswalllLl 31 
                           el+a+v lLlvAGheTT+n+i++ +l Ll
  sp|P33271|CPXK_SACEN 230 ELIAMVFLLLVAGHETTVNLIGNCVLSLL 258
                           89***********************9997 PP

>> sp|P36423|THAS_MOUSE  Thromboxane-A synthase OS=Mus musculus OX=10090 GN=Tbxas1 PE=1 SV=2
   #    score  bias  c-Evalue  i-Evalue hmmfrom  hmm to    alifrom  ali to    envfrom  env to     acc
 ---   ------ ----- --------- --------- ------- -------    ------- -------    ------- -------    ----
   1 !   31.4   1.1   2.6e-09   4.5e-06       2      33 .]     329     360 ..     328     360 .. 0.98

  Alignments for each domain:
  == domain 1  score: 31.4 bits;  conditional E-value: 2.6e-09
       ihelix_seed_hmm   2 eelvalvllLlvAGheTTtnaiswalllLlrh 33 
                           +e+v+++ l+l+AGhe  tn++s++++lL++h
  sp|P36423|THAS_MOUSE 329 DEIVGQAFLFLIAGHEVITNTLSFITYLLATH 360
                           8******************************9 PP

>> sp|P15129|CP4B1_RAT  Cytochrome P450 4B1 OS=Rattus norvegicus OX=10116 GN=Cyp4b1 PE=1 SV=3
   #    score  bias  c-Evalue  i-Evalue hmmfrom  hmm to    alifrom  ali to    envfrom  env to     acc
 ---   ------ ----- --------- --------- ------- -------    ------- -------    ------- -------    ----
   1 !   33.0   0.0     8e-10   1.3e-06       2      32 ..     303     333 ..     302     334 .. 0.94

  Alignments for each domain:
  == domain 1  score: 33.0 bits;  conditional E-value: 8e-10
      ihelix_seed_hmm   2 eelvalvllLlvAGheTTtnaiswalllLlr 32 
                           el+a v ++++ Gh+TTt+ isw+l++++ 
  sp|P15129|CP4B1_RAT 303 AELRAEVDTFMFEGHDTTTSGISWFLYCMAL 333
                          69***************************96 PP

>> sp|Q00557|CP1A1_MESAU  Cytochrome P450 1A1 OS=Mesocricetus auratus OX=10036 GN=CYP1A1 PE=2 SV=2
   #    score  bias  c-Evalue  i-Evalue hmmfrom  hmm to    alifrom  ali to    envfrom  env to     acc
 ---   ------ ----- --------- --------- ------- -------    ------- -------    ------- -------    ----
   1 !   32.9   0.1   8.9e-10   1.5e-06       1      33 []     308     340 ..     308     340 .. 0.95

  Alignments for each domain:
  == domain 1  score: 32.9 bits;  conditional E-value: 8.9e-10
        ihelix_seed_hmm   1 deelvalvllLlvAGheTTtnaiswalllLlrh 33 
                            d+ +++++++L+ AG +T+t+aisw+l++L+++
  sp|Q00557|CP1A1_MESAU 308 DDRVINIIVDLFGAGFDTVTTAISWSLMYLVTN 340
                            67899**************************98 PP

>> sp|Q5VRI5|C93G2_ORYSJ  Cytochrome P450 93G2 OS=Oryza sativa subsp. japonica OX=39947 GN=CYP93G2 PE=1 SV=1
   #    score  bias  c-Evalue  i-Evalue hmmfrom  hmm to    alifrom  ali to    envfrom  env to     acc
 ---   ------ ----- --------- --------- ------- -------    ------- -------    ------- -------    ----
   1 !   33.1   0.2   7.7e-10   1.3e-06       2      33 .]     299     330 ..     298     330 .. 0.97

  Alignments for each domain:
  == domain 1  score: 33.1 bits;  conditional E-value: 7.7e-10
        ihelix_seed_hmm   2 eelvalvllLlvAGheTTtnaiswalllLlrh 33 
                            ++++a+vl++++AG +TT+++  w+l +L++h
  sp|Q5VRI5|C93G2_ORYSJ 299 DNIKAFVLDIFTAGSDTTATTVEWMLAELVNH 330
                            79****************************98 PP

>> sp|Q9SBQ9|F3PH_PETHY  Flavonoid 3'-monooxygenase OS=Petunia hybrida OX=4102 GN=CYP75B2 PE=2 SV=1
   #    score  bias  c-Evalue  i-Evalue hmmfrom  hmm to    alifrom  ali to    envfrom  env to     acc
 ---   ------ ----- --------- --------- ------- -------    ------- -------    ------- -------    ----
   1 !   32.4   0.2   1.3e-09   2.2e-06       1      33 []     291     323 ..     291     323 .. 0.96

  Alignments for each domain:
  == domain 1  score: 32.4 bits;  conditional E-value: 1.3e-09
       ihelix_seed_hmm   1 deelvalvllLlvAGheTTtnaiswalllLlrh 33 
                           d e++al l+L+vAG++T++++  wa+ +L+r+
  sp|Q9SBQ9|F3PH_PETHY 291 DTEIKALLLNLFVAGTDTSSSTVEWAIAELIRN 323
                           679****************************98 PP

>> sp|P33264|CP2CR_MESAU  Cytochrome P450 2C27 OS=Mesocricetus auratus OX=10036 GN=CYP2C27 PE=2 SV=1
   #    score  bias  c-Evalue  i-Evalue hmmfrom  hmm to    alifrom  ali to    envfrom  env to     acc
 ---   ------ ----- --------- --------- ------- -------    ------- -------    ------- -------    ----
   1 !   32.7   2.4     1e-09   1.7e-06       2      33 .]     285     316 ..     284     316 .. 0.97

  Alignments for each domain:
  == domain 1  score: 32.7 bits;  conditional E-value: 1e-09
        ihelix_seed_hmm   2 eelvalvllLlvAGheTTtnaiswalllLlrh 33 
                            e+l+ +v +L++AG+eTT++++++alllLl+h
  sp|P33264|CP2CR_MESAU 285 ENLATTVRDLFAAGTETTSTTLRYALLLLLKH 316
                            899***************************99 PP

>> sp|P11712|CP2C9_HUMAN  Cytochrome P450 2C9 OS=Homo sapiens OX=9606 GN=CYP2C9 PE=1 SV=3
   #    score  bias  c-Evalue  i-Evalue hmmfrom  hmm to    alifrom  ali to    envfrom  env to     acc
 ---   ------ ----- --------- --------- ------- -------    ------- -------    ------- -------    ----
   1 !   32.7   1.0     1e-09   1.7e-06       4      33 .]     287     316 ..     285     316 .. 0.94

  Alignments for each domain:
  == domain 1  score: 32.7 bits;  conditional E-value: 1e-09
        ihelix_seed_hmm   4 lvalvllLlvAGheTTtnaiswalllLlrh 33 
                            l +++++L+ AG+eTT++++++alllLl+h
  sp|P11712|CP2C9_HUMAN 287 LENTAVDLFGAGTETTSTTLRYALLLLLKH 316
                            6799************************99 PP

>> sp|Q55080|CP119_SULAC  Cytochrome P450 119 OS=Sulfolobus acidocaldarius (strain ATCC 33909 / DSM 639 / JCM 8929 / NBR
   #    score  bias  c-Evalue  i-Evalue hmmfrom  hmm to    alifrom  ali to    envfrom  env to     acc
 ---   ------ ----- --------- --------- ------- -------    ------- -------    ------- -------    ----
   1 !   32.5   0.1   1.2e-09     2e-06       2      32 ..     197     227 ..     196     228 .. 0.91

  Alignments for each domain:
  == domain 1  score: 32.5 bits;  conditional E-value: 1.2e-09
        ihelix_seed_hmm   2 eelvalvllLlvAGheTTtnaiswalllLlr 32 
                             e++++++lLl+AG+eTTtn+is++++ + r
  sp|Q55080|CP119_SULAC 197 IEKLGYIILLLIAGNETTTNLISNSVIDFTR 227
                            5899**********************98876 PP

>> sp|P33260|CP2CI_HUMAN  Cytochrome P450 2C18 OS=Homo sapiens OX=9606 GN=CYP2C18 PE=1 SV=3
   #    score  bias  c-Evalue  i-Evalue hmmfrom  hmm to    alifrom  ali to    envfrom  env to     acc
 ---   ------ ----- --------- --------- ------- -------    ------- -------    ------- -------    ----
   1 !   32.7   1.0     1e-09   1.7e-06       2      33 .]     285     316 ..     284     316 .. 0.95

  Alignments for each domain:
  == domain 1  score: 32.7 bits;  conditional E-value: 1e-09
        ihelix_seed_hmm   2 eelvalvllLlvAGheTTtnaiswalllLlrh 33 
                            e l+a+v++++ AG+eTT+++++++lllLl++
  sp|P33260|CP2CI_HUMAN 285 ESLIATVTDMFGAGTETTSTTLRYGLLLLLKY 316
                            679***************************86 PP

>> sp|Q7KWN2|C525A_DICDI  Probable cytochrome P450 525A1 OS=Dictyostelium discoideum OX=44689 GN=cyp525A1 PE=3 SV=1
   #    score  bias  c-Evalue  i-Evalue hmmfrom  hmm to    alifrom  ali to    envfrom  env to     acc
 ---   ------ ----- --------- --------- ------- -------    ------- -------    ------- -------    ----
   1 !   32.7   0.9     1e-09   1.7e-06       2      33 .]     380     411 ..     379     411 .. 0.96

  Alignments for each domain:
  == domain 1  score: 32.7 bits;  conditional E-value: 1e-09
        ihelix_seed_hmm   2 eelvalvllLlvAGheTTtnaiswalllLlrh 33 
                            +++++++ ++l+AGheT++n+++++++lL++h
  sp|Q7KWN2|C525A_DICDI 380 KDIIGNINTFLLAGHETSANLLTFIFYLLSTH 411
                            79****************************99 PP

>> sp|Q7G602|C75B3_ORYSJ  Flavonoid 3'-monooxygenase CYP75B3 OS=Oryza sativa subsp. japonica OX=39947 GN=CYP75B3 PE=2 SV
   #    score  bias  c-Evalue  i-Evalue hmmfrom  hmm to    alifrom  ali to    envfrom  env to     acc
 ---   ------ ----- --------- --------- ------- -------    ------- -------    ------- -------    ----
   1 !   32.1   0.9   1.5e-09   2.5e-06       3      33 .]     307     337 ..     305     337 .. 0.96

  Alignments for each domain:
  == domain 1  score: 32.1 bits;  conditional E-value: 1.5e-09
        ihelix_seed_hmm   3 elvalvllLlvAGheTTtnaiswalllLlrh 33 
                            +++al l+L++AG++TT+++  wal +L+rh
  sp|Q7G602|C75B3_ORYSJ 307 DIKALLLNLFTAGTDTTSSTVEWALAELIRH 337
                            799***************************9 PP

>> sp|A0A0A2J1Z6|CYPE4_PENEN  Self-sufficient cytochrome P450 monooxygenase CYP505E4 OS=Penicillium expansum OX=27334 GN
   #    score  bias  c-Evalue  i-Evalue hmmfrom  hmm to    alifrom  ali to    envfrom  env to     acc
 ---   ------ ----- --------- --------- ------- -------    ------- -------    ------- -------    ----
   1 !   32.4   0.4   1.2e-09   2.1e-06       4      33 .]     257     286 ..     254     286 .. 0.94

  Alignments for each domain:
  == domain 1  score: 32.4 bits;  conditional E-value: 1.2e-09
            ihelix_seed_hmm   4 lvalvllLlvAGheTTtnaiswalllLlrh 33 
                                ++++++++l+AGheTT+ ++s+++++Ll +
  sp|A0A0A2J1Z6|CYPE4_PENEN 257 IISNIITFLIAGHETTSGLLSFTFYYLLQN 286
                                899************************987 PP

>> sp|Q6NT55|CP4FN_HUMAN  Ultra-long-chain fatty acid omega-hydroxylase OS=Homo sapiens OX=9606 GN=CYP4F22 PE=1 SV=1
   #    score  bias  c-Evalue  i-Evalue hmmfrom  hmm to    alifrom  ali to    envfrom  env to     acc
 ---   ------ ----- --------- --------- ------- -------    ------- -------    ------- -------    ----
   1 !   33.6   0.0   5.3e-10   8.9e-07       1      33 []     322     354 ..     322     354 .. 0.97

  Alignments for each domain:
  == domain 1  score: 33.6 bits;  conditional E-value: 5.3e-10
        ihelix_seed_hmm   1 deelvalvllLlvAGheTTtnaiswalllLlrh 33 
                            de+++a + ++++ Gh+TT++ isw+l+ L+++
  sp|Q6NT55|CP4FN_HUMAN 322 DEDIRAEADTFMFEGHDTTSSGISWMLFNLAKY 354
                            79****************************986 PP

>> sp|A0A0N9HT29|C71BE_SINHE  Desmethyl-deoxy-podophyllotoxin synthase OS=Sinopodophyllum hexandrum OX=93608 GN=CYP71BE5
   #    score  bias  c-Evalue  i-Evalue hmmfrom  hmm to    alifrom  ali to    envfrom  env to     acc
 ---   ------ ----- --------- --------- ------- -------    ------- -------    ------- -------    ----
   1 !   32.2   0.0   1.4e-09   2.4e-06       2      33 .]     289     320 ..     288     320 .. 0.96

  Alignments for each domain:
  == domain 1  score: 32.2 bits;  conditional E-value: 1.4e-09
            ihelix_seed_hmm   2 eelvalvllLlvAGheTTtnaiswalllLlrh 33 
                                ++l+a +l+++vAG eT++++i wa+ ++l++
  sp|A0A0N9HT29|C71BE_SINHE 289 DNLKAVILDIFVAGSETSSTTIEWAMSEMLKN 320
                                799***************************98 PP

>> sp|A0A5B8YU73|GME63_PESMI  Cytochrome P450 monooxygenase GME11363 OS=Pestalotiopsis microspora OX=85828 GN=GME11363 P
   #    score  bias  c-Evalue  i-Evalue hmmfrom  hmm to    alifrom  ali to    envfrom  env to     acc
 ---   ------ ----- --------- --------- ------- -------    ------- -------    ------- -------    ----
   1 !   31.6   0.1   2.3e-09   3.8e-06       5      33 .]     338     366 ..     337     366 .. 0.92

  Alignments for each domain:
  == domain 1  score: 31.6 bits;  conditional E-value: 2.3e-09
            ihelix_seed_hmm   5 valvllLlvAGheTTtnaiswalllLlrh 33 
                                ++  l++l+AG+eTT+++i+w+l +L+++
  sp|A0A5B8YU73|GME63_PESMI 338 RDELLAFLFAGQETTGSTIGWSLKYLAMN 366
                                56789**********************97 PP

>> sp|Q42798|C93A1_SOYBN  3,9-dihydroxypterocarpan 6A-monooxygenase OS=Glycine max OX=3847 GN=CYP93A1 PE=1 SV=1
   #    score  bias  c-Evalue  i-Evalue hmmfrom  hmm to    alifrom  ali to    envfrom  env to     acc
 ---   ------ ----- --------- --------- ------- -------    ------- -------    ------- -------    ----
   1 !   32.3   0.0   1.3e-09   2.2e-06       2      33 .]     294     325 ..     293     325 .. 0.95

  Alignments for each domain:
  == domain 1  score: 32.3 bits;  conditional E-value: 1.3e-09
        ihelix_seed_hmm   2 eelvalvllLlvAGheTTtnaiswalllLlrh 33 
                            ++++a++++++vAG++T++ +i wa+ +L+++
  sp|Q42798|C93A1_SOYBN 294 KNIKAFIMDIFVAGTDTSAVSIEWAMAELINN 325
                            79***************************987 PP

>> sp|Q5KQT6|CP1A2_FELCA  Cytochrome P450 1A2 OS=Felis catus OX=9685 GN=CYP1A2 PE=2 SV=1
   #    score  bias  c-Evalue  i-Evalue hmmfrom  hmm to    alifrom  ali to    envfrom  env to     acc
 ---   ------ ----- --------- --------- ------- -------    ------- -------    ------- -------    ----
   1 !   32.1   0.2   1.6e-09   2.7e-06       1      33 []     300     332 ..     300     332 .. 0.96

  Alignments for each domain:
  == domain 1  score: 32.1 bits;  conditional E-value: 1.6e-09
        ihelix_seed_hmm   1 deelvalvllLlvAGheTTtnaiswalllLlrh 33 
                            +e +v+l+ +++ AG +T+t+aisw+l++L+++
  sp|Q5KQT6|CP1A2_FELCA 300 HEKIVSLINDIFGAGFDTVTTAISWSLMYLVTN 332
                            688****************************98 PP

>> sp|P14579|CP4A5_RABIT  Cytochrome P450 4A5 OS=Oryctolagus cuniculus OX=9986 GN=CYP4A5 PE=2 SV=1
   #    score  bias  c-Evalue  i-Evalue hmmfrom  hmm to    alifrom  ali to    envfrom  env to     acc
 ---   ------ ----- --------- --------- ------- -------    ------- -------    ------- -------    ----
   1 !   31.7   0.1   2.1e-09   3.6e-06       1      33 []     309     341 ..     309     341 .. 0.97

  Alignments for each domain:
  == domain 1  score: 31.7 bits;  conditional E-value: 2.1e-09
        ihelix_seed_hmm   1 deelvalvllLlvAGheTTtnaiswalllLlrh 33 
                            d++l+a v ++++ Gh+TT++  sw++++L++h
  sp|P14579|CP4A5_RABIT 309 DQDLRAEVDTFMFEGHDTTASGVSWIFYALATH 341
                            789*****************************9 PP

>> sp|P08516|CP4AA_RAT  Cytochrome P450 4A10 OS=Rattus norvegicus OX=10116 GN=Cyp4a10 PE=1 SV=2
   #    score  bias  c-Evalue  i-Evalue hmmfrom  hmm to    alifrom  ali to    envfrom  env to     acc
 ---   ------ ----- --------- --------- ------- -------    ------- -------    ------- -------    ----
   1 !   31.6   0.0   2.2e-09   3.7e-06       1      33 []     307     339 ..     307     339 .. 0.97

  Alignments for each domain:
  == domain 1  score: 31.6 bits;  conditional E-value: 2.2e-09
      ihelix_seed_hmm   1 deelvalvllLlvAGheTTtnaiswalllLlrh 33 
                          d++l+a v ++++ Gh+TT++  sw++++L++h
  sp|P08516|CP4AA_RAT 307 DKDLRAEVDTFMFEGHDTTASGVSWIFYALATH 339
                          789*****************************9 PP

>> sp|P0A513|CP51_MYCBO  Sterol 14alpha-demethylase OS=Mycobacterium bovis (strain ATCC BAA-935 / AF2122/97) OX=233413 G
   #    score  bias  c-Evalue  i-Evalue hmmfrom  hmm to    alifrom  ali to    envfrom  env to     acc
 ---   ------ ----- --------- --------- ------- -------    ------- -------    ------- -------    ----
   1 !   31.9   0.8   1.8e-09     3e-06       2      33 .]     244     275 ..     243     275 .. 0.97

  Alignments for each domain:
  == domain 1  score: 31.9 bits;  conditional E-value: 1.8e-09
       ihelix_seed_hmm   2 eelvalvllLlvAGheTTtnaiswalllLlrh 33 
                           +e++++++++++AGh+T++ + sw+l++L rh
  sp|P0A513|CP51_MYCBO 244 DEITGMFISMMFAGHHTSSGTASWTLIELMRH 275
                           8******************************9 PP

>> sp|P9WPP8|CP51_MYCTO  Sterol 14alpha-demethylase OS=Mycobacterium tuberculosis (strain CDC 1551 / Oshkosh) OX=83331 G
   #    score  bias  c-Evalue  i-Evalue hmmfrom  hmm to    alifrom  ali to    envfrom  env to     acc
 ---   ------ ----- --------- --------- ------- -------    ------- -------    ------- -------    ----
   1 !   31.9   0.8   1.8e-09     3e-06       2      33 .]     244     275 ..     243     275 .. 0.97

  Alignments for each domain:
  == domain 1  score: 31.9 bits;  conditional E-value: 1.8e-09
       ihelix_seed_hmm   2 eelvalvllLlvAGheTTtnaiswalllLlrh 33 
                           +e++++++++++AGh+T++ + sw+l++L rh
  sp|P9WPP8|CP51_MYCTO 244 DEITGMFISMMFAGHHTSSGTASWTLIELMRH 275
                           8******************************9 PP

>> sp|P9WPP9|CP51_MYCTU  Sterol 14alpha-demethylase OS=Mycobacterium tuberculosis (strain ATCC 25618 / H37Rv) OX=83332 G
   #    score  bias  c-Evalue  i-Evalue hmmfrom  hmm to    alifrom  ali to    envfrom  env to     acc
 ---   ------ ----- --------- --------- ------- -------    ------- -------    ------- -------    ----
   1 !   31.9   0.8   1.8e-09     3e-06       2      33 .]     244     275 ..     243     275 .. 0.97

  Alignments for each domain:
  == domain 1  score: 31.9 bits;  conditional E-value: 1.8e-09
       ihelix_seed_hmm   2 eelvalvllLlvAGheTTtnaiswalllLlrh 33 
                           +e++++++++++AGh+T++ + sw+l++L rh
  sp|P9WPP9|CP51_MYCTU 244 DEITGMFISMMFAGHHTSSGTASWTLIELMRH 275
                           8******************************9 PP

>> sp|O23365|C97B3_ARATH  Cytochrome P450 97B3, chloroplastic OS=Arabidopsis thaliana OX=3702 GN=CYP97B3 PE=1 SV=2
   #    score  bias  c-Evalue  i-Evalue hmmfrom  hmm to    alifrom  ali to    envfrom  env to     acc
 ---   ------ ----- --------- --------- ------- -------    ------- -------    ------- -------    ----
   1 !   32.6   0.3   1.1e-09   1.8e-06       2      33 .]     347     378 ..     346     378 .. 0.93

  Alignments for each domain:
  == domain 1  score: 32.6 bits;  conditional E-value: 1.1e-09
        ihelix_seed_hmm   2 eelvalvllLlvAGheTTtnaiswalllLlrh 33 
                             +l++  +++l+AGheTT+ +++wa++lL+ +
  sp|O23365|C97B3_ARATH 347 RQLRDDLMTMLIAGHETTAAVLTWAVFLLSQN 378
                            579999***********************976 PP

>> sp|P00184|CP1A1_MOUSE  Cytochrome P450 1A1 OS=Mus musculus OX=10090 GN=Cyp1a1 PE=1 SV=2
   #    score  bias  c-Evalue  i-Evalue hmmfrom  hmm to    alifrom  ali to    envfrom  env to     acc
 ---   ------ ----- --------- --------- ------- -------    ------- -------    ------- -------    ----
   1 !   32.1   0.2   1.5e-09   2.6e-06       1      33 []     308     340 ..     308     340 .. 0.94

  Alignments for each domain:
  == domain 1  score: 32.1 bits;  conditional E-value: 1.5e-09
        ihelix_seed_hmm   1 deelvalvllLlvAGheTTtnaiswalllLlrh 33 
                            d+ ++ +vl+L+ AG +T+t+aisw+l++L+++
  sp|P00184|CP1A1_MOUSE 308 DDKVITIVLDLFGAGFDTVTTAISWSLMYLVTN 340
                            6788999************************98 PP

>> sp|P33261|CP2CJ_HUMAN  Cytochrome P450 2C19 OS=Homo sapiens OX=9606 GN=CYP2C19 PE=1 SV=4
   #    score  bias  c-Evalue  i-Evalue hmmfrom  hmm to    alifrom  ali to    envfrom  env to     acc
 ---   ------ ----- --------- --------- ------- -------    ------- -------    ------- -------    ----
   1 !   32.3   2.5   1.3e-09   2.3e-06       2      33 .]     285     316 ..     284     316 .. 0.97

  Alignments for each domain:
  == domain 1  score: 32.3 bits;  conditional E-value: 1.3e-09
        ihelix_seed_hmm   2 eelvalvllLlvAGheTTtnaiswalllLlrh 33 
                            e+lv ++ +Ll AG+eTT++++++alllLl+h
  sp|P33261|CP2CJ_HUMAN 285 ENLVITAADLLGAGTETTSTTLRYALLLLLKH 316
                            799***************************99 PP

>> sp|P15128|CP4B1_RABIT  Cytochrome P450 4B1 OS=Oryctolagus cuniculus OX=9986 GN=CYP4B1 PE=1 SV=1
   #    score  bias  c-Evalue  i-Evalue hmmfrom  hmm to    alifrom  ali to    envfrom  env to     acc
 ---   ------ ----- --------- --------- ------- -------    ------- -------    ------- -------    ----
   1 !   32.2   0.0   1.5e-09   2.5e-06       2      32 ..     298     328 ..     297     329 .. 0.93

  Alignments for each domain:
  == domain 1  score: 32.2 bits;  conditional E-value: 1.5e-09
        ihelix_seed_hmm   2 eelvalvllLlvAGheTTtnaiswalllLlr 32 
                             +l+a v ++++ Gh+TTt+ isw+l++++ 
  sp|P15128|CP4B1_RABIT 298 TDLRAEVDTFMFEGHDTTTSGISWFLYCMAL 328
                            689**************************96 PP

>> sp|Q9GMC8|CP17A_FELCA  Steroid 17-alpha-hydroxylase/17,20 lyase OS=Felis catus OX=9685 GN=CYP17A1 PE=2 SV=1
   #    score  bias  c-Evalue  i-Evalue hmmfrom  hmm to    alifrom  ali to    envfrom  env to     acc
 ---   ------ ----- --------- --------- ------- -------    ------- -------    ------- -------    ----
   1 !   31.7   0.6   2.1e-09   3.6e-06       1      33 []     289     321 ..     289     321 .. 0.97

  Alignments for each domain:
  == domain 1  score: 31.7 bits;  conditional E-value: 2.1e-09
        ihelix_seed_hmm   1 deelvalvllLlvAGheTTtnaiswalllLlrh 33 
                            d++++ ++ +++ AG+eTTt++ +w++ +Ll+h
  sp|Q9GMC8|CP17A_FELCA 289 DKHILTTIGDIFGAGVETTTSVVRWTVAFLLHH 321
                            789****************************98 PP

>> sp|O62671|CP241_CANLF  Cytochrome P450 2C41 OS=Canis lupus familiaris OX=9615 GN=CYP2C41 PE=2 SV=1
   #    score  bias  c-Evalue  i-Evalue hmmfrom  hmm to    alifrom  ali to    envfrom  env to     acc
 ---   ------ ----- --------- --------- ------- -------    ------- -------    ------- -------    ----
   1 !   32.2   1.0   1.4e-09   2.4e-06       2      33 .]     284     315 ..     284     315 .. 0.96

  Alignments for each domain:
  == domain 1  score: 32.2 bits;  conditional E-value: 1.4e-09
        ihelix_seed_hmm   2 eelvalvllLlvAGheTTtnaiswalllLlrh 33 
                            e+l+ ++++L+ AG+eTT+++++++lllLl+h
  sp|O62671|CP241_CANLF 284 ENLKTIATDLFGAGTETTSTTLRYGLLLLLKH 315
                            689999************************99 PP

>> sp|P10611|CP4A4_RABIT  Cytochrome P450 4A4 OS=Oryctolagus cuniculus OX=9986 GN=CYP4A4 PE=1 SV=3
   #    score  bias  c-Evalue  i-Evalue hmmfrom  hmm to    alifrom  ali to    envfrom  env to     acc
 ---   ------ ----- --------- --------- ------- -------    ------- -------    ------- -------    ----
   1 !   31.7   0.1   2.1e-09   3.6e-06       1      33 []     308     340 ..     308     340 .. 0.97

  Alignments for each domain:
  == domain 1  score: 31.7 bits;  conditional E-value: 2.1e-09
        ihelix_seed_hmm   1 deelvalvllLlvAGheTTtnaiswalllLlrh 33 
                            d++l+a v ++++ Gh+TT++  sw++++L++h
  sp|P10611|CP4A4_RABIT 308 DQDLRAEVDTFMFEGHDTTASGVSWIFYALATH 340
                            789*****************************9 PP

>> sp|Q27520|C13A1_CAEEL  Putative cytochrome P450 CYP13A1 OS=Caenorhabditis elegans OX=6239 GN=cyp-13A1 PE=3 SV=1
   #    score  bias  c-Evalue  i-Evalue hmmfrom  hmm to    alifrom  ali to    envfrom  env to     acc
 ---   ------ ----- --------- --------- ------- -------    ------- -------    ------- -------    ----
   1 !   32.2   0.7   1.5e-09   2.5e-06       2      33 .]     314     345 ..     313     345 .. 0.98

  Alignments for each domain:
  == domain 1  score: 32.2 bits;  conditional E-value: 1.5e-09
        ihelix_seed_hmm   2 eelvalvllLlvAGheTTtnaiswalllLlrh 33 
                            ee+v++++++l+AG +TT+ ++s+a++lL++h
  sp|Q27520|C13A1_CAEEL 314 EEIVGQCTVFLIAGFDTTALSLSYATYLLATH 345
                            9******************************9 PP

>> sp|A0A5A4DV62|C9B27_PARPY  Cholesterol 22-hydroxylase CYP90B27 OS=Paris polyphylla OX=49666 GN=CYP90B27 PE=1 SV=1
   #    score  bias  c-Evalue  i-Evalue hmmfrom  hmm to    alifrom  ali to    envfrom  env to     acc
 ---   ------ ----- --------- --------- ------- -------    ------- -------    ------- -------    ----
   1 !   31.9   0.0   1.8e-09   3.1e-06       2      31 ..     275     304 ..     274     306 .. 0.94

  Alignments for each domain:
  == domain 1  score: 31.9 bits;  conditional E-value: 1.8e-09
            ihelix_seed_hmm   2 eelvalvllLlvAGheTTtnaiswalllLl 31 
                                e++++l+l++l+AGheT++ ai+ a+++L 
  sp|A0A5A4DV62|C9B27_PARPY 275 EQILDLILSMLFAGHETSSAAIALAIYFLD 304
                                89**************************96 PP

>> sp|P33274|CP4F1_RAT  Cytochrome P450 4F1 OS=Rattus norvegicus OX=10116 GN=Cyp4f1 PE=1 SV=1
   #    score  bias  c-Evalue  i-Evalue hmmfrom  hmm to    alifrom  ali to    envfrom  env to     acc
 ---   ------ ----- --------- --------- ------- -------    ------- -------    ------- -------    ----
   1 !   31.5   0.0   2.4e-09     4e-06       1      32 [.     315     346 ..     315     347 .. 0.96

  Alignments for each domain:
  == domain 1  score: 31.5 bits;  conditional E-value: 2.4e-09
      ihelix_seed_hmm   1 deelvalvllLlvAGheTTtnaiswalllLlr 32 
                          de+++a + ++++ Gh+TT++ +sw+l+ L++
  sp|P33274|CP4F1_RAT 315 DEDIRAEADTFMFEGHDTTASGLSWILYNLAN 346
                          79****************************96 PP

>> sp|P56654|CP237_MOUSE  Cytochrome P450 2C37 OS=Mus musculus OX=10090 GN=Cyp2c37 PE=1 SV=2
   #    score  bias  c-Evalue  i-Evalue hmmfrom  hmm to    alifrom  ali to    envfrom  env to     acc
 ---   ------ ----- --------- --------- ------- -------    ------- -------    ------- -------    ----
   1 !   31.8   2.0   1.9e-09   3.2e-06       2      33 .]     285     316 ..     284     316 .. 0.96

  Alignments for each domain:
  == domain 1  score: 31.8 bits;  conditional E-value: 1.9e-09
        ihelix_seed_hmm   2 eelvalvllLlvAGheTTtnaiswalllLlrh 33 
                            e+l+ +v++L+ AG+eTT++++++a+llLl++
  sp|P56654|CP237_MOUSE 285 EHLAITVTDLFSAGTETTSTTLRYAILLLLKY 316
                            899***************************86 PP

>> sp|C9K1X7|COTB4_STRMJ  Cyclooctatin synthase OS=Streptomyces melanosporofaciens OX=67327 GN=cotB4 PE=1 SV=1
   #    score  bias  c-Evalue  i-Evalue hmmfrom  hmm to    alifrom  ali to    envfrom  env to     acc
 ---   ------ ----- --------- --------- ------- -------    ------- -------    ------- -------    ----
   1 !   31.9   0.7   1.8e-09     3e-06       1      30 [.     259     288 ..     259     291 .. 0.92

  Alignments for each domain:
  == domain 1  score: 31.9 bits;  conditional E-value: 1.8e-09
        ihelix_seed_hmm   1 deelvalvllLlvAGheTTtnaiswalllL 30 
                            d+e++++v++Ll+AG+eTT++a++wa +lL
  sp|C9K1X7|COTB4_STRMJ 259 DQEIHDQVMTLLLAGIETTASALTWAWFLL 288
                            79***********************97777 PP

>> sp|Q82IY3|PTLI_STRAW  Pentalenene oxygenase OS=Streptomyces avermitilis (strain ATCC 31267 / DSM 46492 / JCM 5070 / N
   #    score  bias  c-Evalue  i-Evalue hmmfrom  hmm to    alifrom  ali to    envfrom  env to     acc
 ---   ------ ----- --------- --------- ------- -------    ------- -------    ------- -------    ----
   1 !   31.8   1.0     2e-09   3.3e-06       1      33 []     244     276 ..     244     276 .. 0.97

  Alignments for each domain:
  == domain 1  score: 31.8 bits;  conditional E-value: 2e-09
       ihelix_seed_hmm   1 deelvalvllLlvAGheTTtnaiswalllLlrh 33 
                           d e++++v+++++AG+eT++ +++w+++lL+rh
  sp|Q82IY3|PTLI_STRAW 244 DTEIHDQVITVMAAGTETVAGTLTWIFHLLSRH 276
                           679*****************************9 PP

>> sp|P9WPM4|CP137_MYCTO  Putative cytochrome P450 137 OS=Mycobacterium tuberculosis (strain CDC 1551 / Oshkosh) OX=8333
   #    score  bias  c-Evalue  i-Evalue hmmfrom  hmm to    alifrom  ali to    envfrom  env to     acc
 ---   ------ ----- --------- --------- ------- -------    ------- -------    ------- -------    ----
   1 !   31.5   1.7   2.4e-09     4e-06       1      33 []     288     320 ..     288     320 .. 0.96

  Alignments for each domain:
  == domain 1  score: 31.5 bits;  conditional E-value: 2.4e-09
        ihelix_seed_hmm   1 deelvalvllLlvAGheTTtnaiswalllLlrh 33 
                            d+e+++  ++L +AGheTT+++++wa+ lLl+h
  sp|P9WPM4|CP137_MYCTO 288 DSEIRDDLITLVLAGHETTATTLAWAFDLLLHH 320
                            79*************************999988 PP

>> sp|P9WPM5|CP137_MYCTU  Putative cytochrome P450 137 OS=Mycobacterium tuberculosis (strain ATCC 25618 / H37Rv) OX=8333
   #    score  bias  c-Evalue  i-Evalue hmmfrom  hmm to    alifrom  ali to    envfrom  env to     acc
 ---   ------ ----- --------- --------- ------- -------    ------- -------    ------- -------    ----
   1 !   31.5   1.7   2.4e-09     4e-06       1      33 []     288     320 ..     288     320 .. 0.96

  Alignments for each domain:
  == domain 1  score: 31.5 bits;  conditional E-value: 2.4e-09
        ihelix_seed_hmm   1 deelvalvllLlvAGheTTtnaiswalllLlrh 33 
                            d+e+++  ++L +AGheTT+++++wa+ lLl+h
  sp|P9WPM5|CP137_MYCTU 288 DSEIRDDLITLVLAGHETTATTLAWAFDLLLHH 320
                            79*************************999988 PP

>> sp|O88833|CP4AA_MOUSE  Cytochrome P450 4A10 OS=Mus musculus OX=10090 GN=Cyp4a10 PE=1 SV=2
   #    score  bias  c-Evalue  i-Evalue hmmfrom  hmm to    alifrom  ali to    envfrom  env to     acc
 ---   ------ ----- --------- --------- ------- -------    ------- -------    ------- -------    ----
   1 !   31.6   0.0   2.2e-09   3.7e-06       1      33 []     307     339 ..     307     339 .. 0.97

  Alignments for each domain:
  == domain 1  score: 31.6 bits;  conditional E-value: 2.2e-09
        ihelix_seed_hmm   1 deelvalvllLlvAGheTTtnaiswalllLlrh 33 
                            d++l+a v ++++ Gh+TT++  sw++++L++h
  sp|O88833|CP4AA_MOUSE 307 DKDLRAEVDTFMFEGHDTTASGVSWIFYALATH 339
                            789*****************************9 PP

>> sp|P13584|CP4B1_HUMAN  Cytochrome P450 4B1 OS=Homo sapiens OX=9606 GN=CYP4B1 PE=1 SV=2
   #    score  bias  c-Evalue  i-Evalue hmmfrom  hmm to    alifrom  ali to    envfrom  env to     acc
 ---   ------ ----- --------- --------- ------- -------    ------- -------    ------- -------    ----
   1 !   31.7   0.0     2e-09   3.4e-06       3      32 ..     304     333 ..     302     334 .. 0.93

  Alignments for each domain:
  == domain 1  score: 31.7 bits;  conditional E-value: 2e-09
        ihelix_seed_hmm   3 elvalvllLlvAGheTTtnaiswalllLlr 32 
                            +l+a v ++++ Gh+TTt+ isw+l++++ 
  sp|P13584|CP4B1_HUMAN 304 DLRAEVDTFMFEGHDTTTSGISWFLYCMAL 333
                            799*************************96 PP

>> sp|Q6VVW9|CP2R1_MOUSE  Vitamin D 25-hydroxylase OS=Mus musculus OX=10090 GN=Cyp2r1 PE=1 SV=1
   #    score  bias  c-Evalue  i-Evalue hmmfrom  hmm to    alifrom  ali to    envfrom  env to     acc
 ---   ------ ----- --------- --------- ------- -------    ------- -------    ------- -------    ----
   1 !   32.8   0.5   9.2e-10   1.6e-06       2      32 ..     298     328 ..     297     329 .. 0.93

  Alignments for each domain:
  == domain 1  score: 32.8 bits;  conditional E-value: 9.2e-10
        ihelix_seed_hmm   2 eelvalvllLlvAGheTTtnaiswalllLlr 32 
                            e+l+  v +L++AG+eTTtn+++wa+l+++ 
  sp|Q6VVW9|CP2R1_MOUSE 298 ENLIFSVGELIIAGTETTTNVLRWAILFMAL 328
                            789999***********************96 PP

>> sp|Q6VVX0|CP2R1_HUMAN  Vitamin D 25-hydroxylase OS=Homo sapiens OX=9606 GN=CYP2R1 PE=1 SV=1
   #    score  bias  c-Evalue  i-Evalue hmmfrom  hmm to    alifrom  ali to    envfrom  env to     acc
 ---   ------ ----- --------- --------- ------- -------    ------- -------    ------- -------    ----
   1 !   32.8   0.5   9.2e-10   1.6e-06       2      32 ..     298     328 ..     297     329 .. 0.93

  Alignments for each domain:
  == domain 1  score: 32.8 bits;  conditional E-value: 9.2e-10
        ihelix_seed_hmm   2 eelvalvllLlvAGheTTtnaiswalllLlr 32 
                            e+l+  v +L++AG+eTTtn+++wa+l+++ 
  sp|Q6VVX0|CP2R1_HUMAN 298 ENLIFSVGELIIAGTETTTNVLRWAILFMAL 328
                            789999***********************96 PP

>> sp|Q64462|CP4B1_MOUSE  Cytochrome P450 4B1 OS=Mus musculus OX=10090 GN=Cyp4b1 PE=1 SV=1
   #    score  bias  c-Evalue  i-Evalue hmmfrom  hmm to    alifrom  ali to    envfrom  env to     acc
 ---   ------ ----- --------- --------- ------- -------    ------- -------    ------- -------    ----
   1 !   31.7   0.0     2e-09   3.4e-06       3      32 ..     304     333 ..     302     334 .. 0.93

  Alignments for each domain:
  == domain 1  score: 31.7 bits;  conditional E-value: 2e-09
        ihelix_seed_hmm   3 elvalvllLlvAGheTTtnaiswalllLlr 32 
                            +l+a v ++++ Gh+TTt+ isw+l++++ 
  sp|Q64462|CP4B1_MOUSE 304 DLRAEVDTFMFEGHDTTTSGISWFLYCMAL 333
                            799*************************96 PP

>> sp|P37122|C76A2_SOLME  Cytochrome P450 76A2 OS=Solanum melongena OX=4111 GN=CYP76A2 PE=2 SV=1
   #    score  bias  c-Evalue  i-Evalue hmmfrom  hmm to    alifrom  ali to    envfrom  env to     acc
 ---   ------ ----- --------- --------- ------- -------    ------- -------    ------- -------    ----
   1 !   31.8   0.3   1.9e-09   3.3e-06       2      33 .]     297     328 ..     296     328 .. 0.97

  Alignments for each domain:
  == domain 1  score: 31.8 bits;  conditional E-value: 1.9e-09
        ihelix_seed_hmm   2 eelvalvllLlvAGheTTtnaiswalllLlrh 33 
                            +e++ +vl++++AG+eTT+++  wal +Llrh
  sp|P37122|C76A2_SOLME 297 HEIKIFVLEMFLAGTETTSSSVEWALTELLRH 328
                            79*****************************9 PP

>> sp|O64637|C76C2_ARATH  Cytochrome P450 76C2 OS=Arabidopsis thaliana OX=3702 GN=CYP76C2 PE=2 SV=1
   #    score  bias  c-Evalue  i-Evalue hmmfrom  hmm to    alifrom  ali to    envfrom  env to     acc
 ---   ------ ----- --------- --------- ------- -------    ------- -------    ------- -------    ----
   1 !   31.4   0.5   2.5e-09   4.3e-06       2      33 .]     300     331 ..     299     331 .. 0.96

  Alignments for each domain:
  == domain 1  score: 31.4 bits;  conditional E-value: 2.5e-09
        ihelix_seed_hmm   2 eelvalvllLlvAGheTTtnaiswalllLlrh 33 
                            +++v+l l+L+ AG++T +++  wa+ +Llr+
  sp|O64637|C76C2_ARATH 300 NDIVHLLLDLFGAGTDTNSSTVEWAMAELLRN 331
                            78*****************************8 PP

>> sp|P63720|CP139_MYCBO  Putative cytochrome P450 139 OS=Mycobacterium bovis (strain ATCC BAA-935 / AF2122/97) OX=23341
   #    score  bias  c-Evalue  i-Evalue hmmfrom  hmm to    alifrom  ali to    envfrom  env to     acc
 ---   ------ ----- --------- --------- ------- -------    ------- -------    ------- -------    ----
   1 !   31.8   0.3     2e-09   3.4e-06       1      32 [.     221     252 ..     221     252 .. 0.97

  Alignments for each domain:
  == domain 1  score: 31.8 bits;  conditional E-value: 2e-09
        ihelix_seed_hmm   1 deelvalvllLlvAGheTTtnaiswalllLlr 32 
                            d+e+++ +++L++AG eTT+ a++wa+++Ll+
  sp|P63720|CP139_MYCBO 221 DNEIRDSIVSLITAGYETTSGALAWAIYALLT 252
                            79****************************96 PP

>> sp|P9WPM0|CP139_MYCTO  Putative cytochrome P450 139 OS=Mycobacterium tuberculosis (strain CDC 1551 / Oshkosh) OX=8333
   #    score  bias  c-Evalue  i-Evalue hmmfrom  hmm to    alifrom  ali to    envfrom  env to     acc
 ---   ------ ----- --------- --------- ------- -------    ------- -------    ------- -------    ----
   1 !   31.8   0.3     2e-09   3.4e-06       1      32 [.     221     252 ..     221     252 .. 0.97

  Alignments for each domain:
  == domain 1  score: 31.8 bits;  conditional E-value: 2e-09
        ihelix_seed_hmm   1 deelvalvllLlvAGheTTtnaiswalllLlr 32 
                            d+e+++ +++L++AG eTT+ a++wa+++Ll+
  sp|P9WPM0|CP139_MYCTO 221 DNEIRDSIVSLITAGYETTSGALAWAIYALLT 252
                            79****************************96 PP

>> sp|P9WPM1|CP139_MYCTU  Putative cytochrome P450 139 OS=Mycobacterium tuberculosis (strain ATCC 25618 / H37Rv) OX=8333
   #    score  bias  c-Evalue  i-Evalue hmmfrom  hmm to    alifrom  ali to    envfrom  env to     acc
 ---   ------ ----- --------- --------- ------- -------    ------- -------    ------- -------    ----
   1 !   31.8   0.3     2e-09   3.4e-06       1      32 [.     221     252 ..     221     252 .. 0.97

  Alignments for each domain:
  == domain 1  score: 31.8 bits;  conditional E-value: 2e-09
        ihelix_seed_hmm   1 deelvalvllLlvAGheTTtnaiswalllLlr 32 
                            d+e+++ +++L++AG eTT+ a++wa+++Ll+
  sp|P9WPM1|CP139_MYCTU 221 DNEIRDSIVSLITAGYETTSGALAWAIYALLT 252
                            79****************************96 PP

>> sp|Q54NY3|C554A_DICDI  Probable cytochrome P450 554A1 OS=Dictyostelium discoideum OX=44689 GN=cyp554A1 PE=3 SV=1
   #    score  bias  c-Evalue  i-Evalue hmmfrom  hmm to    alifrom  ali to    envfrom  env to     acc
 ---   ------ ----- --------- --------- ------- -------    ------- -------    ------- -------    ----
   1 !   31.7   0.0   2.1e-09   3.6e-06       2      33 .]     303     334 ..     302     334 .. 0.96

  Alignments for each domain:
  == domain 1  score: 31.7 bits;  conditional E-value: 2.1e-09
        ihelix_seed_hmm   2 eelvalvllLlvAGheTTtnaiswalllLlrh 33 
                            e+++++++++l+AG++TT+++i w++l L+++
  sp|Q54NY3|C554A_DICDI 303 ENIKSICIDFLMAGTDTTGSTIEWIILKLVNN 334
                            79*************************99987 PP

>> sp|P15123|CP2CG_RABIT  Cytochrome P450 2C16 OS=Oryctolagus cuniculus OX=9986 GN=CYP2C16 PE=2 SV=1
   #    score  bias  c-Evalue  i-Evalue hmmfrom  hmm to    alifrom  ali to    envfrom  env to     acc
 ---   ------ ----- --------- --------- ------- -------    ------- -------    ------- -------    ----
   1 !   31.7   1.9     2e-09   3.4e-06       2      33 .]     282     313 ..     281     313 .. 0.95

  Alignments for each domain:
  == domain 1  score: 31.7 bits;  conditional E-value: 2e-09
        ihelix_seed_hmm   2 eelvalvllLlvAGheTTtnaiswalllLlrh 33 
                            e lv +v +L+ AG+eTT+++++++lllLl+h
  sp|P15123|CP2CG_RABIT 282 ESLVTTVFDLFGAGTETTSTTLRYSLLLLLKH 313
                            67999*************************99 PP

>> sp|P51590|CP2J3_RAT  Cytochrome P450 2J3 OS=Rattus norvegicus OX=10116 GN=Cyp2j3 PE=2 SV=1
   #    score  bias  c-Evalue  i-Evalue hmmfrom  hmm to    alifrom  ali to    envfrom  env to     acc
 ---   ------ ----- --------- --------- ------- -------    ------- -------    ------- -------    ----
   1 !   31.4   0.7   2.6e-09   4.4e-06       9      32 ..     306     329 ..     298     330 .. 0.91

  Alignments for each domain:
  == domain 1  score: 31.4 bits;  conditional E-value: 2.6e-09
      ihelix_seed_hmm   9 llLlvAGheTTtnaiswalllLlr 32 
                          l+L++AG+eTT+++++wall+++ 
  sp|P51590|CP2J3_RAT 306 LDLFFAGTETTSTTLRWALLCMAL 329
                          89********************96 PP

>> sp|Q91X77|CY250_MOUSE  Cytochrome P450 2C50 OS=Mus musculus OX=10090 GN=Cyp2c50 PE=1 SV=2
   #    score  bias  c-Evalue  i-Evalue hmmfrom  hmm to    alifrom  ali to    envfrom  env to     acc
 ---   ------ ----- --------- --------- ------- -------    ------- -------    ------- -------    ----
   1 !   31.7   2.4     2e-09   3.4e-06       2      33 .]     285     316 ..     284     316 .. 0.96

  Alignments for each domain:
  == domain 1  score: 31.7 bits;  conditional E-value: 2e-09
        ihelix_seed_hmm   2 eelvalvllLlvAGheTTtnaiswalllLlrh 33 
                            e+l+ +v++L+ AG+eTT++++++alllLl++
  sp|Q91X77|CY250_MOUSE 285 EHLAITVTDLFSAGTETTSTTLRYALLLLLKY 316
                            899***************************86 PP

>> sp|Q64391|CP1A2_CAVPO  Cytochrome P450 1A2 OS=Cavia porcellus OX=10141 GN=CYP1A2 PE=2 SV=1
   #    score  bias  c-Evalue  i-Evalue hmmfrom  hmm to    alifrom  ali to    envfrom  env to     acc
 ---   ------ ----- --------- --------- ------- -------    ------- -------    ------- -------    ----
   1 !   31.1   0.0   3.1e-09   5.3e-06       3      32 ..     306     335 ..     304     336 .. 0.94

  Alignments for each domain:
  == domain 1  score: 31.1 bits;  conditional E-value: 3.1e-09
        ihelix_seed_hmm   3 elvalvllLlvAGheTTtnaiswalllLlr 32 
                             +v+lv +++ AG +T+t+aisw+ll+L++
  sp|Q64391|CP1A2_CAVPO 306 KIVNLVNDIFGAGFDTVTTAISWSLLYLVT 335
                            69**************************87 PP

>> sp|P15540|CP21A_PIG  Steroid 21-hydroxylase OS=Sus scrofa OX=9823 GN=CYP21 PE=1 SV=2
   #    score  bias  c-Evalue  i-Evalue hmmfrom  hmm to    alifrom  ali to    envfrom  env to     acc
 ---   ------ ----- --------- --------- ------- -------    ------- -------    ------- -------    ----
   1 !   31.5   1.3   2.5e-09   4.2e-06       8      33 .]     284     309 ..     279     309 .. 0.95

  Alignments for each domain:
  == domain 1  score: 31.5 bits;  conditional E-value: 2.5e-09
      ihelix_seed_hmm   8 vllLlvAGheTTtnaiswalllLlrh 33 
                          v++L+++G+eTT+n++swa+ +Ll+h
  sp|P15540|CP21A_PIG 284 VVDLFIGGTETTANTLSWAVVYLLHH 309
                          89**********************98 PP

>> sp|P79761|CP1A5_CHICK  Cytochrome P450 1A5 OS=Gallus gallus OX=9031 GN=CYP1A5 PE=2 SV=1
   #    score  bias  c-Evalue  i-Evalue hmmfrom  hmm to    alifrom  ali to    envfrom  env to     acc
 ---   ------ ----- --------- --------- ------- -------    ------- -------    ------- -------    ----
   1 !   30.4   0.2   5.5e-09   9.3e-06       2      33 .]     314     345 ..     313     345 .. 0.95

  Alignments for each domain:
  == domain 1  score: 30.4 bits;  conditional E-value: 5.5e-09
        ihelix_seed_hmm   2 eelvalvllLlvAGheTTtnaiswalllLlrh 33 
                            e +++lv +++ AG +T+t+a+sw+l++L+++
  sp|P79761|CP1A5_CHICK 314 EKIINLVNDIFGAGFDTVTTALSWSLMYLVTY 345
                            679**************************986 PP

>> sp|Q92148|CP1A1_MICTO  Cytochrome P450 1A1 OS=Microgadus tomcod OX=34823 GN=cyp1a1 PE=2 SV=1
   #    score  bias  c-Evalue  i-Evalue hmmfrom  hmm to    alifrom  ali to    envfrom  env to     acc
 ---   ------ ----- --------- --------- ------- -------    ------- -------    ------- -------    ----
   1 !   30.8   0.0     4e-09   6.8e-06       1      33 []     305     337 ..     305     337 .. 0.97

  Alignments for each domain:
  == domain 1  score: 30.8 bits;  conditional E-value: 4e-09
        ihelix_seed_hmm   1 deelvalvllLlvAGheTTtnaiswalllLlrh 33 
                            de +v++v +L+ AG +T+++a+sw++++L+ h
  sp|Q92148|CP1A1_MICTO 305 DEKIVGIVNDLFGAGFDTVSTALSWSVMYLVAH 337
                            789***************************988 PP

>> sp|Q07973|CP24A_HUMAN  1,25-dihydroxyvitamin D(3) 24-hydroxylase, mitochondrial OS=Homo sapiens OX=9606 GN=CYP24A1 PE
   #    score  bias  c-Evalue  i-Evalue hmmfrom  hmm to    alifrom  ali to    envfrom  env to     acc
 ---   ------ ----- --------- --------- ------- -------    ------- -------    ------- -------    ----
   1 !   31.4   0.1   2.7e-09   4.5e-06       2      33 .]     314     345 ..     313     345 .. 0.97

  Alignments for each domain:
  == domain 1  score: 31.4 bits;  conditional E-value: 2.7e-09
        ihelix_seed_hmm   2 eelvalvllLlvAGheTTtnaiswalllLlrh 33 
                            +el a+v++L++A++eTT+n++ w+l+ L+r+
  sp|Q07973|CP24A_HUMAN 314 KELYAAVTELQLAAVETTANSLMWILYNLSRN 345
                            799***************************98 PP

>> sp|O64989|C90B1_ARATH  Steroid (22S)-hydroxylase OS=Arabidopsis thaliana OX=3702 GN=CYP90B1 PE=1 SV=2
   #    score  bias  c-Evalue  i-Evalue hmmfrom  hmm to    alifrom  ali to    envfrom  env to     acc
 ---   ------ ----- --------- --------- ------- -------    ------- -------    ------- -------    ----
   1 !   31.2   0.5   2.9e-09   4.9e-06       2      31 ..     299     328 ..     298     330 .. 0.94

  Alignments for each domain:
  == domain 1  score: 31.2 bits;  conditional E-value: 2.9e-09
        ihelix_seed_hmm   2 eelvalvllLlvAGheTTtnaiswalllLl 31 
                            e++++l+l+Ll+AGheT++ ai+ a+++L 
  sp|O64989|C90B1_ARATH 299 EQILDLILSLLFAGHETSSVAIALAIFFLQ 328
                            89**************************95 PP

>> sp|F1SYB6|CY128_POSPM  Cytochrome P450 monooxygenase 128 OS=Postia placenta (strain ATCC 44394 / Madison 698-R) OX=56
   #    score  bias  c-Evalue  i-Evalue hmmfrom  hmm to    alifrom  ali to    envfrom  env to     acc
 ---   ------ ----- --------- --------- ------- -------    ------- -------    ------- -------    ----
   1 !   31.4   0.0   2.6e-09   4.5e-06       1      32 [.     316     347 ..     316     348 .. 0.94

  Alignments for each domain:
  == domain 1  score: 31.4 bits;  conditional E-value: 2.6e-09
        ihelix_seed_hmm   1 deelvalvllLlvAGheTTtnaiswalllLlr 32 
                            de+++a+v ++lvAGheTT+na++w l++L+ 
  sp|F1SYB6|CY128_POSPM 316 DEDVLAQVPTFLVAGHETTSNATTWCLYALAQ 347
                            7999999***********************95 PP

>> sp|Q9JMA7|CP341_MOUSE  Cytochrome P450 3A41 OS=Mus musculus OX=10090 GN=Cyp3a41a PE=1 SV=2
   #    score  bias  c-Evalue  i-Evalue hmmfrom  hmm to    alifrom  ali to    envfrom  env to     acc
 ---   ------ ----- --------- --------- ------- -------    ------- -------    ------- -------    ----
   1 !   31.5   0.3   2.4e-09     4e-06       3      33 .]     295     325 ..     293     325 .. 0.97

  Alignments for each domain:
  == domain 1  score: 31.5 bits;  conditional E-value: 2.4e-09
        ihelix_seed_hmm   3 elvalvllLlvAGheTTtnaiswalllLlrh 33 
                            e++a+ +++++AG eTT++++s++l++L++h
  sp|Q9JMA7|CP341_MOUSE 295 EITAQSIVFIFAGYETTSSTLSFTLYCLATH 325
                            89****************************9 PP

>> sp|Q59831|CPS2_STRCC  Cytochrome P450 105A3 OS=Streptomyces carbophilus OX=44059 GN=cyp105A3 PE=1 SV=3
   #    score  bias  c-Evalue  i-Evalue hmmfrom  hmm to    alifrom  ali to    envfrom  env to     acc
 ---   ------ ----- --------- --------- ------- -------    ------- -------    ------- -------    ----
   1 !   32.5   4.6   1.2e-09     2e-06       3      33 .]     237     267 ..     236     267 .. 0.98

  Alignments for each domain:
  == domain 1  score: 32.5 bits;  conditional E-value: 1.2e-09
       ihelix_seed_hmm   3 elvalvllLlvAGheTTtnaiswalllLlrh 33 
                           el++++llLlvAGheTT++++s ++++Ll+h
  sp|Q59831|CPS2_STRCC 237 ELISTALLLLVAGHETTASMTSLSVITLLEH 267
                           89***************************98 PP

>> sp|Q8SPK0|CP4AP_PIG  Cytochrome P450 4A25 OS=Sus scrofa OX=9823 GN=CYP4A25 PE=2 SV=1
   #    score  bias  c-Evalue  i-Evalue hmmfrom  hmm to    alifrom  ali to    envfrom  env to     acc
 ---   ------ ----- --------- --------- ------- -------    ------- -------    ------- -------    ----
   1 !   32.4   0.1   1.2e-09   2.1e-06       2      33 .]     303     334 ..     302     334 .. 0.95

  Alignments for each domain:
  == domain 1  score: 32.4 bits;  conditional E-value: 1.2e-09
      ihelix_seed_hmm   2 eelvalvllLlvAGheTTtnaiswalllLlrh 33 
                           +l+a v ++++ Gh+TT++ isw+l++L++h
  sp|Q8SPK0|CP4AP_PIG 303 TDLRAEVDTFMFEGHDTTASGISWILYALASH 334
                          689***************************98 PP

>> sp|Q8SPK1|CP4AO_PIG  Cytochrome P450 4A24 OS=Sus scrofa OX=9823 GN=CYP4A24 PE=2 SV=1
   #    score  bias  c-Evalue  i-Evalue hmmfrom  hmm to    alifrom  ali to    envfrom  env to     acc
 ---   ------ ----- --------- --------- ------- -------    ------- -------    ------- -------    ----
   1 !   32.4   0.1   1.2e-09   2.1e-06       2      33 .]     303     334 ..     302     334 .. 0.95

  Alignments for each domain:
  == domain 1  score: 32.4 bits;  conditional E-value: 1.2e-09
      ihelix_seed_hmm   2 eelvalvllLlvAGheTTtnaiswalllLlrh 33 
                           +l+a v ++++ Gh+TT++ isw+l++L++h
  sp|Q8SPK1|CP4AO_PIG 303 TDLRAEVDTFMFEGHDTTASGISWILYALASH 334
                          689***************************98 PP

>> sp|P33263|CP2CQ_MESAU  Cytochrome P450 2C26 OS=Mesocricetus auratus OX=10036 GN=CYP2C26 PE=2 SV=1
   #    score  bias  c-Evalue  i-Evalue hmmfrom  hmm to    alifrom  ali to    envfrom  env to     acc
 ---   ------ ----- --------- --------- ------- -------    ------- -------    ------- -------    ----
   1 !   31.3   2.5   2.8e-09   4.7e-06       2      33 .]     285     316 ..     285     316 .. 0.97

  Alignments for each domain:
  == domain 1  score: 31.3 bits;  conditional E-value: 2.8e-09
        ihelix_seed_hmm   2 eelvalvllLlvAGheTTtnaiswalllLlrh 33 
                            e+l+ +v +L++AG+eTT++++++alllLl+h
  sp|P33263|CP2CQ_MESAU 285 ENLATTVSDLFAAGTETTSTTLRYALLLLLKH 316
                            78999*************************99 PP

>> sp|Q09128|CP24A_RAT  1,25-dihydroxyvitamin D(3) 24-hydroxylase, mitochondrial OS=Rattus norvegicus OX=10116 GN=Cyp24a
   #    score  bias  c-Evalue  i-Evalue hmmfrom  hmm to    alifrom  ali to    envfrom  env to     acc
 ---   ------ ----- --------- --------- ------- -------    ------- -------    ------- -------    ----
   1 !   31.4   0.1   2.7e-09   4.5e-06       2      33 .]     314     345 ..     313     345 .. 0.97

  Alignments for each domain:
  == domain 1  score: 31.4 bits;  conditional E-value: 2.7e-09
      ihelix_seed_hmm   2 eelvalvllLlvAGheTTtnaiswalllLlrh 33 
                          +el a+v++L++A++eTT+n++ w+l+ L+r+
  sp|Q09128|CP24A_RAT 314 KELYAAVTELQLAAVETTANSLMWILYNLSRN 345
                          799***************************98 PP

>> sp|A0A517FNC6|C9B51_TRIFG  Cholesterol 22-monohydroxylase CYP90B51 OS=Trigonella foenum-graecum OX=78534 GN=CYP90B51 
   #    score  bias  c-Evalue  i-Evalue hmmfrom  hmm to    alifrom  ali to    envfrom  env to     acc
 ---   ------ ----- --------- --------- ------- -------    ------- -------    ------- -------    ----
   1 !   31.2   0.7   3.1e-09   5.3e-06       2      30 ..     276     304 ..     275     304 .. 0.96

  Alignments for each domain:
  == domain 1  score: 31.2 bits;  conditional E-value: 3.1e-09
            ihelix_seed_hmm   2 eelvalvllLlvAGheTTtnaiswalllL 30 
                                e++++l+l+Ll+AGheT++ +i+ a+++L
  sp|A0A517FNC6|C9B51_TRIFG 276 EQILDLILSLLFAGHETSSVSIALAIYFL 304
                                89*************************98 PP

>> sp|Q87AV9|C1332_XYLFT  Putative cytochrome P450 133B2 OS=Xylella fastidiosa (strain Temecula1 / ATCC 700964) OX=18319
   #    score  bias  c-Evalue  i-Evalue hmmfrom  hmm to    alifrom  ali to    envfrom  env to     acc
 ---   ------ ----- --------- --------- ------- -------    ------- -------    ------- -------    ----
   1 !   31.2   0.4     3e-09   5.1e-06       1      33 []     225     257 ..     225     257 .. 0.96

  Alignments for each domain:
  == domain 1  score: 31.2 bits;  conditional E-value: 3e-09
        ihelix_seed_hmm   1 deelvalvllLlvAGheTTtnaiswalllLlrh 33 
                            ++e+v++v+lLl++G eTT+n+i++al++L rh
  sp|Q87AV9|C1332_XYLFT 225 HDEIVSNVILLLLGGYETTSNMIGNALIALHRH 257
                            69***************************9887 PP

>> sp|Q64441|CP24A_MOUSE  1,25-dihydroxyvitamin D(3) 24-hydroxylase, mitochondrial OS=Mus musculus OX=10090 GN=Cyp24a1 P
   #    score  bias  c-Evalue  i-Evalue hmmfrom  hmm to    alifrom  ali to    envfrom  env to     acc
 ---   ------ ----- --------- --------- ------- -------    ------- -------    ------- -------    ----
   1 !   31.4   0.1   2.7e-09   4.5e-06       2      33 .]     314     345 ..     313     345 .. 0.97

  Alignments for each domain:
  == domain 1  score: 31.4 bits;  conditional E-value: 2.7e-09
        ihelix_seed_hmm   2 eelvalvllLlvAGheTTtnaiswalllLlrh 33 
                            +el a+v++L++A++eTT+n++ w+l+ L+r+
  sp|Q64441|CP24A_MOUSE 314 KELYAAVTELQLAAVETTANSLMWILYNLSRN 345
                            799***************************98 PP

>> sp|P55540|CPXU_SINFN  Cytochrome P450 BJ-4 homolog OS=Sinorhizobium fredii (strain NBRC 101917 / NGR234) OX=394 GN=cy
   #    score  bias  c-Evalue  i-Evalue hmmfrom  hmm to    alifrom  ali to    envfrom  env to     acc
 ---   ------ ----- --------- --------- ------- -------    ------- -------    ------- -------    ----
   1 !   31.3   0.5   2.9e-09   4.9e-06       4      32 ..     248     276 ..     245     277 .. 0.94

  Alignments for each domain:
  == domain 1  score: 31.3 bits;  conditional E-value: 2.9e-09
       ihelix_seed_hmm   4 lvalvllLlvAGheTTtnaiswalllLlr 32 
                           lva++ lLl+AGh+TT+++ +w++++L+r
  sp|P55540|CPXU_SINFN 248 LVANIRLLLLAGHDTTASTMAWMVIELAR 276
                           7999***********************98 PP

>> sp|Q9PGE6|C1332_XYLFA  Putative cytochrome P450 133B2 OS=Xylella fastidiosa (strain 9a5c) OX=160492 GN=cyp133B2 PE=3 
   #    score  bias  c-Evalue  i-Evalue hmmfrom  hmm to    alifrom  ali to    envfrom  env to     acc
 ---   ------ ----- --------- --------- ------- -------    ------- -------    ------- -------    ----
   1 !   31.2   0.4     3e-09   5.1e-06       1      33 []     225     257 ..     225     257 .. 0.96

  Alignments for each domain:
  == domain 1  score: 31.2 bits;  conditional E-value: 3e-09
        ihelix_seed_hmm   1 deelvalvllLlvAGheTTtnaiswalllLlrh 33 
                            ++e+v++v+lLl++G eTT+n+i++al++L rh
  sp|Q9PGE6|C1332_XYLFA 225 HDEIVSNVILLLLGGYETTSNMIGNALIALHRH 257
                            69***************************9887 PP

>> sp|Q9HGE0|FUM6_GIBM7  Bifunctional cytochrome P450/NADPH--P450 reductase OS=Gibberella moniliformis (strain M3125 / F
   #    score  bias  c-Evalue  i-Evalue hmmfrom  hmm to    alifrom  ali to    envfrom  env to     acc
 ---   ------ ----- --------- --------- ------- -------    ------- -------    ------- -------    ----
   1 !   31.0   0.2   3.6e-09   6.1e-06       3      33 .]     273     303 ..     272     303 .. 0.95

  Alignments for each domain:
  == domain 1  score: 31.0 bits;  conditional E-value: 3.6e-09
       ihelix_seed_hmm   3 elvalvllLlvAGheTTtnaiswalllLlrh 33 
                            +v++ l++l+AGheTT++++s+ +++Ll++
  sp|Q9HGE0|FUM6_GIBM7 273 SIVDNLLTFLIAGHETTSSLLSFCFYYLLEN 303
                           6999*************************97 PP

>> sp|Q9QXF7|CP2J4_RAT  Cytochrome P450 2J4 OS=Rattus norvegicus OX=10116 GN=CYP2J4 PE=1 SV=1
   #    score  bias  c-Evalue  i-Evalue hmmfrom  hmm to    alifrom  ali to    envfrom  env to     acc
 ---   ------ ----- --------- --------- ------- -------    ------- -------    ------- -------    ----
   1 !   30.8   1.0     4e-09   6.8e-06       9      32 ..     305     328 ..     297     329 .. 0.91

  Alignments for each domain:
  == domain 1  score: 30.8 bits;  conditional E-value: 4e-09
      ihelix_seed_hmm   9 llLlvAGheTTtnaiswalllLlr 32 
                          l+L++AG+eTT+++++wall+++ 
  sp|Q9QXF7|CP2J4_RAT 305 LDLFFAGTETTSTTLRWALLYMAL 328
                          89********************96 PP

>> sp|P9WPP2|CP124_MYCTO  Methyl-branched lipid omega-hydroxylase OS=Mycobacterium tuberculosis (strain CDC 1551 / Oshko
   #    score  bias  c-Evalue  i-Evalue hmmfrom  hmm to    alifrom  ali to    envfrom  env to     acc
 ---   ------ ----- --------- --------- ------- -------    ------- -------    ------- -------    ----
   1 !   31.2   0.1     3e-09   5.1e-06       3      33 .]     256     286 ..     254     286 .. 0.96

  Alignments for each domain:
  == domain 1  score: 31.2 bits;  conditional E-value: 3e-09
        ihelix_seed_hmm   3 elvalvllLlvAGheTTtnaiswalllLlrh 33 
                            e++++++lL vAG+eTT nai+ ++l+L+r+
  sp|P9WPP2|CP124_MYCTO 256 EIASFFILLVVAGNETTRNAITHGVLALSRY 286
                            9****************************97 PP

>> sp|O42430|CP1A1_LIMLI  Cytochrome P450 1A1 OS=Limanda limanda OX=27771 GN=cyp1a1 PE=2 SV=1
   #    score  bias  c-Evalue  i-Evalue hmmfrom  hmm to    alifrom  ali to    envfrom  env to     acc
 ---   ------ ----- --------- --------- ------- -------    ------- -------    ------- -------    ----
   1 !   30.8   0.0   4.1e-09   6.9e-06       1      33 []     309     341 ..     309     341 .. 0.97

  Alignments for each domain:
  == domain 1  score: 30.8 bits;  conditional E-value: 4.1e-09
        ihelix_seed_hmm   1 deelvalvllLlvAGheTTtnaiswalllLlrh 33 
                            de +v++v +L+ AG +T+++a+sw++++L+ h
  sp|O42430|CP1A1_LIMLI 309 DEKIVGIVNDLFGAGFDTVSTALSWSVMYLVAH 341
                            789***************************988 PP

>> sp|Q9YH64|CP1A1_PLAFE  Cytochrome P450 1A1 OS=Platichthys flesus OX=8260 GN=cyp1a1 PE=3 SV=1
   #    score  bias  c-Evalue  i-Evalue hmmfrom  hmm to    alifrom  ali to    envfrom  env to     acc
 ---   ------ ----- --------- --------- ------- -------    ------- -------    ------- -------    ----
   1 !   30.8   0.0   4.1e-09   6.9e-06       1      33 []     309     341 ..     309     341 .. 0.97

  Alignments for each domain:
  == domain 1  score: 30.8 bits;  conditional E-value: 4.1e-09
        ihelix_seed_hmm   1 deelvalvllLlvAGheTTtnaiswalllLlrh 33 
                            de +v++v +L+ AG +T+++a+sw++++L+ h
  sp|Q9YH64|CP1A1_PLAFE 309 DEKIVGIVNDLFGAGFDTVSTALSWSVMYLVAH 341
                            789***************************988 PP

>> sp|P0A517|CP124_MYCBO  Methyl-branched lipid omega-hydroxylase OS=Mycobacterium bovis (strain ATCC BAA-935 / AF2122/9
   #    score  bias  c-Evalue  i-Evalue hmmfrom  hmm to    alifrom  ali to    envfrom  env to     acc
 ---   ------ ----- --------- --------- ------- -------    ------- -------    ------- -------    ----
   1 !   31.2   0.1     3e-09   5.1e-06       3      33 .]     256     286 ..     254     286 .. 0.96

  Alignments for each domain:
  == domain 1  score: 31.2 bits;  conditional E-value: 3e-09
        ihelix_seed_hmm   3 elvalvllLlvAGheTTtnaiswalllLlrh 33 
                            e++++++lL vAG+eTT nai+ ++l+L+r+
  sp|P0A517|CP124_MYCBO 256 EIASFFILLVVAGNETTRNAITHGVLALSRY 286
                            9****************************97 PP

>> sp|P9WPP3|CP124_MYCTU  Methyl-branched lipid omega-hydroxylase OS=Mycobacterium tuberculosis (strain ATCC 25618 / H37
   #    score  bias  c-Evalue  i-Evalue hmmfrom  hmm to    alifrom  ali to    envfrom  env to     acc
 ---   ------ ----- --------- --------- ------- -------    ------- -------    ------- -------    ----
   1 !   31.2   0.1     3e-09   5.1e-06       3      33 .]     256     286 ..     254     286 .. 0.96

  Alignments for each domain:
  == domain 1  score: 31.2 bits;  conditional E-value: 3e-09
        ihelix_seed_hmm   3 elvalvllLlvAGheTTtnaiswalllLlrh 33 
                            e++++++lL vAG+eTT nai+ ++l+L+r+
  sp|P9WPP3|CP124_MYCTU 256 EIASFFILLVVAGNETTRNAITHGVLALSRY 286
                            9****************************97 PP

>> sp|Q92100|CP1A1_PLEPL  Cytochrome P450 1A1 OS=Pleuronectes platessa OX=8262 GN=cyp1a1 PE=2 SV=1
   #    score  bias  c-Evalue  i-Evalue hmmfrom  hmm to    alifrom  ali to    envfrom  env to     acc
 ---   ------ ----- --------- --------- ------- -------    ------- -------    ------- -------    ----
   1 !   30.8   0.0   4.1e-09   6.9e-06       1      33 []     309     341 ..     309     341 .. 0.97

  Alignments for each domain:
  == domain 1  score: 30.8 bits;  conditional E-value: 4.1e-09
        ihelix_seed_hmm   1 deelvalvllLlvAGheTTtnaiswalllLlrh 33 
                            de +v++v +L+ AG +T+++a+sw++++L+ h
  sp|Q92100|CP1A1_PLEPL 309 DEKIVGIVNDLFGAGFDTVSTALSWSVMYLVAH 341
                            789***************************988 PP

>> sp|Q42716|C71A8_MENPI  Cytochrome P450 71A8 OS=Mentha piperita OX=34256 GN=CYP71A8 PE=3 SV=1
   #    score  bias  c-Evalue  i-Evalue hmmfrom  hmm to    alifrom  ali to    envfrom  env to     acc
 ---   ------ ----- --------- --------- ------- -------    ------- -------    ------- -------    ----
   1 !   30.6   0.1   4.6e-09   7.7e-06       2      33 .]     296     327 ..     295     327 .. 0.96

  Alignments for each domain:
  == domain 1  score: 30.6 bits;  conditional E-value: 4.6e-09
        ihelix_seed_hmm   2 eelvalvllLlvAGheTTtnaiswalllLlrh 33 
                            + ++a++l++++AG++TT+ ++ wa+ +Llrh
  sp|Q42716|C71A8_MENPI 296 DSIKAIILDVFAAGTDTTAVVLEWAMTELLRH 327
                            5799***************************9 PP

>> sp|Q08078|CP2CP_MESAU  Cytochrome P450 2C25 OS=Mesocricetus auratus OX=10036 GN=CYP2C25 PE=2 SV=1
   #    score  bias  c-Evalue  i-Evalue hmmfrom  hmm to    alifrom  ali to    envfrom  env to     acc
 ---   ------ ----- --------- --------- ------- -------    ------- -------    ------- -------    ----
   1 !   30.9   3.0   3.8e-09   6.4e-06       2      33 .]     285     316 ..     284     316 .. 0.97

  Alignments for each domain:
  == domain 1  score: 30.9 bits;  conditional E-value: 3.8e-09
        ihelix_seed_hmm   2 eelvalvllLlvAGheTTtnaiswalllLlrh 33 
                            e+l+ +v +L+ AG+eTT++++++alllLl+h
  sp|Q08078|CP2CP_MESAU 285 ENLTTTVSDLFGAGTETTSTTLRYALLLLLKH 316
                            899***************************99 PP

>> sp|P37121|C76A1_SOLME  Cytochrome P450 76A1 (Fragment) OS=Solanum melongena OX=4111 GN=CYP76A1 PE=2 SV=1
   #    score  bias  c-Evalue  i-Evalue hmmfrom  hmm to    alifrom  ali to    envfrom  env to     acc
 ---   ------ ----- --------- --------- ------- -------    ------- -------    ------- -------    ----
   1 !   31.0   0.7   3.4e-09   5.7e-06       1      33 []     258     290 ..     258     290 .. 0.97

  Alignments for each domain:
  == domain 1  score: 31.0 bits;  conditional E-value: 3.4e-09
        ihelix_seed_hmm   1 deelvalvllLlvAGheTTtnaiswalllLlrh 33 
                            ++e++ ++l++++AG+eTT+++  wal +Llrh
  sp|P37121|C76A1_SOLME 258 EDEITVIILEMFLAGTETTSSSVEWALTELLRH 290
                            59******************************9 PP

>> sp|Q95328|CP17A_HORSE  Steroid 17-alpha-hydroxylase/17,20 lyase OS=Equus caballus OX=9796 GN=CYP17A1 PE=2 SV=1
   #    score  bias  c-Evalue  i-Evalue hmmfrom  hmm to    alifrom  ali to    envfrom  env to     acc
 ---   ------ ----- --------- --------- ------- -------    ------- -------    ------- -------    ----
   1 !   30.0   0.1   7.2e-09   1.2e-05       1      32 [.     289     320 ..     289     321 .. 0.96

  Alignments for each domain:
  == domain 1  score: 30.0 bits;  conditional E-value: 7.2e-09
        ihelix_seed_hmm   1 deelvalvllLlvAGheTTtnaiswalllLlr 32 
                            d++++a++ +++ AG+eTTt++  w++ +Ll+
  sp|Q95328|CP17A_HORSE 289 DKHILATIGDIFGAGVETTTSVVKWIVAFLLH 320
                            789***************************95 PP

>> sp|O54750|CP2J6_MOUSE  Cytochrome P450 2J6 OS=Mus musculus OX=10090 GN=Cyp2j6 PE=2 SV=2
   #    score  bias  c-Evalue  i-Evalue hmmfrom  hmm to    alifrom  ali to    envfrom  env to     acc
 ---   ------ ----- --------- --------- ------- -------    ------- -------    ------- -------    ----
   1 !   30.8   1.0     4e-09   6.8e-06       9      32 ..     305     328 ..     297     329 .. 0.91

  Alignments for each domain:
  == domain 1  score: 30.8 bits;  conditional E-value: 4e-09
        ihelix_seed_hmm   9 llLlvAGheTTtnaiswalllLlr 32 
                            l+L++AG+eTT+++++wall+++ 
  sp|O54750|CP2J6_MOUSE 305 LDLFFAGTETTSTTLRWALLYMAL 328
                            89********************96 PP

>> sp|P51589|CP2J2_HUMAN  Cytochrome P450 2J2 OS=Homo sapiens OX=9606 GN=CYP2J2 PE=1 SV=2
   #    score  bias  c-Evalue  i-Evalue hmmfrom  hmm to    alifrom  ali to    envfrom  env to     acc
 ---   ------ ----- --------- --------- ------- -------    ------- -------    ------- -------    ----
   1 !   30.8   1.0     4e-09   6.9e-06       9      32 ..     306     329 ..     298     330 .. 0.91

  Alignments for each domain:
  == domain 1  score: 30.8 bits;  conditional E-value: 4e-09
        ihelix_seed_hmm   9 llLlvAGheTTtnaiswalllLlr 32 
                            l+L++AG+eTT+++++wall+++ 
  sp|P51589|CP2J2_HUMAN 306 LDLFFAGTETTSTTLRWALLYMAL 329
                            89********************96 PP

>> sp|A0A0S1TQ04|C71BE_SALPM  Salviol synthase OS=Salvia pomifera OX=396869 GN=CYP71BE52 PE=1 SV=1
   #    score  bias  c-Evalue  i-Evalue hmmfrom  hmm to    alifrom  ali to    envfrom  env to     acc
 ---   ------ ----- --------- --------- ------- -------    ------- -------    ------- -------    ----
   1 !   30.8   0.0     4e-09   6.8e-06       1      33 []     284     316 ..     284     316 .. 0.97

  Alignments for each domain:
  == domain 1  score: 30.8 bits;  conditional E-value: 4e-09
            ihelix_seed_hmm   1 deelvalvllLlvAGheTTtnaiswalllLlrh 33 
                                de++++  +++lvAG eT++++i wa+ ++l++
  sp|A0A0S1TQ04|C71BE_SALPM 284 DENIKSVLVDMLVAGSETSSTVIEWAMAEMLKN 316
                                79*****************************98 PP

>> sp|Q27515|C13A6_CAEEL  Putative cytochrome P450 CYP13A6 OS=Caenorhabditis elegans OX=6239 GN=cyp-13A6 PE=3 SV=1
   #    score  bias  c-Evalue  i-Evalue hmmfrom  hmm to    alifrom  ali to    envfrom  env to     acc
 ---   ------ ----- --------- --------- ------- -------    ------- -------    ------- -------    ----
   1 !   30.6   0.4   4.5e-09   7.7e-06       2      33 .]     312     343 ..     312     343 .. 0.98

  Alignments for each domain:
  == domain 1  score: 30.6 bits;  conditional E-value: 4.5e-09
        ihelix_seed_hmm   2 eelvalvllLlvAGheTTtnaiswalllLlrh 33 
                            +e++a++ ++l+AG +TT+ ++s+a++lL++h
  sp|Q27515|C13A6_CAEEL 312 DEIIAQCFVFLAAGFDTTALSLSYATYLLATH 343
                            79*****************************9 PP

>> sp|O46051|C4D14_DROME  Probable cytochrome P450 4d14 OS=Drosophila melanogaster OX=7227 GN=Cyp4d14 PE=3 SV=1
   #    score  bias  c-Evalue  i-Evalue hmmfrom  hmm to    alifrom  ali to    envfrom  env to     acc
 ---   ------ ----- --------- --------- ------- -------    ------- -------    ------- -------    ----
   1 !   30.6   0.0   4.6e-09   7.8e-06       2      33 .]     303     334 ..     302     334 .. 0.95

  Alignments for each domain:
  == domain 1  score: 30.6 bits;  conditional E-value: 4.6e-09
        ihelix_seed_hmm   2 eelvalvllLlvAGheTTtnaiswalllLlrh 33 
                            ++++  v ++++ Gh+TTt++i+++++lL+rh
  sp|O46051|C4D14_DROME 303 DDIREEVDTFMFEGHDTTTSSIAFTCYLLARH 334
                            68889999***********************9 PP

>> sp|P70687|CP17A_MESAU  Steroid 17-alpha-hydroxylase/17,20 lyase OS=Mesocricetus auratus OX=10036 GN=CYP17A1 PE=2 SV=1
   #    score  bias  c-Evalue  i-Evalue hmmfrom  hmm to    alifrom  ali to    envfrom  env to     acc
 ---   ------ ----- --------- --------- ------- -------    ------- -------    ------- -------    ----
   1 !   30.5   1.7   5.1e-09   8.6e-06       3      33 .]     291     321 ..     289     321 .. 0.95

  Alignments for each domain:
  == domain 1  score: 30.5 bits;  conditional E-value: 5.1e-09
        ihelix_seed_hmm   3 elvalvllLlvAGheTTtnaiswalllLlrh 33 
                            +++a++ +++ AG+eTT++++sw++ +Ll++
  sp|P70687|CP17A_MESAU 291 HILATIADIFGAGIETTASVLSWIIAFLLHN 321
                            799**************************87 PP

>> sp|A0A4D6Q414|CYP2_CROXC  Flavonoid 3',5'-hydroxylase CYP75B138 OS=Crocosmia x crocosmiiflora OX=1053288 GN=CYP75B138
   #    score  bias  c-Evalue  i-Evalue hmmfrom  hmm to    alifrom  ali to    envfrom  env to     acc
 ---   ------ ----- --------- --------- ------- -------    ------- -------    ------- -------    ----
   1 !   30.6   1.1   4.7e-09     8e-06       3      33 .]     305     335 ..     303     335 .. 0.95

  Alignments for each domain:
  == domain 1  score: 30.6 bits;  conditional E-value: 4.7e-09
           ihelix_seed_hmm   3 elvalvllLlvAGheTTtnaiswalllLlrh 33 
                                ++alvl+Ll+AG++T++++i wal +L+rh
  sp|A0A4D6Q414|CYP2_CROXC 305 AIKALVLNLLTAGTDTSSSTIEWALTELIRH 335
                               589***************************9 PP

>> sp|P12394|CP17A_CHICK  Steroid 17-alpha-hydroxylase/17,20 lyase OS=Gallus gallus OX=9031 GN=CYP17A1 PE=2 SV=1
   #    score  bias  c-Evalue  i-Evalue hmmfrom  hmm to    alifrom  ali to    envfrom  env to     acc
 ---   ------ ----- --------- --------- ------- -------    ------- -------    ------- -------    ----
   1 !   31.2   0.5   3.1e-09   5.2e-06       1      33 []     292     324 ..     292     324 .. 0.94

  Alignments for each domain:
  == domain 1  score: 31.2 bits;  conditional E-value: 3.1e-09
        ihelix_seed_hmm   1 deelvalvllLlvAGheTTtnaiswalllLlrh 33 
                            d++l+ +v +++ AG+eTTt+++ wa+l+Ll++
  sp|P12394|CP17A_CHICK 292 DDHLLMTVGDIFGAGVETTTTVLKWAVLYLLHY 324
                            789999************************975 PP

>> sp|F4IK45|C70B2_ARATH  Cytochrome P450 709B2 OS=Arabidopsis thaliana OX=3702 GN=CYP709B2 PE=2 SV=1
   #    score  bias  c-Evalue  i-Evalue hmmfrom  hmm to    alifrom  ali to    envfrom  env to     acc
 ---   ------ ----- --------- --------- ------- -------    ------- -------    ------- -------    ----
   1 !   31.6   0.5   2.2e-09   3.7e-06       2      33 .]     367     398 ..     366     398 .. 0.93

  Alignments for each domain:
  == domain 1  score: 31.6 bits;  conditional E-value: 2.2e-09
        ihelix_seed_hmm   2 eelvalvllLlvAGheTTtnaiswalllLlrh 33 
                            +e++  + ++++AGheTT+n+++w+++lL+ h
  sp|F4IK45|C70B2_ARATH 367 DEIIEECKTFFFAGHETTANLLTWSTMLLSLH 398
                            68888999*********************987 PP

>> sp|O64635|C76C4_ARATH  Cytochrome P450 76C4 OS=Arabidopsis thaliana OX=3702 GN=CYP76C4 PE=3 SV=1
   #    score  bias  c-Evalue  i-Evalue hmmfrom  hmm to    alifrom  ali to    envfrom  env to     acc
 ---   ------ ----- --------- --------- ------- -------    ------- -------    ------- -------    ----
   1 !   30.4   0.4   5.5e-09   9.3e-06       3      33 .]     300     330 ..     298     330 .. 0.94

  Alignments for each domain:
  == domain 1  score: 30.4 bits;  conditional E-value: 5.5e-09
        ihelix_seed_hmm   3 elvalvllLlvAGheTTtnaiswalllLlrh 33 
                            ++ +l l++++AG++T+++++ wa+ +Llr+
  sp|O64635|C76C4_ARATH 300 DIEHLLLDMFTAGTDTSSSTLEWAMAELLRN 330
                            78899*************************8 PP

>> sp|P04799|CP1A2_RAT  Cytochrome P450 1A2 OS=Rattus norvegicus OX=10116 GN=Cyp1a2 PE=1 SV=2
   #    score  bias  c-Evalue  i-Evalue hmmfrom  hmm to    alifrom  ali to    envfrom  env to     acc
 ---   ------ ----- --------- --------- ------- -------    ------- -------    ------- -------    ----
   1 !   30.3   0.2   5.7e-09   9.6e-06       2      32 ..     303     333 ..     302     334 .. 0.94

  Alignments for each domain:
  == domain 1  score: 30.3 bits;  conditional E-value: 5.7e-09
      ihelix_seed_hmm   2 eelvalvllLlvAGheTTtnaiswalllLlr 32 
                          e +v++v +++ AG eT+t+ai+w++llL++
  sp|P04799|CP1A2_RAT 303 EKIVNIVNDIFGAGFETVTTAIFWSILLLVT 333
                          679**************************87 PP

>> sp|O04773|C75A6_CAMME  Flavonoid 3',5'-hydroxylase OS=Campanula medium OX=56154 GN=CYP75A6 PE=2 SV=1
   #    score  bias  c-Evalue  i-Evalue hmmfrom  hmm to    alifrom  ali to    envfrom  env to     acc
 ---   ------ ----- --------- --------- ------- -------    ------- -------    ------- -------    ----
   1 !   30.0   0.4   7.4e-09   1.3e-05       3      33 .]     307     337 ..     306     337 .. 0.95

  Alignments for each domain:
  == domain 1  score: 30.0 bits;  conditional E-value: 7.4e-09
        ihelix_seed_hmm   3 elvalvllLlvAGheTTtnaiswalllLlrh 33 
                            +++al l+L++AG++T++++i wal ++l+h
  sp|O04773|C75A6_CAMME 307 NVKALLLDLFTAGTDTSSSVIEWALAEMLNH 337
                            5789*************************98 PP

>> sp|F1SYH0|CY205_POSPM  Cytochrome P450 monooxygenase 205 OS=Postia placenta (strain ATCC 44394 / Madison 698-R) OX=56
   #    score  bias  c-Evalue  i-Evalue hmmfrom  hmm to    alifrom  ali to    envfrom  env to     acc
 ---   ------ ----- --------- --------- ------- -------    ------- -------    ------- -------    ----
   1 !   30.1   0.1   6.5e-09   1.1e-05       1      31 [.     312     342 ..     312     343 .. 0.94

  Alignments for each domain:
  == domain 1  score: 30.1 bits;  conditional E-value: 6.5e-09
        ihelix_seed_hmm   1 deelvalvllLlvAGheTTtnaiswalllLl 31 
                            de+++a+v ++lvAGheTT+na++w l++L 
  sp|F1SYH0|CY205_POSPM 312 DEDVLAQVPTFLVAGHETTSNATAWCLYALT 342
                            7999999*********************995 PP

>> sp|P05183|CP3A2_RAT  Cytochrome P450 3A2 OS=Rattus norvegicus OX=10116 GN=Cyp3a2 PE=1 SV=2
   #    score  bias  c-Evalue  i-Evalue hmmfrom  hmm to    alifrom  ali to    envfrom  env to     acc
 ---   ------ ----- --------- --------- ------- -------    ------- -------    ------- -------    ----
   1 !   30.7   0.3   4.3e-09   7.3e-06       2      33 .]     294     325 ..     293     325 .. 0.96

  Alignments for each domain:
  == domain 1  score: 30.7 bits;  conditional E-value: 4.3e-09
      ihelix_seed_hmm   2 eelvalvllLlvAGheTTtnaiswalllLlrh 33 
                           e++a+ + +++AG eTT++++s++l++L++h
  sp|P05183|CP3A2_RAT 294 VEIIAQSVIFIFAGYETTSSTLSFVLYFLATH 325
                          59*****************************9 PP

>> sp|Q96581|C75A4_GENTR  Flavonoid 3',5'-hydroxylase OS=Gentiana triflora OX=55190 GN=CYP75A4 PE=2 SV=1
   #    score  bias  c-Evalue  i-Evalue hmmfrom  hmm to    alifrom  ali to    envfrom  env to     acc
 ---   ------ ----- --------- --------- ------- -------    ------- -------    ------- -------    ----
   1 !   29.9   0.5   7.8e-09   1.3e-05       2      33 .]     297     328 ..     296     328 .. 0.97

  Alignments for each domain:
  == domain 1  score: 29.9 bits;  conditional E-value: 7.8e-09
        ihelix_seed_hmm   2 eelvalvllLlvAGheTTtnaiswalllLlrh 33 
                            ++++al l+L++AG++T+++ i wal +Ll++
  sp|Q96581|C75A4_GENTR 297 DNIKALLLNLFTAGTDTSSSIIEWALAELLKN 328
                            89****************************98 PP

>> sp|P08686|CP21A_HUMAN  Steroid 21-hydroxylase OS=Homo sapiens OX=9606 GN=CYP21A2 PE=1 SV=2
   #    score  bias  c-Evalue  i-Evalue hmmfrom  hmm to    alifrom  ali to    envfrom  env to     acc
 ---   ------ ----- --------- --------- ------- -------    ------- -------    ------- -------    ----
   1 !   30.4   3.0   5.4e-09   9.2e-06       7      33 .]     285     311 ..     281     311 .. 0.93

  Alignments for each domain:
  == domain 1  score: 30.4 bits;  conditional E-value: 5.4e-09
        ihelix_seed_hmm   7 lvllLlvAGheTTtnaiswalllLlrh 33 
                            ++++Ll++G+eTT+n++swa+ +Ll+h
  sp|P08686|CP21A_HUMAN 285 AAVDLLIGGTETTANTLSWAVVFLLHH 311
                            689**********************98 PP

>> sp|P00187|CP1A2_RABIT  Cytochrome P450 1A2 OS=Oryctolagus cuniculus OX=9986 GN=CYP1A2 PE=1 SV=3
   #    score  bias  c-Evalue  i-Evalue hmmfrom  hmm to    alifrom  ali to    envfrom  env to     acc
 ---   ------ ----- --------- --------- ------- -------    ------- -------    ------- -------    ----
   1 !   30.3   0.1     6e-09     1e-05       2      33 .]     305     336 ..     304     336 .. 0.96

  Alignments for each domain:
  == domain 1  score: 30.3 bits;  conditional E-value: 6e-09
        ihelix_seed_hmm   2 eelvalvllLlvAGheTTtnaiswalllLlrh 33 
                            e +v+lv +++ AG +T t+a+sw+l++L+++
  sp|P00187|CP1A2_RABIT 305 EKIVNLVNDIFGAGFDTITTALSWSLMYLVTN 336
                            679***************************98 PP

>> sp|F1SYE5|CY169_POSPM  Cytochrome P450 monooxygenase 169 OS=Postia placenta (strain ATCC 44394 / Madison 698-R) OX=56
   #    score  bias  c-Evalue  i-Evalue hmmfrom  hmm to    alifrom  ali to    envfrom  env to     acc
 ---   ------ ----- --------- --------- ------- -------    ------- -------    ------- -------    ----
   1 !   30.1   0.1   6.5e-09   1.1e-05       1      31 [.     312     342 ..     312     343 .. 0.94

  Alignments for each domain:
  == domain 1  score: 30.1 bits;  conditional E-value: 6.5e-09
        ihelix_seed_hmm   1 deelvalvllLlvAGheTTtnaiswalllLl 31 
                            de+++a+v ++lvAGheTT+na++w l++L 
  sp|F1SYE5|CY169_POSPM 312 DEDVLAQVPTFLVAGHETTSNATAWCLYALT 342
                            7999999*********************995 PP

>> sp|O93297|CP2K4_ONCMY  Cytochrome P450 2K4 OS=Oncorhynchus mykiss OX=8022 GN=cyp2k4 PE=2 SV=1
   #    score  bias  c-Evalue  i-Evalue hmmfrom  hmm to    alifrom  ali to    envfrom  env to     acc
 ---   ------ ----- --------- --------- ------- -------    ------- -------    ------- -------    ----
   1 !   31.3   0.5   2.7e-09   4.6e-06       1      33 []     297     329 ..     297     329 .. 0.95

  Alignments for each domain:
  == domain 1  score: 31.3 bits;  conditional E-value: 2.7e-09
        ihelix_seed_hmm   1 deelvalvllLlvAGheTTtnaiswalllLlrh 33 
                            d++l+  + +L+ AG++TT+++++w+lll++++
  sp|O93297|CP2K4_ONCMY 297 DDNLLFSIGNLFGAGTDTTGTTLRWGLLLMAKY 329
                            7899999***********************986 PP

>> sp|Q91Z85|CP17A_PERLE  Steroid 17-alpha-hydroxylase/17,20 lyase OS=Peromyscus leucopus OX=10041 GN=Cyp17a1 PE=3 SV=1
   #    score  bias  c-Evalue  i-Evalue hmmfrom  hmm to    alifrom  ali to    envfrom  env to     acc
 ---   ------ ----- --------- --------- ------- -------    ------- -------    ------- -------    ----
   1 !   30.1   0.4   6.5e-09   1.1e-05       1      33 []     287     319 ..     287     319 .. 0.96

  Alignments for each domain:
  == domain 1  score: 30.1 bits;  conditional E-value: 6.5e-09
        ihelix_seed_hmm   1 deelvalvllLlvAGheTTtnaiswalllLlrh 33 
                            d++++++v +++ AG+eTTt+++ w++ +Ll++
  sp|Q91Z85|CP17A_PERLE 287 DSHILSTVGDFFGAGIETTTSVLCWIVAFLLHN 319
                            789****************************87 PP

>> sp|Q01741|CP1A2_CHICK  Cytochrome P450 1A2 (Fragment) OS=Gallus gallus OX=9031 GN=CYP1A2 PE=2 SV=1
   #    score  bias  c-Evalue  i-Evalue hmmfrom  hmm to    alifrom  ali to    envfrom  env to     acc
 ---   ------ ----- --------- --------- ------- -------    ------- -------    ------- -------    ----
   1 !   30.5   0.1   4.9e-09   8.3e-06       2      32 ..      42      72 ..      41      73 .. 0.95

  Alignments for each domain:
  == domain 1  score: 30.5 bits;  conditional E-value: 4.9e-09
        ihelix_seed_hmm  2 eelvalvllLlvAGheTTtnaiswalllLlr 32
                           e +++lv +++ AG +T+t+a+sw+l++L++
  sp|Q01741|CP1A2_CHICK 42 EKIINLVNDIFGAGFDTVTTALSWSLMYLVT 72
                           679**************************86 PP

>> sp|P17666|CP2CE_RABIT  Cytochrome P450 2C14 OS=Oryctolagus cuniculus OX=9986 GN=CYP2C14 PE=2 SV=1
   #    score  bias  c-Evalue  i-Evalue hmmfrom  hmm to    alifrom  ali to    envfrom  env to     acc
 ---   ------ ----- --------- --------- ------- -------    ------- -------    ------- -------    ----
   1 !   30.2   1.7   6.2e-09   1.1e-05       2      33 .]     285     316 ..     284     316 .. 0.95

  Alignments for each domain:
  == domain 1  score: 30.2 bits;  conditional E-value: 6.2e-09
        ihelix_seed_hmm   2 eelvalvllLlvAGheTTtnaiswalllLlrh 33 
                            e+l a+v+++++AG+eTT+++++++lllL +h
  sp|P17666|CP2CE_RABIT 285 ENLMATVTDVFAAGTETTSTTLRYGLLLLMKH 316
                            68889************************998 PP

>> sp|P17178|CP27A_RAT  Sterol 26-hydroxylase, mitochondrial OS=Rattus norvegicus OX=10116 GN=Cyp27a1 PE=1 SV=1
   #    score  bias  c-Evalue  i-Evalue hmmfrom  hmm to    alifrom  ali to    envfrom  env to     acc
 ---   ------ ----- --------- --------- ------- -------    ------- -------    ------- -------    ----
   1 !   30.1   0.2   6.7e-09   1.1e-05       6      33 .]     329     356 ..     325     356 .. 0.88

  Alignments for each domain:
  == domain 1  score: 30.1 bits;  conditional E-value: 6.7e-09
      ihelix_seed_hmm   6 alvllLlvAGheTTtnaiswalllLlrh 33 
                          +++ +L++AG++TT+n+++wal++L+++
  sp|P17178|CP27A_RAT 329 GTFPELILAGVDTTSNTLTWALYHLSKN 356
                          566689*******************998 PP

>> sp|Q59205|CPXU_BRADU  Cytochrome P450 BJ-4 OS=Bradyrhizobium diazoefficiens (strain JCM 10833 / BCRC 13528 / IAM 1362
   #    score  bias  c-Evalue  i-Evalue hmmfrom  hmm to    alifrom  ali to    envfrom  env to     acc
 ---   ------ ----- --------- --------- ------- -------    ------- -------    ------- -------    ----
   1 !   29.9   0.2   7.5e-09   1.3e-05       4      32 ..     248     276 ..     245     277 .. 0.94

  Alignments for each domain:
  == domain 1  score: 29.9 bits;  conditional E-value: 7.5e-09
       ihelix_seed_hmm   4 lvalvllLlvAGheTTtnaiswalllLlr 32 
                           lva++ lLl++Gh+TT+++ +w++++L+r
  sp|Q59205|CPXU_BRADU 248 LVANIRLLLLGGHDTTASTMAWMVIELAR 276
                           8999***********************98 PP

>> sp|Q8CIM7|CP2DQ_MOUSE  Cytochrome P450 2D26 OS=Mus musculus OX=10090 GN=Cyp2d26 PE=1 SV=1
   #    score  bias  c-Evalue  i-Evalue hmmfrom  hmm to    alifrom  ali to    envfrom  env to     acc
 ---   ------ ----- --------- --------- ------- -------    ------- -------    ------- -------    ----
   1 !   29.8   1.3   8.1e-09   1.4e-05       1      33 []     295     327 ..     295     327 .. 0.96

  Alignments for each domain:
  == domain 1  score: 29.8 bits;  conditional E-value: 8.1e-09
        ihelix_seed_hmm   1 deelvalvllLlvAGheTTtnaiswalllLlrh 33 
                            d++l+  v++L++AG+ TT++++swalll++ h
  sp|Q8CIM7|CP2DQ_MOUSE 295 DKNLRIVVIDLFMAGMVTTSTTLSWALLLMILH 327
                            7899**************************987 PP

>> sp|P05178|CP2C6_RAT  Cytochrome P450 2C6 OS=Rattus norvegicus OX=10116 GN=Cyp2c6 PE=2 SV=2
   #    score  bias  c-Evalue  i-Evalue hmmfrom  hmm to    alifrom  ali to    envfrom  env to     acc
 ---   ------ ----- --------- --------- ------- -------    ------- -------    ------- -------    ----
   1 !   29.9   1.3   7.6e-09   1.3e-05       2      32 ..     285     315 ..     284     316 .. 0.92

  Alignments for each domain:
  == domain 1  score: 29.9 bits;  conditional E-value: 7.6e-09
      ihelix_seed_hmm   2 eelvalvllLlvAGheTTtnaiswalllLlr 32 
                          e+l  +v++L+ AG+eTT++++++alllLl+
  sp|P05178|CP2C6_RAT 285 ENLSITVTDLFGAGTETTSTTLRYALLLLLK 315
                          667789***********************97 PP

>> sp|P05177|CP1A2_HUMAN  Cytochrome P450 1A2 OS=Homo sapiens OX=9606 GN=CYP1A2 PE=1 SV=4
   #    score  bias  c-Evalue  i-Evalue hmmfrom  hmm to    alifrom  ali to    envfrom  env to     acc
 ---   ------ ----- --------- --------- ------- -------    ------- -------    ------- -------    ----
   1 !   30.3   0.0   5.9e-09     1e-05       2      32 ..     305     335 ..     304     336 .. 0.95

  Alignments for each domain:
  == domain 1  score: 30.3 bits;  conditional E-value: 5.9e-09
        ihelix_seed_hmm   2 eelvalvllLlvAGheTTtnaiswalllLlr 32 
                            e +v+lv +++ AG +T+t+aisw+l++L++
  sp|P05177|CP1A2_HUMAN 305 EKIVNLVNDIFGAGFDTVTTAISWSLMYLVT 335
                            679**************************87 PP

>> sp|P48419|C75A3_PETHY  Flavonoid 3',5'-hydroxylase 2 OS=Petunia hybrida OX=4102 GN=CYP75A3 PE=2 SV=1
   #    score  bias  c-Evalue  i-Evalue hmmfrom  hmm to    alifrom  ali to    envfrom  env to     acc
 ---   ------ ----- --------- --------- ------- -------    ------- -------    ------- -------    ----
   1 !   29.5   0.9   1.1e-08   1.8e-05       3      33 .]     290     320 ..     288     320 .. 0.95

  Alignments for each domain:
  == domain 1  score: 29.5 bits;  conditional E-value: 1.1e-08
        ihelix_seed_hmm   3 elvalvllLlvAGheTTtnaiswalllLlrh 33 
                            +++al l+L++AG++T+++ai wal ++ ++
  sp|P48419|C75A3_PETHY 290 NIKALLLNLFTAGTDTSSSAIEWALAEMMKN 320
                            899*************************987 PP

>> sp|Q5RBQ1|CP1A2_PONAB  Cytochrome P450 1A2 OS=Pongo abelii OX=9601 GN=CYP1A2 PE=2 SV=3
   #    score  bias  c-Evalue  i-Evalue hmmfrom  hmm to    alifrom  ali to    envfrom  env to     acc
 ---   ------ ----- --------- --------- ------- -------    ------- -------    ------- -------    ----
   1 !   30.3   0.0   5.9e-09     1e-05       2      32 ..     305     335 ..     304     336 .. 0.95

  Alignments for each domain:
  == domain 1  score: 30.3 bits;  conditional E-value: 5.9e-09
        ihelix_seed_hmm   2 eelvalvllLlvAGheTTtnaiswalllLlr 32 
                            e +v+lv +++ AG +T+t+aisw+l++L++
  sp|Q5RBQ1|CP1A2_PONAB 305 EKIVNLVNDIFGAGFDTVTTAISWSLMYLVT 335
                            679**************************87 PP

>> sp|F1Q8C3|CP2K6_DANRE  Cytochrome P450 2K6 OS=Danio rerio OX=7955 GN=cyp2k6 PE=1 SV=1
   #    score  bias  c-Evalue  i-Evalue hmmfrom  hmm to    alifrom  ali to    envfrom  env to     acc
 ---   ------ ----- --------- --------- ------- -------    ------- -------    ------- -------    ----
   1 !   29.8   0.5   8.2e-09   1.4e-05       7      33 .]     304     330 ..     298     330 .. 0.90

  Alignments for each domain:
  == domain 1  score: 29.8 bits;  conditional E-value: 8.2e-09
        ihelix_seed_hmm   7 lvllLlvAGheTTtnaiswalllLlrh 33 
                            +v +L+ AG++TT+++++w+lll++++
  sp|F1Q8C3|CP2K6_DANRE 304 TVNNLFGAGTDTTVTTLRWGLLLMAKY 330
                            899*********************986 PP

>> sp|I3V6B1|C80BX_PAPSO  (S)-N-methylcoclaurine 3'-hydroxylase-like protein OS=Papaver somniferum OX=3469 GN=CYP80BX PE
   #    score  bias  c-Evalue  i-Evalue hmmfrom  hmm to    alifrom  ali to    envfrom  env to     acc
 ---   ------ ----- --------- --------- ------- -------    ------- -------    ------- -------    ----
   1 !   30.0   0.4   7.2e-09   1.2e-05       1      33 []     279     311 ..     279     311 .. 0.95

  Alignments for each domain:
  == domain 1  score: 30.0 bits;  conditional E-value: 7.2e-09
        ihelix_seed_hmm   1 deelvalvllLlvAGheTTtnaiswalllLlrh 33 
                            d+++ +l l+++ AG+eTT+++i wal +L ++
  sp|I3V6B1|C80BX_PAPSO 279 DQQINSLLLDMFSAGTETTASTIEWALTELTKN 311
                            7899***********************999887 PP

>> sp|Q1PS23|AMO_ARTAN  Amorpha-4,11-diene 12-monooxygenase OS=Artemisia annua OX=35608 GN=CYP71AV1 PE=1 SV=2
   #    score  bias  c-Evalue  i-Evalue hmmfrom  hmm to    alifrom  ali to    envfrom  env to     acc
 ---   ------ ----- --------- --------- ------- -------    ------- -------    ------- -------    ----
   1 !   30.1   0.0   6.8e-09   1.2e-05       2      32 ..     288     318 ..     287     319 .. 0.94

  Alignments for each domain:
  == domain 1  score: 30.1 bits;  conditional E-value: 6.8e-09
      ihelix_seed_hmm   2 eelvalvllLlvAGheTTtnaiswalllLlr 32 
                          ++++a++l+++ AG++T++++i wa+ +L++
  sp|Q1PS23|AMO_ARTAN 288 DNIKAIILDMFGAGTDTSSSTIEWAISELIK 318
                          89*************************9986 PP

>> sp|P33265|CP2CS_MESAU  Cytochrome P450 2C28 OS=Mesocricetus auratus OX=10036 GN=CYP2C28 PE=2 SV=1
   #    score  bias  c-Evalue  i-Evalue hmmfrom  hmm to    alifrom  ali to    envfrom  env to     acc
 ---   ------ ----- --------- --------- ------- -------    ------- -------    ------- -------    ----
   1 !   29.6   1.1   9.5e-09   1.6e-05       4      33 .]     287     316 ..     284     316 .. 0.93

  Alignments for each domain:
  == domain 1  score: 29.6 bits;  conditional E-value: 9.5e-09
        ihelix_seed_hmm   4 lvalvllLlvAGheTTtnaiswalllLlrh 33 
                            l a+v +++vAG eTT+++++++lllLl+h
  sp|P33265|CP2CS_MESAU 287 LMATVADVFVAGSETTSTTLRYGLLLLLKH 316
                            6689************************99 PP

>> sp|P46373|FAS1_RHOFA  Cytochrome P450 FAS1 OS=Rhodococcus fascians OX=1828 GN=fas1 PE=2 SV=1
   #    score  bias  c-Evalue  i-Evalue hmmfrom  hmm to    alifrom  ali to    envfrom  env to     acc
 ---   ------ ----- --------- --------- ------- -------    ------- -------    ------- -------    ----
   1 !   29.8   2.1   8.2e-09   1.4e-05       2      33 .]     226     257 ..     225     257 .. 0.97

  Alignments for each domain:
  == domain 1  score: 29.8 bits;  conditional E-value: 8.2e-09
       ihelix_seed_hmm   2 eelvalvllLlvAGheTTtnaiswalllLlrh 33 
                           +el++++ l++++GheTT+++i+ ++l+Ll+h
  sp|P46373|FAS1_RHOFA 226 DELISIISLIMLGGHETTASMIGLSVLALLHH 257
                           8*****************************98 PP

>> sp|Q9KIZ4|C167_SORCE  Epothilone C/D epoxidase OS=Sorangium cellulosum OX=56 GN=cyp167A1 PE=1 SV=1
   #    score  bias  c-Evalue  i-Evalue hmmfrom  hmm to    alifrom  ali to    envfrom  env to     acc
 ---   ------ ----- --------- --------- ------- -------    ------- -------    ------- -------    ----
   1 !   30.1   1.1   6.8e-09   1.2e-05       2      32 ..     242     272 ..     241     273 .. 0.96

  Alignments for each domain:
  == domain 1  score: 30.1 bits;  conditional E-value: 6.8e-09
       ihelix_seed_hmm   2 eelvalvllLlvAGheTTtnaiswalllLlr 32 
                           +elvalv ++++AG++TT ++i++a+l Llr
  sp|Q9KIZ4|C167_SORCE 242 KELVALVGAIIAAGTDTTIYLIAFAVLNLLR 272
                           89****************************8 PP

>> sp|O18963|CP2E1_BOVIN  Cytochrome P450 2E1 OS=Bos taurus OX=9913 GN=CYP2E1 PE=2 SV=1
   #    score  bias  c-Evalue  i-Evalue hmmfrom  hmm to    alifrom  ali to    envfrom  env to     acc
 ---   ------ ----- --------- --------- ------- -------    ------- -------    ------- -------    ----
   1 !   29.9   1.0   7.9e-09   1.3e-05       2      33 .]     287     318 ..     286     318 .. 0.94

  Alignments for each domain:
  == domain 1  score: 29.9 bits;  conditional E-value: 7.9e-09
        ihelix_seed_hmm   2 eelvalvllLlvAGheTTtnaiswalllLlrh 33 
                            e+++ +v +Ll+AG+eTT+++++++ll L ++
  sp|O18963|CP2E1_BOVIN 287 ENIAVTVADLLFAGTETTSTTLRYGLLILMKY 318
                            899************************99875 PP

>> sp|F1SYH7|CY215_POSPM  Cytochrome P450 monooxygenase 215 OS=Postia placenta (strain ATCC 44394 / Madison 698-R) OX=56
   #    score  bias  c-Evalue  i-Evalue hmmfrom  hmm to    alifrom  ali to    envfrom  env to     acc
 ---   ------ ----- --------- --------- ------- -------    ------- -------    ------- -------    ----
   1 !   29.8   0.0     8e-09   1.4e-05       1      31 [.     316     346 ..     316     347 .. 0.94

  Alignments for each domain:
  == domain 1  score: 29.8 bits;  conditional E-value: 8e-09
        ihelix_seed_hmm   1 deelvalvllLlvAGheTTtnaiswalllLl 31 
                            d++++a+v ++lvAGheTT+na++w l++L+
  sp|F1SYH7|CY215_POSPM 316 DDDVLAQVPTFLVAGHETTSNATTWCLYALS 346
                            789999999********************97 PP

>> sp|G5EJN7|CYPD6_PHACH  Self-sufficient cytochrome P450 monooxygenase CYP505E3 OS=Phanerodontia chrysosporium OX=28222
   #    score  bias  c-Evalue  i-Evalue hmmfrom  hmm to    alifrom  ali to    envfrom  env to     acc
 ---   ------ ----- --------- --------- ------- -------    ------- -------    ------- -------    ----
   1 !   29.7   0.1   9.3e-09   1.6e-05       3      33 .]     253     283 ..     251     283 .. 0.95

  Alignments for each domain:
  == domain 1  score: 29.7 bits;  conditional E-value: 9.3e-09
        ihelix_seed_hmm   3 elvalvllLlvAGheTTtnaiswalllLlrh 33 
                            +++++ l++l+AGhe T+ ++++al++L+++
  sp|G5EJN7|CYPD6_PHACH 253 NIRNNLLTFLIAGHEPTSGLLTFALYYLIKN 283
                            89**************************997 PP

>> sp|P17177|CP27A_RABIT  Sterol 26-hydroxylase, mitochondrial OS=Oryctolagus cuniculus OX=9986 GN=CYP27A1 PE=1 SV=1
   #    score  bias  c-Evalue  i-Evalue hmmfrom  hmm to    alifrom  ali to    envfrom  env to     acc
 ---   ------ ----- --------- --------- ------- -------    ------- -------    ------- -------    ----
   1 !   29.8   0.4   8.5e-09   1.4e-05      10      33 .]     334     357 ..     327     357 .. 0.94

  Alignments for each domain:
  == domain 1  score: 29.8 bits;  conditional E-value: 8.5e-09
        ihelix_seed_hmm  10 lLlvAGheTTtnaiswalllLlrh 33 
                            +Ll+AG++TT+n+++wal++L+++
  sp|P17177|CP27A_RABIT 334 ELLLAGVDTTSNTLTWALYHLSKN 357
                            59*******************998 PP

>> sp|H2DH19|C7D31_PANGI  Cytochrome P450 CYP71D312 OS=Panax ginseng OX=4054 PE=2 SV=1
   #    score  bias  c-Evalue  i-Evalue hmmfrom  hmm to    alifrom  ali to    envfrom  env to     acc
 ---   ------ ----- --------- --------- ------- -------    ------- -------    ------- -------    ----
   1 !   29.9   0.4   7.9e-09   1.3e-05       2      33 .]     247     278 ..     246     278 .. 0.96

  Alignments for each domain:
  == domain 1  score: 29.9 bits;  conditional E-value: 7.9e-09
        ihelix_seed_hmm   2 eelvalvllLlvAGheTTtnaiswalllLlrh 33 
                            +++ +l+l++l++G++T+++a+ w++ +L+r+
  sp|H2DH19|C7D31_PANGI 247 DDIYGLILNMLIGGTDTSATALEWTMSELIRN 278
                            899***************************98 PP

>> sp|Q9GMC7|CP17A_BISBI  Steroid 17-alpha-hydroxylase/17,20 lyase OS=Bison bison OX=9901 GN=CYP17A1 PE=2 SV=1
   #    score  bias  c-Evalue  i-Evalue hmmfrom  hmm to    alifrom  ali to    envfrom  env to     acc
 ---   ------ ----- --------- --------- ------- -------    ------- -------    ------- -------    ----
   1 !   29.6   0.3   9.6e-09   1.6e-05       5      33 .]     293     321 ..     290     321 .. 0.95

  Alignments for each domain:
  == domain 1  score: 29.6 bits;  conditional E-value: 9.6e-09
        ihelix_seed_hmm   5 valvllLlvAGheTTtnaiswalllLlrh 33 
                            +a++ +++ AG+eTTt++i w++ +Ll+h
  sp|Q9GMC7|CP17A_BISBI 293 LATIGDIFGAGVETTTSVIKWIVAYLLHH 321
                            689************************98 PP

>> sp|O73853|CP17A_ICTPU  Steroid 17-alpha-hydroxylase/17,20 lyase OS=Ictalurus punctatus OX=7998 GN=cyp17a1 PE=2 SV=1
   #    score  bias  c-Evalue  i-Evalue hmmfrom  hmm to    alifrom  ali to    envfrom  env to     acc
 ---   ------ ----- --------- --------- ------- -------    ------- -------    ------- -------    ----
   1 !   30.0   0.5     7e-09   1.2e-05       1      33 []     292     324 ..     292     324 .. 0.95

  Alignments for each domain:
  == domain 1  score: 30.0 bits;  conditional E-value: 7e-09
        ihelix_seed_hmm   1 deelvalvllLlvAGheTTtnaiswalllLlrh 33 
                            d++l+ +v +++ AG+eTTt+++ w++l+L++h
  sp|O73853|CP17A_ICTPU 292 DDHLLMTVGDIFGAGVETTTTVLKWSILYLIHH 324
                            789999************************988 PP

>> sp|P11371|CP2C4_RABIT  Cytochrome P450 2C4 OS=Oryctolagus cuniculus OX=9986 GN=CYP2C4 PE=2 SV=1
   #    score  bias  c-Evalue  i-Evalue hmmfrom  hmm to    alifrom  ali to    envfrom  env to     acc
 ---   ------ ----- --------- --------- ------- -------    ------- -------    ------- -------    ----
   1 !   29.9   1.1   7.8e-09   1.3e-05       4      33 .]     284     313 ..     283     313 .. 0.95

  Alignments for each domain:
  == domain 1  score: 29.9 bits;  conditional E-value: 7.8e-09
        ihelix_seed_hmm   4 lvalvllLlvAGheTTtnaiswalllLlrh 33 
                            lv +v +L+ AG+eTT+++++++lllLl+h
  sp|P11371|CP2C4_RABIT 284 LVIAVFDLFGAGTETTSTTLRYSLLLLLKH 313
                            67889***********************99 PP

>> sp|Q9SP06|C80B3_PAPSO  (S)-N-methylcoclaurine 3'-hydroxylase isozyme 1 (Fragment) OS=Papaver somniferum OX=3469 GN=CY
   #    score  bias  c-Evalue  i-Evalue hmmfrom  hmm to    alifrom  ali to    envfrom  env to     acc
 ---   ------ ----- --------- --------- ------- -------    ------- -------    ------- -------    ----
   1 !   29.6   0.2   9.6e-09   1.6e-05       1      33 []     272     304 ..     272     304 .. 0.96

  Alignments for each domain:
  == domain 1  score: 29.6 bits;  conditional E-value: 9.6e-09
        ihelix_seed_hmm   1 deelvalvllLlvAGheTTtnaiswalllLlrh 33 
                            d+++ al ++++ AG+eT++++i wal +L ++
  sp|Q9SP06|C80B3_PAPSO 272 DQQINALLMEIFGAGTETSASTIEWALSELTKN 304
                            7899**************************987 PP

>> sp|Q09653|C13AA_CAEEL  Putative cytochrome P450 CYP13A10 OS=Caenorhabditis elegans OX=6239 GN=cyp-13A10 PE=3 SV=3
   #    score  bias  c-Evalue  i-Evalue hmmfrom  hmm to    alifrom  ali to    envfrom  env to     acc
 ---   ------ ----- --------- --------- ------- -------    ------- -------    ------- -------    ----
   1 !   29.8   1.0   8.1e-09   1.4e-05       2      33 .]     314     345 ..     313     345 .. 0.97

  Alignments for each domain:
  == domain 1  score: 29.8 bits;  conditional E-value: 8.1e-09
        ihelix_seed_hmm   2 eelvalvllLlvAGheTTtnaiswalllLlrh 33 
                            +e+v+++l++l+AG +TT+ ++s++++lL++h
  sp|Q09653|C13AA_CAEEL 314 QEIVGQCLVFLIAGFDTTALSLSYTTFLLATH 345
                            8******************************9 PP

>> sp|Q2LCM1|CP21A_CANLU  Steroid 21-hydroxylase OS=Canis lupus OX=9612 GN=CYP21 PE=3 SV=1
   #    score  bias  c-Evalue  i-Evalue hmmfrom  hmm to    alifrom  ali to    envfrom  env to     acc
 ---   ------ ----- --------- --------- ------- -------    ------- -------    ------- -------    ----
   1 !   29.7   2.9   8.9e-09   1.5e-05       8      33 .]     283     308 ..     278     308 .. 0.95

  Alignments for each domain:
  == domain 1  score: 29.7 bits;  conditional E-value: 8.9e-09
        ihelix_seed_hmm   8 vllLlvAGheTTtnaiswalllLlrh 33 
                            v++L+++G+eTT++++swa+ +Ll+h
  sp|Q2LCM1|CP21A_CANLU 283 VVDLFIGGTETTATTLSWAVAFLLHH 308
                            89**********************98 PP

>> sp|Q8WNW0|CP21A_CANLF  Steroid 21-hydroxylase OS=Canis lupus familiaris OX=9615 GN=CYP21 PE=3 SV=1
   #    score  bias  c-Evalue  i-Evalue hmmfrom  hmm to    alifrom  ali to    envfrom  env to     acc
 ---   ------ ----- --------- --------- ------- -------    ------- -------    ------- -------    ----
   1 !   29.7   2.9   8.9e-09   1.5e-05       8      33 .]     283     308 ..     278     308 .. 0.95

  Alignments for each domain:
  == domain 1  score: 29.7 bits;  conditional E-value: 8.9e-09
        ihelix_seed_hmm   8 vllLlvAGheTTtnaiswalllLlrh 33 
                            v++L+++G+eTT++++swa+ +Ll+h
  sp|Q8WNW0|CP21A_CANLF 283 VVDLFIGGTETTATTLSWAVAFLLHH 308
                            89**********************98 PP

>> sp|P08682|CP2E1_RABIT  Cytochrome P450 2E1 OS=Oryctolagus cuniculus OX=9986 GN=CYP2E1 PE=2 SV=2
   #    score  bias  c-Evalue  i-Evalue hmmfrom  hmm to    alifrom  ali to    envfrom  env to     acc
 ---   ------ ----- --------- --------- ------- -------    ------- -------    ------- -------    ----
   1 ?    1.5   0.7         8   1.4e+04      19      30 ..       7      18 ..       7      19 .. 0.92
   2 !   30.8   1.2     4e-09   6.8e-06       2      33 .]     287     318 ..     286     318 .. 0.97

  Alignments for each domain:
  == domain 1  score: 1.5 bits;  conditional E-value: 8
        ihelix_seed_hmm 19 TtnaiswalllL 30
                           T+ +++w+++lL
  sp|P08682|CP2E1_RABIT  7 TVALLGWMVILL 18
                           8899*****998 PP

  == domain 2  score: 30.8 bits;  conditional E-value: 4e-09
        ihelix_seed_hmm   2 eelvalvllLlvAGheTTtnaiswalllLlrh 33 
                            e+++ +v ++++AG+eTT+++++++ll Ll+h
  sp|P08682|CP2E1_RABIT 287 ENIAVTVADMFFAGTETTSTTLRYGLLILLKH 318
                            899***************************99 PP

>> sp|Q2LA60|CP21A_FELCA  Steroid 21-hydroxylase OS=Felis catus OX=9685 GN=CYP21 PE=3 SV=1
   #    score  bias  c-Evalue  i-Evalue hmmfrom  hmm to    alifrom  ali to    envfrom  env to     acc
 ---   ------ ----- --------- --------- ------- -------    ------- -------    ------- -------    ----
   1 !   29.7   2.9   8.9e-09   1.5e-05       8      33 .]     283     308 ..     278     308 .. 0.95

  Alignments for each domain:
  == domain 1  score: 29.7 bits;  conditional E-value: 8.9e-09
        ihelix_seed_hmm   8 vllLlvAGheTTtnaiswalllLlrh 33 
                            v++L+++G+eTT++++swa+ +Ll+h
  sp|Q2LA60|CP21A_FELCA 283 VVDLFIGGTETTATTLSWAVAFLLHH 308
                            89**********************98 PP

>> sp|Q2LA59|CP21A_LYNLY  Steroid 21-hydroxylase OS=Lynx lynx OX=13125 GN=CYP21 PE=3 SV=1
   #    score  bias  c-Evalue  i-Evalue hmmfrom  hmm to    alifrom  ali to    envfrom  env to     acc
 ---   ------ ----- --------- --------- ------- -------    ------- -------    ------- -------    ----
   1 !   29.7   2.9   8.9e-09   1.5e-05       8      33 .]     283     308 ..     278     308 .. 0.95

  Alignments for each domain:
  == domain 1  score: 29.7 bits;  conditional E-value: 8.9e-09
        ihelix_seed_hmm   8 vllLlvAGheTTtnaiswalllLlrh 33 
                            v++L+++G+eTT++++swa+ +Ll+h
  sp|Q2LA59|CP21A_LYNLY 283 VVDLFIGGTETTATTLSWAVAFLLHH 308
                            89**********************98 PP

>> sp|Q9GQM9|CP6L1_BLAGE  Cytochrome P450 6l1 OS=Blattella germanica OX=6973 GN=CYP6L1 PE=2 SV=1
   #    score  bias  c-Evalue  i-Evalue hmmfrom  hmm to    alifrom  ali to    envfrom  env to     acc
 ---   ------ ----- --------- --------- ------- -------    ------- -------    ------- -------    ----
   1 !   29.7   0.9   9.2e-09   1.6e-05       2      33 .]     286     317 ..     285     317 .. 0.96

  Alignments for each domain:
  == domain 1  score: 29.7 bits;  conditional E-value: 9.2e-09
        ihelix_seed_hmm   2 eelvalvllLlvAGheTTtnaiswalllLlrh 33 
                            +e++++++l+++AG eTT++a ++a+++L+ h
  sp|Q9GQM9|CP6L1_BLAGE 286 HEVLGQAMLFFAAGFETTSSAMAFAMYELALH 317
                            799***************************98 PP

>> sp|P11715|CP17A_RAT  Steroid 17-alpha-hydroxylase/17,20 lyase OS=Rattus norvegicus OX=10116 GN=Cyp17a1 PE=1 SV=2
   #    score  bias  c-Evalue  i-Evalue hmmfrom  hmm to    alifrom  ali to    envfrom  env to     acc
 ---   ------ ----- --------- --------- ------- -------    ------- -------    ------- -------    ----
   1 !   30.7   0.6   4.2e-09   7.1e-06       2      33 .]     289     320 ..     288     320 .. 0.94

  Alignments for each domain:
  == domain 1  score: 30.7 bits;  conditional E-value: 4.2e-09
      ihelix_seed_hmm   2 eelvalvllLlvAGheTTtnaiswalllLlrh 33 
                           +++a+v +++ AG+eTTt+++ w+l +L+++
  sp|P11715|CP17A_RAT 289 RHILATVGDIFGAGIETTTTVLKWILAFLVHN 320
                          689**************************987 PP

>> sp|Q9MZY0|CP2E1_CANLF  Cytochrome P450 2E1 OS=Canis lupus familiaris OX=9615 GN=CYP2E1 PE=2 SV=1
   #    score  bias  c-Evalue  i-Evalue hmmfrom  hmm to    alifrom  ali to    envfrom  env to     acc
 ---   ------ ----- --------- --------- ------- -------    ------- -------    ------- -------    ----
   1 !   29.8   0.6   8.6e-09   1.5e-05       2      33 .]     287     318 ..     286     318 .. 0.94

  Alignments for each domain:
  == domain 1  score: 29.8 bits;  conditional E-value: 8.6e-09
        ihelix_seed_hmm   2 eelvalvllLlvAGheTTtnaiswalllLlrh 33 
                            ++++ +v +L++AG+eTT+++++++ll L ++
  sp|Q9MZY0|CP2E1_CANLF 287 DNIAVTVADLFFAGTETTSTTLRYGLLILMKY 318
                            8999***********************99875 PP

>> sp|O18993|CP3AL_CALJA  Cytochrome P450 3A21 OS=Callithrix jacchus OX=9483 GN=CYP3A21 PE=2 SV=1
   #    score  bias  c-Evalue  i-Evalue hmmfrom  hmm to    alifrom  ali to    envfrom  env to     acc
 ---   ------ ----- --------- --------- ------- -------    ------- -------    ------- -------    ----
   1 !   29.7   0.4   8.9e-09   1.5e-05       2      33 .]     293     324 ..     292     324 .. 0.96

  Alignments for each domain:
  == domain 1  score: 29.7 bits;  conditional E-value: 8.9e-09
        ihelix_seed_hmm   2 eelvalvllLlvAGheTTtnaiswalllLlrh 33 
                             elva+ + +++AG eTT++++s+++++L++h
  sp|O18993|CP3AL_CALJA 293 LELVAQSIIFIFAGYETTSSTLSFIMYELATH 324
                            69*****************************9 PP

>> sp|D5E3H2|CP107_PRIM1  Cytochrome P450 CYP107DY1 OS=Priestia megaterium (strain ATCC 12872 / QMB1551) OX=545693 GN=BM
   #    score  bias  c-Evalue  i-Evalue hmmfrom  hmm to    alifrom  ali to    envfrom  env to     acc
 ---   ------ ----- --------- --------- ------- -------    ------- -------    ------- -------    ----
   1 !   30.5   2.9   4.8e-09   8.2e-06       2      33 .]     238     269 ..     237     269 .. 0.97

  Alignments for each domain:
  == domain 1  score: 30.5 bits;  conditional E-value: 4.8e-09
        ihelix_seed_hmm   2 eelvalvllLlvAGheTTtnaiswalllLlrh 33 
                            +el++++ lL++AGheTT+ +is+++l+Ll+h
  sp|D5E3H2|CP107_PRIM1 238 NELLSTIWLLITAGHETTAHLISNGVLALLKH 269
                            89****************************99 PP

>> sp|P00185|CP1A1_RAT  Cytochrome P450 1A1 OS=Rattus norvegicus OX=10116 GN=Cyp1a1 PE=1 SV=1
   #    score  bias  c-Evalue  i-Evalue hmmfrom  hmm to    alifrom  ali to    envfrom  env to     acc
 ---   ------ ----- --------- --------- ------- -------    ------- -------    ------- -------    ----
   1 !   29.5   0.2     1e-08   1.7e-05       1      33 []     308     340 ..     308     340 .. 0.94

  Alignments for each domain:
  == domain 1  score: 29.5 bits;  conditional E-value: 1e-08
      ihelix_seed_hmm   1 deelvalvllLlvAGheTTtnaiswalllLlrh 33 
                          d+ ++ +v +L+ AG +T t+aisw+l++L+++
  sp|P00185|CP1A1_RAT 308 DDKVITIVFDLFGAGFDTITTAISWSLMYLVTN 340
                          6778999************************98 PP

>> sp|Q93VK5|LUT5_ARATH  Protein LUTEIN DEFICIENT 5, chloroplastic OS=Arabidopsis thaliana OX=3702 GN=CYP97A3 PE=1 SV=1
   #    score  bias  c-Evalue  i-Evalue hmmfrom  hmm to    alifrom  ali to    envfrom  env to     acc
 ---   ------ ----- --------- --------- ------- -------    ------- -------    ------- -------    ----
   1 !   29.3   0.6   1.2e-08   2.1e-05       2      32 ..     365     395 ..     364     396 .. 0.93

  Alignments for each domain:
  == domain 1  score: 29.3 bits;  conditional E-value: 1.2e-08
       ihelix_seed_hmm   2 eelvalvllLlvAGheTTtnaiswalllLlr 32 
                           ++l++  +++l+AGheT++ +++w+++lL +
  sp|Q93VK5|LUT5_ARATH 365 KQLRDDLMTMLIAGHETSAAVLTWTFYLLTT 395
                           68999************************76 PP

>> sp|O23976|C76B1_HELTU  7-ethoxycoumarin O-deethylase OS=Helianthus tuberosus OX=4233 GN=CYP76B1 PE=1 SV=1
   #    score  bias  c-Evalue  i-Evalue hmmfrom  hmm to    alifrom  ali to    envfrom  env to     acc
 ---   ------ ----- --------- --------- ------- -------    ------- -------    ------- -------    ----
   1 !   30.6   0.5   4.5e-09   7.6e-06       2      32 ..     281     311 ..     280     312 .. 0.95

  Alignments for each domain:
  == domain 1  score: 30.6 bits;  conditional E-value: 4.5e-09
        ihelix_seed_hmm   2 eelvalvllLlvAGheTTtnaiswalllLlr 32 
                             +++al+l+L+vAG++TT+ +i wa+ +Llr
  sp|O23976|C76B1_HELTU 281 TNIKALFLDLFVAGTDTTSITIEWAMTELLR 311
                            589**************************98 PP

>> sp|P00191|CP21A_BOVIN  Steroid 21-hydroxylase OS=Bos taurus OX=9913 GN=CYP21 PE=1 SV=2
   #    score  bias  c-Evalue  i-Evalue hmmfrom  hmm to    alifrom  ali to    envfrom  env to     acc
 ---   ------ ----- --------- --------- ------- -------    ------- -------    ------- -------    ----
   1 !   30.6   2.1   4.5e-09   7.7e-06       8      33 .]     284     309 ..     279     309 .. 0.95

  Alignments for each domain:
  == domain 1  score: 30.6 bits;  conditional E-value: 4.5e-09
        ihelix_seed_hmm   8 vllLlvAGheTTtnaiswalllLlrh 33 
                            v++L+++G+eTT++++swa+ +Ll+h
  sp|P00191|CP21A_BOVIN 284 VVDLFIGGTETTASTLSWAVAFLLHH 309
                            89**********************98 PP

>> sp|O70537|CP3AV_MESAU  Cytochrome P450 3A31 OS=Mesocricetus auratus OX=10036 GN=CYP3A31 PE=2 SV=1
   #    score  bias  c-Evalue  i-Evalue hmmfrom  hmm to    alifrom  ali to    envfrom  env to     acc
 ---   ------ ----- --------- --------- ------- -------    ------- -------    ------- -------    ----
   1 !   29.7   0.5   8.7e-09   1.5e-05       3      33 .]     292     322 ..     290     322 .. 0.97

  Alignments for each domain:
  == domain 1  score: 29.7 bits;  conditional E-value: 8.7e-09
        ihelix_seed_hmm   3 elvalvllLlvAGheTTtnaiswalllLlrh 33 
                            e++a+ + +++AG +TT++++s+al+lL++h
  sp|O70537|CP3AV_MESAU 292 EIIAQSIIFIFAGYDTTSSTLSFALYLLATH 322
                            89****************************9 PP

>> sp|O17624|C13B1_CAEEL  Putative cytochrome P450 cyp-13B1 OS=Caenorhabditis elegans OX=6239 GN=cyp-13B1 PE=3 SV=3
   #    score  bias  c-Evalue  i-Evalue hmmfrom  hmm to    alifrom  ali to    envfrom  env to     acc
 ---   ------ ----- --------- --------- ------- -------    ------- -------    ------- -------    ----
   1 !   28.8   0.1   1.7e-08   2.9e-05       2      33 .]     308     339 ..     307     339 .. 0.96

  Alignments for each domain:
  == domain 1  score: 28.8 bits;  conditional E-value: 1.7e-08
        ihelix_seed_hmm   2 eelvalvllLlvAGheTTtnaiswalllLlrh 33 
                            e++++++ ++l+AG +TT+n++++a +lL++h
  sp|O17624|C13B1_CAEEL 308 EDVIGACFVFLLAGFDTTANSLAYASYLLAKH 339
                            899***************************99 PP

>> sp|P05185|CP17A_BOVIN  Steroid 17-alpha-hydroxylase/17,20 lyase OS=Bos taurus OX=9913 GN=CYP17A1 PE=2 SV=1
   #    score  bias  c-Evalue  i-Evalue hmmfrom  hmm to    alifrom  ali to    envfrom  env to     acc
 ---   ------ ----- --------- --------- ------- -------    ------- -------    ------- -------    ----
   1 !   29.2   0.6   1.2e-08   2.1e-05       5      33 .]     293     321 ..     291     321 .. 0.95

  Alignments for each domain:
  == domain 1  score: 29.2 bits;  conditional E-value: 1.2e-08
        ihelix_seed_hmm   5 valvllLlvAGheTTtnaiswalllLlrh 33 
                            +a++ +++ AG+eTTt++i w++ +Ll+h
  sp|P05185|CP17A_BOVIN 293 LATIGDIFGAGVETTTSVIKWIVAYLLHH 321
                            689************************98 PP

>> sp|O55071|CP2BJ_MOUSE  Cytochrome P450 2B19 OS=Mus musculus OX=10090 GN=Cyp2b19 PE=2 SV=1
   #    score  bias  c-Evalue  i-Evalue hmmfrom  hmm to    alifrom  ali to    envfrom  env to     acc
 ---   ------ ----- --------- --------- ------- -------    ------- -------    ------- -------    ----
   1 !   29.1   0.4   1.4e-08   2.4e-05       1      33 []     286     318 ..     286     318 .. 0.94

  Alignments for each domain:
  == domain 1  score: 29.1 bits;  conditional E-value: 1.4e-08
        ihelix_seed_hmm   1 deelvalvllLlvAGheTTtnaiswalllLlrh 33 
                            +++lv  vl+L++AG+eTT++++++++l +l++
  sp|O55071|CP2BJ_MOUSE 286 HQNLVISVLSLFFAGTETTSTTLRYSFLIMLKY 318
                            5899999***********************986 PP

>> sp|P56592|CP1A2_CANLF  Cytochrome P450 1A2 OS=Canis lupus familiaris OX=9615 GN=CYP1A2 PE=1 SV=2
   #    score  bias  c-Evalue  i-Evalue hmmfrom  hmm to    alifrom  ali to    envfrom  env to     acc
 ---   ------ ----- --------- --------- ------- -------    ------- -------    ------- -------    ----
   1 !   30.5   0.1   4.9e-09   8.3e-06       2      33 .]     301     332 ..     300     332 .. 0.95

  Alignments for each domain:
  == domain 1  score: 30.5 bits;  conditional E-value: 4.9e-09
        ihelix_seed_hmm   2 eelvalvllLlvAGheTTtnaiswalllLlrh 33 
                            e +v+l+ +++ AG +T+t+aisw+l++L+ +
  sp|P56592|CP1A2_CANLF 301 EKIVNLINDIFGAGFDTVTTAISWSLMYLVAN 332
                            679**************************976 PP

>> sp|O77810|CP1A2_CALJA  Cytochrome P450 1A2 OS=Callithrix jacchus OX=9483 GN=CYP1A2 PE=2 SV=3
   #    score  bias  c-Evalue  i-Evalue hmmfrom  hmm to    alifrom  ali to    envfrom  env to     acc
 ---   ------ ----- --------- --------- ------- -------    ------- -------    ------- -------    ----
   1 !   29.3   0.0   1.2e-08     2e-05       2      32 ..     305     335 ..     304     336 .. 0.95

  Alignments for each domain:
  == domain 1  score: 29.3 bits;  conditional E-value: 1.2e-08
        ihelix_seed_hmm   2 eelvalvllLlvAGheTTtnaiswalllLlr 32 
                            e +v+lv +++ AG +T t+aisw+l++L++
  sp|O77810|CP1A2_CALJA 305 EKIVNLVNDIFGAGFDTITTAISWSLMYLVT 335
                            679**************************87 PP

>> sp|P00186|CP1A2_MOUSE  Cytochrome P450 1A2 OS=Mus musculus OX=10090 GN=Cyp1a2 PE=1 SV=1
   #    score  bias  c-Evalue  i-Evalue hmmfrom  hmm to    alifrom  ali to    envfrom  env to     acc
 ---   ------ ----- --------- --------- ------- -------    ------- -------    ------- -------    ----
   1 !   29.1   0.4   1.4e-08   2.3e-05       2      32 ..     303     333 ..     302     333 .. 0.95

  Alignments for each domain:
  == domain 1  score: 29.1 bits;  conditional E-value: 1.4e-08
        ihelix_seed_hmm   2 eelvalvllLlvAGheTTtnaiswalllLlr 32 
                            e +v++v +++ AG +T+t+ai+w++llL++
  sp|P00186|CP1A2_MOUSE 303 EKIVNIVNDIFGAGFDTVTTAITWSILLLVT 333
                            789**************************86 PP

>> sp|Q87AX5|C1331_XYLFT  Putative cytochrome P450 133B1 OS=Xylella fastidiosa (strain Temecula1 / ATCC 700964) OX=18319
   #    score  bias  c-Evalue  i-Evalue hmmfrom  hmm to    alifrom  ali to    envfrom  env to     acc
 ---   ------ ----- --------- --------- ------- -------    ------- -------    ------- -------    ----
   1 !   29.4   0.4   1.1e-08   1.8e-05       1      33 []     225     257 ..     225     257 .. 0.96

  Alignments for each domain:
  == domain 1  score: 29.4 bits;  conditional E-value: 1.1e-08
        ihelix_seed_hmm   1 deelvalvllLlvAGheTTtnaiswalllLlrh 33 
                            ++e+v++v+ Ll+AG eTT+n+i++al++L rh
  sp|Q87AX5|C1331_XYLFT 225 HDEIVSNVIMLLIAGYETTSNMIGNALIALHRH 257
                            69***************************9887 PP

>> sp|P00179|CP2C5_RABIT  Cytochrome P450 2C5 OS=Oryctolagus cuniculus OX=9986 GN=CYP2C5 PE=1 SV=2
   #    score  bias  c-Evalue  i-Evalue hmmfrom  hmm to    alifrom  ali to    envfrom  env to     acc
 ---   ------ ----- --------- --------- ------- -------    ------- -------    ------- -------    ----
   1 !   29.5   1.0     1e-08   1.7e-05       2      33 .]     282     313 ..     281     313 .. 0.94

  Alignments for each domain:
  == domain 1  score: 29.5 bits;  conditional E-value: 1e-08
        ihelix_seed_hmm   2 eelvalvllLlvAGheTTtnaiswalllLlrh 33 
                            e lv +v +L+ AG+eTT+++++++lllLl+h
  sp|P00179|CP2C5_RABIT 282 ESLVIAVSDLFGAGTETTSTTLRYSLLLLLKH 313
                            66889999**********************99 PP

>> sp|Q9PGC5|C1331_XYLFA  Putative cytochrome P450 133B1 OS=Xylella fastidiosa (strain 9a5c) OX=160492 GN=cyp133B1 PE=3 
   #    score  bias  c-Evalue  i-Evalue hmmfrom  hmm to    alifrom  ali to    envfrom  env to     acc
 ---   ------ ----- --------- --------- ------- -------    ------- -------    ------- -------    ----
   1 !   29.4   0.4   1.1e-08   1.8e-05       1      33 []     225     257 ..     225     257 .. 0.96

  Alignments for each domain:
  == domain 1  score: 29.4 bits;  conditional E-value: 1.1e-08
        ihelix_seed_hmm   1 deelvalvllLlvAGheTTtnaiswalllLlrh 33 
                            ++e+v++v+ Ll+AG eTT+n+i++al++L rh
  sp|Q9PGC5|C1331_XYLFA 225 HDEIVSNVIMLLIAGYETTSNMIGNALIALHRH 257
                            69***************************9887 PP

>> sp|Q9DBG1|CP27A_MOUSE  Sterol 26-hydroxylase, mitochondrial OS=Mus musculus OX=10090 GN=Cyp27a1 PE=1 SV=1
   #    score  bias  c-Evalue  i-Evalue hmmfrom  hmm to    alifrom  ali to    envfrom  env to     acc
 ---   ------ ----- --------- --------- ------- -------    ------- -------    ------- -------    ----
   1 !   29.4   0.5   1.1e-08   1.9e-05       5      32 ..     328     355 ..     324     356 .. 0.87

  Alignments for each domain:
  == domain 1  score: 29.4 bits;  conditional E-value: 1.1e-08
        ihelix_seed_hmm   5 valvllLlvAGheTTtnaiswalllLlr 32 
                            ++++ +Ll+AG++TT+n+++wal++L++
  sp|Q9DBG1|CP27A_MOUSE 328 IGTFPELLLAGVDTTSNTLTWALYHLSK 355
                            667778********************86 PP

>> sp|Q92039|CP1A1_CHACA  Cytochrome P450 1A1 OS=Chaetodon capistratus OX=37949 GN=cyp1a1 PE=2 SV=1
   #    score  bias  c-Evalue  i-Evalue hmmfrom  hmm to    alifrom  ali to    envfrom  env to     acc
 ---   ------ ----- --------- --------- ------- -------    ------- -------    ------- -------    ----
   1 !   29.5   0.0   1.1e-08   1.8e-05       1      32 [.     309     340 ..     309     341 .. 0.95

  Alignments for each domain:
  == domain 1  score: 29.5 bits;  conditional E-value: 1.1e-08
        ihelix_seed_hmm   1 deelvalvllLlvAGheTTtnaiswalllLlr 32 
                            de +v++v +L+ AG +T+++a+sw++++L+ 
  sp|Q92039|CP1A1_CHACA 309 DEKIVGIVNDLFGAGFDTVSTALSWSVMYLVA 340
                            789***************************86 PP

>> sp|Q42600|C84A1_ARATH  Cytochrome P450 84A1 OS=Arabidopsis thaliana OX=3702 GN=CYP84A1 PE=1 SV=1
   #    score  bias  c-Evalue  i-Evalue hmmfrom  hmm to    alifrom  ali to    envfrom  env to     acc
 ---   ------ ----- --------- --------- ------- -------    ------- -------    ------- -------    ----
   1 !   29.3   0.0   1.2e-08     2e-05       2      32 ..     307     337 ..     306     338 .. 0.96

  Alignments for each domain:
  == domain 1  score: 29.3 bits;  conditional E-value: 1.2e-08
        ihelix_seed_hmm   2 eelvalvllLlvAGheTTtnaiswalllLlr 32 
                            ++++a++++++++G+eT+++ai wal +Llr
  sp|Q42600|C84A1_ARATH 307 DNIKAIIMDVMFGGTETVASAIEWALTELLR 337
                            79***************************98 PP

>> sp|O04164|C71A6_NEPRA  Cytochrome P450 71A6 (Fragment) OS=Nepeta racemosa OX=54731 GN=CYP71A6 PE=2 SV=1
   #    score  bias  c-Evalue  i-Evalue hmmfrom  hmm to    alifrom  ali to    envfrom  env to     acc
 ---   ------ ----- --------- --------- ------- -------    ------- -------    ------- -------    ----
   1 !   29.3   0.4   1.2e-08     2e-05       3      33 .]     300     330 ..     298     330 .. 0.93

  Alignments for each domain:
  == domain 1  score: 29.3 bits;  conditional E-value: 1.2e-08
        ihelix_seed_hmm   3 elvalvllLlvAGheTTtnaiswalllLlrh 33 
                             ++a +l++++AG++TT++a+ wal +L+++
  sp|O04164|C71A6_NEPRA 300 TIKAVILDMFLAGTDTTVTALEWALSELIKN 330
                            68999***********************987 PP

>> sp|Q9XGT9|C93B2_GERHY  Cytochrome P450 93B2 OS=Gerbera hybrida OX=18101 GN=CYP93B2 PE=1 SV=1
   #    score  bias  c-Evalue  i-Evalue hmmfrom  hmm to    alifrom  ali to    envfrom  env to     acc
 ---   ------ ----- --------- --------- ------- -------    ------- -------    ------- -------    ----
   1 !   30.4   0.4   5.5e-09   9.4e-06       2      33 .]     292     323 ..     291     323 .. 0.96

  Alignments for each domain:
  == domain 1  score: 30.4 bits;  conditional E-value: 5.5e-09
        ihelix_seed_hmm   2 eelvalvllLlvAGheTTtnaiswalllLlrh 33 
                            ++++al+l++l+AG++TT+ ai wal +L+++
  sp|Q9XGT9|C93B2_GERHY 292 DHIKALILDFLTAGTDTTAIAIEWALVELINN 323
                            79***************************987 PP

>> sp|A0A068Q5V6|C7150_PRUMU  Cytochrome P450 71AU50 OS=Prunus mume OX=102107 GN=CYP71AU50 PE=2 SV=1
   #    score  bias  c-Evalue  i-Evalue hmmfrom  hmm to    alifrom  ali to    envfrom  env to     acc
 ---   ------ ----- --------- --------- ------- -------    ------- -------    ------- -------    ----
   1 !   29.3   0.0   1.2e-08     2e-05       3      33 .]     285     315 ..     283     315 .. 0.97

  Alignments for each domain:
  == domain 1  score: 29.3 bits;  conditional E-value: 1.2e-08
            ihelix_seed_hmm   3 elvalvllLlvAGheTTtnaiswalllLlrh 33 
                                +++a++l++lvA ++T++++i wal +L rh
  sp|A0A068Q5V6|C7150_PRUMU 285 HIKAIMLDMLVASMDTSATTIEWALSELMRH 315
                                799***************************9 PP

>> sp|P10634|CP2DQ_RAT  Cytochrome P450 2D26 OS=Rattus norvegicus OX=10116 GN=Cyp2d26 PE=1 SV=2
   #    score  bias  c-Evalue  i-Evalue hmmfrom  hmm to    alifrom  ali to    envfrom  env to     acc
 ---   ------ ----- --------- --------- ------- -------    ------- -------    ------- -------    ----
   1 !   29.0   2.5   1.5e-08   2.6e-05       1      33 []     295     327 ..     295     327 .. 0.96

  Alignments for each domain:
  == domain 1  score: 29.0 bits;  conditional E-value: 1.5e-08
      ihelix_seed_hmm   1 deelvalvllLlvAGheTTtnaiswalllLlrh 33 
                          de+l+  v++L++AG+ TT++++swalll++ h
  sp|P10634|CP2DQ_RAT 295 DENLRLVVIDLFMAGMVTTSTTLSWALLLMILH 327
                          799***************************987 PP

>> sp|Q9UVC3|CP51_CUNEL  Lanosterol 14-alpha demethylase OS=Cunninghamella elegans OX=4853 GN=CYP51 PE=3 SV=1
   #    score  bias  c-Evalue  i-Evalue hmmfrom  hmm to    alifrom  ali to    envfrom  env to     acc
 ---   ------ ----- --------- --------- ------- -------    ------- -------    ------- -------    ----
   1 !   29.5   1.0   1.1e-08   1.8e-05       1      32 [.     284     315 ..     284     316 .. 0.95

  Alignments for each domain:
  == domain 1  score: 29.5 bits;  conditional E-value: 1.1e-08
       ihelix_seed_hmm   1 deelvalvllLlvAGheTTtnaiswalllLlr 32 
                           d++++++++++l++G++T++++++w++l+L++
  sp|Q9UVC3|CP51_CUNEL 284 DHHIAGMMIAVLFGGQHTSATTSAWTILELAN 315
                           789***************************97 PP

>> sp|P05176|CP1A1_RABIT  Cytochrome P450 1A1 OS=Oryctolagus cuniculus OX=9986 GN=CYP1A1 PE=2 SV=1
   #    score  bias  c-Evalue  i-Evalue hmmfrom  hmm to    alifrom  ali to    envfrom  env to     acc
 ---   ------ ----- --------- --------- ------- -------    ------- -------    ------- -------    ----
   1 !   29.8   0.1   8.5e-09   1.4e-05       5      32 ..     312     339 ..     308     340 .. 0.91

  Alignments for each domain:
  == domain 1  score: 29.8 bits;  conditional E-value: 8.5e-09
        ihelix_seed_hmm   5 valvllLlvAGheTTtnaiswalllLlr 32 
                            v++vl+L+ AG +T+t+aisw+l++L++
  sp|P05176|CP1A1_RABIT 312 VGIVLDLFGAGFDTVTTAISWSLMYLVT 339
                            789***********************87 PP

>> sp|P05093|CP17A_HUMAN  Steroid 17-alpha-hydroxylase/17,20 lyase OS=Homo sapiens OX=9606 GN=CYP17A1 PE=1 SV=1
   #    score  bias  c-Evalue  i-Evalue hmmfrom  hmm to    alifrom  ali to    envfrom  env to     acc
 ---   ------ ----- --------- --------- ------- -------    ------- -------    ------- -------    ----
   1 !   29.0   1.2   1.5e-08   2.6e-05       1      33 []     289     321 ..     289     321 .. 0.96

  Alignments for each domain:
  == domain 1  score: 29.0 bits;  conditional E-value: 1.5e-08
        ihelix_seed_hmm   1 deelvalvllLlvAGheTTtnaiswalllLlrh 33 
                            d++++ ++ +++ AG+eTTt++  w+l +Ll++
  sp|P05093|CP17A_HUMAN 289 DNHILTTIGDIFGAGVETTTSVVKWTLAFLLHN 321
                            789****************************87 PP

>> sp|Q59990|CP120_SYNY3  Putative cytochrome P450 120 OS=Synechocystis sp. (strain PCC 6803 / Kazusa) OX=1111708 GN=cyp
   #    score  bias  c-Evalue  i-Evalue hmmfrom  hmm to    alifrom  ali to    envfrom  env to     acc
 ---   ------ ----- --------- --------- ------- -------    ------- -------    ------- -------    ----
   1 !   29.4   0.1   1.1e-08   1.9e-05       3      30 ..     243     270 ..     241     273 .. 0.94

  Alignments for each domain:
  == domain 1  score: 29.4 bits;  conditional E-value: 1.1e-08
        ihelix_seed_hmm   3 elvalvllLlvAGheTTtnaiswalllL 30 
                            el++++llLl+AGheT t+a+s+++llL
  sp|Q59990|CP120_SYNY3 243 ELKDQILLLLFAGHETLTSALSSFCLLL 270
                            899***********************98 PP

>> sp|Q8HYN1|CP17A_PANTR  Steroid 17-alpha-hydroxylase/17,20 lyase OS=Pan troglodytes OX=9598 GN=CYP17A1 PE=2 SV=1
   #    score  bias  c-Evalue  i-Evalue hmmfrom  hmm to    alifrom  ali to    envfrom  env to     acc
 ---   ------ ----- --------- --------- ------- -------    ------- -------    ------- -------    ----
   1 !   29.0   1.2   1.5e-08   2.6e-05       1      33 []     289     321 ..     289     321 .. 0.96

  Alignments for each domain:
  == domain 1  score: 29.0 bits;  conditional E-value: 1.5e-08
        ihelix_seed_hmm   1 deelvalvllLlvAGheTTtnaiswalllLlrh 33 
                            d++++ ++ +++ AG+eTTt++  w+l +Ll++
  sp|Q8HYN1|CP17A_PANTR 289 DNHILTTIGDIFGAGVETTTSVVKWTLAFLLHN 321
                            789****************************87 PP

>> sp|O93299|CP2K3_ONCMY  Cytochrome P450 2K3 OS=Oncorhynchus mykiss OX=8022 GN=cyp2k3 PE=2 SV=1
   #    score  bias  c-Evalue  i-Evalue hmmfrom  hmm to    alifrom  ali to    envfrom  env to     acc
 ---   ------ ----- --------- --------- ------- -------    ------- -------    ------- -------    ----
   1 !   30.1   0.3   6.9e-09   1.2e-05       1      33 []     297     329 ..     297     329 .. 0.94

  Alignments for each domain:
  == domain 1  score: 30.1 bits;  conditional E-value: 6.9e-09
        ihelix_seed_hmm   1 deelvalvllLlvAGheTTtnaiswalllLlrh 33 
                            d++lv  v +L+ AG++TT+++++w+lll+ ++
  sp|O93299|CP2K3_ONCMY 297 DDNLVFSVGNLFSAGTDTTGTTLRWGLLLMTKY 329
                            799999************************875 PP

>> sp|P33273|CP255_RAT  Cytochrome P450 2C55 OS=Rattus norvegicus OX=10116 GN=Cyp2c55 PE=2 SV=2
   #    score  bias  c-Evalue  i-Evalue hmmfrom  hmm to    alifrom  ali to    envfrom  env to     acc
 ---   ------ ----- --------- --------- ------- -------    ------- -------    ------- -------    ----
   1 !   28.8   0.5   1.7e-08   2.9e-05       6      33 .]     289     316 ..     285     316 .. 0.93

  Alignments for each domain:
  == domain 1  score: 28.8 bits;  conditional E-value: 1.7e-08
      ihelix_seed_hmm   6 alvllLlvAGheTTtnaiswalllLlrh 33 
                          a+v +++vAG eTT+++++++lllLl+h
  sp|P33273|CP255_RAT 289 ATVSDVFVAGSETTSTTLRYGLLLLLKH 316
                          8999**********************99 PP

>> sp|Q92090|CP2K1_ONCMY  Cytochrome P450 2K1 OS=Oncorhynchus mykiss OX=8022 GN=cyp2k1 PE=2 SV=1
   #    score  bias  c-Evalue  i-Evalue hmmfrom  hmm to    alifrom  ali to    envfrom  env to     acc
 ---   ------ ----- --------- --------- ------- -------    ------- -------    ------- -------    ----
   1 !   30.0   0.3   7.1e-09   1.2e-05       1      33 []     297     329 ..     297     329 .. 0.94

  Alignments for each domain:
  == domain 1  score: 30.0 bits;  conditional E-value: 7.1e-09
        ihelix_seed_hmm   1 deelvalvllLlvAGheTTtnaiswalllLlrh 33 
                            d++lv  v +L+ AG++TT+++++w+lll+ ++
  sp|Q92090|CP2K1_ONCMY 297 DDNLVFSVGNLFSAGTDTTGTTLRWGLLLMTKY 329
                            799999************************875 PP

>> sp|A0A1D8QMD2|C76K7_ROSOF  Carnosic acid synthase OS=Rosmarinus officinalis OX=39367 GN=CYP76AK7 PE=1 SV=1
   #    score  bias  c-Evalue  i-Evalue hmmfrom  hmm to    alifrom  ali to    envfrom  env to     acc
 ---   ------ ----- --------- --------- ------- -------    ------- -------    ------- -------    ----
   1 !   29.0   0.0   1.5e-08   2.5e-05       2      33 .]     299     330 ..     298     330 .. 0.97

  Alignments for each domain:
  == domain 1  score: 29.0 bits;  conditional E-value: 1.5e-08
            ihelix_seed_hmm   2 eelvalvllLlvAGheTTtnaiswalllLlrh 33 
                                +e+++++++++vAG +T++ ++ wa+ +Ll h
  sp|A0A1D8QMD2|C76K7_ROSOF 299 KEIRHFCVDIIVAGSDTSAATTEWAMVELLLH 330
                                69****************************88 PP

>> sp|P05181|CP2E1_HUMAN  Cytochrome P450 2E1 OS=Homo sapiens OX=9606 GN=CYP2E1 PE=1 SV=1
   #    score  bias  c-Evalue  i-Evalue hmmfrom  hmm to    alifrom  ali to    envfrom  env to     acc
 ---   ------ ----- --------- --------- ------- -------    ------- -------    ------- -------    ----
   1 !   28.7   0.6   1.8e-08   3.1e-05       2      33 .]     287     318 ..     286     318 .. 0.92

  Alignments for each domain:
  == domain 1  score: 28.7 bits;  conditional E-value: 1.8e-08
        ihelix_seed_hmm   2 eelvalvllLlvAGheTTtnaiswalllLlrh 33 
                            + ++ +v +L++AG+eTT+++++++ll L ++
  sp|P05181|CP2E1_HUMAN 287 DGITVTVADLFFAGTETTSTTLRYGLLILMKY 318
                            78999**********************99875 PP

>> sp|A0A0S1TPC7|C76K6_SALPM  Carnosic acid synthase OS=Salvia pomifera OX=396869 GN=CYP76AK6 PE=1 SV=1
   #    score  bias  c-Evalue  i-Evalue hmmfrom  hmm to    alifrom  ali to    envfrom  env to     acc
 ---   ------ ----- --------- --------- ------- -------    ------- -------    ------- -------    ----
   1 !   28.6   0.2   1.9e-08   3.3e-05       2      33 .]     292     323 ..     291     323 .. 0.96

  Alignments for each domain:
  == domain 1  score: 28.6 bits;  conditional E-value: 1.9e-08
            ihelix_seed_hmm   2 eelvalvllLlvAGheTTtnaiswalllLlrh 33 
                                +e+++l+++L++AG +T++ ++ wa+ +Ll h
  sp|A0A0S1TPC7|C76K6_SALPM 292 NEIKHLCVDLIIAGSDTSAATTEWAMVELLLH 323
                                69****************************88 PP

>> sp|Q2XVA1|CP17A_MACFA  Steroid 17-alpha-hydroxylase/17,20 lyase OS=Macaca fascicularis OX=9541 GN=CYP17A1 PE=2 SV=1
   #    score  bias  c-Evalue  i-Evalue hmmfrom  hmm to    alifrom  ali to    envfrom  env to     acc
 ---   ------ ----- --------- --------- ------- -------    ------- -------    ------- -------    ----
   1 !   28.6   0.6     2e-08   3.3e-05       1      33 []     289     321 ..     289     321 .. 0.96

  Alignments for each domain:
  == domain 1  score: 28.6 bits;  conditional E-value: 2e-08
        ihelix_seed_hmm   1 deelvalvllLlvAGheTTtnaiswalllLlrh 33 
                            d++++ ++ +++ AG+eTTt++  w++ +Ll++
  sp|Q2XVA1|CP17A_MACFA 289 DNHILTTIGDIFGAGVETTTSVVKWIVAFLLHN 321
                            789****************************87 PP

>> sp|Q8HYM9|CP17A_MACMU  Steroid 17-alpha-hydroxylase/17,20 lyase OS=Macaca mulatta OX=9544 GN=CYP17A1 PE=2 SV=1
   #    score  bias  c-Evalue  i-Evalue hmmfrom  hmm to    alifrom  ali to    envfrom  env to     acc
 ---   ------ ----- --------- --------- ------- -------    ------- -------    ------- -------    ----
   1 !   28.6   0.6     2e-08   3.3e-05       1      33 []     289     321 ..     289     321 .. 0.96

  Alignments for each domain:
  == domain 1  score: 28.6 bits;  conditional E-value: 2e-08
        ihelix_seed_hmm   1 deelvalvllLlvAGheTTtnaiswalllLlrh 33 
                            d++++ ++ +++ AG+eTTt++  w++ +Ll++
  sp|Q8HYM9|CP17A_MACMU 289 DNHILTTIGDIFGAGVETTTSVVKWIVAFLLHN 321
                            789****************************87 PP

>> sp|Q8HYN0|CP17A_PAPCY  Steroid 17-alpha-hydroxylase/17,20 lyase OS=Papio cynocephalus OX=9556 GN=CYP17A1 PE=2 SV=1
   #    score  bias  c-Evalue  i-Evalue hmmfrom  hmm to    alifrom  ali to    envfrom  env to     acc
 ---   ------ ----- --------- --------- ------- -------    ------- -------    ------- -------    ----
   1 !   28.6   0.6     2e-08   3.3e-05       1      33 []     289     321 ..     289     321 .. 0.96

  Alignments for each domain:
  == domain 1  score: 28.6 bits;  conditional E-value: 2e-08
        ihelix_seed_hmm   1 deelvalvllLlvAGheTTtnaiswalllLlrh 33 
                            d++++ ++ +++ AG+eTTt++  w++ +Ll++
  sp|Q8HYN0|CP17A_PAPCY 289 DNHILTTIGDIFGAGVETTTSVVKWIVAFLLHN 321
                            789****************************87 PP

>> sp|Q9GLD2|CP17A_PAPHU  Steroid 17-alpha-hydroxylase/17,20 lyase OS=Papio hamadryas ursinus OX=36229 GN=CYP17A1 PE=1 S
   #    score  bias  c-Evalue  i-Evalue hmmfrom  hmm to    alifrom  ali to    envfrom  env to     acc
 ---   ------ ----- --------- --------- ------- -------    ------- -------    ------- -------    ----
   1 !   28.6   0.6     2e-08   3.3e-05       1      33 []     289     321 ..     289     321 .. 0.96

  Alignments for each domain:
  == domain 1  score: 28.6 bits;  conditional E-value: 2e-08
        ihelix_seed_hmm   1 deelvalvllLlvAGheTTtnaiswalllLlrh 33 
                            d++++ ++ +++ AG+eTTt++  w++ +Ll++
  sp|Q9GLD2|CP17A_PAPHU 289 DNHILTTIGDIFGAGVETTTSVVKWIVAFLLHN 321
                            789****************************87 PP

>> sp|A0A1D8QMD1|C76K6_SALFT  Carnosic acid synthase OS=Salvia fruticosa OX=268906 GN=CYP76AK6 PE=1 SV=1
   #    score  bias  c-Evalue  i-Evalue hmmfrom  hmm to    alifrom  ali to    envfrom  env to     acc
 ---   ------ ----- --------- --------- ------- -------    ------- -------    ------- -------    ----
   1 !   28.6   0.2   1.9e-08   3.3e-05       2      33 .]     292     323 ..     291     323 .. 0.96

  Alignments for each domain:
  == domain 1  score: 28.6 bits;  conditional E-value: 1.9e-08
            ihelix_seed_hmm   2 eelvalvllLlvAGheTTtnaiswalllLlrh 33 
                                +e+++l+++L++AG +T++ ++ wa+ +Ll h
  sp|A0A1D8QMD1|C76K6_SALFT 292 NEIKHLCVDLIIAGSDTSAATTEWAMVELLLH 323
                                69****************************88 PP

>> sp|Q8N118|CP4X1_HUMAN  Cytochrome P450 4X1 OS=Homo sapiens OX=9606 GN=CYP4X1 PE=1 SV=1
   #    score  bias  c-Evalue  i-Evalue hmmfrom  hmm to    alifrom  ali to    envfrom  env to     acc
 ---   ------ ----- --------- --------- ------- -------    ------- -------    ------- -------    ----
   1 !   28.7   0.2   1.9e-08   3.2e-05       3      33 .]     305     335 ..     303     335 .. 0.92

  Alignments for each domain:
  == domain 1  score: 28.7 bits;  conditional E-value: 1.9e-08
        ihelix_seed_hmm   3 elvalvllLlvAGheTTtnaiswalllLlrh 33 
                            ++++ v ++l+AGh+T + +isw+l++L+ +
  sp|Q8N118|CP4X1_HUMAN 305 DVHSEVSTFLLAGHDTLAASISWILYCLALN 335
                            6789999*********************987 PP

>> sp|O57525|CP17A_RANDY  Steroid 17-alpha-hydroxylase/17,20 lyase OS=Rana dybowskii OX=71582 GN=CYP17A1 PE=2 SV=1
   #    score  bias  c-Evalue  i-Evalue hmmfrom  hmm to    alifrom  ali to    envfrom  env to     acc
 ---   ------ ----- --------- --------- ------- -------    ------- -------    ------- -------    ----
   1 !   28.8   0.2   1.7e-08   2.9e-05       2      33 .]     303     334 ..     302     334 .. 0.93

  Alignments for each domain:
  == domain 1  score: 28.8 bits;  conditional E-value: 1.7e-08
        ihelix_seed_hmm   2 eelvalvllLlvAGheTTtnaiswalllLlrh 33 
                            ++++ +v +++ AG+eTT++++ wa+ +Ll++
  sp|O57525|CP17A_RANDY 303 DHILMTVGDIFGAGVETTSTVLKWAVAYLLHY 334
                            78999************************975 PP

>> sp|A0A3G9HRC2|ALT2_ALTAL  Bifunctional cytochrome P450/NADPH--P450 reductase ALT2 OS=Alternaria alternata OX=5599 GN=
   #    score  bias  c-Evalue  i-Evalue hmmfrom  hmm to    alifrom  ali to    envfrom  env to     acc
 ---   ------ ----- --------- --------- ------- -------    ------- -------    ------- -------    ----
   1 !   28.6   0.0   1.9e-08   3.3e-05       4      32 ..     264     292 ..     261     293 .. 0.91

  Alignments for each domain:
  == domain 1  score: 28.6 bits;  conditional E-value: 1.9e-08
           ihelix_seed_hmm   4 lvalvllLlvAGheTTtnaiswalllLlr 32 
                               +v++ l++++AGheTT++++s+ +++Ll+
  sp|A0A3G9HRC2|ALT2_ALTAL 264 VVDNLLTFFIAGHETTSSLLSFCMYYLLE 292
                               57899**********************96 PP

>> sp|P79402|CP242_PIG  Cytochrome P450 2C42 (Fragment) OS=Sus scrofa OX=9823 GN=CYP2C42 PE=2 SV=1
   #    score  bias  c-Evalue  i-Evalue hmmfrom  hmm to    alifrom  ali to    envfrom  env to     acc
 ---   ------ ----- --------- --------- ------- -------    ------- -------    ------- -------    ----
   1 !   28.8   0.9   1.7e-08   2.9e-05       2      33 .]     122     153 ..     121     153 .. 0.98

  Alignments for each domain:
  == domain 1  score: 28.8 bits;  conditional E-value: 1.7e-08
      ihelix_seed_hmm   2 eelvalvllLlvAGheTTtnaiswalllLlrh 33 
                          e+l+a+v +++ AG+eTT+++ +++lllLl+h
  sp|P79402|CP242_PIG 122 ENLIATVSDMFSAGTETTSTTMRYGLLLLLKH 153
                          79****************************99 PP

>> sp|Q2QUC5|C71P1_ORYSJ  Tryptamine 5-hydroxylase OS=Oryza sativa subsp. japonica OX=39947 GN=CYP71P1 PE=1 SV=1
   #    score  bias  c-Evalue  i-Evalue hmmfrom  hmm to    alifrom  ali to    envfrom  env to     acc
 ---   ------ ----- --------- --------- ------- -------    ------- -------    ------- -------    ----
   1 !   29.8   0.3   8.5e-09   1.4e-05       1      33 []     297     329 ..     297     329 .. 0.98

  Alignments for each domain:
  == domain 1  score: 29.8 bits;  conditional E-value: 8.5e-09
        ihelix_seed_hmm   1 deelvalvllLlvAGheTTtnaiswalllLlrh 33 
                            d++l+alvl+++vAG++TT  ++ w++ +L+rh
  sp|Q2QUC5|C71P1_ORYSJ 297 DDNLKALVLDMFVAGTDTTFATLEWVMTELVRH 329
                            79******************************9 PP

>> sp|Q64562|CP21A_RAT  Steroid 21-hydroxylase OS=Rattus norvegicus OX=10116 GN=Cyp21 PE=1 SV=1
   #    score  bias  c-Evalue  i-Evalue hmmfrom  hmm to    alifrom  ali to    envfrom  env to     acc
 ---   ------ ----- --------- --------- ------- -------    ------- -------    ------- -------    ----
   1 !   29.7   1.6   8.7e-09   1.5e-05       8      33 .]     283     308 ..     277     308 .. 0.94

  Alignments for each domain:
  == domain 1  score: 29.7 bits;  conditional E-value: 8.7e-09
      ihelix_seed_hmm   8 vllLlvAGheTTtnaiswalllLlrh 33 
                          v++L+v+G+eTT+ ++swa+ +Ll+h
  sp|Q64562|CP21A_RAT 283 VVDLFVGGTETTAATLSWAVAFLLHH 308
                          89**********************98 PP

>> sp|Q9VB31|C6A18_DROME  Probable cytochrome P450 6a18 OS=Drosophila melanogaster OX=7227 GN=Cyp6a18 PE=2 SV=1
   #    score  bias  c-Evalue  i-Evalue hmmfrom  hmm to    alifrom  ali to    envfrom  env to     acc
 ---   ------ ----- --------- --------- ------- -------    ------- -------    ------- -------    ----
   1 !   28.8   0.0   1.8e-08     3e-05       1      33 []     297     329 ..     297     329 .. 0.97

  Alignments for each domain:
  == domain 1  score: 28.8 bits;  conditional E-value: 1.8e-08
        ihelix_seed_hmm   1 deelvalvllLlvAGheTTtnaiswalllLlrh 33 
                            ++e+va++ ++++AG +T++++ ++al++L+++
  sp|Q9VB31|C6A18_DROME 297 MDEIVAQAFVFFIAGFDTSSSTMGFALYELAKN 329
                            59*****************************98 PP

>> sp|A0A3S5HYN5|PVHE_TALVA  Cytochrome P450 monooxygenase pvhE OS=Talaromyces variabilis OX=28576 GN=pvhE PE=1 SV=1
   #    score  bias  c-Evalue  i-Evalue hmmfrom  hmm to    alifrom  ali to    envfrom  env to     acc
 ---   ------ ----- --------- --------- ------- -------    ------- -------    ------- -------    ----
   1 !   28.8   0.2   1.7e-08   2.9e-05       3      33 .]     313     343 ..     312     343 .. 0.96

  Alignments for each domain:
  == domain 1  score: 28.8 bits;  conditional E-value: 1.7e-08
           ihelix_seed_hmm   3 elvalvllLlvAGheTTtnaiswalllLlrh 33 
                               +l+++++ +l+AG +TT+ ++swal++L+rh
  sp|A0A3S5HYN5|PVHE_TALVA 313 MLRDQIVGVLLAGRDTTAATLSWALYELSRH 343
                               6899**************************9 PP

>> sp|P03940|CP21A_MOUSE  Steroid 21-hydroxylase OS=Mus musculus OX=10090 GN=Cyp21 PE=2 SV=3
   #    score  bias  c-Evalue  i-Evalue hmmfrom  hmm to    alifrom  ali to    envfrom  env to     acc
 ---   ------ ----- --------- --------- ------- -------    ------- -------    ------- -------    ----
   1 !   29.7   2.9   8.8e-09   1.5e-05       8      33 .]     280     305 ..     275     305 .. 0.95

  Alignments for each domain:
  == domain 1  score: 29.7 bits;  conditional E-value: 8.8e-09
        ihelix_seed_hmm   8 vllLlvAGheTTtnaiswalllLlrh 33 
                            v++L+++G+eTT++++swa+ +Ll+h
  sp|P03940|CP21A_MOUSE 280 VVDLFIGGTETTATTLSWAVAFLLHH 305
                            89**********************98 PP

>> sp|Q9N0U7|CP17A_CAPHI  Steroid 17-alpha-hydroxylase/17,20 lyase OS=Capra hircus OX=9925 GN=CYP17A1 PE=2 SV=1
   #    score  bias  c-Evalue  i-Evalue hmmfrom  hmm to    alifrom  ali to    envfrom  env to     acc
 ---   ------ ----- --------- --------- ------- -------    ------- -------    ------- -------    ----
   1 !   28.3   0.8   2.5e-08   4.2e-05       5      33 .]     293     321 ..     291     321 .. 0.95

  Alignments for each domain:
  == domain 1  score: 28.3 bits;  conditional E-value: 2.5e-08
        ihelix_seed_hmm   5 valvllLlvAGheTTtnaiswalllLlrh 33 
                            +a++ +++ AG+eTTt++i w++ +Ll+h
  sp|Q9N0U7|CP17A_CAPHI 293 LATIADIFGAGVETTTSVIKWIVAYLLHH 321
                            589************************98 PP

>> sp|F1SYG6|CY197_POSPM  Cytochrome P450 monooxygenase 197 OS=Postia placenta (strain ATCC 44394 / Madison 698-R) OX=56
   #    score  bias  c-Evalue  i-Evalue hmmfrom  hmm to    alifrom  ali to    envfrom  env to     acc
 ---   ------ ----- --------- --------- ------- -------    ------- -------    ------- -------    ----
   1 !   29.7   0.0   8.9e-09   1.5e-05       1      33 []     314     346 ..     314     346 .. 0.92

  Alignments for each domain:
  == domain 1  score: 29.7 bits;  conditional E-value: 8.9e-09
        ihelix_seed_hmm   1 deelvalvllLlvAGheTTtnaiswalllLlrh 33 
                            d++++a+v ++l+AGheTT+na +w l++L  +
  sp|F1SYG6|CY197_POSPM 314 DKDVLAQVPTFLIAGHETTSNAVAWCLYALTQN 346
                            678899999********************9866 PP

>> sp|Q6GUQ4|CP2E1_MACMU  Cytochrome P450 2E1 OS=Macaca mulatta OX=9544 GN=CYP2E1 PE=2 SV=1
   #    score  bias  c-Evalue  i-Evalue hmmfrom  hmm to    alifrom  ali to    envfrom  env to     acc
 ---   ------ ----- --------- --------- ------- -------    ------- -------    ------- -------    ----
   1 !   28.7   0.6   1.8e-08   3.1e-05       2      33 .]     287     318 ..     286     318 .. 0.92

  Alignments for each domain:
  == domain 1  score: 28.7 bits;  conditional E-value: 1.8e-08
        ihelix_seed_hmm   2 eelvalvllLlvAGheTTtnaiswalllLlrh 33 
                            + ++ +v +L++AG+eTT+++++++ll L ++
  sp|Q6GUQ4|CP2E1_MACMU 287 DGITVTVADLFFAGTETTSTTLRYGLLILMKY 318
                            78999**********************99875 PP

>> sp|P33266|CP2E1_MACFA  Cytochrome P450 2E1 (Fragment) OS=Macaca fascicularis OX=9541 GN=CYP2E1 PE=2 SV=1
   #    score  bias  c-Evalue  i-Evalue hmmfrom  hmm to    alifrom  ali to    envfrom  env to     acc
 ---   ------ ----- --------- --------- ------- -------    ------- -------    ------- -------    ----
   1 !   28.9   0.6   1.6e-08   2.7e-05       2      33 .]     243     274 ..     242     274 .. 0.92

  Alignments for each domain:
  == domain 1  score: 28.9 bits;  conditional E-value: 1.6e-08
        ihelix_seed_hmm   2 eelvalvllLlvAGheTTtnaiswalllLlrh 33 
                            + ++ +v +L++AG+eTT+++++++ll L ++
  sp|P33266|CP2E1_MACFA 243 DGITVTVADLFFAGTETTSTTLRYGLLILMKY 274
                            78999**********************99875 PP

>> sp|A0A411KZY9|BUAD_ASPBU  Cytochrome P450 monooxygenase buaD OS=Aspergillus burnettii OX=2508778 GN=buaD PE=3 SV=1
   #    score  bias  c-Evalue  i-Evalue hmmfrom  hmm to    alifrom  ali to    envfrom  env to     acc
 ---   ------ ----- --------- --------- ------- -------    ------- -------    ------- -------    ----
   1 !   28.5   0.3   2.2e-08   3.7e-05       1      30 [.     317     346 ..     317     349 .. 0.93

  Alignments for each domain:
  == domain 1  score: 28.5 bits;  conditional E-value: 2.2e-08
           ihelix_seed_hmm   1 deelvalvllLlvAGheTTtnaiswalllL 30 
                               +ee++++++++l AGheT +  i+wa++ L
  sp|A0A411KZY9|BUAD_ASPBU 317 EEEVINQMTTILGAGHETISVGITWAIYML 346
                               69*************************966 PP

>> sp|Q29497|CP17A_SHEEP  Steroid 17-alpha-hydroxylase/17,20 lyase OS=Ovis aries OX=9940 GN=CYP17A1 PE=2 SV=2
   #    score  bias  c-Evalue  i-Evalue hmmfrom  hmm to    alifrom  ali to    envfrom  env to     acc
 ---   ------ ----- --------- --------- ------- -------    ------- -------    ------- -------    ----
   1 !   28.3   0.8   2.5e-08   4.2e-05       5      33 .]     293     321 ..     291     321 .. 0.95

  Alignments for each domain:
  == domain 1  score: 28.3 bits;  conditional E-value: 2.5e-08
        ihelix_seed_hmm   5 valvllLlvAGheTTtnaiswalllLlrh 33 
                            +a++ +++ AG+eTTt++i w++ +Ll+h
  sp|Q29497|CP17A_SHEEP 293 LATIADIFGAGVETTTSVIKWIVAYLLHH 321
                            589************************98 PP

>> sp|O46054|C4AE1_DROME  Cytochrome P450 4ae1 OS=Drosophila melanogaster OX=7227 GN=Cyp4ae1 PE=2 SV=1
   #    score  bias  c-Evalue  i-Evalue hmmfrom  hmm to    alifrom  ali to    envfrom  env to     acc
 ---   ------ ----- --------- --------- ------- -------    ------- -------    ------- -------    ----
   1 !   28.4   0.0   2.2e-08   3.8e-05       1      33 []     291     323 ..     291     323 .. 0.97

  Alignments for each domain:
  == domain 1  score: 28.4 bits;  conditional E-value: 2.2e-08
        ihelix_seed_hmm   1 deelvalvllLlvAGheTTtnaiswalllLlrh 33 
                            d+++++ v ++++ Gh+TTt+a s+ l+lL+rh
  sp|O46054|C4AE1_DROME 291 DKQIRDEVNTFIFEGHDTTTSAVSFCLYLLSRH 323
                            789*****************************9 PP

>> sp|A0A4D6Q415|CYP1_CROXC  Flavonoid 3'-monooxygenase CYP75B137 OS=Crocosmia x crocosmiiflora OX=1053288 GN=CYP75B137 
   #    score  bias  c-Evalue  i-Evalue hmmfrom  hmm to    alifrom  ali to    envfrom  env to     acc
 ---   ------ ----- --------- --------- ------- -------    ------- -------    ------- -------    ----
   1 !   28.2   0.5   2.6e-08   4.4e-05       3      33 .]     291     321 ..     289     321 .. 0.96

  Alignments for each domain:
  == domain 1  score: 28.2 bits;  conditional E-value: 2.6e-08
           ihelix_seed_hmm   3 elvalvllLlvAGheTTtnaiswalllLlrh 33 
                               +++al l+L++AG++T++++  w+l +L+rh
  sp|A0A4D6Q415|CYP1_CROXC 291 DIKALLLNLFTAGTDTSSSTVEWVLAELIRH 321
                               799***************************9 PP

>> sp|A0A3Q9R4N5|C76B7_ARNEU  Geranylhydroquinone 3''-hydroxylase CYP76B74 OS=Arnebia euchroma OX=373122 GN=CYP76B74 PE=
   #    score  bias  c-Evalue  i-Evalue hmmfrom  hmm to    alifrom  ali to    envfrom  env to     acc
 ---   ------ ----- --------- --------- ------- -------    ------- -------    ------- -------    ----
   1 !   29.6   0.1   9.5e-09   1.6e-05       4      33 .]     287     316 ..     285     316 .. 0.92

  Alignments for each domain:
  == domain 1  score: 29.6 bits;  conditional E-value: 9.5e-09
            ihelix_seed_hmm   4 lvalvllLlvAGheTTtnaiswalllLlrh 33 
                                +++++l+L++AG++TT++++ w++ +L+ +
  sp|A0A3Q9R4N5|C76B7_ARNEU 287 VKHTILDLFIAGTDTTSSVTEWTMAELIQN 316
                                5789***********************876 PP

>> sp|P79716|CP1A1_DICLA  Cytochrome P450 1A1 OS=Dicentrarchus labrax OX=13489 GN=cyp1a1 PE=2 SV=1
   #    score  bias  c-Evalue  i-Evalue hmmfrom  hmm to    alifrom  ali to    envfrom  env to     acc
 ---   ------ ----- --------- --------- ------- -------    ------- -------    ------- -------    ----
   1 !   28.5   0.0   2.1e-08   3.6e-05       1      32 [.     310     341 ..     310     342 .. 0.95

  Alignments for each domain:
  == domain 1  score: 28.5 bits;  conditional E-value: 2.1e-08
        ihelix_seed_hmm   1 deelvalvllLlvAGheTTtnaiswalllLlr 32 
                            de +v++v +L+ AG +T ++a+sw++++L+ 
  sp|P79716|CP1A1_DICLA 310 DEKIVGIVNDLFGAGFDTISTALSWSVMYLVA 341
                            789***************************86 PP

>> sp|P08684|CP3A4_HUMAN  Cytochrome P450 3A4 OS=Homo sapiens OX=9606 GN=CYP3A4 PE=1 SV=4
   #    score  bias  c-Evalue  i-Evalue hmmfrom  hmm to    alifrom  ali to    envfrom  env to     acc
 ---   ------ ----- --------- --------- ------- -------    ------- -------    ------- -------    ----
   1 !   28.6   0.2     2e-08   3.3e-05       2      33 .]     293     324 ..     292     324 .. 0.96

  Alignments for each domain:
  == domain 1  score: 28.6 bits;  conditional E-value: 2e-08
        ihelix_seed_hmm   2 eelvalvllLlvAGheTTtnaiswalllLlrh 33 
                             elva+ + +++AG eTT++++s+++++L++h
  sp|P08684|CP3A4_HUMAN 293 LELVAQSIIFIFAGYETTSSVLSFIMYELATH 324
                            69*****************************9 PP

>> sp|Q92116|CP1A1_STECH  Cytochrome P450 1A1 OS=Stenotomus chrysops OX=35579 GN=cyp1a1 PE=2 SV=1
   #    score  bias  c-Evalue  i-Evalue hmmfrom  hmm to    alifrom  ali to    envfrom  env to     acc
 ---   ------ ----- --------- --------- ------- -------    ------- -------    ------- -------    ----
   1 !   28.5   0.0   2.1e-08   3.6e-05       1      32 [.     309     340 ..     309     341 .. 0.95

  Alignments for each domain:
  == domain 1  score: 28.5 bits;  conditional E-value: 2.1e-08
        ihelix_seed_hmm   1 deelvalvllLlvAGheTTtnaiswalllLlr 32 
                            de +v++v +L+ AG +T ++a+sw++++L+ 
  sp|Q92116|CP1A1_STECH 309 DEKIVGIVNDLFGAGFDTISTALSWSVMYLVA 340
                            789***************************86 PP

>> sp|P49602|CP51_USTMA  Lanosterol 14-alpha demethylase OS=Ustilago maydis (strain 521 / FGSC 9021) OX=237631 GN=ERG11 
   #    score  bias  c-Evalue  i-Evalue hmmfrom  hmm to    alifrom  ali to    envfrom  env to     acc
 ---   ------ ----- --------- --------- ------- -------    ------- -------    ------- -------    ----
   1 !   27.9   0.6   3.3e-08   5.6e-05       3      32 ..     314     343 ..     313     344 .. 0.95

  Alignments for each domain:
  == domain 1  score: 27.9 bits;  conditional E-value: 3.3e-08
       ihelix_seed_hmm   3 elvalvllLlvAGheTTtnaiswalllLlr 32 
                           e+++++++Ll+AG++T++ ++swa+l L++
  sp|P49602|CP51_USTMA 314 EIAHMMIALLMAGQHTSSATSSWAFLRLAS 343
                           89**************************96 PP

>> sp|P48418|C75A1_PETHY  Flavonoid 3',5'-hydroxylase 1 OS=Petunia hybrida OX=4102 GN=CYP75A1 PE=1 SV=1
   #    score  bias  c-Evalue  i-Evalue hmmfrom  hmm to    alifrom  ali to    envfrom  env to     acc
 ---   ------ ----- --------- --------- ------- -------    ------- -------    ------- -------    ----
   1 !   29.5   0.9   1.1e-08   1.8e-05       3      33 .]     290     320 ..     288     320 .. 0.95

  Alignments for each domain:
  == domain 1  score: 29.5 bits;  conditional E-value: 1.1e-08
        ihelix_seed_hmm   3 elvalvllLlvAGheTTtnaiswalllLlrh 33 
                            +++al l+L++AG++T+++ai wal ++ ++
  sp|P48418|C75A1_PETHY 290 NIKALLLNLFTAGTDTSSSAIEWALAEMMKN 320
                            899*************************987 PP

>> sp|P98181|CP1A1_PAGMA  Cytochrome P450 1A1 OS=Pagrus major OX=143350 GN=cyp1a1 PE=2 SV=1
   #    score  bias  c-Evalue  i-Evalue hmmfrom  hmm to    alifrom  ali to    envfrom  env to     acc
 ---   ------ ----- --------- --------- ------- -------    ------- -------    ------- -------    ----
   1 !   28.3   0.0   2.5e-08   4.2e-05       1      32 [.     303     334 ..     303     335 .. 0.94

  Alignments for each domain:
  == domain 1  score: 28.3 bits;  conditional E-value: 2.5e-08
        ihelix_seed_hmm   1 deelvalvllLlvAGheTTtnaiswalllLlr 32 
                            d+ +v++v +L+ AG +T ++a+sw++++L+ 
  sp|P98181|CP1A1_PAGMA 303 DDKIVGIVNDLFGAGFDTISTALSWSVMYLVA 334
                            789***************************86 PP

>> sp|Q64417|CP3AE_CAVPO  Cytochrome P450 3A14 OS=Cavia porcellus OX=10141 GN=CYP3A14 PE=2 SV=2
   #    score  bias  c-Evalue  i-Evalue hmmfrom  hmm to    alifrom  ali to    envfrom  env to     acc
 ---   ------ ----- --------- --------- ------- -------    ------- -------    ------- -------    ----
   1 !   28.1   0.3     3e-08     5e-05       2      33 .]     293     324 ..     292     324 .. 0.96

  Alignments for each domain:
  == domain 1  score: 28.1 bits;  conditional E-value: 3e-08
        ihelix_seed_hmm   2 eelvalvllLlvAGheTTtnaiswalllLlrh 33 
                             e++a+ + +++AG eTT++++s++++ L++h
  sp|Q64417|CP3AE_CAVPO 293 VEILAQSIIFIFAGYETTSSTLSFIMYSLATH 324
                            599****************************9 PP

>> sp|L7X3S1|MSH_PAPSO  Methyltetrahydroprotoberberine 14-monooxygenase OS=Papaver somniferum OX=3469 GN=CYP82N4 PE=1 SV
   #    score  bias  c-Evalue  i-Evalue hmmfrom  hmm to    alifrom  ali to    envfrom  env to     acc
 ---   ------ ----- --------- --------- ------- -------    ------- -------    ------- -------    ----
   1 !   28.2   1.0   2.6e-08   4.5e-05       5      33 .]     318     346 ..     317     346 .. 0.96

  Alignments for each domain:
  == domain 1  score: 28.2 bits;  conditional E-value: 2.6e-08
      ihelix_seed_hmm   5 valvllLlvAGheTTtnaiswalllLlrh 33 
                          ++++l+++++G +TTt +++wa+ lLl+h
  sp|L7X3S1|MSH_PAPSO 318 KSTCLDMILGGSDTTTVTLTWAMSLLLNH 346
                          689************************99 PP

>> sp|P56655|CP238_MOUSE  Cytochrome P450 2C38 OS=Mus musculus OX=10090 GN=Cyp2c38 PE=1 SV=2
   #    score  bias  c-Evalue  i-Evalue hmmfrom  hmm to    alifrom  ali to    envfrom  env to     acc
 ---   ------ ----- --------- --------- ------- -------    ------- -------    ------- -------    ----
   1 !   28.0   1.1     3e-08   5.1e-05       2      33 .]     285     316 ..     284     316 .. 0.93

  Alignments for each domain:
  == domain 1  score: 28.0 bits;  conditional E-value: 3e-08
        ihelix_seed_hmm   2 eelvalvllLlvAGheTTtnaiswalllLlrh 33 
                            e+lv ++ +L++AG+eTT++++++alllL ++
  sp|P56655|CP238_MOUSE 285 ENLVCTINNLFAAGTETTSTTLRYALLLLMKY 316
                            788889***********************875 PP

>> sp|Q92109|CP1A3_ONCMY  Cytochrome P450 1A3 OS=Oncorhynchus mykiss OX=8022 GN=cyp1a3 PE=2 SV=2
   #    score  bias  c-Evalue  i-Evalue hmmfrom  hmm to    alifrom  ali to    envfrom  env to     acc
 ---   ------ ----- --------- --------- ------- -------    ------- -------    ------- -------    ----
   1 !   28.1   0.0   2.8e-08   4.8e-05       1      32 [.     309     340 ..     309     341 .. 0.94

  Alignments for each domain:
  == domain 1  score: 28.1 bits;  conditional E-value: 2.8e-08
        ihelix_seed_hmm   1 deelvalvllLlvAGheTTtnaiswalllLlr 32 
                            de +v++v +L+ AG +T ++a+swa+ +L+ 
  sp|Q92109|CP1A3_ONCMY 309 DEKIVGIVNDLFGAGFDTISTALSWAVVYLVA 340
                            789**************************986 PP

>> sp|B8MV61|TPEC_TALSN  Cytochrome P450 monooxygenase tpeC OS=Talaromyces stipitatus (strain ATCC 10500 / CBS 375.48 / 
   #    score  bias  c-Evalue  i-Evalue hmmfrom  hmm to    alifrom  ali to    envfrom  env to     acc
 ---   ------ ----- --------- --------- ------- -------    ------- -------    ------- -------    ----
   1 !   28.0   1.0   3.2e-08   5.4e-05       2      33 .]     297     328 ..     297     328 .. 0.97

  Alignments for each domain:
  == domain 1  score: 28.0 bits;  conditional E-value: 3.2e-08
       ihelix_seed_hmm   2 eelvalvllLlvAGheTTtnaiswalllLlrh 33 
                           +e++++ + L++AG eTT++++s +++lLl +
  sp|B8MV61|TPEC_TALSN 297 DEIHGTSMGLIFAGSETTATLLSGVTYLLLQN 328
                           79***************************987 PP

>> sp|P11372|CP2CF_RABIT  Cytochrome P450 2C15 (Fragment) OS=Oryctolagus cuniculus OX=9986 GN=CYP2C15 PE=2 SV=1
   #    score  bias  c-Evalue  i-Evalue hmmfrom  hmm to    alifrom  ali to    envfrom  env to     acc
 ---   ------ ----- --------- --------- ------- -------    ------- -------    ------- -------    ----
   1 !   28.4   2.8   2.3e-08     4e-05       2      33 .]     173     204 ..     172     204 .. 0.95

  Alignments for each domain:
  == domain 1  score: 28.4 bits;  conditional E-value: 2.3e-08
        ihelix_seed_hmm   2 eelvalvllLlvAGheTTtnaiswalllLlrh 33 
                            e lv +v +L+ AG+eTT++++s +lllLl+h
  sp|P11372|CP2CF_RABIT 173 ESLVTTVSDLFGAGTETTSTTLSISLLLLLKH 204
                            67899*************************99 PP

>> sp|P79383|CP2E1_PIG  Cytochrome P450 2E1 OS=Sus scrofa OX=9823 GN=CYP2E1 PE=2 SV=1
   #    score  bias  c-Evalue  i-Evalue hmmfrom  hmm to    alifrom  ali to    envfrom  env to     acc
 ---   ------ ----- --------- --------- ------- -------    ------- -------    ------- -------    ----
   1 !   28.1   0.5   2.8e-08   4.8e-05       2      33 .]     287     318 ..     286     318 .. 0.94

  Alignments for each domain:
  == domain 1  score: 28.1 bits;  conditional E-value: 2.8e-08
      ihelix_seed_hmm   2 eelvalvllLlvAGheTTtnaiswalllLlrh 33 
                          ++++ +v ++++AG+eTT+++++++ll L ++
  sp|P79383|CP2E1_PIG 287 DNIAVTVADMFFAGTETTSTTLRYGLLILMKY 318
                          8999***********************99875 PP

>> sp|O65790|C81F1_ARATH  Cytochrome P450 81F1 OS=Arabidopsis thaliana OX=3702 GN=CYP81F1 PE=2 SV=2
   #    score  bias  c-Evalue  i-Evalue hmmfrom  hmm to    alifrom  ali to    envfrom  env to     acc
 ---   ------ ----- --------- --------- ------- -------    ------- -------    ------- -------    ----
   1 !   28.1   0.8   2.9e-08     5e-05       4      33 .]     290     319 ..     290     319 .. 0.97

  Alignments for each domain:
  == domain 1  score: 28.1 bits;  conditional E-value: 2.9e-08
        ihelix_seed_hmm   4 lvalvllLlvAGheTTtnaiswalllLlrh 33 
                            +++l++++++AG+eT++ ++ wa+  Llr+
  sp|O65790|C81F1_ARATH 290 IKGLMMSMMLAGTETSAVTLEWAMANLLRN 319
                            689**************************8 PP

>> sp|Q92110|CP1A1_ONCMY  Cytochrome P450 1A1 OS=Oncorhynchus mykiss OX=8022 GN=cyp1a1 PE=2 SV=2
   #    score  bias  c-Evalue  i-Evalue hmmfrom  hmm to    alifrom  ali to    envfrom  env to     acc
 ---   ------ ----- --------- --------- ------- -------    ------- -------    ------- -------    ----
   1 !   28.1   0.0   2.8e-08   4.8e-05       1      32 [.     309     340 ..     309     341 .. 0.94

  Alignments for each domain:
  == domain 1  score: 28.1 bits;  conditional E-value: 2.8e-08
        ihelix_seed_hmm   1 deelvalvllLlvAGheTTtnaiswalllLlr 32 
                            de +v++v +L+ AG +T ++a+swa+ +L+ 
  sp|Q92110|CP1A1_ONCMY 309 DEKIVGIVNDLFGAGFDTISTALSWAVVYLVA 340
                            789**************************986 PP

>> sp|O77809|CP1A2_MACFA  Cytochrome P450 1A2 OS=Macaca fascicularis OX=9541 GN=CYP1A2 PE=1 SV=3
   #    score  bias  c-Evalue  i-Evalue hmmfrom  hmm to    alifrom  ali to    envfrom  env to     acc
 ---   ------ ----- --------- --------- ------- -------    ------- -------    ------- -------    ----
   1 !   28.6   0.0   2.1e-08   3.5e-05       2      32 ..     305     335 ..     304     336 .. 0.95

  Alignments for each domain:
  == domain 1  score: 28.6 bits;  conditional E-value: 2.1e-08
        ihelix_seed_hmm   2 eelvalvllLlvAGheTTtnaiswalllLlr 32 
                            e +v+lv +++ AG +T ++aisw+l++L++
  sp|O77809|CP1A2_MACFA 305 EKIVNLVNDIFGAGFDTIATAISWSLMYLVT 335
                            679**************************87 PP

>> sp|P30437|CP17A_ONCMY  Steroid 17-alpha-hydroxylase/17,20 lyase OS=Oncorhynchus mykiss OX=8022 GN=cyp17a1 PE=2 SV=1
   #    score  bias  c-Evalue  i-Evalue hmmfrom  hmm to    alifrom  ali to    envfrom  env to     acc
 ---   ------ ----- --------- --------- ------- -------    ------- -------    ------- -------    ----
   1 !   28.0   0.4   3.1e-08   5.3e-05       2      33 .]     297     328 ..     296     328 .. 0.94

  Alignments for each domain:
  == domain 1  score: 28.0 bits;  conditional E-value: 3.1e-08
        ihelix_seed_hmm   2 eelvalvllLlvAGheTTtnaiswalllLlrh 33 
                            ++l+ +v +++ AG+eTT++++ wa+ +L++h
  sp|P30437|CP17A_ONCMY 297 DHLLMTVGDIFGAGVETTSTVLKWAIAYLIHH 328
                            788889***********************988 PP

>> sp|Q0IIF9|CP2U1_BOVIN  Cytochrome P450 2U1 OS=Bos taurus OX=9913 GN=CYP2U1 PE=2 SV=1
   #    score  bias  c-Evalue  i-Evalue hmmfrom  hmm to    alifrom  ali to    envfrom  env to     acc
 ---   ------ ----- --------- --------- ------- -------    ------- -------    ------- -------    ----
   1 !   27.9   0.3   3.3e-08   5.6e-05       4      33 .]     342     371 ..     339     371 .. 0.90

  Alignments for each domain:
  == domain 1  score: 27.9 bits;  conditional E-value: 3.3e-08
        ihelix_seed_hmm   4 lvalvllLlvAGheTTtnaiswalllLlrh 33 
                            l +++ +L++AG++TTtn++ w ll+++ h
  sp|Q0IIF9|CP2U1_BOVIN 342 LFYIIGDLFIAGTDTTTNSLLWCLLYMSLH 371
                            567899*********************987 PP

>> sp|Q02318|CP27A_HUMAN  Sterol 26-hydroxylase, mitochondrial OS=Homo sapiens OX=9606 GN=CYP27A1 PE=1 SV=1
   #    score  bias  c-Evalue  i-Evalue hmmfrom  hmm to    alifrom  ali to    envfrom  env to     acc
 ---   ------ ----- --------- --------- ------- -------    ------- -------    ------- -------    ----
   1 !   28.1   0.2     3e-08   5.1e-05      11      32 ..     332     353 ..     331     354 .. 0.94

  Alignments for each domain:
  == domain 1  score: 28.1 bits;  conditional E-value: 3e-08
        ihelix_seed_hmm  11 LlvAGheTTtnaiswalllLlr 32 
                            Ll+AG++TT+n+++wal++L++
  sp|Q02318|CP27A_HUMAN 332 LLMAGVDTTSNTLTWALYHLSK 353
                            9*******************86 PP

>> sp|X2JE85|C7BL2_TANPA  Costunolide synthase OS=Tanacetum parthenium OX=127999 GN=CYP71BL2 PE=1 SV=1
   #    score  bias  c-Evalue  i-Evalue hmmfrom  hmm to    alifrom  ali to    envfrom  env to     acc
 ---   ------ ----- --------- --------- ------- -------    ------- -------    ------- -------    ----
   1 !   29.1   0.4   1.4e-08   2.3e-05       1      33 []     283     315 ..     283     315 .. 0.97

  Alignments for each domain:
  == domain 1  score: 29.1 bits;  conditional E-value: 1.4e-08
        ihelix_seed_hmm   1 deelvalvllLlvAGheTTtnaiswalllLlrh 33 
                            de+++a vl++l+AG++T+++++ wa+ +L r+
  sp|X2JE85|C7BL2_TANPA 283 DEHVKAVVLDMLTAGTDTSSTTLEWAMTELMRN 315
                            799***************************998 PP

>> sp|O04790|C75A7_EUSER  Flavonoid 3',5'-hydroxylase OS=Eustoma exaltatum subsp. russellianum OX=52518 GN=CYP75A7 PE=1 
   #    score  bias  c-Evalue  i-Evalue hmmfrom  hmm to    alifrom  ali to    envfrom  env to     acc
 ---   ------ ----- --------- --------- ------- -------    ------- -------    ------- -------    ----
   1 !   29.0   0.5   1.5e-08   2.5e-05       3      33 .]     294     324 ..     292     324 .. 0.96

  Alignments for each domain:
  == domain 1  score: 29.0 bits;  conditional E-value: 1.5e-08
        ihelix_seed_hmm   3 elvalvllLlvAGheTTtnaiswalllLlrh 33 
                            +++al l++++AG++T++++i wal +Ll++
  sp|O04790|C75A7_EUSER 294 NIKALLLNMFTAGTDTSSSVIEWALAELLKN 324
                            799**************************98 PP

>> sp|Q6WNQ8|C81E8_MEDTR  Cytochrome P450 81E8 OS=Medicago truncatula OX=3880 GN=CYP81E8 PE=2 SV=1
   #    score  bias  c-Evalue  i-Evalue hmmfrom  hmm to    alifrom  ali to    envfrom  env to     acc
 ---   ------ ----- --------- --------- ------- -------    ------- -------    ------- -------    ----
   1 !   28.0   0.2   3.1e-08   5.2e-05       4      33 .]     292     321 ..     289     321 .. 0.95

  Alignments for each domain:
  == domain 1  score: 28.0 bits;  conditional E-value: 3.1e-08
        ihelix_seed_hmm   4 lvalvllLlvAGheTTtnaiswalllLlrh 33 
                            +++l++++l+AG++T++ +i wa+  Ll+h
  sp|Q6WNQ8|C81E8_MEDTR 292 IKGLMVVMLLAGTDTSSVTIEWAMSNLLNH 321
                            789*************************98 PP

>> sp|Q27516|C13A8_CAEEL  Putative cytochrome P450 CYP13A8 OS=Caenorhabditis elegans OX=6239 GN=cyp-13A8 PE=3 SV=2
   #    score  bias  c-Evalue  i-Evalue hmmfrom  hmm to    alifrom  ali to    envfrom  env to     acc
 ---   ------ ----- --------- --------- ------- -------    ------- -------    ------- -------    ----
   1 !   28.3   0.1   2.5e-08   4.3e-05       2      33 .]     308     339 ..     307     339 .. 0.96

  Alignments for each domain:
  == domain 1  score: 28.3 bits;  conditional E-value: 2.5e-08
        ihelix_seed_hmm   2 eelvalvllLlvAGheTTtnaiswalllLlrh 33 
                            +e+++++ ++lvAG +TT+ ++s+++++L+ +
  sp|Q27516|C13A8_CAEEL 308 QEIISQCFVFLVAGFDTTAISLSYVTYFLALN 339
                            8****************************987 PP

>> sp|Q96418|C75A5_EUSER  Flavonoid 3',5'-hydroxylase OS=Eustoma exaltatum subsp. russellianum OX=52518 GN=CYP75A5 PE=2 
   #    score  bias  c-Evalue  i-Evalue hmmfrom  hmm to    alifrom  ali to    envfrom  env to     acc
 ---   ------ ----- --------- --------- ------- -------    ------- -------    ------- -------    ----
   1 !   29.0   0.5   1.5e-08   2.5e-05       3      33 .]     294     324 ..     292     324 .. 0.96

  Alignments for each domain:
  == domain 1  score: 29.0 bits;  conditional E-value: 1.5e-08
        ihelix_seed_hmm   3 elvalvllLlvAGheTTtnaiswalllLlrh 33 
                            +++al l++++AG++T++++i wal +Ll++
  sp|Q96418|C75A5_EUSER 294 NIKALLLNMFTAGTDTSSSVIEWALAELLKN 324
                            799**************************98 PP

>> sp|A0A2R4SBW0|CYPL8_GANLU  Ganoderic acid synthetase CYP5150L8 OS=Ganoderma lucidum OX=5315 GN=CYP5150L8 PE=1 SV=1
   #    score  bias  c-Evalue  i-Evalue hmmfrom  hmm to    alifrom  ali to    envfrom  env to     acc
 ---   ------ ----- --------- --------- ------- -------    ------- -------    ------- -------    ----
   1 !   27.9   0.8   3.4e-08   5.7e-05       1      33 []     312     344 ..     312     344 .. 0.98

  Alignments for each domain:
  == domain 1  score: 27.9 bits;  conditional E-value: 3.4e-08
            ihelix_seed_hmm   1 deelvalvllLlvAGheTTtnaiswalllLlrh 33 
                                deel+a++ ++++AG++TT+na+s +l+lL++h
  sp|A0A2R4SBW0|CYPL8_GANLU 312 DEELLAQMSTFILAGMDTTSNALSRILHLLAEH 344
                                89*****************************98 PP

>> sp|Q42799|C93A2_SOYBN  Cytochrome P450 93A2 OS=Glycine max OX=3847 GN=CYP93A2 PE=2 SV=1
   #    score  bias  c-Evalue  i-Evalue hmmfrom  hmm to    alifrom  ali to    envfrom  env to     acc
 ---   ------ ----- --------- --------- ------- -------    ------- -------    ------- -------    ----
   1 !   28.2   0.1   2.7e-08   4.6e-05       2      33 .]     287     318 ..     286     318 .. 0.96

  Alignments for each domain:
  == domain 1  score: 28.2 bits;  conditional E-value: 2.7e-08
        ihelix_seed_hmm   2 eelvalvllLlvAGheTTtnaiswalllLlrh 33 
                            e+++a++++++vAG++T++ +  wa+ +L+++
  sp|Q42799|C93A2_SOYBN 287 ENIKAFIMDIFVAGTDTSAATMEWAMAELINN 318
                            89***************************987 PP

>> sp|Q55AJ4|C516B_DICDI  Probable cytochrome P450 516B1 OS=Dictyostelium discoideum OX=44689 GN=cyp516B1 PE=3 SV=1
   #    score  bias  c-Evalue  i-Evalue hmmfrom  hmm to    alifrom  ali to    envfrom  env to     acc
 ---   ------ ----- --------- --------- ------- -------    ------- -------    ------- -------    ----
   1 !   27.7   0.2   3.8e-08   6.5e-05       9      33 .]     282     306 ..     275     306 .. 0.95

  Alignments for each domain:
  == domain 1  score: 27.7 bits;  conditional E-value: 3.8e-08
        ihelix_seed_hmm   9 llLlvAGheTTtnaiswalllLlrh 33 
                            ++L+vAGheT++ +++w++l+L++h
  sp|Q55AJ4|C516B_DICDI 282 TDLIVAGHETVAITLGWMILFLSNH 306
                            79*********************98 PP

>> sp|Q2XNC8|CP2D6_PANTR  Cytochrome P450 2D6 OS=Pan troglodytes OX=9598 GN=CYP2D6 PE=3 SV=1
   #    score  bias  c-Evalue  i-Evalue hmmfrom  hmm to    alifrom  ali to    envfrom  env to     acc
 ---   ------ ----- --------- --------- ------- -------    ------- -------    ------- -------    ----
   1 !   27.8   1.8   3.5e-08   5.9e-05       1      33 []     292     324 ..     292     324 .. 0.96

  Alignments for each domain:
  == domain 1  score: 27.8 bits;  conditional E-value: 3.5e-08
        ihelix_seed_hmm   1 deelvalvllLlvAGheTTtnaiswalllLlrh 33 
                            de+l+  v +L+ AG+ TT+++++w+lll++ h
  sp|Q2XNC8|CP2D6_PANTR 292 DENLRIVVADLFSAGIVTTSTTLAWGLLLMILH 324
                            79****************************987 PP

>> sp|Q5KTN2|ALT2_ALTSO  Cytochrome P450 monooxygenase alt2 OS=Alternaria solani OX=48100 GN=alt2 PE=3 SV=1
   #    score  bias  c-Evalue  i-Evalue hmmfrom  hmm to    alifrom  ali to    envfrom  env to     acc
 ---   ------ ----- --------- --------- ------- -------    ------- -------    ------- -------    ----
   1 !   27.4   0.0   4.7e-08     8e-05       3      33 .]     313     343 ..     312     343 .. 0.94

  Alignments for each domain:
  == domain 1  score: 27.4 bits;  conditional E-value: 4.7e-08
       ihelix_seed_hmm   3 elvalvllLlvAGheTTtnaiswalllLlrh 33 
                           e++ +vl Ll+AG +TT+++++w++++L+r+
  sp|Q5KTN2|ALT2_ALTSO 313 EVREQVLGLLAAGRDTTASLTAWVFYCLVRN 343
                           677899***********************98 PP

>> sp|P24456|CP2DA_MOUSE  Cytochrome P450 2D10 OS=Mus musculus OX=10090 GN=Cyp2d10 PE=1 SV=2
   #    score  bias  c-Evalue  i-Evalue hmmfrom  hmm to    alifrom  ali to    envfrom  env to     acc
 ---   ------ ----- --------- --------- ------- -------    ------- -------    ------- -------    ----
   1 !   27.7   3.0   3.9e-08   6.6e-05       1      33 []     295     327 ..     295     327 .. 0.95

  Alignments for each domain:
  == domain 1  score: 27.7 bits;  conditional E-value: 3.9e-08
        ihelix_seed_hmm   1 deelvalvllLlvAGheTTtnaiswalllLlrh 33 
                            de+l+  vl+L++AG+ TT++++swalll++ h
  sp|P24456|CP2DA_MOUSE 295 DENLRMVVLDLFTAGMVTTSTTLSWALLLMILH 327
                            7899999***********************987 PP

>> sp|P00181|CP2C2_RABIT  Cytochrome P450 2C2 OS=Oryctolagus cuniculus OX=9986 GN=CYP2C2 PE=1 SV=2
   #    score  bias  c-Evalue  i-Evalue hmmfrom  hmm to    alifrom  ali to    envfrom  env to     acc
 ---   ------ ----- --------- --------- ------- -------    ------- -------    ------- -------    ----
   1 !   28.0   1.5     3e-08   5.2e-05       2      33 .]     285     316 ..     284     316 .. 0.96

  Alignments for each domain:
  == domain 1  score: 28.0 bits;  conditional E-value: 3e-08
        ihelix_seed_hmm   2 eelvalvllLlvAGheTTtnaiswalllLlrh 33 
                            e+l+ +v ++++AG+eTT+++++++lllL +h
  sp|P00181|CP2C2_RABIT 285 ENLLTTVSDVFMAGTETTSTTLRYGLLLLMKH 316
                            78999************************998 PP

>> sp|Q64464|CP3AD_MOUSE  Cytochrome P450 3A13 OS=Mus musculus OX=10090 GN=Cyp3a13 PE=1 SV=1
   #    score  bias  c-Evalue  i-Evalue hmmfrom  hmm to    alifrom  ali to    envfrom  env to     acc
 ---   ------ ----- --------- --------- ------- -------    ------- -------    ------- -------    ----
   1 !   27.7   0.3     4e-08   6.7e-05       2      31 ..     293     322 ..     292     324 .. 0.94

  Alignments for each domain:
  == domain 1  score: 27.7 bits;  conditional E-value: 4e-08
        ihelix_seed_hmm   2 eelvalvllLlvAGheTTtnaiswalllLl 31 
                             e+va+ + +++AG eTT++a+s+al+lL+
  sp|Q64464|CP3AD_MOUSE 293 VEIVAQSVIFIFAGYETTSSALSFALYLLA 322
                            59***************************8 PP

>> sp|Q6JZS3|CP1A1_ORYLA  Cytochrome P450 1A1 OS=Oryzias latipes OX=8090 GN=cyp1a1 PE=3 SV=1
   #    score  bias  c-Evalue  i-Evalue hmmfrom  hmm to    alifrom  ali to    envfrom  env to     acc
 ---   ------ ----- --------- --------- ------- -------    ------- -------    ------- -------    ----
   1 !   27.4   0.0   4.7e-08     8e-05       1      32 [.     309     340 ..     309     341 .. 0.94

  Alignments for each domain:
  == domain 1  score: 27.4 bits;  conditional E-value: 4.7e-08
        ihelix_seed_hmm   1 deelvalvllLlvAGheTTtnaiswalllLlr 32 
                            de +v++v +L+ AG +T ++a+swa+ +L+ 
  sp|Q6JZS3|CP1A1_ORYLA 309 DEKVVGIVNDLFGAGFDTISTALSWAVGYLVA 340
                            68899*************************86 PP

>> sp|A0A087X1C5|CP2D7_HUMAN  Putative cytochrome P450 2D7 OS=Homo sapiens OX=9606 GN=CYP2D7 PE=5 SV=1
   #    score  bias  c-Evalue  i-Evalue hmmfrom  hmm to    alifrom  ali to    envfrom  env to     acc
 ---   ------ ----- --------- --------- ------- -------    ------- -------    ------- -------    ----
   1 !   27.6   2.7     4e-08   6.8e-05       1      33 []     292     324 ..     292     324 .. 0.96

  Alignments for each domain:
  == domain 1  score: 27.6 bits;  conditional E-value: 4e-08
            ihelix_seed_hmm   1 deelvalvllLlvAGheTTtnaiswalllLlrh 33 
                                de+l+  v +L++AG+ TT+++++w+lll++ h
  sp|A0A087X1C5|CP2D7_HUMAN 292 DENLRIVVGNLFLAGMVTTSTTLAWGLLLMILH 324
                                79****************************987 PP

>> sp|Q2XNC9|CP2D6_PANPA  Cytochrome P450 2D6 OS=Pan paniscus OX=9597 GN=CYP2D6 PE=3 SV=1
   #    score  bias  c-Evalue  i-Evalue hmmfrom  hmm to    alifrom  ali to    envfrom  env to     acc
 ---   ------ ----- --------- --------- ------- -------    ------- -------    ------- -------    ----
   1 !   27.7   1.9   3.9e-08   6.6e-05       1      33 []     292     324 ..     292     324 .. 0.96

  Alignments for each domain:
  == domain 1  score: 27.7 bits;  conditional E-value: 3.9e-08
        ihelix_seed_hmm   1 deelvalvllLlvAGheTTtnaiswalllLlrh 33 
                            de+l+  v +L+ AG+ TT+++++w+lll++ h
  sp|Q2XNC9|CP2D6_PANPA 292 DENLRIVVADLFSAGMVTTSTTLAWGLLLMILH 324
                            79****************************987 PP

>> sp|H2DH21|C7A29_PANGI  Cytochrome P450 CYP72A219 OS=Panax ginseng OX=4054 PE=2 SV=1
   #    score  bias  c-Evalue  i-Evalue hmmfrom  hmm to    alifrom  ali to    envfrom  env to     acc
 ---   ------ ----- --------- --------- ------- -------    ------- -------    ------- -------    ----
   1 !   27.9   0.0   3.4e-08   5.8e-05       2      33 .]     315     346 ..     314     346 .. 0.90

  Alignments for each domain:
  == domain 1  score: 27.9 bits;  conditional E-value: 3.4e-08
        ihelix_seed_hmm   2 eelvalvllLlvAGheTTtnaiswalllLlrh 33 
                            +e++  + l+++AG+eTT+n++ w+++lL+ h
  sp|H2DH21|C7A29_PANGI 315 DEVIEECKLFFFAGQETTSNLLVWTMILLSQH 346
                            567777889********************988 PP

>> sp|S0DS17|APF8_GIBF5  Cytochrome P450 monooxygenase apf8 OS=Gibberella fujikuroi (strain CBS 195.34 / IMI 58289 / NRR
   #    score  bias  c-Evalue  i-Evalue hmmfrom  hmm to    alifrom  ali to    envfrom  env to     acc
 ---   ------ ----- --------- --------- ------- -------    ------- -------    ------- -------    ----
   1 !   27.8   0.1   3.6e-08   6.1e-05       2      33 .]     145     176 ..     144     176 .. 0.97

  Alignments for each domain:
  == domain 1  score: 27.8 bits;  conditional E-value: 3.6e-08
       ihelix_seed_hmm   2 eelvalvllLlvAGheTTtnaiswalllLlrh 33 
                           +e++a + +L +AG++T++++++ +l++L+r+
  sp|S0DS17|APF8_GIBF5 145 SEIRAECATLVAAGTDTSSSTLAATLFYLSRN 176
                           79****************************98 PP

>> sp|P10635|CP2D6_HUMAN  Cytochrome P450 2D6 OS=Homo sapiens OX=9606 GN=CYP2D6 PE=1 SV=2
   #    score  bias  c-Evalue  i-Evalue hmmfrom  hmm to    alifrom  ali to    envfrom  env to     acc
 ---   ------ ----- --------- --------- ------- -------    ------- -------    ------- -------    ----
   1 !   27.7   1.9   3.9e-08   6.6e-05       1      33 []     292     324 ..     292     324 .. 0.96

  Alignments for each domain:
  == domain 1  score: 27.7 bits;  conditional E-value: 3.9e-08
        ihelix_seed_hmm   1 deelvalvllLlvAGheTTtnaiswalllLlrh 33 
                            de+l+  v +L+ AG+ TT+++++w+lll++ h
  sp|P10635|CP2D6_HUMAN 292 DENLRIVVADLFSAGMVTTSTTLAWGLLLMILH 324
                            79****************************987 PP

>> sp|Q7X7X4|C99A2_ORYSJ  Cytochrome P450 99A2 OS=Oryza sativa subsp. japonica OX=39947 GN=CYP99A2 PE=2 SV=2
   #    score  bias  c-Evalue  i-Evalue hmmfrom  hmm to    alifrom  ali to    envfrom  env to     acc
 ---   ------ ----- --------- --------- ------- -------    ------- -------    ------- -------    ----
   1 !   28.8   0.4   1.7e-08     3e-05       3      33 .]     317     347 ..     315     347 .. 0.96

  Alignments for each domain:
  == domain 1  score: 28.8 bits;  conditional E-value: 1.7e-08
        ihelix_seed_hmm   3 elvalvllLlvAGheTTtnaiswalllLlrh 33 
                            +++a++l+++++G+eTT++a  w++ +L r+
  sp|Q7X7X4|C99A2_ORYSJ 317 NIKAIILDMFTGGTETTSSAAEWVMSELMRN 347
                            899**************************98 PP

>> sp|P00182|CP2C3_RABIT  Cytochrome P450 2C3 OS=Oryctolagus cuniculus OX=9986 GN=CYP2C3 PE=1 SV=2
   #    score  bias  c-Evalue  i-Evalue hmmfrom  hmm to    alifrom  ali to    envfrom  env to     acc
 ---   ------ ----- --------- --------- ------- -------    ------- -------    ------- -------    ----
   1 !   27.9   1.2   3.3e-08   5.6e-05       2      33 .]     284     315 ..     283     315 .. 0.96

  Alignments for each domain:
  == domain 1  score: 27.9 bits;  conditional E-value: 3.3e-08
        ihelix_seed_hmm   2 eelvalvllLlvAGheTTtnaiswalllLlrh 33 
                            ++l+ ++ +++ AG++TT+n++ +alllLl+h
  sp|P00182|CP2C3_RABIT 284 DNLITTIWDVFSAGTDTTSNTLKFALLLLLKH 315
                            899***************************99 PP

>> sp|Q07217|CP11A_ONCMY  Cholesterol side-chain cleavage enzyme, mitochondrial OS=Oncorhynchus mykiss OX=8022 GN=cyp11a
   #    score  bias  c-Evalue  i-Evalue hmmfrom  hmm to    alifrom  ali to    envfrom  env to     acc
 ---   ------ ----- --------- --------- ------- -------    ------- -------    ------- -------    ----
   1 !   27.7   0.2   3.7e-08   6.3e-05       2      33 .]     312     343 ..     311     343 .. 0.97

  Alignments for each domain:
  == domain 1  score: 27.7 bits;  conditional E-value: 3.7e-08
        ihelix_seed_hmm   2 eelvalvllLlvAGheTTtnaiswalllLlrh 33 
                            e+++a v++L+++G++TT+ ++ w+l++L+rh
  sp|Q07217|CP11A_ONCMY 312 EDIKASVTELMAGGVDTTSITLLWTLYELARH 343
                            7899***************************9 PP

>> sp|O31785|PKSS_BACSU  Polyketide biosynthesis cytochrome P450 PksS OS=Bacillus subtilis (strain 168) OX=224308 GN=pks
   #    score  bias  c-Evalue  i-Evalue hmmfrom  hmm to    alifrom  ali to    envfrom  env to     acc
 ---   ------ ----- --------- --------- ------- -------    ------- -------    ------- -------    ----
   1 !   28.3   1.0   2.6e-08   4.4e-05       2      33 .]     229     260 ..     228     260 .. 0.96

  Alignments for each domain:
  == domain 1  score: 28.3 bits;  conditional E-value: 2.6e-08
       ihelix_seed_hmm   2 eelvalvllLlvAGheTTtnaiswalllLlrh 33 
                           +el ++  lL vAG eTT+n++++++l+Ll h
  sp|O31785|PKSS_BACSU 229 KELYSMLFLLVVAGLETTVNLLGSGTLALLQH 260
                           89****************************98 PP

>> sp|P33268|CP3A8_MACFA  Cytochrome P450 3A8 OS=Macaca fascicularis OX=9541 GN=CYP3A8 PE=1 SV=1
   #    score  bias  c-Evalue  i-Evalue hmmfrom  hmm to    alifrom  ali to    envfrom  env to     acc
 ---   ------ ----- --------- --------- ------- -------    ------- -------    ------- -------    ----
   1 !   27.9   0.2   3.4e-08   5.8e-05       2      33 .]     293     324 ..     292     324 .. 0.96

  Alignments for each domain:
  == domain 1  score: 27.9 bits;  conditional E-value: 3.4e-08
        ihelix_seed_hmm   2 eelvalvllLlvAGheTTtnaiswalllLlrh 33 
                             elva+ + +++AG eTT++++s+++++L++h
  sp|P33268|CP3A8_MACFA 293 LELVAQSIIFIFAGYETTSSVLSFIIYELATH 324
                            69*****************************9 PP

>> sp|O81973|C93A3_SOYBN  Cytochrome P450 93A3 OS=Glycine max OX=3847 GN=CYP93A3 PE=2 SV=1
   #    score  bias  c-Evalue  i-Evalue hmmfrom  hmm to    alifrom  ali to    envfrom  env to     acc
 ---   ------ ----- --------- --------- ------- -------    ------- -------    ------- -------    ----
   1 !   27.8   0.1   3.7e-08   6.3e-05       2      33 .]     295     326 ..     294     326 .. 0.96

  Alignments for each domain:
  == domain 1  score: 27.8 bits;  conditional E-value: 3.7e-08
        ihelix_seed_hmm   2 eelvalvllLlvAGheTTtnaiswalllLlrh 33 
                            e+++a++l++l+AG++T++ +  wa+ +L+++
  sp|O81973|C93A3_SOYBN 295 ENIKAFILDILIAGTDTSAVTMEWAMAELINN 326
                            89***************************987 PP

>> sp|A0A068Q6L2|C7317_PRUMU  Cytochrome P450 736A117 OS=Prunus mume OX=102107 GN=CYP736A117 PE=2 SV=1
   #    score  bias  c-Evalue  i-Evalue hmmfrom  hmm to    alifrom  ali to    envfrom  env to     acc
 ---   ------ ----- --------- --------- ------- -------    ------- -------    ------- -------    ----
   1 !   27.3   0.1   5.4e-08   9.1e-05       5      33 .]     311     339 ..     309     339 .. 0.95

  Alignments for each domain:
  == domain 1  score: 27.3 bits;  conditional E-value: 5.4e-08
            ihelix_seed_hmm   5 valvllLlvAGheTTtnaiswalllLlrh 33 
                                ++++l++++AG++TT +a+ wa+ +Llrh
  sp|A0A068Q6L2|C7317_PRUMU 311 KGIILDMFAAGTDTTYSALEWAMTELLRH 339
                                689*************************9 PP

>> sp|P20815|CP3A5_HUMAN  Cytochrome P450 3A5 OS=Homo sapiens OX=9606 GN=CYP3A5 PE=1 SV=1
   #    score  bias  c-Evalue  i-Evalue hmmfrom  hmm to    alifrom  ali to    envfrom  env to     acc
 ---   ------ ----- --------- --------- ------- -------    ------- -------    ------- -------    ----
   1 !   27.8   0.5   3.6e-08   6.2e-05       2      33 .]     293     324 ..     292     324 .. 0.96

  Alignments for each domain:
  == domain 1  score: 27.8 bits;  conditional E-value: 3.6e-08
        ihelix_seed_hmm   2 eelvalvllLlvAGheTTtnaiswalllLlrh 33 
                             el+a+ + +++AG eTT++++s++l++L++h
  sp|P20815|CP3A5_HUMAN 293 LELAAQSIIFIFAGYETTSSVLSFTLYELATH 324
                            699****************************9 PP

>> sp|Q92095|CP1A1_OPSTA  Cytochrome P450 1A1 OS=Opsanus tau OX=8068 GN=cyp1a1 PE=2 SV=1
   #    score  bias  c-Evalue  i-Evalue hmmfrom  hmm to    alifrom  ali to    envfrom  env to     acc
 ---   ------ ----- --------- --------- ------- -------    ------- -------    ------- -------    ----
   1 !   27.5   0.0   4.5e-08   7.7e-05       1      32 [.     309     340 ..     309     341 .. 0.95

  Alignments for each domain:
  == domain 1  score: 27.5 bits;  conditional E-value: 4.5e-08
        ihelix_seed_hmm   1 deelvalvllLlvAGheTTtnaiswalllLlr 32 
                            de +v++v +L+ AG +T+++ +sw++++L+ 
  sp|Q92095|CP1A1_OPSTA 309 DEKIVGIVNDLFGAGFDTVSTGLSWSVMYLVA 340
                            789***************************86 PP

>> sp|Q27593|CP6A8_DROME  Cytochrome P450 6a8 OS=Drosophila melanogaster OX=7227 GN=Cyp6a8 PE=2 SV=2
   #    score  bias  c-Evalue  i-Evalue hmmfrom  hmm to    alifrom  ali to    envfrom  env to     acc
 ---   ------ ----- --------- --------- ------- -------    ------- -------    ------- -------    ----
   1 !   27.5   0.1   4.6e-08   7.7e-05       1      33 []     297     329 ..     297     329 .. 0.97

  Alignments for each domain:
  == domain 1  score: 27.5 bits;  conditional E-value: 4.6e-08
        ihelix_seed_hmm   1 deelvalvllLlvAGheTTtnaiswalllLlrh 33 
                            +ee++a++ ++++AG eT++++ ++al++L+++
  sp|Q27593|CP6A8_DROME 297 MEEVLAQAFVFFIAGFETSSSTMGFALYELAKN 329
                            59*****************************98 PP

>> sp|P11707|CP3A6_RABIT  Cytochrome P450 3A6 OS=Oryctolagus cuniculus OX=9986 GN=CYP3A6 PE=2 SV=2
   #    score  bias  c-Evalue  i-Evalue hmmfrom  hmm to    alifrom  ali to    envfrom  env to     acc
 ---   ------ ----- --------- --------- ------- -------    ------- -------    ------- -------    ----
   1 !   27.6   0.8   4.1e-08     7e-05       2      33 .]     291     322 ..     290     322 .. 0.95

  Alignments for each domain:
  == domain 1  score: 27.6 bits;  conditional E-value: 4.1e-08
        ihelix_seed_hmm   2 eelvalvllLlvAGheTTtnaiswalllLlrh 33 
                             e+va+ + +l+AG eTT++++s++++lL++h
  sp|P11707|CP3A6_RABIT 291 IEVVAQSIIILFAGYETTSSTLSFIMHLLATH 322
                            5899***************************9 PP

>> sp|Q9CX98|CP2U1_MOUSE  Cytochrome P450 2U1 OS=Mus musculus OX=10090 GN=Cyp2u1 PE=2 SV=2
   #    score  bias  c-Evalue  i-Evalue hmmfrom  hmm to    alifrom  ali to    envfrom  env to     acc
 ---   ------ ----- --------- --------- ------- -------    ------- -------    ------- -------    ----
   1 !   27.4   0.2     5e-08   8.4e-05       4      33 .]     328     357 ..     325     357 .. 0.89

  Alignments for each domain:
  == domain 1  score: 27.4 bits;  conditional E-value: 5e-08
        ihelix_seed_hmm   4 lvalvllLlvAGheTTtnaiswalllLlrh 33 
                            l +++ +L++AG++TTtn++ w ll+++ +
  sp|Q9CX98|CP2U1_MOUSE 328 LFYIIGDLFIAGTDTTTNSLLWCLLYMSLN 357
                            567899*********************976 PP

>> sp|O65787|C71B6_ARATH  Cytochrome P450 71B6 OS=Arabidopsis thaliana OX=3702 GN=CYP71B6 PE=2 SV=1
   #    score  bias  c-Evalue  i-Evalue hmmfrom  hmm to    alifrom  ali to    envfrom  env to     acc
 ---   ------ ----- --------- --------- ------- -------    ------- -------    ------- -------    ----
   1 !   28.3   0.2   2.5e-08   4.3e-05       1      33 []     294     326 ..     294     326 .. 0.96

  Alignments for each domain:
  == domain 1  score: 28.3 bits;  conditional E-value: 2.5e-08
        ihelix_seed_hmm   1 deelvalvllLlvAGheTTtnaiswalllLlrh 33 
                            d +++a++++L+vAG++T++ ++ w++ +L+rh
  sp|O65787|C71B6_ARATH 294 DTHIRAIIMDLFVAGVDTSVITLDWTMAELSRH 326
                            569*****************************9 PP

>> sp|Q8RN03|C5C4_AMYOR  Cytochrome P450 165C4 OS=Amycolatopsis orientalis OX=31958 GN=cyp165C4 PE=1 SV=1
   #    score  bias  c-Evalue  i-Evalue hmmfrom  hmm to    alifrom  ali to    envfrom  env to     acc
 ---   ------ ----- --------- --------- ------- -------    ------- -------    ------- -------    ----
   1 !   27.7   0.1   3.8e-08   6.4e-05       1      31 [.     232     262 ..     232     264 .. 0.96

  Alignments for each domain:
  == domain 1  score: 27.7 bits;  conditional E-value: 3.8e-08
       ihelix_seed_hmm   1 deelvalvllLlvAGheTTtnaiswalllLl 31 
                           deel++l+++L+++G+eT++ +i++++l+Ll
  sp|Q8RN03|C5C4_AMYOR 232 DEELKGLCTALILGGVETVAGMIGFGVLALL 262
                           89****************************8 PP

>> sp|P00183|CPXA_PSEPU  Camphor 5-monooxygenase OS=Pseudomonas putida OX=303 GN=camC PE=1 SV=2
   #    score  bias  c-Evalue  i-Evalue hmmfrom  hmm to    alifrom  ali to    envfrom  env to     acc
 ---   ------ ----- --------- --------- ------- -------    ------- -------    ------- -------    ----
   1 !   27.7   0.0     4e-08   6.8e-05       2      32 ..     237     267 ..     236     268 .. 0.96

  Alignments for each domain:
  == domain 1  score: 27.7 bits;  conditional E-value: 4e-08
       ihelix_seed_hmm   2 eelvalvllLlvAGheTTtnaiswalllLlr 32 
                           +e+++++ lLlv+G +T++n++s+++ +L++
  sp|P00183|CPXA_PSEPU 237 DEAKRMCGLLLVGGLDTVVNFLSFSMEFLAK 267
                           89***************************97 PP

>> sp|Q9SD85|F3PH_ARATH  Flavonoid 3'-monooxygenase OS=Arabidopsis thaliana OX=3702 GN=CYP75B1 PE=1 SV=1
   #    score  bias  c-Evalue  i-Evalue hmmfrom  hmm to    alifrom  ali to    envfrom  env to     acc
 ---   ------ ----- --------- --------- ------- -------    ------- -------    ------- -------    ----
   1 !   27.0   0.4   6.6e-08   0.00011       1      33 []     289     321 ..     289     321 .. 0.97

  Alignments for each domain:
  == domain 1  score: 27.0 bits;  conditional E-value: 6.6e-08
       ihelix_seed_hmm   1 deelvalvllLlvAGheTTtnaiswalllLlrh 33 
                           d e++al l++++AG++T++++  wa+ +L+rh
  sp|Q9SD85|F3PH_ARATH 289 DTEIKALLLNMFTAGTDTSASTVDWAIAELIRH 321
                           679*****************************9 PP

>> sp|P56656|CP239_MOUSE  Cytochrome P450 2C39 OS=Mus musculus OX=10090 GN=Cyp2c39 PE=1 SV=2
   #    score  bias  c-Evalue  i-Evalue hmmfrom  hmm to    alifrom  ali to    envfrom  env to     acc
 ---   ------ ----- --------- --------- ------- -------    ------- -------    ------- -------    ----
   1 !   27.2   1.3   5.7e-08   9.7e-05       2      33 .]     285     316 ..     284     316 .. 0.91

  Alignments for each domain:
  == domain 1  score: 27.2 bits;  conditional E-value: 5.7e-08
        ihelix_seed_hmm   2 eelvalvllLlvAGheTTtnaiswalllLlrh 33 
                            e+l+ ++ +L++AG+eTT++++++alllL ++
  sp|P56656|CP239_MOUSE 285 ENLACTINNLFAAGTETTSTTLRYALLLLMKY 316
                            67777999*********************875 PP

>> sp|P24465|C71A1_PERAE  Cytochrome P450 71A1 OS=Persea americana OX=3435 GN=CYP71A1 PE=1 SV=2
   #    score  bias  c-Evalue  i-Evalue hmmfrom  hmm to    alifrom  ali to    envfrom  env to     acc
 ---   ------ ----- --------- --------- ------- -------    ------- -------    ------- -------    ----
   1 !   28.5   0.1   2.2e-08   3.7e-05       2      33 .]     292     323 ..     291     323 .. 0.96

  Alignments for each domain:
  == domain 1  score: 28.5 bits;  conditional E-value: 2.2e-08
        ihelix_seed_hmm   2 eelvalvllLlvAGheTTtnaiswalllLlrh 33 
                            ++l+a +l+++ +G++TT+ ++ wa+ +L++h
  sp|P24465|C71A1_PERAE 292 NNLKAVILDMFSGGTDTTAVTLEWAMAELIKH 323
                            68999************************998 PP

>> sp|Q7Z449|CP2U1_HUMAN  Cytochrome P450 2U1 OS=Homo sapiens OX=9606 GN=CYP2U1 PE=1 SV=1
   #    score  bias  c-Evalue  i-Evalue hmmfrom  hmm to    alifrom  ali to    envfrom  env to     acc
 ---   ------ ----- --------- --------- ------- -------    ------- -------    ------- -------    ----
   1 !   27.4   0.3   4.9e-08   8.2e-05       3      33 .]     341     371 ..     339     371 .. 0.89

  Alignments for each domain:
  == domain 1  score: 27.4 bits;  conditional E-value: 4.9e-08
        ihelix_seed_hmm   3 elvalvllLlvAGheTTtnaiswalllLlrh 33 
                            +l +++ +L++AG++TTtn++ w ll+++ +
  sp|Q7Z449|CP2U1_HUMAN 341 YLFYIIGDLFIAGTDTTTNSLLWCLLYMSLN 371
                            566789**********************976 PP

>> sp|Q64403|CP2DG_CAVPO  Cytochrome P450 2D16 OS=Cavia porcellus OX=10141 GN=CYP2D16 PE=1 SV=1
   #    score  bias  c-Evalue  i-Evalue hmmfrom  hmm to    alifrom  ali to    envfrom  env to     acc
 ---   ------ ----- --------- --------- ------- -------    ------- -------    ------- -------    ----
   1 !   27.4   1.7   4.8e-08   8.2e-05       1      33 []     295     327 ..     295     327 .. 0.97

  Alignments for each domain:
  == domain 1  score: 27.4 bits;  conditional E-value: 4.8e-08
        ihelix_seed_hmm   1 deelvalvllLlvAGheTTtnaiswalllLlrh 33 
                            de+l+ lv +L+ AG+ TT+ ++swalll++ h
  sp|Q64403|CP2DG_CAVPO 295 DENLRLLVSDLFGAGMVTTSVTLSWALLLMILH 327
                            79****************************987 PP

>> sp|Q4V8D1|CP2U1_RAT  Cytochrome P450 2U1 OS=Rattus norvegicus OX=10116 GN=Cyp2u1 PE=1 SV=1
   #    score  bias  c-Evalue  i-Evalue hmmfrom  hmm to    alifrom  ali to    envfrom  env to     acc
 ---   ------ ----- --------- --------- ------- -------    ------- -------    ------- -------    ----
   1 !   27.4   0.2     5e-08   8.4e-05       4      33 .]     328     357 ..     325     357 .. 0.89

  Alignments for each domain:
  == domain 1  score: 27.4 bits;  conditional E-value: 5e-08
      ihelix_seed_hmm   4 lvalvllLlvAGheTTtnaiswalllLlrh 33 
                          l +++ +L++AG++TTtn++ w ll+++ +
  sp|Q4V8D1|CP2U1_RAT 328 LFYIIGDLFIAGTDTTTNSLLWCLLYMSLN 357
                          567899*********************976 PP

>> sp|W8JMU7|CYQ32_CATRO  Cytochrome P450 81Q32 OS=Catharanthus roseus OX=4058 GN=CYP81Q32 PE=2 SV=1
   #    score  bias  c-Evalue  i-Evalue hmmfrom  hmm to    alifrom  ali to    envfrom  env to     acc
 ---   ------ ----- --------- --------- ------- -------    ------- -------    ------- -------    ----
   1 !   27.2   0.4   5.4e-08   9.2e-05       4      33 .]     289     318 ..     286     318 .. 0.95

  Alignments for each domain:
  == domain 1  score: 27.2 bits;  conditional E-value: 5.4e-08
        ihelix_seed_hmm   4 lvalvllLlvAGheTTtnaiswalllLlrh 33 
                            +++++++Ll+AG++T++ +  wa+ lLl+h
  sp|W8JMU7|CYQ32_CATRO 289 IKGIIMVLLLAGTDTSAVTVEWAMSLLLNH 318
                            7899************************99 PP

>> sp|P56594|CP2CL_CANLF  Cytochrome P450 2C21 (Fragment) OS=Canis lupus familiaris OX=9615 GN=CYP2C21 PE=2 SV=2
   #    score  bias  c-Evalue  i-Evalue hmmfrom  hmm to    alifrom  ali to    envfrom  env to     acc
 ---   ------ ----- --------- --------- ------- -------    ------- -------    ------- -------    ----
   1 !   27.2   0.8   5.5e-08   9.4e-05       2      33 .]     282     313 ..     281     313 .. 0.96

  Alignments for each domain:
  == domain 1  score: 27.2 bits;  conditional E-value: 5.5e-08
        ihelix_seed_hmm   2 eelvalvllLlvAGheTTtnaiswalllLlrh 33 
                            ++l+ ++ +++ AG+eTT+++++++ll Ll+h
  sp|P56594|CP2CL_CANLF 282 DNLIITIWDVFSAGTETTSTTLRYGLLVLLKH 313
                            899***************************99 PP

>> sp|A0A0E3D8M1|PC21_PENCR  Cytochrome P450 monooxygenase PC-21 OS=Penicillium crustosum OX=36656 GN=PC-21 PE=3 SV=1
   #    score  bias  c-Evalue  i-Evalue hmmfrom  hmm to    alifrom  ali to    envfrom  env to     acc
 ---   ------ ----- --------- --------- ------- -------    ------- -------    ------- -------    ----
   1 !   27.3   0.1   5.1e-08   8.6e-05       2      32 ..     297     327 ..     297     328 .. 0.94

  Alignments for each domain:
  == domain 1  score: 27.3 bits;  conditional E-value: 5.1e-08
           ihelix_seed_hmm   2 eelvalvllLlvAGheTTtnaiswalllLlr 32 
                               +el+ +v ++l+AGhe+T+++  w++l+L++
  sp|A0A0E3D8M1|PC21_PENCR 297 QELIEQVRTFLAAGHENTSSVVMWVMLALAS 327
                               589999***********************95 PP

>> sp|P14762|CPXI_PRIM2  Cytochrome P450(BM-1) OS=Priestia megaterium (strain ATCC 14581 / DSM 32 / CCUG 1817 / JCM 2506
   #    score  bias  c-Evalue  i-Evalue hmmfrom  hmm to    alifrom  ali to    envfrom  env to     acc
 ---   ------ ----- --------- --------- ------- -------    ------- -------    ------- -------    ----
   1 !   27.2   0.8   5.4e-08   9.2e-05       1      31 [.     231     261 ..     231     261 .. 0.96

  Alignments for each domain:
  == domain 1  score: 27.2 bits;  conditional E-value: 5.4e-08
       ihelix_seed_hmm   1 deelvalvllLlvAGheTTtnaiswalllLl 31 
                           dee+v++ +lLl AG+eTT+ ai+++++ +l
  sp|P14762|CPXI_PRIM2 231 DEEIVHATMLLLGAGVETTSHAIANMFYSFL 261
                           89**************************986 PP

>> sp|A0A517FNB9|C9B52_PARPY  Cholesterol 22-monohydroxylase CYP90B52 OS=Paris polyphylla OX=49666 GN=CYP90B52 PE=1 SV=1
   #    score  bias  c-Evalue  i-Evalue hmmfrom  hmm to    alifrom  ali to    envfrom  env to     acc
 ---   ------ ----- --------- --------- ------- -------    ------- -------    ------- -------    ----
   1 !   27.1   0.3     6e-08    0.0001       2      30 ..     270     298 ..     269     299 .. 0.96

  Alignments for each domain:
  == domain 1  score: 27.1 bits;  conditional E-value: 6e-08
            ihelix_seed_hmm   2 eelvalvllLlvAGheTTtnaiswalllL 30 
                                e++++l l+Ll+AGheT++ a++ a+++L
  sp|A0A517FNB9|C9B52_PARPY 270 EQILDLLLSLLFAGHETSSMALALAIYFL 298
                                899************************98 PP

>> sp|P20813|CP2B6_HUMAN  Cytochrome P450 2B6 OS=Homo sapiens OX=9606 GN=CYP2B6 PE=1 SV=1
   #    score  bias  c-Evalue  i-Evalue hmmfrom  hmm to    alifrom  ali to    envfrom  env to     acc
 ---   ------ ----- --------- --------- ------- -------    ------- -------    ------- -------    ----
   1 !   27.0   1.3   6.5e-08   0.00011       6      33 .]     290     317 ..     285     317 .. 0.87

  Alignments for each domain:
  == domain 1  score: 27.0 bits;  conditional E-value: 6.5e-08
        ihelix_seed_hmm   6 alvllLlvAGheTTtnaiswalllLlrh 33 
                             + l+L++AG+eTT++++++++ll+l++
  sp|P20813|CP2B6_HUMAN 290 LNTLSLFFAGTETTSTTLRYGFLLMLKY 317
                            55689********************986 PP

>> sp|Q9SZ46|C82C4_ARATH  Xanthotoxin 5-hydroxylase CYP82C4 OS=Arabidopsis thaliana OX=3702 GN=CYP82C4 PE=1 SV=1
   #    score  bias  c-Evalue  i-Evalue hmmfrom  hmm to    alifrom  ali to    envfrom  env to     acc
 ---   ------ ----- --------- --------- ------- -------    ------- -------    ------- -------    ----
   1 !   27.0   1.3   6.2e-08   0.00011       4      33 .]     311     340 ..     309     340 .. 0.96

  Alignments for each domain:
  == domain 1  score: 27.0 bits;  conditional E-value: 6.2e-08
        ihelix_seed_hmm   4 lvalvllLlvAGheTTtnaiswalllLlrh 33 
                            +++++l+L+++G +T++++++wa+ lLl++
  sp|Q9SZ46|C82C4_ARATH 311 IKSTCLALILGGSDTSASTLTWAISLLLNN 340
                            889*************************97 PP

>> sp|O49394|C82C2_ARATH  Xanthotoxin 5-hydroxylase CYP82C2 OS=Arabidopsis thaliana OX=3702 GN=CYP82C2 PE=1 SV=2
   #    score  bias  c-Evalue  i-Evalue hmmfrom  hmm to    alifrom  ali to    envfrom  env to     acc
 ---   ------ ----- --------- --------- ------- -------    ------- -------    ------- -------    ----
   1 !   27.2   0.4   5.6e-08   9.5e-05       4      33 .]     310     339 ..     308     339 .. 0.96

  Alignments for each domain:
  == domain 1  score: 27.2 bits;  conditional E-value: 5.6e-08
        ihelix_seed_hmm   4 lvalvllLlvAGheTTtnaiswalllLlrh 33 
                            +++++l+L+++G eT+ ++++wa+ lLl++
  sp|O49394|C82C2_ARATH 310 IKSTCLALILGGSETSPSTLTWAISLLLNN 339
                            889*************************97 PP

>> sp|Q91W64|CP270_MOUSE  Cytochrome P450 2C70 OS=Mus musculus OX=10090 GN=Cyp2c70 PE=1 SV=2
   #    score  bias  c-Evalue  i-Evalue hmmfrom  hmm to    alifrom  ali to    envfrom  env to     acc
 ---   ------ ----- --------- --------- ------- -------    ------- -------    ------- -------    ----
   1 !   27.2   0.1   5.6e-08   9.4e-05       2      33 .]     284     315 ..     283     315 .. 0.94

  Alignments for each domain:
  == domain 1  score: 27.2 bits;  conditional E-value: 5.6e-08
        ihelix_seed_hmm   2 eelvalvllLlvAGheTTtnaiswalllLlrh 33 
                            ++lv  + +L+ AG+eTT+++  ++lllLl++
  sp|Q91W64|CP270_MOUSE 284 DNLVVSIGDLFGAGTETTSSTVKYGLLLLLKY 315
                            789999************************86 PP

>> sp|A0A140JWT9|PTMK_PENSI  Cytochrome P450 monooxygenase ptmK OS=Penicillium simplicissimum OX=69488 GN=ptmK PE=3 SV=1
   #    score  bias  c-Evalue  i-Evalue hmmfrom  hmm to    alifrom  ali to    envfrom  env to     acc
 ---   ------ ----- --------- --------- ------- -------    ------- -------    ------- -------    ----
   1 !   27.3   0.1   5.1e-08   8.6e-05       2      32 ..     297     327 ..     297     328 .. 0.94

  Alignments for each domain:
  == domain 1  score: 27.3 bits;  conditional E-value: 5.1e-08
           ihelix_seed_hmm   2 eelvalvllLlvAGheTTtnaiswalllLlr 32 
                               +el+ +v ++l+AGhe+T+++  w++l+L++
  sp|A0A140JWT9|PTMK_PENSI 297 QELIEQVRTFLAAGHENTSSVVMWVMLALAS 327
                               589999***********************95 PP

>> sp|P63722|CP140_MYCBO  Putative cytochrome P450 140 OS=Mycobacterium bovis (strain ATCC BAA-935 / AF2122/97) OX=23341
   #    score  bias  c-Evalue  i-Evalue hmmfrom  hmm to    alifrom  ali to    envfrom  env to     acc
 ---   ------ ----- --------- --------- ------- -------    ------- -------    ------- -------    ----
   1 !   27.2   0.4   5.7e-08   9.6e-05       2      30 ..     258     286 ..     257     288 .. 0.92

  Alignments for each domain:
  == domain 1  score: 27.2 bits;  conditional E-value: 5.7e-08
        ihelix_seed_hmm   2 eelvalvllLlvAGheTTtnaiswalllL 30 
                             el+a++ l+lvAG eTT+n++++++  L
  sp|P63722|CP140_MYCBO 258 TELRAIAGLVLVAGFETTVNLLGNGIRML 286
                            59***********************9866 PP

>> sp|P9WPL8|CP140_MYCTO  Putative cytochrome P450 140 OS=Mycobacterium tuberculosis (strain CDC 1551 / Oshkosh) OX=8333
   #    score  bias  c-Evalue  i-Evalue hmmfrom  hmm to    alifrom  ali to    envfrom  env to     acc
 ---   ------ ----- --------- --------- ------- -------    ------- -------    ------- -------    ----
   1 !   27.2   0.4   5.7e-08   9.6e-05       2      30 ..     258     286 ..     257     288 .. 0.92

  Alignments for each domain:
  == domain 1  score: 27.2 bits;  conditional E-value: 5.7e-08
        ihelix_seed_hmm   2 eelvalvllLlvAGheTTtnaiswalllL 30 
                             el+a++ l+lvAG eTT+n++++++  L
  sp|P9WPL8|CP140_MYCTO 258 TELRAIAGLVLVAGFETTVNLLGNGIRML 286
                            59***********************9866 PP

>> sp|P9WPL9|CP140_MYCTU  Putative cytochrome P450 140 OS=Mycobacterium tuberculosis (strain ATCC 25618 / H37Rv) OX=8333
   #    score  bias  c-Evalue  i-Evalue hmmfrom  hmm to    alifrom  ali to    envfrom  env to     acc
 ---   ------ ----- --------- --------- ------- -------    ------- -------    ------- -------    ----
   1 !   27.2   0.4   5.7e-08   9.6e-05       2      30 ..     258     286 ..     257     288 .. 0.92

  Alignments for each domain:
  == domain 1  score: 27.2 bits;  conditional E-value: 5.7e-08
        ihelix_seed_hmm   2 eelvalvllLlvAGheTTtnaiswalllL 30 
                             el+a++ l+lvAG eTT+n++++++  L
  sp|P9WPL9|CP140_MYCTU 258 TELRAIAGLVLVAGFETTVNLLGNGIRML 286
                            59***********************9866 PP

>> sp|X2JI34|GAO_TANPA  Germacrene A hydroxylase OS=Tanacetum parthenium OX=127999 PE=1 SV=1
   #    score  bias  c-Evalue  i-Evalue hmmfrom  hmm to    alifrom  ali to    envfrom  env to     acc
 ---   ------ ----- --------- --------- ------- -------    ------- -------    ------- -------    ----
   1 !   26.6   0.0   8.7e-08   0.00015       2      32 ..     281     311 ..     280     312 .. 0.94

  Alignments for each domain:
  == domain 1  score: 26.6 bits;  conditional E-value: 8.7e-08
      ihelix_seed_hmm   2 eelvalvllLlvAGheTTtnaiswalllLlr 32 
                          ++++a++l+++ AG++T++ +i wa+ +L++
  sp|X2JI34|GAO_TANPA 281 DNVKAIILDMFGAGTDTSSATIEWAISELIK 311
                          8999***********************9986 PP

>> sp|Q9W683|CP1A1_CHESA  Cytochrome P450 1A1 OS=Chelon saliens OX=48192 GN=cyp1a1 PE=2 SV=1
   #    score  bias  c-Evalue  i-Evalue hmmfrom  hmm to    alifrom  ali to    envfrom  env to     acc
 ---   ------ ----- --------- --------- ------- -------    ------- -------    ------- -------    ----
   1 !   27.1   0.0   6.2e-08    0.0001       1      32 [.     309     340 ..     309     341 .. 0.94

  Alignments for each domain:
  == domain 1  score: 27.1 bits;  conditional E-value: 6.2e-08
        ihelix_seed_hmm   1 deelvalvllLlvAGheTTtnaiswalllLlr 32 
                            de +v++v +L+ AG +T ++a+sw++++L+ 
  sp|Q9W683|CP1A1_CHESA 309 DEKVVGIVNDLFGAGFDTISTALSWSVMYLVA 340
                            68899*************************86 PP

>> sp|Q9ZHQ1|TYLH1_STRFR  20-oxo-5-O-mycaminosyltylactone 23-monooxygenase OS=Streptomyces fradiae OX=1906 GN=tylH1 PE=1
   #    score  bias  c-Evalue  i-Evalue hmmfrom  hmm to    alifrom  ali to    envfrom  env to     acc
 ---   ------ ----- --------- --------- ------- -------    ------- -------    ------- -------    ----
   1 !   27.1   1.6   5.8e-08   9.9e-05       3      33 .]     248     278 ..     246     278 .. 0.93

  Alignments for each domain:
  == domain 1  score: 27.1 bits;  conditional E-value: 5.8e-08
        ihelix_seed_hmm   3 elvalvllLlvAGheTTtnaiswalllLlrh 33 
                            +++++++lLl+AGheTT+++ ++++l Ll h
  sp|Q9ZHQ1|TYLH1_STRFR 248 DVLDNAVLLLAAGHETTASMVTMSVLVLLQH 278
                            57899***********************998 PP

>> sp|P48635|ERYK_SACEN  Erythromycin C-12 hydroxylase OS=Saccharopolyspora erythraea (strain ATCC 11635 / DSM 40517 / J
   #    score  bias  c-Evalue  i-Evalue hmmfrom  hmm to    alifrom  ali to    envfrom  env to     acc
 ---   ------ ----- --------- --------- ------- -------    ------- -------    ------- -------    ----
   1 !   27.2   1.5   5.5e-08   9.2e-05       1      33 []     214     246 ..     214     246 .. 0.97

  Alignments for each domain:
  == domain 1  score: 27.2 bits;  conditional E-value: 5.5e-08
       ihelix_seed_hmm   1 deelvalvllLlvAGheTTtnaiswalllLlrh 33 
                           dee++++ ++Ll+AGh TTt ++++++ +L +h
  sp|P48635|ERYK_SACEN 214 DEEAANFSTALLLAGHITTTVLLGNIVRTLDEH 246
                           89****************************988 PP

>> sp|P49430|THAS_RAT  Thromboxane-A synthase OS=Rattus norvegicus OX=10116 GN=Tbxas1 PE=2 SV=1
   #    score  bias  c-Evalue  i-Evalue hmmfrom  hmm to    alifrom  ali to    envfrom  env to     acc
 ---   ------ ----- --------- --------- ------- -------    ------- -------    ------- -------    ----
   1 !   28.1   2.0   2.9e-08   4.9e-05       2      33 .]     329     360 ..     328     360 .. 0.98

  Alignments for each domain:
  == domain 1  score: 28.1 bits;  conditional E-value: 2.9e-08
     ihelix_seed_hmm   2 eelvalvllLlvAGheTTtnaiswalllLlrh 33 
                         +e+++++ l+l+AGhe Ttn++s++++lL++h
  sp|P49430|THAS_RAT 329 DEIAGQAFLFLIAGHEITTNTLSFITYLLATH 360
                         89*****************************9 PP

>> sp|P93531|C71D7_SOLCH  Cytochrome P450 71D7 OS=Solanum chacoense OX=4108 GN=CYP71D7 PE=3 SV=1
   #    score  bias  c-Evalue  i-Evalue hmmfrom  hmm to    alifrom  ali to    envfrom  env to     acc
 ---   ------ ----- --------- --------- ------- -------    ------- -------    ------- -------    ----
   1 !   28.0   0.2   3.1e-08   5.2e-05       2      33 .]     290     321 ..     289     321 .. 0.96

  Alignments for each domain:
  == domain 1  score: 28.0 bits;  conditional E-value: 3.1e-08
        ihelix_seed_hmm   2 eelvalvllLlvAGheTTtnaiswalllLlrh 33 
                            ++++a +++L++AG+eT+++++ wa+ ++l++
  sp|P93531|C71D7_SOLCH 290 DNIKAVIIDLFAAGTETSSTTTVWAMAEMLKN 321
                            79****************************98 PP

>> sp|O42457|CP1A1_SPAAU  Cytochrome P450 1A1 OS=Sparus aurata OX=8175 GN=cyp1a1 PE=2 SV=1
   #    score  bias  c-Evalue  i-Evalue hmmfrom  hmm to    alifrom  ali to    envfrom  env to     acc
 ---   ------ ----- --------- --------- ------- -------    ------- -------    ------- -------    ----
   1 !   27.1   0.0   6.2e-08    0.0001       1      32 [.     309     340 ..     309     341 .. 0.94

  Alignments for each domain:
  == domain 1  score: 27.1 bits;  conditional E-value: 6.2e-08
        ihelix_seed_hmm   1 deelvalvllLlvAGheTTtnaiswalllLlr 32 
                            de +v++v +L+ AG +T ++a+sw++++L+ 
  sp|O42457|CP1A1_SPAAU 309 DEKVVGIVNDLFGAGFDTISTALSWSVMYLVA 340
                            68899*************************86 PP

>> sp|Q1ZXH9|CP51_DICDI  Probable lanosterol 14-alpha demethylase OS=Dictyostelium discoideum OX=44689 GN=cyp51 PE=3 SV=
   #    score  bias  c-Evalue  i-Evalue hmmfrom  hmm to    alifrom  ali to    envfrom  env to     acc
 ---   ------ ----- --------- --------- ------- -------    ------- -------    ------- -------    ----
   1 !   26.9   0.5   6.7e-08   0.00011       1      33 []     264     296 ..     264     296 .. 0.97

  Alignments for each domain:
  == domain 1  score: 26.9 bits;  conditional E-value: 6.7e-08
       ihelix_seed_hmm   1 deelvalvllLlvAGheTTtnaiswalllLlrh 33 
                           de++v+l++ Ll+AG++T++ ++++++++Ll++
  sp|Q1ZXH9|CP51_DICDI 264 DEQIVGLMIGLLFAGQHTSSITLTYTIFYLLNN 296
                           79*****************************97 PP

>> sp|S4UX02|CYPH1_SALMI  Ferruginol synthase OS=Salvia miltiorrhiza OX=226208 GN=CYP76AH1 PE=1 SV=1
   #    score  bias  c-Evalue  i-Evalue hmmfrom  hmm to    alifrom  ali to    envfrom  env to     acc
 ---   ------ ----- --------- --------- ------- -------    ------- -------    ------- -------    ----
   1 !   28.0   1.3   3.1e-08   5.2e-05       2      33 .]     286     317 ..     285     317 .. 0.93

  Alignments for each domain:
  == domain 1  score: 28.0 bits;  conditional E-value: 3.1e-08
        ihelix_seed_hmm   2 eelvalvllLlvAGheTTtnaiswalllLlrh 33 
                            ++ ++l+l+L+v+G +T t++i wa+ +L+++
  sp|S4UX02|CYPH1_SALMI 286 HHFTHLMLDLFVGGSDTNTTSIEWAMSELVMN 317
                            57899************************987 PP

>> sp|Q972I2|CP119_SULTO  Cytochrome P450 119 OS=Sulfurisphaera tokodaii (strain DSM 16993 / JCM 10545 / NBRC 100140 / 7
   #    score  bias  c-Evalue  i-Evalue hmmfrom  hmm to    alifrom  ali to    envfrom  env to     acc
 ---   ------ ----- --------- --------- ------- -------    ------- -------    ------- -------    ----
   1 !   27.2   0.1   5.5e-08   9.3e-05       3      30 ..     199     226 ..     197     229 .. 0.87

  Alignments for each domain:
  == domain 1  score: 27.2 bits;  conditional E-value: 5.5e-08
        ihelix_seed_hmm   3 elvalvllLlvAGheTTtnaiswalllL 30 
                            e+ ++++lL++AG+eTTtn+i++a+  +
  sp|Q972I2|CP119_SULTO 199 EKEGYFILLMIAGNETTTNLIGNAIEDF 226
                            667899******************9765 PP

>> sp|Q54SV9|C515B_DICDI  Probable cytochrome P450 515B1 OS=Dictyostelium discoideum OX=44689 GN=cyp515B1 PE=2 SV=1
   #    score  bias  c-Evalue  i-Evalue hmmfrom  hmm to    alifrom  ali to    envfrom  env to     acc
 ---   ------ ----- --------- --------- ------- -------    ------- -------    ------- -------    ----
   1 !   26.6   0.1   8.7e-08   0.00015       6      33 .]     285     312 ..     281     312 .. 0.93

  Alignments for each domain:
  == domain 1  score: 26.6 bits;  conditional E-value: 8.7e-08
        ihelix_seed_hmm   6 alvllLlvAGheTTtnaiswalllLlrh 33 
                            ++vl+Llv+G++ T++a+ w++l+L++h
  sp|Q54SV9|C515B_DICDI 285 YIVLDLLVGGTDSTSSALEWMILFLSNH 312
                            689***********************98 PP

>> sp|Q54D38|C520A_DICDI  Probable cytochrome P450 520A1 OS=Dictyostelium discoideum OX=44689 GN=cyp520A1 PE=3 SV=1
   #    score  bias  c-Evalue  i-Evalue hmmfrom  hmm to    alifrom  ali to    envfrom  env to     acc
 ---   ------ ----- --------- --------- ------- -------    ------- -------    ------- -------    ----
   1 !   27.9   0.3   3.3e-08   5.6e-05       4      33 .]     297     326 ..     295     326 .. 0.96

  Alignments for each domain:
  == domain 1  score: 27.9 bits;  conditional E-value: 3.3e-08
        ihelix_seed_hmm   4 lvalvllLlvAGheTTtnaiswalllLlrh 33 
                            +++l++++lvA+++T+++++ w++l+++++
  sp|Q54D38|C520A_DICDI 297 IIQLCIDMLVAATDTSASTLEWFMLFMINN 326
                            799************************987 PP

>> sp|P23295|NOR_FUSOX  NADP nitrous oxide-forming nitric oxide reductase OS=Fusarium oxysporum OX=5507 GN=CYP55A1 PE=1 
   #    score  bias  c-Evalue  i-Evalue hmmfrom  hmm to    alifrom  ali to    envfrom  env to     acc
 ---   ------ ----- --------- --------- ------- -------    ------- -------    ------- -------    ----
   1 !   27.0   0.6   6.7e-08   0.00011       2      33 .]     227     258 ..     226     258 .. 0.95

  Alignments for each domain:
  == domain 1  score: 27.0 bits;  conditional E-value: 6.7e-08
      ihelix_seed_hmm   2 eelvalvllLlvAGheTTtnaiswalllLlrh 33 
                          +++v+++ lLlvAG++T++n+i+ ++ +L+ h
  sp|P23295|NOR_FUSOX 227 SDAVQIAFLLLVAGNATMVNMIALGVATLAQH 258
                          5899**************************98 PP

>> sp|P24457|CP2DB_MOUSE  Cytochrome P450 2D11 OS=Mus musculus OX=10090 GN=Cyp2d11 PE=2 SV=2
   #    score  bias  c-Evalue  i-Evalue hmmfrom  hmm to    alifrom  ali to    envfrom  env to     acc
 ---   ------ ----- --------- --------- ------- -------    ------- -------    ------- -------    ----
   1 !   26.7   2.3   8.2e-08   0.00014       1      33 []     295     327 ..     295     327 .. 0.94

  Alignments for each domain:
  == domain 1  score: 26.7 bits;  conditional E-value: 8.2e-08
        ihelix_seed_hmm   1 deelvalvllLlvAGheTTtnaiswalllLlrh 33 
                            de+l+  v +L++AG+ TT++++swalll++ h
  sp|P24457|CP2DB_MOUSE 295 DENLRMVVGDLFTAGMVTTSTTLSWALLLMILH 327
                            7899999***********************987 PP

>> sp|P24455|CP2A9_MESAU  Cytochrome P450 2A9 OS=Mesocricetus auratus OX=10036 GN=CYP2A9 PE=2 SV=2
   #    score  bias  c-Evalue  i-Evalue hmmfrom  hmm to    alifrom  ali to    envfrom  env to     acc
 ---   ------ ----- --------- --------- ------- -------    ------- -------    ------- -------    ----
   1 !   25.8   0.1   1.5e-07   0.00026       3      33 .]     289     319 ..     287     319 .. 0.91

  Alignments for each domain:
  == domain 1  score: 25.8 bits;  conditional E-value: 1.5e-07
        ihelix_seed_hmm   3 elvalvllLlvAGheTTtnaiswalllLlrh 33 
                            +lv + l+L++AG eT++++i++++llL ++
  sp|P24455|CP2A9_MESAU 289 NLVMTSLNLFFAGSETVSSTIRYGFLLLMKY 319
                            678899**********************875 PP

>> sp|Q9VS79|CP4D8_DROME  Cytochrome P450 4d8 OS=Drosophila melanogaster OX=7227 GN=Cyp4d8 PE=2 SV=2
   #    score  bias  c-Evalue  i-Evalue hmmfrom  hmm to    alifrom  ali to    envfrom  env to     acc
 ---   ------ ----- --------- --------- ------- -------    ------- -------    ------- -------    ----
   1 !   26.7   0.0     8e-08   0.00014       2      33 .]     255     286 ..     254     286 .. 0.97

  Alignments for each domain:
  == domain 1  score: 26.7 bits;  conditional E-value: 8e-08
        ihelix_seed_hmm   2 eelvalvllLlvAGheTTtnaiswalllLlrh 33 
                            +e++  v ++++ Gh+TTt+a+s+ l++L+rh
  sp|Q9VS79|CP4D8_DROME 255 DEIREEVDTFMFEGHDTTTSALSFCLHELSRH 286
                            89999**************************9 PP

>> sp|Q42602|C89A2_ARATH  Cytochrome P450 89A2 OS=Arabidopsis thaliana OX=3702 GN=CYP89A2 PE=2 SV=2
   #    score  bias  c-Evalue  i-Evalue hmmfrom  hmm to    alifrom  ali to    envfrom  env to     acc
 ---   ------ ----- --------- --------- ------- -------    ------- -------    ------- -------    ----
   1 !   25.8   0.1   1.5e-07   0.00026       2      33 .]     294     325 ..     293     325 .. 0.93

  Alignments for each domain:
  == domain 1  score: 25.8 bits;  conditional E-value: 1.5e-07
        ihelix_seed_hmm   2 eelvalvllLlvAGheTTtnaiswalllLlrh 33 
                            e++ +l+ ++l+AG++TT++a+ w++  L+++
  sp|Q42602|C89A2_ARATH 294 EDIMNLCSEFLTAGTDTTATALQWIMANLVKY 325
                            88999************************986 PP

>> sp|Q6A152|CP4X1_MOUSE  Cytochrome P450 4X1 OS=Mus musculus OX=10090 GN=Cyp4x1 PE=1 SV=1
   #    score  bias  c-Evalue  i-Evalue hmmfrom  hmm to    alifrom  ali to    envfrom  env to     acc
 ---   ------ ----- --------- --------- ------- -------    ------- -------    ------- -------    ----
   1 !   27.8   0.1   3.7e-08   6.2e-05       3      33 .]     303     333 ..     301     333 .. 0.94

  Alignments for each domain:
  == domain 1  score: 27.8 bits;  conditional E-value: 3.7e-08
        ihelix_seed_hmm   3 elvalvllLlvAGheTTtnaiswalllLlrh 33 
                            +l+a v ++++AGh++++ +isw l++L+ +
  sp|Q6A152|CP4X1_MOUSE 303 DLRAEVNTFMWAGHDASAASISWLLYCLALN 333
                            799*************************987 PP

>> sp|H2DH17|C7A22_PANGI  Cytochrome P450 CYP749A22 OS=Panax ginseng OX=4054 PE=2 SV=1
   #    score  bias  c-Evalue  i-Evalue hmmfrom  hmm to    alifrom  ali to    envfrom  env to     acc
 ---   ------ ----- --------- --------- ------- -------    ------- -------    ------- -------    ----
   1 !   26.4   0.1   9.9e-08   0.00017       2      30 ..     321     349 ..     320     349 .. 0.91

  Alignments for each domain:
  == domain 1  score: 26.4 bits;  conditional E-value: 9.9e-08
        ihelix_seed_hmm   2 eelvalvllLlvAGheTTtnaiswalllL 30 
                            +++v+ + +++vAG+eTTt++++w+++lL
  sp|H2DH17|C7A22_PANGI 321 QDVVDECKTFYVAGQETTTTLLAWVIFLL 349
                            578888999******************98 PP

>> sp|A0A0C5Q4Y6|C76H2_ROSOF  Ferruginol synthase 1 OS=Rosmarinus officinalis OX=39367 GN=CYP76AH22 PE=1 SV=1
   #    score  bias  c-Evalue  i-Evalue hmmfrom  hmm to    alifrom  ali to    envfrom  env to     acc
 ---   ------ ----- --------- --------- ------- -------    ------- -------    ------- -------    ----
   1 !   27.7   1.8   3.9e-08   6.7e-05       2      33 .]     286     317 ..     285     317 .. 0.96

  Alignments for each domain:
  == domain 1  score: 27.7 bits;  conditional E-value: 3.9e-08
            ihelix_seed_hmm   2 eelvalvllLlvAGheTTtnaiswalllLlrh 33 
                                ++l++l+l+L+v+G eT+t+ i w++++Ll +
  sp|A0A0C5Q4Y6|C76H2_ROSOF 286 DHLTHLMLDLFVGGSETSTTEIEWIMWELLAN 317
                                89***************************987 PP

>> sp|Q9D816|CP255_MOUSE  Cytochrome P450 2C55 OS=Mus musculus OX=10090 GN=Cyp2c55 PE=1 SV=1
   #    score  bias  c-Evalue  i-Evalue hmmfrom  hmm to    alifrom  ali to    envfrom  env to     acc
 ---   ------ ----- --------- --------- ------- -------    ------- -------    ------- -------    ----
   1 !   26.5   1.1   9.4e-08   0.00016       5      33 .]     288     316 ..     285     316 .. 0.94

  Alignments for each domain:
  == domain 1  score: 26.5 bits;  conditional E-value: 9.4e-08
        ihelix_seed_hmm   5 valvllLlvAGheTTtnaiswalllLlrh 33 
                             a+v++++vAG+eTT  +++++lllLl+h
  sp|Q9D816|CP255_MOUSE 288 MATVTDIFVAGTETTNITLRYGLLLLLKH 316
                            589************************99 PP

>> sp|Q9VWR5|CP306_DROME  Cytochrome P450 306a1 OS=Drosophila melanogaster OX=7227 GN=phtm PE=1 SV=1
   #    score  bias  c-Evalue  i-Evalue hmmfrom  hmm to    alifrom  ali to    envfrom  env to     acc
 ---   ------ ----- --------- --------- ------- -------    ------- -------    ------- -------    ----
   1 !   26.6   0.1   8.9e-08   0.00015       1      32 [.     357     388 ..     357     389 .. 0.97

  Alignments for each domain:
  == domain 1  score: 26.6 bits;  conditional E-value: 8.9e-08
        ihelix_seed_hmm   1 deelvalvllLlvAGheTTtnaiswalllLlr 32 
                            d++l++l  +L+ AG++T+  +++w+ll+L+r
  sp|Q9VWR5|CP306_DROME 357 DDQLRHLLADLFGAGVDTSLATLRWFLLYLAR 388
                            799****************************8 PP

>> sp|Q9Y6A2|CP46A_HUMAN  Cholesterol 24-hydroxylase OS=Homo sapiens OX=9606 GN=CYP46A1 PE=1 SV=1
   #    score  bias  c-Evalue  i-Evalue hmmfrom  hmm to    alifrom  ali to    envfrom  env to     acc
 ---   ------ ----- --------- --------- ------- -------    ------- -------    ------- -------    ----
   1 !   26.1   0.1   1.2e-07   0.00021       1      32 [.     289     320 ..     289     321 .. 0.96

  Alignments for each domain:
  == domain 1  score: 26.1 bits;  conditional E-value: 1.2e-07
        ihelix_seed_hmm   1 deelvalvllLlvAGheTTtnaiswalllLlr 32 
                            de l+++++++++AGheT++n +++++++L+r
  sp|Q9Y6A2|CP46A_HUMAN 289 DEGLLDNFVTFFIAGHETSANHLAFTVMELSR 320
                            7899**************************97 PP

>> sp|Q9FXW4|C80B2_COPJA  Probable (S)-N-methylcoclaurine 3'-hydroxylase isozyme 2 OS=Coptis japonica OX=3442 GN=CYP80B2
   #    score  bias  c-Evalue  i-Evalue hmmfrom  hmm to    alifrom  ali to    envfrom  env to     acc
 ---   ------ ----- --------- --------- ------- -------    ------- -------    ------- -------    ----
   1 !   26.2   0.1   1.1e-07   0.00019       1      31 [.     276     306 ..     276     308 .. 0.91

  Alignments for each domain:
  == domain 1  score: 26.2 bits;  conditional E-value: 1.1e-07
        ihelix_seed_hmm   1 deelvalvllLlvAGheTTtnaiswalllLl 31 
                            d+ + al ++L+ AG+eT++++i wa+ +L 
  sp|Q9FXW4|C80B2_COPJA 276 DQKINALLMELFGAGTETSASTIEWAITELT 306
                            67899*********************98886 PP

>> sp|X2EVQ5|T9025_TANPA  Cytochrome P450 Tp9025 OS=Tanacetum parthenium OX=127999 PE=2 SV=1
   #    score  bias  c-Evalue  i-Evalue hmmfrom  hmm to    alifrom  ali to    envfrom  env to     acc
 ---   ------ ----- --------- --------- ------- -------    ------- -------    ------- -------    ----
   1 !   26.5   0.1   9.3e-08   0.00016       1      33 []     281     313 ..     281     313 .. 0.97

  Alignments for each domain:
  == domain 1  score: 26.5 bits;  conditional E-value: 9.3e-08
        ihelix_seed_hmm   1 deelvalvllLlvAGheTTtnaiswalllLlrh 33 
                            d++++a++++++v+G++T++ +i wa+ +L r+
  sp|X2EVQ5|T9025_TANPA 281 DNNIKAIFVNMFVGGTDTSVATIEWAMTELMRN 313
                            789***************************998 PP

>> sp|Q2UPC4|ACLL_ASPOR  Cytochrome P450 monooxygenase aclL OS=Aspergillus oryzae (strain ATCC 42149 / RIB 40) OX=510516
   #    score  bias  c-Evalue  i-Evalue hmmfrom  hmm to    alifrom  ali to    envfrom  env to     acc
 ---   ------ ----- --------- --------- ------- -------    ------- -------    ------- -------    ----
   1 !   26.4   0.3   9.8e-08   0.00017       2      33 .]     282     313 ..     282     313 .. 0.97

  Alignments for each domain:
  == domain 1  score: 26.4 bits;  conditional E-value: 9.8e-08
       ihelix_seed_hmm   2 eelvalvllLlvAGheTTtnaiswalllLlrh 33 
                           ee+ a++  L++AG eTT++a+s +l++Ll++
  sp|Q2UPC4|ACLL_ASPOR 282 EEIEANAQILIMAGSETTASALSGTLFYLLKN 313
                           7999**************************98 PP

>> sp|Q9QYG5|CP2DK_MESAU  Cytochrome P450 2D20 OS=Mesocricetus auratus OX=10036 GN=CYP2D20 PE=2 SV=1
   #    score  bias  c-Evalue  i-Evalue hmmfrom  hmm to    alifrom  ali to    envfrom  env to     acc
 ---   ------ ----- --------- --------- ------- -------    ------- -------    ------- -------    ----
   1 !   27.6   3.1   4.3e-08   7.3e-05       1      33 []     295     327 ..     295     327 .. 0.96

  Alignments for each domain:
  == domain 1  score: 27.6 bits;  conditional E-value: 4.3e-08
        ihelix_seed_hmm   1 deelvalvllLlvAGheTTtnaiswalllLlrh 33 
                            de+l+  v +L++AG+ TT++++swalll++ h
  sp|Q9QYG5|CP2DK_MESAU 295 DENLHVVVADLFIAGMVTTSTTLSWALLLMILH 327
                            7999**************************987 PP

>> sp|Q964Q7|CP6D3_MUSDO  Cytochrome P450 6d3 OS=Musca domestica OX=7370 GN=CYP6D3 PE=2 SV=1
   #    score  bias  c-Evalue  i-Evalue hmmfrom  hmm to    alifrom  ali to    envfrom  env to     acc
 ---   ------ ----- --------- --------- ------- -------    ------- -------    ------- -------    ----
   1 !   26.4   0.3     1e-07   0.00017       2      33 .]     306     337 ..     305     337 .. 0.96

  Alignments for each domain:
  == domain 1  score: 26.4 bits;  conditional E-value: 1e-07
        ihelix_seed_hmm   2 eelvalvllLlvAGheTTtnaiswalllLlrh 33 
                            ++++++  l+++AG eTT++++s+++++L+++
  sp|Q964Q7|CP6D3_MUSDO 306 DMIASNSFLFYIAGSETTASSTSFTIYELAMN 337
                            78999*************************97 PP

>> sp|P51538|CP3A9_RAT  Cytochrome P450 3A9 OS=Rattus norvegicus OX=10116 GN=Cyp3a9 PE=2 SV=2
   #    score  bias  c-Evalue  i-Evalue hmmfrom  hmm to    alifrom  ali to    envfrom  env to     acc
 ---   ------ ----- --------- --------- ------- -------    ------- -------    ------- -------    ----
   1 !   26.4   0.2   9.8e-08   0.00017       2      31 ..     293     322 ..     292     324 .. 0.94

  Alignments for each domain:
  == domain 1  score: 26.4 bits;  conditional E-value: 9.8e-08
      ihelix_seed_hmm   2 eelvalvllLlvAGheTTtnaiswalllLl 31 
                           e+va+ + +++AG eTT++a+s++l+lL+
  sp|P51538|CP3A9_RAT 293 VEIVAQSVIFIFAGYETTSSALSFVLYLLA 322
                          59***************************8 PP

>> sp|P37120|C75A2_SOLME  Flavonoid 3',5'-hydroxylase OS=Solanum melongena OX=4111 GN=CYP75A2 PE=2 SV=1
   #    score  bias  c-Evalue  i-Evalue hmmfrom  hmm to    alifrom  ali to    envfrom  env to     acc
 ---   ------ ----- --------- --------- ------- -------    ------- -------    ------- -------    ----
   1 !   25.6   0.5   1.8e-07    0.0003       3      33 .]     293     323 ..     292     323 .. 0.94

  Alignments for each domain:
  == domain 1  score: 25.6 bits;  conditional E-value: 1.8e-07
        ihelix_seed_hmm   3 elvalvllLlvAGheTTtnaiswalllLlrh 33 
                            +++al l+L++AG++T++++i wal ++ ++
  sp|P37120|C75A2_SOLME 293 NIKALLLNLFTAGTDTSSSVIEWALTEMMKN 323
                            799**********************999886 PP

>> sp|C9K1X6|COTB3_STRMJ  Cyclooctat-9-en-7-ol 5-monooxygenase OS=Streptomyces melanosporofaciens OX=67327 GN=cotB3 PE=1
   #    score  bias  c-Evalue  i-Evalue hmmfrom  hmm to    alifrom  ali to    envfrom  env to     acc
 ---   ------ ----- --------- --------- ------- -------    ------- -------    ------- -------    ----
   1 !   26.4   0.6   9.9e-08   0.00017       3      30 ..     261     288 ..     259     291 .. 0.94

  Alignments for each domain:
  == domain 1  score: 26.4 bits;  conditional E-value: 9.9e-08
        ihelix_seed_hmm   3 elvalvllLlvAGheTTtnaiswalllL 30 
                            e++++v+++lvAG eTT+++++++++lL
  sp|C9K1X6|COTB3_STRMJ 261 EVLDQVVTFLVAGSETTASTLAFVFHLL 288
                            7899**********************99 PP

>> sp|P93530|C71D6_SOLCH  Cytochrome P450 71D6 OS=Solanum chacoense OX=4108 GN=CYP71D6 PE=2 SV=1
   #    score  bias  c-Evalue  i-Evalue hmmfrom  hmm to    alifrom  ali to    envfrom  env to     acc
 ---   ------ ----- --------- --------- ------- -------    ------- -------    ------- -------    ----
   1 !   26.5   0.1   9.2e-08   0.00016       2      33 .]     291     322 ..     290     322 .. 0.97

  Alignments for each domain:
  == domain 1  score: 26.5 bits;  conditional E-value: 9.2e-08
        ihelix_seed_hmm   2 eelvalvllLlvAGheTTtnaiswalllLlrh 33 
                            ++++a+++++++AG+eT+++++ wa+ ++l++
  sp|P93530|C71D6_SOLCH 291 DNIKAIIIDMFAAGTETSSTTTVWAMVEMLKN 322
                            79****************************98 PP

>> sp|P59954|CP132_MYCBO  Putative cytochrome P450 132 OS=Mycobacterium bovis (strain ATCC BAA-935 / AF2122/97) OX=23341
   #    score  bias  c-Evalue  i-Evalue hmmfrom  hmm to    alifrom  ali to    envfrom  env to     acc
 ---   ------ ----- --------- --------- ------- -------    ------- -------    ------- -------    ----
   1 !   25.9   0.3   1.5e-07   0.00025       4      33 .]     264     293 ..     262     293 .. 0.92

  Alignments for each domain:
  == domain 1  score: 25.9 bits;  conditional E-value: 1.5e-07
        ihelix_seed_hmm   4 lvalvllLlvAGheTTtnaiswalllLlrh 33 
                            +++ +l++++AGheTT+na sw+ +l++ +
  sp|P59954|CP132_MYCBO 264 VRDEALTFMLAGHETTANAMSWFWYLMALN 293
                            67899********************99976 PP

>> sp|P9WPN2|CP132_MYCTO  Putative cytochrome P450 132 OS=Mycobacterium tuberculosis (strain CDC 1551 / Oshkosh) OX=8333
   #    score  bias  c-Evalue  i-Evalue hmmfrom  hmm to    alifrom  ali to    envfrom  env to     acc
 ---   ------ ----- --------- --------- ------- -------    ------- -------    ------- -------    ----
   1 !   25.9   0.3   1.5e-07   0.00025       4      33 .]     264     293 ..     262     293 .. 0.92

  Alignments for each domain:
  == domain 1  score: 25.9 bits;  conditional E-value: 1.5e-07
        ihelix_seed_hmm   4 lvalvllLlvAGheTTtnaiswalllLlrh 33 
                            +++ +l++++AGheTT+na sw+ +l++ +
  sp|P9WPN2|CP132_MYCTO 264 VRDEALTFMLAGHETTANAMSWFWYLMALN 293
                            67899********************99976 PP

>> sp|P9WPN3|CP132_MYCTU  Putative cytochrome P450 132 OS=Mycobacterium tuberculosis (strain ATCC 25618 / H37Rv) OX=8333
   #    score  bias  c-Evalue  i-Evalue hmmfrom  hmm to    alifrom  ali to    envfrom  env to     acc
 ---   ------ ----- --------- --------- ------- -------    ------- -------    ------- -------    ----
   1 !   25.9   0.3   1.5e-07   0.00025       4      33 .]     264     293 ..     262     293 .. 0.92

  Alignments for each domain:
  == domain 1  score: 25.9 bits;  conditional E-value: 1.5e-07
        ihelix_seed_hmm   4 lvalvllLlvAGheTTtnaiswalllLlrh 33 
                            +++ +l++++AGheTT+na sw+ +l++ +
  sp|P9WPN3|CP132_MYCTU 264 VRDEALTFMLAGHETTANAMSWFWYLMALN 293
                            67899********************99976 PP

>> sp|E1B2Z9|C7AV8_CICIN  Cytochrome P450 71AV8 OS=Cichorium intybus OX=13427 GN=CYP71AV8 PE=2 SV=1
   #    score  bias  c-Evalue  i-Evalue hmmfrom  hmm to    alifrom  ali to    envfrom  env to     acc
 ---   ------ ----- --------- --------- ------- -------    ------- -------    ------- -------    ----
   1 !   26.2   0.0   1.1e-07   0.00019       2      32 ..     281     311 ..     280     312 .. 0.94

  Alignments for each domain:
  == domain 1  score: 26.2 bits;  conditional E-value: 1.1e-07
        ihelix_seed_hmm   2 eelvalvllLlvAGheTTtnaiswalllLlr 32 
                            ++++a +l+++ AG++T++ +i wa+ +L+r
  sp|E1B2Z9|C7AV8_CICIN 281 DNVKAVILDMFGAGTDTSSATIEWAISELIR 311
                            7999*************************98 PP

>> sp|Q9V770|C6A17_DROME  Probable cytochrome P450 6a17 OS=Drosophila melanogaster OX=7227 GN=Cyp6a17 PE=2 SV=1
   #    score  bias  c-Evalue  i-Evalue hmmfrom  hmm to    alifrom  ali to    envfrom  env to     acc
 ---   ------ ----- --------- --------- ------- -------    ------- -------    ------- -------    ----
   1 !   26.3   0.4   1.1e-07   0.00019       2      33 .]     292     323 ..     292     323 .. 0.97

  Alignments for each domain:
  == domain 1  score: 26.3 bits;  conditional E-value: 1.1e-07
        ihelix_seed_hmm   2 eelvalvllLlvAGheTTtnaiswalllLlrh 33 
                            +el+a++  ++vAG eT++++ ++al++L+r+
  sp|Q9V770|C6A17_DROME 292 NELLAQAFIFFVAGFETSSTTMGFALYELARN 323
                            599****************************8 PP

>> sp|A0A1D8QMG4|C76K8_ROSOF  Carnosic acid synthase OS=Rosmarinus officinalis OX=39367 GN=CYP76AK8 PE=1 SV=1
   #    score  bias  c-Evalue  i-Evalue hmmfrom  hmm to    alifrom  ali to    envfrom  env to     acc
 ---   ------ ----- --------- --------- ------- -------    ------- -------    ------- -------    ----
   1 !   27.4   0.1   4.8e-08   8.1e-05       2      33 .]     296     327 ..     295     327 .. 0.97

  Alignments for each domain:
  == domain 1  score: 27.4 bits;  conditional E-value: 4.8e-08
            ihelix_seed_hmm   2 eelvalvllLlvAGheTTtnaiswalllLlrh 33 
                                +e+++++++L++AG +T++ ++ wa+ +Ll h
  sp|A0A1D8QMG4|C76K8_ROSOF 296 KEIKHMFVDLIIAGSDTSAATTEWAMVELLLH 327
                                69****************************88 PP

>> sp|Q01361|CP2DE_BOVIN  Cytochrome P450 2D14 OS=Bos taurus OX=9913 GN=CYP2D14 PE=2 SV=2
   #    score  bias  c-Evalue  i-Evalue hmmfrom  hmm to    alifrom  ali to    envfrom  env to     acc
 ---   ------ ----- --------- --------- ------- -------    ------- -------    ------- -------    ----
   1 !   26.3   2.7   1.1e-07   0.00019       1      33 []     295     327 ..     295     327 .. 0.96

  Alignments for each domain:
  == domain 1  score: 26.3 bits;  conditional E-value: 1.1e-07
        ihelix_seed_hmm   1 deelvalvllLlvAGheTTtnaiswalllLlrh 33 
                            de+l+  v +L+ AG+ TT+++++walll++ h
  sp|Q01361|CP2DE_BOVIN 295 DENLRLVVADLFSAGMVTTSTTLAWALLLMILH 327
                            799***************************987 PP

>> sp|Q27589|CP4D2_DROME  Cytochrome P450 4d2 OS=Drosophila melanogaster OX=7227 GN=Cyp4d2 PE=2 SV=2
   #    score  bias  c-Evalue  i-Evalue hmmfrom  hmm to    alifrom  ali to    envfrom  env to     acc
 ---   ------ ----- --------- --------- ------- -------    ------- -------    ------- -------    ----
   1 !   25.7   0.0   1.7e-07   0.00028       1      33 []     298     330 ..     298     330 .. 0.97

  Alignments for each domain:
  == domain 1  score: 25.7 bits;  conditional E-value: 1.7e-07
        ihelix_seed_hmm   1 deelvalvllLlvAGheTTtnaiswalllLlrh 33 
                            de+++  v ++++ Gh+TTt+ais+ l++ +rh
  sp|Q27589|CP4D2_DROME 298 DEDIREEVDTFMFEGHDTTTSAISFCLYEISRH 330
                            79999**************************99 PP

>> sp|P27786|CP17A_MOUSE  Steroid 17-alpha-hydroxylase/17,20 lyase OS=Mus musculus OX=10090 GN=Cyp17a1 PE=1 SV=1
   #    score  bias  c-Evalue  i-Evalue hmmfrom  hmm to    alifrom  ali to    envfrom  env to     acc
 ---   ------ ----- --------- --------- ------- -------    ------- -------    ------- -------    ----
   1 !   27.4   0.3   4.9e-08   8.4e-05       1      33 []     288     320 ..     288     320 .. 0.96

  Alignments for each domain:
  == domain 1  score: 27.4 bits;  conditional E-value: 4.9e-08
        ihelix_seed_hmm   1 deelvalvllLlvAGheTTtnaiswalllLlrh 33 
                            d++++ +v +++ AG+eTT++++ w+l +L+++
  sp|P27786|CP17A_MOUSE 288 DKHILVTVGDIFGAGIETTSSVLNWILAFLVHN 320
                            7899**************************987 PP

>> sp|I1RJR2|CP51A_GIBZE  Sterol 14-alpha demethylase CYP51A OS=Gibberella zeae (strain ATCC MYA-4620 / CBS 123657 / FGS
   #    score  bias  c-Evalue  i-Evalue hmmfrom  hmm to    alifrom  ali to    envfrom  env to     acc
 ---   ------ ----- --------- --------- ------- -------    ------- -------    ------- -------    ----
   1 !   26.3   0.1   1.1e-07   0.00018       1      32 [.     278     309 ..     278     310 .. 0.96

  Alignments for each domain:
  == domain 1  score: 26.3 bits;  conditional E-value: 1.1e-07
        ihelix_seed_hmm   1 deelvalvllLlvAGheTTtnaiswalllLlr 32 
                            d+e+++++++Ll+AG++ +++a+sw++l+L++
  sp|I1RJR2|CP51A_GIBZE 278 DKEIAHMMITLLMAGQHSSSSASSWIVLHLAS 309
                            79****************************95 PP

>> sp|Q9V774|C6A21_DROME  Probable cytochrome P450 6a21 OS=Drosophila melanogaster OX=7227 GN=Cyp6a21 PE=2 SV=1
   #    score  bias  c-Evalue  i-Evalue hmmfrom  hmm to    alifrom  ali to    envfrom  env to     acc
 ---   ------ ----- --------- --------- ------- -------    ------- -------    ------- -------    ----
   1 !   26.4   0.3     1e-07   0.00017       2      33 .]     296     327 ..     295     327 .. 0.97

  Alignments for each domain:
  == domain 1  score: 26.4 bits;  conditional E-value: 1e-07
        ihelix_seed_hmm   2 eelvalvllLlvAGheTTtnaiswalllLlrh 33 
                            ee++a++ ++++AG eT++++ ++al++L+ +
  sp|Q9V774|C6A21_DROME 296 EEIAAQAFVFFAAGFETSSTTMGFALYELAQN 327
                            8****************************987 PP

>> sp|F8S1I0|C7BL2_LACSA  Costunolide synthase OS=Lactuca sativa OX=4236 GN=CYP71BL2 PE=1 SV=1
   #    score  bias  c-Evalue  i-Evalue hmmfrom  hmm to    alifrom  ali to    envfrom  env to     acc
 ---   ------ ----- --------- --------- ------- -------    ------- -------    ------- -------    ----
   1 !   27.3   0.3   5.1e-08   8.7e-05       1      33 []     281     313 ..     281     313 .. 0.97

  Alignments for each domain:
  == domain 1  score: 27.3 bits;  conditional E-value: 5.1e-08
        ihelix_seed_hmm   1 deelvalvllLlvAGheTTtnaiswalllLlrh 33 
                            de+++a vl++l+AG++T++ ++ wa+ +L r+
  sp|F8S1I0|C7BL2_LACSA 281 DEHVKAVVLDMLTAGTDTSSATLEWAMTELMRN 313
                            799***************************998 PP

>> sp|G3GBK0|C7BL3_CICIN  Costunolide synthase OS=Cichorium intybus OX=13427 GN=CYP71BL3 PE=1 SV=1
   #    score  bias  c-Evalue  i-Evalue hmmfrom  hmm to    alifrom  ali to    envfrom  env to     acc
 ---   ------ ----- --------- --------- ------- -------    ------- -------    ------- -------    ----
   1 !   27.3   0.3   5.2e-08   8.7e-05       1      33 []     281     313 ..     281     313 .. 0.97

  Alignments for each domain:
  == domain 1  score: 27.3 bits;  conditional E-value: 5.2e-08
        ihelix_seed_hmm   1 deelvalvllLlvAGheTTtnaiswalllLlrh 33 
                            de+++a vl++l+AG++T++ ++ wa+ +L r+
  sp|G3GBK0|C7BL3_CICIN 281 DEHVKAVVLDMLTAGTDTSSATLEWAMTELMRN 313
                            799***************************998 PP

>> sp|Q8K4D6|CP4X1_RAT  Cytochrome P450 4X1 OS=Rattus norvegicus OX=10116 GN=Cyp4x1 PE=2 SV=1
   #    score  bias  c-Evalue  i-Evalue hmmfrom  hmm to    alifrom  ali to    envfrom  env to     acc
 ---   ------ ----- --------- --------- ------- -------    ------- -------    ------- -------    ----
   1 !   27.3   0.1   5.2e-08   8.8e-05       3      33 .]     303     333 ..     301     333 .. 0.94

  Alignments for each domain:
  == domain 1  score: 27.3 bits;  conditional E-value: 5.2e-08
      ihelix_seed_hmm   3 elvalvllLlvAGheTTtnaiswalllLlrh 33 
                          +l++ v ++++AGh++++ +isw l++L+ +
  sp|Q8K4D6|CP4X1_RAT 303 DLRSEVNTFMWAGHDASAASISWLLYCLALN 333
                          7999************************987 PP

>> sp|P18327|CPXF_STRGO  Cytochrome P450-SU2 OS=Streptomyces griseolus OX=1909 GN=cyp105B1 PE=1 SV=2
   #    score  bias  c-Evalue  i-Evalue hmmfrom  hmm to    alifrom  ali to    envfrom  env to     acc
 ---   ------ ----- --------- --------- ------- -------    ------- -------    ------- -------    ----
   1 !   26.0   1.3   1.3e-07   0.00022       9      33 .]     236     260 ..     227     260 .. 0.87

  Alignments for each domain:
  == domain 1  score: 26.0 bits;  conditional E-value: 1.3e-07
       ihelix_seed_hmm   9 llLlvAGheTTtnaiswalllLlrh 33 
                            lLlvAGheTT+n+++ ++l Llr+
  sp|P18327|CPXF_STRGO 236 RLLLVAGHETTANMTALSTLVLLRN 260
                           58**********************8 PP

>> sp|Q64680|CP2D4_RAT  Cytochrome P450 2D4 OS=Rattus norvegicus OX=10116 GN=Cyp2d4 PE=2 SV=1
   #    score  bias  c-Evalue  i-Evalue hmmfrom  hmm to    alifrom  ali to    envfrom  env to     acc
 ---   ------ ----- --------- --------- ------- -------    ------- -------    ------- -------    ----
   1 !   26.2   1.4   1.2e-07    0.0002       1      31 [.     295     325 ..     295     327 .. 0.95

  Alignments for each domain:
  == domain 1  score: 26.2 bits;  conditional E-value: 1.2e-07
      ihelix_seed_hmm   1 deelvalvllLlvAGheTTtnaiswalllLl 31 
                          de+l+  v +L++AG+ TT+++++wall+++
  sp|Q64680|CP2D4_RAT 295 DENLRVVVADLFMAGMVTTSTTLTWALLFMI 325
                          7999*************************96 PP

>> sp|Q5KQT7|CP1A1_FELCA  Cytochrome P450 1A1 OS=Felis catus OX=9685 GN=CYP1A1 PE=2 SV=1
   #    score  bias  c-Evalue  i-Evalue hmmfrom  hmm to    alifrom  ali to    envfrom  env to     acc
 ---   ------ ----- --------- --------- ------- -------    ------- -------    ------- -------    ----
   1 !   25.9   0.0   1.4e-07   0.00024       1      32 [.     309     340 ..     309     341 .. 0.95

  Alignments for each domain:
  == domain 1  score: 25.9 bits;  conditional E-value: 1.4e-07
        ihelix_seed_hmm   1 deelvalvllLlvAGheTTtnaiswalllLlr 32 
                            de +v+ v +L+ AG +T+t+aisw l++L++
  sp|Q5KQT7|CP1A1_FELCA 309 DEKIVNVVSDLFGAGFDTVTTAISWCLMYLVT 340
                            789***************************87 PP

>> sp|B8QHP1|CP52M_STABO  Cytochrome P450 52-M1 OS=Starmerella bombicola OX=75736 GN=cyp52M1 PE=1 SV=1
   #    score  bias  c-Evalue  i-Evalue hmmfrom  hmm to    alifrom  ali to    envfrom  env to     acc
 ---   ------ ----- --------- --------- ------- -------    ------- -------    ------- -------    ----
   1 !   25.8   0.2   1.5e-07   0.00026       4      33 .]     326     355 ..     325     355 .. 0.97

  Alignments for each domain:
  == domain 1  score: 25.8 bits;  conditional E-value: 1.5e-07
        ihelix_seed_hmm   4 lvalvllLlvAGheTTtnaiswalllLlrh 33 
                            +++++ ++l+AG +TT+ ++s+a+++L+r+
  sp|B8QHP1|CP52M_STABO 326 IRDQIFNILIAGRDTTAATLSFAIHFLARN 355
                            899**************************8 PP

>> sp|B9WZX1|FTMC_ASPFM  Tryprostatin B 6-hydroxylase OS=Aspergillus fumigatus OX=746128 GN=ftmP450-1 PE=1 SV=1
   #    score  bias  c-Evalue  i-Evalue hmmfrom  hmm to    alifrom  ali to    envfrom  env to     acc
 ---   ------ ----- --------- --------- ------- -------    ------- -------    ------- -------    ----
   1 !   27.2   0.5   5.7e-08   9.7e-05       4      33 .]     352     381 ..     349     381 .. 0.92

  Alignments for each domain:
  == domain 1  score: 27.2 bits;  conditional E-value: 5.7e-08
       ihelix_seed_hmm   4 lvalvllLlvAGheTTtnaiswalllLlrh 33 
                           l + ++l+++AG +TT++++++++++L+rh
  sp|B9WZX1|FTMC_ASPFM 352 LMGDAMLIITAGSDTTATSLTSIVYELARH 381
                           55789************************9 PP

>> sp|Q4WAW5|FTMC_ASPFU  Tryprostatin B 6-hydroxylase OS=Aspergillus fumigatus (strain ATCC MYA-4609 / CBS 101355 / FGSC
   #    score  bias  c-Evalue  i-Evalue hmmfrom  hmm to    alifrom  ali to    envfrom  env to     acc
 ---   ------ ----- --------- --------- ------- -------    ------- -------    ------- -------    ----
   1 !   27.2   0.5   5.7e-08   9.7e-05       4      33 .]     352     381 ..     349     381 .. 0.92

  Alignments for each domain:
  == domain 1  score: 27.2 bits;  conditional E-value: 5.7e-08
       ihelix_seed_hmm   4 lvalvllLlvAGheTTtnaiswalllLlrh 33 
                           l + ++l+++AG +TT++++++++++L+rh
  sp|Q4WAW5|FTMC_ASPFU 352 LMGDAMLIITAGSDTTATSLTSIVYELARH 381
                           55789************************9 PP

>> sp|O64899|C80B1_ESCCA  (S)-N-methylcoclaurine 3'-hydroxylase isozyme 1 (Fragment) OS=Eschscholzia californica OX=3467
   #    score  bias  c-Evalue  i-Evalue hmmfrom  hmm to    alifrom  ali to    envfrom  env to     acc
 ---   ------ ----- --------- --------- ------- -------    ------- -------    ------- -------    ----
   1 !   27.1   0.2   5.8e-08   9.8e-05       3      33 .]     280     310 ..     278     310 .. 0.93

  Alignments for each domain:
  == domain 1  score: 27.1 bits;  conditional E-value: 5.8e-08
        ihelix_seed_hmm   3 elvalvllLlvAGheTTtnaiswalllLlrh 33 
                            ++ al ++L+ AG+eT++++i wa+ +L ++
  sp|O64899|C80B1_ESCCA 280 QINALLMELFGAGTETSASTIEWAMTELTKN 310
                            5889*********************999887 PP

>> sp|O64900|C80B2_ESCCA  (S)-N-methylcoclaurine 3'-hydroxylase isozyme 2 OS=Eschscholzia californica OX=3467 GN=CYP80B2
   #    score  bias  c-Evalue  i-Evalue hmmfrom  hmm to    alifrom  ali to    envfrom  env to     acc
 ---   ------ ----- --------- --------- ------- -------    ------- -------    ------- -------    ----
   1 !   27.1   0.2   5.8e-08   9.9e-05       3      33 .]     281     311 ..     279     311 .. 0.93

  Alignments for each domain:
  == domain 1  score: 27.1 bits;  conditional E-value: 5.8e-08
        ihelix_seed_hmm   3 elvalvllLlvAGheTTtnaiswalllLlrh 33 
                            ++ al ++L+ AG+eT++++i wa+ +L ++
  sp|O64900|C80B2_ESCCA 281 QINALLMELFGAGTETSASTIEWAMTELTKN 311
                            5889*********************999887 PP

>> sp|A0A1Z3GBS4|CYPH3_ISORU  Ferruginol synthase OS=Isodon rubescens OX=587669 GN=CYP76AH30 PE=1 SV=1
   #    score  bias  c-Evalue  i-Evalue hmmfrom  hmm to    alifrom  ali to    envfrom  env to     acc
 ---   ------ ----- --------- --------- ------- -------    ------- -------    ------- -------    ----
   1 !   27.1   1.2   5.9e-08    0.0001       2      31 ..     285     314 ..     284     316 .. 0.94

  Alignments for each domain:
  == domain 1  score: 27.1 bits;  conditional E-value: 5.9e-08
            ihelix_seed_hmm   2 eelvalvllLlvAGheTTtnaiswalllLl 31 
                                ++l++l+l+L+v+G eT t+++ w++ +L+
  sp|A0A1Z3GBS4|CYPH3_ISORU 285 DHLTHLMLDLFVGGSETNTTSLEWIMSELV 314
                                89************************9996 PP



Internal pipeline statistics summary:
-------------------------------------
Query model(s):                            1  (33 nodes)
Target sequences:                       3706  (2183327 residues searched)
Passed MSV filter:                      1603  (0.432542); expected 74.1 (0.02)
Passed bias filter:                     1592  (0.429574); expected 74.1 (0.02)
Passed Vit filter:                      1424  (0.384242); expected 3.7 (0.001)
Passed Fwd filter:                      1220  (0.329196); expected 0.0 (1e-05)
Initial search space (Z):             700000  [as set by --Z on cmdline]
Domain search space  (domZ):             413  [number of targets reported over threshold]
# CPU time: 0.20u 0.00s 00:00:00.20 Elapsed: 00:00:00.11
# Mc/sec: 638.44
//
# Alignment of 413 hits satisfying inclusion thresholds saved to: ../output/hmm_search_1/uniprot/p450_reviewed/4//ihelixhits_e_0p0001_z_700000_T_.aln
[ok]
