# hmmsearch :: search profile(s) against a sequence database
# HMMER 3.3.2 (Nov 2020); http://hmmer.org/
# Copyright (C) 2020 Howard Hughes Medical Institute.
# Freely distributed under the BSD open source license.
# - - - - - - - - - - - - - - - - - - - - - - - - - - - - - - - - - - - -
# query HMM file:                  ../output/hmm_round_3/ihelix_round3_hmm.hmm
# target sequence database:        ../input/databases/biocatnet_p450.fasta
# MSA of all hits saved to file:   ../output/hmm_search_3/biocatnet/4//ihelixhits_e_0p0001_z__T_.aln
# sequence reporting threshold:    E-value <= 0.0001
# - - - - - - - - - - - - - - - - - - - - - - - - - - - - - - - - - - - -

Query:       Round3_FinalIHelix  [M=33]
Scores for complete sequences (score includes all domains):
   --- full sequence ---   --- best 1 domain ---    -#dom-
    E-value  score  bias    E-value  score  bias    exp  N  Sequence                                                                                                                                                                                             Description
    ------- ------ -----    ------- ------ -----   ---- --  --------                                                                                                                                                                                             -----------
    2.3e-08   34.9   4.6     0.0085   17.6   0.4    3.1  2  sid|75248|pid|54607|hfid|349|sfid|33|gi|308460667|taxonID|31234|Caenorhabditisremanei                                                                                                                 
    8.6e-08   33.1   1.2    3.1e-07   31.4   0.2    2.4  1  sid|6214|pid|4230|hfid|316|sfid|19|gb|AAH56258.1|gi|33604018|taxonID|9606|Homosapiens                                                                                                                 
    9.1e-08   33.1   1.2    3.1e-07   31.4   0.2    2.4  1  sid|6215|pid|4230|hfid|316|sfid|19|gb|AAH20767.1|gi|116283623|taxonID|9606|Homosapiens                                                                                                                
    9.4e-08   33.0   0.5    2.6e-06   28.6   0.3    2.9  2  sid|6197|pid|4216|hfid|316|sfid|19|gi|532007179|taxonID|79684|Microtusochrogaster                                                                                                                     
    1.3e-07   32.6   0.2    3.7e-07   31.2   0.2    1.8  1  sid|6163|pid|4192|hfid|316|sfid|19|gi|635135801|taxonID|60711|Chlorocebussabaeus                                                                                                                      
    1.3e-07   32.6   1.0    4.9e-07   30.8   0.2    2.4  1  sid|6103|pid|4145|hfid|316|sfid|19|gi|567315997|taxonID|9541|Macacafascicularis                                                                                                                       
    1.3e-07   32.6   0.2    4.9e-07   30.8   0.2    2.0  1  sid|6096|pid|4145|hfid|316|sfid|19|emb|CAL38062.1|gi|117645192|taxonID|32630|syntheticconstruct                                                                                                       
    1.6e-07   32.3   1.4    4.1e-07   31.0   0.2    2.3  1  sid|6204|pid|4223|hfid|316|sfid|19|gi|530405451|taxonID|9606|Homosapiens                                                                                                                              
    1.9e-07   32.1   0.6    1.4e-06   29.4   0.2    2.6  1  sid|6188|pid|4210|hfid|316|sfid|19|gi|507674554|taxonID|9371|Echinopstelfairi                                                                                                                         
    1.9e-07   32.1   1.4    4.9e-07   30.8   0.2    2.4  1  sid|6100|pid|4145|hfid|316|sfid|19|gi|114657064|taxonID|9598|Pantroglodytes                                                                                                                           
    1.9e-07   32.1   1.4    4.9e-07   30.8   0.2    2.4  1  sid|6094|pid|4145|hfid|316|sfid|19|gb|AAZ23558.1|gi|71084088|taxonID|9606|Homosapiens                                                                                                                 
    1.9e-07   32.1   1.4    4.9e-07   30.8   0.2    2.4  1  sid|6104|pid|4145|hfid|316|sfid|19|gb|AAH35959.1|gi|23271165|taxonID|9606|Homosapiens                                                                                                                 
    1.9e-07   32.1   1.4    4.9e-07   30.8   0.2    2.4  1  sid|6105|pid|4145|hfid|316|sfid|19|emb|CAL37411.1|gi|117646592|taxonID|32630|syntheticconstruct                                                                                                       
    1.9e-07   32.1   1.4    4.9e-07   30.8   0.2    2.3  1  sid|6091|pid|4145|hfid|316|sfid|19|dbj|BAF84467.1|gi|158256988|taxonID|9606|Homosapiens                                                                                                               
    1.9e-07   32.1   1.4    4.9e-07   30.8   0.2    2.3  1  sid|6098|pid|4145|hfid|316|sfid|19|gb|AAA52141.1|gi|181288|gb|AAA52132.1|gi|181213|taxonID|9606|Homosapiens                                                                                           
    1.9e-07   32.0   1.4    4.9e-07   30.8   0.2    2.3  1  sid|6093|pid|4145|hfid|316|sfid|19|gi|13904858|gi|404312987|gi|404312988|gi|218766731|gi|390136177|gi|390136176|pdb|4GL5(A)|pdb|4GL7(A)|pdb|3EQM(A)|pdb|3S7S(A)|pdb|3S79(A)|taxonID|9606|Homosapiens  
    1.9e-07   32.0   1.4    4.9e-07   30.8   0.2    2.3  1  sid|6099|pid|4145|hfid|316|sfid|19|gi|426379075|taxonID|9595|Gorillagorillagorilla                                                                                                                    
    1.9e-07   32.0   1.4    4.9e-07   30.8   0.2    2.3  1  sid|6101|pid|4145|hfid|316|sfid|19|gb|ABB76809.1|gi|82468904|taxonID|9541|Macacafascicularis|gi|402874306|taxonID|9555|Papioanubis                                                                    
    1.9e-07   32.0   1.4    4.9e-07   30.8   0.2    2.3  1  sid|6095|pid|4145|hfid|316|sfid|19|emb|CAA31929.1|gi|28847|taxonID|9606|Homosapiens                                                                                                                   
      2e-07   32.0   1.4    4.9e-07   30.8   0.2    2.3  1  sid|6092|pid|4145|hfid|316|sfid|19|gi|297696649|taxonID|9601|Pongoabelii                                                                                                                              
      2e-07   32.0   1.4    4.9e-07   30.8   0.2    2.3  1  sid|6097|pid|4145|hfid|316|sfid|19|gb|AAI07786.1|gi|78070747|taxonID|9606|Homosapiens                                                                                                                 
    2.2e-07   31.9   1.4    4.5e-07   30.9   0.2    2.2  1  sid|6119|pid|4156|hfid|316|sfid|19|gi|578826655|gi|532137988|gb|AAA35556.1|gi|179000|pdb|4KQ8(A)|taxonID|9606|Homosapiens                                                                             
    2.3e-07   31.8   0.2    1.3e-06   29.5   0.2    2.3  1  sid|6179|pid|4204|hfid|316|sfid|19|gi|27805827|taxonID|9913|Bostaurus                                                                                                                                 
    2.3e-07   31.8   0.9    2.3e-06   28.7   0.2    2.7  1  sid|6113|pid|4151|hfid|316|sfid|19|gi|507679185|taxonID|10160|Octodondegus                                                                                                                            
    2.4e-07   31.8   0.9    2.6e-06   28.5   0.2    2.8  1  sid|6125|pid|4162|hfid|316|sfid|19|gi|348572276|taxonID|10141|Caviaporcellus                                                                                                                          
    2.5e-07   31.7   1.7    5.2e-07   30.7   0.2    2.4  1  sid|6160|pid|4189|hfid|316|sfid|19|gi|617641981|taxonID|9365|Erinaceuseuropaeus                                                                                                                       
    2.6e-07   31.6   0.2    1.3e-06   29.5   0.2    2.2  1  sid|6107|pid|4147|hfid|316|sfid|19|gi|602686701|taxonID|118797|Lipotesvexillifer                                                                                                                      
    2.7e-07   31.6   0.2    1.3e-06   29.5   0.2    2.2  1  sid|6177|pid|4204|hfid|316|sfid|19|gb|AAA62244.1|gi|625061|taxonID|9913|Bostaurus                                                                                                                     
    2.7e-07   31.6   0.2    1.3e-06   29.5   0.2    2.2  1  sid|6178|pid|4204|hfid|316|sfid|19|gi|555977142|taxonID|72004|Bosmutus                                                                                                                                
    2.7e-07   31.6   0.2    1.3e-06   29.5   0.2    2.2  1  sid|6180|pid|4204|hfid|316|sfid|19|gi|296483078|taxonID|9913|Bostaurus                                                                                                                                
    2.9e-07   31.5   0.2    1.3e-06   29.5   0.2    2.2  1  sid|6131|pid|4166|hfid|316|sfid|19|gi|595763331|taxonID|89462|Bubalusbubalis                                                                                                                          
    2.9e-07   31.5   0.2    1.2e-06   29.6   0.2    2.2  1  sid|6110|pid|4148|hfid|316|sfid|19|gi|488541242|taxonID|9361|Dasypusnovemcinctus                                                                                                                      
    2.9e-07   31.5   0.2    1.3e-06   29.5   0.2    2.2  1  sid|6130|pid|4166|hfid|316|sfid|19|gb|ABD64825.2|gi|117582069|taxonID|89462|Bubalusbubalis                                                                                                            
      3e-07   31.5   0.2    9.9e-07   29.8   0.2    2.0  1  sid|6128|pid|4165|hfid|316|sfid|19|gb|AAB61696.1|gi|1762231|taxonID|9823|Susscrofa                                                                                                                    
    3.2e-07   31.4   0.2    1.4e-06   29.4   0.2    2.2  1  sid|6199|pid|4218|hfid|316|sfid|19|gi|556769427|taxonID|59538|Pantholopshodgsonii                                                                                                                     
    3.2e-07   31.4   0.2    1.4e-06   29.4   0.2    2.2  1  sid|6129|pid|4166|hfid|316|sfid|19|gi|172088165|taxonID|9940|Ovisaries                                                                                                                                
    3.3e-07   31.3   0.4    1.4e-06   29.4   0.2    2.1  1  sid|6220|pid|4235|hfid|316|sfid|19|gb|EHB17936.1|gi|351715017|taxonID|10181|Heterocephalusglaber                                                                                                      
    3.9e-07   31.1   0.2    1.6e-06   29.2   0.2    2.1  1  sid|6173|pid|4201|hfid|316|sfid|19|gb|AAC48731.1|gi|1762362|gi|47523916|taxonID|9823|Susscrofa                                                                                                        
    3.9e-07   31.1   0.2      2e-06   28.9   0.2    2.3  1  sid|6136|pid|4170|hfid|316|sfid|19|gi|558112604|taxonID|59463|Myotislucifugus                                                                                                                         
      4e-07   31.1   0.2      2e-06   28.9   0.2    2.2  1  sid|6135|pid|4170|hfid|316|sfid|19|gi|554538646|taxonID|109478|Myotisbrandtii                                                                                                                         
    4.2e-07   31.0   0.1    1.8e-06   29.0   0.1    2.2  1  sid|6108|pid|4147|hfid|316|sfid|19|sp|Q69FB6.1|gi|54035752|taxonID|90246|Lagenorhynchusacutus                                                                                                         
    4.2e-07   31.0   1.3    1.3e-06   29.5   0.2    2.5  1  sid|6146|pid|4178|hfid|316|sfid|19|gi|594633993|taxonID|310752|Balaenopteraacutorostratascammoni                                                                                                      
    4.3e-07   31.0   1.5    6.9e-05   24.1   0.2    3.3  2  sid|98551|pid|74295|hfid|316|sfid|19|gi|556996999|taxonID|7897|Latimeriachalumnae                                                                                                                     
    4.3e-07   31.0   1.3    1.3e-06   29.5   0.2    2.5  1  sid|6154|pid|4184|hfid|316|sfid|19|gi|593767741|taxonID|9755|Physetercatodon                                                                                                                          
    4.3e-07   31.0   1.3    1.1e-06   29.7   0.2    2.3  1  sid|6087|pid|4142|hfid|316|sfid|19|gi|585191461|taxonID|9713|Leptonychotesweddellii                                                                                                                   
    4.4e-07   30.9   0.1    1.8e-06   29.0   0.1    2.1  1  sid|6109|pid|4147|hfid|316|sfid|19|gi|466065682|taxonID|9733|Orcinusorca                                                                                                                              
    4.5e-07   30.9   0.2      2e-06   28.9   0.2    2.2  1  sid|6137|pid|4170|hfid|316|sfid|19|gi|584071514|taxonID|225400|Myotisdavidii                                                                                                                          
    4.9e-07   30.8   1.4    1.4e-06   29.4   0.2    2.5  1  sid|6114|pid|4152|hfid|316|sfid|19|gi|634832367|taxonID|1230840|Orycteropusaferafer                                                                                                                   
    5.1e-07   30.7   1.3    1.3e-06   29.5   0.2    2.3  1  sid|6142|pid|4174|hfid|316|sfid|19|gi|56790279|taxonID|9615|Canislupusfamiliaris                                                                                                                      
    5.3e-07   30.7   1.3    1.3e-06   29.5   0.2    2.3  1  sid|6088|pid|4143|hfid|316|sfid|19|gi|472353902|taxonID|9708|Odobenusrosmarusdivergens                                                                                                                
    5.3e-07   30.7   1.4    1.2e-06   29.6   0.2    2.3  1  sid|6205|pid|4224|hfid|316|sfid|19|gb|ADU04379.1|gi|315307950|taxonID|191816|Lynxpardinus                                                                                                             
    5.4e-07   30.7   1.4    1.2e-06   29.6   0.2    2.3  1  sid|6206|pid|4224|hfid|316|sfid|19|gi|586988968|taxonID|9685|Feliscatus                                                                                                                               
    5.6e-07   30.6   1.3    1.3e-06   29.5   0.2    2.3  1  sid|6157|pid|4186|hfid|316|sfid|19|gi|344297770|taxonID|9785|Loxodontaafricana                                                                                                                        
    5.6e-07   30.6   1.0    1.4e-06   29.4   0.2    2.2  1  sid|6156|pid|4185|hfid|316|sfid|19|dbj|BAI44113.1|gi|260279072|taxonID|378754|Ursusthibetanusjaponicus                                                                                                
    5.6e-07   30.6   1.0    1.4e-06   29.4   0.2    2.2  1  sid|6155|pid|4185|hfid|316|sfid|19|gi|301770097|taxonID|9646|Ailuropodamelanoleuca                                                                                                                    
    5.8e-07   30.6   0.9    1.6e-06   29.2   0.1    2.3  1  sid|6124|pid|4161|hfid|316|sfid|19|gi|586447052|taxonID|185453|Chrysochlorisasiatica                                                                                                                  
    6.1e-07   30.5   1.4    6.1e-06   27.4   0.2    3.1  1  sid|6145|pid|4177|hfid|316|sfid|19|gi|533122756|gi|533122760|gi|533122758|taxonID|34839|Chinchillalanigera                                                                                            
    6.4e-07   30.4   0.9    2.3e-06   28.7   0.2    2.4  1  sid|6194|pid|4215|hfid|316|sfid|19|gi|283135134|taxonID|9986|Oryctolaguscuniculus                                                                                                                     
    6.4e-07   30.4   1.4    1.4e-06   29.4   0.2    2.3  1  sid|6189|pid|4211|hfid|316|sfid|19|gb|ADU04378.1|gi|315307948|taxonID|191816|Lynxpardinus                                                                                                             
    6.6e-07   30.4   1.4    1.4e-06   29.4   0.2    2.3  1  sid|6190|pid|4211|hfid|316|sfid|19|gi|586988966|taxonID|9685|Feliscatus                                                                                                                               
    6.6e-07   30.4   1.4    1.5e-06   29.3   0.2    2.3  1  sid|6121|pid|4158|hfid|316|sfid|19|gi|560910149|gb|EPY83671.1|gi|528764012|taxonID|419612|Camelusferus                                                                                                
    6.6e-07   30.4   1.7    1.3e-06   29.5   0.2    2.3  1  sid|6212|pid|4228|hfid|316|sfid|19|gi|395822184|taxonID|30611|Otolemurgarnettii                                                                                                                       
    6.7e-07   30.4   1.7    1.3e-06   29.5   0.2    2.3  1  sid|6167|pid|4196|hfid|316|sfid|19|gi|585693806|taxonID|28737|Elephantulusedwardii                                                                                                                    
      7e-07   30.3   1.5    1.6e-06   29.2   0.3    2.3  1  sid|6102|pid|4145|hfid|316|sfid|19|gi|332235559|taxonID|61853|Nomascusleucogenys                                                                                                                      
    7.3e-07   30.3   1.0    2.1e-06   28.9   0.2    2.3  1  sid|6085|pid|4140|hfid|316|sfid|19|gi|466065851|taxonID|9733|Orcinusorca                                                                                                                              
    7.7e-07   30.2   1.3    1.6e-06   29.2   0.2    2.2  1  sid|6208|pid|4226|hfid|316|sfid|19|gi|478494572|taxonID|73337|Ceratotheriumsimumsimum                                                                                                                 
      8e-07   30.1   0.2    3.5e-06   28.2   0.2    2.1  1  sid|6144|pid|4176|hfid|316|sfid|19|gi|641705083|taxonID|29078|Eptesicusfuscus                                                                                                                         
    9.6e-07   29.9   0.7    4.6e-06   27.8   0.2    2.5  1  sid|6216|pid|4231|hfid|316|sfid|19|gi|593767744|taxonID|9755|Physetercatodon                                                                                                                          
    1.3e-06   29.5   0.2    5.3e-06   27.6   0.2    2.1  1  sid|6149|pid|4180|hfid|316|sfid|19|gb|ELK05419.1|gi|431896001|gi|586531034|taxonID|9402|Pteropusalecto                                                                                                
    1.3e-06   29.4   2.3    2.1e-06   28.8   0.3    2.5  1  sid|6187|pid|4209|hfid|316|sfid|19|gi|391852669|taxonID|9483|Callithrixjacchus                                                                                                                        
    1.4e-06   29.4   2.3    2.1e-06   28.8   0.3    2.5  1  sid|6186|pid|4209|hfid|316|sfid|19|gi|403274266|taxonID|39432|Saimiriboliviensisboliviensis                                                                                                           
    1.4e-06   29.4   2.2      2e-06   28.9   0.4    2.3  1  sid|6132|pid|4167|hfid|316|sfid|19|gi|471379842|taxonID|127582|Trichechusmanatuslatirostris                                                                                                           
    1.6e-06   29.2   0.9    5.3e-06   27.6   0.2    2.4  1  sid|6116|pid|4154|hfid|316|sfid|19|gi|47523910|taxonID|9823|Susscrofa                                                                                                                                 
    1.6e-06   29.2   0.9    5.3e-06   27.6   0.2    2.4  1  sid|6117|pid|4154|hfid|316|sfid|19|gb|AAB51387.1|gi|1928956|taxonID|9823|Susscrofa                                                                                                                    
    1.8e-06   29.0   0.2    1.8e-06   29.0   0.2    2.4  1  sid|6196|pid|4215|hfid|316|sfid|19|emb|CAA94315.1|gi|1240045|taxonID|9986|Oryctolaguscuniculus                                                                                                        
    1.9e-06   29.0   2.3    3.5e-06   28.1   0.3    2.6  1  sid|6086|pid|4141|hfid|316|sfid|19|gi|6681099|gi|568960737|taxonID|10090|Musmusculus                                                                                                                  
    2.3e-06   28.7   0.2    2.3e-06   28.7   0.2    2.8  1  sid|6195|pid|4215|hfid|316|sfid|19|gi|655861582|taxonID|9986|Oryctolaguscuniculus                                                                                                                     
    2.3e-06   28.7   2.4    2.6e-06   28.6   0.3    2.3  1  sid|6120|pid|4157|hfid|316|sfid|19|gb|EGW14179.1|gi|344258075|gi|354493402|taxonID|10029|Cricetulusgriseus                                                                                            
    2.5e-06   28.6   0.1    8.2e-06   27.0   0.1    1.9  1  sid|80164|pid|58680|hfid|354|sfid|35|gi|268554436|taxonID|6238|Caenorhabditisbriggsae                                                                                                                 
    2.5e-06   28.6   0.5    6.9e-06   27.2   0.5    1.7  1  sid|11737|pid|8483|hfid|1382|sfid|393|gb|ERL86685.1|gi|546675502|taxonID|77166|Dendroctonusponderosae                                                                                                 
    2.6e-06   28.6   0.1    2.6e-06   28.6   0.1    3.1  1  sid|6115|pid|4153|hfid|316|sfid|19|gi|504130688|taxonID|9978|Ochotonaprinceps                                                                                                                         
    2.6e-06   28.6   2.6    2.8e-06   28.4   0.4    2.4  1  sid|6112|pid|4150|hfid|316|sfid|19|gi|589916659|taxonID|230844|Peromyscusmaniculatusbairdii                                                                                                           
    2.8e-06   28.4   1.1    7.6e-06   27.1   0.2    2.3  1  sid|6127|pid|4164|hfid|316|sfid|19|gi|594633991|taxonID|310752|Balaenopteraacutorostratascammoni                                                                                                      
    3.4e-06   28.2   0.5    3.4e-06   28.2   0.5    3.0  1  sid|6211|pid|4227|hfid|316|sfid|19|gb|ACM89456.1|gi|223452003|taxonID|8364|Xenopus(Silurana)tropicalis                                                                                                
    3.4e-06   28.2   0.4    1.1e-05   26.6   0.4    1.9  1  sid|6260|pid|4262|hfid|316|sfid|19|gb|AAT36641.1|gi|47607479|taxonID|7937|Anguillajaponica                                                                                                            
    3.5e-06   28.2   1.8    1.3e-05   26.4   1.8    2.0  1  sid|4933|pid|3315|hfid|1296|sfid|305|gb|ACN93795.1|gi|225548287|taxonID|36989|Reticulitermesflavipes                                                                                                  
    3.6e-06   28.1   1.5    9.9e-06   26.7   1.5    1.8  1  sid|101260|pid|76766|hfid|307|sfid|15|emb|CBL95272.1|gi|296315553|taxonID|6973|Blattellagermanica                                                                                                     
    3.6e-06   28.1   1.6    9.5e-06   26.8   0.5    2.3  1  sid|11738|pid|8484|hfid|1382|sfid|393|gb|AFI45012.1|gi|385199928|taxonID|77166|Dendroctonusponderosae                                                                                                 
    3.9e-06   28.0   2.8    4.2e-06   27.9   0.3    2.4  1  sid|6182|pid|4206|hfid|316|sfid|19|gi|532061479|taxonID|43179|Ictidomystridecemlineatus                                                                                                               
      4e-06   28.0   2.3    4.5e-06   27.8   0.3    2.2  1  sid|6161|pid|4190|hfid|316|sfid|19|gi|524930819|taxonID|10036|Mesocricetusauratus                                                                                                                     
    4.2e-06   27.9   0.3    1.7e-05   26.1   0.3    2.1  1  sid|6123|pid|4160|hfid|316|sfid|19|gi|505836509|taxonID|42254|Sorexaraneus                                                                                                                            
    4.2e-06   27.9   5.5      0.047   15.3   0.5    2.6  2  sid|11708|pid|8456|hfid|1370|sfid|347|gb|AFI45010.1|gi|385199924|gb|ERL92317.1|gi|546682375|taxonID|77166|Dendroctonusponderosae                                                                      
    4.8e-06   27.7   0.3    1.9e-05   25.9   0.3    2.1  1  sid|6203|pid|4222|hfid|316|sfid|19|gi|640825238|taxonID|9478|Tarsiussyrichta                                                                                                                          
    5.4e-06   27.6   0.0    1.9e-05   25.9   0.0    2.0  1  sid|97167|pid|73113|hfid|1388|sfid|413|gb|AGT57838.1|gi|531445092|taxonID|7539|Leptinotarsadecemlineata                                                                                               
    5.4e-06   27.6   0.1    1.5e-05   26.2   0.1    1.8  1  sid|80163|pid|58679|hfid|354|sfid|35|emb|CAP30519.2|gi|309360844|taxonID|6238|Caenorhabditisbriggsae                                                                                                  
    5.9e-06   27.4   1.2    4.6e-05   24.7   0.3    2.6  1  sid|6143|pid|4175|hfid|316|sfid|19|gi|602630672|taxonID|176946|Pythonbivittatus                                                                                                                       
      6e-06   27.4   0.5      6e-06   27.4   0.5    2.9  1  sid|6089|pid|4144|hfid|316|sfid|19|dbj|BAA90529.1|gi|6899814|taxonID|8355|Xenopuslaevis                                                                                                               
      6e-06   27.4   0.5      6e-06   27.4   0.5    2.9  1  sid|6090|pid|4144|hfid|316|sfid|19|gi|148222838|taxonID|8355|Xenopuslaevis                                                                                                                            
    6.3e-06   27.3   0.5    6.3e-06   27.3   0.5    2.6  1  sid|11739|pid|8484|hfid|1382|sfid|393|gb|ERL91318.1|gi|546681183|taxonID|77166|Dendroctonusponderosae                                                                                                 
    6.5e-06   27.3   0.5    2.9e-05   25.3   0.3    2.2  1  sid|6151|pid|4182|hfid|316|sfid|19|dbj|BAE20061.1|gi|73760319|taxonID|481883|Eublepharismacularius                                                                                                    
    6.6e-06   27.3   5.5      0.063   15.0   0.5    2.7  2  sid|11709|pid|8457|hfid|1370|sfid|347|gb|ENN70690.1|gi|478250187|taxonID|77166|Dendroctonusponderosae                                                                                                 
    6.8e-06   27.2   0.4    6.8e-06   27.2   0.4    2.8  1  sid|6209|pid|4227|hfid|316|sfid|19|gi|148238050|taxonID|8364|Xenopus(Silurana)tropicalis                                                                                                              
    6.8e-06   27.2   0.4    6.8e-06   27.2   0.4    2.8  1  sid|6210|pid|4227|hfid|316|sfid|19|dbj|BAE93232.1|gi|91754114|taxonID|8364|Xenopus(Silurana)tropicalis                                                                                                
    7.1e-06   27.2   1.9    1.7e-05   26.0   0.3    2.6  1  sid|6184|pid|4208|hfid|316|sfid|19|sp|P22443.1|gi|117295|taxonID|10116|Rattusnorvegicus                                                                                                               
    7.6e-06   27.1   1.2    2.8e-05   25.4   0.4    2.4  1  sid|6298|pid|4291|hfid|316|sfid|19|gi|573881136|taxonID|7918|Lepisosteusoculatus                                                                                                                      
    7.7e-06   27.1   1.9    1.7e-05   26.0   0.3    2.6  1  sid|6185|pid|4208|hfid|316|sfid|19|gi|281182626|taxonID|10116|Rattusnorvegicus                                                                                                                        
    7.8e-06   27.1   0.3    2.5e-05   25.5   0.3    1.9  1  sid|6202|pid|4221|hfid|316|sfid|19|gb|AAP43633.1|gi|31415709|taxonID|9337|Trichosurusvulpecula                                                                                                        
    8.5e-06   26.9   1.5    2.9e-05   25.3   1.5    2.0  1  sid|4935|pid|3317|hfid|1296|sfid|305|gb|AAS13464.1|gi|42398143|taxonID|6984|Diplopterapunctata                                                                                                        
    9.1e-06   26.9   0.2    9.1e-06   26.9   0.2    2.5  1  sid|6201|pid|4220|hfid|316|sfid|19|gi|511868515|taxonID|9669|Mustelaputoriusfuro                                                                                                                      
    9.3e-06   26.8   0.5    9.3e-06   26.8   0.5    2.7  1  sid|6213|pid|4229|hfid|316|sfid|19|gb|AAM95462.1|gi|22475179|taxonID|8319|Pleurodeleswaltl                                                                                                            
    1.1e-05   26.5   0.1    1.1e-05   26.5   0.1    2.7  1  sid|6166|pid|4195|hfid|316|sfid|19|gi|507557568|taxonID|51337|Jaculusjaculus                                                                                                                          
    1.4e-05   26.2   2.8       0.11   14.2   0.3    2.7  2  sid|85278|pid|62969|hfid|225|sfid|6|gi|340723208|taxonID|30195|Bombusterrestris                                                                                                                       
    1.5e-05   26.1   1.2    3.9e-05   24.9   0.2    2.2  1  sid|6191|pid|4212|hfid|316|sfid|19|gi|602686705|taxonID|118797|Lipotesvexillifer                                                                                                                      
    1.7e-05   26.1   0.4    3.4e-05   25.1   0.4    1.5  1  sid|99405|pid|75068|hfid|1282|sfid|301|gb|AGN52764.1|gi|510813186|taxonID|195883|Laodelphaxstriatella                                                                                                 
    1.9e-05   25.9   0.4    1.9e-05   25.9   0.4    3.9  1  sid|6261|pid|4262|hfid|316|sfid|19|sp|Q6QHT9.1|gi|66773993|taxonID|7937|Anguillajaponica                                                                                                              
      2e-05   25.8   0.4    7.8e-05   24.0   0.4    2.1  1  sid|6111|pid|4149|hfid|316|sfid|19|gi|47523920|taxonID|9823|Susscrofa                                                                                                                                 
    2.4e-05   25.5   0.1      9e-05   23.8   0.1    2.0  1  sid|105378|pid|80480|hfid|354|sfid|35|gi|308496309|taxonID|31234|Caenorhabditisremanei                                                                                                                
    2.7e-05   25.4   0.3    2.7e-05   25.4   0.3    3.9  1  sid|6262|pid|4262|hfid|316|sfid|19|gb|AHM63732.1|gi|595583445|taxonID|7936|Anguillaanguilla                                                                                                           
    2.8e-05   25.3   0.4    6.7e-05   24.2   0.4    1.7  1  sid|11387|pid|8179|hfid|1281|sfid|301|gi|170046077|taxonID|7176|Culexquinquefasciatus                                                                                                                 
    2.8e-05   25.3   0.4    6.4e-05   24.2   0.4    1.6  1  sid|11380|pid|8173|hfid|1281|sfid|301|gi|158295296|taxonID|180454|Anophelesgambiaestr.PEST                                                                                                            
    2.9e-05   25.3   0.1    2.9e-05   25.3   0.1    1.9  1  sid|105379|pid|80481|hfid|354|sfid|35|gb|EGT42727.1|gi|341886792|taxonID|135651|Caenorhabditisbrenneri                                                                                                
    2.9e-05   25.3   0.4    6.5e-05   24.2   0.4    1.6  1  sid|11383|pid|8175|hfid|1281|sfid|301|gb|ETN65528.1|gi|568257189|taxonID|43151|Anophelesdarlingi                                                                                                      
    3.4e-05   25.1   0.4      9e-05   23.8   0.4    1.8  1  sid|11402|pid|8194|hfid|1281|sfid|301|gi|557755455|taxonID|7370|Muscadomestica                                                                                                                        
    3.4e-05   25.1   0.5    3.4e-05   25.1   0.5    2.7  1  sid|6126|pid|4163|hfid|316|sfid|19|dbj|BAD12119.1|gi|44886090|taxonID|8330|Cynopspyrrhogaster                                                                                                         
    3.7e-05   25.0   0.2    3.7e-05   25.0   0.2    2.6  1  sid|6122|pid|4159|hfid|316|sfid|19|gi|611969675|taxonID|13616|Monodelphisdomestica                                                                                                                    
    3.7e-05   25.0   0.4    8.4e-05   23.9   0.4    1.6  1  sid|11412|pid|8200|hfid|1281|sfid|301|gi|195455871|taxonID|7260|Drosophilawillistoni                                                                                                                  
    3.7e-05   25.0   0.3     0.0013   20.1   0.1    3.3  2  sid|6390|pid|4356|hfid|316|sfid|19|gb|ABD62880.1|gi|89152376|taxonID|8049|Gadusmorhua                                                                                                                 
    3.8e-05   24.9   0.1    3.8e-05   24.9   0.1    2.5  1  sid|6359|pid|4334|hfid|316|sfid|19|dbj|BAJ19136.1|gi|307548819|taxonID|75329|Misgurnusanguillicaudatus                                                                                                
    3.8e-05   24.9   0.4    8.8e-05   23.8   0.4    1.6  1  sid|11394|pid|8186|hfid|1281|sfid|301|gb|EAT33149.2|gi|403183452|gi|157105917|taxonID|7159|Aedesaegypti                                                                                               
    3.8e-05   24.9   2.4       0.54   12.1   0.2    3.0  2  sid|91911|pid|68598|hfid|225|sfid|6|gi|350418750|taxonID|132113|Bombusimpatiens                                                                                                                       
    3.9e-05   24.9   0.4    8.5e-05   23.9   0.4    1.6  1  sid|11409|pid|8199|hfid|1281|sfid|301|gi|195582799|taxonID|7240|Drosophilasimulans                                                                                                                    
    3.9e-05   24.9   0.2    3.9e-05   24.9   0.2    2.8  1  sid|6183|pid|4207|hfid|316|sfid|19|gi|395503248|taxonID|9305|Sarcophilusharrisii                                                                                                                      
    3.9e-05   24.9   0.4    8.5e-05   23.9   0.4    1.6  1  sid|11389|pid|8181|hfid|1281|sfid|301|gi|195485293|taxonID|7245|Drosophilayakuba                                                                                                                      
      4e-05   24.9   0.4    8.5e-05   23.9   0.4    1.6  1  sid|11411|pid|8199|hfid|1281|sfid|301|gi|195333812|taxonID|7238|Drosophilasechellia                                                                                                                   
      4e-05   24.9   0.4    8.5e-05   23.9   0.4    1.6  1  sid|11410|pid|8199|hfid|1281|sfid|301|gi|19922108|taxonID|7227|Drosophilamelanogaster                                                                                                                 
      4e-05   24.9   0.4    8.5e-05   23.9   0.4    1.6  1  sid|11408|pid|8198|hfid|1281|sfid|301|gi|194883602|taxonID|7220|Drosophilaerecta                                                                                                                      
      4e-05   24.8   0.4    8.6e-05   23.8   0.4    1.6  1  sid|11419|pid|8206|hfid|1281|sfid|301|gi|125810259|taxonID|46245|Drosophilapseudoobscurapseudoobscura                                                                                                 
    4.1e-05   24.8   0.4    8.6e-05   23.8   0.4    1.6  1  sid|11418|pid|8206|hfid|1281|sfid|301|gi|195175401|taxonID|7234|Drosophilapersimilis                                                                                                                  
    4.1e-05   24.8   0.4    8.7e-05   23.8   0.4    1.6  1  sid|11401|pid|8193|hfid|1281|sfid|301|gi|194756494|taxonID|7217|Drosophilaananassae                                                                                                                   
    4.1e-05   24.8   1.7      0.085   14.5   0.1    2.7  2  sid|61575|pid|43624|hfid|596|sfid|76|gi|357506985|taxonID|3880|Medicagotruncatula                                                                                                                     
    4.3e-05   24.8   1.3    0.00019   22.8   0.5    2.4  1  sid|6193|pid|4214|hfid|316|sfid|19|gi|564730659|taxonID|8496|Alligatormississippiensis                                                                                                                
    5.2e-05   24.5   0.2    0.00023   22.5   0.2    2.1  1  sid|6362|pid|4337|hfid|316|sfid|19|gb|ACM51147.1|gi|222433606|taxonID|8153|Haplochromisburtoni                                                                                                        
    5.6e-05   24.4   0.6    0.00021   22.7   0.6    2.0  1  sid|6134|pid|4169|hfid|316|sfid|19|gi|326926613|taxonID|9103|Meleagrisgallopavo                                                                                                                       
    5.8e-05   24.4   1.8    0.00011   23.6   0.2    2.4  1  sid|6147|pid|4179|hfid|316|sfid|19|gb|AAC04699.1|gi|2921280|taxonID|9796|Equuscaballus                                                                                                                
    6.3e-05   24.3   0.3    0.00017   22.9   0.3    1.8  1  sid|6218|pid|4233|hfid|316|sfid|19|gb|EMP29127.1|gi|465960938|taxonID|8469|Cheloniamydas                                                                                                              
    6.6e-05   24.2   0.1     0.0003   22.1   0.1    2.2  1  sid|11815|pid|8536|hfid|360|sfid|39|gi|530382130|taxonID|9606|Homosapiens                                                                                                                             
    6.8e-05   24.2   0.1    0.00033   22.0   0.1    2.2  1  sid|11756|pid|8495|hfid|360|sfid|39|gi|525313655|taxonID|9606|Homosapiens                                                                                                                             
    6.8e-05   24.2   0.1    0.00033   22.0   0.1    2.2  1  sid|11757|pid|8495|hfid|360|sfid|39|dbj|BAH13522.1|gi|221043690|taxonID|9606|Homosapiens                                                                                                              
    6.9e-05   24.1   0.1    0.00035   21.9   0.1    2.3  1  sid|11814|pid|8536|hfid|360|sfid|39|gi|32313587|taxonID|9606|Homosapiens                                                                                                                              
      7e-05   24.1   4.6       0.19   13.5   0.4    2.7  2  sid|10880|pid|7754|hfid|31|sfid|2|gb|EPY78829.1|gi|528759170|taxonID|419612|Camelusferus                                                                                                              
      7e-05   24.1   0.1    0.00033   22.0   0.1    2.2  1  sid|11753|pid|8495|hfid|360|sfid|39|gi|397526685|taxonID|9597|Panpaniscus                                                                                                                             
    7.2e-05   24.1   0.1    0.00033   22.0   0.1    2.2  1  sid|11754|pid|8495|hfid|360|sfid|39|gi|332824336|taxonID|9598|Pantroglodytes                                                                                                                          
    7.2e-05   24.1   0.1    0.00035   21.9   0.1    2.2  1  sid|11759|pid|8497|hfid|360|sfid|39|gi|397526683|taxonID|9597|Panpaniscus                                                                                                                             
    7.3e-05   24.1   0.2    7.3e-05   24.1   0.2    2.5  1  sid|6374|pid|4347|hfid|316|sfid|19|gb|AGN52746.1|gi|510813086|taxonID|111304|Acipenserschrenckii                                                                                                      
    7.3e-05   24.0   0.1    0.00035   21.9   0.1    2.2  1  sid|11812|pid|8536|hfid|360|sfid|39|gb|AAF63329.1|gi|7533024|taxonID|9606|Homosapiens                                                                                                                 
    7.3e-05   24.0   0.1    0.00035   21.9   0.1    2.2  1  sid|11817|pid|8536|hfid|360|sfid|39|gi|114607654|taxonID|9598|Pantroglodytes                                                                                                                          
    7.4e-05   24.0   0.1    0.00033   22.0   0.1    2.2  1  sid|11795|pid|8520|hfid|360|sfid|39|gi|635094648|taxonID|60711|Chlorocebussabaeus                                                                                                                     
    7.5e-05   24.0   0.1    0.00035   21.9   0.1    2.2  1  sid|11764|pid|8500|hfid|360|sfid|39|gi|635094646|taxonID|60711|Chlorocebussabaeus                                                                                                                     
    7.6e-05   24.0   0.3    0.00022   22.6   0.3    1.8  1  sid|6172|pid|4200|hfid|316|sfid|19|gi|641773599|taxonID|8478|Chrysemyspictabellii                                                                                                                     
    7.8e-05   24.0   0.1    0.00033   22.0   0.1    2.1  1  sid|11755|pid|8495|hfid|360|sfid|39|gi|332210329|taxonID|61853|Nomascusleucogenys                                                                                                                     
    7.8e-05   24.0   0.1    0.00035   21.9   0.1    2.2  1  sid|11769|pid|8500|hfid|360|sfid|39|gb|EHH18391.1|gi|355561759|taxonID|9544|Macacamulatta                                                                                                             
    7.9e-05   23.9   0.1    0.00035   21.9   0.1    2.2  1  sid|11760|pid|8497|hfid|360|sfid|39|gi|332210327|taxonID|61853|Nomascusleucogenys                                                                                                                     
      8e-05   23.9   0.1    0.00036   21.9   0.1    2.2  1  sid|11768|pid|8500|hfid|360|sfid|39|gi|402867166|gi|402867168|taxonID|9555|Papioanubis                                                                                                                
    8.2e-05   23.9   0.1    0.00035   21.9   0.1    2.1  1  sid|11767|pid|8500|hfid|360|sfid|39|gi|109071395|gi|302564277|taxonID|9544|Macacamulatta                                                                                                              
    8.2e-05   23.9   0.1    0.00035   21.9   0.1    2.1  1  sid|11766|pid|8500|hfid|360|sfid|39|dbj|BAE73077.1|gi|84579287|taxonID|9541|Macacafascicularis                                                                                                        
    8.4e-05   23.9   1.5    0.00019   22.8   0.2    2.4  1  sid|6148|pid|4179|hfid|316|sfid|19|gi|126352438|taxonID|9796|Equuscaballus|gi|664710193|taxonID|9798|Equusprzewalskii                                                                                 
    8.8e-05   23.8   0.1    0.00035   21.9   0.1    2.1  1  sid|11750|pid|8492|hfid|360|sfid|39|gi|426353406|taxonID|9595|Gorillagorillagorilla                                                                                                                   
    9.7e-05   23.7   0.2    0.00023   22.5   0.2    1.6  1  sid|88683|pid|65849|hfid|373|sfid|49|gi|282721120|taxonID|7070|Triboliumcastaneum                                                                                                                     


Domain annotation for each sequence (and alignments):
>> sid|75248|pid|54607|hfid|349|sfid|33|gi|308460667|taxonID|31234|Caenorhabditisremanei  
   #    score  bias  c-Evalue  i-Evalue hmmfrom  hmm to    alifrom  ali to    envfrom  env to     acc
 ---   ------ ----- --------- --------- ------- -------    ------- -------    ------- -------    ----
   1 !   17.6   0.4   2.7e-05    0.0085       4      32 ..     292     319 ..     289     320 .. 0.81
   2 !   17.6   0.4   2.7e-05    0.0085       4      32 ..     605     632 ..     602     633 .. 0.81

  Alignments for each domain:
  == domain 1  score: 17.6 bits;  conditional E-value: 2.7e-05
                                                                     Round3_FinalIHelix   4 aeglalllfiagletisnsllsslLfyll 32 
                                                                                            ++ +++ l+ ag et+sn+l+ slL+ ll
  sid|75248|pid|54607|hfid|349|sfid|33|gi|308460667|taxonID|31234|Caenorhabditisremanei 292 DSVCFD-LWVAGMETTSNTLYWSLLYVLL 319
                                                                                            466755.5*************99999886 PP

  == domain 2  score: 17.6 bits;  conditional E-value: 2.7e-05
                                                                     Round3_FinalIHelix   4 aeglalllfiagletisnsllsslLfyll 32 
                                                                                            ++ +++ l+ ag et+sn+l+ slL+ ll
  sid|75248|pid|54607|hfid|349|sfid|33|gi|308460667|taxonID|31234|Caenorhabditisremanei 605 DSVCFD-LWVAGMETTSNTLYWSLLYVLL 632
                                                                                            466755.5*************99999886 PP

>> sid|6214|pid|4230|hfid|316|sfid|19|gb|AAH56258.1|gi|33604018|taxonID|9606|Homosapiens  
   #    score  bias  c-Evalue  i-Evalue hmmfrom  hmm to    alifrom  ali to    envfrom  env to     acc
 ---   ------ ----- --------- --------- ------- -------    ------- -------    ------- -------    ----
   1 !   31.4   0.2     1e-09   3.1e-07       2      32 ..     294     323 ..     293     324 .. 0.92

  Alignments for each domain:
  == domain 1  score: 31.4 bits;  conditional E-value: 1e-09
                                                                     Round3_FinalIHelix   2 keaeglalllfiagletisnsllsslLfyll 32 
                                                                                            +++++++l+++ia+++t+s+sl +++Lf ++
  sid|6214|pid|4230|hfid|316|sfid|19|gb|AAH56258.1|gi|33604018|taxonID|9606|Homosapiens 294 ENVNQCILEMLIAAPDTMSVSL-FFMLFLIA 323
                                                                                            789*******************.6****987 PP

>> sid|6215|pid|4230|hfid|316|sfid|19|gb|AAH20767.1|gi|116283623|taxonID|9606|Homosapiens  
   #    score  bias  c-Evalue  i-Evalue hmmfrom  hmm to    alifrom  ali to    envfrom  env to     acc
 ---   ------ ----- --------- --------- ------- -------    ------- -------    ------- -------    ----
   1 !   31.4   0.2     1e-09   3.1e-07       2      32 ..     294     323 ..     293     324 .. 0.92

  Alignments for each domain:
  == domain 1  score: 31.4 bits;  conditional E-value: 1e-09
                                                                      Round3_FinalIHelix   2 keaeglalllfiagletisnsllsslLfyll 32 
                                                                                             +++++++l+++ia+++t+s+sl +++Lf ++
  sid|6215|pid|4230|hfid|316|sfid|19|gb|AAH20767.1|gi|116283623|taxonID|9606|Homosapiens 294 ENVNQCILEMLIAAPDTMSVSL-FFMLFLIA 323
                                                                                             789*******************.6****987 PP

>> sid|6197|pid|4216|hfid|316|sfid|19|gi|532007179|taxonID|79684|Microtusochrogaster  
   #    score  bias  c-Evalue  i-Evalue hmmfrom  hmm to    alifrom  ali to    envfrom  env to     acc
 ---   ------ ----- --------- --------- ------- -------    ------- -------    ------- -------    ----
   1 ?    1.2   0.0       5.5   1.7e+03      11      30 ..      87     105 ..      85     108 .. 0.87
   2 !   28.6   0.3   8.2e-09   2.6e-06       2      30 ..     294     322 ..     292     324 .. 0.84

  Alignments for each domain:
  == domain 1  score: 1.2 bits;  conditional E-value: 5.5
                                                                 Round3_FinalIHelix  11 lfiagletisnsllsslLfy 30 
                                                                                        ++i g et + s+ ss++f 
  sid|6197|pid|4216|hfid|316|sfid|19|gi|532007179|taxonID|79684|Microtusochrogaster  87 VWISGEETLVISK-SSVIFH 105
                                                                                        588999*******.9**995 PP

  == domain 2  score: 28.6 bits;  conditional E-value: 8.2e-09
                                                                 Round3_FinalIHelix   2 keaeglalllfiagletisnsllsslLfy 30 
                                                                                        +++++++l+++ia+++t+s++l+++lL++
  sid|6197|pid|4216|hfid|316|sfid|19|gi|532007179|taxonID|79684|Microtusochrogaster 294 ENVNQCILEMLIAAPDTMSVTLYFMLLLI 322
                                                                                        577*******************9666654 PP

>> sid|6163|pid|4192|hfid|316|sfid|19|gi|635135801|taxonID|60711|Chlorocebussabaeus  
   #    score  bias  c-Evalue  i-Evalue hmmfrom  hmm to    alifrom  ali to    envfrom  env to     acc
 ---   ------ ----- --------- --------- ------- -------    ------- -------    ------- -------    ----
   1 !   31.2   0.2   1.2e-09   3.7e-07       2      32 ..     199     228 ..     198     229 .. 0.92

  Alignments for each domain:
  == domain 1  score: 31.2 bits;  conditional E-value: 1.2e-09
                                                                Round3_FinalIHelix   2 keaeglalllfiagletisnsllsslLfyll 32 
                                                                                       +++++++l+++ia+++t+s+sl +++Lf ++
  sid|6163|pid|4192|hfid|316|sfid|19|gi|635135801|taxonID|60711|Chlorocebussabaeus 199 ENVNQCILEMLIAAPDTMSVSL-FFMLFLIA 228
                                                                                       789*******************.6****987 PP

>> sid|6103|pid|4145|hfid|316|sfid|19|gi|567315997|taxonID|9541|Macacafascicularis  
   #    score  bias  c-Evalue  i-Evalue hmmfrom  hmm to    alifrom  ali to    envfrom  env to     acc
 ---   ------ ----- --------- --------- ------- -------    ------- -------    ------- -------    ----
   1 !   30.8   0.2   1.5e-09   4.9e-07       2      32 ..     294     323 ..     293     324 .. 0.92

  Alignments for each domain:
  == domain 1  score: 30.8 bits;  conditional E-value: 1.5e-09
                                                               Round3_FinalIHelix   2 keaeglalllfiagletisnsllsslLfyll 32 
                                                                                      +++++++l+++ia+++t+s+sl +++Lf ++
  sid|6103|pid|4145|hfid|316|sfid|19|gi|567315997|taxonID|9541|Macacafascicularis 294 ENVNQCILEMLIAAPDTMSVSL-FFMLFLIA 323
                                                                                      789*******************.6****987 PP

>> sid|6096|pid|4145|hfid|316|sfid|19|emb|CAL38062.1|gi|117645192|taxonID|32630|syntheticconstruct  
   #    score  bias  c-Evalue  i-Evalue hmmfrom  hmm to    alifrom  ali to    envfrom  env to     acc
 ---   ------ ----- --------- --------- ------- -------    ------- -------    ------- -------    ----
   1 !   30.8   0.2   1.5e-09   4.9e-07       2      32 ..     294     323 ..     293     324 .. 0.92

  Alignments for each domain:
  == domain 1  score: 30.8 bits;  conditional E-value: 1.5e-09
                                                                               Round3_FinalIHelix   2 keaeglalllfiagletisnsllsslLfyll 32 
                                                                                                      +++++++l+++ia+++t+s+sl +++Lf ++
  sid|6096|pid|4145|hfid|316|sfid|19|emb|CAL38062.1|gi|117645192|taxonID|32630|syntheticconstruct 294 ENVNQCILEMLIAAPDTMSVSL-FFMLFLIA 323
                                                                                                      789*******************.6****987 PP

>> sid|6204|pid|4223|hfid|316|sfid|19|gi|530405451|taxonID|9606|Homosapiens  
   #    score  bias  c-Evalue  i-Evalue hmmfrom  hmm to    alifrom  ali to    envfrom  env to     acc
 ---   ------ ----- --------- --------- ------- -------    ------- -------    ------- -------    ----
   1 !   31.0   0.2   1.3e-09   4.1e-07       2      32 ..     235     264 ..     234     265 .. 0.92

  Alignments for each domain:
  == domain 1  score: 31.0 bits;  conditional E-value: 1.3e-09
                                                        Round3_FinalIHelix   2 keaeglalllfiagletisnsllsslLfyll 32 
                                                                               +++++++l+++ia+++t+s+sl +++Lf ++
  sid|6204|pid|4223|hfid|316|sfid|19|gi|530405451|taxonID|9606|Homosapiens 235 ENVNQCILEMLIAAPDTMSVSL-FFMLFLIA 264
                                                                               789*******************.6****987 PP

>> sid|6188|pid|4210|hfid|316|sfid|19|gi|507674554|taxonID|9371|Echinopstelfairi  
   #    score  bias  c-Evalue  i-Evalue hmmfrom  hmm to    alifrom  ali to    envfrom  env to     acc
 ---   ------ ----- --------- --------- ------- -------    ------- -------    ------- -------    ----
   1 !   29.4   0.2   4.4e-09   1.4e-06       2      32 ..     294     323 ..     292     324 .. 0.91

  Alignments for each domain:
  == domain 1  score: 29.4 bits;  conditional E-value: 4.4e-09
                                                             Round3_FinalIHelix   2 keaeglalllfiagletisnsllsslLfyll 32 
                                                                                    +++++++l+++ia+++t+s+s+ +++Lf ++
  sid|6188|pid|4210|hfid|316|sfid|19|gi|507674554|taxonID|9371|Echinopstelfairi 294 ENVNQCILEMLIAAPDTMSVSV-FFMLFLIA 323
                                                                                    577*******************.6****987 PP

>> sid|6100|pid|4145|hfid|316|sfid|19|gi|114657064|taxonID|9598|Pantroglodytes  
   #    score  bias  c-Evalue  i-Evalue hmmfrom  hmm to    alifrom  ali to    envfrom  env to     acc
 ---   ------ ----- --------- --------- ------- -------    ------- -------    ------- -------    ----
   1 !   30.8   0.2   1.5e-09   4.9e-07       2      32 ..     294     323 ..     293     324 .. 0.92

  Alignments for each domain:
  == domain 1  score: 30.8 bits;  conditional E-value: 1.5e-09
                                                           Round3_FinalIHelix   2 keaeglalllfiagletisnsllsslLfyll 32 
                                                                                  +++++++l+++ia+++t+s+sl +++Lf ++
  sid|6100|pid|4145|hfid|316|sfid|19|gi|114657064|taxonID|9598|Pantroglodytes 294 ENVNQCILEMLIAAPDTMSVSL-FFMLFLIA 323
                                                                                  789*******************.6****987 PP

>> sid|6094|pid|4145|hfid|316|sfid|19|gb|AAZ23558.1|gi|71084088|taxonID|9606|Homosapiens  
   #    score  bias  c-Evalue  i-Evalue hmmfrom  hmm to    alifrom  ali to    envfrom  env to     acc
 ---   ------ ----- --------- --------- ------- -------    ------- -------    ------- -------    ----
   1 !   30.8   0.2   1.5e-09   4.9e-07       2      32 ..     294     323 ..     293     324 .. 0.92

  Alignments for each domain:
  == domain 1  score: 30.8 bits;  conditional E-value: 1.5e-09
                                                                     Round3_FinalIHelix   2 keaeglalllfiagletisnsllsslLfyll 32 
                                                                                            +++++++l+++ia+++t+s+sl +++Lf ++
  sid|6094|pid|4145|hfid|316|sfid|19|gb|AAZ23558.1|gi|71084088|taxonID|9606|Homosapiens 294 ENVNQCILEMLIAAPDTMSVSL-FFMLFLIA 323
                                                                                            789*******************.6****987 PP

>> sid|6104|pid|4145|hfid|316|sfid|19|gb|AAH35959.1|gi|23271165|taxonID|9606|Homosapiens  
   #    score  bias  c-Evalue  i-Evalue hmmfrom  hmm to    alifrom  ali to    envfrom  env to     acc
 ---   ------ ----- --------- --------- ------- -------    ------- -------    ------- -------    ----
   1 !   30.8   0.2   1.5e-09   4.9e-07       2      32 ..     294     323 ..     293     324 .. 0.92

  Alignments for each domain:
  == domain 1  score: 30.8 bits;  conditional E-value: 1.5e-09
                                                                     Round3_FinalIHelix   2 keaeglalllfiagletisnsllsslLfyll 32 
                                                                                            +++++++l+++ia+++t+s+sl +++Lf ++
  sid|6104|pid|4145|hfid|316|sfid|19|gb|AAH35959.1|gi|23271165|taxonID|9606|Homosapiens 294 ENVNQCILEMLIAAPDTMSVSL-FFMLFLIA 323
                                                                                            789*******************.6****987 PP

>> sid|6105|pid|4145|hfid|316|sfid|19|emb|CAL37411.1|gi|117646592|taxonID|32630|syntheticconstruct  
   #    score  bias  c-Evalue  i-Evalue hmmfrom  hmm to    alifrom  ali to    envfrom  env to     acc
 ---   ------ ----- --------- --------- ------- -------    ------- -------    ------- -------    ----
   1 !   30.8   0.2   1.5e-09   4.9e-07       2      32 ..     294     323 ..     293     324 .. 0.92

  Alignments for each domain:
  == domain 1  score: 30.8 bits;  conditional E-value: 1.5e-09
                                                                               Round3_FinalIHelix   2 keaeglalllfiagletisnsllsslLfyll 32 
                                                                                                      +++++++l+++ia+++t+s+sl +++Lf ++
  sid|6105|pid|4145|hfid|316|sfid|19|emb|CAL37411.1|gi|117646592|taxonID|32630|syntheticconstruct 294 ENVNQCILEMLIAAPDTMSVSL-FFMLFLIA 323
                                                                                                      789*******************.6****987 PP

>> sid|6091|pid|4145|hfid|316|sfid|19|dbj|BAF84467.1|gi|158256988|taxonID|9606|Homosapiens  
   #    score  bias  c-Evalue  i-Evalue hmmfrom  hmm to    alifrom  ali to    envfrom  env to     acc
 ---   ------ ----- --------- --------- ------- -------    ------- -------    ------- -------    ----
   1 !   30.8   0.2   1.5e-09   4.9e-07       2      32 ..     294     323 ..     293     324 .. 0.92

  Alignments for each domain:
  == domain 1  score: 30.8 bits;  conditional E-value: 1.5e-09
                                                                       Round3_FinalIHelix   2 keaeglalllfiagletisnsllsslLfyll 32 
                                                                                              +++++++l+++ia+++t+s+sl +++Lf ++
  sid|6091|pid|4145|hfid|316|sfid|19|dbj|BAF84467.1|gi|158256988|taxonID|9606|Homosapiens 294 ENVNQCILEMLIAAPDTMSVSL-FFMLFLIA 323
                                                                                              789*******************.6****987 PP

>> sid|6098|pid|4145|hfid|316|sfid|19|gb|AAA52141.1|gi|181288|gb|AAA52132.1|gi|181213|taxonID|9606|Homosapiens  
   #    score  bias  c-Evalue  i-Evalue hmmfrom  hmm to    alifrom  ali to    envfrom  env to     acc
 ---   ------ ----- --------- --------- ------- -------    ------- -------    ------- -------    ----
   1 !   30.8   0.2   1.5e-09   4.9e-07       2      32 ..     294     323 ..     293     324 .. 0.92

  Alignments for each domain:
  == domain 1  score: 30.8 bits;  conditional E-value: 1.5e-09
                                                                                           Round3_FinalIHelix   2 keaeglalllfiagletisnsllsslLfyll 32 
                                                                                                                  +++++++l+++ia+++t+s+sl +++Lf ++
  sid|6098|pid|4145|hfid|316|sfid|19|gb|AAA52141.1|gi|181288|gb|AAA52132.1|gi|181213|taxonID|9606|Homosapiens 294 ENVNQCILEMLIAAPDTMSVSL-FFMLFLIA 323
                                                                                                                  789*******************.6****987 PP

>> sid|6093|pid|4145|hfid|316|sfid|19|gi|13904858|gi|404312987|gi|404312988|gi|218766731|gi|390136177|gi|390136176|pdb|4GL5(A)|pdb|4GL7(A)|pdb|3EQM(A)|pdb|3S7S(A)|pdb|3S79(A)|taxonID|9606|Homosapiens  
   #    score  bias  c-Evalue  i-Evalue hmmfrom  hmm to    alifrom  ali to    envfrom  env to     acc
 ---   ------ ----- --------- --------- ------- -------    ------- -------    ------- -------    ----
   1 !   30.8   0.2   1.5e-09   4.9e-07       2      32 ..     294     323 ..     293     324 .. 0.92

  Alignments for each domain:
  == domain 1  score: 30.8 bits;  conditional E-value: 1.5e-09
                                                                                                                                                                                    Round3_FinalIHelix   2 keaeglalllfiagletisnsllsslLfyll 32 
                                                                                                                                                                                                           +++++++l+++ia+++t+s+sl +++Lf ++
  sid|6093|pid|4145|hfid|316|sfid|19|gi|13904858|gi|404312987|gi|404312988|gi|218766731|gi|390136177|gi|390136176|pdb|4GL5(A)|pdb|4GL7(A)|pdb|3EQM(A)|pdb|3S7S(A)|pdb|3S79(A)|taxonID|9606|Homosapiens 294 ENVNQCILEMLIAAPDTMSVSL-FFMLFLIA 323
                                                                                                                                                                                                           789*******************.6****987 PP

>> sid|6099|pid|4145|hfid|316|sfid|19|gi|426379075|taxonID|9595|Gorillagorillagorilla  
   #    score  bias  c-Evalue  i-Evalue hmmfrom  hmm to    alifrom  ali to    envfrom  env to     acc
 ---   ------ ----- --------- --------- ------- -------    ------- -------    ------- -------    ----
   1 !   30.8   0.2   1.5e-09   4.9e-07       2      32 ..     294     323 ..     293     324 .. 0.92

  Alignments for each domain:
  == domain 1  score: 30.8 bits;  conditional E-value: 1.5e-09
                                                                  Round3_FinalIHelix   2 keaeglalllfiagletisnsllsslLfyll 32 
                                                                                         +++++++l+++ia+++t+s+sl +++Lf ++
  sid|6099|pid|4145|hfid|316|sfid|19|gi|426379075|taxonID|9595|Gorillagorillagorilla 294 ENVNQCILEMLIAAPDTMSVSL-FFMLFLIA 323
                                                                                         789*******************.6****987 PP

>> sid|6101|pid|4145|hfid|316|sfid|19|gb|ABB76809.1|gi|82468904|taxonID|9541|Macacafascicularis|gi|402874306|taxonID|9555|Papioanubis  
   #    score  bias  c-Evalue  i-Evalue hmmfrom  hmm to    alifrom  ali to    envfrom  env to     acc
 ---   ------ ----- --------- --------- ------- -------    ------- -------    ------- -------    ----
   1 !   30.8   0.2   1.5e-09   4.9e-07       2      32 ..     294     323 ..     293     324 .. 0.92

  Alignments for each domain:
  == domain 1  score: 30.8 bits;  conditional E-value: 1.5e-09
                                                                                                                  Round3_FinalIHelix   2 keaeglalllfiagletisnsllsslLfyll 32 
                                                                                                                                         +++++++l+++ia+++t+s+sl +++Lf ++
  sid|6101|pid|4145|hfid|316|sfid|19|gb|ABB76809.1|gi|82468904|taxonID|9541|Macacafascicularis|gi|402874306|taxonID|9555|Papioanubis 294 ENVNQCILEMLIAAPDTMSVSL-FFMLFLIA 323
                                                                                                                                         789*******************.6****987 PP

>> sid|6095|pid|4145|hfid|316|sfid|19|emb|CAA31929.1|gi|28847|taxonID|9606|Homosapiens  
   #    score  bias  c-Evalue  i-Evalue hmmfrom  hmm to    alifrom  ali to    envfrom  env to     acc
 ---   ------ ----- --------- --------- ------- -------    ------- -------    ------- -------    ----
   1 !   30.8   0.2   1.5e-09   4.9e-07       2      32 ..     294     323 ..     293     324 .. 0.92

  Alignments for each domain:
  == domain 1  score: 30.8 bits;  conditional E-value: 1.5e-09
                                                                   Round3_FinalIHelix   2 keaeglalllfiagletisnsllsslLfyll 32 
                                                                                          +++++++l+++ia+++t+s+sl +++Lf ++
  sid|6095|pid|4145|hfid|316|sfid|19|emb|CAA31929.1|gi|28847|taxonID|9606|Homosapiens 294 ENVNQCILEMLIAAPDTMSVSL-FFMLFLIA 323
                                                                                          789*******************.6****987 PP

>> sid|6092|pid|4145|hfid|316|sfid|19|gi|297696649|taxonID|9601|Pongoabelii  
   #    score  bias  c-Evalue  i-Evalue hmmfrom  hmm to    alifrom  ali to    envfrom  env to     acc
 ---   ------ ----- --------- --------- ------- -------    ------- -------    ------- -------    ----
   1 !   30.8   0.2   1.5e-09   4.9e-07       2      32 ..     294     323 ..     293     324 .. 0.92

  Alignments for each domain:
  == domain 1  score: 30.8 bits;  conditional E-value: 1.5e-09
                                                        Round3_FinalIHelix   2 keaeglalllfiagletisnsllsslLfyll 32 
                                                                               +++++++l+++ia+++t+s+sl +++Lf ++
  sid|6092|pid|4145|hfid|316|sfid|19|gi|297696649|taxonID|9601|Pongoabelii 294 ENVNQCILEMLIAAPDTMSVSL-FFMLFLIA 323
                                                                               789*******************.6****987 PP

>> sid|6097|pid|4145|hfid|316|sfid|19|gb|AAI07786.1|gi|78070747|taxonID|9606|Homosapiens  
   #    score  bias  c-Evalue  i-Evalue hmmfrom  hmm to    alifrom  ali to    envfrom  env to     acc
 ---   ------ ----- --------- --------- ------- -------    ------- -------    ------- -------    ----
   1 !   30.8   0.2   1.5e-09   4.9e-07       2      32 ..     294     323 ..     293     324 .. 0.92

  Alignments for each domain:
  == domain 1  score: 30.8 bits;  conditional E-value: 1.5e-09
                                                                     Round3_FinalIHelix   2 keaeglalllfiagletisnsllsslLfyll 32 
                                                                                            +++++++l+++ia+++t+s+sl +++Lf ++
  sid|6097|pid|4145|hfid|316|sfid|19|gb|AAI07786.1|gi|78070747|taxonID|9606|Homosapiens 294 ENVNQCILEMLIAAPDTMSVSL-FFMLFLIA 323
                                                                                            789*******************.6****987 PP

>> sid|6119|pid|4156|hfid|316|sfid|19|gi|578826655|gi|532137988|gb|AAA35556.1|gi|179000|pdb|4KQ8(A)|taxonID|9606|Homosapiens  
   #    score  bias  c-Evalue  i-Evalue hmmfrom  hmm to    alifrom  ali to    envfrom  env to     acc
 ---   ------ ----- --------- --------- ------- -------    ------- -------    ------- -------    ----
   1 !   30.9   0.2   1.4e-09   4.5e-07       2      32 ..     260     289 ..     259     290 .. 0.92

  Alignments for each domain:
  == domain 1  score: 30.9 bits;  conditional E-value: 1.4e-09
                                                                                                         Round3_FinalIHelix   2 keaeglalllfiagletisnsllsslLfyll 32 
                                                                                                                                +++++++l+++ia+++t+s+sl +++Lf ++
  sid|6119|pid|4156|hfid|316|sfid|19|gi|578826655|gi|532137988|gb|AAA35556.1|gi|179000|pdb|4KQ8(A)|taxonID|9606|Homosapiens 260 ENVNQCILEMLIAAPDTMSVSL-FFMLFLIA 289
                                                                                                                                789*******************.6****987 PP

>> sid|6179|pid|4204|hfid|316|sfid|19|gi|27805827|taxonID|9913|Bostaurus  
   #    score  bias  c-Evalue  i-Evalue hmmfrom  hmm to    alifrom  ali to    envfrom  env to     acc
 ---   ------ ----- --------- --------- ------- -------    ------- -------    ------- -------    ----
   1 !   29.5   0.2   4.1e-09   1.3e-06       2      32 ..     294     323 ..     293     324 .. 0.92

  Alignments for each domain:
  == domain 1  score: 29.5 bits;  conditional E-value: 4.1e-09
                                                     Round3_FinalIHelix   2 keaeglalllfiagletisnsllsslLfyll 32 
                                                                            +++++++l+++ia+++t+s+s+ +++Lf ++
  sid|6179|pid|4204|hfid|316|sfid|19|gi|27805827|taxonID|9913|Bostaurus 294 ENVNQCILEMLIAAPDTMSVSV-FFMLFLIA 323
                                                                            789*******************.6****987 PP

>> sid|6113|pid|4151|hfid|316|sfid|19|gi|507679185|taxonID|10160|Octodondegus  
   #    score  bias  c-Evalue  i-Evalue hmmfrom  hmm to    alifrom  ali to    envfrom  env to     acc
 ---   ------ ----- --------- --------- ------- -------    ------- -------    ------- -------    ----
   1 !   28.7   0.2   7.4e-09   2.3e-06       2      32 ..     294     323 ..     293     324 .. 0.92

  Alignments for each domain:
  == domain 1  score: 28.7 bits;  conditional E-value: 7.4e-09
                                                          Round3_FinalIHelix   2 keaeglalllfiagletisnsllsslLfyll 32 
                                                                                 +++++++l+++ia+++t+s+s++ ++Lf ++
  sid|6113|pid|4151|hfid|316|sfid|19|gi|507679185|taxonID|10160|Octodondegus 294 ENVNQCILEMLIAAPDTMSVSVY-FMLFLIA 323
                                                                                 789*******************9.99**987 PP

>> sid|6125|pid|4162|hfid|316|sfid|19|gi|348572276|taxonID|10141|Caviaporcellus  
   #    score  bias  c-Evalue  i-Evalue hmmfrom  hmm to    alifrom  ali to    envfrom  env to     acc
 ---   ------ ----- --------- --------- ------- -------    ------- -------    ------- -------    ----
   1 !   28.5   0.2   8.4e-09   2.6e-06       2      32 ..     294     323 ..     293     324 .. 0.92

  Alignments for each domain:
  == domain 1  score: 28.5 bits;  conditional E-value: 8.4e-09
                                                            Round3_FinalIHelix   2 keaeglalllfiagletisnsllsslLfyll 32 
                                                                                   +++++++l+++ia+++t+s++++ ++Lf ++
  sid|6125|pid|4162|hfid|316|sfid|19|gi|348572276|taxonID|10141|Caviaporcellus 294 ENVNQCILEMLIAAPDTMSVTVY-FMLFLIA 323
                                                                                   789*******************9.99**987 PP

>> sid|6160|pid|4189|hfid|316|sfid|19|gi|617641981|taxonID|9365|Erinaceuseuropaeus  
   #    score  bias  c-Evalue  i-Evalue hmmfrom  hmm to    alifrom  ali to    envfrom  env to     acc
 ---   ------ ----- --------- --------- ------- -------    ------- -------    ------- -------    ----
   1 !   30.7   0.2   1.7e-09   5.2e-07       2      32 ..     294     323 ..     292     324 .. 0.91

  Alignments for each domain:
  == domain 1  score: 30.7 bits;  conditional E-value: 1.7e-09
                                                               Round3_FinalIHelix   2 keaeglalllfiagletisnsllsslLfyll 32 
                                                                                      +++++++l+++ia+++t+s+sl +++Lf ++
  sid|6160|pid|4189|hfid|316|sfid|19|gi|617641981|taxonID|9365|Erinaceuseuropaeus 294 ENVNQCILEMLIAAPDTMSVSL-FFMLFLIA 323
                                                                                      577*******************.6****987 PP

>> sid|6107|pid|4147|hfid|316|sfid|19|gi|602686701|taxonID|118797|Lipotesvexillifer  
   #    score  bias  c-Evalue  i-Evalue hmmfrom  hmm to    alifrom  ali to    envfrom  env to     acc
 ---   ------ ----- --------- --------- ------- -------    ------- -------    ------- -------    ----
   1 !   29.5   0.2   4.1e-09   1.3e-06       2      32 ..     294     323 ..     293     324 .. 0.92

  Alignments for each domain:
  == domain 1  score: 29.5 bits;  conditional E-value: 4.1e-09
                                                                Round3_FinalIHelix   2 keaeglalllfiagletisnsllsslLfyll 32 
                                                                                       +++++++l+++ia+++t+s+s+ +++Lf ++
  sid|6107|pid|4147|hfid|316|sfid|19|gi|602686701|taxonID|118797|Lipotesvexillifer 294 ENVNQCILEMLIAAPDTMSVSV-FFMLFLIA 323
                                                                                       789*******************.6****987 PP

>> sid|6177|pid|4204|hfid|316|sfid|19|gb|AAA62244.1|gi|625061|taxonID|9913|Bostaurus  
   #    score  bias  c-Evalue  i-Evalue hmmfrom  hmm to    alifrom  ali to    envfrom  env to     acc
 ---   ------ ----- --------- --------- ------- -------    ------- -------    ------- -------    ----
   1 !   29.5   0.2   4.1e-09   1.3e-06       2      32 ..     294     323 ..     293     324 .. 0.92

  Alignments for each domain:
  == domain 1  score: 29.5 bits;  conditional E-value: 4.1e-09
                                                                 Round3_FinalIHelix   2 keaeglalllfiagletisnsllsslLfyll 32 
                                                                                        +++++++l+++ia+++t+s+s+ +++Lf ++
  sid|6177|pid|4204|hfid|316|sfid|19|gb|AAA62244.1|gi|625061|taxonID|9913|Bostaurus 294 ENVNQCILEMLIAAPDTMSVSV-FFMLFLIA 323
                                                                                        789*******************.6****987 PP

>> sid|6178|pid|4204|hfid|316|sfid|19|gi|555977142|taxonID|72004|Bosmutus  
   #    score  bias  c-Evalue  i-Evalue hmmfrom  hmm to    alifrom  ali to    envfrom  env to     acc
 ---   ------ ----- --------- --------- ------- -------    ------- -------    ------- -------    ----
   1 !   29.5   0.2   4.1e-09   1.3e-06       2      32 ..     294     323 ..     293     324 .. 0.92

  Alignments for each domain:
  == domain 1  score: 29.5 bits;  conditional E-value: 4.1e-09
                                                      Round3_FinalIHelix   2 keaeglalllfiagletisnsllsslLfyll 32 
                                                                             +++++++l+++ia+++t+s+s+ +++Lf ++
  sid|6178|pid|4204|hfid|316|sfid|19|gi|555977142|taxonID|72004|Bosmutus 294 ENVNQCILEMLIAAPDTMSVSV-FFMLFLIA 323
                                                                             789*******************.6****987 PP

>> sid|6180|pid|4204|hfid|316|sfid|19|gi|296483078|taxonID|9913|Bostaurus  
   #    score  bias  c-Evalue  i-Evalue hmmfrom  hmm to    alifrom  ali to    envfrom  env to     acc
 ---   ------ ----- --------- --------- ------- -------    ------- -------    ------- -------    ----
   1 !   29.5   0.2   4.1e-09   1.3e-06       2      32 ..     294     323 ..     293     324 .. 0.92

  Alignments for each domain:
  == domain 1  score: 29.5 bits;  conditional E-value: 4.1e-09
                                                      Round3_FinalIHelix   2 keaeglalllfiagletisnsllsslLfyll 32 
                                                                             +++++++l+++ia+++t+s+s+ +++Lf ++
  sid|6180|pid|4204|hfid|316|sfid|19|gi|296483078|taxonID|9913|Bostaurus 294 ENVNQCILEMLIAAPDTMSVSV-FFMLFLIA 323
                                                                             789*******************.6****987 PP

>> sid|6131|pid|4166|hfid|316|sfid|19|gi|595763331|taxonID|89462|Bubalusbubalis  
   #    score  bias  c-Evalue  i-Evalue hmmfrom  hmm to    alifrom  ali to    envfrom  env to     acc
 ---   ------ ----- --------- --------- ------- -------    ------- -------    ------- -------    ----
   1 !   29.5   0.2   4.1e-09   1.3e-06       2      32 ..     294     323 ..     293     324 .. 0.92

  Alignments for each domain:
  == domain 1  score: 29.5 bits;  conditional E-value: 4.1e-09
                                                            Round3_FinalIHelix   2 keaeglalllfiagletisnsllsslLfyll 32 
                                                                                   +++++++l+++ia+++t+s+s+ +++Lf ++
  sid|6131|pid|4166|hfid|316|sfid|19|gi|595763331|taxonID|89462|Bubalusbubalis 294 ENVNQCILEMLIAAPDTMSVSV-FFMLFLIA 323
                                                                                   789*******************.6****987 PP

>> sid|6110|pid|4148|hfid|316|sfid|19|gi|488541242|taxonID|9361|Dasypusnovemcinctus  
   #    score  bias  c-Evalue  i-Evalue hmmfrom  hmm to    alifrom  ali to    envfrom  env to     acc
 ---   ------ ----- --------- --------- ------- -------    ------- -------    ------- -------    ----
   1 !   29.6   0.2   3.8e-09   1.2e-06       2      32 ..     294     323 ..     292     324 .. 0.91

  Alignments for each domain:
  == domain 1  score: 29.6 bits;  conditional E-value: 3.8e-09
                                                                Round3_FinalIHelix   2 keaeglalllfiagletisnsllsslLfyll 32 
                                                                                       +++++++l+++ia+++t+s+s+ +++Lf ++
  sid|6110|pid|4148|hfid|316|sfid|19|gi|488541242|taxonID|9361|Dasypusnovemcinctus 294 ENVNQCILEMLIAAPDTMSVSV-FFMLFLIA 323
                                                                                       577*******************.6****987 PP

>> sid|6130|pid|4166|hfid|316|sfid|19|gb|ABD64825.2|gi|117582069|taxonID|89462|Bubalusbubalis  
   #    score  bias  c-Evalue  i-Evalue hmmfrom  hmm to    alifrom  ali to    envfrom  env to     acc
 ---   ------ ----- --------- --------- ------- -------    ------- -------    ------- -------    ----
   1 !   29.5   0.2   4.1e-09   1.3e-06       2      32 ..     294     323 ..     293     324 .. 0.92

  Alignments for each domain:
  == domain 1  score: 29.5 bits;  conditional E-value: 4.1e-09
                                                                          Round3_FinalIHelix   2 keaeglalllfiagletisnsllsslLfyll 32 
                                                                                                 +++++++l+++ia+++t+s+s+ +++Lf ++
  sid|6130|pid|4166|hfid|316|sfid|19|gb|ABD64825.2|gi|117582069|taxonID|89462|Bubalusbubalis 294 ENVNQCILEMLIAAPDTMSVSV-FFMLFLIA 323
                                                                                                 789*******************.6****987 PP

>> sid|6128|pid|4165|hfid|316|sfid|19|gb|AAB61696.1|gi|1762231|taxonID|9823|Susscrofa  
   #    score  bias  c-Evalue  i-Evalue hmmfrom  hmm to    alifrom  ali to    envfrom  env to     acc
 ---   ------ ----- --------- --------- ------- -------    ------- -------    ------- -------    ----
   1 !   29.8   0.2   3.2e-09   9.9e-07       2      32 ..     145     174 ..     143     175 .. 0.91

  Alignments for each domain:
  == domain 1  score: 29.8 bits;  conditional E-value: 3.2e-09
                                                                  Round3_FinalIHelix   2 keaeglalllfiagletisnsllsslLfyll 32 
                                                                                         +++++++l+++ia+++t+s+++ +++Lf ++
  sid|6128|pid|4165|hfid|316|sfid|19|gb|AAB61696.1|gi|1762231|taxonID|9823|Susscrofa 145 ENVNQCILEMLIAAPDTMSVTV-FFMLFLIA 174
                                                                                         577*******************.6****987 PP

>> sid|6199|pid|4218|hfid|316|sfid|19|gi|556769427|taxonID|59538|Pantholopshodgsonii  
   #    score  bias  c-Evalue  i-Evalue hmmfrom  hmm to    alifrom  ali to    envfrom  env to     acc
 ---   ------ ----- --------- --------- ------- -------    ------- -------    ------- -------    ----
   1 !   29.4   0.2   4.4e-09   1.4e-06       2      32 ..     294     323 ..     292     324 .. 0.91

  Alignments for each domain:
  == domain 1  score: 29.4 bits;  conditional E-value: 4.4e-09
                                                                 Round3_FinalIHelix   2 keaeglalllfiagletisnsllsslLfyll 32 
                                                                                        +++++++l+++ia+++t+s+s+ +++Lf ++
  sid|6199|pid|4218|hfid|316|sfid|19|gi|556769427|taxonID|59538|Pantholopshodgsonii 294 ENVNQCILEMLIAAPDTMSVSV-FFMLFLIA 323
                                                                                        577*******************.6****987 PP

>> sid|6129|pid|4166|hfid|316|sfid|19|gi|172088165|taxonID|9940|Ovisaries  
   #    score  bias  c-Evalue  i-Evalue hmmfrom  hmm to    alifrom  ali to    envfrom  env to     acc
 ---   ------ ----- --------- --------- ------- -------    ------- -------    ------- -------    ----
   1 !   29.4   0.2   4.4e-09   1.4e-06       2      32 ..     294     323 ..     292     324 .. 0.91

  Alignments for each domain:
  == domain 1  score: 29.4 bits;  conditional E-value: 4.4e-09
                                                      Round3_FinalIHelix   2 keaeglalllfiagletisnsllsslLfyll 32 
                                                                             +++++++l+++ia+++t+s+s+ +++Lf ++
  sid|6129|pid|4166|hfid|316|sfid|19|gi|172088165|taxonID|9940|Ovisaries 294 ENVNQCILEMLIAAPDTMSVSV-FFMLFLIA 323
                                                                             577*******************.6****987 PP

>> sid|6220|pid|4235|hfid|316|sfid|19|gb|EHB17936.1|gi|351715017|taxonID|10181|Heterocephalusglaber  
   #    score  bias  c-Evalue  i-Evalue hmmfrom  hmm to    alifrom  ali to    envfrom  env to     acc
 ---   ------ ----- --------- --------- ------- -------    ------- -------    ------- -------    ----
   1 !   29.4   0.2   4.4e-09   1.4e-06       2      32 ..     101     130 ..     100     131 .. 0.92

  Alignments for each domain:
  == domain 1  score: 29.4 bits;  conditional E-value: 4.4e-09
                                                                                Round3_FinalIHelix   2 keaeglalllfiagletisnsllsslLfyll 32 
                                                                                                       +++++++l+++ia+++t+s++++ ++Lf ++
  sid|6220|pid|4235|hfid|316|sfid|19|gb|EHB17936.1|gi|351715017|taxonID|10181|Heterocephalusglaber 101 ENVNQCILEMLIAAPDTMSVTVY-FMLFLIA 130
                                                                                                       789*******************9.99**987 PP

>> sid|6173|pid|4201|hfid|316|sfid|19|gb|AAC48731.1|gi|1762362|gi|47523916|taxonID|9823|Susscrofa  
   #    score  bias  c-Evalue  i-Evalue hmmfrom  hmm to    alifrom  ali to    envfrom  env to     acc
 ---   ------ ----- --------- --------- ------- -------    ------- -------    ------- -------    ----
   1 !   29.2   0.2     5e-09   1.6e-06       2      32 ..     294     323 ..     292     324 .. 0.91

  Alignments for each domain:
  == domain 1  score: 29.2 bits;  conditional E-value: 5e-09
                                                                              Round3_FinalIHelix   2 keaeglalllfiagletisnsllsslLfyll 32 
                                                                                                     +++++++l+++ia+++t+s+++ +++Lf ++
  sid|6173|pid|4201|hfid|316|sfid|19|gb|AAC48731.1|gi|1762362|gi|47523916|taxonID|9823|Susscrofa 294 ENVNQCILEMLIAAPDTMSVTV-FFMLFLIA 323
                                                                                                     577*******************.6****987 PP

>> sid|6136|pid|4170|hfid|316|sfid|19|gi|558112604|taxonID|59463|Myotislucifugus  
   #    score  bias  c-Evalue  i-Evalue hmmfrom  hmm to    alifrom  ali to    envfrom  env to     acc
 ---   ------ ----- --------- --------- ------- -------    ------- -------    ------- -------    ----
   1 !   28.9   0.2   6.3e-09     2e-06       2      32 ..     295     324 ..     294     325 .. 0.92

  Alignments for each domain:
  == domain 1  score: 28.9 bits;  conditional E-value: 6.3e-09
                                                             Round3_FinalIHelix   2 keaeglalllfiagletisnsllsslLfyll 32 
                                                                                    +++++++l+++ia+++t+s+s+ +++Lf ++
  sid|6136|pid|4170|hfid|316|sfid|19|gi|558112604|taxonID|59463|Myotislucifugus 295 ENVNQCILEMLIAAPDTMSVSV-FFMLFLIS 324
                                                                                    789*******************.6****986 PP

>> sid|6135|pid|4170|hfid|316|sfid|19|gi|554538646|taxonID|109478|Myotisbrandtii  
   #    score  bias  c-Evalue  i-Evalue hmmfrom  hmm to    alifrom  ali to    envfrom  env to     acc
 ---   ------ ----- --------- --------- ------- -------    ------- -------    ------- -------    ----
   1 !   28.9   0.2   6.3e-09     2e-06       2      32 ..     295     324 ..     294     325 .. 0.92

  Alignments for each domain:
  == domain 1  score: 28.9 bits;  conditional E-value: 6.3e-09
                                                             Round3_FinalIHelix   2 keaeglalllfiagletisnsllsslLfyll 32 
                                                                                    +++++++l+++ia+++t+s+s+ +++Lf ++
  sid|6135|pid|4170|hfid|316|sfid|19|gi|554538646|taxonID|109478|Myotisbrandtii 295 ENVNQCILEMLIAAPDTMSVSV-FFMLFLIS 324
                                                                                    789*******************.6****986 PP

>> sid|6108|pid|4147|hfid|316|sfid|19|sp|Q69FB6.1|gi|54035752|taxonID|90246|Lagenorhynchusacutus  
   #    score  bias  c-Evalue  i-Evalue hmmfrom  hmm to    alifrom  ali to    envfrom  env to     acc
 ---   ------ ----- --------- --------- ------- -------    ------- -------    ------- -------    ----
   1 !   29.0   0.1   5.8e-09   1.8e-06       2      32 ..     294     323 ..     292     324 .. 0.90

  Alignments for each domain:
  == domain 1  score: 29.0 bits;  conditional E-value: 5.8e-09
                                                                             Round3_FinalIHelix   2 keaeglalllfiagletisnsllsslLfyll 32 
                                                                                                    +++++++l+++ia+++t+s+s+ +++Lf ++
  sid|6108|pid|4147|hfid|316|sfid|19|sp|Q69FB6.1|gi|54035752|taxonID|90246|Lagenorhynchusacutus 294 ENVDQCILEMLIAAPDTMSVSV-FFMLFLIA 323
                                                                                                    577*******************.6****987 PP

>> sid|6146|pid|4178|hfid|316|sfid|19|gi|594633993|taxonID|310752|Balaenopteraacutorostratascammoni  
   #    score  bias  c-Evalue  i-Evalue hmmfrom  hmm to    alifrom  ali to    envfrom  env to     acc
 ---   ------ ----- --------- --------- ------- -------    ------- -------    ------- -------    ----
   1 !   29.5   0.2   4.1e-09   1.3e-06       2      32 ..     294     323 ..     293     324 .. 0.92

  Alignments for each domain:
  == domain 1  score: 29.5 bits;  conditional E-value: 4.1e-09
                                                                                Round3_FinalIHelix   2 keaeglalllfiagletisnsllsslLfyll 32 
                                                                                                       +++++++l+++ia+++t+s+s+ +++Lf ++
  sid|6146|pid|4178|hfid|316|sfid|19|gi|594633993|taxonID|310752|Balaenopteraacutorostratascammoni 294 ENVNQCILEMLIAAPDTMSVSV-FFMLFLIA 323
                                                                                                       789*******************.6****987 PP

>> sid|98551|pid|74295|hfid|316|sfid|19|gi|556996999|taxonID|7897|Latimeriachalumnae  
   #    score  bias  c-Evalue  i-Evalue hmmfrom  hmm to    alifrom  ali to    envfrom  env to     acc
 ---   ------ ----- --------- --------- ------- -------    ------- -------    ------- -------    ----
   1 ?    4.2   0.0      0.58   1.8e+02       7      23 ..       1      17 [.       1      21 [. 0.90
   2 !   24.1   0.2   2.2e-07   6.9e-05       2      32 ..     294     323 ..     293     324 .. 0.91

  Alignments for each domain:
  == domain 1  score: 4.2 bits;  conditional E-value: 0.58
                                                                 Round3_FinalIHelix  7 lalllfiagletisnsl 23
                                                                                       + +++f+ +++++sn++
  sid|98551|pid|74295|hfid|316|sfid|19|gi|556996999|taxonID|7897|Latimeriachalumnae  1 MMMDVFNPVQHNSSNVM 17
                                                                                       569************98 PP

  == domain 2  score: 24.1 bits;  conditional E-value: 2.2e-07
                                                                 Round3_FinalIHelix   2 keaeglalllfiagletisnsllsslLfyll 32 
                                                                                        +++ ++ l+++iag++t+s++l + +L+ ++
  sid|98551|pid|74295|hfid|316|sfid|19|gi|556996999|taxonID|7897|Latimeriachalumnae 294 ENVQQCLLEMLIAGPDTMSVTL-FYMLMLVA 323
                                                                                        7889******************.699*9886 PP

>> sid|6154|pid|4184|hfid|316|sfid|19|gi|593767741|taxonID|9755|Physetercatodon  
   #    score  bias  c-Evalue  i-Evalue hmmfrom  hmm to    alifrom  ali to    envfrom  env to     acc
 ---   ------ ----- --------- --------- ------- -------    ------- -------    ------- -------    ----
   1 !   29.5   0.2   4.1e-09   1.3e-06       2      32 ..     294     323 ..     293     324 .. 0.92

  Alignments for each domain:
  == domain 1  score: 29.5 bits;  conditional E-value: 4.1e-09
                                                            Round3_FinalIHelix   2 keaeglalllfiagletisnsllsslLfyll 32 
                                                                                   +++++++l+++ia+++t+s+s+ +++Lf ++
  sid|6154|pid|4184|hfid|316|sfid|19|gi|593767741|taxonID|9755|Physetercatodon 294 ENVNQCILEMLIAAPDTMSVSV-FFMLFLIA 323
                                                                                   789*******************.6****987 PP

>> sid|6087|pid|4142|hfid|316|sfid|19|gi|585191461|taxonID|9713|Leptonychotesweddellii  
   #    score  bias  c-Evalue  i-Evalue hmmfrom  hmm to    alifrom  ali to    envfrom  env to     acc
 ---   ------ ----- --------- --------- ------- -------    ------- -------    ------- -------    ----
   1 !   29.7   0.2   3.5e-09   1.1e-06       2      32 ..     235     264 ..     234     265 .. 0.92

  Alignments for each domain:
  == domain 1  score: 29.7 bits;  conditional E-value: 3.5e-09
                                                                   Round3_FinalIHelix   2 keaeglalllfiagletisnsllsslLfyll 32 
                                                                                          +++++++l+++ia+++t+s+s+ +++Lf ++
  sid|6087|pid|4142|hfid|316|sfid|19|gi|585191461|taxonID|9713|Leptonychotesweddellii 235 ENVNQCILEMLIAAPDTMSVSV-FFMLFLIA 264
                                                                                          789*******************.6****987 PP

>> sid|6109|pid|4147|hfid|316|sfid|19|gi|466065682|taxonID|9733|Orcinusorca  
   #    score  bias  c-Evalue  i-Evalue hmmfrom  hmm to    alifrom  ali to    envfrom  env to     acc
 ---   ------ ----- --------- --------- ------- -------    ------- -------    ------- -------    ----
   1 !   29.0   0.1   5.8e-09   1.8e-06       2      32 ..     294     323 ..     292     324 .. 0.90

  Alignments for each domain:
  == domain 1  score: 29.0 bits;  conditional E-value: 5.8e-09
                                                        Round3_FinalIHelix   2 keaeglalllfiagletisnsllsslLfyll 32 
                                                                               +++++++l+++ia+++t+s+s+ +++Lf ++
  sid|6109|pid|4147|hfid|316|sfid|19|gi|466065682|taxonID|9733|Orcinusorca 294 ENVDQCILEMLIAAPDTMSVSV-FFMLFLIA 323
                                                                               577*******************.6****987 PP

>> sid|6137|pid|4170|hfid|316|sfid|19|gi|584071514|taxonID|225400|Myotisdavidii  
   #    score  bias  c-Evalue  i-Evalue hmmfrom  hmm to    alifrom  ali to    envfrom  env to     acc
 ---   ------ ----- --------- --------- ------- -------    ------- -------    ------- -------    ----
   1 !   28.9   0.2   6.3e-09     2e-06       2      32 ..     295     324 ..     294     325 .. 0.92

  Alignments for each domain:
  == domain 1  score: 28.9 bits;  conditional E-value: 6.3e-09
                                                            Round3_FinalIHelix   2 keaeglalllfiagletisnsllsslLfyll 32 
                                                                                   +++++++l+++ia+++t+s+s+ +++Lf ++
  sid|6137|pid|4170|hfid|316|sfid|19|gi|584071514|taxonID|225400|Myotisdavidii 295 ENVNQCILEMLIAAPDTMSVSV-FFMLFLIS 324
                                                                                   789*******************.6****986 PP

>> sid|6114|pid|4152|hfid|316|sfid|19|gi|634832367|taxonID|1230840|Orycteropusaferafer  
   #    score  bias  c-Evalue  i-Evalue hmmfrom  hmm to    alifrom  ali to    envfrom  env to     acc
 ---   ------ ----- --------- --------- ------- -------    ------- -------    ------- -------    ----
   1 !   29.4   0.2   4.4e-09   1.4e-06       2      32 ..     294     323 ..     292     324 .. 0.91

  Alignments for each domain:
  == domain 1  score: 29.4 bits;  conditional E-value: 4.4e-09
                                                                   Round3_FinalIHelix   2 keaeglalllfiagletisnsllsslLfyll 32 
                                                                                          +++++++l+++ia+++t+s+s+ +++Lf ++
  sid|6114|pid|4152|hfid|316|sfid|19|gi|634832367|taxonID|1230840|Orycteropusaferafer 294 ENVNQCILEMLIAAPDTMSVSV-FFMLFLIA 323
                                                                                          577*******************.6****987 PP

>> sid|6142|pid|4174|hfid|316|sfid|19|gi|56790279|taxonID|9615|Canislupusfamiliaris  
   #    score  bias  c-Evalue  i-Evalue hmmfrom  hmm to    alifrom  ali to    envfrom  env to     acc
 ---   ------ ----- --------- --------- ------- -------    ------- -------    ------- -------    ----
   1 !   29.5   0.2   4.1e-09   1.3e-06       2      32 ..     294     323 ..     293     324 .. 0.92

  Alignments for each domain:
  == domain 1  score: 29.5 bits;  conditional E-value: 4.1e-09
                                                                Round3_FinalIHelix   2 keaeglalllfiagletisnsllsslLfyll 32 
                                                                                       +++++++l+++ia+++t+s+s+ +++Lf ++
  sid|6142|pid|4174|hfid|316|sfid|19|gi|56790279|taxonID|9615|Canislupusfamiliaris 294 ENVNQCILEMLIAAPDTMSVSV-FFMLFLIA 323
                                                                                       789*******************.6****987 PP

>> sid|6088|pid|4143|hfid|316|sfid|19|gi|472353902|taxonID|9708|Odobenusrosmarusdivergens  
   #    score  bias  c-Evalue  i-Evalue hmmfrom  hmm to    alifrom  ali to    envfrom  env to     acc
 ---   ------ ----- --------- --------- ------- -------    ------- -------    ------- -------    ----
   1 !   29.5   0.2   4.1e-09   1.3e-06       2      32 ..     294     323 ..     293     324 .. 0.92

  Alignments for each domain:
  == domain 1  score: 29.5 bits;  conditional E-value: 4.1e-09
                                                                      Round3_FinalIHelix   2 keaeglalllfiagletisnsllsslLfyll 32 
                                                                                             +++++++l+++ia+++t+s+s+ +++Lf ++
  sid|6088|pid|4143|hfid|316|sfid|19|gi|472353902|taxonID|9708|Odobenusrosmarusdivergens 294 ENVNQCILEMLIAAPDTMSVSV-FFMLFLIA 323
                                                                                             789*******************.6****987 PP

>> sid|6205|pid|4224|hfid|316|sfid|19|gb|ADU04379.1|gi|315307950|taxonID|191816|Lynxpardinus  
   #    score  bias  c-Evalue  i-Evalue hmmfrom  hmm to    alifrom  ali to    envfrom  env to     acc
 ---   ------ ----- --------- --------- ------- -------    ------- -------    ------- -------    ----
   1 !   29.6   0.2   3.8e-09   1.2e-06       2      32 ..     235     264 ..     233     265 .. 0.91

  Alignments for each domain:
  == domain 1  score: 29.6 bits;  conditional E-value: 3.8e-09
                                                                         Round3_FinalIHelix   2 keaeglalllfiagletisnsllsslLfyll 32 
                                                                                                +++++++l+++ia+++t+s+s+ +++Lf ++
  sid|6205|pid|4224|hfid|316|sfid|19|gb|ADU04379.1|gi|315307950|taxonID|191816|Lynxpardinus 235 ENVNQCILEMLIAAPDTMSVSV-FFMLFLIA 264
                                                                                                577*******************.6****987 PP

>> sid|6206|pid|4224|hfid|316|sfid|19|gi|586988968|taxonID|9685|Feliscatus  
   #    score  bias  c-Evalue  i-Evalue hmmfrom  hmm to    alifrom  ali to    envfrom  env to     acc
 ---   ------ ----- --------- --------- ------- -------    ------- -------    ------- -------    ----
   1 !   29.6   0.2   3.8e-09   1.2e-06       2      32 ..     235     264 ..     233     265 .. 0.91

  Alignments for each domain:
  == domain 1  score: 29.6 bits;  conditional E-value: 3.8e-09
                                                       Round3_FinalIHelix   2 keaeglalllfiagletisnsllsslLfyll 32 
                                                                              +++++++l+++ia+++t+s+s+ +++Lf ++
  sid|6206|pid|4224|hfid|316|sfid|19|gi|586988968|taxonID|9685|Feliscatus 235 ENVNQCILEMLIAAPDTMSVSV-FFMLFLIA 264
                                                                              577*******************.6****987 PP

>> sid|6157|pid|4186|hfid|316|sfid|19|gi|344297770|taxonID|9785|Loxodontaafricana  
   #    score  bias  c-Evalue  i-Evalue hmmfrom  hmm to    alifrom  ali to    envfrom  env to     acc
 ---   ------ ----- --------- --------- ------- -------    ------- -------    ------- -------    ----
   1 !   29.5   0.2   4.1e-09   1.3e-06       2      32 ..     294     323 ..     293     324 .. 0.92

  Alignments for each domain:
  == domain 1  score: 29.5 bits;  conditional E-value: 4.1e-09
                                                              Round3_FinalIHelix   2 keaeglalllfiagletisnsllsslLfyll 32 
                                                                                     +++++++l+++ia+++t+s+s+ +++Lf ++
  sid|6157|pid|4186|hfid|316|sfid|19|gi|344297770|taxonID|9785|Loxodontaafricana 294 ENVNQCILEMLIAAPDTMSVSV-FFMLFLIA 323
                                                                                     789*******************.6****987 PP

>> sid|6156|pid|4185|hfid|316|sfid|19|dbj|BAI44113.1|gi|260279072|taxonID|378754|Ursusthibetanusjaponicus  
   #    score  bias  c-Evalue  i-Evalue hmmfrom  hmm to    alifrom  ali to    envfrom  env to     acc
 ---   ------ ----- --------- --------- ------- -------    ------- -------    ------- -------    ----
   1 !   29.4   0.2   4.4e-09   1.4e-06       2      32 ..     294     323 ..     292     324 .. 0.91

  Alignments for each domain:
  == domain 1  score: 29.4 bits;  conditional E-value: 4.4e-09
                                                                                      Round3_FinalIHelix   2 keaeglalllfiagletisnsllsslLfyll 32 
                                                                                                             +++++++l+++ia+++t+s+s+ +++Lf ++
  sid|6156|pid|4185|hfid|316|sfid|19|dbj|BAI44113.1|gi|260279072|taxonID|378754|Ursusthibetanusjaponicus 294 ENVNQCILEMLIAAPDTMSVSV-FFMLFLIA 323
                                                                                                             577*******************.6****987 PP

>> sid|6155|pid|4185|hfid|316|sfid|19|gi|301770097|taxonID|9646|Ailuropodamelanoleuca  
   #    score  bias  c-Evalue  i-Evalue hmmfrom  hmm to    alifrom  ali to    envfrom  env to     acc
 ---   ------ ----- --------- --------- ------- -------    ------- -------    ------- -------    ----
   1 !   29.4   0.2   4.4e-09   1.4e-06       2      32 ..     294     323 ..     292     324 .. 0.91

  Alignments for each domain:
  == domain 1  score: 29.4 bits;  conditional E-value: 4.4e-09
                                                                  Round3_FinalIHelix   2 keaeglalllfiagletisnsllsslLfyll 32 
                                                                                         +++++++l+++ia+++t+s+s+ +++Lf ++
  sid|6155|pid|4185|hfid|316|sfid|19|gi|301770097|taxonID|9646|Ailuropodamelanoleuca 294 ENVNQCILEMLIAAPDTMSVSV-FFMLFLIA 323
                                                                                         577*******************.6****987 PP

>> sid|6124|pid|4161|hfid|316|sfid|19|gi|586447052|taxonID|185453|Chrysochlorisasiatica  
   #    score  bias  c-Evalue  i-Evalue hmmfrom  hmm to    alifrom  ali to    envfrom  env to     acc
 ---   ------ ----- --------- --------- ------- -------    ------- -------    ------- -------    ----
   1 !   29.2   0.1   5.2e-09   1.6e-06       2      32 ..     294     323 ..     292     324 .. 0.90

  Alignments for each domain:
  == domain 1  score: 29.2 bits;  conditional E-value: 5.2e-09
                                                                    Round3_FinalIHelix   2 keaeglalllfiagletisnsllsslLfyll 32 
                                                                                           +++++++l+++ia+++t+s+s+ +++L+ ++
  sid|6124|pid|4161|hfid|316|sfid|19|gi|586447052|taxonID|185453|Chrysochlorisasiatica 294 ENVNQCILEMLIAAPDTMSVSV-FFMLYLIA 323
                                                                                           577*******************.6****987 PP

>> sid|6145|pid|4177|hfid|316|sfid|19|gi|533122756|gi|533122760|gi|533122758|taxonID|34839|Chinchillalanigera  
   #    score  bias  c-Evalue  i-Evalue hmmfrom  hmm to    alifrom  ali to    envfrom  env to     acc
 ---   ------ ----- --------- --------- ------- -------    ------- -------    ------- -------    ----
   1 !   27.4   0.2   1.9e-08   6.1e-06       2      32 ..     421     450 ..     420     451 .. 0.92

  Alignments for each domain:
  == domain 1  score: 27.4 bits;  conditional E-value: 1.9e-08
                                                                                          Round3_FinalIHelix   2 keaeglalllfiagletisnsllsslLfyll 32 
                                                                                                                 +++++++l+++ia+++t+s++++ ++Lf ++
  sid|6145|pid|4177|hfid|316|sfid|19|gi|533122756|gi|533122760|gi|533122758|taxonID|34839|Chinchillalanigera 421 ENVNQCVLEMLIAAPDTMSVTVY-FMLFLIA 450
                                                                                                                 789*******************9.99**987 PP

>> sid|6194|pid|4215|hfid|316|sfid|19|gi|283135134|taxonID|9986|Oryctolaguscuniculus  
   #    score  bias  c-Evalue  i-Evalue hmmfrom  hmm to    alifrom  ali to    envfrom  env to     acc
 ---   ------ ----- --------- --------- ------- -------    ------- -------    ------- -------    ----
   1 !   28.7   0.2   7.2e-09   2.3e-06       2      32 ..     294     323 ..     293     324 .. 0.92

  Alignments for each domain:
  == domain 1  score: 28.7 bits;  conditional E-value: 7.2e-09
                                                                 Round3_FinalIHelix   2 keaeglalllfiagletisnsllsslLfyll 32 
                                                                                        +++++++l+++ia+++t+s+s+ +++Lf ++
  sid|6194|pid|4215|hfid|316|sfid|19|gi|283135134|taxonID|9986|Oryctolaguscuniculus 294 ENVNQCVLEMLIAAPDTMSVSV-FFMLFLIA 323
                                                                                        789*******************.6****987 PP

>> sid|6189|pid|4211|hfid|316|sfid|19|gb|ADU04378.1|gi|315307948|taxonID|191816|Lynxpardinus  
   #    score  bias  c-Evalue  i-Evalue hmmfrom  hmm to    alifrom  ali to    envfrom  env to     acc
 ---   ------ ----- --------- --------- ------- -------    ------- -------    ------- -------    ----
   1 !   29.4   0.2   4.4e-09   1.4e-06       2      32 ..     294     323 ..     292     324 .. 0.91

  Alignments for each domain:
  == domain 1  score: 29.4 bits;  conditional E-value: 4.4e-09
                                                                         Round3_FinalIHelix   2 keaeglalllfiagletisnsllsslLfyll 32 
                                                                                                +++++++l+++ia+++t+s+s+ +++Lf ++
  sid|6189|pid|4211|hfid|316|sfid|19|gb|ADU04378.1|gi|315307948|taxonID|191816|Lynxpardinus 294 ENVNQCILEMLIAAPDTMSVSV-FFMLFLIA 323
                                                                                                577*******************.6****987 PP

>> sid|6190|pid|4211|hfid|316|sfid|19|gi|586988966|taxonID|9685|Feliscatus  
   #    score  bias  c-Evalue  i-Evalue hmmfrom  hmm to    alifrom  ali to    envfrom  env to     acc
 ---   ------ ----- --------- --------- ------- -------    ------- -------    ------- -------    ----
   1 !   29.4   0.2   4.5e-09   1.4e-06       2      32 ..     294     323 ..     292     324 .. 0.91

  Alignments for each domain:
  == domain 1  score: 29.4 bits;  conditional E-value: 4.5e-09
                                                       Round3_FinalIHelix   2 keaeglalllfiagletisnsllsslLfyll 32 
                                                                              +++++++l+++ia+++t+s+s+ +++Lf ++
  sid|6190|pid|4211|hfid|316|sfid|19|gi|586988966|taxonID|9685|Feliscatus 294 ENVNQCILEMLIAAPDTMSVSV-FFMLFLIA 323
                                                                              577*******************.6****987 PP

>> sid|6121|pid|4158|hfid|316|sfid|19|gi|560910149|gb|EPY83671.1|gi|528764012|taxonID|419612|Camelusferus  
   #    score  bias  c-Evalue  i-Evalue hmmfrom  hmm to    alifrom  ali to    envfrom  env to     acc
 ---   ------ ----- --------- --------- ------- -------    ------- -------    ------- -------    ----
   1 !   29.3   0.2   4.7e-09   1.5e-06       2      32 ..     295     324 ..     293     325 .. 0.91

  Alignments for each domain:
  == domain 1  score: 29.3 bits;  conditional E-value: 4.7e-09
                                                                                      Round3_FinalIHelix   2 keaeglalllfiagletisnsllsslLfyll 32 
                                                                                                             +++++++l+++ia+++t+s+s+ +++Lf ++
  sid|6121|pid|4158|hfid|316|sfid|19|gi|560910149|gb|EPY83671.1|gi|528764012|taxonID|419612|Camelusferus 295 ENVNQCILEMLIAAPDTMSVSV-FFMLFLIA 324
                                                                                                             577*******************.6****987 PP

>> sid|6212|pid|4228|hfid|316|sfid|19|gi|395822184|taxonID|30611|Otolemurgarnettii  
   #    score  bias  c-Evalue  i-Evalue hmmfrom  hmm to    alifrom  ali to    envfrom  env to     acc
 ---   ------ ----- --------- --------- ------- -------    ------- -------    ------- -------    ----
   1 !   29.5   0.2   4.1e-09   1.3e-06       2      32 ..     294     323 ..     293     324 .. 0.92

  Alignments for each domain:
  == domain 1  score: 29.5 bits;  conditional E-value: 4.1e-09
                                                               Round3_FinalIHelix   2 keaeglalllfiagletisnsllsslLfyll 32 
                                                                                      +++++++l+++ia+++t+s+s+ +++Lf ++
  sid|6212|pid|4228|hfid|316|sfid|19|gi|395822184|taxonID|30611|Otolemurgarnettii 294 ENVNQCILEMLIAAPDTMSVSV-FFMLFLIA 323
                                                                                      789*******************.6****987 PP

>> sid|6167|pid|4196|hfid|316|sfid|19|gi|585693806|taxonID|28737|Elephantulusedwardii  
   #    score  bias  c-Evalue  i-Evalue hmmfrom  hmm to    alifrom  ali to    envfrom  env to     acc
 ---   ------ ----- --------- --------- ------- -------    ------- -------    ------- -------    ----
   1 !   29.5   0.2   4.1e-09   1.3e-06       2      32 ..     294     323 ..     293     324 .. 0.92

  Alignments for each domain:
  == domain 1  score: 29.5 bits;  conditional E-value: 4.1e-09
                                                                  Round3_FinalIHelix   2 keaeglalllfiagletisnsllsslLfyll 32 
                                                                                         +++++++l+++ia+++t+s+s+ +++Lf ++
  sid|6167|pid|4196|hfid|316|sfid|19|gi|585693806|taxonID|28737|Elephantulusedwardii 294 ENVNQCILEMLIAAPDTMSVSV-FFMLFLIA 323
                                                                                         789*******************.6****987 PP

>> sid|6102|pid|4145|hfid|316|sfid|19|gi|332235559|taxonID|61853|Nomascusleucogenys  
   #    score  bias  c-Evalue  i-Evalue hmmfrom  hmm to    alifrom  ali to    envfrom  env to     acc
 ---   ------ ----- --------- --------- ------- -------    ------- -------    ------- -------    ----
   1 !   29.2   0.3   5.3e-09   1.6e-06       2      32 ..     294     323 ..     293     324 .. 0.84

  Alignments for each domain:
  == domain 1  score: 29.2 bits;  conditional E-value: 5.3e-09
                                                                Round3_FinalIHelix   2 keaeglalllfiagletisnsllsslLfyll 32 
                                                                                       +++++++l+++ia+++t+s+sl+ ++L+ ++
  sid|6102|pid|4145|hfid|316|sfid|19|gi|332235559|taxonID|61853|Nomascusleucogenys 294 ENVNQCILEMLIAAPDTMSVSLF-FMLLLIA 323
                                                                                       789*******************6.6666554 PP

>> sid|6085|pid|4140|hfid|316|sfid|19|gi|466065851|taxonID|9733|Orcinusorca  
   #    score  bias  c-Evalue  i-Evalue hmmfrom  hmm to    alifrom  ali to    envfrom  env to     acc
 ---   ------ ----- --------- --------- ------- -------    ------- -------    ------- -------    ----
   1 !   28.9   0.2   6.6e-09   2.1e-06       2      32 ..     260     289 ..     259     290 .. 0.92

  Alignments for each domain:
  == domain 1  score: 28.9 bits;  conditional E-value: 6.6e-09
                                                        Round3_FinalIHelix   2 keaeglalllfiagletisnsllsslLfyll 32 
                                                                               +++++++l+++ia+++t+s+s+ +++Lf ++
  sid|6085|pid|4140|hfid|316|sfid|19|gi|466065851|taxonID|9733|Orcinusorca 260 ENVNQCVLEMLIAAPDTMSVSV-FFMLFLIA 289
                                                                               789*******************.6****987 PP

>> sid|6208|pid|4226|hfid|316|sfid|19|gi|478494572|taxonID|73337|Ceratotheriumsimumsimum  
   #    score  bias  c-Evalue  i-Evalue hmmfrom  hmm to    alifrom  ali to    envfrom  env to     acc
 ---   ------ ----- --------- --------- ------- -------    ------- -------    ------- -------    ----
   1 !   29.2   0.2   5.3e-09   1.6e-06       2      32 ..     294     323 ..     293     324 .. 0.92

  Alignments for each domain:
  == domain 1  score: 29.2 bits;  conditional E-value: 5.3e-09
                                                                     Round3_FinalIHelix   2 keaeglalllfiagletisnsllsslLfyll 32 
                                                                                            +++++++l+++ia+++t+s+s+ +++Lf ++
  sid|6208|pid|4226|hfid|316|sfid|19|gi|478494572|taxonID|73337|Ceratotheriumsimumsimum 294 ENVNQCILEMLIAAPDTMSVSV-FFMLFLVA 323
                                                                                            789*******************.6****986 PP

>> sid|6144|pid|4176|hfid|316|sfid|19|gi|641705083|taxonID|29078|Eptesicusfuscus  
   #    score  bias  c-Evalue  i-Evalue hmmfrom  hmm to    alifrom  ali to    envfrom  env to     acc
 ---   ------ ----- --------- --------- ------- -------    ------- -------    ------- -------    ----
   1 !   28.2   0.2   1.1e-08   3.5e-06       2      31 ..     294     322 ..     293     324 .. 0.91

  Alignments for each domain:
  == domain 1  score: 28.2 bits;  conditional E-value: 1.1e-08
                                                             Round3_FinalIHelix   2 keaeglalllfiagletisnsllsslLfyl 31 
                                                                                    +++++++l+++ia+++t+s+s+ +++Lf +
  sid|6144|pid|4176|hfid|316|sfid|19|gi|641705083|taxonID|29078|Eptesicusfuscus 294 ENVNQCILEMLIAAPDTMSVSV-FFMLFLI 322
                                                                                    789*******************.6***986 PP

>> sid|6216|pid|4231|hfid|316|sfid|19|gi|593767744|taxonID|9755|Physetercatodon  
   #    score  bias  c-Evalue  i-Evalue hmmfrom  hmm to    alifrom  ali to    envfrom  env to     acc
 ---   ------ ----- --------- --------- ------- -------    ------- -------    ------- -------    ----
   1 !   27.8   0.2   1.5e-08   4.6e-06       2      32 ..     294     323 ..     293     324 .. 0.84

  Alignments for each domain:
  == domain 1  score: 27.8 bits;  conditional E-value: 1.5e-08
                                                            Round3_FinalIHelix   2 keaeglalllfiagletisnsllsslLfyll 32 
                                                                                   +++++++l+++ia+++t+s+s++ ++L+ ++
  sid|6216|pid|4231|hfid|316|sfid|19|gi|593767744|taxonID|9755|Physetercatodon 294 ENVNQCVLEMLIAAPDTMSVSVF-FMLLLIA 323
                                                                                   789*******************6.6666554 PP

>> sid|6149|pid|4180|hfid|316|sfid|19|gb|ELK05419.1|gi|431896001|gi|586531034|taxonID|9402|Pteropusalecto  
   #    score  bias  c-Evalue  i-Evalue hmmfrom  hmm to    alifrom  ali to    envfrom  env to     acc
 ---   ------ ----- --------- --------- ------- -------    ------- -------    ------- -------    ----
   1 !   27.6   0.2   1.7e-08   5.3e-06       2      32 ..     294     323 ..     292     324 .. 0.91

  Alignments for each domain:
  == domain 1  score: 27.6 bits;  conditional E-value: 1.7e-08
                                                                                      Round3_FinalIHelix   2 keaeglalllfiagletisnsllsslLfyll 32 
                                                                                                             +++++++l+++ia+++t s+++ +++Lf ++
  sid|6149|pid|4180|hfid|316|sfid|19|gb|ELK05419.1|gi|431896001|gi|586531034|taxonID|9402|Pteropusalecto 294 ENVNQCILEMLIAAPDTLSVTV-FFMLFLIA 323
                                                                                                             577*******************.6****987 PP

>> sid|6187|pid|4209|hfid|316|sfid|19|gi|391852669|taxonID|9483|Callithrixjacchus  
   #    score  bias  c-Evalue  i-Evalue hmmfrom  hmm to    alifrom  ali to    envfrom  env to     acc
 ---   ------ ----- --------- --------- ------- -------    ------- -------    ------- -------    ----
   1 !   28.8   0.3   6.7e-09   2.1e-06       2      32 ..     294     323 ..     293     324 .. 0.92

  Alignments for each domain:
  == domain 1  score: 28.8 bits;  conditional E-value: 6.7e-09
                                                              Round3_FinalIHelix   2 keaeglalllfiagletisnsllsslLfyll 32 
                                                                                     ++++++ l+++ia+++t+s+sl +++Lf ++
  sid|6187|pid|4209|hfid|316|sfid|19|gi|391852669|taxonID|9483|Callithrixjacchus 294 ENVNQCMLEMLIAAPDTMSVSL-FFMLFLIA 323
                                                                                     789*******************.6****987 PP

>> sid|6186|pid|4209|hfid|316|sfid|19|gi|403274266|taxonID|39432|Saimiriboliviensisboliviensis  
   #    score  bias  c-Evalue  i-Evalue hmmfrom  hmm to    alifrom  ali to    envfrom  env to     acc
 ---   ------ ----- --------- --------- ------- -------    ------- -------    ------- -------    ----
   1 !   28.8   0.3   6.7e-09   2.1e-06       2      32 ..     294     323 ..     293     324 .. 0.92

  Alignments for each domain:
  == domain 1  score: 28.8 bits;  conditional E-value: 6.7e-09
                                                                           Round3_FinalIHelix   2 keaeglalllfiagletisnsllsslLfyll 32 
                                                                                                  ++++++ l+++ia+++t+s+sl +++Lf ++
  sid|6186|pid|4209|hfid|316|sfid|19|gi|403274266|taxonID|39432|Saimiriboliviensisboliviensis 294 ENVNQCMLEMLIAAPDTMSVSL-FFMLFLIA 323
                                                                                                  789*******************.6****987 PP

>> sid|6132|pid|4167|hfid|316|sfid|19|gi|471379842|taxonID|127582|Trichechusmanatuslatirostris  
   #    score  bias  c-Evalue  i-Evalue hmmfrom  hmm to    alifrom  ali to    envfrom  env to     acc
 ---   ------ ----- --------- --------- ------- -------    ------- -------    ------- -------    ----
   1 !   28.9   0.4   6.4e-09     2e-06       2      32 ..     294     323 ..     293     324 .. 0.92

  Alignments for each domain:
  == domain 1  score: 28.9 bits;  conditional E-value: 6.4e-09
                                                                           Round3_FinalIHelix   2 keaeglalllfiagletisnsllsslLfyll 32 
                                                                                                  +++++++l+++ia+++t+s+s+ +++Lf ++
  sid|6132|pid|4167|hfid|316|sfid|19|gi|471379842|taxonID|127582|Trichechusmanatuslatirostris 294 ENVNQCILEMLIAAPDTMSVSV-FFMLFLIA 323
                                                                                                  789*******************.6****986 PP

>> sid|6116|pid|4154|hfid|316|sfid|19|gi|47523910|taxonID|9823|Susscrofa  
   #    score  bias  c-Evalue  i-Evalue hmmfrom  hmm to    alifrom  ali to    envfrom  env to     acc
 ---   ------ ----- --------- --------- ------- -------    ------- -------    ------- -------    ----
   1 !   27.6   0.2   1.7e-08   5.3e-06       2      32 ..     294     323 ..     292     324 .. 0.91

  Alignments for each domain:
  == domain 1  score: 27.6 bits;  conditional E-value: 1.7e-08
                                                     Round3_FinalIHelix   2 keaeglalllfiagletisnsllsslLfyll 32 
                                                                            +++++++l+++ia+++t s+++ +++Lf ++
  sid|6116|pid|4154|hfid|316|sfid|19|gi|47523910|taxonID|9823|Susscrofa 294 ENVNQCILEMLIAAPDTLSVTV-FFMLFLIA 323
                                                                            577*******************.6****987 PP

>> sid|6117|pid|4154|hfid|316|sfid|19|gb|AAB51387.1|gi|1928956|taxonID|9823|Susscrofa  
   #    score  bias  c-Evalue  i-Evalue hmmfrom  hmm to    alifrom  ali to    envfrom  env to     acc
 ---   ------ ----- --------- --------- ------- -------    ------- -------    ------- -------    ----
   1 !   27.6   0.2   1.7e-08   5.3e-06       2      32 ..     294     323 ..     292     324 .. 0.91

  Alignments for each domain:
  == domain 1  score: 27.6 bits;  conditional E-value: 1.7e-08
                                                                  Round3_FinalIHelix   2 keaeglalllfiagletisnsllsslLfyll 32 
                                                                                         +++++++l+++ia+++t s+++ +++Lf ++
  sid|6117|pid|4154|hfid|316|sfid|19|gb|AAB51387.1|gi|1928956|taxonID|9823|Susscrofa 294 ENVNQCILEMLIAAPDTLSVTV-FFMLFLIA 323
                                                                                         577*******************.6****987 PP

>> sid|6196|pid|4215|hfid|316|sfid|19|emb|CAA94315.1|gi|1240045|taxonID|9986|Oryctolaguscuniculus  
   #    score  bias  c-Evalue  i-Evalue hmmfrom  hmm to    alifrom  ali to    envfrom  env to     acc
 ---   ------ ----- --------- --------- ------- -------    ------- -------    ------- -------    ----
   1 !   29.0   0.2   5.8e-09   1.8e-06       2      32 ..     294     323 ..     293     324 .. 0.92

  Alignments for each domain:
  == domain 1  score: 29.0 bits;  conditional E-value: 5.8e-09
                                                                              Round3_FinalIHelix   2 keaeglalllfiagletisnsllsslLfyll 32 
                                                                                                     +++++++l+++ia+++t+s+s+ +++Lf ++
  sid|6196|pid|4215|hfid|316|sfid|19|emb|CAA94315.1|gi|1240045|taxonID|9986|Oryctolaguscuniculus 294 ENVNQCVLEMLIAAPDTMSVSV-FFMLFLIA 323
                                                                                                     789*******************.6****987 PP

>> sid|6086|pid|4141|hfid|316|sfid|19|gi|6681099|gi|568960737|taxonID|10090|Musmusculus  
   #    score  bias  c-Evalue  i-Evalue hmmfrom  hmm to    alifrom  ali to    envfrom  env to     acc
 ---   ------ ----- --------- --------- ------- -------    ------- -------    ------- -------    ----
   1 !   28.1   0.3   1.1e-08   3.5e-06       2      32 ..     294     323 ..     292     324 .. 0.84

  Alignments for each domain:
  == domain 1  score: 28.1 bits;  conditional E-value: 1.1e-08
                                                                    Round3_FinalIHelix   2 keaeglalllfiagletisnsllsslLfyll 32 
                                                                                           +++++++l+++ia+++t+s++l+ ++L+ ++
  sid|6086|pid|4141|hfid|316|sfid|19|gi|6681099|gi|568960737|taxonID|10090|Musmusculus 294 ENVNQCILEMLIAAPDTMSVTLY-FMLLLVA 323
                                                                                           577*******************9.6666554 PP

>> sid|6195|pid|4215|hfid|316|sfid|19|gi|655861582|taxonID|9986|Oryctolaguscuniculus  
   #    score  bias  c-Evalue  i-Evalue hmmfrom  hmm to    alifrom  ali to    envfrom  env to     acc
 ---   ------ ----- --------- --------- ------- -------    ------- -------    ------- -------    ----
   1 !   28.7   0.2   7.2e-09   2.3e-06       2      32 ..     294     323 ..     293     324 .. 0.92

  Alignments for each domain:
  == domain 1  score: 28.7 bits;  conditional E-value: 7.2e-09
                                                                 Round3_FinalIHelix   2 keaeglalllfiagletisnsllsslLfyll 32 
                                                                                        +++++++l+++ia+++t+s+s+ +++Lf ++
  sid|6195|pid|4215|hfid|316|sfid|19|gi|655861582|taxonID|9986|Oryctolaguscuniculus 294 ENVNQCVLEMLIAAPDTMSVSV-FFMLFLIA 323
                                                                                        789*******************.6****987 PP

>> sid|6120|pid|4157|hfid|316|sfid|19|gb|EGW14179.1|gi|344258075|gi|354493402|taxonID|10029|Cricetulusgriseus  
   #    score  bias  c-Evalue  i-Evalue hmmfrom  hmm to    alifrom  ali to    envfrom  env to     acc
 ---   ------ ----- --------- --------- ------- -------    ------- -------    ------- -------    ----
   1 !   28.6   0.3   8.2e-09   2.6e-06       2      30 ..     294     322 ..     292     324 .. 0.84

  Alignments for each domain:
  == domain 1  score: 28.6 bits;  conditional E-value: 8.2e-09
                                                                                          Round3_FinalIHelix   2 keaeglalllfiagletisnsllsslLfy 30 
                                                                                                                 +++++++l+++ia+++t+s++l+++lL++
  sid|6120|pid|4157|hfid|316|sfid|19|gb|EGW14179.1|gi|344258075|gi|354493402|taxonID|10029|Cricetulusgriseus 294 ENVNQCILEMLIAAPDTMSVTLYFMLLLI 322
                                                                                                                 577*******************9666654 PP

>> sid|80164|pid|58680|hfid|354|sfid|35|gi|268554436|taxonID|6238|Caenorhabditisbriggsae  
   #    score  bias  c-Evalue  i-Evalue hmmfrom  hmm to    alifrom  ali to    envfrom  env to     acc
 ---   ------ ----- --------- --------- ------- -------    ------- -------    ------- -------    ----
   1 !   27.0   0.1   2.6e-08   8.2e-06       2      32 ..     293     323 ..     292     324 .. 0.93

  Alignments for each domain:
  == domain 1  score: 27.0 bits;  conditional E-value: 2.6e-08
                                                                     Round3_FinalIHelix   2 keaeglalllfiagletisnsllsslLfyll 32 
                                                                                            +++++l+l+l+i+g+et++++l+s+++++l+
  sid|80164|pid|58680|hfid|354|sfid|35|gi|268554436|taxonID|6238|Caenorhabditisbriggsae 293 ENLKMLVLDLWITGQETTTMTLISAFIRFLN 323
                                                                                            788************************9996 PP

>> sid|11737|pid|8483|hfid|1382|sfid|393|gb|ERL86685.1|gi|546675502|taxonID|77166|Dendroctonusponderosae  
   #    score  bias  c-Evalue  i-Evalue hmmfrom  hmm to    alifrom  ali to    envfrom  env to     acc
 ---   ------ ----- --------- --------- ------- -------    ------- -------    ------- -------    ----
   1 !   27.2   0.5   2.2e-08   6.9e-06       5      33 .]     161     188 ..     159     188 .. 0.93

  Alignments for each domain:
  == domain 1  score: 27.2 bits;  conditional E-value: 2.2e-08
                                                                                     Round3_FinalIHelix   5 eglalllfiagletisnsllsslLfylla 33 
                                                                                                            +++a+++f+a+l+t s+s+ sslLf++++
  sid|11737|pid|8483|hfid|1382|sfid|393|gb|ERL86685.1|gi|546675502|taxonID|77166|Dendroctonusponderosae 161 DDIAEEVFNAFLDTLSYSC-SSLLFCFYE 188
                                                                                                            689****************.*******96 PP

>> sid|6115|pid|4153|hfid|316|sfid|19|gi|504130688|taxonID|9978|Ochotonaprinceps  
   #    score  bias  c-Evalue  i-Evalue hmmfrom  hmm to    alifrom  ali to    envfrom  env to     acc
 ---   ------ ----- --------- --------- ------- -------    ------- -------    ------- -------    ----
   1 !   28.6   0.1   8.2e-09   2.6e-06       2      32 ..     296     325 ..     295     326 .. 0.92

  Alignments for each domain:
  == domain 1  score: 28.6 bits;  conditional E-value: 8.2e-09
                                                             Round3_FinalIHelix   2 keaeglalllfiagletisnsllsslLfyll 32 
                                                                                    +++++++l+++ia+++t+s+++ +++Lf ++
  sid|6115|pid|4153|hfid|316|sfid|19|gi|504130688|taxonID|9978|Ochotonaprinceps 296 ENVNQCVLEMLIAAPDTMSVTV-FFMLFLIA 325
                                                                                    789*******************.6****987 PP

>> sid|6112|pid|4150|hfid|316|sfid|19|gi|589916659|taxonID|230844|Peromyscusmaniculatusbairdii  
   #    score  bias  c-Evalue  i-Evalue hmmfrom  hmm to    alifrom  ali to    envfrom  env to     acc
 ---   ------ ----- --------- --------- ------- -------    ------- -------    ------- -------    ----
   1 !   28.4   0.4     9e-09   2.8e-06       2      31 ..     294     323 ..     292     324 .. 0.88

  Alignments for each domain:
  == domain 1  score: 28.4 bits;  conditional E-value: 9e-09
                                                                           Round3_FinalIHelix   2 keaeglalllfiagletisnsllsslLfyl 31 
                                                                                                  +++++++l+++ia+++t+s++l+++lL+++
  sid|6112|pid|4150|hfid|316|sfid|19|gi|589916659|taxonID|230844|Peromyscusmaniculatusbairdii 294 ENVNQCILEMLIAAPDTMSVTLYFMLLLMA 323
                                                                                                  577********************8888765 PP

>> sid|6127|pid|4164|hfid|316|sfid|19|gi|594633991|taxonID|310752|Balaenopteraacutorostratascammoni  
   #    score  bias  c-Evalue  i-Evalue hmmfrom  hmm to    alifrom  ali to    envfrom  env to     acc
 ---   ------ ----- --------- --------- ------- -------    ------- -------    ------- -------    ----
   1 !   27.1   0.2   2.4e-08   7.6e-06       2      32 ..     294     323 ..     293     324 .. 0.84

  Alignments for each domain:
  == domain 1  score: 27.1 bits;  conditional E-value: 2.4e-08
                                                                                Round3_FinalIHelix   2 keaeglalllfiagletisnsllsslLfyll 32 
                                                                                                       +++++++l+++ia+++t+s+s++ ++L+ ++
  sid|6127|pid|4164|hfid|316|sfid|19|gi|594633991|taxonID|310752|Balaenopteraacutorostratascammoni 294 ENVNQCVLEMLIAAPDTMSVSVF-FMLLLIA 323
                                                                                                       789*******************6.6666554 PP

>> sid|6211|pid|4227|hfid|316|sfid|19|gb|ACM89456.1|gi|223452003|taxonID|8364|Xenopus(Silurana)tropicalis  
   #    score  bias  c-Evalue  i-Evalue hmmfrom  hmm to    alifrom  ali to    envfrom  env to     acc
 ---   ------ ----- --------- --------- ------- -------    ------- -------    ------- -------    ----
   1 !   28.2   0.5   1.1e-08   3.4e-06       2      31 ..     292     320 ..     291     322 .. 0.85

  Alignments for each domain:
  == domain 1  score: 28.2 bits;  conditional E-value: 1.1e-08
                                                                                      Round3_FinalIHelix   2 keaeglalllfiagletisnsllsslLfyl 31 
                                                                                                             +++++++l+++ia+++t+s+sl+ ++L  +
  sid|6211|pid|4227|hfid|316|sfid|19|gb|ACM89456.1|gi|223452003|taxonID|8364|Xenopus(Silurana)tropicalis 292 ENVNQCILEMLIAAPDTMSVSLF-FMLVLI 320
                                                                                                             789*******************6.666554 PP

>> sid|6260|pid|4262|hfid|316|sfid|19|gb|AAT36641.1|gi|47607479|taxonID|7937|Anguillajaponica  
   #    score  bias  c-Evalue  i-Evalue hmmfrom  hmm to    alifrom  ali to    envfrom  env to     acc
 ---   ------ ----- --------- --------- ------- -------    ------- -------    ------- -------    ----
   1 !   26.6   0.4   3.5e-08   1.1e-05       2      31 ..     203     231 ..     202     232 .. 0.92

  Alignments for each domain:
  == domain 1  score: 26.6 bits;  conditional E-value: 3.5e-08
                                                                          Round3_FinalIHelix   2 keaeglalllfiagletisnsllsslLfyl 31 
                                                                                                 +++ +++l+++ia+++t+s sl +++L+ l
  sid|6260|pid|4262|hfid|316|sfid|19|gb|AAT36641.1|gi|47607479|taxonID|7937|Anguillajaponica 203 ENVQQCILEMIIAAPDTMSISL-FFMLMLL 231
                                                                                                 7889******************.699*987 PP

>> sid|4933|pid|3315|hfid|1296|sfid|305|gb|ACN93795.1|gi|225548287|taxonID|36989|Reticulitermesflavipes  
   #    score  bias  c-Evalue  i-Evalue hmmfrom  hmm to    alifrom  ali to    envfrom  env to     acc
 ---   ------ ----- --------- --------- ------- -------    ------- -------    ------- -------    ----
   1 !   26.4   1.8   4.1e-08   1.3e-05       3      32 ..     260     289 ..     258     290 .. 0.92

  Alignments for each domain:
  == domain 1  score: 26.4 bits;  conditional E-value: 4.1e-08
                                                                                    Round3_FinalIHelix   3 eaeglalllfiagletisnsllsslLfyll 32 
                                                                                                           ++ +l l+lf+ag+et+sn+l++++L++ll
  sid|4933|pid|3315|hfid|1296|sfid|305|gb|ACN93795.1|gi|225548287|taxonID|36989|Reticulitermesflavipes 260 QLVALCLDLFMAGSETTSNTLGFAMLYMLL 289
                                                                                                           667899**********************97 PP

>> sid|101260|pid|76766|hfid|307|sfid|15|emb|CBL95272.1|gi|296315553|taxonID|6973|Blattellagermanica  
   #    score  bias  c-Evalue  i-Evalue hmmfrom  hmm to    alifrom  ali to    envfrom  env to     acc
 ---   ------ ----- --------- --------- ------- -------    ------- -------    ------- -------    ----
   1 !   26.7   1.5   3.2e-08   9.9e-06       3      32 ..     192     221 ..     190     222 .. 0.93

  Alignments for each domain:
  == domain 1  score: 26.7 bits;  conditional E-value: 3.2e-08
                                                                                 Round3_FinalIHelix   3 eaeglalllfiagletisnsllsslLfyll 32 
                                                                                                        ++ +l l++f+ag+et+sn+l++++L++ll
  sid|101260|pid|76766|hfid|307|sfid|15|emb|CBL95272.1|gi|296315553|taxonID|6973|Blattellagermanica 192 QLVSLSLDSFMAGSETTSNTLGFAMLYMLL 221
                                                                                                        67899***********************97 PP

>> sid|11738|pid|8484|hfid|1382|sfid|393|gb|AFI45012.1|gi|385199928|taxonID|77166|Dendroctonusponderosae  
   #    score  bias  c-Evalue  i-Evalue hmmfrom  hmm to    alifrom  ali to    envfrom  env to     acc
 ---   ------ ----- --------- --------- ------- -------    ------- -------    ------- -------    ----
   1 !   26.8   0.5     3e-08   9.5e-06       5      33 .]     260     287 ..     258     287 .. 0.93

  Alignments for each domain:
  == domain 1  score: 26.8 bits;  conditional E-value: 3e-08
                                                                                     Round3_FinalIHelix   5 eglalllfiagletisnsllsslLfylla 33 
                                                                                                            +++a+++f+a+l+t s+s+ sslLf++++
  sid|11738|pid|8484|hfid|1382|sfid|393|gb|AFI45012.1|gi|385199928|taxonID|77166|Dendroctonusponderosae 260 DDIAEEVFNAFLDTLSYSC-SSLLFCFYE 287
                                                                                                            689****************.*******96 PP

>> sid|6182|pid|4206|hfid|316|sfid|19|gi|532061479|taxonID|43179|Ictidomystridecemlineatus  
   #    score  bias  c-Evalue  i-Evalue hmmfrom  hmm to    alifrom  ali to    envfrom  env to     acc
 ---   ------ ----- --------- --------- ------- -------    ------- -------    ------- -------    ----
   1 !   27.9   0.3   1.3e-08   4.2e-06       2      32 ..     294     323 ..     293     324 .. 0.92

  Alignments for each domain:
  == domain 1  score: 27.9 bits;  conditional E-value: 1.3e-08
                                                                       Round3_FinalIHelix   2 keaeglalllfiagletisnsllsslLfyll 32 
                                                                                              +++++++l+++ia+++t+s++++ ++Lf ++
  sid|6182|pid|4206|hfid|316|sfid|19|gi|532061479|taxonID|43179|Ictidomystridecemlineatus 294 ENVNQCILEMLIAAPDTMSVTVY-FMLFLIA 323
                                                                                              789*******************9.99*9876 PP

>> sid|6161|pid|4190|hfid|316|sfid|19|gi|524930819|taxonID|10036|Mesocricetusauratus  
   #    score  bias  c-Evalue  i-Evalue hmmfrom  hmm to    alifrom  ali to    envfrom  env to     acc
 ---   ------ ----- --------- --------- ------- -------    ------- -------    ------- -------    ----
   1 !   27.8   0.3   1.4e-08   4.5e-06       2      30 ..     294     322 ..     292     324 .. 0.84

  Alignments for each domain:
  == domain 1  score: 27.8 bits;  conditional E-value: 1.4e-08
                                                                 Round3_FinalIHelix   2 keaeglalllfiagletisnsllsslLfy 30 
                                                                                        +++++++l+++ia+++t+s++l+++lL++
  sid|6161|pid|4190|hfid|316|sfid|19|gi|524930819|taxonID|10036|Mesocricetusauratus 294 ENVNQCVLEMLIAAPDTMSVTLYFMLLLI 322
                                                                                        577*******************9666654 PP

>> sid|6123|pid|4160|hfid|316|sfid|19|gi|505836509|taxonID|42254|Sorexaraneus  
   #    score  bias  c-Evalue  i-Evalue hmmfrom  hmm to    alifrom  ali to    envfrom  env to     acc
 ---   ------ ----- --------- --------- ------- -------    ------- -------    ------- -------    ----
   1 !   26.1   0.3   5.3e-08   1.7e-05       2      31 ..     294     322 ..     293     324 .. 0.91

  Alignments for each domain:
  == domain 1  score: 26.1 bits;  conditional E-value: 5.3e-08
                                                          Round3_FinalIHelix   2 keaeglalllfiagletisnsllsslLfyl 31 
                                                                                 +++++++l++ ia+++t+s++l +++Lf +
  sid|6123|pid|4160|hfid|316|sfid|19|gi|505836509|taxonID|42254|Sorexaraneus 294 ENVNQCILEIMIAAPDTMSVTL-FFMLFLI 322
                                                                                 789*******************.6***986 PP

>> sid|11708|pid|8456|hfid|1370|sfid|347|gb|AFI45010.1|gi|385199924|gb|ERL92317.1|gi|546682375|taxonID|77166|Dendroctonusponderosae  
   #    score  bias  c-Evalue  i-Evalue hmmfrom  hmm to    alifrom  ali to    envfrom  env to     acc
 ---   ------ ----- --------- --------- ------- -------    ------- -------    ------- -------    ----
   1 !   14.4   0.5   0.00029     0.092       4      32 ..     178     201 ..     175     202 .. 0.85
   2 !   15.3   0.5   0.00015     0.047       4      32 ..     622     645 ..     619     646 .. 0.85

  Alignments for each domain:
  == domain 1  score: 14.4 bits;  conditional E-value: 0.00029
                                                                                                                Round3_FinalIHelix   4 aeglalllfiagletisnsllsslLfyll 32 
                                                                                                                                       a+++    f++g+et+s +l s+lLf+l+
  sid|11708|pid|8456|hfid|1370|sfid|347|gb|AFI45010.1|gi|385199924|gb|ERL92317.1|gi|546682375|taxonID|77166|Dendroctonusponderosae 178 ASTF----FLDGYETSSLTL-SFLLFNLA 201
                                                                                                                                       5555....888*********.******98 PP

  == domain 2  score: 15.3 bits;  conditional E-value: 0.00015
                                                                                                                Round3_FinalIHelix   4 aeglalllfiagletisnsllsslLfyll 32 
                                                                                                                                       a+++    f++g+e++sn++ +slL++l+
  sid|11708|pid|8456|hfid|1370|sfid|347|gb|AFI45010.1|gi|385199924|gb|ERL92317.1|gi|546682375|taxonID|77166|Dendroctonusponderosae 622 ATTF----FLDGYESSSNVM-TSLLMNLA 645
                                                                                                                                       5555....888*********.8*****98 PP

>> sid|6203|pid|4222|hfid|316|sfid|19|gi|640825238|taxonID|9478|Tarsiussyrichta  
   #    score  bias  c-Evalue  i-Evalue hmmfrom  hmm to    alifrom  ali to    envfrom  env to     acc
 ---   ------ ----- --------- --------- ------- -------    ------- -------    ------- -------    ----
   1 !   25.9   0.3   5.9e-08   1.9e-05       2      31 ..     294     322 ..     292     324 .. 0.82

  Alignments for each domain:
  == domain 1  score: 25.9 bits;  conditional E-value: 5.9e-08
                                                            Round3_FinalIHelix   2 keaeglalllfiagletisnsllsslLfyl 31 
                                                                                   +++++++l+++ia+++t+s s++ ++L+ +
  sid|6203|pid|4222|hfid|316|sfid|19|gi|640825238|taxonID|9478|Tarsiussyrichta 294 ENVNQCILEMLIAAPDTMSISVF-FMLLLI 322
                                                                                   577*******************6.555544 PP

>> sid|97167|pid|73113|hfid|1388|sfid|413|gb|AGT57838.1|gi|531445092|taxonID|7539|Leptinotarsadecemlineata  
   #    score  bias  c-Evalue  i-Evalue hmmfrom  hmm to    alifrom  ali to    envfrom  env to     acc
 ---   ------ ----- --------- --------- ------- -------    ------- -------    ------- -------    ----
   1 !   25.9   0.0   5.9e-08   1.9e-05       2      33 .]     260     290 ..     259     290 .. 0.95

  Alignments for each domain:
  == domain 1  score: 25.9 bits;  conditional E-value: 5.9e-08
                                                                                       Round3_FinalIHelix   2 keaeglalllfiagletisnsllsslLfylla 33 
                                                                                                              +e+eg++++++++++e+i++s+ s++Lf+l++
  sid|97167|pid|73113|hfid|1388|sfid|413|gb|AGT57838.1|gi|531445092|taxonID|7539|Leptinotarsadecemlineata 260 RESEGIIDEIIEIAVENIIYSC-STVLFCLYE 290
                                                                                                              789*******************.*******96 PP

>> sid|80163|pid|58679|hfid|354|sfid|35|emb|CAP30519.2|gi|309360844|taxonID|6238|Caenorhabditisbriggsae  
   #    score  bias  c-Evalue  i-Evalue hmmfrom  hmm to    alifrom  ali to    envfrom  env to     acc
 ---   ------ ----- --------- --------- ------- -------    ------- -------    ------- -------    ----
   1 !   26.2   0.1   4.8e-08   1.5e-05       2      32 ..     293     323 ..     292     324 .. 0.93

  Alignments for each domain:
  == domain 1  score: 26.2 bits;  conditional E-value: 4.8e-08
                                                                                    Round3_FinalIHelix   2 keaeglalllfiagletisnsllsslLfyll 32 
                                                                                                           +++++l+l+l+i+g+et++++l+s+++++l+
  sid|80163|pid|58679|hfid|354|sfid|35|emb|CAP30519.2|gi|309360844|taxonID|6238|Caenorhabditisbriggsae 293 ENLKMLVLDLWITGQETTTMTLISAFIRFLN 323
                                                                                                           788************************9996 PP

>> sid|6143|pid|4175|hfid|316|sfid|19|gi|602630672|taxonID|176946|Pythonbivittatus  
   #    score  bias  c-Evalue  i-Evalue hmmfrom  hmm to    alifrom  ali to    envfrom  env to     acc
 ---   ------ ----- --------- --------- ------- -------    ------- -------    ------- -------    ----
   1 !   24.7   0.3   1.5e-07   4.6e-05       2      32 ..     295     324 ..     294     325 .. 0.86

  Alignments for each domain:
  == domain 1  score: 24.7 bits;  conditional E-value: 1.5e-07
                                                               Round3_FinalIHelix   2 keaeglalllfiagletisnsllsslLfyll 32 
                                                                                      +++++++l+++ia+++t s++l+ ++L  ++
  sid|6143|pid|4175|hfid|316|sfid|19|gi|602630672|taxonID|176946|Pythonbivittatus 295 ENVNQCVLEMLIAAPDTLSVTLF-FMLVLIA 324
                                                                                      688*******************5.7776655 PP

>> sid|6089|pid|4144|hfid|316|sfid|19|dbj|BAA90529.1|gi|6899814|taxonID|8355|Xenopuslaevis  
   #    score  bias  c-Evalue  i-Evalue hmmfrom  hmm to    alifrom  ali to    envfrom  env to     acc
 ---   ------ ----- --------- --------- ------- -------    ------- -------    ------- -------    ----
   1 !   27.4   0.5   1.9e-08     6e-06       2      31 ..     292     320 ..     291     322 .. 0.85

  Alignments for each domain:
  == domain 1  score: 27.4 bits;  conditional E-value: 1.9e-08
                                                                       Round3_FinalIHelix   2 keaeglalllfiagletisnsllsslLfyl 31 
                                                                                              +++++++l+++ia+++t+s+sl+ ++L  +
  sid|6089|pid|4144|hfid|316|sfid|19|dbj|BAA90529.1|gi|6899814|taxonID|8355|Xenopuslaevis 292 ENVNQCILEMLIAAPDTMSVSLF-FMLVLI 320
                                                                                              789*******************6.666554 PP

>> sid|6090|pid|4144|hfid|316|sfid|19|gi|148222838|taxonID|8355|Xenopuslaevis  
   #    score  bias  c-Evalue  i-Evalue hmmfrom  hmm to    alifrom  ali to    envfrom  env to     acc
 ---   ------ ----- --------- --------- ------- -------    ------- -------    ------- -------    ----
   1 !   27.4   0.5   1.9e-08     6e-06       2      31 ..     292     320 ..     291     322 .. 0.85

  Alignments for each domain:
  == domain 1  score: 27.4 bits;  conditional E-value: 1.9e-08
                                                          Round3_FinalIHelix   2 keaeglalllfiagletisnsllsslLfyl 31 
                                                                                 +++++++l+++ia+++t+s+sl+ ++L  +
  sid|6090|pid|4144|hfid|316|sfid|19|gi|148222838|taxonID|8355|Xenopuslaevis 292 ENVNQCILEMLIAAPDTMSVSLF-FMLVLI 320
                                                                                 789*******************6.666554 PP

>> sid|11739|pid|8484|hfid|1382|sfid|393|gb|ERL91318.1|gi|546681183|taxonID|77166|Dendroctonusponderosae  
   #    score  bias  c-Evalue  i-Evalue hmmfrom  hmm to    alifrom  ali to    envfrom  env to     acc
 ---   ------ ----- --------- --------- ------- -------    ------- -------    ------- -------    ----
   1 !   27.3   0.5     2e-08   6.3e-06       5      33 .]     260     287 ..     258     287 .. 0.93

  Alignments for each domain:
  == domain 1  score: 27.3 bits;  conditional E-value: 2e-08
                                                                                     Round3_FinalIHelix   5 eglalllfiagletisnsllsslLfylla 33 
                                                                                                            +++a+++f+a+l+t s+s+ sslLf++++
  sid|11739|pid|8484|hfid|1382|sfid|393|gb|ERL91318.1|gi|546681183|taxonID|77166|Dendroctonusponderosae 260 DDIAEEVFNAFLDTLSYSC-SSLLFCFYE 287
                                                                                                            689****************.*******96 PP

>> sid|6151|pid|4182|hfid|316|sfid|19|dbj|BAE20061.1|gi|73760319|taxonID|481883|Eublepharismacularius  
   #    score  bias  c-Evalue  i-Evalue hmmfrom  hmm to    alifrom  ali to    envfrom  env to     acc
 ---   ------ ----- --------- --------- ------- -------    ------- -------    ------- -------    ----
   1 !   25.3   0.3   9.2e-08   2.9e-05       2      32 ..     293     322 ..     292     323 .. 0.92

  Alignments for each domain:
  == domain 1  score: 25.3 bits;  conditional E-value: 9.2e-08
                                                                                  Round3_FinalIHelix   2 keaeglalllfiagletisnsllsslLfyll 32 
                                                                                                         +++++++l+++ia+++t s++l +++L+ ++
  sid|6151|pid|4182|hfid|316|sfid|19|dbj|BAE20061.1|gi|73760319|taxonID|481883|Eublepharismacularius 293 ENVNQCVLEMLIAAPDTLSVTL-FFMLALIA 322
                                                                                                         688*******************.699*9887 PP

>> sid|11709|pid|8457|hfid|1370|sfid|347|gb|ENN70690.1|gi|478250187|taxonID|77166|Dendroctonusponderosae  
   #    score  bias  c-Evalue  i-Evalue hmmfrom  hmm to    alifrom  ali to    envfrom  env to     acc
 ---   ------ ----- --------- --------- ------- -------    ------- -------    ------- -------    ----
   1 !   14.1   0.5   0.00039      0.12       4      32 ..     349     372 ..     346     373 .. 0.85
   2 !   15.0   0.5    0.0002     0.063       4      32 ..     849     872 ..     846     873 .. 0.85

  Alignments for each domain:
  == domain 1  score: 14.1 bits;  conditional E-value: 0.00039
                                                                                     Round3_FinalIHelix   4 aeglalllfiagletisnsllsslLfyll 32 
                                                                                                            a+++    f++g+et+s +l s+lLf+l+
  sid|11709|pid|8457|hfid|1370|sfid|347|gb|ENN70690.1|gi|478250187|taxonID|77166|Dendroctonusponderosae 349 ASTF----FLDGYETSSLTL-SFLLFNLA 372
                                                                                                            5555....888*********.******98 PP

  == domain 2  score: 15.0 bits;  conditional E-value: 0.0002
                                                                                     Round3_FinalIHelix   4 aeglalllfiagletisnsllsslLfyll 32 
                                                                                                            a+++    f++g+e++sn++ +slL++l+
  sid|11709|pid|8457|hfid|1370|sfid|347|gb|ENN70690.1|gi|478250187|taxonID|77166|Dendroctonusponderosae 849 ATTF----FLDGYESSSNVM-TSLLMNLA 872
                                                                                                            5555....888*********.8*****98 PP

>> sid|6209|pid|4227|hfid|316|sfid|19|gi|148238050|taxonID|8364|Xenopus(Silurana)tropicalis  
   #    score  bias  c-Evalue  i-Evalue hmmfrom  hmm to    alifrom  ali to    envfrom  env to     acc
 ---   ------ ----- --------- --------- ------- -------    ------- -------    ------- -------    ----
   1 !   27.2   0.4   2.2e-08   6.8e-06       2      31 ..     292     320 ..     291     322 .. 0.87

  Alignments for each domain:
  == domain 1  score: 27.2 bits;  conditional E-value: 2.2e-08
                                                                        Round3_FinalIHelix   2 keaeglalllfiagletisnsllsslLfyl 31 
                                                                                               +++++++l+++ia+++t+s+sl +++L  +
  sid|6209|pid|4227|hfid|316|sfid|19|gi|148238050|taxonID|8364|Xenopus(Silurana)tropicalis 292 ENVNQCILEMLIAAPDTMSVSL-FFMLVLV 320
                                                                                               789*******************.5888665 PP

>> sid|6210|pid|4227|hfid|316|sfid|19|dbj|BAE93232.1|gi|91754114|taxonID|8364|Xenopus(Silurana)tropicalis  
   #    score  bias  c-Evalue  i-Evalue hmmfrom  hmm to    alifrom  ali to    envfrom  env to     acc
 ---   ------ ----- --------- --------- ------- -------    ------- -------    ------- -------    ----
   1 !   27.2   0.4   2.2e-08   6.8e-06       2      31 ..     292     320 ..     291     322 .. 0.87

  Alignments for each domain:
  == domain 1  score: 27.2 bits;  conditional E-value: 2.2e-08
                                                                                      Round3_FinalIHelix   2 keaeglalllfiagletisnsllsslLfyl 31 
                                                                                                             +++++++l+++ia+++t+s+sl +++L  +
  sid|6210|pid|4227|hfid|316|sfid|19|dbj|BAE93232.1|gi|91754114|taxonID|8364|Xenopus(Silurana)tropicalis 292 ENVNQCILEMLIAAPDTMSVSL-FFMLVLV 320
                                                                                                             789*******************.5888665 PP

>> sid|6184|pid|4208|hfid|316|sfid|19|sp|P22443.1|gi|117295|taxonID|10116|Rattusnorvegicus  
   #    score  bias  c-Evalue  i-Evalue hmmfrom  hmm to    alifrom  ali to    envfrom  env to     acc
 ---   ------ ----- --------- --------- ------- -------    ------- -------    ------- -------    ----
   1 !   26.0   0.3   5.4e-08   1.7e-05       2      30 ..     294     322 ..     292     324 .. 0.84

  Alignments for each domain:
  == domain 1  score: 26.0 bits;  conditional E-value: 5.4e-08
                                                                       Round3_FinalIHelix   2 keaeglalllfiagletisnsllsslLfy 30 
                                                                                              +++++++l+++ia+++t+s++l+ +lL++
  sid|6184|pid|4208|hfid|316|sfid|19|sp|P22443.1|gi|117295|taxonID|10116|Rattusnorvegicus 294 ENVNQCILEMLIAAPDTMSVTLYVMLLLI 322
                                                                                              577*******************9666554 PP

>> sid|6298|pid|4291|hfid|316|sfid|19|gi|573881136|taxonID|7918|Lepisosteusoculatus  
   #    score  bias  c-Evalue  i-Evalue hmmfrom  hmm to    alifrom  ali to    envfrom  env to     acc
 ---   ------ ----- --------- --------- ------- -------    ------- -------    ------- -------    ----
   1 !   25.4   0.4   8.8e-08   2.8e-05       3      31 ..     282     309 ..     281     310 .. 0.93

  Alignments for each domain:
  == domain 1  score: 25.4 bits;  conditional E-value: 8.8e-08
                                                                Round3_FinalIHelix   3 eaeglalllfiagletisnsllsslLfyl 31 
                                                                                       ++++++l+++ia+++t+s+sl+ ++L+ l
  sid|6298|pid|4291|hfid|316|sfid|19|gi|573881136|taxonID|7918|Lepisosteusoculatus 282 NVNQCVLEMLIAAPDTMSVSLY-FMLMLL 309
                                                                                       679******************9.999987 PP

>> sid|6185|pid|4208|hfid|316|sfid|19|gi|281182626|taxonID|10116|Rattusnorvegicus  
   #    score  bias  c-Evalue  i-Evalue hmmfrom  hmm to    alifrom  ali to    envfrom  env to     acc
 ---   ------ ----- --------- --------- ------- -------    ------- -------    ------- -------    ----
   1 !   26.0   0.3   5.3e-08   1.7e-05       2      30 ..     294     322 ..     292     324 .. 0.84

  Alignments for each domain:
  == domain 1  score: 26.0 bits;  conditional E-value: 5.3e-08
                                                              Round3_FinalIHelix   2 keaeglalllfiagletisnsllsslLfy 30 
                                                                                     +++++++l+++ia+++t+s++l+ +lL++
  sid|6185|pid|4208|hfid|316|sfid|19|gi|281182626|taxonID|10116|Rattusnorvegicus 294 ENVNQCILEMLIAAPDTMSVTLYVMLLLI 322
                                                                                     577*******************9666554 PP

>> sid|6202|pid|4221|hfid|316|sfid|19|gb|AAP43633.1|gi|31415709|taxonID|9337|Trichosurusvulpecula  
   #    score  bias  c-Evalue  i-Evalue hmmfrom  hmm to    alifrom  ali to    envfrom  env to     acc
 ---   ------ ----- --------- --------- ------- -------    ------- -------    ------- -------    ----
   1 !   25.5   0.3     8e-08   2.5e-05       2      30 ..     216     244 ..     215     246 .. 0.86

  Alignments for each domain:
  == domain 1  score: 25.5 bits;  conditional E-value: 8e-08
                                                                              Round3_FinalIHelix   2 keaeglalllfiagletisnsllsslLfy 30 
                                                                                                     +++++++l+++ia+++t s++++++lL++
  sid|6202|pid|4221|hfid|316|sfid|19|gb|AAP43633.1|gi|31415709|taxonID|9337|Trichosurusvulpecula 216 ENVNQCILEMLIAAPDTLSVTVYFMLLLI 244
                                                                                                     688*******************9666654 PP

>> sid|4935|pid|3317|hfid|1296|sfid|305|gb|AAS13464.1|gi|42398143|taxonID|6984|Diplopterapunctata  
   #    score  bias  c-Evalue  i-Evalue hmmfrom  hmm to    alifrom  ali to    envfrom  env to     acc
 ---   ------ ----- --------- --------- ------- -------    ------- -------    ------- -------    ----
   1 !   25.3   1.5   9.2e-08   2.9e-05       3      32 ..     289     318 ..     287     319 .. 0.92

  Alignments for each domain:
  == domain 1  score: 25.3 bits;  conditional E-value: 9.2e-08
                                                                              Round3_FinalIHelix   3 eaeglalllfiagletisnsllsslLfyll 32 
                                                                                                     ++ +l l+lf+ag+et+sn+l++++L++ll
  sid|4935|pid|3317|hfid|1296|sfid|305|gb|AAS13464.1|gi|42398143|taxonID|6984|Diplopterapunctata 289 QLVSLCLDLFMAGSETTSNTLGFAVLYMLL 318
                                                                                                     677889**********************97 PP

>> sid|6201|pid|4220|hfid|316|sfid|19|gi|511868515|taxonID|9669|Mustelaputoriusfuro  
   #    score  bias  c-Evalue  i-Evalue hmmfrom  hmm to    alifrom  ali to    envfrom  env to     acc
 ---   ------ ----- --------- --------- ------- -------    ------- -------    ------- -------    ----
   1 !   26.9   0.2   2.9e-08   9.1e-06       2      32 ..     294     323 ..     293     324 .. 0.92

  Alignments for each domain:
  == domain 1  score: 26.9 bits;  conditional E-value: 2.9e-08
                                                                Round3_FinalIHelix   2 keaeglalllfiagletisnsllsslLfyll 32 
                                                                                       +++++++l+++ a+++t+s+s+ +++Lf ++
  sid|6201|pid|4220|hfid|316|sfid|19|gi|511868515|taxonID|9669|Mustelaputoriusfuro 294 ENVNQCILEMLVAAPDTMSVSV-FFMLFLIA 323
                                                                                       789*******************.6****987 PP

>> sid|6213|pid|4229|hfid|316|sfid|19|gb|AAM95462.1|gi|22475179|taxonID|8319|Pleurodeleswaltl  
   #    score  bias  c-Evalue  i-Evalue hmmfrom  hmm to    alifrom  ali to    envfrom  env to     acc
 ---   ------ ----- --------- --------- ------- -------    ------- -------    ------- -------    ----
   1 !   26.8   0.5     3e-08   9.3e-06       3      32 ..     301     329 ..     299     330 .. 0.91

  Alignments for each domain:
  == domain 1  score: 26.8 bits;  conditional E-value: 3e-08
                                                                          Round3_FinalIHelix   3 eaeglalllfiagletisnsllsslLfyll 32 
                                                                                                 ++++++l+++ia+++t+s+sl+ ++L+ ++
  sid|6213|pid|4229|hfid|316|sfid|19|gb|AAM95462.1|gi|22475179|taxonID|8319|Pleurodeleswaltl 301 NVNQCILEMLIAAPDTMSVSLY-FMLMLIA 329
                                                                                                 789******************9.9999876 PP

>> sid|6166|pid|4195|hfid|316|sfid|19|gi|507557568|taxonID|51337|Jaculusjaculus  
   #    score  bias  c-Evalue  i-Evalue hmmfrom  hmm to    alifrom  ali to    envfrom  env to     acc
 ---   ------ ----- --------- --------- ------- -------    ------- -------    ------- -------    ----
   1 !   26.5   0.1   3.7e-08   1.1e-05       2      30 ..     294     322 ..     292     324 .. 0.84

  Alignments for each domain:
  == domain 1  score: 26.5 bits;  conditional E-value: 3.7e-08
                                                            Round3_FinalIHelix   2 keaeglalllfiagletisnsllsslLfy 30 
                                                                                   +++++++l+++ia+++t+s++++++lL++
  sid|6166|pid|4195|hfid|316|sfid|19|gi|507557568|taxonID|51337|Jaculusjaculus 294 ENVNQCVLEMLIAAPDTMSVTVYFMLLLI 322
                                                                                   577*******************9666655 PP

>> sid|85278|pid|62969|hfid|225|sfid|6|gi|340723208|taxonID|30195|Bombusterrestris  
   #    score  bias  c-Evalue  i-Evalue hmmfrom  hmm to    alifrom  ali to    envfrom  env to     acc
 ---   ------ ----- --------- --------- ------- -------    ------- -------    ------- -------    ----
   1 !   11.5   0.1    0.0026      0.83       8      31 ..     309     331 ..     303     332 .. 0.87
   2 !   14.2   0.3   0.00036      0.11       8      31 ..     536     558 ..     534     559 .. 0.90

  Alignments for each domain:
  == domain 1  score: 11.5 bits;  conditional E-value: 0.0026
                                                               Round3_FinalIHelix   8 alllfiagletisnsllsslLfyl 31 
                                                                                      a++ f+ag+et+++++ s++L+ l
  sid|85278|pid|62969|hfid|225|sfid|6|gi|340723208|taxonID|30195|Bombusterrestris 309 AAIFFAAGFETSAATM-SFTLYEL 331
                                                                                      5678************.9***966 PP

  == domain 2  score: 14.2 bits;  conditional E-value: 0.00036
                                                               Round3_FinalIHelix   8 alllfiagletisnsllsslLfyl 31 
                                                                                      a++lf+ag+et+s ++ s++L+ l
  sid|85278|pid|62969|hfid|225|sfid|6|gi|340723208|taxonID|30195|Bombusterrestris 536 AAILFAAGFETSSTTM-SFTLYEL 558
                                                                                      5789************.9***966 PP

>> sid|6191|pid|4212|hfid|316|sfid|19|gi|602686705|taxonID|118797|Lipotesvexillifer  
   #    score  bias  c-Evalue  i-Evalue hmmfrom  hmm to    alifrom  ali to    envfrom  env to     acc
 ---   ------ ----- --------- --------- ------- -------    ------- -------    ------- -------    ----
   1 !   24.9   0.2   1.2e-07   3.9e-05       2      31 ..     294     323 ..     293     324 .. 0.91

  Alignments for each domain:
  == domain 1  score: 24.9 bits;  conditional E-value: 1.2e-07
                                                                Round3_FinalIHelix   2 keaeglalllfiagletisnsllsslLfyl 31 
                                                                                       +++++++l+++ia+++t+s s+++++L+++
  sid|6191|pid|4212|hfid|316|sfid|19|gi|602686705|taxonID|118797|Lipotesvexillifer 294 ENVNQCVLEMLIAAPDTMSISVFFMMLLIA 323
                                                                                       789*******************99999875 PP

>> sid|99405|pid|75068|hfid|1282|sfid|301|gb|AGN52764.1|gi|510813186|taxonID|195883|Laodelphaxstriatella  
   #    score  bias  c-Evalue  i-Evalue hmmfrom  hmm to    alifrom  ali to    envfrom  env to     acc
 ---   ------ ----- --------- --------- ------- -------    ------- -------    ------- -------    ----
   1 !   25.1   0.4   1.1e-07   3.4e-05       3      32 ..     286     314 ..     285     315 .. 0.93

  Alignments for each domain:
  == domain 1  score: 25.1 bits;  conditional E-value: 1.1e-07
                                                                                     Round3_FinalIHelix   3 eaeglalllfiagletisnsllsslLfyll 32 
                                                                                                             a+ lal+l+++g++tis+++ +s+L++l+
  sid|99405|pid|75068|hfid|1282|sfid|301|gb|AGN52764.1|gi|510813186|taxonID|195883|Laodelphaxstriatella 286 LAYVLALDLILVGIDTISMAV-CSVLYQLA 314
                                                                                                            5789*****************.9*****98 PP

>> sid|6261|pid|4262|hfid|316|sfid|19|sp|Q6QHT9.1|gi|66773993|taxonID|7937|Anguillajaponica  
   #    score  bias  c-Evalue  i-Evalue hmmfrom  hmm to    alifrom  ali to    envfrom  env to     acc
 ---   ------ ----- --------- --------- ------- -------    ------- -------    ------- -------    ----
   1 !   25.9   0.4   5.9e-08   1.9e-05       2      31 ..     307     335 ..     306     336 .. 0.92

  Alignments for each domain:
  == domain 1  score: 25.9 bits;  conditional E-value: 5.9e-08
                                                                        Round3_FinalIHelix   2 keaeglalllfiagletisnsllsslLfyl 31 
                                                                                               +++ +++l+++ia+++t+s sl +++L+ l
  sid|6261|pid|4262|hfid|316|sfid|19|sp|Q6QHT9.1|gi|66773993|taxonID|7937|Anguillajaponica 307 ENVQQCILEMIIAAPDTMSISL-FFMLMLL 335
                                                                                               7889******************.699*987 PP

>> sid|6111|pid|4149|hfid|316|sfid|19|gi|47523920|taxonID|9823|Susscrofa  
   #    score  bias  c-Evalue  i-Evalue hmmfrom  hmm to    alifrom  ali to    envfrom  env to     acc
 ---   ------ ----- --------- --------- ------- -------    ------- -------    ------- -------    ----
   1 !   24.0   0.4   2.5e-07   7.8e-05       2      32 ..     292     321 ..     290     322 .. 0.90

  Alignments for each domain:
  == domain 1  score: 24.0 bits;  conditional E-value: 2.5e-07
                                                     Round3_FinalIHelix   2 keaeglalllfiagletisnsllsslLfyll 32 
                                                                            +++++++l++ ia+++t+s ++ +++Lf ++
  sid|6111|pid|4149|hfid|316|sfid|19|gi|47523920|taxonID|9823|Susscrofa 292 ENVNQCVLEMMIAAPDTMSITV-FFMLFLIA 321
                                                                            577*******************.6****986 PP

>> sid|105378|pid|80480|hfid|354|sfid|35|gi|308496309|taxonID|31234|Caenorhabditisremanei  
   #    score  bias  c-Evalue  i-Evalue hmmfrom  hmm to    alifrom  ali to    envfrom  env to     acc
 ---   ------ ----- --------- --------- ------- -------    ------- -------    ------- -------    ----
   1 !   23.8   0.1   2.9e-07     9e-05       2      32 ..     293     323 ..     292     324 .. 0.91

  Alignments for each domain:
  == domain 1  score: 23.8 bits;  conditional E-value: 2.9e-07
                                                                      Round3_FinalIHelix   2 keaeglalllfiagletisnsllsslLfyll 32 
                                                                                             ++++ l+l+l+i+g+et++++l+s+++++l+
  sid|105378|pid|80480|hfid|354|sfid|35|gi|308496309|taxonID|31234|Caenorhabditisremanei 293 ENLKILVLDLWITGQETTTMTLISAFIQFLN 323
                                                                                             567889**********************997 PP

>> sid|6262|pid|4262|hfid|316|sfid|19|gb|AHM63732.1|gi|595583445|taxonID|7936|Anguillaanguilla  
   #    score  bias  c-Evalue  i-Evalue hmmfrom  hmm to    alifrom  ali to    envfrom  env to     acc
 ---   ------ ----- --------- --------- ------- -------    ------- -------    ------- -------    ----
   1 !   25.4   0.3   8.5e-08   2.7e-05       2      31 ..     307     335 ..     306     336 .. 0.92

  Alignments for each domain:
  == domain 1  score: 25.4 bits;  conditional E-value: 8.5e-08
                                                                           Round3_FinalIHelix   2 keaeglalllfiagletisnsllsslLfyl 31 
                                                                                                  +++ +++l+++ia+++t+s sl +++L+ l
  sid|6262|pid|4262|hfid|316|sfid|19|gb|AHM63732.1|gi|595583445|taxonID|7936|Anguillaanguilla 307 ENVRQCILEMIIAAPDTMSISL-FFMLMLL 335
                                                                                                  7889******************.699*987 PP

>> sid|11387|pid|8179|hfid|1281|sfid|301|gi|170046077|taxonID|7176|Culexquinquefasciatus  
   #    score  bias  c-Evalue  i-Evalue hmmfrom  hmm to    alifrom  ali to    envfrom  env to     acc
 ---   ------ ----- --------- --------- ------- -------    ------- -------    ------- -------    ----
   1 !   24.2   0.4   2.1e-07   6.7e-05       2      32 ..     368     397 ..     367     398 .. 0.92

  Alignments for each domain:
  == domain 1  score: 24.2 bits;  conditional E-value: 2.1e-07
                                                                     Round3_FinalIHelix   2 keaeglalllfiagletisnsllsslLfyll 32 
                                                                                            k a  +al+++++g++tis+++ +s+L++l+
  sid|11387|pid|8179|hfid|1281|sfid|301|gi|170046077|taxonID|7176|Culexquinquefasciatus 368 KLAVVMALDMILVGIDTISMAV-CSILYQLA 397
                                                                                            56789*****************.9*****98 PP

>> sid|11380|pid|8173|hfid|1281|sfid|301|gi|158295296|taxonID|180454|Anophelesgambiaestr.PEST  
   #    score  bias  c-Evalue  i-Evalue hmmfrom  hmm to    alifrom  ali to    envfrom  env to     acc
 ---   ------ ----- --------- --------- ------- -------    ------- -------    ------- -------    ----
   1 !   24.2   0.4     2e-07   6.4e-05       2      32 ..     365     394 ..     364     395 .. 0.92

  Alignments for each domain:
  == domain 1  score: 24.2 bits;  conditional E-value: 2e-07
                                                                          Round3_FinalIHelix   2 keaeglalllfiagletisnsllsslLfyll 32 
                                                                                                 k a  +al+l+++g++tis+++ +s+L++l+
  sid|11380|pid|8173|hfid|1281|sfid|301|gi|158295296|taxonID|180454|Anophelesgambiaestr.PEST 365 KLAVVMALDLILVGIDTISMAV-CSILYQLA 394
                                                                                                 56789*****************.9*****98 PP

>> sid|105379|pid|80481|hfid|354|sfid|35|gb|EGT42727.1|gi|341886792|taxonID|135651|Caenorhabditisbrenneri  
   #    score  bias  c-Evalue  i-Evalue hmmfrom  hmm to    alifrom  ali to    envfrom  env to     acc
 ---   ------ ----- --------- --------- ------- -------    ------- -------    ------- -------    ----
   1 !   25.3   0.1   9.3e-08   2.9e-05       2      32 ..     293     323 ..     292     324 .. 0.93

  Alignments for each domain:
  == domain 1  score: 25.3 bits;  conditional E-value: 9.3e-08
                                                                                      Round3_FinalIHelix   2 keaeglalllfiagletisnsllsslLfyll 32 
                                                                                                             ++++ ++l+l+i+g+et++++l+s+++++l+
  sid|105379|pid|80481|hfid|354|sfid|35|gb|EGT42727.1|gi|341886792|taxonID|135651|Caenorhabditisbrenneri 293 ENLKVIVLDLWITGQETTTMTLISAFIRFLN 323
                                                                                                             6789***********************9996 PP

>> sid|11383|pid|8175|hfid|1281|sfid|301|gb|ETN65528.1|gi|568257189|taxonID|43151|Anophelesdarlingi  
   #    score  bias  c-Evalue  i-Evalue hmmfrom  hmm to    alifrom  ali to    envfrom  env to     acc
 ---   ------ ----- --------- --------- ------- -------    ------- -------    ------- -------    ----
   1 !   24.2   0.4   2.1e-07   6.5e-05       2      32 ..     372     401 ..     371     402 .. 0.92

  Alignments for each domain:
  == domain 1  score: 24.2 bits;  conditional E-value: 2.1e-07
                                                                                Round3_FinalIHelix   2 keaeglalllfiagletisnsllsslLfyll 32 
                                                                                                       k a  +al+l+++g++tis+++ +s+L++l+
  sid|11383|pid|8175|hfid|1281|sfid|301|gb|ETN65528.1|gi|568257189|taxonID|43151|Anophelesdarlingi 372 KLAVVMALDLILVGIDTISMAV-CSILYQLA 401
                                                                                                       56789*****************.9*****98 PP

>> sid|11402|pid|8194|hfid|1281|sfid|301|gi|557755455|taxonID|7370|Muscadomestica  
   #    score  bias  c-Evalue  i-Evalue hmmfrom  hmm to    alifrom  ali to    envfrom  env to     acc
 ---   ------ ----- --------- --------- ------- -------    ------- -------    ------- -------    ----
   1 !   23.8   0.4   2.9e-07     9e-05       7      32 ..     379     403 ..     373     404 .. 0.91

  Alignments for each domain:
  == domain 1  score: 23.8 bits;  conditional E-value: 2.9e-07
                                                              Round3_FinalIHelix   7 lalllfiagletisnsllsslLfyll 32 
                                                                                     +al+l+++g++tis+++ +s+L++l+
  sid|11402|pid|8194|hfid|1281|sfid|301|gi|557755455|taxonID|7370|Muscadomestica 379 MALDLILVGIDTISMAV-CSMLYQLA 403
                                                                                     89***************.9*****98 PP

>> sid|6126|pid|4163|hfid|316|sfid|19|dbj|BAD12119.1|gi|44886090|taxonID|8330|Cynopspyrrhogaster  
   #    score  bias  c-Evalue  i-Evalue hmmfrom  hmm to    alifrom  ali to    envfrom  env to     acc
 ---   ------ ----- --------- --------- ------- -------    ------- -------    ------- -------    ----
   1 !   25.1   0.5   1.1e-07   3.4e-05       3      32 ..     295     323 ..     293     324 .. 0.91

  Alignments for each domain:
  == domain 1  score: 25.1 bits;  conditional E-value: 1.1e-07
                                                                             Round3_FinalIHelix   3 eaeglalllfiagletisnsllsslLfyll 32 
                                                                                                    ++++++l+++ia+++t s++l+ ++L+ ++
  sid|6126|pid|4163|hfid|316|sfid|19|dbj|BAD12119.1|gi|44886090|taxonID|8330|Cynopspyrrhogaster 295 NVNQCILEMLIAAPDTLSVTLY-FMLMLIA 323
                                                                                                    789******************9.9999876 PP

>> sid|6122|pid|4159|hfid|316|sfid|19|gi|611969675|taxonID|13616|Monodelphisdomestica  
   #    score  bias  c-Evalue  i-Evalue hmmfrom  hmm to    alifrom  ali to    envfrom  env to     acc
 ---   ------ ----- --------- --------- ------- -------    ------- -------    ------- -------    ----
   1 !   25.0   0.2   1.2e-07   3.7e-05       2      30 ..     294     322 ..     293     324 .. 0.86

  Alignments for each domain:
  == domain 1  score: 25.0 bits;  conditional E-value: 1.2e-07
                                                                  Round3_FinalIHelix   2 keaeglalllfiagletisnsllsslLfy 30 
                                                                                         +++++++l+++ia+++t s++++++lL++
  sid|6122|pid|4159|hfid|316|sfid|19|gi|611969675|taxonID|13616|Monodelphisdomestica 294 ENVNQCILEMLIAAPDTLSVTVYFMLLLI 322
                                                                                         688*******************9666655 PP

>> sid|11412|pid|8200|hfid|1281|sfid|301|gi|195455871|taxonID|7260|Drosophilawillistoni  
   #    score  bias  c-Evalue  i-Evalue hmmfrom  hmm to    alifrom  ali to    envfrom  env to     acc
 ---   ------ ----- --------- --------- ------- -------    ------- -------    ------- -------    ----
   1 !   23.9   0.4   2.7e-07   8.4e-05       7      32 ..     349     373 ..     343     374 .. 0.91

  Alignments for each domain:
  == domain 1  score: 23.9 bits;  conditional E-value: 2.7e-07
                                                                    Round3_FinalIHelix   7 lalllfiagletisnsllsslLfyll 32 
                                                                                           +al+l+++g++tis+++ +s+L++l+
  sid|11412|pid|8200|hfid|1281|sfid|301|gi|195455871|taxonID|7260|Drosophilawillistoni 349 MALDLILVGIDTISMAV-CSMLYQLA 373
                                                                                           89***************.9*****98 PP

>> sid|6390|pid|4356|hfid|316|sfid|19|gb|ABD62880.1|gi|89152376|taxonID|8049|Gadusmorhua  
   #    score  bias  c-Evalue  i-Evalue hmmfrom  hmm to    alifrom  ali to    envfrom  env to     acc
 ---   ------ ----- --------- --------- ------- -------    ------- -------    ------- -------    ----
   1 ?    0.8   0.0       7.5   2.3e+03      11      30 ..     104     122 ..      96     125 .. 0.83
   2 !   20.1   0.1   4.3e-06    0.0013       3      31 ..     317     344 ..     315     345 .. 0.86

  Alignments for each domain:
  == domain 1  score: 0.8 bits;  conditional E-value: 7.5
                                                                     Round3_FinalIHelix  11 lfiagletisnsllsslLfy 30 
                                                                                            ++i+g et + s+ ss+++ 
  sid|6390|pid|4356|hfid|316|sfid|19|gb|ABD62880.1|gi|89152376|taxonID|8049|Gadusmorhua 104 VWINGEETLILSS-SSTVRH 122
                                                                                            799999***9999.998875 PP

  == domain 2  score: 20.1 bits;  conditional E-value: 4.3e-06
                                                                     Round3_FinalIHelix   3 eaeglalllfiagletisnsllsslLfyl 31 
                                                                                            ++ +++l++ iag++t s+sll ++L+ l
  sid|6390|pid|4356|hfid|316|sfid|19|gb|ABD62880.1|gi|89152376|taxonID|8049|Gadusmorhua 317 HVRQCVLEMVIAGPDTLSVSLL-FMLLLL 344
                                                                                            6789*****************6.777655 PP

>> sid|6359|pid|4334|hfid|316|sfid|19|dbj|BAJ19136.1|gi|307548819|taxonID|75329|Misgurnusanguillicaudatus  
   #    score  bias  c-Evalue  i-Evalue hmmfrom  hmm to    alifrom  ali to    envfrom  env to     acc
 ---   ------ ----- --------- --------- ------- -------    ------- -------    ------- -------    ----
   1 !   24.9   0.1   1.2e-07   3.8e-05       2      31 ..     313     341 ..     312     343 .. 0.91

  Alignments for each domain:
  == domain 1  score: 24.9 bits;  conditional E-value: 1.2e-07
                                                                                      Round3_FinalIHelix   2 keaeglalllfiagletisnsllsslLfyl 31 
                                                                                                             +++++++l++ iag++t s+sl +++L++l
  sid|6359|pid|4334|hfid|316|sfid|19|dbj|BAJ19136.1|gi|307548819|taxonID|75329|Misgurnusanguillicaudatus 313 ENVKQCVLEMVIAGPDTLSVSL-FFMLLIL 341
                                                                                                             789*******************.6999887 PP

>> sid|11394|pid|8186|hfid|1281|sfid|301|gb|EAT33149.2|gi|403183452|gi|157105917|taxonID|7159|Aedesaegypti  
   #    score  bias  c-Evalue  i-Evalue hmmfrom  hmm to    alifrom  ali to    envfrom  env to     acc
 ---   ------ ----- --------- --------- ------- -------    ------- -------    ------- -------    ----
   1 !   23.8   0.4   2.8e-07   8.8e-05       3      32 ..     377     405 ..     375     406 .. 0.91

  Alignments for each domain:
  == domain 1  score: 23.8 bits;  conditional E-value: 2.8e-07
                                                                                       Round3_FinalIHelix   3 eaeglalllfiagletisnsllsslLfyll 32 
                                                                                                               a  +al+l+++g++tis+++ +s+L++l+
  sid|11394|pid|8186|hfid|1281|sfid|301|gb|EAT33149.2|gi|403183452|gi|157105917|taxonID|7159|Aedesaegypti 377 LAVVMALDLILVGIDTISMAV-CSILYQLA 405
                                                                                                              5689*****************.9*****98 PP

>> sid|91911|pid|68598|hfid|225|sfid|6|gi|350418750|taxonID|132113|Bombusimpatiens  
   #    score  bias  c-Evalue  i-Evalue hmmfrom  hmm to    alifrom  ali to    envfrom  env to     acc
 ---   ------ ----- --------- --------- ------- -------    ------- -------    ------- -------    ----
   1 !   11.7   0.2    0.0023      0.72       8      28 ..     320     339 ..     318     344 .. 0.88
   2 !   12.1   0.2    0.0017      0.54       9      32 ..     479     501 ..     474     502 .. 0.88

  Alignments for each domain:
  == domain 1  score: 11.7 bits;  conditional E-value: 0.0023
                                                               Round3_FinalIHelix   8 alllfiagletisnsllsslL 28 
                                                                                      a++lf+ag+et+s ++ s++L
  sid|91911|pid|68598|hfid|225|sfid|6|gi|350418750|taxonID|132113|Bombusimpatiens 320 AAILFAAGFETSSTTM-SFTL 339
                                                                                      5789************.9998 PP

  == domain 2  score: 12.1 bits;  conditional E-value: 0.0017
                                                               Round3_FinalIHelix   9 lllfiagletisnsllsslLfyll 32 
                                                                                      ++ f+ag+et+++++ s++L+ l+
  sid|91911|pid|68598|hfid|225|sfid|6|gi|350418750|taxonID|132113|Bombusimpatiens 479 AIFFAAGFETSAATM-SFTLYELA 501
                                                                                      6789***********.9***9887 PP

>> sid|11409|pid|8199|hfid|1281|sfid|301|gi|195582799|taxonID|7240|Drosophilasimulans  
   #    score  bias  c-Evalue  i-Evalue hmmfrom  hmm to    alifrom  ali to    envfrom  env to     acc
 ---   ------ ----- --------- --------- ------- -------    ------- -------    ------- -------    ----
   1 !   23.9   0.4   2.7e-07   8.5e-05       7      32 ..     353     377 ..     347     378 .. 0.91

  Alignments for each domain:
  == domain 1  score: 23.9 bits;  conditional E-value: 2.7e-07
                                                                  Round3_FinalIHelix   7 lalllfiagletisnsllsslLfyll 32 
                                                                                         +al+l+++g++tis+++ +s+L++l+
  sid|11409|pid|8199|hfid|1281|sfid|301|gi|195582799|taxonID|7240|Drosophilasimulans 353 MALDLILVGIDTISMAV-CSMLYQLA 377
                                                                                         89***************.9*****98 PP

>> sid|6183|pid|4207|hfid|316|sfid|19|gi|395503248|taxonID|9305|Sarcophilusharrisii  
   #    score  bias  c-Evalue  i-Evalue hmmfrom  hmm to    alifrom  ali to    envfrom  env to     acc
 ---   ------ ----- --------- --------- ------- -------    ------- -------    ------- -------    ----
   1 !   24.9   0.2   1.2e-07   3.9e-05       2      30 ..     315     343 ..     314     345 .. 0.86

  Alignments for each domain:
  == domain 1  score: 24.9 bits;  conditional E-value: 1.2e-07
                                                                Round3_FinalIHelix   2 keaeglalllfiagletisnsllsslLfy 30 
                                                                                       +++++++l+++ia+++t s++++++lL++
  sid|6183|pid|4207|hfid|316|sfid|19|gi|395503248|taxonID|9305|Sarcophilusharrisii 315 ENVNQCILEMLIAAPDTLSVTVYFMLLLI 343
                                                                                       688*******************9666655 PP

>> sid|11389|pid|8181|hfid|1281|sfid|301|gi|195485293|taxonID|7245|Drosophilayakuba  
   #    score  bias  c-Evalue  i-Evalue hmmfrom  hmm to    alifrom  ali to    envfrom  env to     acc
 ---   ------ ----- --------- --------- ------- -------    ------- -------    ------- -------    ----
   1 !   23.9   0.4   2.7e-07   8.5e-05       7      32 ..     353     377 ..     347     378 .. 0.91

  Alignments for each domain:
  == domain 1  score: 23.9 bits;  conditional E-value: 2.7e-07
                                                                Round3_FinalIHelix   7 lalllfiagletisnsllsslLfyll 32 
                                                                                       +al+l+++g++tis+++ +s+L++l+
  sid|11389|pid|8181|hfid|1281|sfid|301|gi|195485293|taxonID|7245|Drosophilayakuba 353 MALDLILVGIDTISMAV-CSMLYQLA 377
                                                                                       89***************.9*****98 PP

>> sid|11411|pid|8199|hfid|1281|sfid|301|gi|195333812|taxonID|7238|Drosophilasechellia  
   #    score  bias  c-Evalue  i-Evalue hmmfrom  hmm to    alifrom  ali to    envfrom  env to     acc
 ---   ------ ----- --------- --------- ------- -------    ------- -------    ------- -------    ----
   1 !   23.9   0.4   2.7e-07   8.5e-05       7      32 ..     353     377 ..     347     378 .. 0.91

  Alignments for each domain:
  == domain 1  score: 23.9 bits;  conditional E-value: 2.7e-07
                                                                   Round3_FinalIHelix   7 lalllfiagletisnsllsslLfyll 32 
                                                                                          +al+l+++g++tis+++ +s+L++l+
  sid|11411|pid|8199|hfid|1281|sfid|301|gi|195333812|taxonID|7238|Drosophilasechellia 353 MALDLILVGIDTISMAV-CSMLYQLA 377
                                                                                          89***************.9*****98 PP

>> sid|11410|pid|8199|hfid|1281|sfid|301|gi|19922108|taxonID|7227|Drosophilamelanogaster  
   #    score  bias  c-Evalue  i-Evalue hmmfrom  hmm to    alifrom  ali to    envfrom  env to     acc
 ---   ------ ----- --------- --------- ------- -------    ------- -------    ------- -------    ----
   1 !   23.9   0.4   2.7e-07   8.5e-05       7      32 ..     353     377 ..     347     378 .. 0.91

  Alignments for each domain:
  == domain 1  score: 23.9 bits;  conditional E-value: 2.7e-07
                                                                     Round3_FinalIHelix   7 lalllfiagletisnsllsslLfyll 32 
                                                                                            +al+l+++g++tis+++ +s+L++l+
  sid|11410|pid|8199|hfid|1281|sfid|301|gi|19922108|taxonID|7227|Drosophilamelanogaster 353 MALDLILVGIDTISMAV-CSMLYQLA 377
                                                                                            89***************.9*****98 PP

>> sid|11408|pid|8198|hfid|1281|sfid|301|gi|194883602|taxonID|7220|Drosophilaerecta  
   #    score  bias  c-Evalue  i-Evalue hmmfrom  hmm to    alifrom  ali to    envfrom  env to     acc
 ---   ------ ----- --------- --------- ------- -------    ------- -------    ------- -------    ----
   1 !   23.9   0.4   2.7e-07   8.5e-05       7      32 ..     353     377 ..     347     378 .. 0.91

  Alignments for each domain:
  == domain 1  score: 23.9 bits;  conditional E-value: 2.7e-07
                                                                Round3_FinalIHelix   7 lalllfiagletisnsllsslLfyll 32 
                                                                                       +al+l+++g++tis+++ +s+L++l+
  sid|11408|pid|8198|hfid|1281|sfid|301|gi|194883602|taxonID|7220|Drosophilaerecta 353 MALDLILVGIDTISMAV-CSMLYQLA 377
                                                                                       89***************.9*****98 PP

>> sid|11419|pid|8206|hfid|1281|sfid|301|gi|125810259|taxonID|46245|Drosophilapseudoobscurapseudoobscura  
   #    score  bias  c-Evalue  i-Evalue hmmfrom  hmm to    alifrom  ali to    envfrom  env to     acc
 ---   ------ ----- --------- --------- ------- -------    ------- -------    ------- -------    ----
   1 !   23.8   0.4   2.7e-07   8.6e-05       7      32 ..     358     382 ..     352     383 .. 0.91

  Alignments for each domain:
  == domain 1  score: 23.8 bits;  conditional E-value: 2.7e-07
                                                                                     Round3_FinalIHelix   7 lalllfiagletisnsllsslLfyll 32 
                                                                                                            +al+l+++g++tis+++ +s+L++l+
  sid|11419|pid|8206|hfid|1281|sfid|301|gi|125810259|taxonID|46245|Drosophilapseudoobscurapseudoobscura 358 MALDLILVGIDTISMAV-CSMLYQLA 382
                                                                                                            89***************.9*****98 PP

>> sid|11418|pid|8206|hfid|1281|sfid|301|gi|195175401|taxonID|7234|Drosophilapersimilis  
   #    score  bias  c-Evalue  i-Evalue hmmfrom  hmm to    alifrom  ali to    envfrom  env to     acc
 ---   ------ ----- --------- --------- ------- -------    ------- -------    ------- -------    ----
   1 !   23.8   0.4   2.7e-07   8.6e-05       7      32 ..     358     382 ..     352     383 .. 0.91

  Alignments for each domain:
  == domain 1  score: 23.8 bits;  conditional E-value: 2.7e-07
                                                                    Round3_FinalIHelix   7 lalllfiagletisnsllsslLfyll 32 
                                                                                           +al+l+++g++tis+++ +s+L++l+
  sid|11418|pid|8206|hfid|1281|sfid|301|gi|195175401|taxonID|7234|Drosophilapersimilis 358 MALDLILVGIDTISMAV-CSMLYQLA 382
                                                                                           89***************.9*****98 PP

>> sid|11401|pid|8193|hfid|1281|sfid|301|gi|194756494|taxonID|7217|Drosophilaananassae  
   #    score  bias  c-Evalue  i-Evalue hmmfrom  hmm to    alifrom  ali to    envfrom  env to     acc
 ---   ------ ----- --------- --------- ------- -------    ------- -------    ------- -------    ----
   1 !   23.8   0.4   2.8e-07   8.7e-05       7      32 ..     363     387 ..     357     388 .. 0.91

  Alignments for each domain:
  == domain 1  score: 23.8 bits;  conditional E-value: 2.8e-07
                                                                   Round3_FinalIHelix   7 lalllfiagletisnsllsslLfyll 32 
                                                                                          +al+l+++g++tis+++ +s+L++l+
  sid|11401|pid|8193|hfid|1281|sfid|301|gi|194756494|taxonID|7217|Drosophilaananassae 363 MALDLILVGIDTISMAV-CSMLYQLA 387
                                                                                          89***************.9*****98 PP

>> sid|61575|pid|43624|hfid|596|sfid|76|gi|357506985|taxonID|3880|Medicagotruncatula  
   #    score  bias  c-Evalue  i-Evalue hmmfrom  hmm to    alifrom  ali to    envfrom  env to     acc
 ---   ------ ----- --------- --------- ------- -------    ------- -------    ------- -------    ----
   1 ?    8.7   0.3      0.02       6.4       8      26 ..     174     191 ..     169     192 .. 0.83
   2 !   14.5   0.1   0.00027     0.085       6      23 ..     299     316 ..     294     325 .. 0.82

  Alignments for each domain:
  == domain 1  score: 8.7 bits;  conditional E-value: 0.02
                                                                 Round3_FinalIHelix   8 alllfiagletisnsllss 26 
                                                                                        ++ +f+++l++isn+l+ s
  sid|61575|pid|43624|hfid|596|sfid|76|gi|357506985|taxonID|3880|Medicagotruncatula 174 GEAVFNTVLNSISNTLF-S 191
                                                                                        5668************5.6 PP

  == domain 2  score: 14.5 bits;  conditional E-value: 0.00027
                                                                 Round3_FinalIHelix   6 glalllfiagletisnsl 23 
                                                                                         l+l+lf+ag++t+sn+ 
  sid|61575|pid|43624|hfid|596|sfid|76|gi|357506985|taxonID|3880|Medicagotruncatula 299 HLFLDLFFAGIDTTSNTI 316
                                                                                        699*************97 PP

>> sid|6193|pid|4214|hfid|316|sfid|19|gi|564730659|taxonID|8496|Alligatormississippiensis  
   #    score  bias  c-Evalue  i-Evalue hmmfrom  hmm to    alifrom  ali to    envfrom  env to     acc
 ---   ------ ----- --------- --------- ------- -------    ------- -------    ------- -------    ----
   1 !   22.8   0.5   6.1e-07   0.00019       2      32 ..     294     323 ..     293     324 .. 0.86

  Alignments for each domain:
  == domain 1  score: 22.8 bits;  conditional E-value: 6.1e-07
                                                                      Round3_FinalIHelix   2 keaeglalllfiagletisnsllsslLfyll 32 
                                                                                             +++++++l++ ia+++t s++l+ ++L  ++
  sid|6193|pid|4214|hfid|316|sfid|19|gi|564730659|taxonID|8496|Alligatormississippiensis 294 ENVNQCVLEMMIAAPDTLSVTLF-FMLVLIA 323
                                                                                             789*******************5.7776655 PP

>> sid|6362|pid|4337|hfid|316|sfid|19|gb|ACM51147.1|gi|222433606|taxonID|8153|Haplochromisburtoni  
   #    score  bias  c-Evalue  i-Evalue hmmfrom  hmm to    alifrom  ali to    envfrom  env to     acc
 ---   ------ ----- --------- --------- ------- -------    ------- -------    ------- -------    ----
   1 !   22.5   0.2   7.3e-07   0.00023       3      31 ..     171     198 ..     169     199 .. 0.91

  Alignments for each domain:
  == domain 1  score: 22.5 bits;  conditional E-value: 7.3e-07
                                                                              Round3_FinalIHelix   3 eaeglalllfiagletisnsllsslLfyl 31 
                                                                                                     ++ +++l+++ia+++t s sl +++L+ l
  sid|6362|pid|4337|hfid|316|sfid|19|gb|ACM51147.1|gi|222433606|taxonID|8153|Haplochromisburtoni 171 NVRQCVLEMIIAAPDTLSISL-FFMLMLL 198
                                                                                                     6789*****************.699*987 PP

>> sid|6134|pid|4169|hfid|316|sfid|19|gi|326926613|taxonID|9103|Meleagrisgallopavo  
   #    score  bias  c-Evalue  i-Evalue hmmfrom  hmm to    alifrom  ali to    envfrom  env to     acc
 ---   ------ ----- --------- --------- ------- -------    ------- -------    ------- -------    ----
   1 !   22.7   0.6   6.6e-07   0.00021       2      32 ..     293     322 ..     292     323 .. 0.86

  Alignments for each domain:
  == domain 1  score: 22.7 bits;  conditional E-value: 6.6e-07
                                                               Round3_FinalIHelix   2 keaeglalllfiagletisnsllsslLfyll 32 
                                                                                      +++++++l++ ia+++t s++l+ ++L  ++
  sid|6134|pid|4169|hfid|316|sfid|19|gi|326926613|taxonID|9103|Meleagrisgallopavo 293 ENVNQCVLEMMIAAPDTLSVTLF-FMLILIA 322
                                                                                      789*******************5.7776655 PP

>> sid|6147|pid|4179|hfid|316|sfid|19|gb|AAC04699.1|gi|2921280|taxonID|9796|Equuscaballus  
   #    score  bias  c-Evalue  i-Evalue hmmfrom  hmm to    alifrom  ali to    envfrom  env to     acc
 ---   ------ ----- --------- --------- ------- -------    ------- -------    ------- -------    ----
   1 !   23.6   0.2   3.4e-07   0.00011       2      30 ..     294     322 ..     292     324 .. 0.85

  Alignments for each domain:
  == domain 1  score: 23.6 bits;  conditional E-value: 3.4e-07
                                                                      Round3_FinalIHelix   2 keaeglalllfiagletisnsllsslLfy 30 
                                                                                             +++++++l++ ia+++t s++++++l+++
  sid|6147|pid|4179|hfid|316|sfid|19|gb|AAC04699.1|gi|2921280|taxonID|9796|Equuscaballus 294 ENVNQCILEMMIAAPDTLSVTVFFMLCLI 322
                                                                                             577*******************8776665 PP

>> sid|6218|pid|4233|hfid|316|sfid|19|gb|EMP29127.1|gi|465960938|taxonID|8469|Cheloniamydas  
   #    score  bias  c-Evalue  i-Evalue hmmfrom  hmm to    alifrom  ali to    envfrom  env to     acc
 ---   ------ ----- --------- --------- ------- -------    ------- -------    ------- -------    ----
   1 !   22.9   0.3   5.4e-07   0.00017       2      32 ..     156     185 ..     155     186 .. 0.86

  Alignments for each domain:
  == domain 1  score: 22.9 bits;  conditional E-value: 5.4e-07
                                                                        Round3_FinalIHelix   2 keaeglalllfiagletisnsllsslLfyll 32 
                                                                                               +++++++l++ ia+++t s++l+ ++L  ++
  sid|6218|pid|4233|hfid|316|sfid|19|gb|EMP29127.1|gi|465960938|taxonID|8469|Cheloniamydas 156 ENVNQCVLEMMIAAPDTLSVTLF-FMLVLIA 185
                                                                                               688*******************5.7776655 PP

>> sid|11815|pid|8536|hfid|360|sfid|39|gi|530382130|taxonID|9606|Homosapiens  
   #    score  bias  c-Evalue  i-Evalue hmmfrom  hmm to    alifrom  ali to    envfrom  env to     acc
 ---   ------ ----- --------- --------- ------- -------    ------- -------    ------- -------    ----
   1 !   22.1   0.1   9.6e-07    0.0003       2      32 ..     261     290 ..     260     291 .. 0.92

  Alignments for each domain:
  == domain 1  score: 22.1 bits;  conditional E-value: 9.6e-07
                                                         Round3_FinalIHelix   2 keaeglalllfiagletisnsllsslLfyll 32 
                                                                                +++++++lll++a+l+++++++ +++L+y+l
  sid|11815|pid|8536|hfid|360|sfid|39|gi|530382130|taxonID|9606|Homosapiens 261 ENSPNYGLLLLWASLSNAVPVA-FWTLAYVL 290
                                                                                677*******************.6*****97 PP

>> sid|11756|pid|8495|hfid|360|sfid|39|gi|525313655|taxonID|9606|Homosapiens  
   #    score  bias  c-Evalue  i-Evalue hmmfrom  hmm to    alifrom  ali to    envfrom  env to     acc
 ---   ------ ----- --------- --------- ------- -------    ------- -------    ------- -------    ----
   1 !   22.0   0.1     1e-06   0.00033       2      32 ..     241     270 ..     240     271 .. 0.92

  Alignments for each domain:
  == domain 1  score: 22.0 bits;  conditional E-value: 1e-06
                                                         Round3_FinalIHelix   2 keaeglalllfiagletisnsllsslLfyll 32 
                                                                                +++++++lll++a+l+++++++ +++L+y+l
  sid|11756|pid|8495|hfid|360|sfid|39|gi|525313655|taxonID|9606|Homosapiens 241 ENSPNYGLLLLWASLSNAVPVA-FWTLAYVL 270
                                                                                677*******************.6*****97 PP

>> sid|11757|pid|8495|hfid|360|sfid|39|dbj|BAH13522.1|gi|221043690|taxonID|9606|Homosapiens  
   #    score  bias  c-Evalue  i-Evalue hmmfrom  hmm to    alifrom  ali to    envfrom  env to     acc
 ---   ------ ----- --------- --------- ------- -------    ------- -------    ------- -------    ----
   1 !   22.0   0.1     1e-06   0.00033       2      32 ..     241     270 ..     240     271 .. 0.92

  Alignments for each domain:
  == domain 1  score: 22.0 bits;  conditional E-value: 1e-06
                                                                        Round3_FinalIHelix   2 keaeglalllfiagletisnsllsslLfyll 32 
                                                                                               +++++++lll++a+l+++++++ +++L+y+l
  sid|11757|pid|8495|hfid|360|sfid|39|dbj|BAH13522.1|gi|221043690|taxonID|9606|Homosapiens 241 ENSPNYGLLLLWASLSNAVPVA-FWTLAYVL 270
                                                                                               677*******************.6*****97 PP

>> sid|11814|pid|8536|hfid|360|sfid|39|gi|32313587|taxonID|9606|Homosapiens  
   #    score  bias  c-Evalue  i-Evalue hmmfrom  hmm to    alifrom  ali to    envfrom  env to     acc
 ---   ------ ----- --------- --------- ------- -------    ------- -------    ------- -------    ----
   1 !   21.9   0.1   1.1e-06   0.00035       2      32 ..     261     290 ..     260     291 .. 0.92

  Alignments for each domain:
  == domain 1  score: 21.9 bits;  conditional E-value: 1.1e-06
                                                        Round3_FinalIHelix   2 keaeglalllfiagletisnsllsslLfyll 32 
                                                                               +++++++lll++a+l+++++++ +++L+y+l
  sid|11814|pid|8536|hfid|360|sfid|39|gi|32313587|taxonID|9606|Homosapiens 261 ENSPNYGLLLLWASLSNAVPVA-FWTLAYVL 290
                                                                               677*******************.6*****97 PP

>> sid|10880|pid|7754|hfid|31|sfid|2|gb|EPY78829.1|gi|528759170|taxonID|419612|Camelusferus  
   #    score  bias  c-Evalue  i-Evalue hmmfrom  hmm to    alifrom  ali to    envfrom  env to     acc
 ---   ------ ----- --------- --------- ------- -------    ------- -------    ------- -------    ----
   1 !   11.6   0.4    0.0023      0.73       8      30 ..     222     243 ..     215     246 .. 0.78
   2 !   13.5   0.4   0.00059      0.19       2      30 ..     685     712 ..     683     715 .. 0.78

  Alignments for each domain:
  == domain 1  score: 11.6 bits;  conditional E-value: 0.0023
                                                                        Round3_FinalIHelix   8 alllfiagletisnsllsslLfy 30 
                                                                                                l+lf+ag et+s +l ++ L+y
  sid|10880|pid|7754|hfid|31|sfid|2|gb|EPY78829.1|gi|528759170|taxonID|419612|Camelusferus 222 TLDLFFAGTETTSTTL-CWGLLY 243
                                                                                               58**************.885554 PP

  == domain 2  score: 13.5 bits;  conditional E-value: 0.00059
                                                                        Round3_FinalIHelix   2 keaeglalllfiagletisnsllsslLfy 30 
                                                                                               +++  + l+lf+ag et+s +l ++ L+y
  sid|10880|pid|7754|hfid|31|sfid|2|gb|EPY78829.1|gi|528759170|taxonID|419612|Camelusferus 685 ENLIYITLDLFFAGTETTSTTL-CWGLLY 712
                                                                                               4557789***************.885554 PP

>> sid|11753|pid|8495|hfid|360|sfid|39|gi|397526685|taxonID|9597|Panpaniscus  
   #    score  bias  c-Evalue  i-Evalue hmmfrom  hmm to    alifrom  ali to    envfrom  env to     acc
 ---   ------ ----- --------- --------- ------- -------    ------- -------    ------- -------    ----
   1 !   22.0   0.1     1e-06   0.00033       2      32 ..     241     270 ..     240     271 .. 0.92

  Alignments for each domain:
  == domain 1  score: 22.0 bits;  conditional E-value: 1e-06
                                                         Round3_FinalIHelix   2 keaeglalllfiagletisnsllsslLfyll 32 
                                                                                +++++++lll++a+l+++++++ +++L+y+l
  sid|11753|pid|8495|hfid|360|sfid|39|gi|397526685|taxonID|9597|Panpaniscus 241 ENSPNYGLLLLWASLSNAVPVA-FWTLAYVL 270
                                                                                677*******************.6*****97 PP

>> sid|11754|pid|8495|hfid|360|sfid|39|gi|332824336|taxonID|9598|Pantroglodytes  
   #    score  bias  c-Evalue  i-Evalue hmmfrom  hmm to    alifrom  ali to    envfrom  env to     acc
 ---   ------ ----- --------- --------- ------- -------    ------- -------    ------- -------    ----
   1 !   22.0   0.1     1e-06   0.00033       2      32 ..     241     270 ..     240     271 .. 0.92

  Alignments for each domain:
  == domain 1  score: 22.0 bits;  conditional E-value: 1e-06
                                                            Round3_FinalIHelix   2 keaeglalllfiagletisnsllsslLfyll 32 
                                                                                   +++++++lll++a+l+++++++ +++L+y+l
  sid|11754|pid|8495|hfid|360|sfid|39|gi|332824336|taxonID|9598|Pantroglodytes 241 ENSPNYGLLLLWASLSNAVPVA-FWTLAYVL 270
                                                                                   677*******************.6*****97 PP

>> sid|11759|pid|8497|hfid|360|sfid|39|gi|397526683|taxonID|9597|Panpaniscus  
   #    score  bias  c-Evalue  i-Evalue hmmfrom  hmm to    alifrom  ali to    envfrom  env to     acc
 ---   ------ ----- --------- --------- ------- -------    ------- -------    ------- -------    ----
   1 !   21.9   0.1   1.1e-06   0.00035       2      32 ..     261     290 ..     260     291 .. 0.92

  Alignments for each domain:
  == domain 1  score: 21.9 bits;  conditional E-value: 1.1e-06
                                                         Round3_FinalIHelix   2 keaeglalllfiagletisnsllsslLfyll 32 
                                                                                +++++++lll++a+l+++++++ +++L+y+l
  sid|11759|pid|8497|hfid|360|sfid|39|gi|397526683|taxonID|9597|Panpaniscus 261 ENSPNYGLLLLWASLSNAVPVA-FWTLAYVL 290
                                                                                677*******************.6*****97 PP

>> sid|6374|pid|4347|hfid|316|sfid|19|gb|AGN52746.1|gi|510813086|taxonID|111304|Acipenserschrenckii  
   #    score  bias  c-Evalue  i-Evalue hmmfrom  hmm to    alifrom  ali to    envfrom  env to     acc
 ---   ------ ----- --------- --------- ------- -------    ------- -------    ------- -------    ----
   1 !   24.1   0.2   2.3e-07   7.3e-05       3      32 ..     274     302 ..     272     303 .. 0.91

  Alignments for each domain:
  == domain 1  score: 24.1 bits;  conditional E-value: 2.3e-07
                                                                                Round3_FinalIHelix   3 eaeglalllfiagletisnsllsslLfyll 32 
                                                                                                       ++++++l+++ia+++t+s++l + +L+ ++
  sid|6374|pid|4347|hfid|316|sfid|19|gb|AGN52746.1|gi|510813086|taxonID|111304|Acipenserschrenckii 274 NVKQCVLEMLIAAPDTMSVTL-FYMLMLIA 302
                                                                                                       789******************.69999876 PP

>> sid|11812|pid|8536|hfid|360|sfid|39|gb|AAF63329.1|gi|7533024|taxonID|9606|Homosapiens  
   #    score  bias  c-Evalue  i-Evalue hmmfrom  hmm to    alifrom  ali to    envfrom  env to     acc
 ---   ------ ----- --------- --------- ------- -------    ------- -------    ------- -------    ----
   1 !   21.9   0.1   1.1e-06   0.00035       2      32 ..     261     290 ..     260     291 .. 0.92

  Alignments for each domain:
  == domain 1  score: 21.9 bits;  conditional E-value: 1.1e-06
                                                                     Round3_FinalIHelix   2 keaeglalllfiagletisnsllsslLfyll 32 
                                                                                            +++++++lll++a+l+++++++ +++L+y+l
  sid|11812|pid|8536|hfid|360|sfid|39|gb|AAF63329.1|gi|7533024|taxonID|9606|Homosapiens 261 ENSPNYGLLLLWASLSNAVPVA-FWTLAYVL 290
                                                                                            677*******************.6*****97 PP

>> sid|11817|pid|8536|hfid|360|sfid|39|gi|114607654|taxonID|9598|Pantroglodytes  
   #    score  bias  c-Evalue  i-Evalue hmmfrom  hmm to    alifrom  ali to    envfrom  env to     acc
 ---   ------ ----- --------- --------- ------- -------    ------- -------    ------- -------    ----
   1 !   21.9   0.1   1.1e-06   0.00035       2      32 ..     261     290 ..     260     291 .. 0.92

  Alignments for each domain:
  == domain 1  score: 21.9 bits;  conditional E-value: 1.1e-06
                                                            Round3_FinalIHelix   2 keaeglalllfiagletisnsllsslLfyll 32 
                                                                                   +++++++lll++a+l+++++++ +++L+y+l
  sid|11817|pid|8536|hfid|360|sfid|39|gi|114607654|taxonID|9598|Pantroglodytes 261 ENSPNYGLLLLWASLSNAVPVA-FWTLAYVL 290
                                                                                   677*******************.6*****97 PP

>> sid|11795|pid|8520|hfid|360|sfid|39|gi|635094648|taxonID|60711|Chlorocebussabaeus  
   #    score  bias  c-Evalue  i-Evalue hmmfrom  hmm to    alifrom  ali to    envfrom  env to     acc
 ---   ------ ----- --------- --------- ------- -------    ------- -------    ------- -------    ----
   1 !   22.0   0.1     1e-06   0.00033       2      32 ..     241     270 ..     240     271 .. 0.92

  Alignments for each domain:
  == domain 1  score: 22.0 bits;  conditional E-value: 1e-06
                                                                 Round3_FinalIHelix   2 keaeglalllfiagletisnsllsslLfyll 32 
                                                                                        +++++++lll++a+l+++++++ +++L+y+l
  sid|11795|pid|8520|hfid|360|sfid|39|gi|635094648|taxonID|60711|Chlorocebussabaeus 241 ENSPNYGLLLLWASLSNAVPVA-FWTLAYVL 270
                                                                                        677*******************.6*****97 PP

>> sid|11764|pid|8500|hfid|360|sfid|39|gi|635094646|taxonID|60711|Chlorocebussabaeus  
   #    score  bias  c-Evalue  i-Evalue hmmfrom  hmm to    alifrom  ali to    envfrom  env to     acc
 ---   ------ ----- --------- --------- ------- -------    ------- -------    ------- -------    ----
   1 !   21.9   0.1   1.1e-06   0.00035       2      32 ..     261     290 ..     260     291 .. 0.92

  Alignments for each domain:
  == domain 1  score: 21.9 bits;  conditional E-value: 1.1e-06
                                                                 Round3_FinalIHelix   2 keaeglalllfiagletisnsllsslLfyll 32 
                                                                                        +++++++lll++a+l+++++++ +++L+y+l
  sid|11764|pid|8500|hfid|360|sfid|39|gi|635094646|taxonID|60711|Chlorocebussabaeus 261 ENSPNYGLLLLWASLSNAVPVA-FWTLAYVL 290
                                                                                        677*******************.6*****97 PP

>> sid|6172|pid|4200|hfid|316|sfid|19|gi|641773599|taxonID|8478|Chrysemyspictabellii  
   #    score  bias  c-Evalue  i-Evalue hmmfrom  hmm to    alifrom  ali to    envfrom  env to     acc
 ---   ------ ----- --------- --------- ------- -------    ------- -------    ------- -------    ----
   1 !   22.6   0.3     7e-07   0.00022       2      32 ..     233     262 ..     232     263 .. 0.86

  Alignments for each domain:
  == domain 1  score: 22.6 bits;  conditional E-value: 7e-07
                                                                 Round3_FinalIHelix   2 keaeglalllfiagletisnsllsslLfyll 32 
                                                                                        +++++++l++ ia+++t s++l+ ++L  ++
  sid|6172|pid|4200|hfid|316|sfid|19|gi|641773599|taxonID|8478|Chrysemyspictabellii 233 ENVNQCVLEMMIAAPDTLSVTLF-FMLVLIA 262
                                                                                        688*******************5.7776655 PP

>> sid|11755|pid|8495|hfid|360|sfid|39|gi|332210329|taxonID|61853|Nomascusleucogenys  
   #    score  bias  c-Evalue  i-Evalue hmmfrom  hmm to    alifrom  ali to    envfrom  env to     acc
 ---   ------ ----- --------- --------- ------- -------    ------- -------    ------- -------    ----
   1 !   22.0   0.1     1e-06   0.00033       2      32 ..     241     270 ..     240     271 .. 0.92

  Alignments for each domain:
  == domain 1  score: 22.0 bits;  conditional E-value: 1e-06
                                                                 Round3_FinalIHelix   2 keaeglalllfiagletisnsllsslLfyll 32 
                                                                                        +++++++lll++a+l+++++++ +++L+y+l
  sid|11755|pid|8495|hfid|360|sfid|39|gi|332210329|taxonID|61853|Nomascusleucogenys 241 ENSPNYGLLLLWASLSNAVPVA-FWTLAYVL 270
                                                                                        677*******************.6*****97 PP

>> sid|11769|pid|8500|hfid|360|sfid|39|gb|EHH18391.1|gi|355561759|taxonID|9544|Macacamulatta  
   #    score  bias  c-Evalue  i-Evalue hmmfrom  hmm to    alifrom  ali to    envfrom  env to     acc
 ---   ------ ----- --------- --------- ------- -------    ------- -------    ------- -------    ----
   1 !   21.9   0.1   1.1e-06   0.00035       2      32 ..     261     290 ..     260     291 .. 0.92

  Alignments for each domain:
  == domain 1  score: 21.9 bits;  conditional E-value: 1.1e-06
                                                                         Round3_FinalIHelix   2 keaeglalllfiagletisnsllsslLfyll 32 
                                                                                                +++++++lll++a+l+++++++ +++L+y+l
  sid|11769|pid|8500|hfid|360|sfid|39|gb|EHH18391.1|gi|355561759|taxonID|9544|Macacamulatta 261 ENSPNYGLLLLWASLSNAVPVA-FWTLAYVL 290
                                                                                                677*******************.6*****97 PP

>> sid|11760|pid|8497|hfid|360|sfid|39|gi|332210327|taxonID|61853|Nomascusleucogenys  
   #    score  bias  c-Evalue  i-Evalue hmmfrom  hmm to    alifrom  ali to    envfrom  env to     acc
 ---   ------ ----- --------- --------- ------- -------    ------- -------    ------- -------    ----
   1 !   21.9   0.1   1.1e-06   0.00035       2      32 ..     261     290 ..     260     291 .. 0.92

  Alignments for each domain:
  == domain 1  score: 21.9 bits;  conditional E-value: 1.1e-06
                                                                 Round3_FinalIHelix   2 keaeglalllfiagletisnsllsslLfyll 32 
                                                                                        +++++++lll++a+l+++++++ +++L+y+l
  sid|11760|pid|8497|hfid|360|sfid|39|gi|332210327|taxonID|61853|Nomascusleucogenys 261 ENSPNYGLLLLWASLSNAVPVA-FWTLAYVL 290
                                                                                        677*******************.6*****97 PP

>> sid|11768|pid|8500|hfid|360|sfid|39|gi|402867166|gi|402867168|taxonID|9555|Papioanubis  
   #    score  bias  c-Evalue  i-Evalue hmmfrom  hmm to    alifrom  ali to    envfrom  env to     acc
 ---   ------ ----- --------- --------- ------- -------    ------- -------    ------- -------    ----
   1 !   21.9   0.1   1.1e-06   0.00036       2      32 ..     261     290 ..     260     291 .. 0.91

  Alignments for each domain:
  == domain 1  score: 21.9 bits;  conditional E-value: 1.1e-06
                                                                      Round3_FinalIHelix   2 keaeglalllfiagletisnsllsslLfyll 32 
                                                                                             +++++++lll++a+l+++++++ +++L+y+l
  sid|11768|pid|8500|hfid|360|sfid|39|gi|402867166|gi|402867168|taxonID|9555|Papioanubis 261 ENSPNYGLLLLWASLSNAVPVA-FWTLAYIL 290
                                                                                             677*******************.6****997 PP

>> sid|11767|pid|8500|hfid|360|sfid|39|gi|109071395|gi|302564277|taxonID|9544|Macacamulatta  
   #    score  bias  c-Evalue  i-Evalue hmmfrom  hmm to    alifrom  ali to    envfrom  env to     acc
 ---   ------ ----- --------- --------- ------- -------    ------- -------    ------- -------    ----
   1 !   21.9   0.1   1.1e-06   0.00035       2      32 ..     261     290 ..     260     291 .. 0.92

  Alignments for each domain:
  == domain 1  score: 21.9 bits;  conditional E-value: 1.1e-06
                                                                        Round3_FinalIHelix   2 keaeglalllfiagletisnsllsslLfyll 32 
                                                                                               +++++++lll++a+l+++++++ +++L+y+l
  sid|11767|pid|8500|hfid|360|sfid|39|gi|109071395|gi|302564277|taxonID|9544|Macacamulatta 261 ENSPNYGLLLLWASLSNAVPVA-FWTLAYVL 290
                                                                                               677*******************.6*****97 PP

>> sid|11766|pid|8500|hfid|360|sfid|39|dbj|BAE73077.1|gi|84579287|taxonID|9541|Macacafascicularis  
   #    score  bias  c-Evalue  i-Evalue hmmfrom  hmm to    alifrom  ali to    envfrom  env to     acc
 ---   ------ ----- --------- --------- ------- -------    ------- -------    ------- -------    ----
   1 !   21.9   0.1   1.1e-06   0.00035       2      32 ..     261     290 ..     260     291 .. 0.92

  Alignments for each domain:
  == domain 1  score: 21.9 bits;  conditional E-value: 1.1e-06
                                                                              Round3_FinalIHelix   2 keaeglalllfiagletisnsllsslLfyll 32 
                                                                                                     +++++++lll++a+l+++++++ +++L+y+l
  sid|11766|pid|8500|hfid|360|sfid|39|dbj|BAE73077.1|gi|84579287|taxonID|9541|Macacafascicularis 261 ENSPNYGLLLLWASLSNAVPVA-FWTLAYVL 290
                                                                                                     677*******************.6*****97 PP

>> sid|6148|pid|4179|hfid|316|sfid|19|gi|126352438|taxonID|9796|Equuscaballus|gi|664710193|taxonID|9798|Equusprzewalskii  
   #    score  bias  c-Evalue  i-Evalue hmmfrom  hmm to    alifrom  ali to    envfrom  env to     acc
 ---   ------ ----- --------- --------- ------- -------    ------- -------    ------- -------    ----
   1 !   22.8   0.2   6.1e-07   0.00019       2      30 ..     339     367 ..     337     369 .. 0.85

  Alignments for each domain:
  == domain 1  score: 22.8 bits;  conditional E-value: 6.1e-07
                                                                                                     Round3_FinalIHelix   2 keaeglalllfiagletisnsllsslLfy 30 
                                                                                                                            +++++++l++ ia+++t s++++++l+++
  sid|6148|pid|4179|hfid|316|sfid|19|gi|126352438|taxonID|9796|Equuscaballus|gi|664710193|taxonID|9798|Equusprzewalskii 339 ENVNQCILEMMIAAPDTLSVTVFFMLCLI 367
                                                                                                                            577*******************8776665 PP

>> sid|11750|pid|8492|hfid|360|sfid|39|gi|426353406|taxonID|9595|Gorillagorillagorilla  
   #    score  bias  c-Evalue  i-Evalue hmmfrom  hmm to    alifrom  ali to    envfrom  env to     acc
 ---   ------ ----- --------- --------- ------- -------    ------- -------    ------- -------    ----
   1 !   21.9   0.1   1.1e-06   0.00035       2      32 ..     261     290 ..     260     291 .. 0.92

  Alignments for each domain:
  == domain 1  score: 21.9 bits;  conditional E-value: 1.1e-06
                                                                   Round3_FinalIHelix   2 keaeglalllfiagletisnsllsslLfyll 32 
                                                                                          +++++++lll++a+l+++++++ +++L+y+l
  sid|11750|pid|8492|hfid|360|sfid|39|gi|426353406|taxonID|9595|Gorillagorillagorilla 261 ENSPNYGLLLLWASLSNAVPVA-FWTLAYVL 290
                                                                                          677*******************.6*****97 PP

>> sid|88683|pid|65849|hfid|373|sfid|49|gi|282721120|taxonID|7070|Triboliumcastaneum  
   #    score  bias  c-Evalue  i-Evalue hmmfrom  hmm to    alifrom  ali to    envfrom  env to     acc
 ---   ------ ----- --------- --------- ------- -------    ------- -------    ------- -------    ----
   1 !   22.5   0.2   7.3e-07   0.00023       3      32 ..     310     338 ..     308     338 .. 0.91

  Alignments for each domain:
  == domain 1  score: 22.5 bits;  conditional E-value: 7.3e-07
                                                                 Round3_FinalIHelix   3 eaeglalllfiagletisnsllsslLfyll 32 
                                                                                         a++lal++f++g++t+sn++  s+L++l+
  sid|88683|pid|65849|hfid|373|sfid|49|gi|282721120|taxonID|7070|Triboliumcastaneum 310 TASNLALDMFLVGVDTTSNAV-ASILYQLS 338
                                                                                        589******************.6****995 PP



Internal pipeline statistics summary:
-------------------------------------
Query model(s):                            1  (33 nodes)
Target sequences:                      52674  (25476970 residues searched)
Passed MSV filter:                     27017  (0.51291); expected 1053.5 (0.02)
Passed bias filter:                    26476  (0.502639); expected 1053.5 (0.02)
Passed Vit filter:                     16278  (0.309033); expected 52.7 (0.001)
Passed Fwd filter:                      4389  (0.0833238); expected 0.5 (1e-05)
Initial search space (Z):              52674  [actual number of targets]
Domain search space  (domZ):             168  [number of targets reported over threshold]
# CPU time: 1.47u 0.04s 00:00:01.51 Elapsed: 00:00:00.73
# Mc/sec: 1144.88
//
# Alignment of 174 hits satisfying inclusion thresholds saved to: ../output/hmm_search_3/biocatnet/4//ihelixhits_e_0p0001_z__T_.aln
[ok]
